265836
-580567
-675223
893350
393911
462395
384250
-97176
814629
-895818
860421
560623
797077
787760
-282106
371230
671319
-55102
-996870
738758
257171
838900
919053
-93077
-144928
-191487
-664966
-766994
794715
-960813
737543
619370
-565718
738537
197125
515678
-286504
-965715
-271525
-351880
-328331
593789
-965054
675559
516752
42181
226174
302821
-888577
-385615
-835118
-459663
201492
192343
-42303
62941
-665971
-932378
497391
-937725
-56065
-170177
-152216
183759
861140
639375
839722
892532
527804
158664
-256852
-165291
-899677
-885261
-41440
538249
609380
-730309
-451980
-885121
434106
-365005
-447624
646440
590935
-499383
84622
206182
-764379
9846
804425
943766
-664351
-582345
49451
150629
-277396
595941
-739143
781177
442628
-593224
511251
-865853
-186497
641867
820379
455465
453733
675461
-351623
-201726
-462724
486905
374075
115643
956675
638400
-834012
440196
252360
-9590
424031
264405
-107982
-285685
-273851
-362271
-393579
88844
42701
-933537
711550
-342870
446357
-200621
-211913
415036
-785807
-264724
689051
147284
-107816
-784582
459518
230634
836466
349263
-737791
-518395
-637688
-788626
3069
-275421
-90637
19505
-461790
506706
5292
391708
102169
64430
-269185
-495823
-408652
890759
549021
821854
-123060
177343
-380297
-47375
678278
132394
391991
238272
-250952
902622
-316509
506016
221671
-658366
-207343
-379786
515332
-586590
-264015
92687
601447
-846235
477951
-552261
971035
395171
942701
-161678
719179
-250517
-308905
-938648
532144
-939038
740570
-886592
-275098
255864
286105
967208
-45607
-171171
-405438
346645
-621079
531480
648322
-67457
414407
303978
701124
-246682
-165432
-121087
-405974
249777
-608948
-401272
112257
-11792
-792181
-460619
-330274
168656
-242007
-37730
239710
246345
223910
-773258
-13950
549285
-90918
-77766
947976
-947380
365442
-618493
-322323
-338603
-309208
204474
824976
207888
344386
643059
103020
734788
-917542
621910
602115
-151153
313652
-25503
-704946
-79330
-334891
-967851
-325985
862379
45684
887459
721345
617322
-257830
-135656
-222017
337282
-421568
-537865
-105660
-200798
405123
808908
-276371
-905119
989715
-902542
-641059
-5246
526720
688951
-743876
737013
-416917
384715
-756433
650460
-507932
-755545
923368
-754300
-534047
522477
895446
326391
104000
671103
-507956
-226514
-882880
-336396
-177342
-358878
459604
282587
-40820
579164
-151581
-859898
814935
816079
-239403
-319236
-709646
571704
168116
61003
-621047
-802780
214973
-752361
-264235
533240
554623
-25238
920829
43912
-662256
-585677
-727176
-91193
794993
585870
936836
116687
984776
306293
470335
353342
-288125
-706913
842738
156973
295369
-557600
821652
217117
833653
352813
753704
250712
-181757
-96139
154195
-938713
497902
586074
-373608
837996
188791
-135446
-760030
607650
86305
544331
534479
-982982
-440787
-868474
-703810
897326
-856591
-944109
151833
113307
634625
299512
-931140
-806578
-50971
234566
-16856
354897
-193603
146475
-106348
966694
-198336
-137640
-23557
-117265
20827
280789
-145156
-317975
-572074
178765
-390154
651205
945284
-806445
-88518
-451300
-178486
-934627
-380598
965091
-779807
268759
-352721
-908049
28663
791786
-23407
-678225
-770114
-946413
524731
456890
-717113
-372122
166614
365914
-245480
-310723
-692008
-526965
682838
-196178
717354
-739936
-852228
186040
727006
999294
610335
-324662
-734684
705062
-34218
661164
-41336
-92395
351918
97361
-410471
-771785
883406
-988194
-462553
-740006
-836536
-60220
694231
934449
-116472
74717
-526168
84016
-658152
345080
394539
198329
623174
-169389
-497217
601634
817398
53921
259663
-53010
-673651
-275388
-374974
841582
-562665
146879
-57540
-156921
665341
-484517
-349484
486046
328919
991738
931079
-819485
993563
-6719
-381220
62435
-75906
4684
601602
644021
996200
-114509
-104049
666302
868940
177880
-706801
-548058
-144762
973504
-695927
-699801
-447442
-163423
-872978
-363851
698045
-966490
841107
-636867
-817079
-391074
-514729
737004
192539
-189052
251406
-90356
320489
26862
-76096
-432656
-300351
-512098
-872333
668571
915502
-508303
-949411
-390551
95536
-999441
702730
-726848
-22812
946348
-589645
320205
-277307
-806532
-452540
801855
744434
506518
-726192
193548
-804903
-602035
667353
383957
-437106
353320
569094
-696325
700037
-561131
-592119
692105
-635096
778394
-621412
573445
-969771
-963956
-959550
631218
253570
-454294
-912934
885557
-281273
-743628
-889668
643955
-339291
-688385
312324
-876331
-551105
421346
-639424
694028
108005
-670683
288612
550501
186384
-348009
-360733
-676805
-957511
619795
-817788
193968
-796114
991416
-852041
823828
411204
737285
-754085
-370253
-19629
786388
506281
449458
127881
-742258
-96989
347861
-274811
-457981
687441
1579
-815171
-566067
951969
638915
-224059
-831426
-382571
-329663
-30367
854614
618616
892999
-165536
924193
965520
-565939
-629735
-247361
-980992
662126
804126
-273308
498653
885496
-355246
842498
-279565
704748
-586785
83002
-958366
-411386
7013
261596
-631194
-783114
559723
213320
-769747
-375003
929879
-376774
-527786
-747332
-417856
907812
-468417
780017
-9
136200
104288
874787
-832008
-635904
595961
-882951
83154
-614324
-978497
-219322
927709
-281993
-174257
611968
381049
-140345
507166
418341
-24774
559429
-292616
-194183
-155212
817573
579984
-34536
-616437
944582
-11533
462416
-319348
-702580
-930475
516075
619584
-654091
238524
-94768
-694963
695305
299034
777415
967170
-911208
308776
678929
-500131
-373499
-967907
413494
-758591
123227
369953
-426367
19829
368520
402021
138127
-306790
-40983
340845
-787644
-23294
-323646
-893018
-698346
998420
117649
-648794
50017
-648298
484831
-367999
616797
612865
629734
313515
902929
-447106
-342135
-125464
-879544
123127
352384
168660
957184
357321
-856419
33026
-593803
-550452
658684
-503761
389383
602612
238558
-780093
-426861
-226397
-527666
-117400
-819915
320569
685584
375176
658315
607958
-482175
815636
-356930
202004
-266688
100173
-193543
21466
819185
178145
641984
-271686
484319
-873238
-325870
967430
-150701
-884373
617753
49066
-994375
821339
141732
-857870
819861
-127510
-406053
-216376
-283880
-898888
933199
-472382
789085
-418153
668671
-249002
12890
-497237
-292620
545968
477237
690529
831640
977590
-357581
960158
-519854
798752
-820255
208132
-427369
539934
718597
354929
-580494
-21967
854996
-854642
-757283
-143062
22379
-586745
490411
-790976
-634276
424753
-642370
-629954
-945019
615522
637125
-370313
-644849
488842
900263
334752
-440809
184896
515658
-733756
-899550
749828
-863212
791534
902316
911500
-639820
-984394
520697
-599235
-745828
743513
540899
59095
-363575
22410
370618
389773
-256215
-407033
149021
110374
-602219
433105
-866976
-152601
-694994
-887186
118662
598764
-486810
-33597
-277022
-221046
-930644
482467
346998
161028
335039
-142461
986207
-871931
173312
-788955
185857
-124590
-164301
-23927
915058
7498
-167010
27589
923384
345993
-974081
-888640
341847
-859504
-185955
-75673
882021
-238731
772101
845962
-974451
-882702
913160
-308597
307887
-402276
9357
446720
278831
-528684
13340
-420039
551491
-180969
694573
207784
-962243
-181466
-862417
-30734
-888640
301374
977597
-844058
-416129
228413
17561
262868
599771
-979940
-759981
-343889
-57121
415304
-616617
-699753
563890
-685448
215919
699707
-713495
780963
-44745
420115
889376
-984117
691201
390360
840636
435004
20308
-350109
-399949
305178
739117
695412
-348104
-892621
756900
533253
-475750
-509998
-849988
-197398
-457791
-724592
-150923
-678574
-912153
-956200
328401
-855099
228770
-353089
305826
-788128
-89463
132976
603194
772887
526641
-321199
828839
-351647
-567241
-16961
80023
456816
168345
242150
-895416
-182888
521434
354305
-465542
-962032
-150040
-407209
636818
-733300
408062
604420
262410
62409
924529
815824
-381591
-733125
-641002
797109
748740
-230207
367270
758505
315894
-119172
-580883
-903435
-396156
-886295
289026
-990081
-313046
699527
503651
780670
392612
742304
-648627
620040
-454508
-754814
-868535
998659
885470
973956
-130366
-977542
-947334
-240133
-18758
-975008
353081
284923
499808
-267926
-725962
-515910
14676
498662
-190849
-865876
-583221
-650114
410263
-111953
825202
-851063
255441
563817
389126
-821478
-362880
-670609
-629661
232576
602422
186426
862330
999029
806372
298026
-297904
648261
217481
211775
313024
-661533
499947
-623348
85330
789175
-122446
889191
962739
-769047
-321857
197497
-771629
733408
576415
140482
-648745
-460658
689873
750357
779145
-423904
389352
217094
838358
-863629
-613657
695277
-302965
-203051
387005
491412
-516947
782637
-409718
-940441
623910
500358
-309124
944967
-355673
-390575
-640639
-598673
-615580
-11790
163055
-103269
-26502
-45691
-201095
-222144
-46361
-848700
183732
-979706
-594074
-198624
-424381
-915577
-379339
-646871
204474
-664713
-229684
-158920
-243454
736883
-815660
33271
-989683
581341
-230524
230192
432635
681868
-255337
-563037
-881786
-272702
-656175
901193
-604242
-757204
158848
-940023
-223291
-177239
-744069
-929868
-344291
-953292
-771548
-991321
862471
-119118
-974595
259277
675527
-710875
-27446
894843
244402
907455
-6896
923021
-321440
-421703
-892128
727584
45423
246683
-431325
-694180
160406
-633121
-870511
-743374
-975066
-373766
-321050
-595293
-714672
-695099
-814473
-469922
113521
-225501
-416465
-277516
853689
549384
535615
544822
773684
-621795
698331
-193314
-593933
-495754
82060
-895227
-665686
-518138
-241273
-211290
-122157
879257
-767012
313472
678148
-441923
-37444
-255323
692854
606204
-943576
943607
-204894
982903
575515
-550113
-62522
-853817
609146
835113
-433286
-56325
521695
208908
276990
900840
-17876
-607302
232509
-399305
856297
14373
367401
867901
-495131
801378
112521
918882
67429
917498
308980
-933605
-202012
427253
600991
836159
-291773
-268712
-936148
955013
-252826
-133176
-843645
-290279
-301723
690168
321798
-47010
430371
-617445
481429
561991
-642794
-824978
-478562
332234
195944
336977
-539545
-455664
621452
999635
-441066
-140856
167375
144118
-967132
458671
486449
-92845
492756
-914424
-941396
981150
628914
211212
495278
77195
521918
-98476
-698101
-531130
-982051
-669046
62101
473633
86041
-125588
-243341
-107808
-886693
-175708
744874
500825
114255
113496
513591
76802
-902481
-648098
196272
-434450
622859
-526754
682836
-530219
536283
-734881
920727
130406
-370791
388280
-449911
313448
-379757
-457682
-189105
-155926
90474
-604825
554879
-146290
346696
711750
624120
-643929
-323698
839964
-21271
-646451
352606
321649
-596595
-526290
-805745
-342604
-81719
477664
652841
-659750
290925
-440130
446039
981016
333462
-791622
119274
646157
140753
506823
-400662
909389
494713
-610034
592523
-371275
300666
-519839
-318372
-354066
487506
332831
242077
172380
-491164
950673
-495941
629099
578689
710062
947353
-539480
835470
-896306
812853
838670
265694
-622981
136938
212391
-252041
-766282
-430563
-981111
441950
883759
652995
-34860
828167
-580678
-399706
-898004
820457
969575
-458787
6097
805684
-692943
-211810
274737
223938
-76531
-934050
-987735
679493
-936315
-663635
-764596
-738922
-461317
-413004
113170
9025
-206631
-375100
-554387
741118
450536
-30203
734901
252266
-607833
461442
-568571
22521
-997185
-129278
978301
-395969
697975
-86726
474722
-768590
-818991
-375637
104935
-624444
890333
998641
-998485
859675
694442
98950
-662686
343372
-398643
-107113
758742
287506
-326758
640034
-546396
-617004
818497
-888328
39313
188809
219546
679598
-186241
-7939
640507
782978
137190
-835101
161528
455971
-177607
298792
742984
-957227
811703
761157
-694092
-360150
-18525
407655
25410
-260042
462950
-129615
355277
776641
-743761
-224244
-577938
-833211
-846549
-427023
490537
250589
-698371
577172
188747
567725
300028
614651
-412625
728778
-945765
-864580
-111099
-258825
494490
370576
-844153
139064
806764
-181163
423448
288314
-345030
-644279
308825
854067
-582969
-760041
932001
-176250
937131
-98099
-386104
473155
-684170
-245149
340240
326618
-83448
334499
200615
-876
-559568
227135
250169
195798
294049
971084
-355077
-1798
-828279
-471715
772889
363895
-768351
270044
-635173
448745
-810337
-961756
822569
148070
-972384
108456
-486953
925199
22494
-752635
-969091
-145685
699621
-264009
170589
509642
-371435
-183008
731541
-478669
-342088
750627
886204
782254
312488
-983792
-524127
371441
664279
-777752
-302723
-906093
-194377
-828029
459245
-633735
-702717
-339162
995022
-190421
-773020
-454367
777157
-500843
-798439
468781
150807
470526
260275
167878
-415808
-477585
756289
-132347
-403453
644498
139556
498187
-613908
218233
-418526
-461767
-21625
-811879
92226
896644
442242
359959
-950400
-448919
430017
947388
-601988
-314511
-607254
-546011
263682
851350
69744
-287671
91994
476946
-45990
283218
267930
-494771
3133
810515
504762
-504394
532092
342036
720062
686321
-816183
336434
688815
-662310
405057
62793
216878
235901
902593
96792
-545717
-537718
-751927
14196
-342159
-172155
-941902
865475
-108541
-625215
644352
267099
-57583
280789
231049
-234511
-718041
424452
657767
71201
344910
47789
-936124
221994
-56705
-983886
-187226
-894323
-608838
938022
-27541
748263
-266675
-572128
723334
-861904
-913838
-37335
107026
-584144
-103923
-366799
-620641
305448
450265
-54128
473472
-377093
990490
651018
-792378
846660
608368
-827359
-752001
490660
-631461
-799996
370471
651643
260365
-157627
-494034
196790
680829
-262190
-643059
8625
407963
-683971
-663161
559646
-321667
41053
-590656
-105283
644735
-633421
283975
-330824
583162
173006
421407
753913
-243802
-598
752010
-462829
-604731
-782825
781761
460631
-367692
937620
172847
588488
-154424
-895484
-95107
-68557
-651296
224490
374084
-96074
825106
-103091
-371043
-410694
812717
-66657
516025
-356565
-863985
12
620303
-53982
62890
98955
-949106
362516
-165423
10091
561554
45727
600377
131277
-117895
978576
-420957
888730
145727
274717
421797
685759
-140133
-715540
167458
-30029
716912
-470897
-408119
76336
846574
-781830
-685195
237392
449747
-185917
-722672
845896
716021
-716073
-295535
-886727
58043
-632017
856588
-84889
-440729
-912161
44248
500021
-980516
-226010
-693458
717277
317988
754756
246155
684996
917611
-425410
-909754
-718066
851020
931335
220183
41970
-256151
-980924
697550
99524
-280845
-748144
274465
-603344
-99715
-415586
-857001
842054
-5439
-541112
-511915
-343204
-911233
594954
-173904
-343366
-724702
681327
-378006
-312426
780376
-35779
-583097
193516
454474
-741915
-525033
-515007
967084
-296466
626364
-681521
-89826
757153
321313
-303811
-222037
388022
890981
726008
117373
-695350
-837902
-583664
-42308
-353336
532042
248904
628198
-144864
-826761
175107
-42321
254557
-76262
-535715
-445713
192637
629668
226678
-696265
-250096
-493073
265380
359458
-889090
-234010
-23950
-150864
594940
802752
450863
676895
-397651
-654763
-719127
-937796
246442
671910
680633
-823424
-952991
408029
-31273
455419
169899
-148093
130435
-416263
-871196
198195
696003
-52241
524821
27639
536837
-545088
358503
977501
559455
-881109
-407758
503824
-662590
-281734
-240548
-940959
-732722
677415
-433525
602748
-430115
788148
-632485
-556322
-900335
692287
-139950
-987690
589722
265317
362903
-202711
-80408
-85592
286882
595904
368806
315465
-834637
-71169
238748
-57136
462088
-868298
497920
-562191
141755
745838
-34002
149507
-309252
-904179
177656
-404149
-22405
740343
597477
-962465
-791463
365658
714536
-749534
330306
638850
-35861
607243
-766292
-446080
-475050
929953
-803517
-456873
-626848
-252198
-751718
-334424
794700
795663
-138590
99313
-809413
97183
28215
959906
-522349
-734138
-996768
-525979
-676124
-757286
912890
-997858
-111885
-272952
725810
-591067
897440
663282
-208769
-264355
55206
448607
-549039
821761
732522
-492212
950018
478211
-48174
181004
961124
-37837
-329249
447012
-547601
-852224
504050
-738890
56852
-240239
-252199
331744
691305
-318721
231771
722726
-310912
510640
-504356
84900
-853955
321425
267849
717845
-108006
522794
-927767
955684
-556384
-12823
-501115
834451
-834276
-52643
530849
56840
698170
-812070
180026
-967104
368810
351709
166186
-170440
-475946
-651520
457320
-950694
-825183
-175820
-428347
-708010
84676
-199658
-725902
-773207
597733
977573
948901
-158508
459718
533118
-583905
761226
849977
-373239
-988743
-848724
572562
541930
27254
212295
820357
888959
78207
-184525
346286
730734
-603128
505618
-566156
786985
-886442
397895
858172
-652855
-646420
903464
288347
626255
-583990
-750148
829055
385934
828671
735898
-77851
294853
-905840
-880372
-878442
-821303
74072
596744
-679316
-989606
-676991
812735
295823
46348
-106788
699140
-740997
599475
206654
-677160
201387
-965408
-100453
352317
-178159
-850270
487605
185849
-337164
781624
-921174
948339
996239
397853
-604180
388979
-665325
518435
-244354
167238
-673069
793088
-257565
-21448
825266
-804164
-209145
203129
521722
778940
-212263
988302
-258411
430343
856380
-330981
248861
965246
-459822
404692
-962208
-984601
418934
-570475
108697
-936334
243647
799582
792532
-954158
59325
706260
-227686
934053
-211149
583048
-163696
91953
434038
-333644
-632177
969818
161343
937930
388535
-748958
171825
-997341
483029
700052
-792686
660493
-325394
712684
-364340
-73692
-360252
38208
-218044
203469
513876
-432953
978612
-174158
971606
-211268
-846050
-908190
-206918
433554
-477433
240614
-705286
334168
160230
-55292
778754
222879
518265
-33866
420423
958728
616816
-230950
-427490
133203
690114
803551
-990833
661093
-988696
288061
-40315
-540797
-479029
-369805
2252
-531232
-546987
-48766
976264
814727
699794
724335
5589
-520353
191760
166096
694108
650309
-738982
822688
238985
-177055
708385
-417876
-681697
953524
18776
-11601
-11361
875052
321653
111709
-865965
412512
-968393
62630
-608718
-360464
-552377
394539
-284269
-992378
462569
-181320
959202
-25980
-95962
-955558
-293399
714217
-244584
-16092
-490725
719396
223059
420271
414539
-335583
-403131
-843305
-296888
-378907
411831
-884294
205726
-125569
-210467
-943011
-270421
-605401
831075
357073
95629
-669726
-740208
-712792
-368442
727008
179653
195304
-656947
-216948
721797
-856639
814084
41920
-415526
621536
-354361
-495569
86996
-114134
-200640
-457061
-854877
-391181
368255
-207381
-97792
-937856
-114920
644501
80375
779967
-5274
-345480
-512673
-253269
141418
780192
-577160
923493
180693
-920870
291690
361377
-430317
457304
-115925
-718513
106194
508682
924507
-499705
-31976
6785
-247662
-730931
-965054
7579
-61174
137319
-341366
569352
1295
851242
600032
28929
-594075
-966291
51006
-962624
383315
143337
-621596
-983479
-72720
-643677
715847
323240
-114051
163952
639044
351067
-274559
931815
548979
-816440
-850641
615828
-250876
-869030
-591758
133106
45311
832177
-216079
-939360
747691
315758
-541543
-460373
512731
-95916
807573
-97308
-540544
-193980
-53681
-258931
-787994
877198
24952
-788878
-452390
225054
-810071
781220
-515727
-473285
936746
3367
698053
-973955
513160
-83586
-416970
-942084
-925546
678350
628747
932035
149088
968445
716142
-369059
866388
-843116
867682
-669593
22642
105884
-463168
-756981
-600557
-973811
168960
185620
-955213
385420
320236
-859559
843321
-321537
271016
-636680
-221481
-674939
-133938
854846
927640
473733
-896144
-361596
357550
-585733
-434877
749121
980428
-766875
-345451
518798
-969853
665743
664218
-720633
-218538
-195983
260412
-439659
-410997
-336835
-413241
983556
784728
-780611
-702798
-525857
246579
-409767
301617
568874
-716756
413551
680904
223661
481882
260337
-273943
36072
265451
-183492
614062
146695
986753
-258434
731920
214302
-163603
-968664
-864904
97807
714678
-954883
124393
970286
285750
165488
-75960
-940001
-372353
-61921
-152378
405891
671240
-529559
693107
398470
678540
972796
-111852
422891
196046
330853
739652
-211184
-129706
191471
-220613
-293974
798769
931253
912557
155174
605407
344434
-369409
-538453
-546048
61678
322170
268614
-583149
-433796
216681
491477
377374
-868438
-92761
-994577
658893
296755
-65899
228727
-141046
586816
581134
-868486
-993462
-138539
526283
316691
427661
571850
-127432
-455958
-705604
-972843
-490460
408978
-937377
460083
162322
536880
-481621
-913372
82974
396849
855176
-900585
223565
612192
-345150
86446
-425224
311080
701175
-151679
-727231
31179
-668674
-82837
-990569
-363296
-95627
-246127
797223
517709
-45923
-251699
440339
17413
704346
508382
-212120
-195875
-415727
464092
-650800
-658832
-878520
-256240
260943
-330935
-252236
576540
411642
-253448
822924
193678
511722
35410
-666695
112647
577583
664872
-642921
648520
211125
-70091
-102327
-798521
-749418
-620622
-92162
-378102
828161
699784
-787793
-290940
-230694
-710864
398052
940956
535254
345101
798
219262
944998
634892
700838
77815
67364
787425
-470490
-144625
534849
709758
656735
-953097
-570515
26514
455650
-840585
-296662
631135
596290
485854
409881
-584789
-74563
-557434
757361
-905286
-648453
603472
-467865
59511
626645
-229329
-401315
550741
-388301
841496
-710926
535429
787440
-221626
303460
-36536
116365
-747921
583923
-29695
-731563
719673
227735
329683
-72012
620691
-5003
389960
961575
754750
870095
-569909
-683277
177024
-31600
-119596
-197749
-934919
866037
934390
861488
233277
391824
-892573
170923
713305
-722549
248364
-836918
-664984
-335047
-204460
984657
-514173
-36740
178268
334920
-115896
85934
-971495
700437
861763
-586783
-541276
319353
47715
525702
-189981
933380
1809
985040
890752
645105
-234461
60068
925305
742294
584997
970720
494946
-177170
-813564
-692876
884130
-533886
-367209
-349296
642572
-36003
-471718
253791
590755
-435972
960248
-594883
-305905
952243
-816767
-778996
851662
15618
69072
565042
-22007
-811143
-917407
-693836
-273902
-62842
48659
50872
466192
-480693
-929349
659048
290683
-900596
-853609
-190359
-752109
-11100
359364
417198
8969
400162
609358
-111325
-3620
744299
395852
451510
-953445
540615
299544
890337
-397769
143823
777778
-138285
748983
-951871
822298
624905
294554
630595
924786
618435
-467285
670721
386502
704083
399304
-750442
-894236
931941
270968
-506532
348122
-262377
-769057
698018
945696
173722
-994528
592712
263114
319762
-63694
796162
-898481
-451076
-408563
710276
791070
443028
-605462
23902
-263866
720553
623771
981836
-507326
-922395
-751379
-659139
-880903
579225
841930
-7025
-858154
-940022
585471
-706289
-713865
-617146
-841118
-465510
-387539
-66031
176038
21686
-106607
293675
-213186
412433
-479373
-328195
-798828
-913185
-653481
-979257
-111689
-227028
355675
-584295
-322763
888410
-665509
-747751
744379
-645741
690192
819824
-655717
222752
-31284
714572
-747705
-34446
546997
966504
-497364
634125
995803
-175889
491725
-308661
94963
505425
58068
-733791
-726786
513605
6647
-111024
203337
-739986
-757435
-440737
-1610
-127073
-572777
878298
-806853
-683451
-402353
278507
189501
-858684
-907765
-535579
-151992
632942
124372
-907716
-447103
898309
331571
-364093
98049
389948
868649
-760062
-586602
-700426
28673
-408725
-707590
-332230
-318263
-69232
133942
-522096
-529083
470025
-252622
339150
978361
352158
101968
-269203
-135569
633213
-393216
612740
634639
-609004
516964
-304799
365001
-170951
-325137
146927
-341335
-619705
-387455
175097
263079
-964525
938046
-648627
526745
135631
-915295
870227
777098
832743
114973
60368
-342004
-463355
-943981
-121174
972823
-515213
-969949
673972
-648483
42591
848410
-745684
-533884
-35292
430518
-450049
-520710
-350674
716488
-78763
-424623
-721892
420658
974205
930897
594567
908287
110355
-716157
379514
690965
-423952
152518
623944
528094
72838
-275875
-678029
442413
784009
-683599
338677
964349
446926
-885864
561012
-880777
-99892
-441277
904376
581896
92664
770316
751813
-881254
-375177
-731652
-62938
-468705
502425
312100
-709517
484969
974035
509223
262643
-579330
-613234
95059
651865
-184836
-760449
70988
-501782
-427775
-511398
-848178
631864
220859
90197
399559
-292805
-967254
-747249
-846452
377549
-357392
-913565
607349
647770
664591
884862
187739
888019
-960331
659763
745155
955291
549853
361315
-650380
-596002
456052
178846
-313704
-221749
-319949
-402863
325934
-212645
-305099
-507618
-707050
110991
590649
-34293
-852467
-919188
-259086
-655389
867985
65423
796762
-491484
-505407
-786184
538482
-642953
-690926
-693705
-416328
-446255
566750
856902
212381
-406443
408039
-570029
-760143
624378
-469011
-762900
-695837
687827
41651
734716
184790
627284
638821
-869152
-975131
-954908
-263698
46111
-657176
-300230
569465
-233845
-360796
-177679
-27608
-929143
823504
616152
-157318
-753017
-572240
-634430
-883315
-626925
401137
-984116
34973
-398483
-913222
-382881
-695013
-282341
327230
-661096
931610
362219
125755
-838439
390391
389099
810074
370221
175170
-654551
999117
576398
-248411
558180
-618071
-86835
865177
-579050
194279
512998
939359
-479669
117896
161628
-691792
546566
962159
-398450
-796290
95478
840878
670119
-504228
686906
12467
953588
-190865
-981583
-929831
-869701
43383
929908
157843
-173080
951145
48882
787515
731030
-169250
796176
-945399
232722
610562
-55592
928829
-658580
-377196
922454
919847
-562709
11345
-221250
-382509
-924677
508402
-312576
-874804
-449056
72017
490173
-429252
-599525
-370133
598033
-728557
592033
98778
385409
901286
263168
-414237
-476240
-838798
54064
737468
94886
-909616
868779
-560930
-28937
-45576
-316629
-332193
-839124
-840360
-948252
729366
-748580
-424120
-95982
-813401
384190
363162
57986
833787
-285762
97077
494589
-584672
-673850
575108
-295335
-737097
346403
-930557
-299531
-223574
-682146
438161
450208
-673568
-610031
753790
-395471
-26244
811755
-305128
37835
896934
-176607
466247
489570
422738
-635798
571741
581835
807938
-610328
-288868
837859
933198
16149
-627146
745460
-564117
-222168
87007
162216
-202321
-318933
312619
713877
-759082
-765976
-742254
-900603
50547
-134744
468670
-3447
44234
-386378
-225461
65899
-835732
-794751
181756
140785
-714560
-964965
159758
-721626
485636
530336
-587618
-972459
-69418
97612
-975519
2985
-979496
651572
369605
822791
-613659
982744
17170
194610
-948265
-184303
-661542
-364832
-431013
-89744
873389
-930864
-314830
594170
670867
-2339
42414
-324522
-768138
485420
601985
975926
306712
305323
-784453
-113420
772274
-322295
-4350
230351
-818456
874996
243240
42405
-762592
-22541
244283
-591848
-966105
-469780
482913
-194089
320486
-248954
-625249
-986234
200057
-346714
379525
-243605
874699
-397537
522716
-413569
249081
-300974
-947471
-915187
415493
-974765
127193
760405
387573
915073
-584098
236065
222631
54629
-116752
-936879
587059
713968
589042
-702294
871049
457300
929254
-44602
644353
411049
617778
-311156
-98174
533359
708965
504437
51249
-536170
-816652
759754
62086
812281
696598
745157
828215
-623258
284215
89199
-197003
281409
-838765
600744
-19416
-751772
-179606
-264027
-995981
138949
691349
-14288
447202
-814081
544032
-623520
-421409
924551
397598
-645195
641128
703427
-111843
825236
-853656
989680
-765956
446325
-874396
-775356
59066
-938076
-209001
-534510
-899888
195883
-458802
968998
-816343
-285670
-86781
224041
153357
-9219
898153
-114777
744165
110444
-68313
217754
212972
-688281
-127979
877715
-542699
-430303
21474
847227
-2918
49456
-772474
-259988
236861
-897900
-125537
185522
-131607
-996543
-493312
925522
913322
54381
51067
191570
-935903
-853937
654691
-787117
-117161
271291
-642787
110070
-886970
954449
-933530
994860
453719
-866250
106798
-42146
223069
818833
-345052
-100787
780358
-14917
-65520
794787
-711645
-729395
875293
780684
-796811
394516
731941
947651
-481871
-206535
161798
462280
-102769
527022
403384
88295
-266978
-900831
-770564
242855
-422920
965220
389014
-530518
350866
-859051
665173
-611831
551433
-789525
863408
349962
-992839
335204
325811
236228
-840875
362050
-369927
-8206
61100
714503
742463
45246
37233
-492804
220161
-295689
-408462
-820717
-977756
328918
817782
300311
-951126
-966047
362408
-64852
634521
60100
223947
685203
-724304
950962
-317873
-975628
-158104
-740701
-859701
-609931
425752
917419
-830803
-384420
-426415
924459
-209682
-266673
-222974
-65486
-373953
-88819
-506621
107848
-365286
460301
710747
647307
950633
579881
-361080
374177
-495649
594320
-130919
439445
283176
6034
-136007
853272
739888
-468716
929583
224004
537561
-242488
-838074
140161
47715
-386485
361377
341196
-915843
880812
-818346
-159193
-832742
-903514
-453544
-579491
285413
913066
-53317
-304655
301163
59732
-108744
-128519
895998
406678
-739210
19927
366114
282277
820447
-511759
-687029
273650
-361965
-1476
532904
-820239
580131
233827
624062
307102
331497
381879
-343007
-367622
339497
624579
-66410
-56412
153530
823708
196038
-929021
-921982
825804
-573580
395430
393540
-976430
216901
201152
-967846
-106516
-70067
915849
-243606
-83917
-699063
344578
274576
288513
518935
211278
-342537
-762662
398780
-341125
113169
-85792
-666678
751535
959910
-653943
-380006
-148449
75612
-609842
699885
-780339
167733
960782
496677
31604
798126
492869
-731453
-299359
-393453
-724665
178884
851406
-909782
979682
-224873
-450742
-785613
-694341
-631907
201048
375062
-495658
-118154
19999
87474
869694
793431
-925470
258019
223109
738685
-200440
-990100
246650
-269155
-812431
910112
706420
221950
238733
725690
-476303
-646882
588975
626022
-853728
365035
-284667
937276
315162
-600315
423556
-458570
-903367
-630114
-381058
-735780
-359618
240627
-57971
884160
704474
-663989
309441
-42437
384637
-839689
-218602
489683
-355055
836094
-661619
-727408
623762
50789
560598
-52252
-199182
316249
597361
-834492
-500423
-674555
494244
-5500
674717
-812851
853348
783521
-75126
659651
372091
-825171
-167023
845553
930326
670396
-876411
-914863
390129
724097
881329
539151
-415656
180903
131166
-591566
-258217
868659
291278
650661
-4320
-668028
473022
467420
-865039
-477068
987373
469589
561112
865348
53567
-597715
-92158
-402402
-137549
933946
101386
27838
-38560
-941806
-812585
-774268
-827531
658918
-11766
-431077
809280
301890
443350
24988
-787746
296346
275010
298550
-398539
-172038
694252
-448442
-498080
769942
423387
457362
-99834
145107
913896
263343
795254
615492
959315
-91518
-590443
487991
-152864
326106
-407974
-41871
-238464
-913467
320880
80367
-568198
165466
-894340
-703502
-639599
615539
-698063
-378406
745984
-339877
97347
486070
889838
281193
-491742
897715
-724749
863910
480024
610332
735111
3643
-641292
-60112
-944088
-381329
-167570
977364
-295112
707533
425399
-101018
466054
-595630
-933651
-698540
-118421
-54139
264697
187015
-492574
101964
-457940
39080
-787478
-355074
-885727
400817
-574246
-581994
-778889
350453
-690966
125671
585398
721139
-182485
-486841
-325077
-884501
-64428
93983
-120048
-148761
-862072
-42303
724453
-275241
-30781
799224
576004
174828
746308
-890336
612073
290674
952130
-543347
335729
-834980
-542172
47359
-58384
-192636
-743459
287405
95283
-905367
-687695
770480
-654722
805941
639576
-403573
-628498
-500353
649252
780320
-172239
-233697
147791
564382
-561596
868027
-270359
311689
793266
-298862
-68480
-388472
-790992
712303
106572
-27134
857163
228411
-168515
818318
-851401
-891587
252053
238727
811300
269492
-605629
-96223
-129382
-207836
200379
-978359
-370526
409419
401423
-751783
327503
-549019
626048
633011
-132302
479020
620950
970439
-216974
-102593
556415
722449
-510416
-413327
920798
182043
-63891
-449536
-513282
471783
380383
85211
-56984
-594373
54537
590693
-66647
-390413
-698046
657431
484955
-92816
-909847
197543
-418775
466464
892884
505716
-169052
-523506
751794
-895280
147501
-437276
977724
114989
-330314
-370069
630846
-694288
-648953
87727
914949
-249592
-498395
73946
-370923
574359
521568
-69991
-880330
51468
-373479
-717354
-848841
-465423
-865875
667856
466782
74728
-892930
-901820
-774599
-790984
-302961
207106
494690
-728882
-339802
900616
-773994
71256
-375050
436013
-857819
395970
276730
-676824
897780
-961865
-444803
-93867
-8409
-978168
-975404
439073
-76341
55682
266212
456629
315621
645900
754018
237090
480262
-802375
247085
48515
369068
-261245
-274344
126809
469664
436711
-282505
-131262
24340
-770507
307909
-18566
195584
759706
-392313
667848
-925308
939917
136118
-256722
-719813
-417551
-860403
535084
530294
554329
-150988
-572944
292602
-264679
443442
-709500
-732461
-978348
47048
908214
-815870
-499559
-465698
-668352
682241
922975
431222
349062
860028
393280
-359920
-445268
853644
117654
-506478
354689
-735207
-434998
-948405
-804856
572978
716934
-3252
-415004
-449556
-728395
547863
-429234
42646
351463
59102
548440
503955
-214955
183621
-733500
-488254
-647381
-454900
-877695
615692
-601736
-899554
-950709
-605018
29683
745255
438801
-244984
-535188
682712
242307
977823
726353
-618812
-724042
376017
-23893
-286258
-769362
-76982
580952
949100
-314341
-175806
-657069
-320273
-918560
429061
-298463
582988
816927
721685
102515
580975
96195
-944840
310068
31795
66938
-769735
392677
-800612
229426
-239876
-912132
-887316
728333
-900286
761077
182839
395581
-284101
867375
714583
959494
-909200
-794278
-699655
-859067
-725827
-413957
248596
94607
542630
-142152
328755
397134
138280
-36891
13061
-34610
-299420
-641098
-805929
431284
-182797
754971
-756752
-662033
-930873
-667717
507354
-764733
481010
734763
210897
402782
-55939
-51865
-872335
-968153
-94935
-606509
-834176
-511199
75707
977400
-835196
-565951
820475
473830
763158
857240
-4492
565137
-632892
776690
740521
-122234
-342105
401156
-788591
384556
-792160
616361
165579
130560
853038
330451
-869970
-460859
347356
-45927
153066
-76147
692484
-765885
861372
-325948
976073
-168580
960427
-939283
394051
-283867
-542649
612779
-827082
-497767
998753
451362
25945
-979009
-248525
169353
-832800
-533943
-210354
628015
329677
-708454
369551
807723
227539
-574301
982813
-131860
-410606
554628
-98046
-692106
586029
-43405
-361819
167720
995842
641470
956919
-223690
-456636
827853
-377204
491019
83911
547404
-356863
-689894
541320
-909151
-775244
420130
910815
-395842
-865471
-540686
-608404
296007
-283675
-817936
876928
-786366
707655
-149704
223999
920920
-854210
165095
445286
566835
-766440
424389
447384
898547
38502
837180
985311
-630632
335452
700197
718813
-22052
-999237
-186097
763826
-194876
-419470
725643
147983
813724
-503125
892762
853671
-188774
-118755
-758371
-930399
551334
78223
310688
-424265
-179151
-407863
-687079
-737543
-413087
862375
-951712
-993820
634044
-787187
516521
709234
-430726
983602
-21213
-545512
-797553
-116795
-173477
386323
-996000
-605016
401957
432445
-770592
-757348
937930
-567538
333954
574202
595590
857181
655477
-85215
-730878
317202
155621
-505203
-836593
62121
-653646
192906
734579
154746
48892
710580
41638
660849
-618060
-484417
-337816
570489
-553875
-561997
226026
-197194
163099
-622799
-174520
-766771
280405
567934
-821097
616193
-448077
956423
-110508
559929
641955
-17897
103910
853893
-45092
-679121
-125595
447401
848003
960419
796687
833386
113951
979874
856405
-765545
-586602
-511186
-467317
-992632
72415
751076
-227302
-444844
-552722
99543
-252001
-188419
-448896
426833
831680
410381
971073
-655906
-912475
-790554
-445685
541963
14207
785303
128728
20167
-19069
427911
-560098
-234469
684947
936005
158195
953388
-718671
-589216
-874757
-122597
-865625
-739818
612380
407090
-778849
9178
914064
-284374
469497
165225
-173579
667366
784035
108875
394637
201994
447297
-390552
-451234
779827
921160
158876
-479751
51076
724570
478376
248893
-766850
274494
869455
85214
-469689
-873467
-970495
-41337
545543
-669216
898469
-436635
-142154
-472724
584108
289970
-220530
516971
319511
609427
-152900
594294
-118136
-917753
609728
768176
-133645
145535
359233
-320089
-206207
-408660
197666
742521
-409678
-779206
-61664
-541809
-624443
-105055
286039
242674
-59714
290761
631382
989121
604401
711652
-510069
374853
911715
-918535
710974
-807422
429864
796862
-138479
282209
907108
-346901
-520793
-111022
-76655
725718
141800
737749
-206208
557718
305427
949768
-661838
-545317
-427286
-246149
-537615
56039
-159801
640039
-413936
713179
912275
9458
-906080
-98161
-299918
949331
156921
-412182
718448
-453981
-260822
-814891
215201
387303
-536384
218280
684570
-911706
296083
596522
-485335
482199
-904757
-430576
419497
-172497
396902
6931
-192332
-352461
574202
-211387
231013
-523752
-910791
-407855
562287
-750337
-919115
-701046
297179
-229715
-514616
896215
-294073
-219652
304148
-521984
-231156
804957
812888
-158316
859257
-178678
-107161
790112
429529
921981
-880898
-460342
-779293
-986952
-976281
-142801
453504
-233633
919099
-37825
-738793
625728
-779727
191134
382849
-472319
444071
214678
-360618
635617
204147
854362
-885991
-721817
35700
-742034
-90570
-503321
651130
-679646
-647398
538072
279600
153880
599088
-128253
114885
315427
655994
-325209
341038
-284293
-258754
-369285
-491375
-671159
-159356
-57512
544630
-691852
-459040
-294813
569942
-89300
-191567
-530698
-792058
133412
-413381
17600
892470
-11726
-817442
367573
-740333
-229204
494013
-75545
109295
-813384
-996816
-409627
-623963
567992
-805782
354630
401954
905023
-530344
120265
308699
-965178
352114
527662
-35820
-107831
986200
-488609
-171189
55423
665167
-126369
824328
-769391
-847725
206843
-399384
528716
460377
-678030
-199415
527613
-995973
-412013
-644295
767265
368114
496288
23581
-559541
760245
-148382
-318452
-37492
-38794
-300203
602973
-485302
-489346
284490
-422618
-506546
434356
-398630
159108
-592861
178832
184324
-358852
410591
780409
325851
-713997
-272930
349874
349299
451540
-75007
-487831
234128
731261
-856260
-3949
-270462
126235
938130
568544
-781697
881226
784420
-598899
-113190
11266
-541457
-560114
462911
601071
558265
-431004
198670
-49901
107008
-872261
-952374
-306384
687645
-161190
-27503
-418461
-956765
341754
-731728
-621637
-761020
-841927
709661
928816
528352
-257153
-516721
-165446
173991
-524702
-600363
-530922
688034
-283385
-985645
312641
310815
-913275
21048
-12723
845997
999449
-823854
563506
393513
-95724
994873
-457606
915834
-191326
-719235
-90296
-911895
-928794
204702
-855204
416056
-558352
-452845
-676216
335919
-816350
-73246
137302
455558
519075
-612242
-49600
703112
-394184
-170372
-381284
137517
260435
-540462
587540
-763335
824744
-87174
473639
253442
-224618
-42690
-94449
-882933
-546071
703566
163718
-22804
681802
-91285
-254852
-751823
-52539
-302050
-570695
-369995
-31079
-384571
-552832
-409982
-215001
-944983
612174
-966021
477093
-779672
144395
55195
989572
-299980
-784528
-249477
-424040
870110
373272
965567
-347459
-781494
853308
689386
845421
266433
-156808
397763
-228420
-305817
-579516
-576772
212457
-980738
754424
-280177
-846073
-991378
-53586
650729
93547
-485831
-236793
307456
-524223
-617082
808189
-584084
-41670
-550485
730392
-688538
-826149
252257
363565
-745662
-970362
-57625
776894
-798892
167641
645385
-900726
-166288
-249671
809660
857178
365965
718802
-503984
-30297
-328826
-927505
659879
469827
-684050
134399
821586
-940703
-742282
746709
-602475
-26159
525292
-956435
-3864
924333
111188
522530
-37072
753040
-613336
-447264
-168172
546701
-301936
-633162
-361419
-163033
696892
204909
-191780
-137747
-255951
49596
750093
-49943
-898260
128732
-380322
51085
817937
413086
774772
593595
691674
565581
583401
-524265
-879533
-412345
-583202
-704464
910776
-120342
80832
215790
485157
530155
-826762
393521
-195169
-721779
101337
-543448
178896
995210
-647238
-588097
-366941
492871
312000
899668
-320886
-414855
93970
753271
712638
-32979
-611519
-140583
747069
-962075
-820210
100026
-120254
355525
313398
42680
-613028
230004
921204
-149500
137806
-395530
-49502
507739
807776
129295
-221523
558651
907572
684198
-729496
-496084
-107116
-297118
-277486
817134
-209903
-331457
635319
201580
485033
612686
-384103
45997
872837
51166
-196932
27394
-217516
-313003
6604
-636233
274418
-933705
252362
513940
64353
611371
754970
651068
26778
194895
569313
-9386
-486687
778693
-880546
571826
-920752
-818633
441802
333573
789365
458400
703056
411429
91723
411335
996710
-297910
-163046
-553082
895101
-776599
-804412
-492378
464902
-409561
965280
299275
362791
685661
515563
-191713
66153
546457
343064
-539747
523499
-220224
-472642
-482894
-684744
-84610
538721
-827914
-739889
934340
-72304
502493
-672637
586248
-362944
151611
-160932
-460494
665506
681880
967581
620745
-114250
-96051
65655
933069
974530
868021
-452358
-940860
-490221
-540486
-945665
413111
-86240
457768
116466
-769731
-354935
-903351
-50260
110346
-920753
-697926
279959
771880
-196896
-16618
558470
207468
-429466
-257111
-517486
251794
-669374
-154561
-566800
286774
767829
-222278
741263
685215
53272
-48608
-677364
439498
814114
626789
289
-320871
-653234
-34537
117830
-280233
454650
-515128
380321
-420330
-426005
58201
27688
-767185
-51356
-553843
920473
-289199
-875276
480616
-628907
-819054
754596
-913649
626653
995427
-908944
263454
-888573
-327761
-659359
-253360
255589
-915465
-888779
-879834
328652
-322543
-23088
302662
-180445
149235
381545
688932
-741002
481926
385582
-865108
928657
400345
-970283
333466
-444051
109911
862113
139995
491901
144269
851875
-719150
-680677
-44213
745821
89576
329855
-840518
712474
-635570
524728
-20791
-688485
-399002
841636
-432732
454414
230787
-657819
285373
905303
-980517
509354
81463
-948832
-927441
-421772
793729
-213691
-968848
-114947
122951
313307
364393
-815737
-741918
-521291
418388
-471237
89223
-564868
-941758
545368
-760245
916274
781157
488369
507947
618741
-998216
-659234
447463
151032
-479540
236000
275233
33273
-247989
-738289
-612832
530311
926800
649125
673242
407135
-736071
-75438
816757
477780
319434
-285157
487776
-843070
421056
645873
167310
329572
-378168
753021
-62301
947718
-289976
691827
-110014
303358
215662
-787037
-24399
478298
-547201
40205
-468644
822206
159634
110216
476492
39011
-199300
39075
674003
974768
369074
-964797
-420944
760898
-981009
633235
160417
-503552
-805994
171390
83988
494125
995297
-2397
364667
-730370
-878004
-675142
697033
-249286
-519271
-659130
-322743
483483
561100
-968787
-727986
985114
802756
417159
-801737
72312
-634040
722111
873246
-446692
-144890
-245645
-373218
-195285
-301003
-461761
-408010
311980
155719
478014
-766140
444709
509761
-58353
309588
-558583
-224955
-327502
-19351
-987029
474216
-697829
223440
845928
-310408
-601245
870125
224824
-731884
739215
-722238
-910358
-132853
273996
-270817
556338
-780288
-156012
370692
255831
-598943
396014
-677234
627806
-457770
354172
-212991
895579
47182
986320
584216
928535
-730656
331042
-707397
317053
329640
-149896
-100303
7365
879167
-269475
773066
-221963
-366061
-595262
248074
611834
-438484
294567
24605
949961
-578276
827986
-208150
-2720
14062
-683274
-742386
901728
-421152
717888
-626911
398416
233124
343974
-356448
764431
617600
-817299
168736
-105867
317415
-523785
-41676
692722
81979
-60498
500598
442016
67600
364614
-567624
-374924
-541457
704005
-152720
-265423
-985232
-579199
639723
936506
-944942
28500
331924
-230861
615155
-611194
272878
-919560
-607878
599231
807669
-640122
-450599
766817
-811409
494642
-770383
84328
13328
-442351
-780339
-459398
-570658
-454198
366361
233437
-402295
781509
62449
138345
-939454
-888836
781979
47684
246861
122464
91110
-758298
-860558
-330808
760697
-166639
-190190
770430
-247546
-490730
534790
-530712
945411
-599147
568615
-751475
542210
33381
-863705
332205
-220275
854490
473732
587607
-79689
-393245
-111158
-603183
164944
-602961
-223412
263175
-120595
-106875
602572
730909
496086
-284181
771119
-943951
-332332
-102732
57211
745725
-838647
-469993
56215
651735
257502
-102737
965212
-828565
-771871
623100
-54794
-40632
57339
893149
-945445
-808209
-364117
-403291
-798720
-495660
8150
362716
652132
-196528
-503062
-665077
741186
-291001
-860578
943421
-582408
445537
461684
-265354
579055
-422682
-613178
-767716
-895012
76540
335354
-969067
814001
602092
-911512
-501449
851334
-533852
-166974
101746
-261401
51452
-58713
463656
-284916
925986
470891
-85359
-319420
975333
273737
-193807
-294190
332141
-78005
-655785
-373604
289386
105444
704531
329046
308210
338106
263072
301272
502498
-948504
-430413
738613
-76307
754838
986377
47352
640715
888631
-939862
-254367
-860633
55318
-459312
-665104
-249028
-546925
907159
-775777
-555773
-396625
-383400
544354
143599
-86494
-472675
320807
992221
-264729
-557320
-695058
915649
493784
676890
-835381
64227
-478116
-513920
-221269
412338
888753
876937
-771769
-261305
299659
157644
-904728
-908327
608635
740401
-793922
403522
236383
-519168
443455
-193603
840508
884130
-758955
-417327
861953
219413
178149
632082
604412
-490550
824146
-571369
180028
505465
314382
21560
712537
267384
880240
56759
796148
194058
227676
-475892
88617
-316679
-520504
511453
-347912
-887873
-263744
-234769
-928230
818909
802029
89004
950212
814112
182980
614656
-520582
412808
-382806
648368
-495120
-801661
976392
-932630
789825
-250718
-515709
160173
-327385
990296
405633
-330046
-897535
-40088
770684
914367
767969
842294
-484207
655297
-407305
-772217
427816
-507188
-684181
690786
133634
881307
-737780
884052
-784638
900245
-239811
498720
-13999
-406750
501913
614400
-445120
-727582
418470
204380
-577676
88420
544390
-25188
-841249
665058
874459
404033
-587330
-85043
-167641
569683
389681
-731732
606448
-266919
333469
-182924
939101
-595280
486355
-493494
-846852
-675166
676823
-443329
796609
225151
-58527
413279
802996
884501
-554143
-941876
-437540
-668981
936970
946088
139403
771493
-719144
851125
398526
-771824
-850452
-272856
-462546
967849
24083
-62701
-910379
797390
-103597
615885
-385232
-781206
340443
-393831
-438009
-536852
832753
277086
751348
-875886
-200990
-739904
749723
875579
-304323
926633
193500
-497585
54363
61853
430121
329368
-22227
578950
-439797
-715292
-635533
805515
216217
-276683
-859935
377093
-9483
398270
987707
522002
-430301
315481
-336464
833977
-376271
201840
-495149
336668
966601
536036
-385406
-891080
-183575
981761
-137679
-907666
445927
711591
-605458
449681
-237402
583632
-87236
947156
-97688
484843
4865
-353224
649462
465990
818750
120615
-947304
-237291
-563130
-836986
-667379
-95486
326628
-133199
-992768
-515686
-493239
521014
-813015
-439931
-124244
-777611
323963
28356
-532614
-153722
-386394
-929519
373339
-626758
-656062
24545
-318999
663353
74993
342153
-204065
984547
374596
810094
-149783
-204421
354121
57527
-688129
366472
744432
998444
223221
641592
-154435
-636443
669117
274844
-764402
503638
261721
-595442
-250387
233109
8819
-205680
728959
865120
132401
179080
-211908
889754
21963
122890
-363393
-442045
192616
-326149
-596907
748363
-673197
-961531
-206729
-45255
69644
721463
13362
-574790
-5875
-535512
496656
-595918
213354
-621214
802928
850810
602154
-95883
275520
-547707
-327551
-790508
510780
-430595
-997703
-66832
568210
-330487
698898
-824088
-498019
768609
-227914
-410817
774649
-507023
390478
-654194
-280539
64762
-778705
-963766
881405
886353
-953569
-335965
55811
299950
-679080
391581
-260583
-940309
-457025
973684
-454722
673427
-103609
960318
46507
789953
-960119
-184873
905902
-340827
-558195
-234672
115452
409723
244577
874000
255083
-44658
16992
-597304
-266835
221580
-132497
-604691
-319778
130719
593568
-171082
951806
659112
-182341
153351
-296412
-384496
-519311
-830943
-379212
610559
-723465
-349948
899132
-881221
566200
931433
3758
100269
250245
-793122
851813
159629
162514
872011
828775
374275
1974
-279015
102364
-79321
-634338
603726
883893
411911
66795
243437
-470418
-950202
-81795
988017
-858294
559960
-904957
-669493
565492
-723312
-270605
298656
-208226
456499
-499377
-939229
273039
-681968
-880968
490468
576932
71967
-757582
458043
-89590
-70264
-247015
-533773
-893148
-708555
-668653
-44183
-157350
944184
-604477
-300874
857052
-875740
590558
-767383
539463
-228914
727255
142491
373848
-45357
-465818
-852163
292697
125416
-295676
-360041
827537
414792
287291
-49471
-435574
309238
-944964
210124
-301350
-347390
-655346
610029
-961802
-391601
-148004
-697211
760659
-830844
263827
145107
-614771
-992908
-503342
-743224
200106
-585104
932638
-999149
848825
885884
-324116
194628
-286223
780654
378297
-957553
-217181
-166446
-958012
-685803
-181785
-240686
952009
777613
640526
364153
-869020
-728670
-35985
82250
337459
-893662
52048
-254049
743829
833609
-887257
879271
478432
551194
682474
-831129
-778513
-64330
174896
142857
-747196
-612215
227375
-558838
-54168
-793345
882249
-207540
-861987
370952
403229
397487
426709
723177
-988717
-965681
-600603
144069
-617178
36360
-421622
637346
802084
-335596
625462
-243786
46604
-711758
-308865
-267117
853668
-551768
-653401
649357
250959
969909
434517
151732
-555136
-992315
-861919
236439
771453
663373
-199917
-714679
788168
-536329
-49009
-808348
-727181
-315872
515913
896510
840437
-212942
-765885
678777
151734
345387
733178
-714764
-39081
250499
59238
519838
-992209
-72887
36566
-966358
951178
-3888
93371
-736811
-230326
-540732
581787
-545399
-517919
470019
-817402
787150
-442339
-153010
116769
-231699
-425505
788219
999952
-996163
-557903
147678
-854890
-385656
-82007
-993913
129914
-826522
348764
-480313
-796215
587503
-932522
-74395
-992412
174206
5100
-365250
-617918
-411549
-914755
-115923
617214
-456804
520906
-552746
-954446
-570553
521568
167721
-921367
803691
398651
-29107
-750508
34276
307150
-432953
707909
634828
-49446
-719578
444348
635367
217831
-84336
-654774
30837
-930630
537546
988811
481197
119986
65318
614868
-537772
279171
-979070
280697
-376691
905766
665961
993926
-973013
-864157
-288146
374869
-37113
572673
134981
-538685
676398
959938
131264
-35571
199966
731012
976486
561234
93621
185589
-334164
-994252
480516
874032
-193342
569699
-606115
570483
-627589
25440
757717
-850999
-682585
83484
-208231
864670
-289545
-923345
346322
-590529
-66571
428499
-84971
726586
391483
222057
434754
-85758
272683
104240
-9977
108471
667084
-845478
-60184
-86783
-472975
-947649
382623
208847
-879200
-719064
-622549
79489
-524643
-673247
844858
734326
-165781
-528412
576914
283893
212678
-975837
-749449
-26081
931318
-297873
-921958
780827
-250231
784051
790618
-39499
585566
859602
689914
-776162
-819319
-512495
305893
898448
433545
-102504
752785
-779615
272112
70756
-377462
-600318
-109424
463061
-523114
-354274
118918
-977987
798229
706299
-306569
666741
979112
218982
369711
-346614
-5270
906329
807927
-212120
555714
-559127
130014
857941
731048
-718470
-329430
320192
890586
834482
-87361
910441
938624
427391
-93535
-56471
646244
436247
-741658
-823339
942966
529689
-851780
-204612
772281
-923182
834781
550866
649078
-134194
-617236
-674345
400754
-642409
-633442
-306901
-894803
465326
-259411
-115019
-796818
-515226
-684731
500083
19216
-543801
-843664
341448
243726
-372351
427836
-329173
-241115
778038
-584970
-39769
910391
321319
112224
267828
-973008
-927053
44790
177653
366526
-769157
-192386
905645
-765884
-943411
-868966
-743620
322032
196674
193663
624190
797936
832162
477186
537841
546542
802670
657552
604546
727225
-240560
127837
574564
23117
-218002
600660
642165
-255648
499083
-2259
-49203
411528
462819
-420901
608854
-948540
66294
-338928
-873076
925058
833740
594314
-346690
512460
-264675
-187415
-531754
787052
156839
-312734
626562
-425728
-277771
-821360
-73068
898200
978952
875107
990208
726926
-905551
578067
-941772
478307
245445
50365
-368429
-776939
561007
-132831
-668027
117900
-999422
-264839
526700
-891273
-743344
-538376
732583
-599543
-107044
394007
411640
850548
538857
-34715
193981
-949286
-656559
161151
518926
-428199
-34288
514318
910006
812862
-806172
786963
501130
962965
-563531
277759
694731
743941
548298
-644564
176298
680553
-958789
749082
11746
-10306
972821
599275
904573
218423
414109
572373
-75332
-165484
306152
176644
965400
466606
-445997
496986
181684
681587
-880043
46389
324342
-451834
-308213
569567
-523063
880828
-224620
378981
-606993
379693
411344
553201
835007
601733
294554
121784
-7050
-943279
-146514
-361762
-195315
448389
237357
-204995
-548380
-665532
-614422
-778246
368434
840623
-387927
226047
-758344
-761416
127129
785875
915334
-313723
53744
728677
-455794
625779
205553
836850
842157
584614
400521
320757
985814
477231
708026
-822860
-508080
-653928
22219
978240
-155704
333193
-416392
426578
747703
952878
-619603
-203142
-472501
-406531
-149270
184349
-705762
873259
-461872
-9375
-634074
197003
299106
-493066
309683
104552
-828923
-801962
-124239
920021
-912342
323153
-31689
-529271
-984792
94304
831690
393087
218238
-317257
-470084
186153
958496
-367051
732218
-19043
-367786
-186306
223675
454708
455065
397991
-120551
632900
49132
426137
329675
-258292
-258122
61019
-146316
394621
-806297
937610
441682
166896
-853533
-790442
-343311
-252239
296890
620984
-383017
662166
-729852
830933
819351
281317
19600
206947
36392
-874542
-792097
148510
-627137
-480539
-350681
-705189
-105079
32608
974651
371920
-638314
-872273
387947
703030
169187
16769
-156098
-12534
968513
-765705
-796803
-239211
-933863
-196851
-174443
117230
-756999
687527
237590
858333
710282
-277072
-7730
-11453
-208552
290630
-707120
638752
-914902
-294303
991231
-189567
435618
-409794
-371932
957066
523224
979731
494818
507179
107276
-887468
-159500
-802658
21694
263123
-230330
-713768
-53953
89928
760809
-462073
663051
-771602
976119
-325887
276130
-626427
-178746
974729
473128
-902885
150247
-131444
90947
-862701
437002
-718506
-852844
-132085
-941999
-829530
672151
-313076
351803
513635
827588
182849
747561
753105
-589020
623406
265720
-69300
828556
-665062
179790
804268
587943
808246
-344270
-104117
936453
-245518
-834799
688766
216187
-27764
150617
575926
-795808
170667
-721931
938498
348728
-997390
-489761
31491
800294
733463
263990
-269421
478450
-93438
-324361
-941445
27230
-513420
-436543
131961
170541
565874
-196351
512603
441972
-955550
-706594
251342
293704
422759
955888
874051
15494
-138209
-19596
-325463
643466
215561
913264
29732
501393
188266
-249906
597905
-200559
-230062
213283
-666419
675354
-678260
706172
99877
-902914
-994580
941581
-203881
-714106
-70622
191473
79896
-174815
-506047
951052
151470
-261330
-773427
910979
74419
726668
-650774
947480
-265249
583729
845528
-819854
169854
-260812
16022
827372
-62508
758476
-943732
-953748
-729067
150996
225609
819462
-855159
92303
-702466
-946453
-508784
292435
-97223
-632632
-680732
818610
-607602
-196615
-300235
-591689
-422282
-803278
-477293
72183
-127223
-203331
-7077
-193913
195638
-406457
-365804
687919
-609058
795441
-972804
-879841
-757723
897471
107904
606431
832530
-418632
359277
484779
-791580
-435833
164125
-684107
-462855
-582818
-942270
-18593
-561204
1710
633378
105413
314954
-185451
569159
620586
662457
-742549
-262962
-420364
-736702
-901517
-658487
-85312
826750
-7326
586871
-542805
-75719
-692426
357244
-476724
-629116
-437958
424298
12827
-870650
-470831
431206
-768044
-637792
487925
-51181
504278
935896
113848
-619290
214563
101709
513696
-497609
853495
688171
-314930
-547895
375413
436349
427385
93326
753176
-18759
-517829
528279
479112
-97577
-302529
-7532
133659
231091
-276927
279047
-962148
974566
494641
-25739
110744
-365274
565568
693077
-12396
309814
-782168
-206809
148925
312892
267905
598846
-843883
527449
-121705
798311
95825
-938753
-275041
-283084
-18958
-920150
-551638
-609022
845760
-560102
823385
-142906
-856585
31706
116604
-974310
-451609
-741277
-237185
-629134
542830
56074
392672
582282
-119210
437780
-901093
-401043
-843944
-541359
440572
748154
253478
-269171
-178081
-892528
-4601
-107149
-969961
71243
-795265
728896
-332405
-227631
-810837
-841109
-160522
482425
-434830
401961
102884
-284111
839178
-287187
648908
-662557
-560264
537278
-845489
727749
-359147
-828033
-918024
-26667
562679
295663
186460
-258132
165670
575734
686059
-452424
-583716
558519
200051
884770
-682872
868618
-357183
817392
805237
-308403
349411
-642528
-165132
-790139
813836
566796
-321008
-39093
620620
-710408
221950
974632
407636
653410
-958566
461785
-267227
314847
674868
-727310
799609
376964
251451
-542231
47410
488201
382591
-773139
463589
608887
-628464
-596889
863872
-4102
535915
238172
-123283
191656
-776957
389538
701810
-436497
-958358
-406831
-314660
466621
854177
469424
255798
584917
-673546
-762864
171675
694730
-262172
388875
-528635
494072
349925
-363588
-614973
-302512
587417
966736
484934
-440909
-941955
-513652
-338712
437619
565778
-725665
-886715
-578539
525085
-333974
578257
-930774
-747586
317511
755920
-424454
-108064
-382042
-144799
4242
-258837
353801
-658982
527354
426150
713220
-104634
-720631
-654492
924147
-397057
299378
44677
-67638
-407061
-583618
-964327
511779
191775
-179254
-16699
369916
660640
741002
116369
174730
465310
-14739
-558513
-38492
60201
-138716
-603973
-220922
706874
-269901
-980452
619007
-41259
-785057
744482
-784540
-340273
206568
-542743
52555
-201477
-552014
-859646
182582
-844209
455122
-179213
997521
970481
995605
-50797
472728
985900
629119
797294
-206400
-124901
-694876
-801899
-888378
384082
-219230
-872599
-786219
-343208
-103720
716565
-992414
725812
497591
-681866
-671806
16719
793516
694566
610473
-215063
882739
-62740
734614
-612008
-450246
-175213
-598367
-585976
-434887
-931236
441580
3763
532860
-577487
-793030
-21134
892796
-279935
290629
-115369
-955460
992373
33700
291172
-179969
974433
-80567
503214
569062
-256136
252055
-317028
-881283
481312
201863
741736
499643
496304
194836
-390825
266880
-346810
-525868
-249825
254385
-797426
-484444
-368410
-504522
-848799
-277344
-587071
874633
494529
-19748
-674577
516048
-484246
-496718
-434194
-611272
-854399
360324
357991
-483440
475644
26929
-880319
106662
827527
736878
-797308
961055
370945
892863
190475
706658
855105
626348
-428673
-796207
699409
862490
929113
-398671
726859
-364603
859766
-907048
552797
-705979
-450673
-235819
-781340
151657
740052
346072
5467
-352377
844261
426870
-268066
711580
121408
-595550
968167
-318694
-919627
298013
-308060
194211
-472753
355286
936432
-906923
72249
698889
-706878
87495
648460
511459
-176325
859468
719361
-335904
-105763
-403395
624693
-347703
-97849
32496
-872801
162607
942068
417856
-537988
-843919
-694835
565667
267633
303122
563701
-341908
846249
221741
-920759
-220542
369972
250795
-27152
-935003
-500112
206871
295056
-207386
-528838
349005
-37932
-615192
-711503
110246
508310
218233
-523453
-663300
397335
484911
-36148
620432
300120
868310
-92261
46753
203876
-813591
-764268
-274234
631574
-826564
-383708
-117247
662667
687750
-599744
-587776
-285520
686883
178653
417452
246349
729989
-678317
819500
561943
225383
-531601
-263869
-288147
160218
590902
203702
522875
505236
-146901
-801909
154073
-839113
-616530
-849718
777150
-975811
324647
921239
615185
713277
368416
421687
488531
-145899
44254
223791
109534
332297
-156848
693072
553199
-222726
-91813
462528
722766
-8055
-54293
-108328
-202109
864238
46592
-199129
133041
781191
-797131
-617363
152339
604113
781166
-550974
-970225
-231448
267814
-685126
364091
192712
-310834
277233
-844441
606697
-824722
-951370
-441644
659386
566447
-650823
254956
-762602
-9144
157922
-944769
823867
926352
-146448
-786977
-931348
-60172
-425875
999015
667172
-958916
-729374
3278
858011
-894334
399519
927162
-264127
945926
41402
-886650
-198596
498516
197393
156931
536539
-859000
171415
-961046
-430800
-751703
-197453
-571121
116680
-422627
324402
-711706
-174256
949540
209152
655757
-561250
311378
862993
-828344
68403
-60698
-339681
25820
-786578
471626
612242
600685
-390339
600476
905030
450629
499487
764288
665555
-803620
954398
992324
-911531
842174
855436
-126097
58385
-892040
-429928
818603
-141829
-234190
903046
22908
-608062
-456861
963453
865073
485184
326000
-214501
-529802
-334713
923494
598497
-471130
681640
11741
895109
-785683
-522146
-407765
17283
-19782
-220780
8737
-285825
401980
-827583
141158
576284
-401290
-444373
-413116
549709
-364666
198720
-2697
-426472
689063
-380127
-586324
-553893
-945954
-443040
-186604
232054
-653459
664460
-619899
-844430
451029
530647
-654963
-887083
-428938
973712
256181
39813
-938241
-534497
-583632
-905267
608069
-866425
-678538
-863242
182074
685181
-907724
179189
675310
-942353
399270
761819
91421
576592
532963
504704
354895
518979
664289
-895275
-609578
-182237
693174
54694
127457
564096
-749748
335459
175990
843080
755079
662227
-152356
-931719
912810
-994471
992697
581369
-929625
97267
-204244
952528
80516
-900749
857184
778043
605076
928440
746818
823180
-925538
453153
-810793
904197
-340681
565906
-831173
-19156
-801846
-170861
395688
-601591
738990
-295497
-447811
705509
-12511
-512302
7567
531553
-241859
725371
432408
-32066
-750654
-490822
-636397
45049
-370208
-691500
-335225
844423
-566966
-62492
-44389
-1998
-1408
-296462
254812
930391
-539079
802951
-364817
363417
-26839
-648071
-177780
-958874
200634
-58335
395566
291531
-344247
-599561
-431443
682787
-546347
589041
-716343
-334591
-625073
92319
-132853
-156853
-185198
-619502
845943
512284
-915533
405845
719046
-77947
-579840
929162
993654
903779
148032
272305
-736374
707397
356351
260016
-906866
-871218
282657
-838545
994703
227171
-757768
-531360
619411
112289
-347812
-355211
778905
292076
-158703
-271730
537466
-369721
453374
412614
-999225
-463347
637068
625072
57413
-574568
268340
-267972
-613984
-581816
295930
-812280
-957829
391782
-269171
-103902
971569
-777195
-145826
-421969
587805
193800
-683418
-783843
812105
-195850
155990
705341
804981
22571
-61707
403375
857710
239379
664243
304191
-200384
926575
-179747
-69237
-920416
795647
825449
-752099
-774749
163096
106697
660319
-991233
464895
407993
-506877
-657520
561810
987160
-647195
-410033
260879
-754577
817010
-107790
756765
994277
-245429
212739
-22613
-292566
588326
958942
533531
491225
136452
-459186
261243
636291
361102
-475970
956412
487735
604270
837136
-23167
577178
-584506
-331619
188170
217343
-281405
-488567
822066
-864890
234709
-797762
891458
-824216
61852
312850
-612756
77432
-991298
219142
127033
-354786
-166581
-383465
452038
317272
-537832
-501779
250582
-153170
-146159
-252747
410056
244890
-283463
555093
-133264
909156
-138164
-203527
-197506
-285118
-652670
-41875
263159
-890433
616398
327620
-300784
169270
-31900
254769
-252636
770642
983131
290168
646464
215085
-468096
-622849
-151133
-762950
-512957
-711452
52316
-939388
906161
-147806
-379999
274475
694480
-440750
222778
263762
802371
-983423
-527569
-526148
246303
-785071
311438
-922804
-929994
-926734
332430
-447410
-497022
243318
743927
-982959
426722
-158480
11146
-815107
126562
-149990
-159040
-673537
166255
151949
-253961
-314166
-652255
413535
800323
-190025
652411
-776690
-630641
-287750
-137960
343222
940512
-184419
-592868
84344
996588
-45100
-602487
-125943
-559242
122883
150233
-462813
-669570
-801766
-549340
967611
326410
-696232
-722511
711642
-986554
921710
359845
27748
-718233
-482466
-531843
107720
92045
-844451
420238
712054
799969
-542378
-994781
621376
-654504
-542811
-267902
261552
-78313
-63290
-529247
499280
-590020
-804324
554887
55567
631941
-82514
-829608
-110117
274608
132028
412648
373577
558839
28379
92927
346558
215088
-17936
549746
139685
-164984
-88101
-535994
966893
25430
811181
-193634
10462
322104
68273
-423019
-162430
-923707
876549
558901
207333
933279
73988
-915516
757094
-797977
396936
-503319
536262
-154458
-83091
132622
243240
-534859
-688983
-126413
-553846
-521240
591319
-686913
855668
-161821
571977
862053
-817825
970441
266508
-638880
-952588
-147147
856049
816092
-855616
-14869
191692
-994320
-44813
-323504
611038
-539424
904414
367788
-710696
-789370
-912074
-506121
-55111
858432
427493
-899426
685264
487057
-60180
782374
-574347
-999188
57841
-385440
417810
31917
-789508
938205
-66225
-72340
93939
-912705
-139455
-713527
654258
120662
206091
-785539
-451990
-305232
-232639
601316
-898551
-947605
-831646
-107684
-109490
-954381
-398954
-642852
888711
333469
-100381
155563
-309540
-535635
-190008
1447
-237211
404036
549143
-365217
-237715
337822
-931330
-140932
-923831
-34983
-657792
256501
566050
-13458
-449490
241112
-597876
64506
666154
827568
375819
-649110
-722114
-779456
-40156
989736
-582546
449812
-11517
310902
-791908
606202
-167116
-40308
-476766
-462703
805942
-13437
313293
-821190
425658
-413528
-378188
450482
-30874
-805701
278278
702961
-468190
489518
-56989
402362
936651
800259
263476
-748017
-203483
-47307
70411
756499
810690
299003
-795406
-77638
662628
-924501
-589086
-630925
830290
837936
-110943
85968
749981
-642346
-186646
805352
456102
33686
-108587
-687781
-670420
-901560
-752535
47270
-566452
-675479
996697
-197564
936037
613769
-372798
-74979
-427669
187110
658369
29536
-604306
813521
-769543
142132
615822
-44142
215766
-559742
94053
316018
46137
727433
771564
479773
-270947
-442379
804626
-557338
639053
617942
522872
427449
-394168
153408
-409560
207255
641
-835692
-285281
249193
-857741
-790614
-561850
-868373
669418
-601665
833377
424490
706596
-200601
-902026
613689
-870680
755496
841606
761320
-576445
600654
414475
308687
-985700
-944765
799793
-468044
-110242
-877015
544833
229782
-400868
-222990
428569
-277666
-314382
495969
-213412
202797
-41508
-980973
-137532
274234
672614
-633772
-260486
287792
-604624
989333
-62165
-831226
468387
288495
811744
412749
-974871
-476724
-254273
115946
299378
191065
-460443
-677789
-536360
-704492
-264586
162696
-150517
565434
-349663
252971
-269919
-529615
614307
-954801
-94443
791687
-29757
803847
-265065
892589
-848755
-177011
-50131
501146
520764
975336
961949
956682
-392475
-688115
317976
-418875
-55525
-756701
-234155
-676663
404662
-61914
-703186
217880
718739
364951
-265956
-466483
303195
-327400
-490547
415200
-236288
542261
931269
295175
-55237
715775
-247352
981056
881638
191760
747355
-993536
-428657
-394545
860993
550733
833810
-918660
-841344
-429886
-82631
372023
-419897
-920626
662257
-219720
867010
624830
752282
-866826
-754158
-501223
980120
-959053
-738838
-563763
517274
326918
857682
149375
-772472
14232
770437
398586
877945
-484218
649729
516104
-567483
-501038
-294942
23229
375434
-776867
-402967
455421
-794050
854065
-811196
-801178
588844
-635592
-181995
-602297
-882374
-110125
416111
-847057
-288847
513121
-648346
-934329
141097
163913
-353584
-773104
496451
701944
10037
292443
-125579
792916
127136
-140922
-508665
-777180
626544
725913
631366
336369
-517459
286848
358006
-861065
842504
546954
-280881
-576643
927462
-157639
502092
407982
979598
-18010
-283921
679423
285689
-702879
-216931
-718577
213885
391865
702361
-417019
218158
-296829
103127
-152312
295792
922232
-685338
-291256
-774327
-977490
-40070
581661
-36070
-919073
916893
-905398
-886232
893739
-105462
511591
-821656
-557908
-477021
267878
325044
184042
485981
-322984
-274580
587275
384686
210261
-304819
-472382
-849973
-413088
-503154
888369
-833364
-881012
-169315
383260
-822432
-103719
626310
730334
367869
48624
318879
-252628
-733046
-246546
959926
142813
-426667
690310
592594
-63885
962546
229211
-720715
-612472
-493727
-495758
-733062
-28499
995091
-366802
310855
596295
184503
436687
-8542
434758
-171828
-794810
-756564
-376165
94663
-857231
-439939
261634
409602
981395
-857333
105501
-545605
363907
-267910
-372962
728125
-647049
-524061
-437901
-320047
-96550
-146507
-490294
-374674
-333755
781527
588509
-74980
-379969
-188363
-464364
-221034
-999509
925180
-415960
-396225
-623187
310237
836198
496563
193112
-707655
-613699
89258
982454
-363854
396099
104655
134875
-615818
-774979
-854055
-917465
139293
-474797
-809088
-741446
490215
-459841
124508
-667219
-978445
974853
-89052
-391973
706158
-837885
840414
-814862
-785259
-107103
343751
604190
492922
708464
-508269
-213437
-928514
-842705
-77708
-639443
-777456
519759
-791186
648795
25924
-24263
818695
-80085
-658365
880870
346589
-685563
-379955
-997947
199183
-387237
723918
-154101
52544
-459399
201074
903606
235206
-191546
-539225
628965
-129985
806186
-542724
-990299
975980
-357824
99320
611191
13963
-175337
852381
26684
327859
-983501
294846
690152
968440
89136
-68463
968306
-224798
38672
-330860
462443
-384788
-309898
61583
-879857
-900748
417488
-681109
-214747
-393699
895577
-546067
-801770
-599488
-72773
-547810
-443668
-228711
-174469
420515
980814
920847
-885629
628181
252579
249508
490107
506619
416734
295363
-646587
121540
816974
459623
637025
-376808
701771
-246939
-505163
756895
-137599
-860819
527144
-348137
-72653
-828961
106818
-968283
-176447
-484742
-55642
-788451
840989
885114
256496
-813011
945858
-863561
111167
-189548
-26415
153833
399107
-879829
114204
-194113
974733
-264718
915453
-486446
-707895
-961100
364827
-235964
-912705
-376231
739123
-153544
712793
461490
-625501
201072
-871254
888990
849116
915100
382618
348385
727931
-137024
855580
-995293
-901078
-792245
-627578
-673670
658992
763217
769445
-219764
507936
152926
-44419
-571466
-520589
-102627
133439
960054
219682
-605125
654845
-259592
-286333
-784818
-29935
-987530
828731
591845
782850
-618803
-641431
567583
-171252
738279
-291258
-700716
-567021
619753
-672353
-754907
888411
427674
481674
810165
-941039
-313627
841795
-493194
-459276
612961
820925
156217
96884
-211333
465091
-558989
-608593
168152
882381
470589
-812093
-559153
-836802
-399373
290622
-80738
-915337
-249013
-876334
150172
278457
869334
341358
319752
420649
414745
-186131
-378467
175900
-232927
137752
50522
830273
-938257
198595
578705
-58608
629332
-198739
946086
-604456
-507904
-774526
-962333
205287
-400744
655924
87746
-590257
-207162
905498
930029
-225576
-231023
822950
624755
412727
-700990
514737
822711
-389766
-828159
440915
-433963
622132
282630
508601
-130847
-385090
-917330
-199489
-49606
-246885
405423
-273126
51626
-397335
540452
-807038
334647
-583206
79544
34923
-984779
469605
234069
259599
-297676
-679987
495291
-600248
944328
-48469
-224858
654529
960523
555177
-526098
393705
972726
150700
976266
940427
344109
-31433
771027
903142
-273842
997247
-522000
-728808
-152199
757208
499368
139748
-687593
979827
-448534
-518322
487503
-765952
28884
29810
31232
731618
-338299
-368801
-414443
-807450
-715712
642580
-130735
887852
-54972
-353566
250281
-954329
756208
163240
293513
7452
-382432
527414
-233693
-645006
-169018
-651353
337341
-74101
-606046
-42889
-755074
978348
185438
-316508
-660424
-855237
-775258
-170902
-302432
-996350
540831
-810287
887974
421986
-961997
916062
-265833
976688
-347008
79153
-545068
-244367
-870092
-420495
-604467
-932064
-655142
388880
664308
-924407
105601
-61641
582220
825983
608994
105397
-347653
943342
-950117
680243
-786058
-13480
-616533
-57231
-491820
846817
255891
-543196
345052
-999328
827589
354292
-346841
-203117
220225
419138
249111
-32620
-514408
-231910
-577637
273462
-918617
665053
-266968
386961
-227501
-220981
-760637
-184978
-786835
988124
-485684
505945
865764
-54198
-340489
580187
-598597
605272
269121
32818
-59806
-913265
-235369
242705
-56249
489765
-98574
-502717
-1963
-990897
838373
-182259
618089
-301434
-917797
323896
919016
299571
-307985
669511
-518774
457560
-954568
267047
-571666
283214
-448079
854173
-861992
473832
-388932
-166984
8107
-909604
-677800
841959
-321518
552473
-46280
-85460
-755014
-424757
-785882
82648
200225
-472467
-620829
-81945
-222464
-705379
621998
-444257
-912281
-817924
-145406
837786
83009
-754540
-876480
999724
878869
572156
910596
268593
-760013
-487481
796340
-81462
985524
-397179
114612
975157
-277206
106011
-638049
146478
-433349
-583589
-775445
302276
196213
-13688
185388
-325277
-240308
748304
596911
226614
-518650
-564755
-775509
-708924
126775
-413119
-858491
602068
-604459
-986081
-117487
26846
112919
-907040
705966
386429
15056
827870
582488
-351169
-415636
866753
579560
872084
-315082
-743990
273806
-561022
-990093
204216
-491299
-889654
788638
521889
-666469
-239405
-283386
666938
-147434
-874906
-482016
-213904
-541717
-314310
-609348
593016
603669
379497
-299128
-530091
-82000
417281
-317710
188989
-615602
37391
132933
-780812
-553102
868976
852499
176065
20239
-154340
-52897
-489821
-888599
242443
-142541
-483521
658550
-809658
356046
-906670
406654
-32541
-603346
821443
-415862
-191096
-403316
-756903
-952209
828894
495238
-394425
-296215
-819088
-359077
595735
-893227
767142
-911711
-497081
799580
814113
259202
-712477
844373
811562
3017
-58977
838659
-885484
-949906
853
-245705
-789886
682307
-63649
859743
419988
-631459
725408
-960558
-843842
780666
385803
773266
712320
172400
-581186
327644
152532
559339
-522755
564413
508876
897116
838561
656334
980169
-102036
54032
-14728
488590
-225782
-672379
47195
73900
800071
-92378
851069
817190
455452
-646518
676532
-43228
-355701
-628465
-61580
-319058
-762449
342838
752577
404292
700818
359423
396611
401402
867824
547674
80027
-123087
-516338
899124
-451400
957010
-382514
-747644
327230
-293001
254303
-26431
992670
534785
-756577
-893631
863304
-269297
669078
-381489
-205313
-59635
962591
345039
-226295
-346362
607751
-147375
-314558
-435142
47009
418644
209938
865995
-69354
319481
-593552
-954869
-946991
-136734
924443
341430
-743237
-764738
-921383
-521905
299316
-518109
-862330
643242
339917
170218
238325
910173
-956109
-255988
-552077
-651910
977205
174010
-955723
56562
-980306
-487447
-243098
941971
-662183
654192
234524
918672
-424847
572179
528398
-360821
710370
599761
-975937
746975
270196
-104192
22895
-848693
-56673
-839914
-346840
-894969
168332
585760
-981419
571782
664597
-409887
-611641
954290
515355
-902750
-162091
-846689
-615815
-31091
391957
-881846
651119
685003
311539
-249253
186466
-901503
883844
-627157
240073
-974345
-722888
469817
281845
165573
-517973
133596
-465087
-404743
325612
-112321
418021
292078
96091
-221442
236156
-724676
702164
302263
-990392
578103
-298882
-889047
169442
-650702
-381356
993105
-138364
-511676
-445318
-873795
-377645
-338648
-630841
973606
-993971
-444136
-208371
-611043
-714665
724628
-63002
-12332
446622
619253
-634062
-342950
457329
-354099
-107780
-54262
-947609
536752
-770377
547636
-129136
-296144
166498
457747
811879
979976
803952
-900289
-100144
-566025
-557605
629004
720243
940964
146682
71369
278650
-643833
-532234
-880273
407929
103109
-462957
270377
231925
-968626
-338786
-810577
962907
-55371
184975
811421
660751
-190548
-362195
-208380
-896099
-52680
968624
-593583
-608861
-795795
-718197
304001
810784
-351688
704692
183102
-798438
-495964
-847094
-327822
-96466
-694813
202683
-647829
287306
213317
82745
-58489
-163070
38296
792474
-233797
427253
-235922
-368328
-395927
-802760
-802430
777350
-601294
-672302
572255
292795
241477
-110887
-111778
-521267
-40718
-476939
-457890
825963
805389
-984655
-801899
714206
832588
-195672
449665
561338
-868040
869673
-336332
-21020
-407252
65803
16409
-779302
-59456
940875
667420
-614569
451640
922652
-271632
808473
-494616
-904924
176182
984302
-762341
310806
-85087
-123827
731019
616825
-837560
503238
415227
-217357
-8929
-194020
803589
-737022
853278
599893
-955045
-100746
-107913
651278
-365877
988495
930451
-635927
-896217
359967
-662153
-10841
239997
770059
-125261
-254151
813738
-977294
95794
724813
381108
561218
873473
526987
-495380
867983
898886
-706942
411213
-784554
637075
-12668
-131074
-45479
882615
-677383
40795
-719908
-423878
-600852
-103586
103725
276863
-298485
818147
220761
824464
393126
730907
-98205
380195
282171
-967159
-545903
607092
459071
-703050
827080
159369
947343
-295119
384462
365577
211036
-41582
-268540
-227784
803803
-906423
-197068
-163752
-464306
3725
-265023
3937
353981
-777232
596413
105696
-499474
309141
163276
-753209
624692
-150269
-874651
436104
694801
543421
-682717
-801162
790352
-531895
-252894
-847856
76639
-465212
73487
743000
-206450
75203
-62182
-142245
-342859
179489
20815
-370731
563178
628836
736507
477032
-687696
763946
-286203
11642
-75808
-233088
338990
689486
44703
-475756
93833
686459
-827382
-359687
-876606
621638
-677335
465847
-342587
132169
-579622
-375375
-267787
-746535
892171
-626058
-78800
534726
431383
-73313
884447
589181
-325420
902796
23210
-776316
-235811
-536841
872838
243169
-278717
145676
-575946
293014
709
-402391
853547
-352134
857692
-641070
-436521
506708
-423340
443547
371785
494638
499003
-153736
789698
892980
977981
-840788
-302216
531883
-759963
-202959
18863
-419282
862548
808789
-444001
814354
-867551
-904676
-626501
-840281
941922
212972
795954
781484
391890
356867
-733761
485157
961925
-223324
-198487
-568489
915968
802332
-221715
-886881
110911
387930
-419222
145367
202377
390918
-492726
726497
-309052
925242
11542
134745
-5751
-764844
352072
11647
813447
-21567
-634978
811170
26630
-405881
-733074
-207677
-362007
-861958
880303
-350328
-820951
-216945
752213
845690
12800
243731
-999974
861798
-640364
647588
274819
-19955
744112
-96346
46282
-31762
-790587
741214
-535533
-666549
-128064
393062
883083
-362324
684507
831480
946345
320968
141090
78153
-472047
-860793
-969645
304562
-168591
-36260
45254
205612
-276454
-879596
352227
-772043
-648408
-820941
692895
-85144
-155753
45429
536692
736195
-550911
283295
426877
-424288
870613
968248
-567552
-127558
-339284
-775244
-692253
989196
-306155
-623595
-162777
655427
135061
-993598
-52906
-529767
27221
-794946
349452
753351
-501676
-228967
-843971
287851
-121144
921693
-20213
5356
-32114
-981783
-660937
598764
877587
535798
-125005
55589
-468886
19386
72972
-562533
343221
547686
733682
-690631
-536501
-260997
-610731
-473464
387523
544351
-812110
431756
-245527
820205
498647
-396710
974039
-242392
-19048
-818302
-94383
672452
59128
560219
262748
-738983
108336
-297398
-455614
734443
993812
546978
937577
533030
-877050
808607
247562
154903
-935316
826825
689269
39907
-546494
375709
-762946
550458
-235204
-87849
244763
191441
-291645
483065
-562292
49153
300114
-357910
-777110
-849378
-83196
884557
-314830
-761475
537137
-114560
277440
854774
-872001
645169
-514263
369247
502394
-972164
427201
902449
-556962
-137211
-753563
495197
-175389
367969
960301
-239567
527382
138414
46056
-106066
-500159
-404930
163811
207954
791697
937398
277913
-66337
-267997
-427852
191632
-717294
560339
-375235
-236224
445401
789749
-929451
-720786
177505
-49172
152990
-443116
989711
-778860
-8212
-418558
-837848
-763652
465303
-245964
-199860
-772993
-150890
175441
805974
-639808
400169
187540
-537232
-679921
-289846
-133032
557453
-505357
-141009
-781591
-904481
-139633
-680627
24712
321693
921309
69126
674667
-564519
42774
-132128
-87741
624098
-760468
-344236
-680474
5724
-580829
520913
381576
90105
-296646
960099
-335787
447915
538018
-891974
-101030
326449
-653390
819689
-211013
-33030
-62666
-364034
-554604
75160
979150
-469565
905096
538357
-782643
-160764
-754956
81110
-434372
-666932
-59239
-656703
353870
-266200
-778234
363287
977993
-189707
-885543
163596
-89942
-757431
-779940
-128115
-548351
646359
-362593
-694459
-649468
-741480
-338363
741582
-74541
611417
-864099
-955599
876593
-380543
-650504
172425
64525
446644
929950
-411127
-748454
7164
689917
25896
-782324
811780
291710
-19154
859585
-160937
-798267
-289281
722282
407521
352226
-300722
-700837
495353
771410
-67906
626804
848780
-615060
208950
671806
-339875
634985
-398964
-60576
-249993
497132
-5443
-189643
87706
-219380
-621962
671725
-352779
612215
-76505
318585
343438
-158925
508562
327024
39930
939424
628283
-337188
-158554
662547
-209670
-377021
-669434
-546534
216038
-663501
475867
717864
-557221
-212785
-517829
-337034
-699882
44777
185850
626860
-249976
784426
-468011
-139064
-609556
-17890
-573992
493810
620309
754771
801136
-112940
425264
-144730
-852647
829554
-503720
529467
-405794
350734
-716130
-777265
38197
290721
767664
446125
419229
-603361
-418042
-257272
-333292
620088
-940914
-871542
-857313
-871073
-2831
-544696
-914297
64993
-107668
662579
69296
77820
-973878
-839135
-25571
-559594
851034
191954
-796155
-496272
741179
-324975
-628071
177832
167162
931513
781679
-942255
-734842
898014
554258
-423622
-651
516881
928641
946822
-229462
558787
-729832
172501
174473
540519
839060
-525896
281497
718147
-925343
372789
554613
-632481
917095
527268
331913
-777436
-215014
-866726
980097
-602573
329328
131397
-424068
-587802
34396
349899
-366541
827416
244349
-101297
-848578
874222
544575
752041
274673
726355
88739
747543
-144211
111257
-155243
982988
-571725
-945960
490720
-453225
-837744
744476
-275285
213221
279059
405744
-621877
-746121
461900
918226
169408
-824255
487841
-926499
-913105
-604560
83854
625265
447127
287662
404972
853062
-744565
494600
-254927
-789328
141497
565239
-745041
779846
-567701
-414082
-72049
-346213
-177935
-90992
-972459
-186445
-215561
667418
526541
404527
775229
634821
102062
219789
-380590
-836155
-902500
-102936
890586
464089
-333381
-7771
-950348
-749548
865693
-154307
643238
-47077
939365
466492
-56431
-958042
-882506
-19742
-327294
-582141
-121486
-378442
906545
687576
947491
121345
-999119
-709936
952382
51737
229066
801471
-116776
-126686
-57618
85071
927141
-932482
-323983
-717207
254496
369208
943867
537041
-840327
-26683
-144936
910630
372959
808970
-721816
-140222
-640001
966404
-340031
-339755
62968
965626
149568
240027
256827
-374235
-295269
-405081
562172
-685090
176891
-340438
-745362
715085
333133
-780272
-489435
-657814
-760629
-990531
-712695
-85177
577534
818570
-927951
832505
-972717
352386
381414
-652224
-206442
359614
-547163
302
-899346
-739253
-853048
558080
-771243
162484
215334
880657
-522330
938445
270874
-322714
88746
380157
672547
180785
-846107
-720870
-178599
-863804
-253720
771174
918378
-928337
550657
332998
-165950
923886
-117672
-68575
988783
461396
-509600
-369489
541600
573675
112816
-482381
98570
188142
916751
414658
-660542
-881695
887187
-456795
-985861
475160
-735263
314808
-556836
39310
108443
-239178
-234381
679827
822407
-564923
-860998
-284780
-556759
-107264
800352
-269793
539198
-543882
-594627
-469959
281396
583741
44153
-226141
700802
729030
18185
-148009
437827
741626
892441
-602361
783168
60109
690343
-736089
-471664
253024
-3800
864108
7349
904674
-726741
-880730
945213
427359
596970
566304
-392428
228704
853527
447530
-640481
-659945
332158
663388
683747
-876502
-135489
596260
594410
-723563
-608918
711869
60161
151561
495174
-811393
-63051
-423759
753685
-746696
-14038
-660014
-2783
277731
199263
426061
-200616
475253
-425478
-160399
533548
-599796
328383
346336
669348
-546486
-849515
-974562
240429
-726633
830091
-556838
-277415
-988052
-921403
332198
529765
-131220
-842728
-20309
271210
-597835
-388425
205418
-797369
-945195
355607
873274
-687389
-523212
330980
135238
366108
-875638
52352
757712
-815547
283398
-48900
-554518
-671086
-234789
285147
-272659
-790124
766329
616063
-296389
343024
-994329
391049
683086
-188472
-75282
-972843
819271
264710
359424
-303232
-205915
-888530
331459
-27453
-130590
-518700
583671
-213670
-643858
-472504
826055
-665316
419602
-190633
-120439
717348
-391811
-281456
769284
980917
-919636
533651
246261
-555467
-343427
748485
-309344
-812249
784535
363593
21520
68090
-944554
-499120
-937650
289399
-134317
152577
299288
-151103
108766
-489570
-799694
-21147
-544129
-462671
-133411
725481
967751
759493
-930242
262226
-829555
-396437
-49077
146673
608089
-123710
-553845
-683105
995014
462684
-459973
-1834
956608
-573716
-910699
-939422
-801872
-25861
-653312
547950
-241720
486805
682126
228969
-115067
548674
-742097
368106
526079
-758262
501032
156533
-512448
-149876
322968
-571687
-445128
-770764
361600
560266
960053
718679
76468
-629171
534861
-819271
745397
912692
329125
-780770
-663723
-259674
337486
-40716
-369544
-80127
469719
238056
-757494
131490
264741
439972
973912
-669678
-428294
382925
731546
740839
709901
535528
-848425
-714733
-520757
-606475
154158
-668664
-702562
-178386
723705
796051
-91
729951
495358
804011
627664
463404
249225
-21390
729799
-557795
973321
-960954
695262
-608087
819187
-955760
-663003
-495785
303282
-87508
-381309
-963252
-36158
-424379
65496
-648395
-991632
-175800
-224580
495009
13162
-446951
-887495
-167563
-947139
-736291
-820958
-483899
848705
744707
-692860
514054
-446535
-448999
-223081
944081
-534730
-257121
216353
607826
804365
217584
-199545
383161
-517355
-656829
-671767
-510659
612727
615328
-856
731952
414430
905618
14923
67327
223178
43879
439539
517641
-916528
823421
44655
-616427
-869548
-589447
-183560
-741884
-874791
-793200
-538377
-814675
-546315
469136
-444335
331510
-900823
543029
707471
-433628
626102
735678
542626
280910
-894713
-671515
386802
-16394
-567425
732257
272927
-990251
862411
292786
746641
786547
686893
-447546
-957718
367496
800007
448317
-962193
412383
534515
130124
-521792
929865
-769348
-142064
-105639
423927
-869123
506847
-111786
904223
-143312
724184
99543
-902795
-545083
-866361
-9232
367447
-664404
-685865
133482
-655095
-422672
231490
109376
-124985
-760021
-549348
-126277
546024
-197842
364001
505751
501374
-612485
88247
516445
11459
520745
-777247
-576403
-916400
-968506
-125935
-185664
-322479
-189557
133307
873459
198017
-730886
445543
618781
-562017
582118
-212156
-724539
724069
825466
-795133
-648809
246057
805059
-575378
919222
146485
899118
-427931
-483995
-496691
-288012
-478620
-745652
246630
-249508
-827851
335153
262656
430874
-687884
415314
-904666
-672294
715433
260639
754982
394802
323822
128807
818395
898595
289154
-211733
-267796
441016
871843
965899
955825
-570812
724175
-273692
539971
698471
930301
-235088
-480677
-674694
206572
-475119
-576652
193389
942015
46879
931630
-728120
-477479
37968
34053
-212063
-242144
542468
-913741
587314
696267
-719134
361799
-484309
-394775
-468616
-214970
842175
-35173
32875
469920
250113
614421
412885
15264
-389206
432337
896062
618823
939276
491647
-460016
-101776
381732
-467342
109710
986935
-290141
-318712
908673
-202800
-311890
104782
579524
600163
454534
170041
243081
655635
878401
-522789
-625010
-164168
38945
-845724
757956
266521
478712
-327070
227794
794177
-696502
-769237
-64061
-990310
-480085
-27409
-665638
999618
-117288
97272
776097
-645834
-196729
202685
480325
459368
-359844
-228639
883402
-188264
632487
31395
588998
835329
468605
-554072
240572
70292
-83653
184540
621853
-957326
654290
-473601
69556
508717
-619395
382631
-196044
427012
195941
751210
-457267
630604
413745
-702267
-667396
663769
-984991
824599
399142
63283
253962
562146
670550
894971
-270160
-204222
92229
-277701
-251511
384495
328653
-342965
-536507
-721036
204653
-668577
-453402
-342606
492234
743378
-325897
910599
-799305
742550
905240
-23216
-868499
288302
524014
11204
351257
24191
-690295
509047
-777005
-705527
413042
-968398
-442387
-253554
-328732
-551957
956216
-657849
360839
-834434
-919716
-846047
978464
-765245
-410516
-963731
-841095
-752866
-429668
211653
722132
-819277
662738
996031
385620
-957489
71093
-519228
85312
215565
85282
279291
413010
62479
655479
-185594
588161
216704
-259483
638720
-916071
-919492
-12457
-59144
14871
-81673
49454
-743746
49875
122314
509393
532081
-323731
-442250
-303518
408200
806534
929173
385988
593966
-775384
-943586
447027
-157176
316294
668604
665407
-578059
-71316
-780990
-944740
910487
-548374
-755597
-789594
859796
-917443
-858640
-687775
189466
649501
-531172
281169
-768118
553303
-918105
840259
-304865
-969901
-333945
-338058
962970
624532
-298228
-180012
524531
801724
-83592
-807318
-543194
346594
-284314
-571723
-207870
498859
-933761
189668
-773772
106286
-202836
-735054
-285649
-208167
-503899
916004
609878
724994
812137
-189312
-89956
-937972
-97863
-879492
-496587
-514434
-612502
-477764
-265851
581595
543055
-208924
107831
142833
436090
-336179
728567
-187486
849355
-908162
969620
-382668
-56315
-746588
-805856
757300
417325
338628
149653
950163
-548790
171468
634062
-180735
-841149
405394
621198
451898
-802744
-293238
-55652
728934
278285
679980
226278
-487833
375319
-138734
-875287
692370
853036
-238443
-583431
-521812
-433989
-530227
452112
-734072
-893454
388153
230015
-798436
-721
239606
494430
-14198
-315618
-56511
-802991
-858270
873815
271787
754466
258724
68613
579622
-986655
-619044
48810
-928180
-721455
36015
503738
435000
376195
348817
356348
304622
-778222
460581
-416383
-975398
-63689
969201
227605
469350
-232817
377116
-914679
488629
-665764
-686131
-625342
-281133
-541782
-629222
-796065
198227
352802
-449938
996329
-708132
997261
3552
-670719
-952984
808032
468256
221947
182828
-159441
-791967
-265511
-149566
83410
966294
-892370
-190525
139453
-855733
-553537
-631901
347063
302623
-114118
-831768
747933
-137187
-964709
-346541
959725
19250
-525658
54015
-391423
744204
852232
92284
-619222
241355
-416978
990934
-93505
84682
141884
-861005
929125
297641
111101
-59662
-591325
-125140
464754
552818
-997373
756852
172836
-623849
-560561
325440
40682
-895310
363141
949967
579618
884284
-742028
268649
-923445
321200
-268858
-698708
-352727
854148
716548
799116
218680
-933614
431654
352297
-551990
-119823
-329712
811813
371079
-395587
233964
-706807
534219
-967721
903274
372429
-233558
-343282
178813
-802148
482692
765383
38454
-260299
-421769
-42180
982916
173652
-772382
693635
-96751
232810
-330125
-12695
961587
-54538
982436
-346711
-592415
-940707
625391
-494625
54606
-520881
57020
364656
107641
-542668
-546672
942252
-643885
590003
698737
793088
380550
500204
-546662
988798
829948
215648
-435717
923671
297566
132627
-28380
-48393
906663
-307271
-11611
829871
-837453
-480210
997153
942764
-637670
123475
166058
222542
637840
452458
802671
-799839
-751285
-230889
-797429
-69191
444608
-753333
-684628
331843
-945777
-418619
752335
-506239
708117
31676
-157657
455138
-346225
-854763
419865
-516343
-148879
950304
-172426
649505
-958166
-964088
136969
275202
-190521
878544
-570581
388338
-389946
783804
-805926
-88531
542643
310136
-572190
193856
635463
994779
-898885
-707673
997267
-759007
-349248
-220816
-814398
-32223
-224374
-175564
465343
42802
-559819
-77627
-857996
-685425
907999
-806478
877852
739189
-344591
190585
-30464
-785963
-747879
80047
-557267
340799
-395085
-897483
-675313
-979163
-698842
476650
47581
-128995
598454
511940
-125543
-66819
-774991
-214060
-571728
135881
98244
-633916
803928
-939921
-912952
-50133
679893
-249267
-120672
291316
-999725
-305162
-411186
686641
245017
257316
-830090
-552030
598376
-314751
-589354
242686
337864
-923471
693774
-366860
455285
586614
101676
-350038
685207
-959912
-35192
-401214
-717254
613201
-274435
406578
-250039
-559857
-100511
-24228
-934079
-898568
-684253
-505215
-502288
-275492
288964
-728605
369793
-711464
-598924
689882
-818355
-652434
-109948
-9258
-288685
125672
-288137
-908308
-959437
-267431
-707115
172838
19997
-877070
242694
-738646
352358
183109
444864
-315229
746760
399387
222074
-622950
-867368
231342
240910
-724148
-786261
-642987
733139
191165
-941094
-570562
-116367
10878
745497
79479
944898
463129
730796
-796243
49242
902888
572395
174580
550272
937628
-905299
218009
615107
-936065
963941
918271
-725719
-687150
367659
-843097
743101
-646958
-339310
-455909
-85790
134553
-882724
753408
872788
645979
440518
-237736
408664
289965
-102256
421480
210690
-594548
-706627
-193274
-715657
-582658
483084
-809794
-278475
-997659
963344
783278
25658
116914
-4254
431129
-893129
964270
658918
-811754
658659
-142034
-718175
322085
669525
-676004
-302056
661149
-858271
998405
983018
313524
-149433
195158
272333
992136
-455144
916039
-30487
-349308
285696
824909
-359047
80600
869335
-358254
-688403
-950994
975787
-159991
826178
-316449
-181802
718603
-925737
357687
17631
923427
214523
-870987
-563340
974033
-429712
582080
565359
815011
906658
115204
444741
247641
136526
-812768
-354030
-427511
-922641
-484720
95305
646563
-770880
-52096
287648
-399819
712982
-273194
-763324
955691
-172759
-888418
355817
-292732
55508
-301485
-6235
-728690
-416241
-563737
-543667
512734
905502
-798564
-341229
203815
353653
468029
-128126
-188081
-302932
879036
-998079
609981
745561
216338
-789713
-58215
195631
85837
-552902
877482
244428
54293
110170
-579234
-184390
625537
883722
-995178
-234744
29482
-20199
-816724
-411342
250180
341417
-66052
151013
959007
511843
163137
-232635
-372006
-170777
750252
712637
-289673
121228
-902453
917058
-376980
-315921
-657990
204214
-483903
734441
666815
630440
864093
499833
-985506
230018
-524018
981106
200530
777841
-642919
228215
-40461
-6510
-602911
323938
-585227
-59880
-680633
802914
-323840
464500
-609709
159824
373005
379956
506635
-101716
980238
441642
-810302
-945354
673324
204590
623865
-352633
-901925
382843
104171
-81960
860052
-384326
37510
-764357
-620048
729888
-244793
430457
-256182
272220
963112
-540570
395647
-45865
-535222
-62232
-752766
-459814
-221578
-803282
-317662
210509
-656743
-198489
-940376
804463
-374408
-419625
412357
-545125
178643
987577
105893
708121
206657
-97387
-657064
-309013
-308061
173614
700450
-874640
-49635
-541062
79558
297585
892825
958990
-235954
-417006
-837807
285786
207103
417318
-26887
47532
-637830
258133
54947
514984
-151234
-736486
-415471
589666
-282261
-698546
271231
-189850
931111
715107
289369
-709941
-302400
-723102
683502
-860937
436071
340866
-456690
-886756
-921573
-190101
213429
-383257
411059
111377
-411837
969306
-497106
696032
-538564
331569
340762
-885467
-81407
661603
122370
726142
-187104
-553023
-306396
-178797
-375492
602055
-444147
-626317
-425576
255979
-377863
-22062
-437505
838624
-32388
-549699
483650
809186
842605
-20080
39073
420853
-284253
-334400
421310
-422245
52816
-518723
509122
-535247
-439402
565582
-167249
-390627
688704
35350
446031
-400154
-554181
-23295
-462096
-596441
773815
-239103
591673
70544
529169
307930
271967
830838
-61995
365083
80517
-390577
-570638
396031
844143
225952
435848
131421
-31667
93412
715331
-454708
714760
193036
996348
470234
-327509
-574239
644492
719028
-56239
601273
-345325
823493
-599831
-306364
272589
947333
-72234
-768644
942010
947966
-33449
832859
-278318
852211
-373141
535181
-352009
601344
-311980
-797956
515080
443472
227862
106828
-69846
-258038
-571018
50770
243976
440378
-24378
442114
-734549
-563251
50079
-257204
511309
323289
336089
204027
669359
-280701
-484231
898321
-332432
293537
727065
-476713
-732121
-874658
-916534
516879
156839
-36228
465166
-243466
-308098
-693203
-669823
-888164
-813291
294263
248029
546855
-198208
218968
-627004
-118041
-177141
-13362
803537
449944
671792
402974
841103
-633324
-828851
69667
30299
217933
253738
36163
-79217
-745228
-423803
-528074
146811
779874
-532116
511519
65100
778706
-159770
-469517
382452
-528060
-795724
733719
514692
842665
-167610
86897
-100326
409712
191439
656947
-201203
548807
835204
-127500
395197
436909
-957519
518752
230304
-616929
453678
-529536
977810
-757164
613546
-303105
30548
-739963
878421
216366
674101
979748
178391
939600
950148
-770616
786181
233855
149825
-700115
672333
577309
920649
199186
986705
-19326
-767175
-540146
-859297
223866
-264102
-612434
-135186
-614129
935107
55005
429338
356242
975211
-511208
749065
-632001
165189
96128
-170999
-697438
714106
188962
508339
544017
-174101
-454307
-390442
-444123
-334703
711807
61193
-96937
-616589
-929483
-641199
486822
327704
-990481
513051
149467
739579
57554
-557599
594667
-828208
188463
670911
766643
-297110
756924
985392
-198697
-508328
-978621
327404
973887
901023
51410
698334
854657
-438381
-941928
296689
-583421
654918
846961
-632735
-771458
97111
-510735
-625463
-286021
-73514
496129
-218801
-852019
322368
859169
516969
135552
575292
48953
890689
-53002
-668692
567992
704802
-396989
378054
439663
233301
141864
751072
210548
-210724
764054
-305480
65054
-132763
113912
10030
296211
-644794
-927689
-274674
882461
297638
796589
-661968
41656
-584423
476806
583389
-333593
654841
956490
-559741
829047
711673
390896
-73652
227867
833347
-857382
-907592
-261033
-21472
-568437
-45487
-253510
559492
115072
553633
-684674
-318281
516126
457439
-124986
-129222
77624
-915856
404531
177487
616233
-771486
-768528
-726275
576704
948810
276714
-381776
-115648
-73890
-315089
-614697
-527766
-171033
-154014
372861
567789
459241
-738003
308246
940216
702248
960792
-848336
750058
-232205
-166882
-60323
-436869
722303
425406
-581489
566065
638812
-331802
-474157
449507
304742
-919268
-221818
430593
839597
129555
-440003
991131
-469850
-637259
-875353
824595
10167
-860304
586751
904470
-127077
862458
190542
-906695
-233725
665751
-185455
-110892
-506351
835317
949320
-419467
77799
60485
588518
-829227
495313
-700204
550784
286093
-47749
404743
403068
-326798
95184
896268
-344307
-907007
-530436
-872366
-842285
582231
82488
264662
-799598
-810773
61834
-612203
308165
-49073
-127843
-113554
759832
-831207
673541
973138
-326852
-580623
-934142
-54084
36945
-190620
-699689
-95867
-237880
-960746
-837797
-500244
-119371
817875
-430860
-849002
30404
474117
-33234
-866947
877001
-473146
882969
932913
14151
-802784
976322
-708310
594596
-425448
521904
12718
-210025
-769852
616030
-745436
675515
-923931
-563869
698320
-672895
354346
34935
-712890
-803183
532421
-191567
91987
-799166
882992
-125642
812946
842448
-524576
-756748
633661
331519
-550137
-787345
148376
1688
794782
285147
-917435
-277450
-209161
254979
889188
782391
-756814
241968
-531143
-421175
-326784
611480
-26939
121997
-67823
484906
594107
-857938
430576
630848
246052
621995
-347816
-646409
969934
621281
526047
83966
78755
825628
143871
494101
-609982
-968011
976130
-556837
485484
671380
-165194
-756554
-874846
674676
108716
-449829
-511438
263860
943315
-531223
-760073
39441
-69631
-694667
-438321
-271306
-201952
-957690
-644698
-299017
-887846
-134610
-318287
932570
-299167
-554759
-789904
-449221
802846
-134691
178126
4633
685294
-972689
-280403
-820598
97158
936212
-556678
-834262
992750
329642
-314257
879712
-252673
173929
766
231215
-678280
972853
379124
118408
283219
224759
-63129
-259684
199146
519850
-39137
890162
-176752
996616
687877
-738124
-815984
13133
-591747
800286
-214096
-554162
623776
532766
-962869
-221555
-768512
-883790
61233
348918
-845250
499377
-711715
-197373
-920281
682777
-524071
-208718
-282856
595410
-399959
-956912
80055
-811007
515617
-424304
369332
-353319
887989
240299
-682020
113750
284788
702775
472321
218506
-167220
161160
211288
460462
973071
616850
63884
-456663
666303
-359859
-205166
-923541
939178
-885665
-454812
43338
-950203
-481131
663991
809103
-581489
-325968
156267
-711019
864262
-816757
311196
-914197
147362
-258481
984488
-865719
751772
-517274
324958
-693075
-353529
-956371
927118
624163
-585247
-749938
275701
-752425
-233727
341692
59142
27640
668798
-402257
931522
-513909
-604884
784939
-155247
921559
374486
31290
-410359
-925496
-170625
-690579
-192753
414856
18225
-981325
369283
-789014
999632
-55451
868386
-45582
964793
-948410
-438299
815177
402933
-254131
866218
-872834
-328493
969632
353498
-207232
862918
-281722
751137
328201
636754
488103
-440939
-42502
507317
-172395
106544
-176072
-922228
-307292
279731
-825633
-315584
905040
527001
648814
73485
-912084
-151836
655315
861533
876519
609332
666908
-362532
-230593
191136
-909928
-863517
-429822
292099
-269576
617070
449002
-598956
-512396
-367413
-944199
991679
-49118
514939
-800913
309442
-39970
711488
958432
-389386
-684677
-874438
-800440
63174
412456
-213874
-356506
6668
46861
-311755
519797
-760262
903304
-321533
-973682
582957
49059
60441
-43870
747662
-748885
876888
-366010
-86107
115935
137398
-379241
535333
-320563
505459
-682068
574598
780480
-38295
189159
227754
-204973
567425
542164
94172
958763
-262293
353642
-182897
154524
693577
335819
-618138
-884991
703302
-239892
798619
429935
486626
319324
-851031
-864134
648749
389443
-831683
151672
-228244
-762879
-588763
-276706
650724
319294
549824
-153670
-777898
-908247
-945702
902390
224552
74251
-337995
-543278
468176
-981884
-158578
893795
31686
-603345
680293
-576572
179516
77037
722935
-274829
-501985
-165263
743641
-702421
-796988
-759568
-549140
-599553
354296
-307741
234574
-448140
-251649
-345466
511367
617893
-127952
494705
522309
513975
-287166
-749691
-990014
301142
-707590
384340
-626192
-3755
-41719
-584489
-94621
-52196
-300932
139273
357442
93439
694103
-842868
-237893
-733529
-952673
84190
-797486
66213
187678
-333347
286247
-27813
-150311
462477
547166
166730
-534576
-877858
999488
-294543
46805
509311
403512
-486823
-855390
-147407
-545426
783641
-70083
16923
-406731
-906317
-87505
12599
779397
-982384
-794002
548040
635818
277863
822427
778990
-473598
126416
34829
-941234
-241992
-116923
-632712
-166405
-619075
-576070
480248
-679458
-254886
107610
709547
-849046
955525
-682787
-830576
343266
-785269
-607022
969463
-908954
453812
648493
-920444
411567
-321193
373030
253319
513498
601941
136795
830169
-242375
-391809
19719
-420832
344215
997733
-485737
832360
5523
594595
-741714
-714748
-946815
844465
-789249
720425
666224
163231
-777153
-116354
-836332
-690028
279807
-438426
-356335
572506
661351
481569
-263122
-10306
182212
25781
-687520
-190146
-988900
654665
998277
974278
358046
-649303
461126
-88046
531975
847928
577636
158234
283031
-977588
-136885
54643
-173229
870633
-539299
331658
272754
-149034
-759711
593668
98897
-251168
873620
952254
430704
220071
-585380
698756
-457872
-984029
632971
983993
-699657
770817
768315
-898735
158315
213643
-586462
-280214
-866294
-253096
215390
-524261
100562
-742834
42828
280656
-95091
643590
-319658
-212018
-975845
-177739
874433
-107132
624053
-302248
245985
-715018
-133249
627275
290252
-604480
-583234
-860999
-360403
873362
-982218
-791834
-152409
635987
-605169
-560757
-138472
907083
91863
204403
221090
148076
867213
850401
-229343
881086
-274241
-601099
427359
576827
921029
197945
-394643
516849
-823515
-695829
-636916
397321
971743
668288
534171
-270203
-109560
-574425
889184
540526
791434
843315
-852918
-629174
-828563
-249184
-414346
-599722
-605303
726456
583345
-171025
-802162
-877558
-256498
-999394
516043
998836
587820
-276536
563754
-918727
-424912
587031
674100
-853997
70603
-538289
-348713
730506
-794792
776473
400493
958630
-928895
-154058
-383884
923273
321929
755743
-784425
269368
849194
-767556
-206335
-100503
-423608
-462004
-294323
-830222
-893876
677016
560059
-572711
370075
-83812
-430958
-72035
-841192
633237
19115
-942778
411479
-825612
300796
-214165
-399542
-843308
-483775
898545
-667399
-111463
-396825
755906
550379
-259002
-62836
-933866
-98898
59186
-301714
831428
-37732
137417
-483519
-989098
845783
973826
-529621
825440
961847
183789
-410425
-393779
652717
883344
-32103
545714
-158304
-824398
-786014
473480
854418
-88595
-351507
173138
-714567
-324838
-25875
-431167
-147351
-63680
574121
-468496
-420011
832763
428206
728852
517058
-453664
-116511
52917
792343
-165874
432250
-725125
-754791
645110
-208033
-368659
-431820
676934
-764104
128710
306369
-333762
-653314
453004
73279
-854490
983332
-512997
41628
-470336
-480086
855382
826685
-34965
-833457
789167
-137705
133756
-574804
259890
-143436
147233
-506404
-551838
23810
-10781
-412438
-215676
970638
205571
9959
567399
-733771
-713830
456008
168354
-198294
-112207
810554
-634164
-940479
-812042
707950
828631
-6392
-167308
-783605
-79400
-879960
-859868
-951100
-969247
355985
-987471
-617863
-746601
99020
-670379
-348309
-842010
746001
-941669
892519
-975111
493494
-797002
620766
-906731
785162
500629
-930464
-719339
-503119
-562984
-628786
959554
-614988
913810
987833
-430295
-210470
-285340
468662
506688
-127933
-625785
-107952
816833
-327738
-897420
-531641
-855090
-19365
102844
-891618
-678523
-55898
862726
195358
-759474
-818335
209204
446980
-218859
783129
734832
-794029
-153199
112548
731106
-53684
882554
-354765
-324582
559151
-39578
-620179
684069
282896
-378089
580757
368629
311072
-632103
-875705
798229
589028
817279
-928924
583425
-944229
74462
-170407
652098
109693
-767779
503992
972993
-114889
-852286
-933807
-498094
-435411
915576
-447122
-889173
-195130
306916
498892
-663959
-22711
-652743
183697
717280
937407
199687
-844568
185210
-564831
-770185
-285909
202429
836223
-7558
212710
177723
-190024
-362240
-373532
-125297
-772499
972778
53349
333846
46952
631922
-738395
450990
205973
-801225
97545
688909
-733995
82513
34720
455861
-74648
-640707
889290
187872
533638
419711
810763
530226
-95489
-384372
46669
-175028
-23294
-361035
-394359
-366793
-624158
907418
-973880
-355035
-237506
720362
-412762
-201257
417311
422066
26614
446490
429286
-102385
612141
380991
439074
842284
985935
647525
-164700
-46475
351316
154168
-477186
224622
583875
-630139
848119
-382921
498168
-111461
-367589
-755516
-606470
259270
76753
374609
594387
-968315
956853
-461243
-738124
-998808
985077
210461
-865251
-297519
-377822
-554732
861491
-797349
-611032
-743896
-345971
-21809
-806491
315541
-971555
96810
-856285
-878058
453423
-680885
-422745
259352
-132457
-234856
992235
-729293
-792115
603135
506551
-265703
-801309
-60454
-383541
432822
-197701
361638
-903644
-98811
-388131
-536103
-190755
861649
400415
-357885
683299
594956
469470
-513917
-291877
251150
380334
849174
527103
297142
-888803
940474
-295909
-854808
684023
-983256
-431837
-391183
-126329
-850807
668379
907809
88560
-489550
-544186
852867
-480520
-248633
-62063
549836
-97347
246562
786486
845395
-914518
-769481
71657
587601
52320
-178082
-752594
-614920
867663
-914635
6708
3960
-53522
-926243
-801150
-357123
-66165
-60789
-606593
613963
325902
-120226
-206274
-721128
886991
352673
-331745
-285584
-877423
132997
-942776
780803
424705
653826
-174443
714987
785330
519212
720025
-843431
-329688
-613168
-939301
198255
-918428
-794338
-59525
812471
549052
219513
-125744
798251
503755
786837
-221987
795458
775409
-304174
-517812
-989904
-209844
-232687
768566
-255270
-863367
-782309
-43774
741599
-138278
-308951
868504
207649
509329
-16865
933915
-538874
469552
210738
-753585
602817
391286
-632483
129443
312577
-266465
427324
-754978
-509220
553736
-789716
990441
376216
478501
950881
-145053
-144115
-678370
-881274
-434629
731144
627881
-898465
-209859
642262
-588300
-482509
-968884
299615
129187
-356169
-737322
783404
442961
-900507
-44985
-232428
461021
437952
-56653
-907403
934943
202060
359894
-911581
-69132
-328255
-482731
502069
716447
-551844
651939
-731019
844428
627266
568554
-685708
401128
-630758
-441488
-387302
614658
883867
-436564
-20165
-868911
410382
348680
916377
293806
250814
-435766
849656
-995419
-959592
-250427
-292704
-242061
302055
-467773
-504473
780043
-604274
-156003
399344
-603410
797401
275041
284400
-815004
-294884
564240
339037
-155039
906724
190789
386526
-572423
678390
560370
893982
-704865
232721
-503152
-288177
940489
-833245
6318
418851
-458315
103604
-217774
-212242
931433
843634
-104910
347701
-978502
608323
171883
818464
-178270
-568029
746623
-984497
727672
581621
416420
-941626
-614414
196672
-560756
-688509
967704
-651927
-380432
-747296
712418
846061
131712
619854
-669778
181229
38132
243412
-248542
290278
-51099
706314
-352850
702484
4603
635364
101971
226845
672538
812502
-887659
885790
-354332
547622
441855
117648
-275492
-123418
-633441
-772611
485641
-438381
-849200
694110
-353195
-423095
294417
369562
610892
845542
221548
788589
652567
-999576
84900
-700798
172795
-733964
797922
215391
-903979
397207
-581828
193773
173793
-934303
-978208
-137422
-813186
-705851
419740
124934
-135146
-62495
654914
-63106
56552
-281577
-354689
138071
414466
428950
951750
136042
636710
-175194
-813831
-506642
-146722
33957
-743417
-990740
-294282
-639775
-937665
385618
92415
-335580
144021
883819
-744983
171019
321778
68390
474237
-995515
103672
258537
711532
-721539
-130686
-833256
465675
-86342
-630246
-875000
-38476
-438055
393652
-127451
375282
156208
868496
-103574
960639
-94241
416231
-297766
687631
247146
379727
572772
493120
483962
-435794
-244069
-164151
-580924
620537
-548229
679259
-300935
-800364
906392
824288
-182921
840218
-87098
-690420
255421
-890332
354027
-22907
-112201
445586
638135
-302270
-490113
967443
-935379
95421
144278
-170281
-37223
578448
824372
-517920
-700791
162492
-326715
-479693
380422
-630063
-400079
-514150
484902
393114
886548
117703
391328
816603
-841723
336238
441903
-21123
729528
976978
21530
-923205
-696176
-895926
346907
814587
744896
-601175
923228
-783943
72762
-795875
-979706
-618436
214380
-503276
-389727
837938
-625613
257611
-906337
964031
-147298
-498646
845259
392578
-414917
-156773
-551960
608235
-471274
-76681
-277419
30730
-56309
844263
-192353
411124
332570
964136
-403904
11023
899755
924954
816733
109514
847146
84536
227829
-762352
846458
115520
260569
693358
-626997
676921
741702
-726463
-679700
303610
-817359
244648
-295985
180301
-763079
708318
-986185
499208
-918566
408239
-534452
-838566
301842
263432
443425
-759273
798250
-406629
-571496
657261
-204145
-50722
632870
727287
-802415
163017
-580305
414793
262749
-381601
838734
317934
-171205
-965817
-411797
-836453
-756157
93613
4086
-966127
511497
849238
881556
734030
-454156
-409604
-782425
475771
-651836
493979
-16586
-392299
218356
-661637
-803275
-990208
178601
566817
812266
257523
-417885
-404378
455375
-95557
-146479
221298
-707358
192203
-513518
-382822
8437
228474
-404463
-717223
816411
-849811
979796
-590447
921833
87948
-316904
494306
-735941
-146631
-983772
-584885
258153
-171810
-64731
-519649
312432
-320898
-792329
832481
-774562
-502882
-171208
-527647
-21157
-823673
-674637
283436
-795346
241794
-130285
117949
-29624
735116
107305
-142384
505592
435001
-596329
10495
12197
815087
-541129
344262
57540
-164393
925885
-160629
253614
753895
502213
-103057
-931279
-833644
-280087
-517716
-500607
337203
-496096
-402692
533248
373814
-817672
583321
424111
-458979
777839
344799
504442
-343477
255906
-798759
-693300
-51136
802099
-192529
-58830
-772150
518379
974627
-263010
-951011
754464
-132908
898249
-666396
-236508
703477
297197
-801298
467006
-715647
-476942
-174516
56695
346761
306054
780810
-36174
801112
69095
-517546
-777860
533401
13795
-611922
-410977
183902
825722
981701
-312836
-469550
-251328
-313013
341992
105836
538539
943956
-128084
482924
220793
-558113
632940
-568624
169482
171929
-70781
355578
-541533
89760
-79683
-745957
-447581
78762
38041
-322100
-465670
-746580
-425313
155909
966998
649848
-625198
615316
897269
61310
-945710
58064
360326
-206471
408304
-407048
345609
10712
-774202
968184
-259732
-281764
791846
-296891
-413540
572803
-585283
239165
115714
86034
947359
905281
-974209
-198889
528413
-228565
-348698
-111754
372291
-116403
426473
389446
-872440
-143584
125800
889417
487349
986659
-754223
848993
-317184
570076
875917
-961565
-805330
-424023
-272426
-290567
466763
102792
623818
488769
798929
-747741
-565972
780481
594556
955483
386502
134578
-566177
-713731
-586810
562621
-581376
80077
-338054
-249412
-881327
-455277
675510
921467
-375255
716459
-593283
27545
-816412
-760018
884142
926875
-864186
444858
-219319
-974414
586055
618886
-30895
-539003
478569
300426
297546
774725
506964
859120
-396901
775518
396092
936253
-716796
487959
-890451
5070
754997
-602713
-614357
453077
690960
-286579
866002
322539
-691839
-584684
-184232
265837
-513086
86047
700268
-340034
11356
-142418
235296
-591549
299144
870498
-446849
-541255
557924
135390
-239855
-399905
835859
-839536
275263
711164
161260
-484248
832248
428836
712258
629083
581509
-226792
-885721
801789
-600177
-232707
488920
762086
828660
-954248
-373746
-893048
864341
-3365
-828835
-521017
459171
346669
868686
565568
738200
433325
439182
-492475
704269
546528
-641434
-242618
-906880
-93839
413757
-289623
211858
-164420
113244
243826
237357
147035
44791
979806
-297720
409492
259871
283180
-407090
-688853
-102040
-816721
222302
138791
-7702
-656593
327685
624927
-417494
-922217
39155
-649526
-926270
-790698
244512
376680
-570423
223544
998613
4310
-164760
-451428
370646
190993
502714
491512
441934
243315
-236427
-237270
-62130
648247
378593
-70636
21434
-486372
341160
-209539
-761736
-287318
-605700
793920
246399
82933
-427541
-981943
623651
-607942
417071
-949881
-312547
-96634
735245
-239025
-384734
385326
304721
-803583
-769594
983045
-732878
733510
628060
828966
453611
-826274
779911
587547
297871
491044
-126212
-253768
742787
888773
-955455
156994
-815900
-263897
804634
-733436
-49485
311927
-95158
-527875
-167555
939150
801869
-865058
432374
692330
-927278
-57311
504868
865193
-843474
-642946
574693
73977
-360736
-95737
260518
-616311
828509
887912
735237
351781
338938
771976
983007
-424852
-270909
-30058
-345685
-386533
-210030
-189335
-382105
9466
-791214
92447
972079
977774
864928
299351
385734
-845668
-423868
713157
943338
-473369
-156758
549574
509508
-960638
95781
-563812
-971847
-182136
236255
-399988
-676059
563839
-20970
276633
-376785
-394549
-762289
577627
434082
-557010
-593076
-36996
78146
-761485
736350
737462
281985
-373086
107757
366908
93000
-540811
653130
834116
-964217
-904750
939477
286196
-81020
-248471
-734777
277416
-590174
790389
476506
436345
-610045
-936959
184503
-628515
804492
417989
342012
-717575
369250
438552
-190629
87495
-674991
-770595
568351
14030
-984054
189753
-968354
463824
-350929
273886
-187367
-849502
-955408
-593973
782968
425845
982050
311717
186799
889761
-173560
939728
352224
-765152
-464354
465381
367422
-328735
446389
947424
-950527
983814
-734538
108590
600404
-58654
875400
587093
-4859
512238
-119904
-263680
490785
-110613
980816
-288837
-46348
528187
439931
899980
-265598
-739706
-344475
-49361
46260
-435572
412313
381322
793807
48629
-911492
-447765
-265587
759558
9972
-992972
-462092
849149
-933157
169541
-69182
-698159
137157
437070
-892155
548073
165267
-24628
404195
-911504
-648982
-377085
-352826
-272005
-112210
-889662
761173
173052
930081
-470123
661144
589817
-966257
-175543
756103
-973593
-403071
194340
-703190
30451
-320348
147648
-87881
-816492
-512176
-176085
852907
339703
675428
341988
-968046
-607502
-585190
235613
-834674
419537
-755888
520293
-209756
823628
513419
179662
-932835
930793
803194
-615834
312541
-900702
-58742
605484
-162108
370164
42531
-478923
933206
-141227
-950044
704161
503625
117565
-691445
888616
215124
-312680
815889
644189
-775639
502668
74925
32273
-231904
-540396
831607
-17840
268675
319049
726191
-293953
-846635
965476
-16269
-129809
-616917
538693
-456520
-122730
116333
993155
205104
-258725
-457314
361201
945426
-666971
-232931
-736222
-443608
241550
-419961
919269
-10980
644326
-550162
429392
676143
746061
687048
-622365
-272478
467741
-484941
621430
-48609
246030
-899110
816998
345972
-168311
-319348
-837398
-630488
-302240
-331586
706363
-586967
-456111
-106705
-14993
278408
56883
-557966
-208663
458927
258797
292228
-585835
18044
-466113
260985
-607500
-796752
-833736
-245800
649182
-500524
-818442
538789
287571
663815
795410
-313446
738932
381192
-131135
814189
-422081
618996
599297
-251613
-786546
-741169
-544745
-729413
842424
-131636
-459200
56340
683792
859022
-947390
-343394
266875
-783950
-661037
138118
19100
703603
923599
179228
-447989
688704
-928738
110754
-657790
-736060
503838
351719
-56529
-144378
305737
-140251
413375
756012
491205
898959
-198348
286699
356090
-682032
817441
-840736
-780952
-201951
934200
5628
371547
-779082
-662339
-379961
-163329
-427927
820942
329409
183164
527639
328228
270600
-862306
-41714
509252
-984700
-356625
648139
-268238
-404812
-602556
927328
771152
-460480
774867
496400
986427
237863
-739049
-829676
-444914
230337
-211885
924261
-514236
-708566
683112
632010
-70450
-976805
920356
-74930
575168
-649361
-660521
-876054
-778436
-286934
-994113
669898
50063
-105068
-779414
-724486
-680165
-436914
215101
255842
-390393
-589829
645212
-463671
866640
502066
29244
534336
866022
761171
-943644
-726530
-91452
-45226
333195
-747696
784153
984593
-853094
-441307
610549
298191
-804671
889866
-159938
335733
138847
883618
-400236
617674
707967
-73205
776382
-483660
-62548
-286218
17232
612169
-713207
529034
279823
-482246
364239
183414
-35968
461734
981293
-493096
-858688
-108646
-868773
-832108
720562
672283
-613050
-192325
145292
-259424
656635
-54620
-46523
-873445
259816
-772132
-544787
203938
-642892
418845
974547
-109736
-804052
-451090
367484
-665669
-989479
730085
795349
539944
-6091
-617142
110238
989421
-701006
176601
500357
-467944
204663
683277
-397126
3284
-302479
677265
-283996
-721859
-819532
5675
867619
-204378
275379
-315136
149043
288950
-833732
112636
720580
515253
-64181
-659371
830821
-71940
865332
946296
-853560
84306
780786
852282
-817846
-308887
-989032
474544
-506080
653293
-518291
689085
452160
-943687
-967958
539742
363475
-227608
489527
-336064
11114
692476
-119407
-507052
638345
-333134
-678292
440976
237946
-467737
-495455
-185305
873375
-278153
28905
927732
-955116
-187166
-667863
-735321
599789
845587
743991
-863983
-300109
-404066
-769972
-337085
-818837
811309
392109
36892
-229891
-692160
44674
586271
-133048
-655110
-498260
-36717
-309936
-392178
271262
-213776
-51975
-549152
505457
-742489
446842
-527205
708053
291540
-184056
-329703
461382
-496812
254489
-59120
339848
490025
-720246
13405
569252
-525611
120060
111889
-657550
-263689
-351804
-650028
438412
-421545
645315
-121054
145563
612074
-251805
849808
216902
387900
602768
-780047
234717
-772887
-376282
-490708
973151
-588610
-351662
573671
491566
432068
-620448
719454
458291
324107
-528095
-7352
-191396
256097
-523957
-484900
860349
693774
568055
-808489
12628
-53199
-217202
586949
-326503
900858
-31705
-585916
-894495
630848
-349816
-716028
428658
-953554
-809746
-274356
-564935
-317010
-951019
101201
447683
545433
78896
-798052
-889905
837255
38660
682114
51314
-741256
519073
38523
-971842
855343
215174
72640
898245
311928
785291
-394661
-629027
505367
-90691
861249
-760548
533302
933765
-360637
-434391
502265
651395
-964490
-239727
866930
-161791
852283
-263700
-637478
518120
-662380
340267
319815
643329
395367
-871408
957056
-602196
-693747
177932
-834834
375210
-141745
572161
-531347
-720407
968209
-675528
666837
-152408
-963609
-542597
-552585
-414992
-813880
353616
633468
-366554
-98847
-864018
-191287
-993210
236217
21299
842212
693300
-372400
161203
-214326
-933678
-303745
58274
-872574
-780916
189446
-62107
972272
-649233
988281
368300
-923564
385214
559440
-127063
67263
-771113
39265
926539
440167
-114260
-439004
179332
568502
793308
-912840
439626
422750
-331612
-128554
-986115
-827617
-86430
-826433
318282
621521
-312659
-61604
564753
535330
-949331
652640
808685
-86891
313465
661968
-814770
-430774
215353
-484203
-532281
993254
56902
612495
964530
-611466
27623
926144
-751413
918396
-258638
-53436
938157
277440
-972725
-471011
424330
552457
-502204
-486054
-682399
194427
-62804
-363683
460118
-397284
210954
-610718
-295549
957857
-688661
541111
547893
326160
-138297
-430982
922813
-897891
-356623
210504
-768427
142219
331826
953425
-28505
186393
-787005
-874073
584846
520778
-747501
189146
286043
-407837
-419070
296286
-34632
-63404
332998
-38411
-202634
202335
926435
266327
-847390
979621
-987595
470696
-117336
269519
-590209
5916
-732470
-804207
709638
-656782
-870627
-44035
-517050
-129587
-117253
-824399
-788974
33378
382312
923444
-538636
-291058
198802
183820
-71033
260970
-229028
-83213
-651823
-816237
863355
-665162
-986706
135946
-231858
413669
164879
-417617
617675
114346
781290
-126817
369336
-636139
-575367
407750
54830
-554673
-860611
791255
912757
452509
-234630
67373
-767613
-761739
-887196
737731
-837177
-591091
-175427
799481
-625369
561120
-350759
969552
-824879
191363
316550
-240946
208497
-95530
-204008
94586
-10325
-803806
436606
110401
566406
320739
661104
143891
538485
107501
-372803
-988451
-604921
518259
-377847
-478888
-413340
289130
-240001
-710406
-616044
253506
-585534
27941
334992
-416910
-910544
212828
13603
627379
-982520
568082
372666
690305
-454441
743359
135030
-168164
-458821
-995926
-576997
-448316
710211
208446
278720
-250165
499279
-534466
-433921
170903
-301242
-820583
631051
688321
-463516
-13200
929088
39290
140306
159294
822820
-848636
-397439
675782
898466
781078
-143531
-794027
-895811
-433992
363481
819351
-748041
300507
-633289
-993676
398350
202576
-938278
718240
116462
-309591
781096
600628
902
-529812
736
-74501
-572207
481121
187917
582937
512865
788301
145117
-540132
756914
58112
273757
-884632
112008
812149
-491140
-790434
-741484
714454
800571
706383
551480
48836
885179
-194721
857058
-117335
-383993
35914
-225430
-310664
210283
-21956
55406
886176
301911
816098
-631931
-339036
-732039
-793162
-294611
-814728
-600049
-207835
46655
517589
-18952
64490
-199871
-748680
345813
-939503
981757
-447667
-936217
-410953
-964129
724307
129698
196441
-69765
425385
-258464
460472
-353382
-173537
-741958
-446359
-96249
345635
-965836
407158
679300
-185007
-442619
395472
69353
-882915
-153649
-685936
344560
-251970
-89364
-112312
-556817
-974258
-668883
234867
-788261
-75091
308961
-839802
-158301
688039
974612
11429
813295
709944
978316
-654591
494060
943378
-23013
772398
-483042
838573
601934
884478
970712
-523394
486240
-576700
-662346
585442
303191
144409
884486
328138
-359113
-960054
-276048
261480
978565
-290492
621033
531537
529488
-716296
476799
-374903
553111
-749581
424000
-919910
379683
538370
559908
-940628
58695
522096
-708680
546394
-610790
-942876
-578766
855578
-402737
639638
-803135
-44538
478506
980181
-461036
-207883
-321447
987059
853915
64506
730869
496148
-467102
-464712
-862834
-286507
-536385
796804
329665
-76626
273874
-387408
-29060
119500
809165
-708728
190784
-489598
-37433
836027
-931782
720823
-359514
780484
796887
61016
-552384
-396859
526114
-243303
887940
-295430
999537
-450582
-970414
-87045
-601971
-473542
-896061
790434
203856
-517287
-788295
997262
-718537
50520
423092
-752759
-508721
2785
-178263
-457939
-869237
525891
-333320
-483520
816173
200028
-999546
337411
826335
-339310
896236
314075
138325
914980
-634464
775901
-966618
-182059
27771
284215
992097
-643262
107993
983468
-749677
12452
256621
769486
925805
54731
-47057
943081
-646275
-996721
532887
-538329
546960
-398082
95902
410107
665297
-940431
552498
-359229
41342
-892210
774360
-514092
-379307
676255
47828
-993571
625460
510383
876488
256282
261699
-162184
816000
246393
755176
835330
668090
922901
-907849
-883237
376785
180010
111145
-960510
-984619
449517
719298
445177
-552652
407772
-761436
-910964
-761119
636292
892625
902995
-657080
-931162
426802
825600
-295645
698638
785486
907962
-868369
-429556
-737902
-31290
816958
-329948
-803480
236652
-979923
-783824
-582322
41158
-396291
-212536
-465558
484478
131143
869821
-6687
-230367
179664
-128277
-647735
-323886
461857
137233
618880
-516603
-100654
-690947
731148
128625
758602
-505617
530181
783273
-915185
363280
-306201
651058
520598
922787
341425
-826746
-195232
-495780
-488077
455951
492447
158417
-934584
547226
449496
-138438
-748239
-481267
921362
37248
87377
680300
-839130
-493804
56565
574382
787153
-496741
-399894
-41248
-514778
617611
839592
-309221
-485264
-732143
-943770
562539
-967877
-95667
-701367
-724842
-324791
-666418
-498550
-150210
687154
-720465
881503
-380679
-100159
-75307
216046
-863000
-763969
942743
755728
74574
341690
889024
-597112
-475082
-991009
357595
621374
-522360
-493887
-853681
456542
-305465
-999488
-716391
811584
-237511
767171
-808628
-468148
-865340
-564554
-571189
658296
6885
647879
-37920
543835
-113235
486734
967987
-956372
754034
-865630
457154
-441507
-788931
713810
-566812
1871
-421387
714652
801615
-470241
619281
-778229
-522410
673618
430199
-76195
-936334
81958
-971671
177939
469894
429795
865370
-254654
-461981
299392
-856455
-979523
899786
-804982
989292
-849742
187982
313153
-896588
-293184
-158100
-602777
-925006
319440
-177358
619656
-308911
-103134
402327
-923102
-631805
-788308
756994
-784484
-757371
803712
-123799
267007
278263
470133
625974
-650182
-683800
843195
581597
797107
-193924
-54651
782083
479690
-903261
-359939
-447067
-831087
788906
-58402
-984174
578489
65394
916606
300751
-824169
-505222
-402208
660281
-262256
32686
944985
-598287
556072
909100
-429606
281490
-712308
692387
-24426
987828
964005
-991539
-880107
-680968
399767
662646
827338
760696
318542
-594916
-959220
-131604
609739
953
-16267
-410006
-94037
321804
-911963
-186230
-239581
860874
160006
524868
909493
51646
699583
-841764
29247
-134628
494066
-752855
-307660
-974169
-735353
238352
910658
-642106
-723616
745134
898321
-92640
-437259
-846626
94537
-846075
-609205
239781
400900
498055
365387
535995
-896511
108106
-492315
-802701
3505
730067
-722571
773324
977118
826050
477518
-463782
759152
-150997
-328454
-584909
-269261
659123
742815
51249
-500206
346191
-975804
-752688
352516
-427163
-782402
-705032
-219537
-638191
-618223
409826
-320909
-552296
-824009
-772342
864841
-184484
-356891
141255
-935057
492182
-401707
163847
6466
76125
-75548
-943216
-582825
862329
484096
-449829
-119456
-29532
377343
-542492
697862
524898
300640
641399
-39090
-262892
-790539
-674039
-431821
539293
608210
-583687
381514
642616
320383
163055
96093
769140
-695357
138356
-765974
-660711
556267
897666
232532
212366
913418
-572905
-521930
-234866
-578776
951290
592377
-295045
16917
-725459
-857729
-110821
728273
983989
-962714
-476219
-194067
-597669
326008
-880972
790026
548198
-210385
-794319
480496
-820258
-444360
-482515
-250643
548136
442478
775175
436257
-656454
801130
71579
-967348
-81292
-466323
341658
74466
-714415
-474256
808649
381005
728723
520234
-255729
-999806
333565
389222
-777709
739940
-223153
430173
494741
-471612
-616562
390259
630058
-628972
-482038
509179
591390
260234
-347755
119836
967588
100968
803497
611666
-212670
-734327
226408
863
343064
-617616
166125
-83262
229354
-909477
-561213
-618858
364494
481320
404345
174401
-480668
204259
432300
645041
816956
-390178
910898
-789433
-973870
229653
528472
679776
-864726
164963
-80125
-243292
-441969
-609095
-966102
203619
450440
-752479
-220868
3009
-935641
-278661
790516
673691
811424
-365815
445175
337322
-852470
752669
832691
-758354
-308593
562434
-8182
-939920
995602
-277579
29847
444770
-360967
585329
897406
452731
-310770
-391228
349310
101420
978934
-142580
-259436
-32995
-605720
-485008
490339
930406
-139492
-118262
-482535
-307778
107188
785463
-190533
-619456
-376569
-455159
105153
400613
28471
975711
933563
913915
-823164
222774
-317840
-119589
-970976
-79336
675561
-483988
673757
281076
-811245
-253513
-481742
-68953
-187071
566430
714973
439545
456276
207718
283818
598736
955014
376662
997726
-188686
611290
-889432
-804579
-957256
-128232
-39467
-343400
-537327
-902959
923831
355920
-971588
-630465
-650183
-884072
795016
-160101
-607797
130495
853368
557201
76335
267909
-251540
-411009
438684
-487125
321990
826047
-431051
5858
-30244
-527099
-301501
-375293
569519
319818
-372414
-245138
552058
528518
373282
696283
518815
-788275
-483175
-249427
-621604
304373
-556345
64706
-670335
382587
984567
655723
806939
534586
-476296
-631826
459158
-925358
-686861
992265
47003
-69624
623120
-592155
-787353
95730
422004
838514
202194
828230
255517
504574
-75677
617194
-745462
-693416
878626
-155774
833283
-468161
-962668
46382
-945846
-41602
-772068
-744028
322209
-461157
-504648
895499
997256
90297
375414
-752071
244398
241234
891337
-465298
349078
697529
-692090
174280
55816
901666
826733
78417
-508607
343474
-962925
882161
682271
-259108
801660
-855641
-474292
608106
513265
-978665
386575
954766
592507
787820
-490986
61354
17307
-63835
843157
121784
385518
139639
179072
-229149
382869
741611
-602935
398202
409126
71031
430104
-93617
-913653
-142771
-904840
35278
884917
965041
-81137
-815468
-747176
425144
242316
981974
-777707
725898
468655
917456
-993757
458260
828246
-592589
-890821
-890154
16827
-416361
-114624
283208
-198210
611192
-183220
423220
608564
440769
401817
212144
-738831
-842839
-581700
765264
919795
-869230
874621
234353
-468706
241455
-820747
-437642
-603644
153521
559403
673279
241064
-472821
669366
989851
634467
952727
139417
-756647
666398
-909573
-379433
-377516
669321
-1406
-267571
-88018
787851
472518
-109925
851828
200822
205357
-451587
-81331
998146
-692656
973157
-645330
-598512
-53548
612680
-46399
-287588
437474
-945922
-213032
-571653
-263623
-473612
-382381
-698805
-403055
81739
-752470
254428
-76477
-753877
825850
854114
-447350
596666
857352
151799
-282855
680624
513260
898783
-263273
390499
-555789
734575
-167777
-547634
414225
390754
254217
-710699
36600
445751
-793745
563455
-88972
-826896
454385
-415789
781124
938101
483728
-817976
783357
-603653
-529846
-749396
-144411
-215110
-616586
340702
989652
596311
-180833
-747644
-594900
44947
-769074
-541584
-216641
-274564
195957
34550
934735
-65849
491078
228383
-62114
-906559
-58235
-371909
116794
-584303
473265
-546801
113566
170846
-831170
754148
-126050
114848
747584
139787
65202
949719
-483101
604785
182783
156850
-2276
861850
-323277
-201871
501140
975933
453654
558
584384
-614693
219998
-444766
-749298
351706
256737
-423498
-917844
-924559
266922
-975609
143424
312773
491894
-2111
997956
312533
96259
669246
-578861
63355
297657
580767
-899645
113287
361335
570020
-537154
487752
594730
-525276
-179683
-737521
912319
81872
847818
270131
-914136
700011
533263
983333
92225
-320405
-699283
-992731
-998202
-114796
498714
539121
759360
886010
58570
-489411
774950
-666986
-411636
-484215
-278159
936801
-750721
753236
-734278
-611642
-940799
-696549
896040
958214
-312226
901843
302087
707658
755
-438017
-702639
225105
-219318
-935948
-523892
-57171
809924
-516678
-3446
995987
595261
-257728
-205192
272978
-534512
900539
14039
-181905
582828
-60190
-251470
-559224
226240
-28926
-720748
-447599
-927358
618332
350621
-925179
600657
818318
-99114
-686856
560114
-13636
-542882
-208604
99150
505330
-741733
732279
973564
889673
255885
595231
781619
562149
-52442
810730
293515
92316
-777231
93353
-85706
-100502
-136677
-137424
210398
-465372
788877
215046
461554
609208
-305194
-94743
-750196
691975
747711
699361
-743176
646633
-743317
-352053
-402593
869695
737244
340334
345384
984069
392666
636289
995486
-460424
548905
-951182
597579
40942
-144081
-567498
-15118
642790
-910448
-920832
374981
747210
337888
-598500
228504
-607736
48423
-423960
87771
268828
327
-606963
-371834
728299
796548
280876
374015
601381
546844
447842
-579982
-566207
967765
25192
326518
90257
258159
573330
-92874
564001
-801395
-945393
-691639
-676505
-879453
-247897
391889
454892
-98673
910841
140586
-126070
-937275
351145
812739
749511
505244
523804
188667
595154
-828471
307998
-12509
-505548
349229
497561
892673
989440
59730
-230247
-738510
327145
143004
-353273
-705960
814017
-270177
-126744
368683
-61885
-797747
-529232
815265
-520187
-216216
930820
-960725
-299975
-765620
-92438
-294609
227324
549976
576499
413662
-276647
104944
355912
389036
593898
108665
769211
846240
202058
301174
892653
-169887
-429148
102545
-219504
-981078
-317467
194381
-618612
-163622
751946
-97315
894940
-547109
-968949
173572
559794
-220325
-155947
221827
944228
-390403
-807150
-524277
-433114
-201790
-168670
318242
-123221
502822
-815670
-453379
720889
-993237
797474
-413069
-402386
666545
-641085
340660
-572950
539954
-624352
772731
567418
-610929
440906
-355762
145202
-558979
894339
-359566
-738753
554531
-530221
-283134
922529
-822908
942579
212478
179120
-450987
-970557
-773947
781867
551268
-197289
626501
806551
-424517
-38267
229640
-26892
311292
476667
574799
-807502
73361
-552492
-610791
908824
-523322
-285402
921392
-334878
275218
-771681
497772
477163
-463465
262518
766173
-71988
75196
940974
-514675
365088
-488243
-301877
-874936
-91030
946818
-5627
114844
-916924
81220
589212
667041
116333
666802
-894732
-268824
-610230
135355
-404292
-327771
875574
-506439
-761734
75158
410241
-13966
-850482
314028
773404
265749
-63613
-553708
910794
-724125
921827
-567888
-209709
-552760
-99825
-22598
901204
570701
536376
-863246
-765148
152394
298351
-911097
-732003
442499
-34608
558736
-149397
-145351
198268
152419
-613617
-351424
-780990
-798642
484946
-982832
-859023
-2777
947574
-288991
-734158
-178201
128950
-69789
-7477
162097
-32054
605538
850845
484375
-784875
-108230
713483
-79171
-958613
452996
34466
821506
350730
527496
-164399
723853
480680
332864
326238
880126
338785
669167
396569
-317607
-906568
-775416
542796
-111962
561212
218297
-234199
8365
-916274
-958827
733953
665421
121843
-940630
-56937
-5545
-313523
-664515
691654
-425726
-66676
-354699
-161805
-478756
869047
512354
415375
718537
194541
625444
-242888
-886716
653799
467388
-976969
326127
-122161
183419
-25833
706426
-229023
495027
645137
-865269
-409341
182508
138800
297299
-604587
-165474
-552968
942332
982259
444470
641454
319550
-44429
587390
-408624
85396
-532788
301965
305071
-244892
-520744
665521
213958
120668
677250
-695712
-304026
-1135
-790880
-257877
603499
-786534
628332
-441185
-208515
-119633
934892
629627
584425
544291
-49988
868776
-116363
163853
-570531
662199
-403255
480638
-216611
-687802
-968300
-957630
336184
235827
532623
-194018
-228953
-242139
526945
-305196
650232
-909695
606725
-825503
993376
287194
908964
615266
751056
441241
-954110
-794143
-893197
-705129
607045
647908
-452781
-153112
114490
746215
990698
-472571
-508512
-344271
-554022
23221
-477790
479461
-189579
-863271
-325669
-875551
-254888
330216
789605
115371
192812
102826
566439
786890
925167
551358
656747
524002
953602
12248
-356273
770109
-239028
-864284
819097
527721
-358234
817513
-297309
-770809
228663
-699666
531934
-511967
-306405
415329
-586105
364526
29637
150107
477679
-733370
-419340
188769
38685
-921856
709966
85359
-473944
-548302
-721275
790355
-866077
-720263
-62115
-335211
981550
917665
-149748
-321240
45650
386307
440184
-331859
-629273
-772112
-128036
389704
498753
679704
-949299
-729748
-97068
-258276
-540030
-508713
-348203
-951688
-75479
-467467
-137523
-338950
-507007
475454
121290
-922319
-145743
393805
175193
292710
-202204
428918
-951169
-58730
-462842
515429
496941
-459163
40448
423724
692148
235318
-721918
710570
763782
788997
-722344
-866703
-763634
890697
241641
54504
-268236
961141
692790
149847
-754804
657042
-164859
514863
279714
-213690
556849
959533
-154299
528229
-542948
-345527
939149
670972
-697544
-111695
-890156
-435723
-828411
217887
-841296
-852886
491184
-13835
-528168
-584405
-632205
784998
-299388
-462807
-433275
-498402
-789925
-144208
-502583
851923
-797112
-85242
-648240
251149
313361
661824
502510
105163
891916
-267470
-938353
755564
-512312
74912
-633727
476464
-488681
-827279
-803497
600724
282224
-314924
67709
942661
534359
767931
446980
-587228
900351
-274399
-970937
-122718
-425232
612199
-435332
123816
335937
754930
678639
172262
-999067
-810395
-96174
-673936
705600
-390456
-326982
-960091
121451
-361564
-388269
918014
-718764
402385
925894
394319
9690
-55556
25782
260157
-192890
-371659
572441
790701
622527
629760
-11112
-577835
-123483
-906608
471374
774637
19683
904147
-233883
-615738
230957
933443
-914458
-777876
74517
-676821
-756828
520682
865593
-69892
-305929
124923
-752859
-221079
-870556
134103
-720776
-529261
-816273
702793
853636
900518
-597075
55469
-110576
-331059
-767412
962725
-394632
-592537
262443
-537896
-618756
798764
-150731
-596020
-328062
717782
-315109
-719934
-100318
899046
-41161
896129
69634
-300657
431427
-697808
-924015
102819
81895
-175081
968730
341226
-497691
-958638
-33687
460408
693655
415313
139922
-659259
7373
327372
648890
508397
971339
696204
-47321
301623
-308059
-652227
342926
559239
453134
173673
-25195
734902
-440256
-874340
154346
-600709
515704
268359
755147
-792906
433607
-102238
-742569
-783619
-783171
-595032
591761
-86489
-633178
75531
-483223
834456
-963786
511056
485474
-191365
-369717
-653506
754472
-938534
-698301
-675028
181702
219273
-872936
-171472
183146
-683632
-141921
-991180
-553627
-376984
-199042
-158918
661002
927403
475296
906647
862190
54110
-288889
106814
-582059
416749
-597589
888245
240192
-765280
835409
613238
-240447
-677536
-979127
-339225
836984
700113
518509
-565472
-381764
-621455
-459031
-101284
-415457
632637
-224457
44788
-859906
737650
491706
2486
-411165
-199451
685493
-611971
970885
848612
962545
73415
234004
-802571
-124450
795462
-493090
290097
-437765
252163
-224136
409957
801870
356777
-60776
-167891
365238
-425974
270627
451393
515979
185433
244662
-413776
-900093
593641
266502
-569280
-141256
-105440
911310
-603231
-971235
-13369
-283357
111245
-665834
-965208
-275708
210946
135640
691737
-654635
260351
99439
-91615
90445
-34153
160396
408095
-690773
314522
-333705
-382628
380936
322789
232129
-399405
678550
888572
125820
-225253
-893844
-7685
-651535
-639942
-5642
-208227
-673756
471060
615597
803962
-574206
-847815
154713
427131
36632
524883
844168
-749332
875966
-671960
-237663
925190
-504850
-295391
775122
970587
100890
-609204
-275504
-722482
839341
506686
-933413
396839
-148939
866396
-166818
234871
184583
692235
562344
434020
-816049
141663
557268
787457
167108
-858555
155575
-995719
-183634
-894967
-921589
-582657
-825669
-583189
548857
-615828
765613
745505
-311304
-449406
648992
813206
-811762
833941
-58964
53839
325302
167554
-985734
269083
595869
893533
-324591
401178
12549
146181
817794
380285
-451250
93895
901936
-598625
219076
266453
177153
204007
-292122
-448092
-757053
-497468
-341278
-690824
181595
-236008
163978
453566
541804
-84575
366972
-765492
896006
-902358
-909268
605281
50438
-969000
-735095
-581460
333539
179444
-832307
-8895
462384
425869
-749214
-549418
344171
606147
960263
-512083
-179592
-821377
-661323
-243372
403401
239578
-432138
548648
950720
-358396
-585243
-182332
849803
403131
-273656
344638
-109759
573632
-344471
755634
369805
156481
844818
891072
350351
589401
-575859
435400
-716489
281878
487481
404337
-492952
-914085
579135
512734
-136057
-35773
-524267
-520926
-569814
284109
628203
311639
625368
59131
-983624
-296893
-55359
-399772
-87716
-601452
375765
416907
66036
-607078
-504030
-260070
253042
-566026
-754143
-907723
-76272
962344
393853
-337919
-825958
803118
-462108
691801
808360
-953295
996454
-483229
784504
461066
-431146
11702
-858614
-890508
-14882
738637
-454693
422825
-904890
-266881
-84669
754815
821290
-538852
-482282
-785426
-555723
92401
-917846
-792401
-181542
176833
-703336
-752958
-418796
943746
877929
214237
349547
-711115
-980224
461002
978366
91923
955672
-854511
-191711
-971245
-985018
807841
-246248
-204774
-141017
-860959
-511395
-436906
422974
624213
-793814
185794
801795
525285
-926151
507201
793629
327951
-372303
-530524
41574
372615
-357429
-107738
-171974
917918
-406887
593089
-594675
166196
-280883
971668
16943
-144749
180055
218853
332585
-365798
-882748
-710956
-6683
-267204
326046
829570
794414
-285223
-801734
20098
907672
-874491
169226
-604298
-150791
-957637
-558367
-645728
48534
-164690
506628
-843441
227387
-598716
871750
806313
180770
-410818
272539
342895
-593292
-966530
56804
390541
-678269
275624
-79037
-741481
-568475
171052
319618
739511
953765
-694508
-510023
-390658
-650801
-751277
18205
429033
488267
-244379
755837
474553
-394341
217974
-950016
539690
-782112
893782
145407
744377
959235
355175
-688112
640879
-546656
-384714
-308942
-505397
309726
-530043
-35620
-93464
-852255
-125494
-839884
453630
443812
102676
478122
756105
-974950
431719
154649
458118
-155562
-49573
735879
-374217
196556
-617915
-388956
-764764
549928
540759
-849498
356176
690119
-984620
-361162
-11598
-203199
-921118
631388
809878
549885
-944014
-631362
545021
-377401
206821
-903949
815513
-742607
-33813
-14652
515825
-32224
-996663
-772496
82569
-654642
-25087
-605570
30434
405819
142396
832582
109345
-536180
665710
-557710
-672283
-511306
-903167
-211451
-864882
-957410
368151
-726796
-498552
906653
-936479
680183
-1667
827252
-324265
-337208
139482
-824544
-844377
-45292
450081
464167
-551577
937836
189642
269001
762612
833676
-687710
179129
-937864
-711420
-861330
488375
18174
-868012
821821
-934923
-327486
-198242
846105
960394
-754618
790847
-610498
278048
-938298
608675
612880
573369
-71996
677762
-879330
-851663
616976
90572
-518754
-511797
-136261
-230000
-614521
161593
-982713
603593
875995
-232501
-818513
749210
494923
-299262
927684
-455550
-468304
792582
730275
660133
-999610
-88198
-158037
-3821
-202187
-207231
265267
984952
-978103
194936
-460514
307334
756124
-392969
-493956
-754882
124720
337242
-102756
805853
496511
640400
-980342
-288068
273800
-103750
228824
905416
874328
609457
-562374
-148491
424327
-992541
-818608
-717364
538393
763769
-845982
-121067
124611
-325258
459488
818970
882653
-67675
239085
44432
-311076
-326121
-215477
869670
393628
-982902
-342802
-286322
-993196
841716
-633336
220351
-789921
-13224
321230
757969
-23117
-222329
236043
481232
614075
-30072
332997
284364
-73396
-314000
-208263
11109
-60888
-806763
626466
887160
858443
723030
-731245
-964853
-470440
127483
299612
-307435
135291
-286989
675746
599299
251976
-738221
303014
-453501
-873510
-164398
258834
170588
-93043
-588279
-108057
377201
559439
-121178
911022
941579
-305893
772985
3259
438247
184189
-527375
157929
-65459
-743957
893707
-839941
-5195
212917
-316181
940768
556323
-9932
148470
284044
-32228
-803034
-343167
-613177
490011
-320645
-378605
529301
411510
-289258
-63180
95384
859717
802585
798966
-492464
-354095
450659
345733
462900
369203
-704917
-101557
-783800
322236
-506804
-309836
829623
997267
-931515
357208
-755794
-431472
-99221
272582
424784
-226284
-929369
340683
-671484
-625390
-122224
-601242
46793
564157
-422252
696380
438692
530331
348895
-738678
-272516
-357956
990386
-826301
274150
542803
-975600
-99705
-600460
359191
-493807
-876830
889898
940228
3358
-118006
-836805
-277463
-852503
-49916
-570362
-938518
257616
150204
-865159
873204
719182
462209
-184485
71989
-443729
156810
-993547
-832761
-632123
699474
888698
-586619
-888704
-3326
-768591
-536263
819314
235143
-632677
682022
-451457
256572
10120
183369
326080
-42901
-887555
-877598
966048
-633066
-110769
446309
164335
-141760
859052
391970
366265
770696
-978186
973434
593000
-7419
605619
904249
-841891
-104382
423806
-805003
911374
-438716
479128
-752097
773338
-24258
-884284
468910
-71033
-683705
-744804
-103765
899341
-887024
-856737
-630452
-214642
-93858
-372020
473843
-129620
161411
-791447
-322576
30535
828227
361499
-930117
137025
705322
-447923
-231737
-644373
-392590
-237402
-346021
-177075
-203158
-909507
-318075
-258007
337756
380215
-927082
-508682
-755562
344213
542553
-414481
976655
-277546
148752
102607
-495230
-387998
105580
514034
-168273
765972
397523
-606856
926947
142779
744626
-877707
423310
513832
652529
-587977
-489677
22599
301914
-175854
-370856
412889
-219231
-877562
30611
-209649
442391
-211611
259895
108787
-411045
-558593
-788748
876756
392607
734014
229035
355472
-761528
711294
92991
-185844
856842
-928239
903524
-70886
406259
-404066
716065
189676
-31313
900873
-476035
-650865
-16964
475690
179402
-379752
-60008
-128137
-490846
-595207
-749122
255938
351259
180904
614386
382630
435863
521856
-960586
-505299
224603
-108454
674273
51066
705553
-617037
-663131
129020
-34253
-477550
949130
-401881
-494896
165685
8770
-416803
43588
-939785
-488784
-70467
311345
998878
-571370
374185
-746991
36420
166408
794391
-653161
-806358
-324578
965371
135221
-485945
-451137
112547
184710
922851
-760697
-349404
76184
422061
708232
572458
577643
-678516
151785
264530
356317
-76917
991456
-796340
592599
-841248
957808
-229173
304846
299543
-503029
-841831
791557
418132
-79209
731891
-951951
602517
-621705
279923
-530992
-550175
464254
-872007
713124
19598
-170467
63405
-74500
71279
517579
205629
402167
472514
346917
-48585
789926
584958
60019
802657
-609162
-69270
-721415
60898
-756522
173657
334410
-501161
-832890
210019
-106077
211888
829228
20987
135591
-832550
-360959
883076
963138
605691
435312
-967290
917592
670431
-237391
533081
443301
219171
-182353
601543
484187
130297
406816
259060
176879
-738807
407934
-654616
773758
273395
869217
-277685
841962
-416534
87522
651877
-773812
-682673
-873754
-230154
936343
-971784
-827426
17219
-868820
-479881
-914606
-433615
808609
-65142
-526699
992133
110234
-313491
-899651
749030
-609169
850551
-36435
-490144
811902
-461272
-142745
-400115
585073
-306830
221983
-943065
912098
-951370
-303375
891243
-660970
19778
-595967
-819207
-15408
906827
111155
670260
497380
214435
643868
995716
435313
984267
-58769
754055
-767382
382237
-886829
253893
-922388
-19361
743107
-41154
675933
-623321
-181336
988835
-242101
-265787
452812
-952555
771380
416815
-974370
-596367
-648990
230349
240337
-990377
767778
253868
-731894
-36700
-820105
899311
5816
253337
171200
-665366
658628
-646357
987141
140684
972732
580671
969533
-845285
163344
46476
-406973
695731
-49001
-463198
-769411
834847
-204916
177671
584186
492429
-211350
-892000
295009
304852
-993711
987862
597340
524802
-129103
-658638
-407354
248548
804617
991916
786559
-121717
654360
-957511
-518480
631231
-526921
-330669
-773530
174432
661787
875507
817743
893347
-603294
600925
-350418
-227083
-194973
-521406
520378
240480
-394176
-312649
-713803
-303337
862418
442415
-527798
-636740
-479501
-812511
404026
-272425
-267837
283960
-918706
-736079
586608
633567
-735339
218075
-782456
-897950
102622
-579729
-993696
541301
313291
-213645
231955
555915
411402
642954
380592
-636145
903221
-347897
-161863
968349
-567346
-535859
372406
-878688
-726947
-332141
595588
342758
651979
647764
731999
-396587
-434295
-751352
804228
-439846
977414
840791
552906
-427352
861936
986359
-601143
-234811
-163429
-66218
-121286
529929
-971454
-539945
775636
-809665
-664848
-2921
-518291
62212
-506376
974684
-774544
-387284
270443
774434
-928144
-869212
-957283
392242
-742363
781160
536816
-761814
943604
378307
-688772
64470
181322
872884
-738564
482067
274905
-202697
387732
166307
-671066
378026
841042
537297
-397527
-188920
71036
61560
-753736
-75421
992220
-785848
-557650
-557265
475901
825084
203120
-604203
270128
-625723
182368
-55048
535925
-347632
450240
420729
942896
560520
572794
755322
-242152
-330373
-330005
376226
-119760
-340879
451551
342602
795147
923323
-836840
434681
282139
-978779
-397142
25629
-81037
-640537
166149
-226084
-968886
158599
253450
355222
483191
811917
433701
-144206
289207
-270809
609922
213607
336132
422836
267772
81938
-994021
-490390
-788251
188578
-709578
-220810
-177313
-671535
63297
932732
-309623
-93420
-736430
351907
-925969
-862597
668812
-910768
-551776
157170
-792443
742548
73116
-302980
826115
-8419
-753294
-71934
-593856
-12357
459959
116386
-760887
-409600
626345
-753450
88398
-112064
370726
722518
-536191
-261947
784493
-722952
642439
7389
-885597
135050
871538
-446530
-439533
10775
-666853
-363929
550537
-437713
347074
-109643
-738015
-180584
764485
-571382
-89317
-277733
397004
552248
539051
-64731
-342758
-963200
320355
353104
55094
-933178
-933682
284636
-138253
-355975
-598277
-893119
-545335
926282
-482858
-281982
406824
20912
-823698
-300612
565292
-563456
-142564
-883474
893146
-136483
337097
625696
-239088
-104211
921257
46476
-983377
-345617
110599
-131160
233030
963343
-561471
520570
967028
942158
-353040
-805679
-162557
-697676
-854264
-187039
-94424
91127
525868
56011
208155
871341
713618
-106751
726344
492536
-93479
883378
-594894
589193
312944
-979380
-113044
-500813
942535
-291605
981454
-40955
973027
-481728
768596
-970596
-235292
402615
-691455
-272421
-178041
-127174
920820
-871576
-121466
-70992
-626781
-330608
-315526
406261
829367
499938
48463
65832
-384226
-995761
-956183
149656
793524
261342
483280
641080
195690
17599
441182
615089
-615147
-844837
885893
-998519
-894131
187577
400597
94363
907873
398828
-134556
364206
-110654
4142
174264
-640413
-867597
508424
185438
-309647
-394411
-962816
-57079
495269
159011
-756460
-585230
-969777
-146784
-510339
197219
366152
-621811
-387515
-403138
325959
-582554
202235
512665
-991330
-267953
-950567
436047
-680834
-420254
78186
-461838
-382526
890323
767345
-190703
677317
806783
622520
961544
-204352
-174292
-83443
-174065
16441
-944829
24892
-132435
422313
-447714
-48068
-416103
-265701
-126456
-616903
-600598
-696745
349965
149751
791651
520181
-266680
159244
-13468
-510533
812674
-709271
483046
199788
29644
-396366
515000
-140296
606714
844049
-447496
976215
-307176
368795
377577
-565045
456042
821957
31284
-892112
-92821
479049
-124983
-7548
781463
-104873
706823
328569
145721
-248999
810156
-91372
719480
-977959
-673518
-907851
834686
559354
-444884
-712173
640932
-378734
-778964
179543
-771259
904703
-34754
-394353
-532849
919367
858498
-134662
-891949
-415903
951102
343655
-273367
525385
-498591
77043
-262851
-461655
-796080
999553
-842834
-604271
762656
-750989
-581492
535644
-940684
390485
-247368
430303
-729364
383475
-835656
-664746
334894
577464
-853644
-430352
693020
-129135
-913389
60919
-507400
-830198
429296
285045
-175199
-460909
480220
203380
-954484
295746
519500
-182398
-511251
708119
918056
-688427
860961
-488910
360905
453538
-702787
722612
-549361
186565
-367785
62589
-782247
634197
736040
103840
910493
364903
-69801
-62222
158388
-997000
-769211
739757
-775043
-365831
-721348
-712967
-122018
-464215
130924
177489
533133
666185
-190773
-486877
-3630
-957329
-91935
163594
-618153
840954
716186
-64761
-614611
244893
580254
54188
-141875
700299
-223059
515829
-527784
-725459
-112278
341810
-650336
817156
923050
-749077
449040
-639886
-930566
234149
-109054
641868
-803018
-791590
267388
-980299
190832
375552
776867
254265
-949193
11649
-416476
-102953
-908437
-555064
982439
777334
445339
-272836
679139
7010
365314
164634
-130999
-631491
-176643
543262
-518512
869671
181120
-201594
838872
-86644
-277885
958294
59182
-136788
744990
33591
-455488
-627126
-871031
-933101
151829
651163
283597
635555
157097
342442
281982
180638
59476
-659106
194218
436887
204056
512609
-957470
243800
-975233
219570
-357789
767547
296652
-384333
996510
-713049
-936112
416942
-682204
391162
919779
179494
528286
-478792
688706
-996955
-117596
211105
572932
790524
-921894
363775
-62745
84044
-246780
826467
156709
-96003
-757322
-608613
247843
-445993
830839
-996921
-949413
-649754
522598
-888079
-460782
259037
-77241
312850
552642
28745
-736670
128888
-320957
-327438
-71774
73170
-672503
-328587
260155
456971
-901198
-869429
562770
-676342
-612931
-585955
698680
-747348
-978089
-524662
694710
396146
828065
-185220
898695
414564
537154
353651
-176091
175275
-186333
859358
141551
728385
-551078
-142311
982938
80303
-26016
-574184
-198807
986140
321847
434626
-167992
-161885
449504
260944
700929
886768
-17857
357555
-908350
-573630
377885
-830986
614828
-889838
-781708
483926
644232
-172431
158756
-154561
-302234
538065
911393
254673
804400
452441
702511
-58450
927629
165559
-974358
-643779
403876
-116710
373656
-542035
415071
776434
-853823
-186013
-828429
3617
-927680
331379
764791
773634
936731
627868
386280
-389807
-92250
-495138
-827815
-460870
-860098
350507
-154253
-20383
310900
-792784
47632
977850
-67303
-880810
-581947
790391
904412
-863197
-291371
69559
547908
-112162
173970
-527020
-486045
766168
-519001
132022
886368
413798
513303
237551
-643870
105553
-789706
-116198
-454988
939451
-459480
-456011
-388769
204848
801272
-313869
-13072
-612702
-69161
409594
439565
640473
-157082
781404
-480832
354735
-457486
-533552
-242747
-883992
-38841
-962156
972067
309025
295774
-250527
94191
-609502
-738079
910819
-335410
-589294
938580
183816
-165558
637777
70241
-728254
-77519
-129471
579997
648158
801503
-26860
829746
-82372
-417989
450331
-131637
-928575
-875715
-750998
368728
-435745
638590
-235383
-392380
-267978
361941
-852481
169161
488249
-869142
-577455
646034
-681440
-71445
501792
600890
-941821
966981
-142749
393510
223959
-328853
-133460
-399745
-100807
-590225
-403250
705718
-289194
43036
541375
-67681
741484
-470946
881397
-654691
967629
-793446
-778039
224617
337796
-325806
-944348
870280
-698213
266315
769260
-835130
-947319
474598
-702067
-474047
-70301
375802
-952088
-637269
263913
382644
-929842
689384
426629
92544
-188254
141702
-804894
439080
-616252
947799
130718
-262925
-102304
-588854
-658961
731110
897085
-214961
522815
-130481
-802905
-190660
370142
-190218
264391
759668
443021
-571495
-66158
-815608
-741758
621793
717319
141360
496128
-788445
-632384
-690052
-532119
-563831
200151
657767
107359
-583713
68963
959412
745415
156968
-952694
-885765
-957650
-995142
-329706
229316
755213
-619499
477444
-119359
-846553
693612
117579
675805
-785816
-685078
-556325
126867
835498
-899536
-73685
-434380
127200
-653205
-78297
644193
-677498
-791510
432541
853561
75892
-848146
-164601
117098
-774873
-182138
860356
763364
-773478
-892614
-632509
743400
-916884
-915906
982643
-317993
153606
-180818
-890737
-565464
-603945
227541
-907649
773173
-246679
-243724
971869
-1998
375000
719589
-178789
-760800
612549
-532390
951352
-537546
393535
790734
-206593
373316
164397
-746841
587825
-466479
299717
953734
989277
56495
414684
467789
520852
-688070
56225
547031
756311
278397
-837627
703999
526056
-17384
-927914
-324282
-26739
-578027
-497907
-881280
-764156
873373
561157
-853757
-111183
-600964
223890
-905236
-796061
-887607
-725453
587996
26606
-708122
19275
670668
-10718
624678
861108
228475
-834596
-588287
-281870
-129591
870664
-528735
225695
879941
-290627
-676487
-816966
491726
460667
-644273
-400701
-165252
259814
-832015
944545
-489338
-486120
616313
-563740
-998082
964815
-867006
-844600
-684769
525614
344539
908235
876351
-62429
796034
622199
-469059
62904
261127
-756530
691166
-904371
-473022
277987
117
367728
-25446
-485062
-799541
-25756
932030
821558
-815572
321539
-112290
-950037
-130442
-486209
711116
-65374
550508
786002
-421510
975141
412444
324578
234909
-354213
-758948
-405622
205431
632486
-921707
932874
-624761
-443877
822148
-396559
491173
752300
-425767
-140757
505643
762810
367642
688366
668191
-649991
-44398
904430
-120827
382676
-342374
303454
-894105
-677034
-469722
-461758
321070
726147
880997
-604223
-315933
-184062
291296
153086
-468246
-882066
-370773
322309
-714447
289192
906184
-667006
-144060
-114821
-913825
-926795
-396240
-92268
399544
867378
35344
536028
144185
666754
338600
-177976
-28194
-871483
106523
-884937
-298719
742134
414424
108751
754841
650875
62668
-784187
-956143
-714538
634376
776452
-934464
-990806
-923840
-737925
880605
53463
848003
903771
989813
251982
378591
-949120
808090
-429505
478760
-170869
-314209
-337893
257968
247916
-618447
195635
-308146
-327583
997501
-980739
-465735
-122554
-556870
836221
418768
975050
934549
479884
-54877
-650452
96788
359694
-856570
388128
-40108
-276269
-984135
-419047
-451027
115794
536166
-911141
-111062
878995
-186313
866935
-692092
231718
599108
672151
783844
-211878
-292340
-216036
-33632
-257281
815709
-249012
-794296
79176
-754831
-796983
-454358
917061
397737
-427026
514302
505634
145388
-776850
580088
-518053
324011
722506
-456573
-66559
-530372
-183953
-361238
5348
-199570
-589256
324957
-524739
388707
-561007
-856464
-418006
800934
-454959
-509356
598644
354237
-847367
538900
546443
378621
-935021
578287
830413
-242952
89437
-528062
809843
773463
-664387
-24303
-925806
-913109
78650
266295
-653076
-511359
-310207
296832
425285
215456
643789
378350
-262054
204256
533984
-704319
154536
-112861
136947
-557016
-261377
-658471
876990
-776630
578185
664078
517711
777095
-10278
301189
-454386
-909065
440790
883583
-349600
-517081
254704
606059
836029
-481482
-395044
-517171
-339507
367448
-54153
-822326
-188270
206352
557265
921184
170120
108758
-701665
-249993
205613
319498
-670108
485308
-321885
-452150
97038
-220495
-670106
-68552
759921
627793
-696696
990983
-677158
-934486
459944
-124857
433766
-398263
991937
-262704
-562353
518610
318483
-624249
44218
607927
580156
-854209
-239877
-857072
-61281
-281617
-714008
911799
94450
-52759
-233904
-45135
934598
-393310
617238
-1419
-869668
468969
-208853
327465
-708349
844793
-873434
-97958
-869720
358971
-772781
88618
397995
140802
347259
693222
-849586
-502668
832632
-123442
-924795
-689947
-464645
139285
-379504
-818044
-748069
-600155
-2135
-296137
-969982
672484
758369
95635
-758718
477799
866089
606917
-455869
319458
-297135
126313
-690397
675139
625563
500409
-21756
-614472
309901
-391162
93508
-388346
-243036
-40873
196117
-380708
959184
-493810
-227970
-88676
802195
39424
-247468
-504901
-789532
675842
-888217
-374720
-408168
78081
-541529
529811
463184
133453
-469928
-728789
-880645
432615
-811500
818409
-532308
-279195
-243732
815981
-895395
-233492
-381081
-151679
-527447
-894333
-899167
-651159
-85889
-628868
-669124
-796670
949356
856806
-513156
635519
-252279
-181871
-910635
-364887
536332
-346022
-581186
882868
906138
-613995
694832
578980
-725626
-403557
-574055
-838858
-699797
-756250
959135
-234204
-780105
-862678
-766596
793272
-765406
-568689
-620079
-609571
809012
657674
943973
-86897
-438368
602003
220291
28610
-114325
223955
-93182
-226394
-667095
90848
-780805
298543
-671411
265915
969976
-644334
948644
-830182
382256
-132005
272442
-577193
-99601
627101
131553
838648
473899
133080
-931869
-343169
-301509
-18129
109654
-987443
223549
-307598
539730
259431
-103277
247180
-435111
859757
206881
705751
924460
569834
502921
421096
801176
340561
-897184
-564592
397525
359618
-134313
140114
562111
937620
824783
-270142
-322539
481962
-739495
597662
839315
828211
-592052
577283
365145
-938877
-475525
-694519
73432
385553
-532414
954077
558547
-76028
-351182
-283757
155466
108351
-755450
347831
350014
-774916
735700
-761194
323837
303215
-152753
-429316
691443
827425
-887453
-349326
-60458
-198278
-651399
220771
-701386
881682
964096
-259070
662393
451843
302963
512030
470245
-642707
-830545
-495211
-805900
307246
-163955
498042
-423171
536967
-493570
-819314
-906231
-568816
409501
-891467
-662125
979966
-108306
-894990
354262
28135
761732
-24551
326658
-72812
-743929
592127
99848
726335
-88606
596902
120275
-371747
-661422
-479863
242341
-857254
923453
778372
231315
-204023
-254627
-827065
-196468
215468
875890
-312803
145994
-681503
671452
207373
414279
540112
-133875
502999
426498
379748
-226468
-718367
-751420
-925275
-370319
135019
744180
-164819
413500
367846
19367
581056
783847
-51446
-114853
468438
-953992
16163
250388
775277
427066
-417448
-860079
789909
853429
-787730
-243390
40580
668653
698568
691949
-973815
895596
962871
-759778
-568665
-938179
464874
973909
537391
861288
91014
830941
678118
392837
74902
759207
-812623
346572
507273
613275
-149685
-177864
657040
-290873
425435
501310
-617298
397558
-810894
158725
42551
925441
-564575
893061
-605959
-783148
-378746
-985890
-923549
368513
-522150
-962383
549662
-825585
-683270
670948
-756140
289125
-186012
890280
356962
-596183
58963
-159805
377371
-856625
163430
511231
-633266
459330
-403969
381759
892656
926508
588609
692716
562125
-937379
-340446
760893
57378
172996
465142
940596
611044
15988
392347
579207
735719
-596039
964335
-358175
-200979
847155
-623296
-104835
954843
880717
-269183
-320735
979694
-265784
-715607
513923
140078
935443
-295669
-165049
110890
590388
-342010
-61108
566625
806647
-785409
536509
-874013
990231
-299478
-846056
827176
967772
-527588
-844164
556300
-808930
891125
953134
417690
-930102
288414
-577287
-847708
-215258
845830
883505
151762
-183705
278897
-490792
204921
349894
191842
747939
623685
643696
-910630
251683
131668
356293
-851481
-187493
319306
642289
-111235
139027
586263
95044
-866075
351894
579510
457033
781843
-412223
349892
-44708
919383
205744
585376
794754
561369
-668007
583411
-100318
267960
713196
-642249
-829437
214944
72661
-102920
99962
-966901
637902
963227
360073
588812
326731
-81407
810125
899314
-759130
702413
367418
-685917
464188
45773
-950960
-471311
-453161
255804
535082
-155038
-223265
341378
-994062
-322276
422960
-84014
-499415
-160950
757923
-68583
-214583
320
658315
-887916
-906531
-845204
315585
377041
446579
-177158
200966
15162
247767
565303
-928411
913051
313492
389772
-142692
358516
-76979
-280969
693935
-848045
320973
528588
-451933
80411
-29648
-969156
-168921
-571624
-637244
171841
-53200
172985
54638
807696
-531213
799763
-26784
171407
509801
-690906
-533099
-425751
884447
-621881
-646130
352285
881469
-498597
-301618
-411819
-189813
669507
817659
-352073
393098
879393
-190852
-849664
-957614
-808944
-502652
259329
-611638
-575879
716888
19761
-539913
108340
286712
526134
555776
-1040
-214019
780073
-694861
6873
18111
-331085
421832
229527
443762
131743
-814149
453955
320585
-876886
3659
124889
514136
566593
-232401
-358610
-517182
515236
404363
50723
-341913
-444660
67676
-637055
-885618
-548679
-543973
-316658
-204809
-672539
620590
238980
-72135
856839
-65352
347768
293330
76305
-939929
-434917
635271
694046
737086
455264
-768343
911781
80343
-275569
120017
461346
664959
308386
-877876
968788
-472656
-253792
683518
828776
464377
-382439
-758666
201364
350844
577329
-750384
-486285
574408
804807
-680152
-663483
132538
216814
-497511
-776592
-736945
559082
543521
-879643
-664519
-779550
-846939
146391
393840
592487
979318
31961
-661437
886628
-748491
724140
-217303
-990798
-910290
-974160
370151
-804173
613120
-469422
524983
-219338
60175
-583511
-378304
-417961
285747
608261
-50952
598965
568488
862586
328425
653239
-1408
-958639
-288858
-824765
-665552
-233504
313506
-234754
-102603
-612955
631918
809147
678374
493048
-872424
-980332
342176
665177
215180
-303083
-170318
-23536
-340727
-951580
815122
-151563
-596061
-583266
114737
993596
-797306
-366620
496974
942790
-641359
537842
-822666
839594
-5011
390989
41371
724308
-408340
-139309
-645536
860923
-487467
87394
-895886
674215
879341
-747602
503504
-475894
285354
749044
-715187
923225
-504478
-484638
-791453
17569
-133322
-424947
217697
639628
488789
-332912
843649
470380
-653294
-776863
147601
-154605
-646796
612536
655063
-650193
-27167
693917
434776
902978
704093
486894
662002
-330976
-80941
711000
-535657
-762753
-642376
383560
562600
-120211
308138
962111
-662406
-533983
606599
-342335
578519
599584
371284
710631
-518731
627583
-791347
-690394
393282
363032
-183940
478104
-468625
790490
-492589
-283513
485200
702021
672502
766458
-145333
90288
740062
924884
875744
451237
18200
888961
435149
-301504
506944
-814131
970172
-610043
800144
-604432
705384
-771623
344159
875951
-780785
-639023
-159386
480154
519332
-706652
-173295
667205
151716
-384732
489486
617757
-771588
865492
810401
-356912
890345
176010
464879
-361407
16429
-270142
10728
-841323
-699470
290911
-227535
-605456
-790601
-386209
-252800
-729672
-226843
497862
-775041
-573204
-74392
66433
-786267
978366
67899
-204829
386532
974055
-211265
-988473
-209228
119665
159231
791755
667712
925960
-310750
-386258
815016
513226
775103
430773
403560
-659751
-430684
-780959
661846
302655
978546
-279536
-894205
645205
-252973
-34033
731644
-368903
-233953
-299931
714047
-975620
-16384
-327977
-95806
-378446
-668709
-558380
894585
498831
-705814
-296198
825173
634868
-569010
164656
-281891
978986
-746221
-873523
-579442
285851
-208894
952883
-42124
556634
-52441
-716357
-168637
-137397
-827135
687368
502115
-101385
605945
54206
-857500
401715
490462
220561
-897128
752267
-133360
-210082
305428
-460493
-550921
-676925
521440
-557122
282988
639590
-1927
-511725
960631
245096
140701
-887464
-542441
-748740
114935
782622
-88324
225097
926753
-660739
53454
308728
-834714
-655931
889977
67891
640147
-851872
-636195
-365466
-224121
-310078
398398
258444
-184046
-336498
-950526
239759
254347
-448333
-654330
834597
702370
-918347
-945784
121758
-331281
330677
-394030
-882571
138447
272811
288128
-550225
734794
120845
742127
37195
-764555
-640775
-809498
-43664
188677
807266
-470928
-163912
-532019
-270538
105257
767295
983301
-714331
118072
-645608
672032
-585082
791495
-907380
-670456
511013
779833
534662
-723551
-917347
-625710
326081
-195755
-940118
-243566
163554
751641
-355823
-640469
949449
-224034
-153923
51233
986969
155771
285641
115142
947255
-396226
757717
150088
482587
495515
384252
-386819
350010
108496
190876
-105050
476559
-408418
-381917
518311
539211
-141959
-390379
-15312
-585811
-102168
556138
76610
433375
-496704
150383
-907863
869066
-718587
-489359
-443937
-486220
488578
-133364
-300196
588020
-277515
534306
82974
-970120
-210672
752192
-175083
-624531
-963056
968389
-5936
-588426
-207677
116644
383838
-45252
650521
430706
146947
653329
773880
-85620
916693
-835260
817217
157423
298902
-434702
534782
50592
-195385
852996
-798582
-171925
-641563
496002
680159
-261255
917392
569357
-62769
442469
88669
775657
-906358
784623
87554
-818616
-373431
-23132
-114164
506171
732935
837649
855326
364143
-782816
469724
-71714
376888
-794597
-783836
60487
-455109
684914
-604036
-209850
98056
-656315
566008
-585960
977018
382348
-25182
-786736
-524256
898169
-471265
667422
643617
602449
-905359
324064
338314
-844572
-418932
-948862
-74412
-434635
-707698
894408
-387210
203223
-951821
858758
-592783
-963302
-657536
-946130
960190
-825554
310226
-702614
-176159
-44934
201787
-703469
662231
-582754
845298
995043
-10250
-233176
-5879
140197
841898
-963792
-596499
-793750
-841455
-96374
-635748
46057
-709746
473679
230540
-804331
-646694
-473703
-209351
571099
-99805
-569454
86629
701653
641536
505161
-140117
-384020
569163
-19070
-900089
562778
804451
681427
-228252
275147
481841
-564371
272130
-78893
272140
-536075
-51828
-395941
577729
280825
750252
-660350
430659
644256
382242
214299
918737
600535
748884
689200
830066
807477
548416
616304
358198
-445839
967528
-26910
87811
-849881
-219412
-743609
725921
-881163
-426593
327984
1612
-213144
977528
-70028
-915427
90486
325572
-923343
307594
164401
506807
-901532
808739
-39838
63933
26463
190747
127597
-683401
323012
378212
-496152
722278
577409
-575016
854240
-853172
-492602
-591406
-919002
-802317
500488
-194229
658218
844713
861306
-986393
58718
-576674
809527
285738
-51437
850055
802602
231478
492720
-404756
-233795
-339610
-990823
-112077
-799397
986634
600525
818689
413285
632669
-196837
-53389
-978380
129940
-732880
977078
864978
637799
308447
670434
996052
-498437
962367
-454362
915435
93098
884489
-700845
668122
-273251
479043
-587814
-474665
-677137
-137509
936616
-706953
-869689
690925
-606601
871110
-30016
-396470
58961
247328
220650
20238
278197
467783
-138239
115202
791435
-503514
85884
-909625
231144
975174
-807334
90625
638524
506630
-215292
230282
164584
-217990
811413
397091
-571407
614242
-598575
-247409
-603638
-337874
-276069
-768697
109755
-83007
-313712
214656
998383
-678642
-938123
173761
75918
29185
-938271
553300
929128
-128897
-56849
-294275
-752548
688325
193379
-604179
690822
-552529
156898
-960651
966764
-156399
454000
841926
-853356
-805531
554208
606698
-642484
-537692
175761
134669
96903
226654
733857
-305057
-380050
623877
460285
-311960
-718222
-457695
804247
736967
508867
216558
-801651
-460496
476584
-141151
-658920
454996
-133568
499520
877379
-382475
275003
-517835
168231
-373223
-98337
-443317
-401767
50941
656967
186030
-487827
82223
540923
696033
491854
-862178
-981541
869924
942977
-877239
437724
672396
939614
367815
-609906
-286854
-252098
513210
-499761
674766
-823261
-355617
767400
-650909
-601107
-566310
587823
843834
-430000
-96504
563060
164774
-133565
933990
100797
897284
-538378
-49918
-534625
-293455
301948
-500060
-773209
378835
956598
-439932
-547519
-812781
617270
275350
-334460
924380
-10853
-230598
701950
273411
753096
934260
517138
-625379
649621
941678
515697
120759
299338
492984
353532
-13915
421928
-542715
255794
-876238
-150661
686550
-308635
-713457
3808
236584
33357
-460212
642927
-919576
579953
-810520
-687944
-138883
-621986
-389850
-248160
571947
772740
130337
634180
-885030
-635305
494605
-333210
356578
174060
-636170
818684
-582981
728124
58957
206426
-147033
542834
-23712
385081
53794
-588445
-36731
-101134
854366
859441
849006
314075
-314209
-806192
-47577
946504
-699188
-542573
25267
-142289
-992314
-312550
230904
287576
-682104
-47845
-825421
213722
931291
304564
-501408
862277
289340
-880218
563436
884663
829477
-250533
619930
754702
-962518
-894908
962314
366837
-550794
850068
692587
-129382
313975
-643190
954757
635112
-819899
551215
925275
314380
866335
6135
-1130
606302
849729
848310
117794
347142
916750
-806805
-357477
-690747
871979
-296748
-159368
520359
-40936
494905
47738
481336
314689
-770620
-9265
-753225
146977
706610
-388970
-275150
376537
500114
576881
408196
810333
-643223
-364682
82144
-689408
540993
636756
-734442
516026
591442
379213
-662803
779790
94599
-656302
359779
-638598
649917
-691608
-810604
309370
323665
-61819
-500433
-47306
-724384
618191
300382
-387596
43521
-924540
629042
886924
-119296
69010
931580
439567
482271
-225010
-155283
438744
590883
-293970
-530784
988637
796828
-337618
-129508
-741119
-18024
550172
-443815
-794789
634730
-295412
-158669
-746838
744377
-226043
-71033
-561941
228677
932427
-4710
-584811
62360
-664857
-139796
-51209
-438228
-542918
938616
130187
502841
-319057
151503
854672
-604481
-76205
-225253
-93183
66539
-564007
947602
64046
-250904
-179965
-740287
377414
402671
759767
-843784
95078
6851
-248065
589930
442057
744360
245241
-769963
-583091
118201
-126280
675670
-888906
-123825
833057
-735980
-196952
-495685
975497
938796
-390806
162207
-717874
-895154
-948032
370756
810864
-746469
-259280
393895
171101
902320
986840
763310
-849937
269209
8247
-813279
931474
-202581
-928208
934262
-723809
-163355
82839
375127
924044
314010
-134401
510645
-593612
769473
965015
204319
-212535
-929478
-928379
-149962
-445293
-698402
-999886
438732
-550810
547674
970561
223401
-12058
-600726
-654498
536918
911848
-502591
-261060
-963164
-326982
-655890
-229731
553864
223594
446327
88165
553775
-16660
942689
-587813
644771
-792109
-953891
-418381
348358
713495
-874289
-953127
249577
-940471
-56331
-22466
-456795
-809508
804940
-896171
-967378
-636253
-970616
-158658
-125659
236217
312636
-6285
-300282
-103125
-585823
996865
-898093
310860
960053
-696750
-41739
-821412
-750168
-522330
620702
808173
-164007
-545203
893965
-919302
574303
-461089
-713648
-520052
-868121
-836082
106241
560797
-365146
314034
-809820
724381
354004
542304
-234512
-105714
-79606
-145061
84528
185665
668567
420461
-175288
848817
-756571
-57844
571945
100714
-493891
168695
-761553
-796671
-105384
624871
-466635
465074
-602489
502431
886259
-741571
988564
769834
-55377
-96116
-960715
-765488
-380622
665516
920154
234785
-175095
842475
345700
937739
-523607
-52371
682833
711962
-227290
846590
-244385
-931218
-807452
-938481
-771612
724478
871469
319399
-33667
969998
-125060
356545
85303
988527
964278
637853
671782
-767352
262652
-59981
866007
496959
699225
718964
-131094
660704
653038
-669183
802339
219842
17617
-681668
621936
-827055
-129485
-114093
-306786
-855344
-573129
850159
-744104
276606
-405821
766874
-5605
264977
-117840
239071
615943
-570879
962013
440078
-763178
190552
-211955
-341136
392438
764173
-171778
642477
-94458
-715405
-451540
46507
998479
756542
868105
-555337
-501875
920339
-493712
-163400
129544
-833363
-950354
-796565
784972
-68288
-131208
-245182
-123788
-119730
627996
-473212
-644530
237047
689322
-124925
547941
-962868
-925039
-276099
809031
177107
-957102
679953
366580
47001
-624510
-675991
-242407
739386
295446
-490370
-181579
14481
552254
468052
147042
-461296
336147
952385
413644
-634864
-101619
-13262
477994
679063
-885050
-914852
-242003
-692423
-240311
675335
399863
-369169
266687
585879
544331
63045
609020
147254
788692
-722532
-64016
-784879
-199748
803049
58507
67052
488499
691407
543154
-851271
-936527
767864
-920167
770341
39058
-430509
864959
372563
-47787
876604
-799993
-943672
-736917
695523
453024
-29036
32932
-962047
-40006
211718
79347
-656808
435949
609364
633066
-230127
-224877
-513390
-952122
512724
490858
161115
930186
677911
911379
276899
813845
-554593
245893
-911903
-687754
700664
633216
-100500
952569
-365669
-589680
-456727
37224
708872
-294034
175715
-229439
-264137
-375660
-533903
-986392
-364244
-298937
-412968
-211893
40259
895957
-45761
-890912
532211
293148
-164100
694928
-192807
-905059
-983599
176802
955889
684472
-802008
503243
-344356
208024
931218
330821
269742
800293
-22819
-49124
159158
942091
370295
-854579
-391642
578119
766751
-297105
-653571
621582
735014
490422
-485818
489723
703278
288829
396801
537681
738774
411036
319034
-409912
121939
-341864
698961
326509
-766747
-792973
-324898
-386076
100557
294912
-718757
692449
-648301
959369
-718968
-219463
193579
21740
569061
-366962
900558
-758667
-169602
16732
227377
277360
869833
541275
837452
79113
-850658
901490
328788
-231262
917221
-275168
-332517
-137053
656391
259006
-716207
-758085
-697256
-214205
-798654
-95944
459343
240107
-429048
218181
-54887
548695
577253
-808472
936465
839223
10238
976546
83458
-792415
-973580
874575
-889357
404687
454178
-272172
-908367
599058
-80183
590892
809821
8779
147396
866423
649178
508475
137125
-896362
986574
990869
643992
615572
75884
482377
-18502
-934167
-441655
-478305
338366
317420
759352
276523
-515213
-480071
-796983
-882008
243876
746795
514695
175029
937662
869591
417416
186070
124441
-224907
-864464
414410
-760250
-193702
262840
204304
-22155
619079
-195403
-905160
-424499
951825
-66722
-239360
893946
290960
987302
167403
523737
17743
-998285
-329953
-627183
69842
215833
832841
262941
-885671
968934
-741296
420678
-955409
-376804
-685142
-300331
-192801
-896033
452263
866985
926303
806302
18458
-112161
-101100
-968992
295085
-215767
838018
-611288
883324
-766203
-345597
-324694
551096
-48020
462557
-145277
814489
-647932
-262355
265706
815836
-448868
862330
-229203
-125547
-801150
617407
-40238
-973118
938921
71584
-177256
-928439
-48075
504518
-940487
-256505
599855
-632023
-855131
-389165
-301942
-324133
166511
-648782
-920382
748533
-981831
898401
687182
194580
301660
275027
456097
149318
233340
-759647
-573652
-202098
351324
589179
-370539
963493
-729642
291185
239788
-243966
168050
109285
593873
-149130
-10190
196051
-650576
861501
479390
723606
735960
-314942
-170566
864615
265286
-916621
-32507
-989748
42751
-857644
-577047
-306012
51842
868072
-554243
425739
318771
984821
-235160
178694
80973
-871537
-176440
-756749
424269
739316
-890046
-547747
59609
490747
674146
-802912
-146858
-794165
-670200
130547
727728
-380
489057
-333508
-224659
107334
-921316
170233
-800117
291103
-650188
-873739
845780
-692314
-443850
-335723
450177
192419
930646
-499811
-822517
259768
-491883
-600065
283273
644543
-151344
247076
858549
886242
944827
-16723
386230
-552512
969803
-903257
-969168
-423425
750199
73257
75591
-432803
435354
133731
98124
-537080
15229
976692
805564
17166
-896314
219050
-401028
513665
608107
417337
-94391
-478827
336285
-877780
-812829
871692
-810095
-433701
359231
-560000
658252
552499
-249862
10704
533460
-652010
-523334
-204491
487150
796488
956068
720959
-357403
909054
133815
-56740
-91422
-708256
-656950
99460
-878049
729152
-559338
320147
132631
353578
754853
645227
-523951
-539074
709285
-484599
-461755
-925368
-172675
-849398
-70313
954177
150287
601832
576072
154431
-887679
824623
336249
915585
-182149
-918625
997557
-483432
824466
-684568
896082
-450853
-795485
-11337
-295041
262973
762759
-948028
992645
-69293
-30372
-691823
-598260
-245421
660916
808112
378955
984889
873522
357892
-443554
-734208
895428
138881
-946985
610033
-132967
328638
891829
-711830
997793
278679
501958
12746
273745
555301
-402701
-178019
-540593
-591233
430299
-85383
-233495
633498
351390
-103227
195753
-125797
823723
347929
-439976
-39737
666028
656248
-288380
-212213
-603869
979909
-375920
-622538
560264
-302657
318151
-666258
869240
773810
758109
77861
-923565
-169637
125404
512622
-688269
-712490
538798
4639
49442
-946543
968861
549464
-316011
614548
-826074
653282
-785156
-314692
65696
-303971
-22086
50014
-895390
137699
-517351
-440227
-863473
-497180
861723
-67417
851772
-748056
-761799
756231
-573351
-892775
-2153
717086
727988
979136
-924343
662609
945419
149224
-351682
371661
438424
700453
231682
657405
22843
-783560
-168282
238738
856439
-332106
577213
629948
803367
729109
-526871
-170196
85953
-72349
-584652
-662072
-883361
996635
-339152
-603211
15250
-861706
571295
924976
17884
-810796
768201
677314
-363967
166735
-247288
634328
108691
83773
-385331
-54516
948164
957219
-30420
-645264
792045
-173050
-653698
-993494
-688956
516497
311697
-143859
-806039
941285
432853
-702454
378248
208784
-527330
77717
-878765
571016
-496144
681838
279309
-156225
181398
-770139
-177767
843821
719529
325390
116989
492521
-485185
-432588
-223337
428012
-378157
-675501
-457799
-972321
908809
754714
169374
860917
693239
-849404
53682
-144357
507276
-162173
-614179
-629999
196293
-404899
626054
-748114
-303674
51377
46591
-235700
-827924
-955868
-858749
624907
936974
-579281
202088
-621806
529078
-883090
-186305
455440
-804458
-872375
-304992
485092
126745
820364
-52065
463280
-873159
-549388
-861087
256064
657325
-125867
-322882
559211
-33330
-23442
-932320
-695880
-643062
429094
-456126
-872608
-982519
-37033
-210518
-277644
271387
-52166
-462249
-88426
984489
733670
-704044
175374
868202
-24300
679936
35483
-672977
-248681
-760417
-975669
-656933
-527188
332014
275132
-240152
769139
488170
743978
276961
691089
-218908
868218
722403
935815
-201794
-504482
367021
237576
-428458
341368
-747100
669520
908430
40121
750496
190319
-872155
-927709
-486625
-707426
-336079
-38199
832677
763303
326981
-568662
-244484
943020
-146276
927333
-281185
637485
-406856
-533373
957314
-949785
491225
107065
-378896
-860942
246433
707959
-421069
-388394
772441
-520841
-669828
-458844
-332906
-106135
830817
863303
-289426
-193861
216982
-113312
-99906
-910779
340850
-294234
-627835
-773159
-445283
-522571
273860
736831
-359423
-770678
-527314
-88553
415734
700024
600500
-570942
783795
-186123
-86624
-768313
484190
-512734
-864584
65647
329529
-121164
-28450
-671839
-960377
-745605
-325297
773038
918026
-432164
48682
832994
257305
-62543
365249
855868
-900974
-436495
474182
984306
-642985
-151590
-471358
633529
-756085
-577124
63009
889658
834965
822881
370542
779709
302963
63840
-412241
559529
695449
-136655
795434
-384219
-741578
-766118
972314
940002
-343099
214144
942451
17009
-44482
767221
-938068
-892861
-27439
-129557
896845
-855646
922798
-846450
627966
875499
-981383
540720
-768016
880950
348424
-640038
-932210
355435
266663
276729
-814437
643847
-692080
-908404
928477
567141
-435251
-804368
-400166
-226430
410488
-110680
-489976
620918
-764905
621705
996434
384222
21226
231095
-121085
601488
733359
-907502
964422
-431837
-708225
-998334
875967
707982
739522
-27965
115234
-393591
-844365
-760821
-793379
196914
-440926
-224372
-960721
44951
-604591
224671
942412
-84735
300984
342720
-789494
-90078
459363
315399
856418
580513
-661085
965837
-541592
-294796
-340797
642709
-924293
729919
-60401
971271
605898
582371
-425408
615668
651214
-305722
744033
-888285
279739
-674330
152985
-907831
614068
165580
-701026
314845
148965
-984886
484329
63496
-887552
23234
-590427
534635
-859159
-1113
218306
573285
-768563
-105237
841806
370385
-257600
282349
-209938
-979801
-526039
424921
-393923
118800
56731
588819
-491404
-436118
18881
-542694
472871
318551
-176831
-674070
219776
-322664
-491600
320268
639178
-804966
675071
-920149
-557534
472035
-788970
999596
538933
-488369
111144
-858475
-586125
748321
-68016
-417335
-646041
-61934
138933
-336568
960433
142450
-90739
178781
270856
-522585
262881
-185671
449289
-48317
346604
-6451
-662133
-672481
758537
-646820
437781
31386
855849
-1489
328840
-624763
-805312
619791
-317861
-85025
579490
-917884
-800493
229727
619775
399912
589201
341558
554431
546744
-818197
535899
416048
-480338
-75372
-94722
666305
-799609
908115
600007
-814801
-366862
24065
588833
241022
-134380
804852
699281
654310
-33824
-217431
-451864
-755866
-825090
358441
325584
-937038
993201
-381088
-290839
-709548
179681
-898806
-428940
-683664
961715
14564
418527
925438
-992001
999923
-352147
296198
-672126
179249
408169
-731190
979994
-245378
6408
-571217
-645121
317855
300433
538274
11759
559690
-259155
-872982
210833
796392
-304968
-645310
667881
990358
788899
915930
-899049
394504
173545
-150015
-493660
911833
-961392
546402
66888
953782
-635943
-374352
-727363
208915
-413285
-580088
191665
-328152
103080
-618172
-558582
60926
-112265
526048
-440966
391803
-611449
914404
220706
274858
888819
-717244
71143
-342959
80374
-517311
294110
334556
191773
470097
725621
-725956
223045
568384
-549745
-159784
564897
496593
-980671
926864
-776366
120554
114531
735699
-342816
80839
230947
412500
-984037
-603670
757478
-480018
-109913
114699
753020
368942
106206
28489
198177
761325
409891
941904
-25378
833242
-564862
455561
920009
-255674
-870494
802343
-881439
219856
37208
267036
699037
-352807
558361
-314690
307549
515923
-702806
523749
-110522
-491324
-398533
-29400
922487
551307
-104801
-592739
942091
-856408
-439347
646922
-402131
473252
-303759
836352
93995
-825905
-20142
-86212
620305
330629
384062
695126
-233971
-183457
491073
-929227
839346
472677
-377661
-353975
163879
702739
-702415
754610
-891856
51092
720770
-862676
186623
-237358
-921356
510268
340630
663202
-114565
480052
-379166
-484612
-688888
-315716
646316
-990751
603352
-462822
345290
-463370
833660
-687875
-914984
-109247
-226198
-782896
-633011
-595224
-903404
103229
-258410
-939778
-987867
908991
-540538
400713
-970201
-702587
179611
939642
760296
1039
-704174
-977367
-607509
-470477
719844
814254
936718
95977
928199
-330490
472524
947111
-299690
889366
525872
-333401
-10395
585905
366875
388890
-410766
-320798
-54824
330631
639297
-770895
-201205
-357330
-746930
300869
627833
748792
-914181
-351436
887645
649400
-706336
-613752
449892
-979853
-305056
439889
807295
374895
-280764
-456216
155081
-628201
-501423
-937957
-190971
-281280
-870096
273648
-305093
-510464
585102
335722
-570307
-169172
-151424
53636
-608430
823455
752887
-781091
794455
932076
-146333
370191
-940158
590915
235649
-432548
714705
641611
-110101
272687
-662334
-171738
714298
-304399
-281475
733400
-427088
-631513
727184
-145010
901586
175104
363397
648920
719511
961076
-377522
-772721
-516800
670885
30818
-767672
364864
-236573
-819688
-600996
149665
-60804
-207430
164898
-895509
838761
-416085
-130374
489283
-577851
431560
-476079
-991176
591115
-722758
-405765
-471567
-404263
-333661
129922
-537005
25146
568841
-996800
428296
934900
563923
-761453
61275
-510146
-970165
956493
-343667
394562
-602645
-149505
-642980
651151
738923
-46969
-775482
-261057
124484
674789
-149799
875312
-524259
181512
-644577
-72644
469314
374757
-935992
-314688
345519
409585
421374
-166652
125563
804652
-951342
-584899
-72762
-689525
-462491
-503427
854210
-524650
-181335
812735
-180076
-266995
-96074
500579
-131119
-480000
590740
551510
-843540
-914918
965514
442471
-173555
629346
-969716
768230
981252
624632
-192717
-80018
-120851
973324
332612
971341
-232749
94597
-570100
-531931
839027
202912
696226
-314128
-261352
519306
-495558
533828
654877
966929
459063
531460
622832
-613041
-459742
-631
492111
813468
-599784
353995
-948315
95955
-926705
-442568
-730282
-493791
907672
194881
-298968
-374677
-192015
-190829
-53691
-113016
-416478
651081
-161983
204671
916092
935797
874647
881052
-130316
-959949
-887218
-240937
366815
-674933
-645833
467848
858468
974851
758949
-202694
-238261
-924142
-570451
-73340
-136491
-237695
290479
763032
-742271
-115882
631452
63726
-583266
620476
981476
-439092
-859483
-404240
795285
-983543
611825
742874
-314819
736337
385790
952113
-110765
621298
-316788
297310
-217362
188107
455594
629185
703724
-392651
904168
-539527
749621
736613
800517
-925840
347949
868020
994095
-278417
-617282
781420
70582
809495
836676
-63627
644392
-813332
782420
-147746
228548
-975006
-282142
-95818
262011
-127351
-933861
-15891
793772
189380
-400850
-527175
-483765
507813
-507837
-950642
349435
-160859
-121381
801878
-912448
911400
240082
-796922
-263691
248750
-690622
-133889
-67159
805516
-423962
714289
220885
-980935
-586038
340041
452974
-827569
733683
745068
-610712
-423577
-641015
-280805
-50937
-663972
57078
-325584
424755
582910
967154
456186
513124
-187741
-361138
-24
14679
-460816
234551
-931559
732845
38643
299304
145539
149299
424314
250625
-333615
-542000
-236100
-754388
-577036
941526
-930736
176619
392118
-322199
-302307
180058
164298
596232
-312594
-515456
429431
188499
710801
-690379
-738258
158082
406195
375332
-910029
-208579
-599951
-696542
-614125
633820
458392
-625552
591738
-619491
319165
544358
-818112
-869213
907205
661441
14129
276955
-823884
-415256
870780
-110981
792900
929017
654700
-870611
302648
-44150
-648842
392578
517175
-381790
656517
446512
882033
-365877
-778839
460551
73849
-657851
-993740
-803398
658144
535818
890508
599304
868201
-84261
-278410
-197499
-704850
524073
785265
-870883
801210
487676
569882
-344186
424826
-54489
-527705
190617
-53040
-807309
-308828
792851
929842
-946160
858853
68796
-953902
-632112
-133396
622428
852132
-832641
-258401
384304
-892157
500073
893685
-464136
-85695
-537800
726306
528545
-609519
-378967
185305
-66295
641261
949066
-96523
378725
-842942
-509696
388145
453933
27158
-819284
-610782
-427821
-376249
785484
-310727
566859
72972
671438
103968
-414257
-240196
103693
-437758
997556
-924834
918063
-364454
387656
575213
697217
-500195
793267
999493
-289031
-85879
-334116
-157024
968714
-300063
-598686
689394
243432
-831948
438539
634181
562542
-255024
-957453
-928713
983109
923604
-794508
-369298
-626386
-957138
-12494
662530
164001
97460
-883917
422366
-452780
875814
-190707
229646
-920597
-799006
630860
-799384
426303
145936
741180
-576715
393493
318310
712168
-715562
-287837
-93453
510715
430356
333956
167170
-422143
-758806
439472
-813463
704617
-978472
-270895
-61807
837894
-306904
724735
-316630
887851
-325474
740341
-184210
773494
851530
517199
-303306
-174928
-348452
-16737
-741099
-944904
211119
786287
271393
-736868
911422
137072
665473
482139
333116
-739183
504705
-685720
-431526
-500927
32725
144855
744511
-444481
646818
683882
46534
320327
678329
-454250
-233600
380049
504267
528609
-338577
641649
-645367
452063
-291384
548228
-214613
-72263
484744
256514
126662
-707179
841645
99027
-361386
-291971
-598143
683862
623567
-763366
-126583
182690
565669
-312911
354115
478622
-685146
51888
785873
-122130
493058
585387
-531640
-407117
765078
-506194
237906
227180
-697416
256049
240755
123716
647656
315999
881752
-647252
402777
-489518
-638764
7950
680361
759742
-221048
573071
-740006
843285
-458084
-22919
961309
468360
-504588
-630264
921860
-739367
86299
-160254
-34497
74387
302469
119649
721979
-41535
449288
-44067
-100914
-197140
540793
654271
312427
-897120
-311988
936398
-446116
584220
-160442
16138
-933776
-264175
869956
-472997
861955
-653343
20257
216549
-994724
-272878
538814
876133
-870578
-372483
52298
-813785
-58453
471549
-53494
-579683
-916594
277929
-288988
-358133
-271290
223346
-337387
939482
-540231
812207
430966
526508
-977661
-372866
420242
921823
-325581
675802
280621
629800
24447
794853
-150446
-558985
-727569
-590267
-738534
673009
-118852
-569192
-320303
49487
38049
-704878
910592
-941538
218589
940806
-488235
364888
2278
-690330
-709511
-786737
-448953
461536
-759092
761318
916724
-866770
30703
794604
-713072
-77830
-589621
282755
-426146
957376
-774979
978686
-628529
986549
-893043
-567148
-708014
-512972
277126
255236
563076
535280
-458766
444775
-320788
120541
164143
-320591
46319
456539
-108302
941747
-190763
496550
545739
219434
-903912
-622860
-43559
452739
-94953
547642
-995748
-75348
448002
601722
936807
-493039
282636
-202273
519580
565777
-428060
-53082
72203
-84794
-156692
-93819
-800904
-653652
-205094
-756493
723079
-692877
-677966
-825533
-96034
-666342
-596077
688809
-996201
131517
-607589
52901
104462
-788845
-361341
-454913
-643228
-445251
508799
784269
709465
591401
114218
522989
22933
326769
-521662
38125
544611
-206785
233563
-121007
380081
763167
88497
827153
-96722
-746084
170638
-300070
-446666
936627
563182
-237204
587093
-835200
744551
-122021
505942
-30581
944632
-580127
214415
949785
-425917
-570980
-883611
-812048
938243
777828
386389
-905915
-308115
-983843
-95480
-360345
377159
359794
58558
184677
969125
502452
360706
47234
-266026
177057
-662530
726748
-417467
264340
-192796
-473820
-433117
-854953
-223206
64534
-492103
816681
432904
97150
-126626
543731
846996
-106704
-981542
-635931
-207
-847692
107065
-917890
19223
-467455
925819
-631529
592608
607281
-83938
-622975
-892509
571595
388042
959383
-820494
-391102
-470428
699006
875827
-364237
731272
291614
-546386
-20313
-773277
922732
-376383
-917035
-325568
281705
689556
-805184
-618839
-559254
894143
375396
-573734
-500342
502170
-644115
813425
-170834
-221531
741797
-958981
623664
-147132
607307
195647
495588
-497634
347209
483602
-438301
-838617
155838
-384327
898907
514550
813248
743453
-799155
-939633
125516
754943
304832
-899073
-94429
-201887
76055
-754704
918669
-37585
-239499
214736
-504075
-149128
780993
650523
571443
-273623
195207
420032
755345
-179655
289610
-445251
-822426
-320087
87458
-735610
-913768
-974675
622874
256982
-535959
-320971
-580027
-3298
-776827
733994
66024
-556502
-563521
-70554
-883463
-317389
663508
914834
967227
-577105
223799
-675655
-455473
-416052
615076
-238570
942222
611205
-738237
-843214
-381309
3254
87433
12077
-814999
-17124
265796
-968424
-351386
77968
754116
-793729
378083
-41396
209643
55937
864838
-330192
625901
231120
702944
-908077
-501328
-803397
-90008
-812863
221983
603977
643397
-362296
-194965
794475
-657156
-26682
-602036
381149
720381
579225
326498
-858337
323950
311682
-786264
235336
-990194
-989026
956451
567878
-238357
862530
656231
229282
-548468
-970303
-951241
-444249
389155
502506
-392330
343505
-828836
-596498
633748
-161566
895831
-99414
54340
207646
240032
471606
-501617
-873073
-995544
-466786
-491052
-781955
-196385
651782
-430416
488681
-879022
-790403
-136327
-242365
712208
436234
560737
860206
-180563
225822
-639125
-268015
-985164
-532882
-783532
-129391
-486704
-510076
-781167
-203741
273857
-865077
-639940
-415442
268813
497834
-733002
-515481
367760
-645759
-278600
724317
-301727
896080
-272063
-600457
-345031
685214
-297543
-339692
162519
-85086
773698
692448
936177
-122423
554845
-814336
515749
802182
444663
629610
-904430
247326
514312
480782
-189353
-605853
-657629
-280134
85118
-909064
812064
676097
-886644
-934846
-655818
-337978
918849
734715
941840
-991358
-212118
-419000
-23942
-497840
-406398
-520798
-646682
630427
-479187
-808770
-680298
-700221
-415359
14923
275337
712297
237521
407831
-199648
-453829
-734390
249936
342972
570290
-26331
-650155
-207977
-175198
202165
167471
671757
-932231
-913066
195060
99125
-495572
-519845
-862382
195051
-869087
-483648
134008
508918
641206
433356
-918899
356906
607911
-610159
802802
-76529
523692
-934052
-339163
223370
-812283
549852
-715814
-494933
-464803
-657944
-819363
22892
423226
681854
-296530
-124342
-820433
200177
-787167
655623
-992980
-852697
32606
-192739
-799418
-302715
500729
264658
328443
-980636
-440421
-123993
-855254
-295661
-745520
-148220
711
-964932
-414809
-131246
795933
-232513
370036
-20235
-150256
-23106
-444292
-302398
-64911
377165
126558
-825175
-91564
783110
974730
-874921
-738118
610889
22375
257381
364720
820670
20753
731681
969754
-787669
407705
498674
-41273
-731730
-269477
-956917
668136
473913
-464489
-917258
553126
636859
887841
-698529
-672778
506680
-537078
425569
259041
906240
-966256
886019
-141278
53342
519915
-921696
-481
751259
-47462
228811
-15978
-56107
500549
-559530
-618621
-2393
-244439
819046
-638420
-250048
-820708
-401522
-755305
1040
-827611
-455881
990961
-795395
603879
-907178
116849
780855
-591808
-905013
-372121
588997
233747
510817
960316
-204436
-33117
815511
666581
-178044
767537
-491699
732121
-321776
-516449
559859
-194453
-566506
419208
-607493
727083
952467
-880939
-984842
-61128
799653
911922
-426806
594264
744740
940205
702028
-228762
486162
-60016
735838
-24317
715151
431134
-756875
729152
-943047
575843
58167
413906
-199393
-986490
614908
-114165
-420389
-200570
177349
-586050
593917
-454330
168782
577187
-855814
766815
918156
-986663
-572246
-101107
-174415
531831
735803
960674
328748
-979629
994207
474538
267430
36702
-811425
570252
-399568
343099
90466
-838298
266939
-619302
470357
-646492
-163673
259257
-916634
246196
-537501
664050
-725673
-677716
156288
80720
131658
725809
780252
-639987
796790
-418015
490420
-701291
994888
-835382
478495
807527
184328
-460513
-853950
731932
565056
70213
-620982
853205
172563
142504
-407380
331193
924632
957329
-468908
-375775
-839181
-308266
380071
-367894
-775256
-121688
920765
307251
888229
-324604
722671
-992182
299471
-145813
424652
-519534
-478228
885715
263206
-89360
976885
707128
-975432
-21561
810188
-526188
-507988
274807
266152
-314907
802070
-207596
-696914
-889226
-536909
-769676
488553
785910
73396
794668
-241710
-957803
695132
929370
212154
642794
979012
865941
-45346
85994
-655622
-818545
-918506
388710
411687
972691
409498
782072
-575401
424372
-445889
944754
-396169
-800908
-162362
-759389
875708
-772724
943512
-597490
-266983
371211
-525088
961793
-598035
380090
506305
343075
-522901
-797152
988371
-100890
508935
-827120
-984824
257531
416745
623540
469077
-64849
-111742
803400
-89399
-251024
-570876
355572
-707781
-381230
-263556
-715155
673017
-758393
-774989
-672377
459223
185097
683778
-914026
542398
-107526
65772
627528
-414883
849803
-135398
797832
-469788
408961
-544824
-564059
294648
-574892
-394913
74913
-889454
-247960
-89190
-4444
-597486
139664
681518
-814302
809790
-260519
267144
-480730
-153311
-589922
-615955
-894820
898173
-402750
-18363
995966
-171240
944618
-336275
785796
-94729
653425
264133
-371228
-977955
175415
-927767
708283
342168
844803
553517
489315
430324
-159359
-399384
351406
511838
231990
55471
843152
-873588
-959705
-596580
132887
-326043
-172383
-126156
609738
683008
-730478
-535156
-378923
48341
-764305
946901
478642
-346024
80649
984519
883953
-873073
600933
427181
498120
-171813
776199
-540896
693309
-515037
979633
75202
179332
-520375
-344813
269130
-92647
252009
-156646
716315
796061
690147
137768
165442
592388
-980454
795502
-5795
188020
-647407
663244
836277
704809
909826
381296
-366737
-4592
423612
599735
-584101
-192578
-544948
-760426
-979849
-958763
-641619
587371
-13482
912530
-141704
69664
-916784
124570
-737850
-389730
604503
-495247
170148
480753
200453
-273013
734069
982474
740792
973240
-995021
-637367
167048
-344977
-240900
-696000
793228
-442409
492890
-165055
464874
-671516
-683364
582615
893656
188949
575483
750528
-349183
-122880
340767
-379490
-367605
-592548
290630
543542
-369110
-358761
-286621
163819
-498907
19308
-962438
39374
-599501
669211
-102119
810751
-842185
541839
244079
-730871
983657
438726
954838
183111
-37568
183226
933964
752344
-136626
956966
290467
-16825
554520
701253
401312
-282892
78322
-134111
634202
-328358
117033
-352896
809515
-733807
-303583
-378310
56948
90350
-395759
823745
657227
-806030
-420206
260784
630492
192799
-649399
-631516
899194
186453
100592
-608413
-181328
423379
-113591
85449
255481
40952
637462
-265071
-594803
806468
33976
183475
-344449
-372707
-144527
759650
-662328
-610136
-288194
555294
-89629
683062
161352
-637391
861566
301329
622120
996477
796157
-674882
-993506
782430
685143
-63373
-180097
-517486
-514131
810927
172938
-328352
158100
400426
867299
658448
-72593
649928
280559
611899
879377
-218478
161955
116109
55044
989932
-821587
-999857
-537614
-406596
-372571
576777
-186912
-569373
119856
-841809
-396336
724640
791561
690644
325461
-482287
849750
-178800
955
261957
-695523
-123206
-121782
-597122
108412
-375940
964108
-717861
586448
21426
539542
611744
55658
926321
858340
341604
90068
-176160
864891
980110
68693
834134
-42818
-482846
857884
298268
601357
536224
-506810
772995
482554
421465
115693
142881
-387597
-449702
-496281
74227
-387024
-267661
200120
2031
-406451
-648315
473684
-246669
334025
-961397
698564
870911
-357830
-145069
558063
936889
491176
317788
-368046
676905
-528294
62705
692107
181238
-42943
-332834
-74216
-378273
-490372
753593
148145
-770176
-507416
739839
259939
742383
537585
-137153
-466815
-230033
-842581
128169
-959050
-703610
531549
-966469
-699919
824264
866826
-608922
-130864
-648413
-742893
-600811
575952
564311
-674558
911985
356883
-301571
245023
312082
-61262
644902
-461971
-339242
27904
-989409
-921710
945072
241175
-641486
277107
-211763
920678
-474806
-156180
-433675
456864
-391389
-402659
751067
784868
1462
-248173
-967344
-774530
-265375
469078
936385
-634492
-211595
-500572
809209
-252367
-723953
-737712
-656254
472073
-871302
-389165
379493
-279053
278184
963062
-875965
422167
798440
410298
144915
629819
-660672
-219659
-525592
739462
489561
-771601
-514499
310985
-786144
-323480
-869491
-553217
-827004
-141681
-4694
-318438
-690
107266
-568396
-536231
-836276
201256
385614
954732
-943286
-558844
521872
676320
-389639
-521788
230298
-208359
64812
-656998
-769146
628911
618301
-511374
620651
-254339
348679
-564860
209993
267457
-161641
372748
-4047
215482
987972
-536131
-907659
910546
-278124
938443
-335900
-937947
-198546
-474857
77936
-964709
301154
-723526
640577
803222
501716
823906
280046
-266399
112098
-938388
579150
-502535
536443
-636627
-295662
-410108
805321
576524
387757
-255890
432675
191196
-839734
532940
524113
-487392
763803
539960
205629
-711511
-803178
569950
-505518
243706
-135362
750254
-547841
281092
523517
963388
214724
568890
-341243
361329
455903
391443
-28909
619108
-679352
639911
843772
228026
-771521
182939
986575
279043
-386705
-138974
-100877
-960706
-138524
-191051
108740
-363944
448052
227917
-350416
-636604
361685
-535545
-934772
-902178
817705
361491
816095
-445552
-845335
-234213
-650414
-249817
656875
-499638
-984353
-975455
600467
887574
-720271
-537162
-979246
-123669
321104
-283166
-358370
-634457
811602
-683611
641236
721128
-147681
-69304
805852
-417061
-947101
-19048
-841421
-610698
471595
-359012
959703
-787044
295720
376007
188913
-672282
-190667
104369
399736
311948
-88326
304837
-312104
-513426
-272498
686989
-815149
-237924
-250446
311567
-716830
-107832
-692040
948013
581427
-309760
991211
877428
255221
-311744
794969
557893
104937
-194840
-382279
448792
-76531
513399
864533
-214722
-94402
875344
-342405
723061
394146
11857
-762581
-322207
691420
-761083
430875
865547
-391191
116996
-221638
-272568
-851700
-746702
135082
-45712
-365878
-700710
937892
-421913
-249191
454855
-760910
-110435
-178665
-902574
462163
-782735
-549265
-443558
470399
-79093
-666555
649686
482394
-976141
926627
846951
913771
-344240
818289
520936
-622103
-677231
-926609
-402716
825213
213478
210769
-561923
925202
-562208
-866561
167638
-845216
-851694
529992
-174965
436567
-123720
-720881
-608474
48595
-690879
193730
54220
-665158
318996
636677
-59517
183437
-161008
-975264
284369
842839
-321168
-411536
-887166
213574
419908
335970
-613854
896965
-26226
56068
-41301
-643455
-375765
-675597
115577
800123
-671295
-915577
307907
-590373
-190624
-179344
292891
-437289
-666525
968139
-346733
-278417
-412421
16080
598357
-843447
-107155
383414
-535820
894526
946491
742285
267843
-500782
-996423
-151598
-820009
965403
-616458
964211
559342
436092
950649
-938290
-424899
352892
-316706
-168329
967551
-521916
309260
-708663
842223
759257
592956
234910
217512
614271
-270199
113655
14543
-82871
468603
-109608
-522781
729253
-647012
-971243
942500
-553991
-549197
108486
144797
102701
441661
821581
390258
645857
299782
-973252
-521903
878345
-330579
706807
-49192
-173528
-192495
-209991
589322
135838
-446775
-827550
-882480
577711
246281
432998
-945036
104890
13083
-565743
743647
-604894
-276673
270206
-900997
832796
334123
-322256
611096
203644
44055
664140
-434040
747349
559258
494372
565857
723638
-146042
-494733
585900
228705
-321053
67401
-848562
382773
189847
-587452
-653847
-760571
852297
-576606
478115
-133200
-525515
745020
-700720
531477
-166495
386305
695349
398201
839358
762508
-847985
921776
-151991
83450
397591
824994
-131313
-705965
-805705
-386669
984766
-445410
-289356
378035
198523
290967
542403
-667086
909314
397159
-873403
297277
-726791
-746276
40940
-982982
-106138
585906
42945
-906525
-647171
640621
-645687
-4394
359845
-653878
-64804
-315843
-735197
988295
331121
592398
83915
301345
-517813
-458725
188606
275648
-786127
916185
-18619
93406
-306408
-225694
879335
408366
-23765
-664135
-329231
603242
-982443
15311
-69240
538873
-166811
491800
545174
941649
409232
730081
-755210
605800
-757355
-877615
810324
657966
-951145
71485
-154178
232516
-855675
150539
-375106
-789232
352472
-325503
-151104
521919
514237
824882
10430
-220474
981992
483043
756210
956595
-708724
412280
-714419
-571202
-439984
216707
-207794
390565
296390
852216
554043
-955871
962247
-92011
-657926
706030
-590341
85101
-884128
-492907
376464
-783957
628524
-472955
912180
180678
-111901
976130
-705702
842149
-94379
-429898
980424
558199
-509743
654048
-243194
-654707
-132347
964602
544773
949608
-4658
93597
403326
-210495
-552284
356072
157616
450483
-921634
-587506
961507
-711115
800868
53149
-328533
-425453
647488
352931
-180246
30963
-245487
-19717
-283271
-112374
802568
136949
747989
-294706
-865197
-544425
540866
-113348
-958187
-660214
-952536
85092
715997
759607
340402
-966931
929727
227122
-574682
-710982
-128511
75446
-22319
582298
-194706
-604899
-581987
-482310
514590
926916
-658984
934749
500154
562542
-206171
-335947
-21381
611057
-824602
908166
-86424
-628456
-314327
131413
70305
-476814
-626543
332048
-670526
709986
-761511
177902
882985
379687
517086
-882917
335341
-849019
-942924
846430
212937
-378285
126658
214829
175155
-414048
-843504
-292608
-721770
690683
133136
379326
134497
229440
-401426
182892
916943
-134590
-537738
-845176
936331
222508
118782
-104333
811979
814368
-78106
862753
-880829
-525082
705696
274000
-56981
370329
726662
600832
292060
209046
-191559
767842
-132812
-864340
561893
4382
100759
70716
-393937
746668
734195
-587048
292751
-9990
-420210
670634
364744
-975235
43389
-761568
-109487
-887104
405318
-522363
-112378
543750
-838992
494208
260158
794634
73825
72279
-564662
868635
-440198
-615560
640915
-716821
-112253
-258819
-229751
265654
-216239
560265
644081
-576105
-100538
-477134
-866571
933748
453036
-875335
-900657
299322
162900
-939120
5419
13287
12550
-845021
674247
455739
13686
-611474
31441
-656879
835808
-653885
-204158
-783330
305988
-418781
583824
-944866
871940
-353452
-672227
-262968
-492242
-503949
872356
-689886
-558596
462865
-97150
755111
687800
595603
655469
-62148
780116
-654019
-642500
542815
-719052
929774
63672
111202
-151193
207970
737931
-619853
-263958
369126
-739952
-633121
30285
516274
-225539
80084
192994
-869359
260305
-686081
-686896
193584
-671868
399527
68132
323430
-804021
-182084
569550
513379
602937
-387913
-388137
907255
-79855
-397904
-883902
-815063
-748848
-316098
-951401
13598
-472334
89511
-402266
743356
-988854
-126150
-476858
826897
86716
491918
-445944
-927930
256147
-927444
984696
-207651
654119
234724
575504
-592439
678650
891611
-334755
134796
-774805
-618547
-320482
-230046
417013
-195006
249865
170308
269559
634910
534062
-421264
50065
-193582
-734559
-395239
-152422
-670129
-829944
-369325
551569
301332
-173998
-758176
-918866
-764750
756459
602314
130201
-32820
-336176
59464
-171069
767275
-996186
-993077
458868
494070
-512305
-247070
186028
-812661
-730437
-50081
-912155
885891
-371426
-708253
-876682
86193
-325256
-188372
-9499
-557998
487926
24546
327198
830551
735464
925131
28523
-503228
-809475
-433050
-739906
-211047
-67589
372396
138724
-406133
-204162
117962
-110066
44180
788579
-508714
-976119
-740490
14617
-853363
-106195
722962
438470
-532229
-202608
-373574
-548744
-624701
239352
331171
988349
-963888
-716961
-110446
440913
-882252
298581
-901288
456173
-531543
-510827
450012
932074
-794254
-797556
104634
47132
767473
83162
514349
74620
252386
863791
885582
895572
79676
452732
601609
469176
857197
-15533
-735705
416104
-471655
622036
-235510
-90183
704897
-336822
-921508
-771754
-958879
818993
-47734
-342100
211227
-865334
-48653
17824
-244013
-272063
-358699
-449115
-775128
-86349
916210
-505707
-854571
152483
723729
-563831
-448467
-988118
18641
-521558
-976184
505097
-334726
-353315
-575897
125648
32957
418420
828065
841285
955972
-60759
763129
802755
-733078
-518171
601832
506740
-486511
-251711
271433
768403
986868
942857
292926
-815518
636098
-624661
397161
842847
677759
815266
844294
782671
-175357
112555
-535644
414844
269243
-110320
830960
-448329
-786220
-141789
211955
-191815
70007
655828
622873
409670
983738
817042
480302
-661175
-809051
-876287
216954
-654567
737028
174134
397587
141372
-483478
-664108
-234549
926889
585619
112878
-271289
902818
-521859
-133669
-353134
196645
898055
136242
214233
225161
-487660
-659300
394949
-564391
-378523
151282
531555
-794349
850073
-797514
372137
-818904
-52485
781461
247088
-38773
-267371
881462
-737577
448895
-424524
739262
-993782
-776133
670800
-550096
-651018
-388128
-494934
986248
-396779
916155
947139
261095
594649
-569046
376212
-849690
370419
-502640
-512677
626271
58509
538332
328346
-464681
206726
-6924
-266573
-636616
332537
-684621
440596
-492499
-232804
491717
581579
-129038
-341074
324078
-448951
-622829
540015
-896595
777046
-464585
-788356
-769857
-237594
-832922
-634085
-708993
-763575
-854206
-278858
564663
-464663
371708
-180676
729243
842632
-962168
-307171
-720748
791352
554941
-20051
-400018
735190
318226
554736
318401
878316
885089
211474
835350
861086
436632
-949087
-536949
-27269
729479
-284488
279638
190539
37868
-295784
-696067
-403420
-451113
-713104
814519
154502
982964
-761785
-158699
-32550
617326
242215
-970942
-849742
888552
226589
-96458
555214
-592494
-286890
-385317
-919343
-632636
380143
236629
893747
-143100
-486376
494669
646640
621475
71814
906201
259727
-456405
464779
-262018
138469
789594
-747682
-333252
892892
419913
-895287
-390408
727169
-33615
-760091
-502840
526915
-22964
-154924
787345
13554
-495625
-715516
596858
19399
573684
-657647
-762042
218109
826128
15199
858098
-831624
-763857
708938
-534821
829855
-502911
-457765
533575
-852653
-398008
454926
-908446
932346
622964
910878
-460496
262965
437000
-307743
-876046
87579
-223446
-196879
305737
-476740
16994
368267
-663973
-369957
-578987
920088
-805233
-292814
811164
-465831
-679668
-142453
-75832
795054
750056
-449124
-337080
970146
145216
446884
-622544
964765
-327529
-59864
913911
805415
247412
-509832
362941
357595
-450925
8532
706914
-906083
843144
111144
76260
-35776
853190
-98384
981389
525554
-862667
-532052
582932
30064
-900540
186456
745711
-312567
580959
-324275
985543
237460
86715
406038
-55808
658581
755352
206667
-791332
-740780
282119
-46823
-638403
580168
-748335
-322258
506019
590635
833150
721306
-489085
-774376
-399159
814643
-707878
555290
810409
311775
551870
-976250
296462
-139862
147764
-570600
536224
745356
761926
-994446
-848394
-777791
-929864
216334
-545616
-437729
993487
992380
-917162
-116671
766970
617968
-169189
518493
504754
-188908
802994
928607
515297
171091
708080
-203354
-575361
-799652
908614
774187
120203
83681
-750037
-948258
12652
586141
89332
-532381
44115
-151038
964610
302435
323889
101332
-163847
-575695
633945
484425
616803
693391
654804
873314
956199
-357272
53306
162763
-606984
-288908
619776
15668
-38662
-497891
-509634
-769512
153713
-74230
-340249
-625898
192392
359871
276656
258031
663660
-919953
212106
871964
-66444
463449
585763
-480742
-906005
-923896
596285
446844
881127
-572249
567236
35257
99489
-429835
-786636
-111817
938029
-440240
869342
780045
973302
-838313
-134744
523834
-399604
-863614
-814546
464137
-758500
746100
871897
-107233
-568489
57890
-616362
-240519
924751
-285626
702604
93995
-653762
-304046
-931693
-407084
251388
-786058
591635
-733423
505891
141264
-364135
-734563
-78708
-586730
290606
-861838
903919
-242601
-314186
919129
-688009
457221
-327413
-905754
-284858
333119
403172
158533
593389
-415328
608256
-995544
-734881
-468331
-700738
-770689
751918
284770
-638031
341198
-827508
-25827
648930
592372
434645
528924
-996745
921589
-435966
115477
-313291
476735
17981
-71540
-157158
546120
942731
-66691
-141317
-997811
891865
-973947
204933
-138962
41513
-804103
-331973
-1294
-460781
755584
-643461
753061
-65048
-157576
407737
-658218
-850168
-654251
642940
-613430
469083
-633828
-772147
-49017
-599833
-754337
615913
-610225
-149167
-490091
525868
-83956
-879261
-75263
551997
-913149
-657727
112865
234310
942127
-131545
-512285
-444366
226526
-337312
-333006
-656614
-429646
-238728
148475
-899564
23167
227646
797154
-458100
-452772
122847
-238837
-213935
760732
-421658
258583
707779
-924079
-278327
-494077
28125
-770775
195384
-932141
420212
-743862
319593
-27571
-549183
-80842
-526513
-824568
-282854
533962
-863618
-711568
203973
881557
82207
-258815
-942290
-144086
124108
-472790
242715
-388058
845560
-523651
-840393
850960
-767191
751658
-30288
-505962
573261
-451073
697628
-786481
-727063
532978
190177
-149599
90372
178579
956986
87086
224259
942570
375304
-600070
-259658
788985
21869
671774
718414
165282
413514
883591
708565
653512
-410753
-940460
-562302
-564348
516698
984066
-711762
521147
620851
255135
549603
596081
-903840
-679686
-845893
461603
-596894
-592595
-822352
-272197
763956
-193845
710451
733578
-632818
94063
-857859
355507
-165818
-778903
-909437
21122
-876637
-156833
580211
-913380
761139
-910286
-48750
-340800
874990
26669
752612
117408
-904823
629543
-738974
-287762
-135728
-529005
90017
-999472
-214271
939191
-552611
-518888
505499
-196337
249911
-699258
335425
-383915
-504165
883185
-770534
-874379
22382
-683491
798608
722216
585945
-506113
-720299
792225
-573596
75121
-335193
66745
481809
-841349
-958855
973640
-542418
822024
-777267
-875021
-32666
454372
813676
-98463
479241
274926
-874680
-606586
-73996
557014
981559
458857
971009
-950627
-444915
460015
-800430
-224807
-713623
348154
-265052
484516
958441
387838
-457862
-22182
-258988
-195018
777167
-48583
-335116
300598
168747
-305736
138850
-243542
875944
969613
-406878
82007
-28937
147395
328993
-703328
-161976
-63981
-426299
688545
505123
210427
-825158
991327
854414
-507215
-785105
904962
336290
-182643
-755849
930200
132577
183821
-425766
300779
-689036
662501
282254
271388
-809604
-794295
605658
-525337
798934
-715494
687791
543498
10556
-983133
277980
118419
368394
177238
778344
376917
-926214
924515
442011
-37743
715373
-432188
-760627
484365
473318
-906690
-526935
-264975
159931
596118
-38382
233309
893721
-205463
-142095
610113
211569
121209
442591
212517
-95923
-684248
-643535
444868
878812
-10962
-675901
-649318
301834
655455
568228
435766
-554098
-23258
462054
-198969
54666
-998656
892461
615676
-196568
611629
-773662
596876
292810
447995
-339388
-702095
-38772
-207239
226958
948181
-99145
-15752
-251734
687892
-452052
-134527
-800866
-965497
-701240
52026
659027
791451
-627131
-111017
45267
-103951
-329332
-566576
-988083
194732
-943524
-676571
406974
663255
-128754
-657696
-456434
-826026
-96983
-446394
543731
543521
56020
-809117
640531
-253995
80929
619014
-942310
815775
-179073
476134
26639
-295504
-253222
284239
-598766
-23901
-176952
873671
-645523
294738
490908
-619
449349
-368405
-659398
-498000
938695
-915086
-67634
-602811
290213
-96924
49088
632050
474777
-268930
-645294
-527501
170249
988427
950144
-553586
-590875
427032
301428
-72826
36105
357811
258463
-362243
897652
874643
586614
-744090
-209999
870410
-868534
-917172
-403751
-353638
651036
326705
926902
45677
191686
-518396
-911077
507395
339770
970896
111809
630401
558941
-328129
153529
-416330
268209
-892080
-803708
512932
480394
-348154
102253
258315
758201
786608
497362
42146
-507066
197166
848285
-625733
809227
-813828
988793
273266
796455
-683193
-249160
631797
-495079
556978
-214368
248381
532992
24077
-89640
478860
-978679
171477
514486
824293
850925
-124193
-677186
571038
-227733
-682498
-761961
-604973
-839147
120042
597886
193426
329889
89639
127633
-876710
152081
-220407
-11745
-481790
596791
-6972
294021
245208
-527682
721621
984711
152560
-828508
614497
690636
741509
443277
604740
485388
792922
112994
-269918
-312345
-234846
471639
152314
206812
-528920
-541770
55445
-845036
-522631
-148961
34517
603686
-441509
-247383
-878113
-82150
-501258
-903966
-262696
253471
-909104
-90845
-654903
-965551
941443
-655800
-313237
-523527
377833
972905
-148008
428817
247515
-937862
933307
-90570
-999470
-533564
-62967
-649386
-383904
-319339
833672
278089
-337094
-986516
-242376
253780
-279485
108245
678113
113958
646170
68969
-286996
300905
-542689
775979
890705
-180610
603710
746899
599697
307940
-597197
178421
231721
-932720
45382
-614037
-169396
623596
-3225
-263653
-547666
-280860
135232
-211199
-764664
-460427
-258862
818249
-471476
-786363
476687
-472358
-906678
59487
17322
611398
-893036
-645362
-989672
-959247
857052
-560027
215927
962221
-501222
-645785
563395
-922646
956787
-292126
22907
230701
576809
-829849
288845
-362003
135542
-936103
67662
-735321
206911
-708548
981539
896222
384353
460434
-734451
334261
647623
-359178
-570284
-924289
337355
762848
-806082
-52049
148344
144146
329500
308445
-156040
-732889
111599
-113885
282950
454786
372781
-247822
346523
349174
-143216
-187336
-110115
5871
26072
-778541
-358353
-459634
647147
694248
620115
-614378
959568
-793892
-351611
-972470
-699755
586575
-898115
690556
-376764
89562
394809
777255
-607977
482163
-368612
-44070
-329548
-407670
876604
734219
-770475
-883034
-892551
-148033
905333
-818304
105323
556479
-518929
809762
477594
326484
-227998
-52481
361616
678896
260917
-123488
405694
847443
370215
67882
42045
951328
-903642
689861
-775132
-419100
395988
-479405
452793
-280266
-590929
-440201
-326899
-706060
343423
272734
-655356
447589
134873
234954
778513
-567663
218908
706181
836968
488275
-196093
402321
270970
397963
-802408
-664633
-459236
255744
-589481
493209
-108293
126776
12384
219476
763092
239506
875455
-754240
415765
591409
-83223
-440657
838485
-156011
-310056
831270
-138025
947734
511837
236019
217482
-187569
641126
-953186
-566199
736428
-934662
834967
-460658
262050
-747575
824158
344122
-804966
429005
-400018
914573
891592
523708
-899684
362439
30245
811536
457078
-678089
-769217
394583
-337385
-934332
-309721
-710062
13281
574348
897470
373980
-735996
37171
163259
-150224
658423
-418864
-414844
291741
-726736
876078
183314
624290
64733
-243214
-919559
693031
-757078
662736
-395867
-477397
-846620
39351
-496717
667654
118678
-818443
-759926
441901
-103202
958418
256525
-997683
771270
-312634
-232076
-256530
-544825
-444621
761249
-383429
141542
-92158
-72914
-199851
-230638
-110770
84892
-641281
606246
208308
7367
367805
-452324
-304796
488151
-242628
84366
-30865
-378513
370255
745164
784461
500329
265665
814553
-408508
-966163
307720
-460422
-188196
971392
162001
-275389
-536666
975447
405141
408763
-838820
723794
324083
58095
-672354
325476
335738
-137083
345199
725357
774483
809597
-501166
277770
736845
153311
-613116
273749
639778
-877097
636237
-598876
227847
244171
-212011
491744
-70872
214815
230852
-457001
682433
361244
448970
-183960
499510
-213440
-505483
729219
-873100
7120
712513
79591
-241213
-119620
321562
609553
110912
440549
-505143
-965836
-990183
-732415
-827509
-774086
-937171
132689
-519898
909579
850267
-923223
224074
-417817
465045
649755
547421
-182791
-143578
339070
260511
213189
-23858
-558923
-540117
-890098
576960
269606
-472070
-477161
991668
13747
-45059
28329
679095
-196865
524436
47955
587907
69119
107972
-257235
340590
503170
-487659
-472286
888359
-775493
240904
-302120
389386
-202874
679541
-221380
-840773
-240205
900103
293405
512630
-629324
334504
-993397
249732
-421394
540431
66920
396809
170749
656131
558431
-877340
973061
-939604
217281
-788442
-537704
-550322
-336225
299867
374834
818491
-56993
982848
-21186
-292558
163825
-825623
-332183
-482448
26802
-376264
-671637
485521
-786241
391627
850798
335397
863911
-88879
727303
-838615
491204
-7386
-52955
30300
263147
-905821
-5871
525924
511462
-314194
600377
178201
603601
134557
802548
905895
-464716
-665152
909801
577666
718856
-362373
-451611
441716
-911939
-623291
122042
679688
961706
394862
-982850
129340
-560033
-755776
-416643
383244
362651
451997
-723687
-545988
58885
764519
337538
-367152
934720
-213652
449484
-442481
-894123
614877
899843
680959
141097
-501436
415485
497982
468948
854649
-305794
515799
-312778
-867538
-957746
-77534
783613
-291541
489885
776430
949725
-501990
957755
-253964
-311863
-595236
-981134
-851112
-825765
-475250
584869
-576435
-502780
-356714
-499037
-728685
-950998
-881552
-147651
280408
664359
608870
787474
972511
-70150
-526448
-501357
225392
275006
-431743
423641
244078
115176
875946
-27312
-415757
-693264
738712
17225
397738
-789321
872057
-842025
-713363
461922
-776437
370841
768561
-854601
836603
-993191
483814
-587577
-938830
-939415
114037
607939
855951
891501
-958676
-631178
-347519
-831023
-212735
681856
299708
-738785
-432457
998969
412653
-114063
-480794
-16400
491480
737610
667569
918255
-381580
-910549
-688362
-546231
-320582
462851
257365
103838
839602
481733
-594806
806800
101223
512245
520437
785919
-216572
-431648
108960
-496031
450455
965551
-737676
481285
-436453
300251
-943065
121001
305820
90677
320081
-768832
803601
736568
-221960
-618534
949913
-241643
-745305
492535
-992430
971629
207641
-970120
-753671
629864
-269502
143917
-901540
-327478
867651
530403
-247545
-534370
-355791
-775800
-391325
-792407
591953
-805567
-613657
380421
-723793
-458646
-548218
-419732
301882
-212545
-307091
-61658
-576505
993048
33647
785245
-631733
522766
-631442
-691086
406012
922200
-179710
785457
-14813
37849
-10082
-962640
-140366
372512
-609616
444766
-80190
-285512
-566175
-768711
128117
637388
-111853
473487
997266
-859028
-736846
920556
100759
-611796
105689
237833
95643
-993690
-343666
429758
-109832
-177638
-317478
528954
655970
490648
107368
878793
-476544
189647
723153
-9183
-730810
-278963
249828
-560513
439617
739619
372030
-427306
-526236
477192
197382
-788270
-395867
751446
-106987
-62325
-435473
77976
-360523
-787764
-227999
759190
-569531
514296
-718350
1013
-30492
958979
-78837
-562167
-111006
201361
713899
-839225
460111
-687122
798750
284885
986767
853315
986829
51732
-916563
-5599
266718
800757
-812538
-455603
-322941
779950
-400535
-50061
-565995
-792884
-520537
67653
842329
-145059
-843052
711822
251712
113097
-969902
316878
-470191
740051
-67088
184559
787949
-580142
928499
588610
633418
376680
-609524
421341
-650368
-182353
986579
-596716
-921755
-615461
-230525
-953426
317475
975756
896878
379928
-205705
-214088
-242767
683568
-381144
-882755
205329
159374
-675492
-551458
987773
-12411
946568
-323207
485388
-841793
-998089
-877045
-782642
847032
-763976
-990060
26405
891264
-305955
-789506
539606
187053
-342094
772863
258020
-21153
775038
-143331
-367692
253374
849353
-116203
762254
-233945
883720
974018
-476659
-129659
287792
940587
947721
-944954
-771525
-814237
-965453
-721633
-280616
548677
414190
-809010
-311739
-577105
78267
-163165
-725064
-432398
-800007
459697
905824
974394
778077
582798
-684699
635454
-534047
466231
392609
313267
975248
-510726
535812
-11945
846230
-990120
-927
506085
642524
320749
785585
-356972
-123005
111468
615400
419753
508085
944833
-719920
-664338
-90551
158921
-245125
892056
804699
488238
202663
292081
386196
-811744
14010
541445
478696
724254
989644
-475672
-507140
-244975
-133409
-344133
945335
292233
590662
85739
161065
546640
478731
78798
887960
706925
626286
137071
147245
343510
-173676
443959
-877829
-881897
171492
343674
933272
-787184
60275
-230780
-458569
-630495
752409
-422543
-46333
-306644
-509350
9887
-733265
-241336
480185
700486
171368
-852841
-338477
995274
923748
-205025
-548995
-555327
374889
-594111
-142068
870070
729122
278834
921878
679861
-71347
216097
-581865
452843
315898
600718
-583055
-805730
262824
-174191
561347
548549
-705127
768963
-691787
168159
413351
-377533
216581
-271705
783558
-657400
-559899
-323029
-90634
-314647
222928
-185431
-222987
174024
-168077
470148
58536
-166864
-433333
938635
919405
391174
250032
11482
-581713
947145
-560317
-644548
985863
-644737
373036
585252
132409
409486
470215
-64110
-237278
-546326
-462308
-895807
951991
428316
-504060
-691850
-902087
832466
81933
-97486
857452
141759
653932
-295469
-18241
565395
-953190
-207737
-923852
938675
119607
-844491
-241896
-134679
-490791
508641
-501215
137441
-740291
696284
-809746
977514
-159951
-131448
324447
-879470
995375
-336014
-484472
66221
566868
-827889
47454
635025
170433
-414678
-475136
-63814
37296
-752871
977369
-464193
580232
-294536
483882
-571682
-295000
568137
-660485
-613969
298730
-479089
-448616
765985
-25097
824591
291059
138962
474283
-78682
856046
445664
-781241
-97396
-66744
719821
633427
523453
185285
120350
-200222
-722836
-712186
501415
927769
420462
-755989
229472
497984
-447355
-420619
-316947
995270
193570
-75091
166669
-235827
586828
151561
-318012
14741
386315
431906
410876
478939
738766
906133
49103
-689172
-572786
125715
-446217
-322348
229779
626309
888019
-484493
-725681
887319
-901863
-170013
-178398
627761
191772
862736
-369984
-851310
-505203
-125611
-414661
411913
-812824
628113
755771
554938
-369640
712109
912812
-461715
-20632
700285
990537
448793
-666045
946822
862642
-501853
899406
-199434
714875
-639395
-119298
-879551
122600
-838998
-994862
-471601
187513
943571
-433102
-776541
-697519
-20477
-931397
-511128
-112956
-189656
-870571
224041
624644
-488961
885358
181625
934085
-861716
623702
637823
-830405
-319013
653505
82937
-117202
-837241
-15317
-536312
157228
-189791
-690360
-201555
721922
21106
74006
-47782
523511
-313092
482274
-240097
-809484
-120973
126646
-461630
127988
227996
-689068
-928618
177981
-890647
960413
69
-259674
-800981
640509
261670
-166234
530554
-481876
235450
-610255
-720997
160914
94746
552413
-873356
-682146
-123153
524177
-462918
393501
-995428
374644
740574
767633
389720
-682753
52080
790229
-831735
-778570
-126500
-105424
111255
-721555
232853
243814
246322
335494
-71708
584927
-237597
451653
409298
-271818
-674985
-775371
151637
873199
62201
364975
-144369
8797
-870073
497671
-32075
30593
597746
-613706
352768
816349
-319788
-107827
711096
-857043
575838
-11947
-883436
661467
-67633
-850824
-432896
-294440
867033
-494724
411103
831160
-806664
-639138
-568522
-877723
228120
-341147
449124
-882753
-803300
778444
-2463
141950
554299
-900246
-896511
681505
-579308
999558
-56294
648031
598902
-952053
817335
996835
581847
-995726
821936
-777142
-9140
138061
169615
-137197
-922478
690697
-366569
909768
245789
-947583
-541911
-866022
33420
-727153
-740783
898675
910111
986081
167260
-835763
-501241
-919180
936221
354475
-32665
512262
760354
-855073
680778
763032
484515
-380819
361168
652143
127966
-713619
598339
-856836
-501742
-887613
15485
-652037
-794232
-571485
-801807
-193459
-856487
711842
-776961
-43101
-221970
-187924
937529
551686
-655952
966905
-215416
-66647
390321
-852148
193025
961628
-350362
-328663
-120439
-956223
-756678
-448367
-414019
-577852
-414211
222062
749597
151056
-257121
-72067
604032
-418434
-13665
-484561
339661
-139959
-331151
-902197
-389683
-160602
-769495
-302564
144761
272524
398772
-166274
728396
949481
499359
360098
-267341
-931133
-215436
36557
441314
-585646
278240
-959010
422214
-145081
-671823
123978
323036
961579
752869
-229476
-207896
843337
235141
-235146
-497503
751016
278804
907483
769485
657700
-672902
691944
49212
-847037
73521
432570
-771176
-802242
633544
442861
159477
152544
-105130
-530696
-481817
21429
-534559
-890230
80178
954069
-393476
488099
-516943
384637
-620074
-159487
