-564546
258113
-333694
400172
739375
-611604
-709401
799592
-319421
-851799
-463517
781319
444127
353862
-913991
-717924
-80458
-149434
224990
50582
201455
74633
-954845
252026
-181458
-802807
260302
472908
-705180
147234
214814
953433
-753851
602092
264110
-52319
494721
-161733
-627338
-198439
319183
-41815
854872
-248671
379084
-79904
810849
-37255
-663
-335207
582246
333112
-971732
-160561
314314
-991784
-261658
-569865
984577
644948
-303245
942161
412182
-736063
788295
940519
148841
-338757
475602
560035
601979
-434870
-932592
201320
44645
-52207
600192
-684136
199604
452178
607614
-514616
320478
-799373
-971077
33606
-343325
583383
-699971
-597148
-359951
-436852
452798
-315156
-761091
-844997
250531
438880
-302790
999717
458005
694254
-923937
-83195
427160
-748612
-770358
675070
-952241
898493
-345239
96383
204236
-706098
-697284
-110514
-39278
688839
-922266
-23761
772211
-244633
978149
-680102
-194409
122854
-908405
330284
-451317
842204
-350178
693137
926188
-571044
-863313
221249
-851524
-57589
674588
-629293
162684
-935921
-912705
593956
-772857
180625
929416
-18144
-249789
998096
994202
-28060
-349390
797399
-138933
980131
517353
-814778
-189973
773983
-69953
718385
461532
-616607
156500
867649
-824580
656726
-249292
563245
-844360
37250
925306
510245
-582923
562275
-421452
99226
340460
-789233
-7859
-332382
653828
-757467
568564
5275
521725
317306
168898
-428662
-133621
89217
414446
42714
794544
37741
610177
875454
297268
-335006
-43920
-815362
123006
70419
-806446
704525
363128
-603843
-750295
447585
-218939
215502
-17998
272494
945298
428308
-104636
-695521
950936
278732
700127
-281561
936246
943307
-579832
607099
-2044
-890394
-924358
-105014
-799057
189826
-699028
965705
868907
969151
-256864
462121
-132854
452682
-344666
414326
941572
467391
554672
619072
839482
252803
835458
678596
585758
-201134
729386
-735922
218289
-657070
334853
-372848
952896
-942578
5842
437538
951149
678918
198616
318221
-897458
74107
739560
768713
59856
128899
267938
-887907
638335
157779
345325
-852163
129470
843403
-94298
938911
662887
-529755
-183801
24914
643652
655170
-954943
251086
-982890
103127
640284
-263286
-763390
-28562
-667550
85867
969135
-657074
269635
617123
633473
-989769
215275
-809284
767368
-971927
-108756
318077
-613587
917368
636612
-948392
-846737
-27203
-791128
639972
49123
486245
-599745
277768
39420
-103114
693961
243952
298581
-704082
-99053
918227
-591991
799775
-359511
634925
204352
484679
-826377
268841
-602647
-406246
726250
-684650
9854
-302670
726582
810183
71426
213153
-563700
341464
-487000
346924
-660078
-765472
683959
-202106
-832617
-492072
-805925
-588251
-488024
376359
334724
188192
204456
558562
781658
-798424
413855
-279294
128364
297136
982296
169684
130765
-502635
-233174
-618795
143116
-503113
-22092
867125
540808
878272
-968166
-698476
539821
570649
555714
-838153
-681229
-822842
-212887
541705
-362936
903065
-310711
285882
166962
12965
7885
-993573
300459
603475
-108185
-72219
-525809
94363
12111
-39094
-35800
995144
109399
-440340
957220
-557878
278120
-851295
-422422
875284
-772851
65424
664516
-814928
-539905
-256534
-909464
576113
-584121
-897907
312654
-52537
940034
-401703
106988
-556136
-947244
-797591
761349
-995792
552404
-150988
69310
720176
-214168
-739220
-237196
432850
103557
101518
156769
-699514
-211732
846483
-863623
-100457
613523
998457
277
-492912
739181
833308
526643
-519679
849141
-894243
-96271
-739631
766271
-714117
742679
-611152
536704
-733415
-235599
931997
-853128
139043
927897
-315527
151009
-666880
661457
-489232
-898786
192172
833568
689834
692006
-39538
-704167
-540725
-128156
-440076
848740
694313
684988
858322
675937
-243638
972357
613435
214206
-570079
-758264
-462199
-662539
212971
-406284
-413726
652081
770457
-348531
450254
688907
-485502
841588
-159328
-943816
-173771
-507711
422706
714127
22460
-546763
382502
-804882
-817299
398116
-245135
-235475
217085
-127839
-274729
736955
-425092
851798
-533543
151334
417497
-942808
621712
-615154
918939
-9031
421493
-939190
68164
849417
-853647
-479271
775988
37722
830034
200282
285691
-948987
147326
-483063
371068
371528
105030
-450475
-488101
922277
425359
924260
-821922
187688
969319
-245619
-971236
782935
-271243
362057
-655465
-34472
-122142
-603975
86264
-976177
-763600
920354
697727
726245
116273
-832894
-131900
-114937
-806176
301946
507596
115732
-515097
-793128
302949
-362877
-20626
-721818
-736906
748151
103919
589226
200850
-142528
-123537
-443396
-538445
74858
833114
-287299
-172617
499523
-136842
820011
628300
-230443
-950562
-498574
-522728
-647709
385702
574032
414419
333714
357694
730354
157860
583713
-766450
495034
181255
-317405
509499
-318743
-531399
-760665
797608
955209
2763
699466
-134059
-978580
-187585
989151
883108
-996631
-796848
-671880
-828590
-133675
-844372
531051
437956
-338757
860892
-327434
-405760
303411
866936
-90972
244573
754691
287292
-981838
796073
-581711
-847059
820525
920321
-65863
-289941
52717
412499
332619
-524366
582963
-31704
405281
-866135
185356
512306
-432179
257144
132267
-911129
-744457
-366927
554713
-224684
274906
-7366
233539
25428
731675
-660277
-807926
692502
121199
-758003
392904
-775277
673400
55505
-314565
616344
-590119
600822
386791
692226
-734707
975059
-766243
538202
-244197
-69445
963307
547702
872204
540543
-596912
-102613
-259505
173626
-238517
-597688
-717342
198500
700725
364187
-981438
968591
-15857
-160873
-63954
356300
-865770
269292
-854722
47656
-51781
603883
-352029
-229354
228446
-913350
-365738
925653
-539683
263668
977939
-570383
347356
421100
603520
919303
208866
-821689
67118
732848
301396
72355
936761
-394818
-533726
155657
486497
-93976
995729
-334861
294221
20319
-206629
-878806
864355
-6878
449314
-651994
-596877
408943
616476
-754317
244632
-504503
-125131
-95861
-226020
432071
-482649
-204088
-751597
-493622
-48731
787513
455188
-374948
680364
-679054
-653652
-229897
594270
582121
448658
-679543
119589
-812641
807568
88234
-546307
-914774
747476
303904
672409
-475388
-978482
87198
574664
706780
406409
-253334
-609898
291044
-132989
946609
26144
753889
901208
939860
-924849
-185405
-951383
65014
-730802
-568856
-445185
-918138
855497
498308
-922376
849750
477909
-5530
-244528
-816035
-424582
739809
984920
-266565
-524609
983680
675648
529940
-702600
-568123
-80099
810882
754216
-486790
-546912
365612
-21194
746413
218853
515104
385235
579167
-536942
378328
-55329
228849
-452509
-302354
-360680
-58356
-343713
474778
-121021
-293068
-856663
325370
78401
-499700
-707964
534223
517798
-618837
-768189
310738
106920
812866
782569
583723
-420646
-344809
-197053
-565279
247412
-344592
-484523
-279525
-223650
-252790
231429
-792565
68998
-969040
397435
925134
-135934
323510
-421012
390813
-319728
-128091
643108
302687
450485
-153961
-721636
405943
975183
835588
881262
-345396
260209
675882
-859042
368307
-625712
-531048
73357
527082
715255
-882814
952726
-997818
852629
452125
-335051
-173420
-665460
-498682
-253200
603217
-760471
-593532
-89989
-937442
579758
375969
-379861
-492838
-894305
452755
-19177
-704749
73853
-105322
122723
-604911
-518831
391834
-573926
-236730
576491
-307641
-583415
418739
925288
-547042
792622
-602110
841462
591458
197910
-575204
175429
190451
-367241
217203
92069
-63695
-768261
-739196
254834
-288999
217557
731034
219504
525720
503336
573914
-659549
-104582
67236
-796299
-435967
-874892
518883
-759045
-866162
-308886
645913
-223690
811346
933451
-529802
268274
794888
-358473
-865683
-236063
79787
-67989
742847
638088
-324957
-349548
724742
-651675
-182148
-42050
-415866
-805414
350792
427953
239028
-608410
-936077
-960120
441048
616084
81810
-760853
889163
-791768
38553
750671
269147
470945
383531
831873
-464425
636330
360743
953551
-392597
257526
-509576
855483
-717338
501260
668715
395830
-81623
-133683
649573
-946358
-584893
-885622
-28241
910083
47702
758161
468626
-790835
-450023
588338
343383
-726303
-142869
-27693
417073
-29766
884386
784302
-155121
234489
-142158
239854
-231328
-205791
536359
960204
156617
169247
-895462
906586
255253
780571
-81128
-125405
-499245
-230792
-182375
847916
264993
-245562
980752
648788
682892
-517275
-20659
497771
-913504
-134800
457765
-25835
809008
752170
-883439
748669
365076
389065
-559197
-746685
79022
52401
879186
-218414
-330744
-580654
889548
-113496
54036
752242
-691668
611677
-130491
145853
-882022
486308
134484
-199669
-54694
-709524
-722954
-383488
-508925
-70525
-744493
-468324
-476459
-149803
417768
-404343
82228
-91945
-15333
-145113
-471123
847388
970390
-519630
55243
-725909
-777164
309076
661758
543149
-134670
-22734
-342954
-100654
471650
-287072
837916
-662041
-722996
65984
460374
128073
-694270
-560440
350157
65828
-719595
-374239
83979
-61954
809009
195873
-905687
790239
509832
-709236
400817
282677
904587
495179
804489
-624633
-727671
-364903
-801272
213728
78411
965185
-660498
250472
635294
553575
253068
162510
442882
-885543
649459
-690658
425998
-310562
700429
423228
-110329
172147
-801670
-93929
654868
845422
-176250
212900
-310884
682634
898126
179201
-606001
224299
514337
646734
831662
-606238
-573898
-506040
-493230
-371902
-476757
-821393
-954665
351573
-898759
247611
-960125
-785219
942764
-828210
-847084
-169444
-843829
-202904
-60893
-760282
-880431
-171175
944504
944126
-67452
-457166
589742
-775060
626553
-726103
-371971
-164801
271724
370716
-970079
521785
-773202
-706200
-628965
605649
-881580
-319297
-883519
595243
618153
603274
-477280
-942417
-243444
64596
143222
660941
64711
-123175
800133
-711164
315556
-847219
-232710
-640485
560668
-234475
380958
333754
-935233
139178
-292203
925079
652440
123625
689110
-508390
-770809
-921803
338381
70400
-65274
686445
839448
373549
545066
-740306
-131565
-41706
615420
241878
996615
95748
-965240
-768800
-522220
-863379
-278193
-358931
189457
-375948
487421
730705
990259
218899
-247821
-871494
-831507
452749
-860210
438163
327912
21452
679349
748519
-577037
-91339
689598
-787850
118010
409640
-111112
-14609
-845329
482161
-17827
506896
102228
-76118
54729
-842312
-610348
-290765
-371416
549719
-276835
145261
-575841
-996031
-486489
328283
631503
811777
272170
505714
-526839
-579586
586038
-591155
777625
-264896
-528935
934374
704415
983942
972090
-808523
601794
-592155
-502003
-989495
-582108
-273404
365717
-177379
392989
-823658
-121454
-12814
-33552
384606
134179
-374126
-562103
-297852
426784
174865
477863
965716
93015
-840256
241909
828969
888789
606268
601720
-425766
483822
-782388
-38129
6078
861996
4802
-213876
512976
-490242
-814265
-763766
617727
-238228
-26176
454710
-10740
231386
-471859
508538
-424463
-722425
105968
-735422
954919
-513308
358851
970997
-920376
353942
505499
-204322
-304477
-266228
943972
693416
-313
428559
-453145
-600295
-766372
936849
514927
540270
383113
-377411
-759332
521302
862282
442202
-627447
772316
-706912
53192
-914970
56568
-911378
621343
704094
-160825
920016
246269
637600
415307
20542
269248
-243365
501356
733459
37403
768011
621798
-295267
-225446
-96770
804988
-606799
-839090
-704872
456405
628028
-841168
349622
-926473
-31017
874572
-848557
-865450
453529
753578
632063
305296
-474368
-533285
141092
235020
137221
-91007
-63455
284484
-1852
228032
795169
506462
482517
43773
819290
858329
231179
833874
513734
-194341
-774821
-278438
917577
859399
-489573
737933
777883
799283
758506
-883559
-846869
-799739
-270917
792456
-775680
464464
790391
40634
116085
-469005
-58301
-73940
-756110
213788
351337
-354108
103747
-522845
-365391
521256
898588
-601370
136773
6025
978000
-475252
430951
-864383
873334
-380089
628855
487796
-877106
-510725
775448
234374
512777
-549045
112975
133467
461157
-286462
-834592
-835248
315717
163234
309467
-172982
-895775
391027
-222744
717136
-73937
625311
133485
-455599
302970
462320
-645831
-289685
-84505
830642
-968354
983730
392379
-10974
-469855
-23391
-250663
-844058
-670108
-663597
529344
-618318
131590
89984
-900271
-669842
529475
-285907
126810
-95710
-582861
-181529
800851
-494205
41259
935502
322500
-129797
-298746
-459745
-326234
249521
794914
412243
890097
-924721
894496
138441
-787233
-717014
126780
-697578
-190158
313037
857951
-991037
-58476
472288
610785
499161
712403
843626
657740
820330
-680260
147862
-489655
907002
-567507
-798968
-255097
-131903
689231
-394
762801
533792
542153
571429
285499
746773
-919636
100884
380616
220162
893194
616267
369336
149996
-666063
4243
827461
-633652
278316
-299275
186816
-3764
-972699
184177
591086
736212
-198241
-901629
-544746
680681
259792
-244834
586839
101210
58306
607080
-124004
-658376
409831
93465
997147
118393
-932587
390556
63012
-366982
988353
964291
-740489
411577
-37884
293462
777262
-344701
132591
413370
238694
788173
-781683
-959132
-792035
-18062
-170783
444324
773133
-511423
684783
916
434922
-950046
572964
-11422
561752
-478132
911710
-351426
321427
738489
-886961
-81247
721825
21236
-570973
-361706
-901418
-137318
658663
539196
-675940
169008
600595
873752
585995
937306
207090
827085
457254
605184
-998505
470476
-202698
-186693
642591
501692
633121
409853
-872068
-269936
411050
-189829
321816
-503113
-975671
-729696
47478
-356718
420730
577886
-74878
898815
-309924
-454853
-761529
-482548
-305127
-356970
348704
-844438
-611290
-209357
-923083
547001
326183
-703110
228332
852928
-157194
445777
304376
-690935
351757
-580970
358029
-602921
464645
691969
440626
-794889
29978
642006
-445974
-560916
770494
-483292
-876458
112378
100831
775279
-181054
-369398
-747868
380523
537794
-169457
707424
840528
-151152
-340799
-158215
-848580
878925
-395729
-23813
566512
176098
533267
451329
-67973
133067
-254901
732098
750331
980658
-802095
307684
420624
969006
-954090
925758
250096
-105662
539746
295359
791135
706830
854793
265149
-949537
-270927
-394256
-561866
-340410
-135265
-795998
215703
717432
-551237
635163
-517512
160115
310519
-140275
-489299
892099
824514
850026
520591
-136174
148726
-511289
684977
-702643
153017
-251794
-645301
-81244
-645001
742207
374644
-652336
781893
-23744
709403
68165
996677
-910870
-761202
-599656
202514
-875381
-315409
729865
992698
582350
-536182
-923524
-392951
-940806
223536
838847
185301
74758
303021
-364240
-539234
647099
-618305
-861005
735478
962746
403219
505071
979126
770677
-732664
146952
360567
933443
-742113
-576972
220277
-105814
777576
79515
460578
-349649
-326843
329556
332913
-351385
128965
37262
-982332
-817726
-380507
-950293
-915662
-233096
582674
-447367
464874
-154739
-731611
-934921
-11261
47921
546718
-310606
446939
949337
-74622
-891582
-749026
-293767
-422825
236355
888709
326811
-605162
127175
-380337
-977629
-682691
425871
-540408
-861127
-217990
658679
479525
-32679
-835822
-964720
45838
-895927
-913101
-12902
-564268
64491
388807
-106829
-552094
14461
-822635
-584246
-325873
-925716
-481795
-119410
169081
-603720
-463945
138818
173622
529710
329375
-903304
574007
276107
-190383
402864
-960668
918871
-632096
-342433
-981680
853035
330239
-743112
172179
-741551
-818111
-716392
141510
375221
385100
383133
-105713
-356949
119697
-236136
-655552
627362
-137446
469979
-68412
696690
177479
-477199
440967
282070
236026
634933
-73845
-231065
215358
215082
-353207
-236758
562015
107426
571878
658407
731690
729352
-606975
-247617
19375
609213
-466910
697479
-45238
-76408
-889204
-869045
-297351
-402764
-967517
237396
-627070
426770
570861
-372127
-835561
120929
186623
-407708
491463
-304814
-229727
545739
99615
457044
-649872
292878
762023
902053
-801009
-968306
306579
-333176
918169
737265
-898051
-39983
-554411
794313
619343
164014
138046
303044
-480222
728165
-214305
177190
-753809
-750777
-24238
603750
-601480
85918
399046
846660
-627946
-54239
-616602
-338796
915292
-327222
-209285
540412
528550
516561
946121
562993
254919
-862717
116650
-880597
490079
660714
649710
-631684
-166353
-17689
377707
438368
-86914
153101
577810
181588
-770022
537546
229118
-222896
227304
172454
346642
-493882
549006
263786
643017
264193
-98520
-363187
531501
932160
584142
364666
-647398
-938057
49306
-366843
772116
-724206
938981
332804
219835
448825
300994
861809
282171
-110844
965174
894585
385541
-568630
-78158
-695833
-947604
560420
37327
-263565
-711525
-326561
-70670
887643
-373650
436559
-471354
698765
229275
649741
-849930
918992
-841338
481438
235065
143415
-74242
-671537
-323640
634072
-793394
-223035
244919
398724
121172
981381
-390330
513041
408569
-792468
-492751
-36914
294285
-625124
895163
-457204
634083
420814
20239
-361909
760551
-474525
-963997
379854
755168
606552
-915658
-626879
-679041
81276
437605
198851
-239675
891599
745526
873662
-341990
573477
587368
858501
93545
-923488
-226073
981938
-359878
757329
-675178
186710
101113
53466
828817
-53207
502912
-271198
-805989
-269927
-632253
990190
510975
243422
-653458
386109
-956933
495928
152847
-505894
-763219
394492
70341
-112615
-816172
241368
-155672
562685
435215
-801057
728028
-493250
343093
863486
161490
172302
458836
-751430
-196796
844983
-358124
-362338
-179848
901531
19788
-455450
194056
-758384
824874
726788
-697206
706266
747115
-622619
217598
-317175
-791049
-97676
-529362
509040
-325323
-855379
-988526
-82971
856219
-613690
-867928
-383056
855515
84876
352971
-778647
358703
809907
-666541
-876665
652597
698672
-82399
245180
559999
-411588
655105
437983
596092
-54409
879947
478756
-497375
-205506
150571
-570304
250419
320935
447878
-77734
-110506
-408398
368746
-754148
845928
-336369
-257945
-758554
501612
507167
-649379
444550
751548
-734767
305464
312692
-843011
-331049
-981726
838572
490274
-520473
399778
-207870
905536
-166014
-695355
45222
690344
360663
991981
-496203
23918
388397
-90222
827726
-71102
828514
799138
-810318
-646574
895025
-606470
-516891
777023
5525
21964
146488
777226
348871
-965605
-380597
-138244
40231
256620
178851
-427887
649815
-707162
654182
386493
493
-894844
993613
729827
899641
-887062
772786
-901282
-59547
130847
267173
967852
-882202
-125456
242139
-956618
-310014
-832235
-47012
330244
268546
-730769
-169479
-222276
-619393
548123
-418432
-710125
-162756
-486649
-482058
558034
-174101
-787864
-238637
-604204
-261752
850850
-488529
569840
-126445
942903
-656883
741077
668123
-429926
223588
90873
686168
435468
213259
-749275
823698
-486864
10789
48580
-566203
213676
341510
-705326
514596
-8823
856450
-625820
-60920
408331
-847372
860323
714151
732952
-343576
-466651
-52505
-358109
784359
233983
102793
-531872
477279
723602
464059
257458
-496306
-483434
82447
515614
-669246
-922972
284891
-710434
-130523
581640
336871
-112821
-769010
-276909
-389567
622040
-904577
-401802
-641391
-869077
236014
-97511
910208
-997335
-676133
595592
-517901
-147790
-2171
708658
-658479
701612
-909441
922930
-817811
402373
269545
615489
-295394
339986
-680074
-807873
650877
712047
-157509
258673
325295
-209239
301562
931953
187211
654298
948890
292304
134602
-75156
74161
-189452
-249624
-547555
55531
-204842
602602
111442
457241
-630703
527066
5515
-302956
-637654
-616597
-649844
-905997
-875452
927313
779086
498846
277484
-591822
-667855
888825
-707011
-664950
53696
-31134
489080
340730
105936
-482062
-71228
235492
220275
200221
-918907
824191
-551833
413073
-197893
958166
466758
-403829
199763
733749
-592010
-797933
464893
171266
967244
618785
-195916
-156005
753681
-773488
381755
962215
704497
441736
447231
-330680
-538623
-329258
-630091
-411192
-216413
111606
-476703
863727
525268
940652
98519
943911
-4534
-526718
931451
-258506
-745407
255654
-869666
-361879
-995862
-453024
-872229
55097
465977
856479
-439054
-559616
-678674
681496
125836
-999862
325200
-446650
-416548
942269
474688
-716945
-498551
-401313
938610
-68441
973102
-281919
817187
-903129
-602971
490594
633418
-588948
206040
471722
873581
-304270
-124259
200093
-797017
478729
-329054
-365522
-628228
-193771
477250
-362473
-38657
365052
648480
55938
-72530
917574
-693563
947924
261812
312985
-976144
-432844
-339032
-257738
856883
444067
767110
406964
-999727
797759
14208
989810
886311
163890
357880
720994
664933
-24573
381400
-252450
-268813
-836148
288742
412732
308366
-273361
-856882
65530
-336721
-420988
-531735
771461
-531037
928822
-990471
530994
-147096
640417
-67391
-488843
386949
-138179
-969802
198093
-268914
510351
-518151
-749787
-683568
946287
-618813
63038
916680
613553
203807
57576
83289
821114
-427917
-992742
586069
507048
-323029
61321
-715551
-925627
194472
-926597
5059
288709
481822
-22184
365733
-239434
-547544
-628649
-133122
-400734
-469986
-797215
393830
94081
-281165
102063
160365
389820
584470
275803
-256477
-447389
-383406
651522
822286
859216
-381890
796752
-30343
-532493
195359
188172
761662
313613
62922
1833
-767084
976211
-497442
15907
344988
978908
-833664
413780
-274021
66563
-432195
206892
949008
100807
491757
866268
997631
787479
999271
114852
-37753
866772
-506864
-706438
279743
506778
803906
-591800
556414
603618
-418382
-899990
-445511
860818
-656140
827179
-624264
804570
-76486
-921638
460897
-918978
931685
-172964
563886
-94104
251805
-249514
-57929
723466
983597
-149069
232851
-866162
741740
789964
-982773
421571
468620
28425
287730
-724058
81507
-133821
-188705
844971
840727
130361
-150498
-477418
-743671
-132029
-509082
-128297
864175
30653
-628611
-789136
19309
-551744
-28777
749840
-496001
-790308
-133369
-185452
91295
779631
-672453
158494
986276
739751
587
-873881
141709
878315
-428477
330469
-131628
-258588
868648
-76306
802840
993455
-649263
-756602
-251668
954777
-737410
-502661
-377765
-216171
-49876
532869
325302
-733156
-927587
229473
325920
-619728
-982572
-67330
-334666
870378
-358925
-518222
-777890
157764
10259
-799963
738493
-529996
-82339
-932912
715518
45926
603800
512600
235781
-183498
603113
271737
-670720
95859
335708
-317266
-35078
-997270
149851
424595
951850
905697
-188003
860464
-978523
240114
-913869
701800
756437
782679
876689
-526119
-835588
778117
916552
543569
802387
-901859
864046
796773
786424
-329474
-760286
-810067
821763
606873
51334
-791019
-738115
78089
184463
-625311
-95392
-681879
702272
-672887
-873365
-317418
-328687
855938
-95646
-468007
982327
31187
-2144
257809
-797025
-640442
-172891
-142708
-591292
724034
482165
-126755
-290126
957849
810312
201621
-768639
-272974
849878
-406448
-535514
-991475
-777018
271033
-959121
-946151
-512651
-832323
219447
927951
921415
-788326
-214446
428982
877031
-806886
-298206
-326933
-567274
289731
476472
-485098
-458910
354546
-451
-375849
-869913
119111
-397388
732354
89019
-369603
949241
510923
675548
295426
-104706
-708307
-553799
-77775
737249
607313
633908
-963226
-994339
-304837
-322856
-530917
220968
965951
810590
-291905
-571352
-953718
-575271
-257242
613151
-590938
273169
441190
-880503
829246
-905737
-716883
914542
403399
483008
277456
502122
-233383
-666258
-684712
-631575
-324788
-249892
778267
-496846
320103
37296
931920
531114
541307
466825
227139
410000
-197722
-717070
304698
-282164
-222654
-762099
498421
-504036
409424
779719
84418
-854362
-216632
-884686
-313922
895660
617646
-973169
-434920
264036
681368
-34268
501308
596050
216130
-793745
-497523
750475
-849726
117849
-16762
-669747
-891854
-689946
571861
412256
405424
567216
455772
308566
-129056
-2045
-415497
-563313
-609308
269431
-535364
-414576
738016
-598574
-592750
484313
404767
-478595
527928
714425
4234
-298454
352221
-522067
603433
-382190
142998
418438
818000
268369
834350
-740928
246544
-606315
-254612
-318575
-373173
104076
613160
-624649
228430
-64581
384488
-246938
417397
498593
-524887
-883939
7459
571858
50868
-501587
561536
-818678
313605
754234
405109
-409475
-532703
-117215
-142648
-91076
-85023
408223
-802609
355796
650341
-985260
102845
239959
-402998
-56140
856107
237077
402052
730213
-13639
588361
-949469
554285
978764
-189532
-936159
342849
868212
-592337
-564138
-722813
237117
-913034
108262
473586
577757
-301989
-435273
700762
-658988
66226
-988854
-169825
29456
-235773
-838039
654442
216309
-775684
735544
-774977
-985540
184440
913937
570276
36848
33405
597227
279121
-2835
-106819
-497776
560860
838787
-772916
746001
581777
-564228
-408169
310476
-808247
-97264
979460
796762
-41720
524906
-664839
131674
-954343
928271
-171973
606300
352898
698471
296477
633057
-726898
199955
-568825
-25342
749549
893063
-994898
-946472
-525281
-597312
552160
751677
598479
-911144
-212148
-306509
357305
329975
-491130
-552329
147635
-262492
90202
-783493
-389249
-589752
-777782
-542351
-673910
309641
-332699
146931
509616
-653945
129758
-637371
-375369
381071
-647268
508029
-871581
-873080
580628
-782129
417699
-145600
-598401
-896014
-449561
-797758
160204
251387
195411
-125630
151466
-271181
976812
756338
-781903
-674902
416518
-75154
-176199
26154
-279610
-904792
-768868
792376
474589
828870
-569408
13815
-486477
848752
-2110
-431433
9473
925589
-829324
-942191
450652
864703
-813829
-788126
782989
-451670
430198
-915118
918139
678583
-900570
-317397
277360
-82908
-336204
-123760
-782648
21536
821934
756358
658039
-294486
-278685
-607763
943624
774380
557880
393117
588329
840536
256351
-562040
896623
-475698
-850014
-358766
-995728
423223
-931865
520840
-997245
-57857
-523752
191639
-614005
85645
-627089
850786
530306
-51620
-288510
-847921
-972202
-190734
656111
575015
-779415
666041
769079
751901
-95006
212671
-415982
972049
-531805
504121
378394
-329706
-976755
-326744
-890120
-580818
-734585
301370
20966
-322636
328058
-538967
446614
47964
-287294
344971
-539447
-156074
-164179
-371191
-987148
622301
-338879
234601
-595649
-774518
-403191
-190116
-474286
-596217
-291430
-454114
448883
120657
-764688
24232
966837
614985
669612
631369
873755
-36488
619643
127091
494296
-673514
551919
-499621
815674
36523
-611009
-582861
313381
743698
721111
409534
188846
969663
-644158
814871
-376580
882730
750192
913535
-858674
-112412
797731
-283906
560291
-670282
-642651
-979734
-430581
-588045
307553
137076
862631
797782
351703
-578030
-586166
-488413
-451399
517198
-939926
786041
-589898
389711
720869
-716786
242422
-82510
360764
719126
640181
-87884
520045
-512090
-797380
-741335
-966382
-736919
543574
-913749
-82274
-475379
-586561
-643219
-370626
654246
-394592
-738522
224751
-259870
544636
849758
296993
899160
95617
267560
84470
103045
-468858
672085
536133
-547365
945572
25215
-660977
-830118
974932
524975
-637746
143849
227933
848212
617935
-393300
-338547
631307
695451
158647
-586673
270578
166491
54800
-263426
12817
694377
-309401
48105
-513017
-627516
588507
-581147
-579672
-390144
239741
-430950
56649
-138143
-176618
45889
454748
884406
723649
-908762
82680
203706
333174
7172
-290645
447765
364885
-579068
110760
253095
-467140
-18289
-379795
322062
297395
-695173
815073
-866052
217612
-420513
-393765
257396
-131230
-278190
799517
722091
799433
-527742
-950596
65360
-728446
682762
748586
-314001
287669
-877076
-613147
-515153
-827937
-726258
-485837
-120970
177805
582577
-277910
298021
622503
14724
-367792
-578949
-211191
803688
-834456
414878
238556
490278
-250699
-976285
81581
498121
860465
599446
-911549
-334058
846282
288495
195639
821562
-493526
-656437
397198
243762
-180490
-667383
64743
-502686
-363873
717823
-593484
915277
-174544
295870
-192531
523740
-346696
-266823
-50178
-589704
-704693
863622
-896073
761315
-684564
-445394
-474454
-788209
56189
154209
-141183
-890682
151195
65903
-776417
-102143
-639096
-697996
-356057
515899
184816
44903
-755643
606130
523983
933426
-977459
559034
853578
830344
-137915
781771
967080
-114783
-515851
-177742
-168260
247066
-16819
-717721
984922
74751
348902
559005
483511
-642166
-666604
19486
111806
-721624
-895434
860543
381437
258721
898754
800479
-309351
-982567
740452
153594
79077
-214900
-693207
-834001
563695
314876
-475414
-38787
-114318
-136553
-935186
690760
645544
-238526
180358
-848797
535941
976323
-524725
661881
-226108
-645907
434255
-925993
738677
-222912
871262
681397
-820965
756090
-878612
174745
21179
-964967
-782910
-279925
232714
693626
-893488
769236
188905
-103709
407296
-745226
322240
-421903
-833943
-607358
-154561
-435586
-242749
699374
709105
409642
-847452
-494187
-26577
-95659
-100948
-843767
-938280
345375
325309
-216247
506346
-931048
-240903
-860756
-685005
-749150
233058
747888
-499560
-319966
766239
812379
162580
674899
-939848
50002
-40991
47121
544470
-381844
896112
-625644
334659
-780879
-172665
861817
-115731
360368
-411685
-263400
112551
73498
-650188
-120944
-929992
657556
562460
-696572
589217
727403
840242
306547
727229
-722891
-473574
-880877
77486
127382
-950137
-184424
-140879
898672
159111
-453039
-965504
468
118384
522582
-73459
697379
-81173
-885246
-489254
529314
795946
959310
-409496
-312846
-921824
569394
920709
-180908
-181463
-102940
-289808
-910025
886334
519608
606863
-316027
342034
-717503
-717638
853179
-24694
123720
-376219
-908302
234173
-987361
912428
-247119
250757
-196165
-870841
424552
-794443
189688
517717
-947055
122889
-763402
497892
-323489
718145
603931
-833527
306635
-590025
781298
850213
152471
-494782
-330907
986594
-651216
561660
254273
224232
-658313
-198083
125576
447169
-301149
-760045
-927433
670048
-751638
-475555
820795
108996
608748
-437151
92794
889992
-590753
113324
-378852
677790
-871582
728969
355324
638903
390838
-389433
-546123
174890
375345
718108
-227914
749968
143086
-670455
434813
-583303
226328
503035
875832
291329
205313
-872600
-321323
628411
-829260
937775
978172
216408
-742621
-731856
175528
994837
-901657
-690702
19892
327570
598730
619303
-828258
148618
-149913
-378907
740005
-768533
-734005
-757805
-464440
107828
493154
-814414
-377355
821840
69260
833773
-417030
-470878
-696809
-503015
952648
633252
-891122
598387
203309
-634264
746389
220613
-594402
-449845
-42312
63234
463718
921094
-392697
900246
955636
-802394
-889507
-255513
-32938
-339723
-421580
371560
-793001
-111891
302481
-132139
-937506
868175
-20177
834714
999616
989442
766977
-917523
-319728
-724044
-496137
-964238
410963
628414
205091
675954
42216
461939
992573
-17651
-689907
-234652
753213
-511965
739759
-525332
-943374
-919690
-72085
-924526
926844
-353617
894762
-772979
370271
335207
-841600
215429
-205464
-850177
-501845
309698
271409
-699676
239030
-100046
610556
67331
406953
139117
-890179
218030
-754572
-39375
976134
-140830
-391857
187749
-482461
179835
-236628
-317873
-502526
734925
326621
-264851
766315
906853
-324660
351534
-286079
-27868
12314
-47634
956014
-932272
-142891
-596873
-860638
447506
7199
229591
945393
390016
350018
962931
311879
795825
-121387
128508
-274445
-508153
-172177
-185162
-434392
-848688
-918627
-856625
136598
519518
-81517
314992
395046
-890043
-219612
558301
30643
-949288
-757356
32076
107599
-91976
-734044
15390
256144
-750534
693565
-140942
-682480
-736231
145699
921876
686168
-601085
765559
-927669
-286320
-153094
230695
122109
-201394
-543928
-949748
-579449
-820694
963207
918852
87767
957163
284904
-820646
245241
-278970
-321804
-718427
-270001
-70104
64549
-778190
-608710
305927
79671
778880
-471281
809285
-737798
842260
-623778
-727397
211617
942718
-111537
481308
154752
21406
463264
-517439
-989678
-199087
-705991
30820
-665240
644702
-911974
-479011
-974672
641863
667253
-192169
530645
300507
804616
-215491
-705566
57630
265370
759187
-607141
-10668
755375
-968946
682717
-103818
-428295
-839172
-943852
194659
465723
376584
416029
-363001
-689248
16539
-284103
741914
-741269
788324
-520647
-249654
-272286
561512
655774
-702846
-828245
967639
199391
-747425
-995594
-999028
-222677
138919
-720033
3892
-362589
231551
-960478
-454871
798615
-262967
359449
90149
960655
-787677
-303770
737119
485180
748219
493234
-314381
678649
-915026
-671491
699828
958687
-991834
569393
584949
-90235
-786132
-17448
-414490
262446
449761
-877406
109658
-748925
432027
493276
28616
757556
-719380
-157443
-401926
197486
-530263
-269605
641828
877411
-477466
-456686
-50421
664221
671374
-927734
-860374
-121470
722565
-2186
67491
-379561
-104988
-753837
-859191
968678
423526
-566120
3521
-992705
875709
-123221
-997187
-210827
-686820
-768546
-603075
-705297
51956
483480
623809
-990490
296349
704241
931488
-925636
507088
-279802
-972875
-898304
264315
-643974
-7608
219903
-954335
-392829
956986
-938490
-38001
461555
-94095
-610010
-7670
-497872
-897803
-92926
197782
-426018
827454
-826097
-614195
-695074
-74459
952525
-480421
-844087
195490
40381
806233
-236629
363232
778999
-405435
689039
-823887
-323517
694801
888248
-615904
734798
563405
-167214
724524
347401
63398
-739222
-584971
-813215
-984592
-47736
-292902
347933
-529325
-556096
291286
-180643
681281
-263329
367703
-517309
113660
-176153
37431
-789547
-587806
-710909
-213937
244903
-855643
193704
622819
-631068
641780
-9849
-819420
607922
-146319
-273916
923882
-405823
-534678
-112036
-213063
350806
-593933
-942372
-620199
807956
-595659
-691533
-396078
-795838
240589
-438771
691586
-685425
-370962
190757
29343
604577
968580
-298044
621284
-300605
-901088
638897
-146737
793934
-551282
650462
960706
-758070
88176
362460
-299280
-97695
901746
529323
-238457
457941
-177107
825075
-652184
-299307
705386
-885412
391600
-176497
422934
817631
328229
208424
-211695
477426
447605
501798
255177
-404474
-605613
-817467
595474
-531942
794041
-886748
476099
44468
-498253
685137
312049
138056
-281471
-324354
338157
-29462
-65945
-4716
-985304
69655
-971460
-835715
991294
968904
-292523
498931
-253335
-927011
635668
205248
-347764
541753
590008
675431
766336
602263
726789
-796215
244089
-78127
-870294
-867425
761915
92195
-615439
967155
-236738
-321556
107661
-948372
-971000
32702
-714243
744062
-421756
-92159
373698
-767683
185444
-166257
-341732
862049
-205299
-407736
-676533
-436639
-875231
-405157
-112167
593957
121736
343998
111067
-373005
-65696
523604
894992
19956
286085
126506
189337
-178317
-27786
250591
388413
833243
-8850
154691
781445
-25020
-362070
-484000
524423
-261958
362276
914551
483821
343163
477779
82361
947777
969395
-371662
-200445
-457946
648
377807
-167788
728701
-354481
387568
-629133
358923
-977321
-763300
140783
-723137
902393
682564
-196414
-302722
914621
766568
-685263
644432
-290526
459610
-795982
-159105
-833620
-954036
982895
-996116
848928
-980167
517987
706246
820632
6629
716770
264860
525758
568218
-733617
710737
733864
-47554
-572732
664111
-846298
4939
-300129
-513360
99832
514201
499908
-31069
-171205
-240545
-774282
-648663
383923
351063
784824
892222
-355917
-926693
248113
983680
-247252
-418053
-659119
-97822
-258189
707539
-981901
-207785
-743647
931969
-38197
259322
-829150
-326111
-665881
162710
352702
155096
-744328
-253862
-953013
-742541
381659
-955850
-688825
-576082
701012
-997182
-747378
-941733
556163
-602790
790909
-480129
-68972
-445534
637221
-566319
-279100
946914
-632454
155391
5351
269010
261172
-29578
932494
974468
486920
46158
124145
-48236
-276438
-92405
-193335
308823
187781
73839
13897
-34538
-99533
921615
-533396
-432828
781360
390170
-914046
-376216
-21001
-124182
-119713
281256
-291328
706932
-120208
651416
653261
-581510
-842950
-757121
-993252
138423
-869665
-444816
280906
-550103
-69246
-653416
-933979
-55972
-300167
770246
-99338
-654016
717858
566058
-766089
841173
-844202
-301204
760449
-340957
47447
509039
-638227
-327538
-489373
867613
-652029
-952820
629511
980570
-579292
454881
828506
-965959
316777
-891881
401047
-571837
-597483
267142
-704547
-933793
-527050
-834583
-840436
936344
-997444
6320
828166
788825
97480
-50807
-698861
-322802
754889
914127
-85100
341165
-397993
459028
-897795
242186
615534
954267
-370915
95486
855476
-829425
-369341
-734713
-766150
114894
673469
-698914
401229
883831
-802096
-954344
-361073
-786351
-731626
-978527
135438
-40245
699422
-479267
-978076
915819
-175170
991837
72569
-339148
-309708
672316
888427
-866886
441954
-32780
617967
548989
141761
699064
-159350
245325
290464
178180
-333159
-115864
83297
895242
-937754
363290
-742474
-801305
67182
-847958
-480552
-747190
802349
-483677
-611167
486571
-940135
-935095
314135
27943
59797
640637
404062
349881
-347623
411675
-92130
-53808
-817971
583456
-78616
-647105
895240
423405
951084
-465174
128068
-175107
-96327
703382
164067
561055
885074
46758
-120078
228440
596287
-72844
26604
-965153
-480029
-889078
-197656
-324260
368063
822778
-857987
645553
-741277
103922
-898237
470026
545943
420287
39526
848110
759651
-485812
89490
456348
576343
665617
350488
-719086
-108580
224062
795047
753785
-546798
960586
475051
-379375
372097
-787868
872711
134711
660594
857913
-787722
299435
-468420
915121
-710082
-820886
442046
945180
924960
304899
210932
658324
564696
343751
-969974
-720656
-476936
770494
905035
-520588
-31201
-566850
197879
219799
-226743
-442410
-941790
16594
-686031
-346149
265484
-383479
-927801
851810
819327
-476330
112741
-968971
589988
322991
61089
-568008
866779
-740863
801223
829828
358520
-31862
768409
198600
-273035
742406
-95280
-551173
121918
-288343
100181
-873327
-182459
535252
-917442
-625329
-530298
600100
152694
713123
-763119
213866
882664
181349
168348
983668
-185304
-651368
989665
384118
-737934
-120251
-985096
-558758
-791356
-911083
949621
-68732
-360711
-885780
-199576
452998
871600
-390574
-144870
-802607
-754506
-5151
-811916
964553
332452
-185391
146304
-491489
-624981
-419564
-833059
-905499
420048
528568
481696
285084
-766965
-850021
-86725
7325
835428
-754380
174444
-823103
181634
977116
325084
-737877
-51624
303797
-508107
-341122
-623179
-740003
116989
203837
592872
895271
-668114
-409497
635526
389843
809868
861812
-38307
153508
-399213
662588
-523570
679355
153117
-652017
-187837
833222
-523633
308715
389317
-956423
978457
449173
556161
-958743
667031
-562477
-514932
-664944
-806282
192921
403855
469386
-657044
-343642
-150826
205953
-117478
-830992
420046
-131441
-508848
700460
603876
-828580
-950928
-449344
788341
-526672
308467
-108857
-283182
417339
-251775
283095
87080
277443
-669194
762997
-710528
-773517
974633
-69768
-750478
-485009
415384
-207608
-584231
-968537
-987658
112829
-436935
628233
181102
214154
979676
-691531
520248
-566527
-262768
254408
-777345
-458608
-675728
926968
-68618
651843
-913444
-286119
80282
463089
-443440
766012
-870213
-268894
504236
759189
-737050
857254
-84781
-280101
-145393
-105509
516777
-238974
-684618
184002
-786231
86448
812288
484095
-981908
-924702
900586
-529502
257717
-344825
-408790
-450036
857030
997006
-503477
-643858
-458236
962228
715989
-769354
657501
-980272
-692304
881926
-650333
178762
290594
-914282
210724
661223
317950
645167
-680499
699330
248548
942679
-490733
-549994
-468062
-309736
-524927
819517
670600
39923
246193
-44653
-497988
-828985
-311039
494370
-884509
-235291
47493
-789728
-595166
-588570
699081
-369889
-558208
-261597
592025
-231838
736683
33193
-40006
-604056
-674195
455483
-478965
-619650
-852613
-102000
660373
-901747
-855528
774
554058
508977
738481
-849170
449544
45361
-450852
605132
-890136
-134202
224803
884435
137005
-810481
-588352
803232
-989754
166088
679763
-320877
-228073
-408155
-359805
876220
213122
311273
648278
-552579
-206213
416259
-531012
664300
-714503
-869255
673883
299630
-865482
-806538
-268563
333642
658484
774642
748702
641794
374399
-604182
-586426
-410873
170452
259076
-780197
614846
-597952
803282
245189
-315109
432778
139574
639799
-842785
-612381
139687
-159600
860427
916870
-285701
899438
453323
100847
276257
-94888
-201541
485755
-515072
-460714
-510326
-510741
-107045
295167
256562
65469
-87327
-715723
775660
-448720
-61503
984213
-948227
875375
-981423
963193
3941
582793
507610
-794486
-962587
-172488
-358155
-247009
-888505
-980939
-741306
486177
437601
82095
167081
630852
-676185
919767
636612
516045
-882847
587363
-8676
690864
821342
-517216
-129085
130163
-863283
-466034
174424
127007
-675740
-660995
225184
-351768
-196815
-28718
-640181
753449
-398406
-120938
-899479
-830241
-660774
745607
906778
-577757
-233232
820179
712884
-769978
533018
541644
62359
915011
-57676
-145512
-473355
-298657
37869
432453
742375
756345
-565403
-83867
698063
-806522
283351
-857247
-680169
209073
470133
-478665
352478
-945797
795302
519543
886908
37911
-923300
-485515
784735
-363172
-714893
648463
133837
404396
519077
-247900
-557853
-599822
-450118
652332
853726
-48466
-226060
-643627
-832303
245684
-343857
329525
644808
-7826
-870105
-417216
147178
-374941
-198874
584874
-683560
-658179
234253
573677
330434
861753
-367915
9395
-439999
-832247
770367
-123418
-461953
-888742
381210
264440
270817
-481671
-621166
146735
-94110
-874717
-590958
-730352
214977
699595
-945646
-928722
507255
-420378
615176
213240
-985717
-247867
648310
-596110
-944901
153418
231324
956396
-918527
344380
-699463
169798
-113085
-648687
606215
850984
-877860
997750
-533134
245114
-54364
-724580
831800
-673472
-747045
-145194
-662821
97798
-313407
603628
-824340
543983
22951
899704
-315844
244461
-517710
554977
585192
784470
10317
237843
791550
-378684
177525
894699
-329485
610895
685917
-207988
-175542
778569
-50328
-820476
277023
563807
-872133
938089
629669
-691080
770451
867690
197566
-878532
354872
476505
849912
620074
-268359
-229110
-714669
837357
-835242
-37505
-323822
-24933
936199
507686
675894
969464
-476783
581012
-347346
794654
443480
313204
-449394
400256
186051
-787809
87266
419922
666946
9711
-883892
53038
-485602
-990111
-455719
725792
-169459
-895968
984310
-798084
-65488
-792946
-421534
-244126
-72828
-32271
175861
674917
-610257
-889792
-506329
-621185
-15933
545465
95190
-609558
21171
861529
-717519
-358356
331132
353105
-932780
358359
776196
-108037
-92293
-122824
-8191
355001
706300
819167
-451406
-548819
274986
-314060
762640
39665
-808832
-396454
734777
-568348
-710901
-526835
534554
766271
-592549
-349277
-872685
-793979
-932395
-694849
973915
-535912
-66042
38340
472687
-680746
493575
652614
28029
-258335
-199135
45274
-451990
-753259
281262
617153
-494139
-191670
729813
7101
-138192
10797
75659
131723
-289592
537137
667137
900228
960544
396235
-721917
924727
-949960
-137631
-704831
-779201
-692176
981515
54252
-646646
-219362
51625
-218541
-204494
540378
973134
-929552
-282926
-310761
213192
-215251
-476019
-833521
-90391
-434181
634446
276592
909848
-139088
678696
826765
-114257
383469
-194078
853730
918611
954132
-678232
672412
-760999
727910
-444336
322123
-667314
594823
725469
547522
-835965
-538106
407312
396598
-635683
823551
104233
-519762
-670818
32484
-179933
-284881
-804169
635777
-402438
973907
609277
-651150
-431351
618453
-558820
635207
654983
-971421
856773
-339169
-784540
-778356
525004
680360
-425045
-474989
880394
106314
122246
854226
926878
387120
299015
462477
-737401
-597578
-759449
-129110
-126971
850706
-375323
-558952
73329
413933
-666907
825327
-294116
845731
668429
542818
237958
-420273
277278
-792109
-908468
799805
-224017
-952113
-136903
-251584
-517822
-655586
225814
-195580
91808
-364471
736911
266358
-804572
-959070
392104
312474
295849
-307444
-508023
-168183
104229
-764931
-45925
923337
264736
880610
600036
128460
419337
-763713
584828
-287801
478294
-161614
627700
-157377
-176751
736031
213273
662626
-814942
-761300
247369
-717997
-972581
882767
927800
-403728
667080
82201
-807981
958801
779212
757725
3215
632150
-844594
-906786
-196971
-36865
266025
888163
-795684
985524
125281
714783
422284
395836
-422685
-554594
-729553
-57430
459602
-159864
-283621
-981841
-251263
-603460
841620
-768303
-22057
594050
596704
263333
-487227
448462
489316
700111
235372
344043
-82826
30534
724374
-711166
529350
530911
-816170
879541
876860
220324
414703
999834
-577912
987254
-894286
-429856
726356
-448480
-945940
21743
-612493
-64765
-181529
690077
-488498
-805095
-578971
697270
301820
642511
10303
772453
114606
-218084
-567491
-90678
300671
-409348
-171851
213927
447689
-617789
-623083
452167
-427561
-554347
902557
670763
-243800
-796574
761257
840056
-648480
187502
943263
829093
-536640
-129882
589761
-24968
-271582
150122
-209988
-223145
221803
766287
-433519
-354889
855617
-701340
-527160
-84719
-276149
-468075
256070
-643383
-367858
-648163
-969095
335149
578706
-566575
-465267
738622
-590289
-178640
168052
-342714
-631173
-523994
-452020
-761070
-421379
-584152
200544
-396592
-335202
53419
-744002
-93134
624359
-567420
666118
521418
-693338
782361
676536
849630
-535551
-572824
-385394
632404
176674
159503
645860
391589
647222
918369
-6850
6281
226606
161046
853882
57667
-597682
261957
-370103
971720
-995069
53851
-600555
506719
-270714
805887
-227710
-512362
-521947
216143
916809
-921095
-745342
-651832
673713
173364
291905
-368521
882671
579238
102593
-504420
-302267
937520
-321302
-261091
-625378
-471793
527723
-872534
-319650
728013
-697678
-67862
-151458
-489532
485591
-236473
-941660
131498
934411
281399
386779
-65368
635940
-577726
-615190
699175
-11657
-591142
844588
773708
790145
9552
878119
-497370
278597
-40659
196412
381056
-164709
24518
-558991
467304
-176730
197931
757567
960631
-477196
957888
317893
22574
-227927
407256
-662522
-494101
-796748
-537021
-486691
-727614
990748
935204
583030
-753385
791412
-753776
-207798
-650186
977051
-839692
-40793
-756595
826023
-561866
-123744
-630836
-479067
319454
586167
56797
-190089
739668
500619
-214926
-233153
-364644
136904
-782127
731750
260496
-866177
-161128
-343948
-632583
93875
590216
-480850
-696095
-803118
31327
-109903
-251069
-895681
-385003
-490681
-766869
-724257
-167657
405641
997895
-455923
951606
-772877
-437952
952285
531765
-158066
923157
-741485
321105
511486
-449584
-292563
931143
-689501
-882202
-734321
-343674
-164742
997047
673828
964521
33264
549121
-206016
131726
754338
342467
49911
566286
-943702
210378
296922
-260353
6238
-549562
-593629
424276
-502318
-122839
-785084
364583
582510
-136268
328106
-336260
406513
-148465
-161512
811317
871026
143467
576834
230615
448991
-872651
450004
342958
-657212
-907445
698624
-398816
630177
418109
201995
-365651
670515
905389
-684158
440918
-918878
507118
475874
-371818
-253345
767001
-233871
335659
-54572
374312
-193232
995564
254733
-459884
-393859
178024
-114538
-287555
90744
146873
-557389
505157
405040
-353084
-112860
-278802
-223551
737820
104004
-186719
346848
669497
174259
134984
850832
-875878
865160
-532486
66291
137868
972567
-618992
-113757
962712
-952883
-972934
-647068
64631
238347
-690001
-522481
-764847
-849269
800502
511889
-601812
-366177
464109
-255257
-440175
-626597
-564364
613316
-68609
-4700
-126639
646609
303319
-266299
140624
-935337
-828087
626298
691780
491212
657263
-919343
-189295
-80326
-226598
-418599
-271527
-967261
-804032
-519700
652228
-287220
390914
-796244
273521
450003
631583
-69323
315042
401325
-571116
-347504
167336
-360885
-188863
377204
-539055
-948265
421520
-284789
560450
12245
-53420
-90784
-420331
684167
-138198
52225
-278461
270897
-447213
677971
-454030
-634447
942691
-232693
915544
-613742
-865324
-334196
-764260
411844
689579
711188
497332
-468839
-532254
970139
194040
-447105
5561
137093
32377
-796864
-187960
-37631
235457
-540832
-561489
509473
-179234
163971
-236774
-231970
-615220
386979
411488
-845153
241092
136985
-160063
486830
67710
-91712
191054
896725
-1935
864354
525335
-162058
-968273
428221
-887791
836218
267972
-697368
74810
-89492
771793
-213699
78490
-519545
482672
857578
-510517
841693
-230885
244193
866036
-286637
-54441
-232917
-67158
-7029
364803
18715
-780116
-859746
250492
252484
133352
-830598
-495127
-352000
-520988
-876423
-436637
687735
-927369
358314
703563
-591350
-347097
114342
-470256
-907306
920494
220288
148661
-596660
-108829
-286719
535385
905653
289015
-64064
-724494
-18478
-31860
36150
-268665
-561109
-911172
28477
890940
38441
303935
-449844
745111
436346
88374
221576
-456795
85073
733852
477483
161167
-499402
-945699
-79776
760463
-285952
171407
232903
-605409
107532
-716316
195040
949955
381671
484271
-755581
-107025
-599253
-890609
-53148
318420
-845868
-439486
455923
-179883
-618232
-926255
-724987
-435455
-334533
-607788
648714
-629884
730597
971840
197011
519692
884433
-398361
488157
924233
-654751
-927650
799581
-760912
-300134
-116224
260791
-624544
543173
992619
998139
349998
-29836
-295310
9482
954806
553460
-915503
-699769
121917
526402
141968
-74972
-515331
-916406
855697
-906522
-460176
89028
697758
912483
-406207
491051
21782
385978
-498264
-247042
322253
859277
-427483
108387
686988
583972
-706507
449224
-228472
-79936
611263
828889
-222076
721811
-290162
983945
706687
829806
-915155
-812910
-711298
-900991
926726
-900966
553185
895258
354014
-230226
230232
356358
-248441
-324243
130341
-238497
-952965
-603310
720157
887548
832729
-723885
218581
-498421
-882644
-484857
-992253
-276497
721334
179187
718196
89043
-159027
299972
-649593
-542728
-882918
354950
809017
316916
446481
369974
896646
-574118
51397
793886
256417
-14485
-195018
-505953
-921341
661706
-396992
464376
-823033
244187
-553486
89553
445639
251852
330063
246129
12468
-890721
640507
646016
-371709
-553348
485729
-49719
-604297
338310
718001
-392429
-831951
850281
664375
316780
258865
-868904
744940
-257482
435867
-756963
517071
-56956
-849932
409142
124801
-972814
-146308
-730252
-354052
28266
126309
-700997
734331
999370
-636438
573891
572051
483722
521935
-322446
111958
978986
-206141
-308208
-923672
-95381
-539406
-786130
979421
693929
75109
44664
-981260
362451
644627
-585525
291035
-72175
-893691
357910
997728
-956011
111003
-734170
307955
-825667
-916546
13399
-799518
-221212
350019
-182058
-685319
-416996
-435797
844298
891629
113633
-885330
-768654
918533
-105595
901373
316388
-610918
-417308
159445
-340675
-146233
786892
-740373
159545
58447
812428
-230526
-907894
888588
-290814
-427101
-219840
-300090
506868
-498491
-708942
11147
906549
-117282
-7547
450317
825859
597729
376805
233857
-45766
-103425
-565256
-8823
568770
489466
577382
161507
-118448
-901104
439970
-161514
160548
234167
-910518
918560
-39473
-919913
-632439
864838
325432
57899
201761
-318416
-441983
-41656
156420
498975
-533062
-834905
695259
-799051
-582169
578753
701099
-501266
829425
-972475
106860
-435239
674473
-294526
-87017
-452119
236855
805653
-520117
419215
-803989
341727
-434410
976496
-533950
-321632
-113183
-992721
-415727
-280455
-281729
125761
-723870
321982
-245551
-291620
-898484
982050
-691956
-462756
-943914
859744
32139
511098
646316
-447470
512784
-137518
-872190
-918245
123382
385686
-879919
-644148
253937
-912475
-97417
-488027
-585313
-254261
431178
-401679
779522
-72924
-150344
-126899
683374
884726
365338
-177671
-825608
908325
-453169
181602
807993
928994
900695
123023
-557862
616689
-71912
978582
760635
276039
46552
360070
287486
43327
-559535
365252
199288
-517943
-415287
-24883
130709
-243628
-12387
-148338
996625
976421
-83275
786694
-538052
903360
-984191
-258101
-802959
-159154
969710
200769
362177
530301
-627695
597433
279425
-337063
-588545
-43552
994017
802216
847980
-875710
838430
-824851
849980
568801
-193866
737499
-505719
-911492
-614203
-318977
6336
-227873
-445712
936817
210679
-447153
-55854
-164135
-589065
486749
-86155
963042
139976
831409
-81587
-665788
25808
969982
505642
935443
887319
-666475
567067
594104
-159134
690423
-44013
-679984
-59700
-859212
-932503
-85218
952759
-28780
569551
964266
-141608
-443889
564602
765981
-906614
-844434
-887015
139085
738620
392376
-356148
-538756
812753
486641
-412765
954848
818120
635699
-116891
757841
-184294
342673
-324726
722779
-12311
-509657
524035
-472576
474634
-402109
477031
-843208
564601
73551
-383042
828989
396335
-635469
507626
-214755
-273210
744204
246576
521592
424039
935019
660761
903955
-268211
-170679
195640
345576
-379987
-598877
-258286
-839926
-297590
24688
-148683
54065
329540
989032
964542
136390
932344
-190362
-188332
311702
411334
-808397
-791512
-146395
-489140
271650
-58204
-884586
-981523
-658072
-452403
55866
331942
-281191
918748
-680476
810688
63595
184609
-346257
794419
-107078
-164147
992386
691172
918538
37153
141946
-951920
400965
50625
-403383
170025
859357
-782100
855508
-793921
190230
794006
-741041
208861
686539
-876470
-544016
584754
377
686640
597512
-498981
-406982
969653
512352
775771
-642111
408351
-313764
324851
478328
657653
-357365
-606722
220825
223525
132166
-112415
408476
-958899
-550372
790190
-588100
-45918
-84130
-336508
-509512
-419814
671286
-712581
-53917
-491124
813725
10438
75823
-178181
690620
-813277
52178
-40481
534963
116278
593609
-672419
-456364
614443
552713
696239
866537
952712
-74581
-453848
-660566
538756
-178039
174604
811419
47658
-82154
504691
-448689
-941936
-62475
-875227
-232192
-119019
439818
470205
881460
9817
-890806
-762503
730971
695437
-394985
414901
-934804
543577
-595043
-881113
281246
-644014
25027
112657
928533
265294
-598765
335637
394127
766664
-477237
-833432
-499150
-620375
877019
-889381
277856
-847939
20217
426204
98012
798918
973818
-671598
13872
-257584
-466115
-939254
789063
-432723
-737789
83753
993816
-637657
781341
597828
-519539
799512
585012
-799278
-908502
126459
335181
249409
335058
294547
980498
311904
-461996
-257890
416289
591002
-702693
-668368
-865424
-135681
217356
-887868
-625302
70596
-461635
620833
1715
415891
-373936
92746
-638968
720864
-168285
-984451
-915147
907096
135236
198316
-278047
240770
114375
836675
363164
-126902
-588709
-880134
598848
-542058
-960962
-28207
38372
-806098
473406
-693722
-362296
-966593
-312919
-85369
917061
-238599
762681
483705
223464
-295255
494381
66945
132488
228143
-329488
162630
-78888
886227
-979477
546770
-623061
-187811
619379
-912111
-391831
-941615
293797
-201567
262408
-834611
-120896
-713827
448627
110287
886685
941192
638880
-659276
557890
-846754
-609734
-689061
-627349
125128
-870122
725180
-853299
631955
627156
-21128
-34012
768514
690944
481616
928109
-455091
-869679
121092
178989
689394
806839
111922
-224008
464549
-607147
-775090
-732613
-531539
-641055
91178
13789
782875
614010
154795
-214901
79034
-667912
23858
-192476
867486
655776
-638011
273252
242063
347482
477641
-294127
67145
-862507
645141
-868295
-101838
-249751
263541
-414248
-963925
-620456
757924
-264956
453879
497999
701545
-115812
643757
361148
488579
327520
800711
577998
675458
779207
-313
-872588
633432
432628
968333
12258
644314
160825
657043
601192
556363
-126330
430653
281985
-734774
-911872
-988502
-986937
953704
-1918
642829
-35109
977698
-836599
-389040
179298
334380
-799975
139361
909549
-477588
-100451
381004
-205077
-234082
-867135
-776787
495307
286170
723194
-864847
-612085
-306715
549457
852665
520576
536400
-90369
-499701
-232099
-719074
66899
-913588
-238856
371844
818587
98582
761765
-122390
64974
-281359
-569875
112744
145417
521201
-487655
-595978
-429614
37049
-48512
-66519
977993
-459547
-222972
-993243
748481
-559424
-682529
346649
-847449
-492025
-976325
-815082
418723
-716614
-38297
928625
-846343
-60606
-542414
-36806
-900590
109672
-350062
432919
667943
-267243
-968492
-935041
411787
99285
-285454
298909
754016
410587
-518513
989308
952719
-99265
-144223
508811
254813
818186
-219862
-403821
-648928
928931
-726931
127728
959008
-257484
-193456
174467
-643212
-682379
-768718
-395555
-365976
387716
-962088
-56654
269969
-182487
536123
-357092
141862
172735
435509
859503
-701468
12036
-183024
411202
-180823
446288
-705150
-12034
-214265
-933539
613268
812947
-860726
587993
-268073
-828691
-146247
46345
196953
360352
787986
862881
912602
-657115
146389
-758028
-895217
409732
-999550
-855055
932067
-927770
-131453
18628
-827458
234137
-528756
289729
-337207
-204286
-831841
-45346
357233
-928964
684768
550531
57946
625022
-453210
818875
-707451
918806
845580
526765
-589767
368423
883229
-437510
702875
-729359
-680752
62610
499335
332672
957666
516667
-427811
-431362
977409
-254192
-11967
882113
217538
573640
-804246
-418779
-118109
649358
267786
-327240
42776
933
-983695
-880155
-826203
3961
-329735
-267342
382264
121711
-523342
-581928
942979
-730445
-894551
-391333
11548
516625
-488746
116051
643060
-256077
-115850
821982
316491
74252
-377304
419031
10313
524808
896676
146954
-945994
-713626
-893691
420536
349759
269373
-970696
348375
-272041
-663376
-944100
-331714
305946
-951625
-661875
512986
888966
-132982
-969676
194417
-487452
-694250
911480
552240
197164
-257924
412056
746433
-929622
-857252
-644635
-464685
-75123
233313
-342383
-757888
-277094
-144477
-729011
-368372
-614835
-402328
336457
-178605
895901
839482
264018
226913
-176399
-586433
-113197
-283109
-214091
-617840
625790
-376715
184385
406543
798478
-977948
-963559
266342
441001
-321703
-949861
891860
-440180
774874
513386
-552770
-426512
-323038
-215705
-139185
-539008
965349
-72775
-840734
276338
833038
-990294
938136
124529
20742
-246537
918559
-716698
147992
-305615
532177
13717
-242554
671607
-229389
424289
-11554
-568799
-746598
-309330
663430
-279499
804975
-627680
-954903
-367440
256218
736624
-638972
-241058
360118
-487584
349021
730273
477088
24399
439027
-216142
-606741
-430317
935152
-139529
76370
227769
696573
538821
-164855
886121
315783
409889
-956842
385655
-441167
-219890
-282536
-653187
125077
-647096
-483415
-211975
-582363
203001
176990
256903
236585
-455347
-49193
786098
-219415
372720
443984
-626297
151841
784727
707801
-554194
10682
-240499
-402103
-631482
-949647
-809228
-64139
658095
554852
627271
-640423
738543
-444350
-400078
407977
-647601
-693373
-450291
-296437
141055
-538501
-537917
-708774
3898
-667608
-221590
716354
714504
241824
122716
198726
-806554
-923639
-867515
363847
418046
125327
-60773
967693
-229274
-40915
-761688
-2989
372119
88728
-514611
969940
435408
866241
-312384
611112
-626820
510636
-504189
-392856
-622534
-120832
898611
-470021
-983687
-231610
-851632
-43045
-28497
256
-705657
-285917
-914083
-787204
517136
-93561
165562
771717
692272
79779
913736
-475707
274373
619914
97732
-170693
-317895
-918858
34581
172233
-408541
-66934
-88283
-593462
-399874
628602
-829719
-955583
488367
-97585
993612
86460
-937597
-88549
-610038
-426802
595576
582176
-512723
20429
-959377
690024
376291
564781
-774103
454707
259796
-87941
-150915
-865859
900747
755184
53796
301540
-624100
788147
-10741
958293
-495184
-912438
-924261
112903
-976805
719750
-286591
-94169
-355666
-278983
-688676
-47645
218455
649113
510337
73866
663643
611226
-317444
-426539
-167607
-93212
741683
265946
-152022
146146
-506141
-319565
647325
-461585
-558806
974759
84728
-959872
-726404
-696758
343145
-900101
978392
-260795
-224429
424910
242213
-143274
267140
-978825
-317397
-723401
722689
195828
-431636
-605077
338340
104162
-776898
501540
-255424
371541
-284874
157734
-370272
-381172
121627
-484121
699241
689358
-57109
845955
953455
-355179
371384
296826
865898
678328
92044
607253
-841195
-626166
-417574
833606
697816
322783
-600759
-908572
-389093
-403578
-667158
-571857
944408
91381
278428
-305567
-745727
-793708
-781206
-358260
-150029
-964727
-811706
213035
-860408
578446
-79739
922759
-668036
-729852
-569405
775996
326983
182716
-163834
262094
603201
-640272
949860
449447
60119
-230412
-26235
-998477
247753
923426
100489
995600
376177
-640090
-941652
805753
-936830
107058
768263
676200
-635027
-235667
213549
-718948
-443687
-277152
281115
-232680
-331384
355695
-85156
444843
-349034
640886
-127864
-609156
-295020
486716
-980163
177428
494141
-539361
-804931
-275233
458208
7167
-783223
35844
217782
-460902
997941
-419042
641194
-199316
114579
-475012
438519
-102362
-242004
564031
179025
-132848
377920
825438
-191342
-131875
936856
-458229
221794
-727476
530110
170624
100304
-398384
-405435
-981789
488010
-561206
174408
-23172
-755634
-236035
638672
24273
-366048
726331
414431
-514783
859755
831153
450189
-374044
-495943
-973269
-870257
-831053
-287962
-440805
432500
842321
24307
-50918
629998
-760934
-724313
982235
-277322
354252
-507300
159638
406424
-669323
-675085
692074
-105198
886101
696225
-745609
3269
110075
-500961
-692327
620865
-311849
528828
675290
983921
-66433
868520
433804
-266955
903562
-56246
483740
113713
-438937
592798
-177826
-502708
-485307
888169
-270018
725580
725875
405014
-318909
471206
-929677
-79551
822551
160168
-551002
-419907
172942
-276114
779283
923754
-622650
872894
-765727
719841
-534287
-188060
848762
31598
-993476
-555541
-653851
-599793
876806
444112
-213089
536541
-160294
999000
440831
-746461
-373901
97961
-261553
200503
-508173
268182
860042
-949740
566539
-586705
-341654
-983738
885622
-57386
61009
-98850
669474
-248598
-551691
311824
278215
922850
933068
547165
-240276
-463818
255542
-686495
-564554
460029
879932
345591
250157
876009
53449
559994
525581
-606092
238309
-374659
-954457
376216
-14227
-539518
395158
-449300
-442450
-991283
922980
-50168
654440
-724584
811924
835136
-220353
879462
893221
949500
631341
424140
540201
893822
-221851
-376093
-235494
897365
554144
194585
-308836
-837312
980978
-395646
-772530
393801
-441567
-615698
953070
137951
683666
-420542
-884579
761179
-739340
583152
725009
271859
932785
-413474
805214
-579743
591368
53247
-898768
-424649
273693
-854140
942534
-611603
-991510
-295573
-120593
952878
-196582
978228
-596958
-217806
574608
513554
996401
-349287
-749240
-733391
817630
-519990
797730
-136571
580980
499321
-101856
-475216
226950
-418263
869537
157864
885721
-203416
-983455
943746
-920032
-340654
-199734
-688048
258827
-747414
656810
892353
-599038
-826535
221233
-225500
-305223
751917
88144
-51607
130189
-465889
604889
20161
984258
442575
-3164
985168
-560442
-866415
704257
-413793
-560700
840875
-109785
-36893
-519677
380436
309728
471790
642125
-923468
178138
-412518
-525858
-577471
-124516
775464
406196
871315
2918
326540
-215286
24538
434504
-802680
145311
-799986
-541789
-433475
-692065
448638
409050
898865
-768142
-164800
-309211
-200659
689003
-5949
46763
395187
-113625
570188
-526494
876979
604016
253817
-780012
499360
-801161
-9413
-381541
-307670
-140865
959232
92420
116571
243453
-509459
966798
15152
407096
62715
-961644
34147
317369
388678
119052
-348879
376537
-23762
-967876
839234
-714017
-352505
-458747
700497
13090
-429405
-238267
988073
369956
643842
430991
-849992
96185
-960772
750880
18104
904051
-801803
-206290
524328
701220
-691482
619185
-441689
-517119
887201
-18634
975429
-716979
944453
-206515
-426607
-581386
809417
81734
117170
-33489
-453388
-221327
625769
530855
650601
-70233
-541475
519201
840272
150462
-166130
965047
-656987
247039
-106152
477340
-353656
-312121
-37442
728821
23666
-175334
-273913
-185235
738288
198205
-657713
-108432
988823
141603
631652
-515971
320642
-707675
-807743
182
859551
960169
984898
521788
-927585
-130442
58756
613707
762292
-861105
-593886
-325107
414998
938528
564910
-802955
-97867
226361
161921
-850689
938097
-371014
745668
972915
-745867
-687445
163101
761773
-228046
741796
764378
638568
-186870
-122452
656311
673629
488477
-257286
353841
-80477
-531520
-605597
559092
176586
949163
6857
-499809
48063
312261
948300
798399
723791
-551590
-68753
-39627
26281
855758
510800
211267
-203681
-256521
302568
-913846
887060
539761
-545876
-147583
372342
924396
404055
200902
255417
-20620
-770068
252425
-808623
873011
477008
-637130
-110460
370528
230225
811684
730449
575951
-739960
-409591
-62489
-26149
-622488
-176208
-642318
-752749
410447
594681
574381
866947
-660823
-484000
-541602
382829
119766
-594540
545818
-649662
-133637
-618810
771272
-316315
-642086
-258119
-852124
289448
192890
-460868
-420300
-300126
-504884
-464956
-988714
-374773
399676
873984
677373
-967146
223635
207938
280823
259207
-968116
-492963
-58131
392110
230685
387938
160915
425515
-611539
455620
-129339
-674935
72268
1278
841149
-660353
-843103
-645956
-920087
-87237
494434
132331
-564320
-890719
-285037
543392
763948
-287313
10992
399092
-844694
736612
-553612
848979
378480
-907852
264146
755220
-752728
954068
594756
-130344
642214
-49230
-411679
-383850
-119313
315808
-204297
-960000
-112107
-888699
-967551
351902
-717018
237836
-992117
-430971
-696246
872243
73501
963257
569290
721362
-116789
-155469
828956
6867
285060
-241915
893975
703855
-398113
-30183
905553
488006
-49393
-301547
397159
-973424
329965
263821
-29482
229034
-214270
274410
-638550
-196539
-956352
-774987
-115158
616019
848741
601957
886181
-947439
915165
972392
704918
546882
-351940
-52133
144908
144967
-784442
572204
-309082
389447
-280247
-387992
20737
-409397
389638
933664
876171
117724
667310
-452405
472900
44008
-243203
-608599
-49757
266243
-158574
923823
226154
-786401
-781400
-751935
715472
804007
-324626
-575649
-551349
-722352
769600
871543
-542626
115278
-850608
832131
928346
43600
-450050
-848462
-938488
-157735
616246
-864726
-281955
967494
191621
416529
-983531
-728173
872196
118452
632253
-146829
512604
783846
501255
376072
-489453
-781914
-20621
-923466
24800
-531623
-597145
-155824
916267
-388605
-39169
-67913
-83021
-605113
-813915
742408
-586678
315594
-914870
971339
934278
-705180
936695
376342
422367
-745486
380121
-202697
87455
-680768
918994
-239397
-408478
-51106
-2914
140637
-444455
-543017
151423
294019
-828657
380416
-584279
602576
41445
539044
897376
564873
-535883
-97101
707924
836428
-668719
-3811
-714656
-759099
-21930
-782702
619955
871969
63204
-821085
245126
-931965
-222036
223943
-426664
908977
946432
818061
-463771
-857867
-662732
-438804
963474
-720701
-531952
-101532
-513883
-201696
-174772
-275065
32499
-427580
-315291
200353
153004
-407977
-967899
904157
-565798
391426
-653701
-668678
-953326
-813265
277869
-96469
64472
467997
-294958
340559
-869170
-736766
-985131
-696076
934363
-156326
472747
-937077
-974283
-974437
-838279
-414607
-890037
909657
-848029
648345
427237
-281237
837788
-268892
-558040
714504
97081
-26262
300340
-465486
343854
627245
783703
-83837
-721568
114513
-800772
466894
600103
959849
36781
673738
543477
189581
-313038
-106294
930332
-630088
-176949
-597103
652974
79222
569804
-469474
704574
355651
-394286
-340947
-784314
868453
940301
198198
-908660
215862
425875
-322976
-645693
-751534
-457483
-615697
-509811
503563
-772448
-679860
85716
748990
305225
-722582
376673
-937118
250005
-595326
-276532
-862744
794439
211375
213747
-342717
981756
96907
107667
-331984
-216201
-735342
669219
-51909
-935991
861728
549295
-255453
798361
417373
536531
645120
-855217
-92505
518642
980598
646958
-933081
956746
525342
-30000
-422280
679925
-243160
398379
-802232
120961
612521
-106532
-411089
320313
-879715
-432205
-364021
293369
290163
-731840
-533904
592924
661582
-968693
866614
65253
848779
371330
-442817
-327713
-374584
279769
-575630
-604943
-363083
553256
-549706
-630270
-227565
-943055
-818726
-688579
785943
634487
-274684
-146909
-784611
666515
644408
-784135
610145
918372
-509232
-98790
576974
528547
-915057
33969
-37349
303633
-470564
332104
-168132
-297269
-732884
61556
225317
-284421
784314
192821
271582
720880
-755520
364256
475540
918716
-484982
-190755
-39392
-441590
415296
300716
714011
-657770
887211
-535417
108425
-825677
569846
-587248
605561
-262789
451489
-348796
-785717
-130340
-14572
985387
694393
-382247
30830
877897
736970
-84028
429161
489973
729054
168131
320881
958443
-52203
-52567
294654
435634
-622894
457171
687698
-984110
-947850
-441656
-376046
-112102
-780085
747382
-288412
422597
-947557
297004
-791506
-211259
-816341
636367
-848146
-158980
451507
-78522
-125114
653774
-543679
951224
-46812
266057
425025
-260429
514966
906799
840414
-543918
-178997
993500
-612561
-988101
-106676
157923
-191003
119341
314925
34236
901893
603145
-370597
-26847
8192
691485
394830
746209
-743606
525582
-351023
-569662
224903
-144984
638906
278824
-173222
-875204
-954830
-489343
135752
-460028
967294
411729
849306
277101
257958
385223
446118
-534355
-227655
462315
877928
-676416
-539514
-729001
485899
125114
-837417
-486473
-820687
20337
-407733
109007
-936723
-867869
-828749
201885
366811
970616
-914584
505489
309694
-705432
-209295
345030
-311395
-587252
906387
557643
3780
419896
394933
-994986
-73244
758659
239570
153032
-616473
756476
-401497
-516811
-516556
-625460
-367642
49205
29318
-33074
-161053
-259606
-375706
983754
-200442
-440372
783553
-678323
943182
82942
-590437
791131
-267561
-898758
560023
672732
255566
479914
-16910
-843655
794328
-167152
-805907
554358
-446592
282171
-326894
980914
-64798
-85199
724614
730031
-297746
-624425
-693895
-457772
664286
610343
650015
817469
411047
758844
277340
-462209
214511
796878
-138506
788886
-814411
222600
559920
-245527
-426387
673673
142008
418961
526559
377376
762900
-978424
909613
229317
140518
438569
-583061
466144
-357417
388459
520895
639884
-847671
225868
-978304
-330702
811238
250359
785730
-114744
345202
-563600
-875852
753043
-192877
-749717
-764685
797817
-159814
-442414
996442
-280693
42346
395707
834376
579672
-828984
-567413
459645
768342
-343028
757950
-102406
-359540
789346
708493
-126336
168185
-581215
440244
291634
-290951
711372
547677
-291901
-976529
150109
259140
-830887
577108
132143
-84871
-519701
251637
271888
581996
-73618
47250
-254247
-303997
-178785
-161569
-848061
-347378
-729360
-89484
638799
877014
-423406
805889
-267662
-95934
895163
670944
23364
503155
-334069
-136251
1589
258978
-910742
-699972
195254
-267172
646474
-348863
-467807
514821
25509
285559
-88511
980363
-597197
-480719
9851
-68315
599525
-265283
-991590
171444
-70642
-675835
217821
75676
84006
-368867
90387
-962106
-293024
296695
602512
619941
87679
-410099
327819
-143184
165396
-298503
977358
-359391
674496
-830424
386583
-872781
-575774
102342
-565559
247809
-53096
-149440
-382394
863788
914207
-482224
401945
-402626
278949
142428
251976
-195054
488304
843305
-220342
-518951
-276896
-523996
-791476
468977
849613
173154
958271
-642717
519286
286370
462856
-937433
-66290
-997109
712056
543487
542838
-301919
644284
166730
-317749
77148
389914
-512510
80543
126812
940131
-585498
890882
-609326
935324
967340
911961
-528644
60784
-331038
913703
-847090
-355132
-354313
-644236
-670685
511767
-343494
567794
113564
370792
-257532
192476
-361235
860236
-206947
-846517
433528
-931360
-80720
-220168
613910
-700537
139841
-553596
350294
-266648
-986727
-476941
202296
200704
-499446
-869631
971157
-312459
-422614
513805
929681
-508617
-564208
-485818
-44425
458495
-202944
-161699
-789816
346214
716771
576951
-83142
809847
137375
632539
-561802
715971
882196
-777230
-736667
876878
-136505
-204780
80907
-574420
-265773
-503345
160026
449559
-757048
-27592
234087
529785
-650599
-258109
-470153
288607
-619895
-67503
-97427
439374
-404748
25621
231779
-388276
-225451
-532338
871864
115740
-846675
-728193
-128464
-531332
-895330
-554832
724008
485916
-731108
403408
742360
409986
-473512
-462755
-824281
-714206
-472279
487485
251400
738008
-318543
477715
-84048
63722
-346273
-727364
250469
172932
-652108
757669
768559
942752
-343949
257541
-383425
427685
-270145
-813173
-229481
-313790
982402
395337
395408
-967161
757764
723962
580188
549277
-706734
-735248
-638804
-459636
-541821
-557850
-284653
563642
-482814
502442
-951663
778096
756644
927709
-56248
-66288
-683396
420098
647063
-915297
901884
-980735
-828578
-562773
304305
-925488
-540941
-457561
-79974
70055
876736
-336584
-231354
19359
-991802
-920252
-908393
-670768
-512633
353812
292639
-413549
413957
190145
552276
400906
796422
186390
-349792
-18640
493270
-815941
-760265
943706
924213
-165057
-367798
100588
-570027
771407
967143
-778671
-963143
824992
413229
-278312
888191
92669
459165
710880
-979364
-766022
-161015
-864119
-581900
-987741
-555666
-581501
678133
456353
227276
979171
338719
206559
182940
305843
-23178
520197
-822696
-425079
192018
248371
682337
-763412
-326202
831318
-104121
-841242
979050
822908
-783252
-743328
-310822
365498
419266
-362290
924448
464024
468853
866315
-895022
329758
-193737
859842
124193
-691613
137866
851907
-437359
-363103
-204416
-634116
221444
-270646
-892609
-903193
-950544
286043
-496673
752678
-871705
553745
-334075
-915440
988962
522396
-260687
829354
502726
45979
229048
740212
106953
966291
566796
-905613
-140251
-583181
-15588
-500920
-312110
684293
822746
-647135
-740654
628515
-801280
-751814
-151555
846971
-333300
655578
212451
790672
-957774
708276
720373
538319
-840867
-245415
-507483
-822776
-667079
-301524
-755057
914845
893988
991426
-369119
653878
31015
-844608
-516349
759951
240664
12615
-661482
-648052
969602
260151
-565615
788552
-388670
-549960
503439
-333969
727983
255725
-344235
-139021
596102
247141
-520291
468204
3183
-987087
476388
-483412
-647146
-366073
-476323
-679554
-263872
725605
160863
-852768
-11021
668851
125113
788147
-364805
81383
570107
-735453
-299079
620124
837035
362471
385813
-25876
-160142
-637137
162609
896743
-612219
-827973
-378285
747650
-67036
-887463
-301276
-709700
-482850
410698
-635476
119433
513968
-636738
-490295
-594122
-717146
-841561
-346543
651702
-676451
1621
-113906
901811
185006
410981
662613
-467335
767919
421405
-800467
791230
253267
-986106
-340108
-652081
311957
835867
924209
272812
-117275
97841
-987642
679000
493459
805473
-90759
37361
-397684
-121943
327462
-860431
-417632
-304241
-151001
-898238
711418
360271
-273227
-861854
-40041
-556305
-585477
639090
-285634
-543654
218739
72715
-523846
-142433
-272375
973925
-74688
-228230
808120
347917
-578778
-791463
70361
166135
-580251
-899063
764231
-774178
-967788
-149805
-741714
-16421
21054
-40835
980046
-513335
-963147
900029
622444
629844
188044
-723429
-348920
867269
278814
255402
-961762
90756
5467
47515
-845107
320954
216915
853940
315897
-756419
-152044
-256232
-460850
-487208
-430339
-350059
-703249
561932
-328327
911287
-295033
127041
-741396
-739255
-621985
875231
-4558
1586
107590
-720714
836255
-830415
593899
693625
606188
855655
459666
596998
45860
-542220
932907
558302
-250945
65078
163124
95528
-993888
-662449
-445252
672266
-98042
577707
327632
-503726
274711
-49409
924135
997293
497892
-244871
-73514
731237
-162515
-927552
273411
-904123
319498
-63848
-18718
-862275
-217107
621830
856514
-537525
-953891
47503
762093
285171
-193278
-862139
-114924
-950822
217187
-709152
-726051
-389144
-351790
-258348
-81962
798229
934989
-789004
294448
469676
-369654
496537
741955
188100
124379
190312
-515092
-395293
900564
-178264
-798344
411506
224421
162950
771361
-675978
-378940
217562
34067
728875
397613
628176
-171656
555931
-16123
428585
114931
-509516
-642692
-9404
-653800
403217
-923567
-461598
-318822
650151
309391
475094
-898289
-20539
905894
556682
862932
-268046
323638
-727280
-955957
249590
-47885
-831588
402867
-649830
-490863
-206472
14736
-8045
784431
711995
-9255
158745
-423957
562412
-959151
-620283
787642
-397122
-602044
-36794
396125
407518
267298
241237
146818
602126
897676
90040
-130319
-851086
-120266
-687468
245543
845032
539845
709291
8949
267196
-69252
123184
-610168
-997305
311671
-996086
222250
-31016
175144
-346322
357884
-192114
259868
734202
-419150
-35973
-426715
745050
724293
-771185
-845028
372194
98682
503556
-138618
372293
151373
685219
800362
429587
935091
383725
-254749
-371395
943235
-71688
498374
129844
-781529
-601572
-904356
672945
-374398
386014
878432
934159
-194706
-523591
930981
-563025
-494320
-344712
-442517
-458888
974436
581204
14051
649289
147045
403788
109696
225284
-527555
197637
443959
-47072
664097
607410
-52740
-70299
-216645
420011
74731
-592185
85308
905870
9129
459529
607120
857461
-377161
-398196
946670
-736899
-905267
927987
-627935
385699
-307363
-613040
976928
-871068
-981173
-422951
840657
849523
-255391
-723814
-748148
-907136
-367324
-653498
181095
-907612
362435
764120
83849
428610
770170
690012
-61815
-35505
-145647
869710
961648
-759870
-308815
832727
890820
859808
-461088
-402192
-837034
750062
-470714
550986
802338
83745
743404
-448698
-256431
-95442
-940043
-472870
-68339
393853
-127642
-908465
507350
-362453
689464
-767876
-587924
-886996
521378
-598937
-111817
596157
696150
-135410
-427830
574993
999287
703133
-601085
-455683
69192
-928306
-64150
-714113
-236316
381672
780806
-1353
268957
-452779
639730
-23830
433286
428020
-577817
711084
-24814
-535550
779108
226946
-3097
73712
-179704
525469
155544
780623
876303
-433749
-713147
706625
350895
-377546
-22735
286689
845089
-156827
273672
-478341
-144315
650187
857118
-172648
270882
-762300
483983
940386
-685686
-550126
41111
612948
-316253
857972
743432
-928567
513343
-948144
780481
938012
-755770
90423
-71596
-582385
948746
115215
407121
212604
-356088
869923
591644
-551019
-148181
980849
612954
-131843
893555
794209
423780
199451
43939
-19626
809242
214442
-872950
-41545
937791
-585300
265396
720459
-305386
904107
94025
493422
747661
-576012
546367
757546
-677305
-751635
203925
-913799
100615
139898
790095
828571
-285994
511470
70957
-493000
-20211
-57504
-524638
829451
-355871
-736975
491328
457255
381474
791458
386400
839180
-473054
-615402
-920133
-551171
558255
-261306
474045
-316654
-305924
459226
-691546
-25184
-20515
926585
-972124
212413
-797825
-194494
809954
-978334
-477320
-351470
-357650
683655
546266
-282083
288166
65993
-946599
606804
386413
17791
-17281
-354873
296053
818403
-111368
-117070
526672
251340
377597
-945926
-877351
-573439
603561
475944
905993
137071
-309477
529063
421742
32217
777420
571958
610455
789722
881420
391737
-21531
-508128
-656291
317812
-138204
-207494
182886
-753047
958386
34850
-880532
814251
-535218
790195
-692036
-698946
-961805
-753068
-764239
-811540
-442958
986221
-653181
-912675
315303
-329110
-295422
284562
-306095
561203
897093
-81645
272399
376931
-904875
-315876
410380
983310
594448
922495
-893866
818988
333726
-233395
-912152
418825
78520
193093
302679
-846357
-752299
319471
-110204
-256205
40460
-988949
-899940
-73521
928056
85327
-681463
51381
681134
160150
-754975
-464667
63827
743630
-832345
701727
663700
-724584
45189
844177
-98983
892485
901289
-137027
-327491
330504
-675154
26548
311232
-339152
957481
839903
361614
479290
-931262
-366840
396002
57131
702304
-847740
709479
-64977
451745
992923
371260
-936778
-815554
-96702
-367489
749092
717186
-857555
-60915
-169802
-327191
-468515
949378
347535
-402535
628293
528096
862644
-182325
824663
-249830
-492607
875758
-347044
-246475
225692
218476
-412913
-792161
909155
-816248
-59650
977445
130872
-642617
116272
-782511
544255
-263927
-60120
352471
-771272
-541243
429824
630690
994664
787401
915893
-375106
974113
525436
-807656
-432027
-597097
-269043
439192
954417
-940940
892475
-819687
-971283
-87960
-57282
-742891
-957098
-855504
116909
241969
702968
-902465
66806
34821
-511401
-773440
627555
-160975
-786380
197159
-180279
317009
-150089
-455382
-328446
369855
-886270
-988604
475073
-169208
-149818
-31571
156793
93952
363503
-143318
-415897
353904
-275469
-330616
-264275
565183
-144597
160575
763844
-893542
163317
-163007
25091
-857328
647033
80692
413683
-200677
-875090
304474
505373
-315459
-475174
-310851
861202
291482
567427
-930233
457298
-861445
671843
537140
-656420
191699
-703891
-269455
53516
-252238
799404
196992
710581
261639
583869
515325
332187
-18731
-56040
328841
38620
-965002
191992
205254
-441511
-931884
-141797
-858376
951113
-112193
213231
195845
510717
-269504
868961
237044
-118773
-212861
819993
789333
-324779
-149481
-89569
-496430
582911
-301061
-138780
-582089
629003
409219
-844516
220470
500004
636159
-512866
-211644
101073
-994024
-843903
181919
72323
-211971
-505169
426397
700826
143851
19055
102791
-212115
-558991
650720
43275
470018
633543
651237
112580
661818
-715544
692899
892651
-475600
266426
770861
726593
-208360
565477
542598
660318
33814
262339
-351846
150345
-220857
616239
110909
-150549
-132528
-336028
-202674
-782663
-964222
-765862
-269147
-898391
-69166
87584
-499915
-847816
690810
-441742
-389025
-149322
462375
367241
185940
112131
-230122
-838016
811132
-964882
-190479
-993997
-376403
757821
302798
-172008
-38630
768976
851940
-491394
180270
-302663
660566
-739205
201742
-559534
-909939
894293
195752
-650386
-118278
-611230
303207
-455008
-393081
411761
494531
-546348
-525289
-365800
910276
-707171
534361
130272
-346245
116187
299954
605030
-687915
-742574
-789289
580901
-399519
759035
213131
744051
293104
702225
694222
377608
566447
295969
86399
-474741
17124
-774503
-285940
-39681
965815
378117
-555588
-118646
540949
-362143
749593
-55304
350103
-698988
282281
-820979
-615289
693811
-103322
-539950
-165756
-711002
-333894
-167836
884658
226662
922272
-981171
217499
471589
-222947
746620
-814763
381923
-313064
485459
337030
-850662
379671
912616
421089
289934
-662623
420984
-177950
97159
-752690
7885
-460300
-868929
-797134
-208780
-960746
-331799
-714513
361122
412640
-476953
-251166
680201
-962055
394135
-253407
-618121
-275366
148443
465475
258513
171654
-983092
195105
695640
-276676
-407791
-714526
501109
-994367
-547934
693741
856700
322678
-797710
933386
-438221
543480
872187
358384
814981
348809
28838
-59577
761218
-891878
561439
-394788
968282
-864080
-560925
343436
-80318
829535
-221331
201222
725645
-669832
-659662
-761862
286641
-979302
13963
-925358
78107
922977
-182780
691676
-844500
-817066
-264203
610050
-731672
-133549
-274094
800506
-856831
-25987
672316
-675913
-437576
-416353
235901
-238192
-715040
186243
-697054
-593599
4007
531419
488388
644025
22513
882960
-283195
-802575
-376014
-104062
-517035
177729
863216
451119
-525343
966807
497453
-92693
-183051
459617
345349
-18605
-90815
852995
-715462
-85433
610415
789785
-17021
225342
466679
-204549
880226
749923
19303
121658
488669
-97792
-494726
-354515
345249
627602
-331564
-539020
-357082
633245
-845642
57097
177717
144183
622461
-839615
597060
-746978
580981
80972
12623
-770373
-244901
-922326
761978
-921155
519524
-657993
147298
-258283
657044
202234
592364
663997
671523
-404284
-796949
-2363
-289739
-709861
-397379
303133
6425
260869
-209403
446388
-132849
309067
-289343
-656003
789789
359120
548215
762417
646973
-681698
523787
598901
-181656
-672789
847914
750307
639072
-406919
-909388
116896
-794276
327741
-112960
-875395
-821623
779733
687835
863941
928541
552563
-946691
698198
-874225
88363
796177
-843855
453285
-500969
351340
563645
517704
-76555
-318180
-948918
-135834
285233
134345
-432325
364067
260293
-60899
-403750
-195628
585043
922287
-85624
-245246
-632892
145047
96452
15642
227344
-768260
-63359
-301403
743969
865345
-645114
-93078
-968543
642269
1236
666983
403046
84359
706961
362661
467510
-401999
-474533
-404142
-852058
576738
-73174
-977309
-453555
352168
18274
-279098
-43445
62588
493669
537437
513467
926132
-727420
-404499
-151787
2798
-755709
533145
-417814
750228
372386
-433912
348683
-368286
-146315
635835
670874
-59814
-811624
-427400
618724
-301464
-747241
965595
835402
80516
-709718
-746445
679287
488258
386882
-303280
30712
232529
-542930
-705859
-118494
680160
610679
-195841
710932
631034
-369154
21218
489854
461480
216292
-134668
736427
969987
38677
667127
-676910
839765
78269
239406
-444570
-368630
900273
486281
-983983
-839641
-495307
926073
-800248
-465129
-944394
60526
810767
-274632
6935
326008
92638
-208679
582271
-775305
-74370
-256446
-208191
-454285
-583327
928968
-739014
2205
-331477
407772
-564900
605758
-5762
-613227
-926540
144308
-359239
105375
-401829
-131323
444043
950797
-202350
574087
-74141
52205
863105
-628053
688865
-565214
748591
44690
-632169
-123139
-956146
985608
-736128
673747
-365336
935247
-909121
-354898
407290
794163
-219527
52479
179812
685733
770333
-286687
774949
-183548
-734845
79501
2278
158739
-880808
-729972
-61098
400313
-524546
-292353
-814176
-524193
-497534
-748701
-583890
-864690
-528922
-34368
-965365
-400931
664629
-86501
-88880
470686
533334
299374
139413
-880733
368077
791999
60096
-418974
129485
-23986
-483957
461866
910541
-15655
395251
586482
-198272
-438657
-259732
503648
414672
-590584
8803
-557927
939800
-271080
-370737
-355357
-906349
161821
419137
683536
38682
-424371
-455778
-108472
293874
173199
528613
995129
-681744
-340597
-602395
-548886
169373
-597224
-994854
-765537
-250742
543201
-106462
-264493
433140
357492
-184001
158997
594089
161076
-236124
115071
-311019
-826533
-618162
970277
-708204
-472656
381520
-681614
641469
-947571
788539
-546371
716393
665310
-603852
-573053
762623
-145749
540624
-68741
-55786
-95151
-124384
-938725
914314
-266902
859146
829859
952756
-954221
83819
-921846
-446513
-408187
-782818
690054
-215529
625749
-989815
677467
254560
-19432
-766717
94720
-927990
-58056
29159
-307250
629392
-736291
-316266
-871149
242439
91278
-920509
138414
40712
821984
653148
-358517
-913233
372831
-819981
-678370
282814
526441
272105
165454
-346905
310781
-648818
-836558
-222670
-844009
80358
-757349
874755
885978
-371671
366335
-296062
-89269
-119869
460118
-181802
100075
-543626
557252
-379145
-801864
-997936
554159
443386
-661324
-551243
-774870
393955
-966471
-661941
143226
174732
64786
276266
-168723
-88606
-448076
30673
259816
588392
-823032
760255
694319
653736
851506
654646
-145195
134588
-641930
882656
535707
-8090
-291672
-876047
-37749
-738358
504303
279703
820123
761279
-499958
141305
-386325
20960
329821
68129
120660
-714645
868702
691446
94622
649699
695435
-47459
-328763
632050
358066
-802177
-141043
438948
-784261
324599
-391231
-879818
810163
200569
56879
-515207
-263427
-542185
-956005
-966867
942758
449667
-902771
-386811
440033
661540
879974
812635
-489699
-406913
-863058
977867
-226009
869742
843393
934174
401979
897138
597947
-18698
717952
306487
-158769
-625311
-363608
281027
-129813
101944
507375
-365765
-470300
18037
864029
315859
656636
637597
848282
754518
834710
632266
196839
665627
-512186
-459715
-459373
-39537
-260028
-922531
-411707
728263
401148
419498
-816301
94306
811391
773606
-517996
242589
-292518
287304
-540888
482170
645209
355836
-163503
81128
-90685
-119628
865873
-747507
-366413
-946979
-661144
654195
-769032
700363
-604808
439469
241020
-388394
46160
-267471
529265
632753
-831645
205698
74090
-369931
660853
-218139
-775545
996187
-847165
-529328
-401968
-962790
-203097
212245
585181
-97116
-761432
732031
-620551
-351377
345550
-852247
951422
730261
338470
-225538
880592
-500747
-858118
-854929
266663
-861821
-848794
-130829
126178
-101680
-108609
-955556
-494211
-612814
967273
603272
-214188
400362
139429
801467
692687
623164
6064
-855069
767940
-139935
416006
-56057
-346480
-120833
-310123
100276
802300
-777373
-121499
133325
-586159
-91988
863003
-194013
-634811
-967671
-201188
-899562
779127
-653770
-42286
-732383
493957
117709
188416
-510320
-166069
-609854
244252
392649
731276
88629
-809615
-705679
-277680
-40121
-105931
961531
-788060
64972
325583
78153
430330
-934060
-253561
610342
281270
-718273
186682
-918257
621082
-212608
-705451
-126236
955069
350789
372939
995625
817864
242006
867756
-785934
-544424
665490
91165
11211
713111
-874363
-999003
425245
255423
393807
-30557
90591
626604
470142
516235
-30572
220545
-209852
-523221
614759
272656
67048
-348498
-884350
-283400
-955705
-132661
320779
593209
599297
-405125
-832404
453006
-845215
-66123
149921
-465778
-616862
-204699
939446
573379
-525578
37676
-588218
9425
323914
261280
-763762
862695
879222
-533305
712275
410341
940566
-371482
-966741
-924653
-233871
-404714
-915394
-657950
-321410
-780326
-884697
-952039
-12453
320944
-559294
-213414
282187
542471
757232
-35296
-912760
-964017
244540
-709769
-708180
-793825
458642
-16528
-874718
-968851
603357
-143628
295758
689704
413490
-907258
-298660
-826649
202812
535241
128012
-963837
-62728
707271
903842
503018
264985
-814756
232539
320054
93136
-525827
-119931
-182530
149535
813366
834576
-43058
944282
-730201
395484
111354
-759063
655770
708034
61409
-90018
-896139
64716
-948790
260688
-836189
956010
-211423
285005
67247
-214811
3314
-687984
-29539
-598159
951337
-616138
364210
622158
-767102
309249
-691354
-161289
152137
809897
820211
-846451
322959
256459
-121543
20290
-137781
-47070
-330327
-844422
129988
147550
941562
-626562
338421
-650528
-875708
924961
420089
342199
-826692
-613812
115002
-392949
-450262
-345573
-59833
-985223
-292808
929396
501377
-656058
342160
396386
378681
-824900
-884733
600882
-661546
833019
-908302
-419076
-97737
832122
-53573
427925
448742
-362565
963721
763917
533632
222566
-481162
67425
124803
-696123
364595
826065
-613382
-335505
462242
-699696
-646097
-993845
653518
-744366
-304969
980241
-310931
806325
600314
-392100
-943337
-901903
-370262
435388
149380
-995794
-792015
839858
-894847
976795
73129
934439
-711021
677517
600617
-278947
-782687
-362252
-559569
529129
204753
-619334
-547671
574901
-742236
601591
429021
-319781
858855
338286
351496
728185
698149
-831305
-711318
-963830
-368948
-435811
754042
492575
108104
869447
528426
51333
158809
100591
-614351
-575781
816379
-591509
-307570
-984753
56715
955135
-135044
-760100
288877
729077
351088
-986878
-641294
-946901
557820
28610
-784627
-628699
-497360
426874
530149
-28007
-322026
-163647
-988705
-148159
-359856
677093
620286
-404736
594062
-31247
73139
-225599
-831292
-281635
-698422
-127712
241350
-237439
743138
650016
602339
241448
-306760
769710
569483
489877
-582797
-186465
-446364
-989393
948371
103881
316783
675606
273946
-788961
-478347
-12322
971508
981533
502159
-599470
-352816
-529157
764854
-61721
-474883
-331464
690019
846747
368527
245496
-448980
351745
95162
-934148
-756273
-644225
-164154
-406708
-352992
-459918
494959
-319753
733037
-413809
-648503
434285
892149
-508515
700419
-434977
603348
828049
599271
314865
-623285
-901846
326916
420304
963503
36707
-654520
562251
-13744
-983241
-664414
-591483
603687
-557729
133615
687916
752657
821020
-533437
185886
-149811
-67681
-457585
-182408
-951211
72767
-713533
-399076
706942
-999377
952774
598394
884850
-263295
-196106
485018
497064
576183
639686
-878753
776967
-461210
811415
140979
397047
264014
346681
-805789
630984
847946
130836
860676
-435466
-664038
253446
666195
-807134
-901647
-315547
-906681
865440
641676
872953
-765634
-425729
54444
174143
108535
335752
-866698
332561
-618711
-854431
73740
-738131
276107
29987
-733256
99160
-619974
-164384
-980954
890913
22719
388242
177796
-900608
-532783
-883258
-595088
-584785
91951
-345640
376753
495523
955749
122088
175905
-998903
808229
-657058
-872740
886923
-327989
469942
-671158
353494
-546828
124895
-708616
-330757
-944534
793912
957540
-543008
169161
913723
-790534
-151896
-902489
-75924
205437
348029
-910983
-336166
745946
-931780
553830
-32003
787021
556687
916151
714554
-757768
-65879
751776
339685
147282
467774
-518437
-781567
-198497
881534
-101827
-95406
697232
799150
815927
-30439
-360526
-377405
-134278
-378518
-559835
-620029
309501
230619
912385
-770820
-673068
636131
787380
-342539
228914
-562877
741709
-83946
332707
-743219
137039
-813733
827044
-139427
82917
723311
-425366
956725
566520
445746
735899
-215021
-282875
-757585
170710
-504685
-966461
859417
-273775
454901
336965
374856
-618652
-128873
364297
131995
-816387
-11579
-676676
113020
964260
-77964
-691356
61982
-369543
819993
-204669
703100
-347978
-412272
-498997
-308599
163744
-843639
-551752
300327
67480
-295157
626729
186527
524222
54126
894917
-567797
-729658
902073
210153
815246
-334422
941651
561345
616836
-719444
-364697
796736
64755
608793
38237
-900769
19653
-961106
-529130
-604804
894945
310355
-630680
-99351
339650
-899961
-977850
-171199
979970
-690099
-844228
970771
-937308
-800021
-657312
621732
34084
13354
-825652
-758409
-916839
276353
976475
715549
-441549
-463956
107204
-529530
-20491
-579218
-652415
-410081
798873
822098
238133
-98298
-332732
632033
-317721
-186183
-606961
-448894
131543
208527
356551
897619
430666
-673230
-390112
-469007
-623047
-968160
341837
-746258
-440944
320353
-395801
944603
49304
-136326
-327703
-252442
-237993
-341644
236229
121281
-90511
-161003
-331272
67767
21343
-561691
-722093
-602234
695294
72404
158422
779335
524230
-626663
769728
-110236
-624999
472894
533277
155768
-45045
-629728
-18013
137230
726206
795067
-937597
-555285
292212
-620376
-75560
118564
933142
42041
844095
-963976
-446775
33014
174991
134367
652856
256798
-862004
670756
-815764
341682
-571104
-272329
-671221
407847
-45494
194022
733453
570340
391161
109407
-718953
962032
953492
39834
582207
747521
441696
-151615
962247
-549151
-817252
71405
-145923
556270
-326687
462553
-353179
728806
-984511
455371
723027
-793242
511959
-831305
377518
-282237
513552
137308
138517
-466885
513795
-39509
-97062
-792242
500604
-989822
-989602
652899
-479346
461911
450352
-823186
-331468
-848463
186146
-724487
229889
-522854
458155
-495468
-670314
-241044
2292
-250164
69700
726504
880559
-793936
619379
346969
-289525
-286945
-901887
758670
92511
-987175
469433
909060
-860544
-156854
523026
-973119
954015
808983
415891
-230626
202613
-567411
-293419
358726
-748397
-786693
893420
917669
-354859
491484
-990041
668587
-145833
73576
134177
-853877
-810126
994405
750691
249690
-177568
749443
-117033
-934953
314037
950388
-646800
-227085
-521777
-215861
752472
-823258
-794006
-724346
271419
-792341
668066
416129
-23421
-962607
-648361
718327
-621544
641890
-903773
81991
391153
677436
843380
764040
375913
-992165
968777
733207
714896
531597
-721385
526371
-136519
585329
-568700
-708476
536461
219541
264500
-72297
708078
-726151
335031
-243836
979020
-360119
902748
-43853
-238919
-964666
151180
-548429
-368148
-68948
-336669
-761938
-905859
998549
-310899
677718
-749425
295557
394593
960812
632280
-613944
560976
757543
812950
107113
-146170
-160960
-631328
780266
-423695
-649143
-159616
734980
637535
869945
-744941
670176
-454900
321506
510698
968447
555834
-927316
665902
-394624
623529
733747
754812
-674081
-616068
776273
379237
526444
-603217
667191
175484
787965
-291969
-367214
-985837
-387466
-190720
-89293
-582898
25994
-370453
284549
-723271
-450190
-608670
625241
339707
-702340
-234458
938673
696270
-534787
837494
983193
262230
-663822
-630645
-257280
-832167
472506
-942007
-535474
756675
130580
-151836
707187
179573
-400958
-724570
765095
46471
-890733
-385458
-960152
51785
562026
-865479
-150614
-62222
935119
482665
217218
776068
-58916
180102
-990619
-790007
-946433
109787
193719
-414703
706078
-193043
27286
437023
-478822
-291870
440036
447424
612537
-870920
592563
-609106
694024
934776
-775611
-759372
-741639
938496
-54126
-948198
-544491
678238
367252
-276144
-512133
-217976
-93057
-453869
-36796
-115802
305499
-694971
927558
256518
793437
673070
-819095
70704
157892
408072
896853
-721005
689723
-333378
-661801
-236853
406844
-564444
798032
-923041
498660
717241
-683401
-807961
965230
-691470
-939757
-597124
699290
260773
-984992
776947
356435
-899562
923780
-500107
-600722
-961742
712492
-644268
-795820
-919113
864726
579998
-974839
401647
677247
-3799
-941199
-265136
-273636
-62458
-69412
705621
939928
-74006
-434477
-707185
59449
794949
320515
-73482
-486243
-488926
-113725
928314
388549
724660
38939
-405018
-479115
17732
-552463
-237736
-367204
887839
263133
-117552
738110
-356831
-546755
-993526
748267
297408
380830
816365
-656839
987024
502613
222088
-962532
472993
-727717
368124
949964
546773
971134
446449
630775
643681
220157
193048
-919260
-467922
-658468
-765034
612316
460212
972826
-780749
105111
-712839
-167261
552281
58552
-55158
-953613
504636
-896082
-333500
186997
153805
9634
827274
-607819
-637191
967455
-54668
953249
-652779
-887600
-156559
-15996
142661
288653
-992617
447090
339430
-398401
705051
966568
684842
397890
223860
-534456
951853
-814882
-828419
165273
-910762
44796
390873
-495761
-17063
-407988
-594844
-763560
-15508
-83646
-793543
139176
-607772
-707599
-545663
-176180
-169007
574656
326776
657321
88096
763521
-796171
-95240
-191406
-958336
-532105
528230
-747110
-84395
-483084
-820843
777433
605108
24294
-670032
-87239
-656249
822751
-7991
-302619
-333419
-328706
677899
-433124
455108
441257
169323
-866024
31713
932177
-780759
-499337
734093
-879554
-430647
-401830
-466503
-244119
-912217
395390
-863195
-393226
-744075
736466
637948
-754967
-137360
-539692
-900518
321554
71132
-228927
816874
374288
-338227
163457
-686974
39784
-930942
528498
410456
406351
-455120
-233013
-717965
893212
-92659
938847
-212614
506544
614094
-945487
-631521
851239
-67740
-380328
962740
335399
137084
-420033
798032
640407
4339
157736
-287453
-667890
-55736
300408
20385
-893730
-455767
-454152
-152958
-377358
-664078
63318
-335395
-228920
341161
265059
-68127
415923
-594203
694879
993658
959621
344665
631273
-150036
176054
187040
956782
-559088
27794
-731322
297703
-840525
917846
512560
-167394
355159
-444983
-503837
-801787
382681
867090
-984843
694507
11459
800925
371079
332991
-991872
132593
-967817
-476613
133236
672381
-349721
-74211
-53055
-108149
772178
546971
-881320
938556
212002
-260456
-204042
336189
869593
333759
386292
70205
-446519
-902007
-872604
-764336
-379928
-725609
996300
-365247
412896
-742466
926107
324213
741148
-393804
937711
-166764
-476374
702865
5043
710784
-64146
11115
375437
-718111
30687
534228
-367214
-524354
-276648
242463
16775
-373440
380340
-291818
-408957
594233
312657
456630
-827227
-349805
813671
-468642
-821491
633836
582197
-359971
799447
932703
-463438
-558271
-765968
-69280
34514
827127
-420459
444706
-343869
-373845
-556780
-317467
573168
-227920
845121
108962
780304
-111469
499190
-685357
578061
-216150
330578
-516842
679022
-558241
-435044
-989168
921685
-268130
-934881
751004
831924
-168544
-627412
-832849
571429
621073
-82549
65440
-826114
728065
421826
-558629
-209899
-531305
-571254
-396341
-77450
894601
481553
-978798
-618576
-956521
-137947
341841
137113
-717898
969813
-109395
-399056
-51384
826171
-848550
-190022
966833
363600
-809905
-689485
20274
149660
-640887
431571
-348306
753528
-91373
-996433
-191863
16413
882108
-132415
-784169
34558
969691
127215
195516
-65535
-392989
-716034
-575711
657779
372968
684142
887747
-82010
785383
-419759
511051
-479358
157302
998167
-520062
203391
-784811
983161
29396
307894
154461
-500863
-273207
195623
-462441
665429
-236374
-589612
-705504
-758054
-325331
-361486
-960080
86211
-351826
743147
-437441
-351433
350142
-717335
-254855
-592343
129165
91301
-422445
213689
482069
-98074
333063
843665
530803
375627
-566842
458932
377544
-496239
993031
904104
885076
233058
580305
430436
-291355
-833523
948735
303251
-177758
938624
18892
-477108
386570
-796184
211559
90039
-548373
-189833
-202621
181294
-984393
-460269
-747011
-298156
837885
403719
585229
683827
-934844
867797
804501
210450
-983391
411122
-586813
221357
-479128
-390540
-707386
125188
-136640
-464373
-530814
703366
721267
-199048
-339619
812104
-870879
22562
-904207
470708
-803380
-951433
-974876
-24946
-116431
27936
-613236
-117613
-593787
514901
-508761
442121
175868
-419405
860906
498090
483167
469061
-657101
-235377
-525032
-842456
54991
173446
-626973
-34861
699559
237979
522308
89298
-419795
853257
-888150
-487450
60221
-128530
-101156
-846373
742516
-386294
164046
425558
632473
750123
422814
985811
-36037
899530
-718103
202953
550988
-768710
-127965
496537
-446368
708705
278500
-399551
-490630
270668
-961070
283178
626351
-115478
752655
-25455
768633
-109399
942288
-857465
-456990
307563
443935
413891
268895
111088
-262983
-557494
734923
-532024
-127712
730778
51321
821316
-503938
892231
-618630
-210985
582619
111787
331390
-534034
85985
-129346
645340
117305
107120
515481
-450597
-47646
-624263
-451170
297238
-42379
971559
-283782
607420
-266868
-174063
-670436
-216048
-635732
465256
948438
933985
-364832
682362
-155406
898317
-125838
176433
366390
-183793
-226388
-110291
593298
356570
483433
-630574
608861
504295
44690
-7216
-478521
-20911
144495
831236
-739642
588291
782167
865990
856222
-992165
-894462
537163
-71328
-365278
-189804
800200
-406080
-661155
220987
818750
-798919
657469
587027
113071
-252681
804416
399800
-693181
98257
-172282
-981725
-243785
791000
164085
-537164
-244046
498198
-541750
429653
-697661
-2041
-660935
913838
427372
203562
303265
881263
-296386
585763
400001
72968
238538
806854
314697
-125793
822076
-768537
954656
-774589
261566
202071
-274152
201729
-979325
-810488
-947911
-359982
-394934
-92818
-161682
119064
-914806
-258027
760529
-135193
31543
438249
875121
297144
160368
-241539
515408
967491
121293
-823708
655215
-952271
-105057
-518571
-291871
230590
-668722
-858624
-781201
863288
498523
391158
324023
-764189
-996321
578858
515390
742420
-739403
-510305
-558170
428140
275097
-931040
189098
-772006
-259585
-529668
950742
-395952
-200986
96424
-52462
-605645
169330
-222443
-781407
-549273
239725
-422964
234521
623841
-699503
239551
-145651
948229
-140567
343682
-301568
50281
543833
-232876
-603780
-476978
776895
367053
-309978
747628
875055
827976
436756
1509
289102
325085
944435
-907367
-971014
-638299
-915625
-53330
979338
653385
840043
-232374
533475
208463
244303
658048
22035
-656920
-266972
484038
-688966
289253
-396666
-810621
531086
166141
882493
884251
-770068
-441787
417086
522659
59816
-508417
45900
97111
-741710
-421749
169938
551273
-751309
-662331
-446320
-636766
-473189
104898
348260
726448
333327
-362141
-230795
-125094
514872
-348494
824552
-296971
248222
-107909
-316251
971865
-165949
182132
868453
-86204
-882466
-152038
201564
-844068
482812
-458289
-272547
232368
820486
298371
673632
117177
-861121
-102549
-150476
164041
189112
-111709
-806234
788365
-408454
507395
333320
466200
-752373
-968439
-698631
814323
-335188
218081
-257954
367545
-190775
87131
-237027
-142882
491508
-624658
806771
423793
983579
-299899
331339
-201903
442710
-468531
-584997
330670
117024
786312
-76014
-14088
-848798
521785
-788190
-227434
-522799
735143
-571059
616885
-437377
249425
210940
287883
-747059
906603
283715
613348
-255931
511940
-118618
-874636
922154
68222
213126
-844368
-971464
-327643
546841
-45834
613439
167640
891114
-139657
-739675
47593
695083
269050
-707410
-718649
801436
-656475
621436
-251269
-504586
-695820
-28477
-321236
718244
816697
-856945
75859
-844547
704159
964066
-238557
147508
121634
580699
-99887
-823756
504781
-535938
704104
101575
-847106
-12770
-343704
-211520
-414551
730847
977385
-406144
378003
140696
313663
684965
602090
-971368
-834751
878255
402627
961144
47038
98409
-409636
589591
614475
661997
-770583
380724
836640
643486
184810
533845
116827
-119029
-134430
667071
729063
898645
310295
247054
-832458
509452
332360
877757
957721
752848
-134278
711911
787515
916155
-388157
-642790
982066
68630
362161
510514
814685
-144981
-343812
-358968
-166788
503885
449920
-268385
-418793
676369
651549
109034
-944835
-128521
-225200
671718
501280
742910
-316579
-589154
260077
347284
-392060
869759
-784007
277548
854649
115474
-734068
-232454
396629
-334764
842603
543784
-363719
6200
-700603
-971085
-448031
650558
92344
-821848
718316
49421
-622744
-304229
531316
854912
-158309
659938
140885
-569495
108333
511988
-305213
604008
-914581
-383596
166890
444738
621614
124452
333131
860559
853223
-541463
-646017
-719512
168031
-666694
917192
469384
958751
-580374
-828981
-210613
-977519
422988
562072
-968118
-245816
342586
534643
-783848
728331
74418
142226
7970
117170
-512472
397890
613237
-487852
-877960
644128
-586235
600582
-737310
-169534
37352
-253255
-232131
686789
975051
-394764
145626
-874255
319111
-869465
-864915
-303552
-101344
-737992
-823867
-241763
-606783
-561536
368167
342318
-542829
106176
909880
963016
-567640
921028
299824
373078
-930499
-143642
-535287
-561967
-940836
744800
575817
-866512
554777
-366045
885889
-443455
-511235
394539
-70867
216671
160306
207828
-307341
-414498
-450572
213202
-672216
-936797
-674551
534765
255637
402798
486254
103754
233306
952921
-333068
-647236
-484527
-63100
479441
-117260
-480886
190249
198023
847482
50752
-318528
725213
190674
555375
-9710
-878237
230233
-797775
191523
303016
-4251
-831323
157004
-256104
-528932
-134303
155898
-305890
-300185
-842367
-399530
90628
-638650
-282100
319818
689699
733066
-95455
-56910
-347756
485548
-458678
-774457
502248
-124774
538197
89746
-113947
926508
-404138
-506199
999147
946632
64310
504383
-832323
-942498
-163152
302341
585768
158283
-322450
-49016
874512
504900
907891
313381
-779455
-548145
-912166
-389664
488625
-280849
303748
-951040
-273721
-370394
241553
-177141
894678
-378488
-989369
592066
320533
770480
-131722
775852
214213
49604
246508
903823
593912
-282008
-192176
-998137
710810
705370
-465547
972860
-896166
157822
-445280
442498
-37864
-302645
-804111
-269012
-170920
-525108
917066
-138831
989620
-727231
-722780
-171027
990099
-175235
268950
-785043
660361
925331
691521
835305
-457185
87350
646171
-869051
937691
672765
-731894
153420
297035
-285888
-202508
-130905
-484864
-879536
217602
-30345
-118342
-509553
665944
221651
724190
594156
138377
273451
-654309
894573
-641154
-730469
-934598
-367379
-422089
-302743
293367
881898
289982
629186
636078
-387801
113562
864378
-10287
725149
-124186
-785159
-534604
-504032
-943920
8966
466432
-970408
-184704
-689848
-104774
-22023
215791
90382
752217
-145625
973408
691567
286456
-288960
-494507
881418
450798
-345404
830759
-849685
109438
-925986
111856
366880
714588
-957348
259162
-423293
-117212
846158
880428
112333
-263913
335733
456234
941033
-883116
-186066
-561895
-633035
-771149
-840261
655997
47401
585411
-928791
916130
-355827
339503
-766427
523663
-509831
469464
-565653
380948
625294
134877
-144017
-554193
75455
-661340
-876041
-470174
-540001
-678958
497242
-49759
-173766
-43679
-661721
-231385
-94955
588295
298940
854615
-392361
632166
-682418
-649117
958253
644836
295609
341233
232837
986899
-583960
39510
-213101
800907
-635327
23393
-526258
-508745
-149205
426114
-843064
-6200
-174625
758339
-548041
950622
-267849
739219
-122038
-742461
-665588
-630164
634359
854499
772547
438263
-388539
-974459
-478099
635009
-726312
598772
385042
834044
34793
-485083
-339471
-305518
266692
504143
-497243
216002
55473
322715
378585
-510257
-518744
-186261
-237689
-901388
411320
275526
-422795
715228
-946228
511456
-191236
-828457
-233841
-923152
-930595
659535
-523245
-857915
175270
-472513
-163882
531029
-505277
80483
-801946
44208
-353556
-362616
-569755
619225
14495
-600953
-651603
-966052
-205883
-883849
-696094
-513019
111589
751764
144675
817282
-48432
48703
-589937
-218418
454273
-292446
-798259
593552
371490
-338180
150871
-781387
657353
804488
473729
318471
293790
268805
395547
-221754
101175
997027
769755
-184196
324900
886761
215062
296144
993097
-212551
-328261
-128996
941366
-38287
-746857
107441
-945936
60107
290347
974018
557257
682421
-561316
445173
797803
-127319
976597
-622130
983814
852428
-917550
65564
-737377
-461805
954682
946386
702037
-235190
-71079
576194
-538960
442640
134239
-789201
721890
-574650
-507773
672252
743689
-66029
-173921
471676
-134043
-82418
-509751
-494006
-48750
98180
-540325
-134730
19762
-24999
933080
-174851
320635
798231
-46328
-138143
862369
-900827
-523283
181427
585153
-624439
26151
-502613
-729115
-479083
-617822
529832
408042
549909
879107
-138690
-997609
-506580
-549540
-27079
990743
-75860
264762
-520440
834069
-15081
-669811
343539
-99899
-17738
310750
-414260
-469566
82831
832922
-760080
-110698
622475
487749
252396
251091
474935
890418
237819
525723
-805465
892037
962028
33417
-870307
617626
492768
85740
-19190
-120505
427111
154001
365844
-585310
-546589
515385
-174076
45887
529006
-311610
252130
-460496
646981
-382477
-267340
645371
115850
-129051
-263777
-272304
-762860
13075
919536
810878
169729
-870851
-891196
-502666
-223860
-23712
789368
865864
463172
317457
367638
-846590
780013
-395540
278859
510990
933593
-984454
329986
278830
251282
69088
-136209
331192
-844848
-729332
-377349
-193029
761883
138482
-262900
-53176
-923430
544018
734197
-547003
180017
983916
660246
910938
940876
-767274
-681026
157874
-112504
368885
-563049
-50025
245666
-11166
-918817
504250
-980731
565288
180317
870599
-705189
593209
-174042
-206407
-573156
-976645
327542
-437952
-889684
-482540
12302
149791
-889395
499292
-325958
228714
-757895
-874378
-964303
318045
72849
-109344
-119064
-473124
-769641
-139611
-464561
300718
66482
370480
-135414
649536
-530561
484854
-546006
-605071
-873895
-347931
-499261
395810
-191556
-130311
280775
501770
831753
-86664
422751
250449
-355042
-718854
793964
-968535
337798
454936
-658561
460988
657743
-239939
70299
-921098
237876
422551
371928
-731523
344122
-813606
147949
-390533
-113481
680918
967485
611215
-100389
-635474
-121038
-909059
-53308
-927627
822303
882530
-180138
181932
-72359
-898251
652029
-355110
-349589
265485
130354
-766211
-670877
-183236
-114944
510192
324064
-866519
-194884
-598019
752408
6375
876678
-857002
-670343
-149403
-731180
-545272
78913
-918775
-165371
-322990
-990181
18124
-693166
-938437
-208044
516839
-4468
-507789
-767638
-396060
3407
-9283
-958189
-708406
729895
-348302
-628890
164225
-291708
769172
-893866
-442774
74332
-29247
702150
525751
476194
49189
481954
639551
511545
-720949
-723431
523752
-394639
-496639
-143358
-992172
725069
-529053
-801322
56640
-641599
713241
-373188
-719844
757331
615873
-470353
-977130
-263321
746373
-797454
883195
-575594
905966
422696
129389
-378810
-61090
-422028
-87265
-583169
492398
846435
-668967
277712
-423619
-228885
-132732
975484
413897
-429216
-710771
-246023
-749074
996208
-48324
393480
380199
641662
-936322
-359178
-965928
233813
267805
-253691
159761
-183964
18760
225395
-985671
316184
-80179
-828789
511138
-785623
444068
-498357
606103
-978418
-437786
826959
-992288
-693790
-700055
-888118
107557
943808
273083
250419
-404668
-504222
471128
683536
121737
678580
-171189
792265
298662
351518
956002
-328329
181842
538795
738274
-687918
-878721
-31538
9266
476241
280835
-579928
702943
446877
176087
-779563
15256
649603
-553358
196791
-827269
-638052
664258
-661121
-21860
-929881
-589158
288774
539221
-397356
285905
776264
-510471
-325509
-684507
-11303
671783
943599
669675
-378548
-887748
-929791
222091
528678
-752561
74995
-684607
488321
864891
351796
565306
800424
-673753
995673
172564
-864979
963696
-620099
881024
932744
-500398
595589
677560
556
419392
246248
952400
-462292
-209636
642981
543502
-911413
-33299
-854790
331816
419341
561342
5136
-173338
-695461
512087
812582
-73752
880487
-443309
939050
342335
-158437
-123465
82261
106475
64526
-65899
103423
-586574
237178
907763
-221596
218608
77899
-692716
170097
522692
875795
931440
752303
461278
-372246
-652872
811971
-427704
924541
-558238
-873798
768005
-153187
-403479
823758
9040
729617
835241
-916823
481640
-935108
802107
-967668
-825392
-787432
115705
846912
-227780
618685
532693
682342
318142
200685
-430072
-251552
-719222
-286376
758297
-963534
534479
721660
824859
-798164
401551
-386892
-546733
-383232
517596
138331
-540582
-179524
-705188
-335884
529585
88397
-110220
-173428
-298384
-379235
-249440
351275
366769
468408
783557
756041
-942817
-292216
278808
-706769
62456
236342
248431
214557
449593
596028
-467231
-483192
-228215
976113
854362
391324
-35771
12678
949910
-821609
762460
-620721
397093
-752058
-41807
-303359
-911467
-372356
230733
804303
-644787
915758
148256
-762851
241821
-296363
-951264
-74536
453867
492833
-538827
-724500
-946410
-777965
-979419
66021
-631693
-352509
-540954
99205
-13361
-246928
-750974
644735
-164840
-139676
-8884
-922861
-103612
-573004
938145
510475
607373
-335315
938301
374506
646250
-847076
-744801
-200663
597177
-777316
745808
-628836
-123617
483545
784821
234833
536393
-360123
-327483
-131747
-977802
254270
83463
739834
-470811
106035
564904
611746
27874
-38506
-526412
15766
-315971
256147
772844
-624678
898047
-650822
-224124
834028
-632102
-784917
-987260
78784
-452516
-726203
790743
-359438
901963
-383180
627293
-346485
788224
-252589
112698
-576530
208803
802542
748453
133930
-387230
-185772
-424202
428785
481358
224838
21116
-192263
567040
966423
-218333
244347
-6357
-361392
-560544
73956
-9666
451443
-649763
-999671
-594076
216710
-175117
863592
38584
951192
-946539
594236
-388083
-383553
-837080
-375213
586670
-168059
-990328
485124
-948761
-984939
-799038
537437
407459
-842414
382604
-381401
-365790
-652405
-165347
460559
-3439
311401
-322293
-775783
-578149
-758519
-814289
-81425
-387886
-281815
-231150
611940
-269569
373293
635380
450728
-181195
-210305
-788241
-467546
168166
87898
-713789
-291505
-913061
546654
150429
-491925
532129
-707862
-577860
753327
-328361
188974
-939371
-826850
815584
-448197
-151098
-338491
421977
254753
125704
195061
71633
-767222
134776
-631054
-380686
-452593
217925
-583305
275183
-964381
341449
-732984
158742
321361
-442013
-134388
-522925
178898
-72028
-479297
129307
-917018
-367730
-410439
-965974
-921280
-787672
116156
-698828
-534875
25682
868792
-858054
-328907
199622
-911682
52401
-940252
-202258
367754
-516478
-501986
760170
-492707
-326368
376560
229807
386699
313358
-887941
-242192
236116
526416
-693614
728008
43615
551130
285281
-665125
-284610
-511119
273735
630672
734839
340230
-193638
-860797
-734251
99009
613224
88935
-404883
362222
414638
796617
-259326
-604983
145540
813759
-617850
972527
-201407
-740176
-210944
512552
788859
-448926
-516554
-201591
-783284
39310
-855737
-421006
142133
791521
-79090
635204
709817
520849
-490781
498982
390896
-183789
962414
845080
601985
-572634
184635
-367133
-123857
651555
898221
639445
112186
-108498
889970
-600186
125795
-905361
-380597
617062
461293
-233583
392019
-624894
-506062
523128
461427
586042
189392
-55523
555898
778733
149965
-656647
1165
-554080
-581000
-886577
-627593
235425
429718
458199
-539647
-241026
133179
-816533
-706130
-108927
773881
384033
784546
-31519
687173
774353
-356467
429486
-986219
-534693
-777434
580541
-119315
379274
-121983
766001
-788633
-891477
-542206
570666
-924387
-308260
-335333
-633917
882727
-706517
-807228
-756849
469858
134794
973183
944855
756640
-447304
-112502
578976
387694
-597284
751372
-776323
35295
-802066
-491526
501135
-24017
659152
-928436
-261065
-423907
-453986
890981
478629
206256
88580
-521299
142852
94437
-344871
220620
-707761
-789804
26437
-157713
643254
170454
366168
-51994
956545
558430
-552782
685612
306019
801590
140088
-849133
-676298
60135
550357
406928
-937250
-705941
152073
79205
770445
-321110
267324
549741
825182
-28802
340386
843481
199064
-154839
857412
460352
964546
-234006
-611539
257154
-499934
-311123
-899390
-344270
579452
583922
-950947
-45518
-37657
-980020
789700
866060
244137
885339
86876
76572
256260
187380
779754
952900
314428
604878
860065
-988148
66130
290162
259374
-924884
-553216
321226
-652858
-321754
-945257
166712
-747744
-212162
-39924
-10533
-350520
151260
36363
-625075
306726
-926148
965719
133651
-213730
184601
694747
401612
366507
804168
-151689
-318070
-920845
235101
-374858
-166044
833576
886198
-945474
512468
-717544
407344
-379347
-651571
608838
-204517
980557
-509897
-338549
-990779
603417
941463
-668637
392292
-17978
944018
556722
621559
187246
-884889
-397801
112400
-659243
-64193
848679
828835
-840211
923375
-395067
-517396
-135575
-272597
-612750
397815
773893
-255601
548453
-38735
-870150
489329
-982218
958301
-161249
562290
-84025
-948281
-909621
525132
27767
-678509
-102116
946645
-787664
524753
-792721
-290917
269098
-334653
817353
-21025
-665778
-772156
609478
732321
-823854
-354940
-10620
-246289
-217145
-865450
208296
-14233
933806
-475319
-115366
-302616
328564
-260438
-408612
-183683
-658405
129342
483864
517058
-191178
-10116
-583672
-86842
374468
-8552
-963932
-963750
952090
851354
808972
160499
-424206
-590494
-631769
262760
-582349
110842
-187771
273478
-318578
-26832
-379529
-566363
-862512
-190905
271562
-820412
-740971
312571
882848
302560
-192451
731570
21117
797031
251998
-910747
449605
-437398
71616
104506
646328
539442
-695797
-232858
-680
-68128
-83806
213914
790023
598343
921604
639430
-174413
456638
-336775
-769765
398796
280625
644471
744637
-349054
-569873
-423877
926259
857838
-195757
320126
842724
-71807
379857
354270
737647
457552
-557726
-226389
-126100
910375
468595
367009
-994286
348330
767270
-205264
519304
-243866
854902
-413268
-536953
-857893
-572299
837861
194439
548166
-137284
931624
64695
143251
386387
789816
-288920
79625
699009
-891155
1565
902869
-13765
23539
810129
-722618
350241
-378107
103394
666809
282244
741605
754676
-623543
-79497
644514
-571396
-310253
348293
226753
-919920
356146
-387680
-825785
797851
213793
-252897
-549485
259752
-988151
-453558
-523433
898874
-853959
-602131
-826234
971663
-241544
-790385
423950
503352
-930375
700208
306851
-478874
-798457
-65222
688589
-132344
-82944
-584574
-8460
-308351
272901
-947414
-952563
-337682
-442833
-636065
742745
672738
950429
-92890
-579531
992417
-810508
725511
246519
-492923
-668162
626667
-775169
306847
887028
-846836
386033
-41878
-905282
-822634
-133613
388741
689945
236635
407142
638274
238793
24508
887774
-530205
194919
-311822
212368
-599512
797618
-605542
-594099
-794637
235081
-114783
775128
-152790
-469880
-847281
666971
-852195
258832
442660
115767
-596689
-858247
-974526
-616249
-902471
332314
366067
-938070
-842750
50856
65510
763591
-235911
301060
-68940
-572940
-22082
-938641
-523836
-114297
-230363
-741277
707727
-344808
773924
815246
-247393
-314339
322429
201490
-40643
-534744
209541
390481
507271
34383
321842
-931711
438914
453061
61415
112112
-76092
357449
462567
446076
-780253
-712700
-37735
-422080
-810299
-872954
375481
-637280
19564
-927494
623462
362855
-715475
510712
-676141
60843
886894
738805
753752
-321664
-426896
398708
-15232
758217
528104
-101791
-801592
450450
317978
-183569
793134
563946
-930705
-710442
-315309
-876672
543910
910821
988277
769700
-915935
-188893
-660568
57955
606293
-485067
168907
988285
-181362
-124603
-344790
-919854
-249118
972743
-303334
-158994
-675465
-689876
-406271
-862120
41463
230411
-239284
848983
361207
420897
972600
-283045
361541
-903383
499720
-665122
507000
822701
-195271
387987
621994
42737
-125163
-596174
784797
-860386
378950
-701336
-576894
512257
923927
838189
-809072
-485673
-550193
-266404
-8431
-305093
888901
490171
542768
-128743
-497279
177456
-437473
349386
-879152
635305
-70958
524637
927755
-750238
-287936
613948
-482766
525960
562654
-592157
-123038
763764
717416
-605121
170126
324422
389234
-896172
906612
-258605
-994450
760746
780615
380042
47297
-110007
49769
671834
867022
-319175
-15255
-751107
-537526
604878
343438
532037
473637
481304
-252772
-470318
-496711
562535
-826238
-500922
-750314
-770238
613127
-993934
-410806
-3035
786964
868308
-795121
831205
22386
-469998
-462669
546272
884685
65269
248043
-823561
-12940
502844
120027
-679151
-538934
135525
-341714
513334
-438790
294007
-211943
-779672
817883
-218744
-420634
755977
745480
544399
387313
-575622
-19272
304271
359546
154078
-730315
18037
-541986
-719640
-834619
-494108
-27766
-842394
287670
-586469
336653
-788767
718702
-271464
-808372
404470
-81536
-671780
638163
-447784
-963928
997196
-833284
-570643
-103870
-653938
809184
-407264
-178698
-865706
706409
657022
518861
891895
-626707
320977
708576
-397083
181223
-331097
-587308
-329611
-536592
271900
970356
222617
449587
-859802
148620
-933474
-68848
-189714
698551
378362
255556
-565996
-585621
773640
-338147
549620
-248293
-230870
934356
217673
461199
695481
132976
-293880
651077
584311
-710336
-620145
588609
-991415
-1514
482570
19741
100629
-920089
682772
-422905
-586302
-918282
92371
-401030
-106898
-812850
-800830
-179677
-644110
589696
942694
-69989
-629187
284523
997051
325049
-928208
656669
976874
469980
899120
-377360
-51675
409710
-214131
-128498
-198512
231764
856395
-484190
-54886
-810812
466299
489003
-178134
-984599
-602744
-485716
137736
-150817
828846
810405
-469661
578069
-684317
554212
-27794
623867
796087
-121893
185537
828057
-430782
924043
528802
632210
-561934
843748
-731310
808091
-100310
-262657
-498033
341345
-730600
-8615
538520
-921914
-311053
-64246
-247351
-786502
83575
888186
145348
443269
103382
316181
-157499
594279
556315
352653
836507
-14126
-904388
-915013
54714
-720505
-199760
-160340
696400
-573897
540667
-167463
164417
730897
-637737
-97712
550246
-222410
-973988
19383
65161
684176
-669625
-751594
228639
628254
-447725
250497
-953331
-10557
-899817
482352
664536
905811
713921
-242083
251248
-387461
90515
-449585
-299344
371046
252129
615201
532939
418491
738234
-353614
-586226
14285
-461162
470108
-458669
620998
584777
-54636
470497
752307
-41841
966481
779149
-85144
-483317
-599487
-778536
-605119
812665
-933262
-962525
514204
-506998
63535
-477912
-480194
640206
620079
-184427
-198948
373175
415798
-4457
-525435
-100853
243374
-872648
-649619
-932847
-831032
-255882
-955482
877748
401102
228913
-271776
742742
581954
-345259
495897
-272079
-654455
945153
888227
-746526
-611535
663663
-462257
-886128
202255
278812
-410284
63591
59754
271423
-579128
-289966
330487
-359927
497333
-344612
934075
699988
-685329
832311
-679513
-550267
236785
71153
-245024
816146
-911244
-809997
855235
110494
985941
179034
236459
-337526
-105727
-730831
737815
-384010
-717825
-227456
-164159
-121044
694261
-343785
907666
-664315
-111474
-591664
785638
-349852
557999
-197565
-217716
-822997
600382
816215
456252
640764
-993834
-357195
569675
905220
-563050
-917915
-807415
987277
-261547
-727839
-99953
-425116
-94261
871053
-688429
-954618
-580140
-125730
309860
-466521
-720920
-497926
-243379
-747762
14076
-323445
564781
-210966
-501798
18753
-979202
732377
-611997
301629
241936
-914789
-296696
-684554
612183
-736251
-608050
-857712
992873
-38851
-89151
-666303
149124
929377
811669
149098
-440227
198375
949722
519010
-139217
995280
632096
617993
-636864
176828
549170
405765
731925
197347
162300
-304134
690121
691148
869879
301449
378296
-333083
557728
-409857
-698463
817967
589190
-249703
831149
76080
-945962
-238062
910730
108855
370626
-783080
789546
175142
-163200
-413927
486710
-891513
-447803
-980244
-754594
216290
85033
-249774
617677
-585099
-980458
-397881
90116
-507050
233458
445209
-919262
521639
370372
-134452
-860550
933492
-729295
-327020
-737877
-814658
-506231
438393
-339990
455863
401745
-568273
-247262
757252
771425
-552613
980111
-881612
66157
-770115
989143
-199711
-762403
-896535
122920
233276
-226548
-261003
-363611
468791
-182133
-837031
-808675
-141024
277054
-502900
-359901
-882656
-632029
828199
978215
819443
-851118
612790
-503530
220773
430700
-650257
129977
833109
337978
451766
-552994
58658
109045
670354
274029
-86407
542211
640703
139895
-840932
318383
-476577
-178318
-61983
463433
-99969
109402
265700
-590121
-425332
-906602
149072
-895014
367458
147386
5985
951404
-811680
743498
472309
-804364
-338102
937251
720314
416921
-757387
294593
-36626
808162
95113
-850398
619583
80395
559650
55084
210986
319156
602074
-500312
-23838
-598249
305562
-243253
208548
830504
433728
-42363
-287846
-771655
399178
-958422
32179
813674
975389
-416307
526403
-897305
-689166
390275
-515631
-567600
576946
-74471
-508407
-962313
861368
-913382
-170926
-388558
-901699
495063
-394697
413960
368572
-278485
-282640
-405113
495136
-729753
231503
792660
898299
723497
174481
-866124
-316689
-737262
205865
-400060
810885
755159
472003
27216
24055
-862319
270703
589402
706468
-259296
657047
461995
-371082
398357
307339
451310
547652
-124014
-10240
-663037
-872110
-722279
-906954
-759619
-391903
-144527
935027
762304
493351
624317
845372
-840189
184805
-660672
-470568
-420079
-501886
-41921
404515
-439483
426437
950965
587304
-898207
331928
-705464
-515197
352756
-508987
158275
292048
-343164
919414
-717706
-18193
997773
-998690
482616
415949
234765
12272
868531
-421021
784981
925825
752673
-806688
-728616
-871111
859546
970363
-67422
829715
-299488
-347671
544892
-556719
391199
503375
645696
-400265
-595479
823203
-660004
208490
965186
-370274
-510592
54911
-185975
658666
-795669
885706
-476675
-311534
168528
-2597
949650
553978
-527307
-103136
-537365
-981754
-868120
-662212
665003
60751
341791
480559
-240557
695340
-358231
536933
911082
118392
302518
14964
177830
797094
134365
-232022
651247
-328722
661651
808234
404407
894957
-906429
-277984
185005
783602
793833
879859
86817
-533823
755
-570828
202626
32056
-762962
-93928
-785295
824466
-302357
-357359
-386157
-606365
-911022
89972
-952555
-916921
-25080
161316
427681
-619898
-511872
-97439
391056
124720
-16219
-443326
110901
-974425
-867188
-164560
-61144
48355
-65311
-907818
283373
-784746
87930
-137164
718520
-850894
455038
265797
-37743
467843
213803
391212
379817
224374
814823
-540801
316383
233667
746781
-79804
45598
480681
991362
-661478
-373252
956381
-660862
-688714
-945839
-149286
401867
-583213
491361
-693024
926232
120926
-549426
528727
-898759
-731113
-149685
-747816
-779958
-117548
67337
-132562
-748117
952526
-156535
-436859
-356459
610388
90559
761302
662046
705817
-61621
221634
-380714
416303
-823974
853876
160881
-776643
936016
554164
-876216
99084
699728
-940092
-840809
-831619
202811
-379016
-836449
212134
-505062
95910
-809831
-794228
208892
-147929
678069
230076
-927744
-587710
903505
781640
584477
95190
-922445
928877
-433183
139193
699341
868159
560679
-455836
-73890
-358578
564101
-370774
-16774
-106299
758779
-962422
904434
-517356
-797445
150295
-109498
292626
238095
935089
-726118
228911
419613
553825
-549881
109240
-271339
-2046
-65483
-445665
793532
-753781
-368678
-127451
-382126
369851
-336482
764828
275845
-355802
995714
-875345
-927195
766586
863746
-444534
-680874
-344332
178881
566374
329809
-57246
-36258
887132
-551355
888770
-661624
-489424
-298550
875769
499968
833692
-6806
-405177
-493417
905561
6322
-213684
783854
824699
870690
588143
650931
508788
-864018
-393606
862063
-83397
812368
488733
719896
-108566
773503
197937
781225
-549501
650422
33336
-245947
162763
-679593
-798738
-761805
431443
395152
-223316
454524
615253
827883
421220
745010
448561
-938294
-769126
270072
-789879
361559
209690
220479
186074
787591
-335208
-533954
-306675
330486
757375
-569899
483323
-476340
346843
512484
-446732
-959199
119597
-54358
411038
-377737
-551379
-370650
308217
-89583
747835
-937061
-567275
-981593
-559835
863615
164446
35823
803504
638545
-692455
-146281
-385884
592895
-316927
65629
-287000
308343
104604
-535538
542211
166285
-477484
-786529
48594
614046
-784275
360048
-336112
-147139
249546
585636
59960
-672799
-641723
450840
349953
-553689
375821
-377106
764071
419922
572301
533674
-400263
-742875
721656
78400
331664
16928
624832
-746025
-329572
833440
-337791
144283
191846
811050
823123
-617404
174553
-404983
126411
-112169
773691
-79437
-871480
-519317
477072
-4819
330052
702315
-818791
-331954
-147614
3156
508824
893814
-426470
807279
-450254
-824936
860286
-465624
-235785
-211881
614681
-664865
167226
-970661
-904371
-412323
-116241
704910
-551772
390162
447587
183385
507265
863790
700395
-143941
-439676
-344208
70961
301185
140740
866280
457948
-963268
-344139
-379235
-162048
-500352
-63212
54913
-29207
65784
-110214
-728019
309976
935186
505688
-814166
443182
510614
-623684
-156125
-898533
299529
-514420
18762
300142
-940559
-738
-815055
310740
-397798
972400
541977
-642449
-408357
939467
-499480
-489228
815380
-247417
-660780
556573
420501
-705389
-578993
-838851
-763361
-931319
214052
154211
-661218
-936016
218036
283751
-673572
-736587
111555
-651521
-912157
-818111
-342839
280438
-578885
-837437
5925
-116302
-828332
965265
437427
-137119
-255216
676352
701040
-832109
650501
853680
208564
-220681
-37715
564624
-481765
-996107
-373660
416968
79624
996768
-63807
-588874
-26590
920582
617959
773540
390293
977989
423413
-693299
-557538
-876225
-879639
998678
74720
-177590
-557754
783444
-766617
263163
-364350
-285812
47218
-437592
-796330
-67064
-768716
129775
859557
-764383
496236
548726
-440414
241265
171798
661735
256680
-272564
496062
-694736
-602155
-686810
-652270
-654061
256294
110756
817120
563527
148892
279376
-271977
-64492
-15409
25044
215104
-573570
939562
-63859
-658152
901088
-448356
439206
276286
-47985
926713
-619451
-421819
306176
533615
781778
-816680
320834
-762678
472450
-47273
-782823
-631788
-735424
951582
123802
-576397
-525299
-560151
-606730
494628
251245
207418
281690
579049
-176537
-280836
-676179
929276
-996625
-631926
-715386
-272516
205291
322638
648849
498163
-798220
-651453
-906052
199607
-817385
-125819
613717
-740210
118875
241577
-393113
-891942
471623
-894565
353649
409273
430879
-929519
-989273
-797048
959980
-442154
-184348
118970
-49921
-488557
-944460
-947794
-520630
-426252
443687
347810
-130114
591059
-793722
-887987
-293096
-341172
-777106
759215
954803
45386
303283
-392238
9692
201271
243383
213738
34128
-1326
-640560
-236439
553604
92624
-112806
832672
76876
555900
-528802
994219
885131
513868
616085
-893837
-590869
-274640
-249315
874753
453422
-680420
570966
-314714
679594
393104
810774
-543083
-868578
-589251
-233617
606338
-92756
451004
-836334
366157
385097
483408
-356254
-757707
206430
-477756
892293
-683421
-823038
56889
-316783
342243
-26930
-364344
145035
601579
-944289
-78326
-284761
42242
-278340
34907
477379
-286781
873625
845195
-574738
758377
-124264
689908
766377
512768
935029
-451711
-791649
-803033
77931
735160
167544
-862527
-692453
683479
-645573
486253
144971
-45055
-11338
-795860
858669
-101892
767778
-763959
-621999
-879598
-96293
938047
-653209
-531148
-359795
-52489
-246944
-800981
-38453
-309689
442868
735584
-136677
-509923
913936
804396
336110
-462607
-471050
-437176
287636
251826
-644843
85947
-369357
-250878
241643
702781
-614894
-149243
-691440
-66765
-41780
-125348
417143
-907497
-821101
892005
923669
439671
703257
-422853
-937174
810950
-354384
79117
-406793
-418377
965010
251424
633253
-968195
465544
-375423
89172
309835
410491
-15119
945318
449459
986522
614522
-643646
-525299
-406200
476429
-217980
134533
-297375
77634
-494724
-734069
-970164
-347045
-782913
-24032
-499736
-785254
677476
357263
408746
-280464
-328521
-100569
77636
80434
-602344
-351831
-256984
578496
-678200
-949554
59232
-234457
53743
-978591
-101827
-335133
675306
-543375
-649068
-478045
933514
-869449
335151
-604741
969685
332520
295979
881344
-246270
-759101
254814
87020
12516
334014
364555
-723814
415962
17098
-546836
-328917
-890101
-825861
-677360
459368
994823
538294
994223
-377058
-63607
-594489
-592314
-147938
-323649
-630394
362405
570473
-592599
732405
-193392
-29914
-693138
707929
-17052
61840
343700
25505
29390
794692
-424729
652832
573558
180675
666040
798400
936671
-441840
-942420
974856
927053
696552
731385
7060
847212
-718148
-75910
186867
116874
789783
-168188
674358
-421832
580294
-266692
-60084
976444
-320212
-217604
-873504
560847
-690485
-934606
895359
259179
-562508
-191129
526925
-291076
712982
-638950
-212205
-569635
-671530
-58245
121952
-590491
-75891
-442630
136634
459749
200321
202520
424312
441907
460966
64046
61803
-880395
-800227
90379
-969724
685322
-885234
93076
-266629
554584
367974
779553
-668917
419798
-341526
-967640
-738490
331954
-774302
606560
246645
333751
-942853
-394868
11422
768674
-877610
-223673
-406233
767493
477636
326470
839412
-5682
278026
-101979
-944839
-543322
-598193
-850465
-704384
223167
-762119
631709
638533
-739633
218756
-516991
609065
-725910
-920527
-167249
-939925
83411
-790518
960697
261218
-549310
-221202
-630406
408211
-735241
979277
-968488
-817004
733634
-997152
-562843
-451697
335792
-749799
-4216
349844
-420780
849633
441833
-400388
-520116
-956846
375648
545781
-422865
565442
438758
-985375
-347199
893214
-685527
299823
359589
-213714
-616411
108304
-244951
-397406
526243
458213
275563
-423723
-801732
-99435
-311087
-166343
-89762
64899
469598
891802
832041
574311
-974286
-998460
254117
441107
-853967
78577
-582857
821308
103589
27328
-780939
-328437
-807624
579989
-490896
-444980
-237217
-818186
-761554
-261423
657891
-974592
69067
-397461
698613
-913998
-813502
278025
-248798
394407
975082
150889
733278
651599
185676
-472758
742613
807475
-497386
-832172
-392442
710542
-279940
581322
-260075
-544161
763709
820003
160372
591625
911926
-917495
-748475
486225
430689
480064
449797
-89663
725221
947867
-515004
-631566
490629
-271149
-377567
-777183
-928108
-724241
538655
-462746
76584
-612501
-625371
986786
540457
-820663
399559
947714
864797
-797106
-859230
-25975
106456
-910868
755500
-94879
-961092
176761
-565629
32152
764004
958323
-44917
113305
-832974
105185
-771646
-163635
-71222
136191
-891587
-302848
44854
-342864
709624
112184
-997820
506729
-636881
490165
412457
675373
-438898
489437
959346
-420514
-766746
513962
-520116
5873
-559040
692324
930133
-359413
-39617
623433
-655406
-89815
-439874
528270
191252
29390
671390
-469103
950140
-881215
-729015
350319
219286
-701907
560036
-331733
253365
-56941
-366933
-333486
-731581
-498680
83886
939673
-736029
-992932
-303117
268284
-918277
988249
460991
-274820
596075
250321
-132509
-674216
107712
-684205
-742223
400316
291225
-348380
95104
874995
-403687
1243
474046
264783
-528226
-746076
116116
-23281
-676194
-678067
104773
-989735
85715
-215843
973018
-546735
692101
47246
-196638
683103
-526016
-272076
676394
120380
531814
-503544
-223761
979184
905621
796549
829190
14308
-880725
603004
-338098
-77626
-334532
-973629
410518
686448
-20280
790821
-271264
-538939
-90202
-996035
37859
113677
-725563
289687
444683
-289332
814078
753830
-54966
560054
650698
359049
575608
-94773
-777547
-215635
-158245
-999422
-220773
350887
-913152
-438074
739451
-475513
439014
-610761
-807499
-657548
-521085
182269
611923
277774
-554472
-226000
-402196
-515264
58319
361928
31773
672258
778076
-222039
-423500
901240
-77976
300462
102064
-4785
-944909
-53565
-107852
320605
-623602
110874
-550605
271515
355898
478160
904857
980964
112013
109795
-565052
107180
669363
389340
73686
623724
-463738
982167
38541
503062
-930193
709069
425997
546771
21877
800479
111000
712289
206002
899175
103910
-752749
611528
433963
601550
-832653
-306801
962772
278201
715741
-947068
-134682
143402
-640497
-329507
-917774
-59970
-618512
-845389
-341414
10188
65372
579106
-338063
919826
-929548
-22042
-335713
-441987
-341361
509439
408026
350583
-762626
530453
-784424
-434542
579488
31037
746890
-132183
-358259
-222955
-420739
781040
-273448
-336746
-878808
-439042
-97276
-753389
567587
368082
818929
294745
703930
-395293
-362103
-654959
283126
-471929
-960855
-310987
394704
-447570
-246278
551655
-334387
327631
-802686
-766638
-460568
342091
895509
-620304
888028
-816888
935748
-647110
199543
-456720
549555
-74104
716694
177002
-474719
976536
-905281
-407468
-849747
262104
866924
794818
686914
889693
-262642
715948
533299
938203
-832012
-298462
895638
-654362
-433128
478912
-93173
714450
158947
-144496
-779519
671309
665552
-520059
-587155
647671
187934
744114
-316908
-478422
424274
452176
-110212
-161097
778912
976539
-11491
398018
390477
-541519
-369628
-523319
923481
-788592
-786454
-372230
-872483
-708476
750273
319914
-248695
-472583
-481630
-497527
691055
870754
-92689
-685843
532957
-677025
-473790
-911460
964158
308560
-934202
406602
742992
-662987
647836
-396461
-729262
-21309
565973
894496
515190
339525
544609
823148
922774
320962
-23420
-994501
-92306
-687331
556319
542541
-38970
699610
791197
65617
304201
988294
-26921
236130
-264101
-912617
-168555
-658589
504189
-882690
23934
-492393
124067
67714
-545235
-229514
498195
-999278
-785624
563746
-802811
-556549
700779
-507489
824731
712095
-813947
-279627
520660
238877
714250
-658686
175718
570934
-735235
-121579
272070
-385938
483571
375563
-990346
186887
695484
-578628
912488
542322
651071
975904
-956948
-429398
386818
-570050
-936342
52214
914218
276109
-919467
-371476
-377319
819589
469673
-104471
-471602
-231832
545510
709585
6785
223996
125812
-101633
915823
-886146
69864
-67124
-580137
974624
-313077
906650
-572677
679276
-861131
739773
305133
-747212
1194
942834
104454
-545557
81114
67257
-602925
760065
310602
-393367
905930
50605
163950
-25162
382301
-892079
799648
583890
-483483
174777
288747
367703
762044
45129
578067
-740729
748364
569332
-963182
-850863
-673792
-844990
-767704
89761
-923368
-810908
-151715
-123533
214338
968288
870248
-344066
445020
-297367
344969
244031
-205086
-497474
-508673
743463
549
544413
902804
760308
-652867
510472
-569144
254752
-459687
445835
-22352
980799
-740452
-736405
699130
-173607
-546046
674731
273386
717791
265876
553567
-857831
489901
83794
-393822
102039
411505
-320496
-71375
148966
661493
565824
701906
-762001
-225466
-410965
-797905
-761936
-564236
676853
-905762
-81650
370414
-66405
545030
-743055
-868468
471892
135009
-884479
558488
-464235
826856
807874
-305265
601763
8895
549398
-516901
-987543
-224810
409022
-710120
772802
101984
-640005
114572
-986410
714869
-589136
-362559
758575
-278053
950098
461897
243893
813286
777569
-258941
-268423
-376104
120998
-672954
266385
-561674
-458519
-197117
-538733
-336799
257140
-991166
-728610
358955
-612589
-160
825515
-706854
-333831
839575
-224770
-729536
764144
533863
886901
72690
237350
617676
-201543
-153828
86829
-141192
-453085
-52250
-951360
6788
425668
31054
767236
771495
809281
625510
481517
-758451
349396
926564
517624
-843144
-170566
297526
-988015
-481856
-43329
180219
387081
21475
-419148
-373942
-697545
-7160
960990
754939
275751
-881090
-426281
-530229
-216922
-325703
-604541
-599650
-393500
-907318
-708264
-433711
311067
-904275
-734271
-15009
-788578
-88516
-693981
-553190
-953352
-677814
-10979
-539098
-651672
683635
-811944
-935830
842682
-426585
-550246
324308
171536
-521176
415317
423532
67386
-891714
-947318
-26638
646909
-886417
-623355
417973
389655
205774
-671959
-491922
-625134
383106
644072
643516
971587
525655
-985856
-511364
-486916
-349891
87658
629153
209694
-552379
-189262
-933214
278101
-540724
496027
-805310
-653363
501096
-386560
-275591
-660012
513848
-136464
-705259
-317104
-716921
-815890
-288268
722084
-959872
419630
-628774
710821
-8618
947280
875284
497316
-668235
18430
-44529
329841
879020
-244777
-271523
554825
-60792
985813
482079
387569
177996
10028
281260
-266751
27049
619254
-626626
495569
947982
-627205
-558719
-389190
-97678
420410
-537235
-3887
-684561
-798425
463551
168502
-663412
-273152
322511
-741912
188063
-605613
-981762
399030
472764
909794
841587
378992
428078
-385637
-52860
-149980
562364
-477913
-924208
-413096
-15280
-53560
-392286
922181
-94587
-156056
-844293
-514902
-698266
694146
-256091
226214
-8169
-867162
-549527
-135568
439496
-667149
-88289
-661067
-647159
369086
77340
280022
-869547
-515644
-865715
450865
884878
7192
-719682
249561
408773
965667
699583
926365
-683700
225187
-873619
273826
-922591
-8988
-418853
30878
-22065
162523
995907
171283
-617227
443202
185803
-865333
-229225
-595094
925397
491941
923802
-250581
819192
388869
-774182
-641786
238698
-630590
-214581
-62494
844820
-153376
-796488
927477
-719038
-954816
105980
-946861
-649153
-47136
177416
40248
-937616
-372951
873480
539936
249740
278192
226524
114262
258334
683923
-206236
995718
-839970
343280
-897299
-321205
299580
612637
-812337
574407
-597863
826192
572855
846916
-764496
552868
451792
-338367
-983933
-912184
-202635
623491
-876553
-207316
506624
-365975
-49261
-816422
315897
428945
382679
-141905
181147
-423610
-886083
368733
337827
-701841
929303
546920
117386
-465264
-398359
917586
-592241
-21059
-11261
-838682
592536
762744
144948
575392
-446123
791056
-622835
638778
498975
714801
-943930
-777000
-185905
-652232
-781957
-453059
-587545
-151279
471751
867850
893218
689306
-267798
-840745
-969273
-992701
-730688
68317
76535
-231541
-556109
-980852
646826
841826
909786
469044
177482
338038
-340887
183301
41110
587401
22676
241292
102924
629807
-589026
663425
-347144
501344
-608023
413711
942025
-894644
813834
-894139
-115574
66619
-649780
-984512
-941356
192537
321913
-144675
-292266
737516
-203964
-18683
-721071
-223078
-753468
153254
-891832
-733382
209059
242961
41576
-742347
512833
764442
370711
523774
112367
572684
-695192
-73234
822790
-863335
728553
312248
702658
104887
202581
-529247
-878774
922827
918145
-834644
134044
939360
813483
286707
595005
-775149
722361
-792576
464215
251007
-902210
208569
107687
-709914
-245
-18857
-838134
690631
-593815
-854256
312385
984280
-493527
-163682
11202
-685079
9148
33877
-27519
-375439
216923
-567042
704555
-299404
-694783
329930
6307
862754
533374
879391
-241728
-967014
-393653
-973935
-318833
-550015
-988373
-237591
-266313
439722
-441617
668861
-87311
-484521
953964
-655870
591112
324050
365509
644307
-153612
287316
408715
-852841
-307529
853751
-642517
196327
-688396
743937
137538
676750
790200
459549
76696
-659761
-256958
-2240
262429
386754
-929314
877989
-267815
735899
-299492
364952
-392310
-731637
625392
-486374
-652391
742900
-299119
-597042
-876080
-64345
63158
232824
-376478
638926
-196598
991196
744468
-472180
-398854
86723
-574670
-886876
518471
100424
-61925
832780
96332
-887077
-40825
324952
-517127
-939983
-319617
-367198
-553796
376837
-327296
417483
-6808
648104
-349889
408154
465093
19793
-412010
660066
-298778
-406696
256006
943881
541171
60153
980511
-899634
-892457
-217047
214745
583307
-701777
-523763
-605537
759467
771663
341143
745452
806470
-254463
-667544
-400408
-833330
-565835
215522
-418092
-210929
-590380
915136
458373
-946168
564388
589267
-661015
533883
-966606
-438345
266568
-73722
140288
-48026
784412
-439182
-907740
-118720
854389
-22647
604860
589508
-822361
-105909
-741528
-931149
861981
-187067
-101484
-975494
813129
649271
-621627
-441617
-730926
-156257
-125645
172488
-302473
-938925
-862093
-255735
971175
-851633
739799
-503257
267592
-283713
-273045
539888
778125
-813275
-857910
-113239
239479
429006
-946641
212278
265976
-333616
192993
-154563
-190973
799248
646173
-582558
-801488
-541434
680238
-162454
-458259
-174059
-827186
234783
-308708
55789
343716
421792
-292205
507081
-143549
465960
572802
-605079
-100509
-646341
-297853
-438665
-362651
869737
-133261
-73384
-391922
-901964
230296
303503
503226
168475
-499064
350298
957035
930865
695102
-668751
-865553
496511
-914134
847740
-325487
150898
-664172
-347150
370621
-111929
873698
222737
-12935
-960940
466260
-47349
-221951
-681469
-426822
407318
-640784
629415
-181300
786801
-847575
531771
943066
-740124
-663263
-101599
28567
915747
-426221
-113212
-453107
-685695
564579
-296061
-317767
-418129
951795
-703037
-371067
725249
264147
-875442
3752
-137712
707103
-931078
-888805
-121456
475756
-184657
164418
591881
-722021
235555
987859
-686907
100161
153250
475162
235405
-795003
-350969
-484369
666988
-719437
-499299
291247
199173
376244
-233399
-468863
-429038
-257474
404820
102733
-270320
53609
402376
-901129
295901
643855
883502
126119
589958
-582354
-144429
32100
487055
-100455
-98886
-2215
254851
671974
-649817
134601
876723
215434
369684
-936119
-117671
502507
-546975
264077
-769878
374246
24410
-441348
-937832
593584
802048
482135
146662
-220937
541478
-459864
192167
979310
869974
-979713
381189
88264
-483511
-713334
952516
479927
574198
-390270
814079
961665
158348
-945261
503207
508602
-256910
500527
373655
-530314
291665
662351
167458
183099
-880387
-374658
-186789
-865407
-905517
446516
-225464
-281947
827789
-777175
511466
-354866
144422
-823159
898533
477397
601871
188108
24428
-39166
-947439
35070
592050
283749
833058
52175
660475
-779735
-972560
806014
455898
148908
277922
328196
484010
928307
85845
725971
-498309
528919
-394091
-654968
183246
-621290
848413
52170
445896
-323669
617954
-888248
-509807
885451
510765
675330
92836
-421951
922006
-940128
-344392
-394110
942020
365525
60411
-958281
-310772
468697
327750
302585
-913221
320467
-517659
-168656
-619561
783822
-794761
-534961
297206
-129013
990199
828094
859739
694850
966127
-124139
687467
-148372
39321
-195070
904933
540414
467114
-212628
-241634
508328
-278569
832201
616075
-235924
292668
-863490
622323
-272222
-459418
-175264
-523470
608170
699754
119269
-663847
-899712
-814829
183114
-935649
333969
-454315
457093
840080
-502886
-923571
609599
-79207
-685221
597724
-860206
700811
132161
-826359
282273
-971799
587208
-353464
50145
-464129
275912
164798
-673705
-500057
375706
187995
722013
812867
20681
-994670
489269
774084
232704
-24710
-921828
329499
-363716
811895
946980
-55901
-501750
-947786
-242137
-181584
663360
-314174
-701481
-970189
125914
-138682
377727
-987338
-481077
545541
-248810
581712
433682
-921221
-107663
494640
179948
365208
-522170
978991
-7869
188270
31403
793636
341175
781686
429511
-363731
-135705
-120084
-452313
655878
-431930
-838701
341682
-229583
38801
190567
722463
-87900
-10084
-145372
511350
-71741
160316
685861
-719937
-168734
-854760
8230
-997422
665357
529216
-97066
894117
-225349
497909
938959
-281108
946607
-605019
-251343
-330632
863295
765910
-542582
141046
-320734
611812
-321149
694533
-392451
-273756
14775
-999799
437322
-512752
788634
-3665
96386
-113853
-63573
590782
-813224
4379
815750
679733
-876694
619575
-163979
-896402
581722
435294
-422853
-671127
501695
-309928
794538
446745
934860
762159
-365624
-194059
58503
-928174
-656475
175352
564924
201260
-422844
253675
256161
-666814
997647
412294
565457
-608515
714211
-824235
203233
362098
363680
581533
-833792
799692
-913405
-160498
677179
-611952
-603237
-191798
504410
-594450
-539034
819797
-253536
-486200
582318
129448
-458472
862888
-859544
987263
167651
-994288
686871
-25888
578571
-574633
-257696
-43737
212850
282092
-308015
54087
-987587
31880
-80896
115503
-178898
-139126
607865
-856809
431271
-613191
-685473
-557869
-222396
-33533
-614205
-146537
250577
-291001
-343010
-691506
-811524
423336
902926
945546
-692481
-562985
-860569
620023
-275884
384358
-377501
-537765
-796952
557120
757382
111282
111240
897376
248328
-29301
-61841
-42700
-296451
195744
690452
657132
-957512
-994395
-889360
434096
-728607
951191
538120
945277
-333962
-312101
-698135
275501
-633201
-639079
109191
868667
770700
790485
-662542
-410061
-524373
-57416
-911745
375894
611664
904592
-863278
-785463
578309
-738324
-685786
764444
654953
82211
-374982
-470849
223648
-359159
573199
-105919
1523
-859155
527111
-235082
-791056
-14532
747625
892005
161297
749676
-381185
333744
675445
708047
-389942
-766644
-995311
160961
-482008
582335
353720
-174304
-837826
-232525
-83800
-656947
874181
551275
-103932
617888
-873250
696525
-495304
744843
736095
244834
591202
241825
-464342
122829
-769792
-307070
-49853
-279367
385945
-645715
408005
560747
674298
89685
-892952
818606
580415
88850
-726026
-812762
-425878
-319465
997353
-72548
913183
-836910
-858752
-516060
-237438
595443
-286148
567066
-582539
-78654
174487
-683169
-920126
-86183
-323329
-333680
96806
-245679
589259
653468
943326
494087
54949
512175
-306692
-252866
972898
-635179
-592861
741909
695511
-972944
855749
413465
543494
-89458
691391
-155532
-60523
-366866
391662
965358
-10484
42490
898017
770794
-539257
-595676
-769649
-683476
-328945
839186
122178
285993
824625
-271377
-655429
209755
-608732
-115612
-373866
235165
-504584
477910
-567889
-962612
594882
-132263
-30358
139651
522085
317573
-418812
-446220
-585052
-446193
613876
960232
-480272
-917104
-563464
-116421
-346451
283659
393652
-56306
224651
209620
91199
-96332
981788
-532937
-724608
-598899
5051
383332
-742425
-14346
-183641
628504
477292
-906151
-809954
-758154
470573
210355
-534641
-688008
-914514
-444963
-88545
-694471
732452
21965
-992135
780963
959968
-103726
188886
702208
-298880
407710
-354172
-879732
106716
439797
-720677
641237
-865254
172711
186771
294004
417331
-415993
70592
-808899
-556436
60268
-593212
-49506
690965
470818
-588518
932365
202910
812719
410175
997424
-501704
-79234
512168
482609
-92097
-231527
-554149
871115
-790335
-588531
-28775
998149
139603
811866
-430213
971480
-974393
-573154
802242
878067
-763626
867866
569367
-940757
-54090
225851
-448177
495656
-433328
53482
-407576
554743
-252328
414847
375308
-146860
-541994
-615967
-535682
-795893
286463
-667678
895604
-139765
-982301
-103481
-839791
758388
-758259
-497191
755555
75875
-613400
289108
-388236
-917824
-634700
116957
824251
-56815
-863525
-862509
-765040
103812
699812
279583
471790
-677259
-199693
383921
-701203
-829957
-291134
-715407
-66662
122036
-778995
-335027
-598356
-906668
-246307
553013
427645
-685182
-499340
775748
946754
842147
882328
878062
-2410
-326121
-105985
225425
772500
303224
562835
870028
-442478
-60021
-95752
624693
608392
-6744
889389
474381
184050
269536
-304192
-243697
-399093
-931203
526414
-179377
-147808
109767
-223832
-332428
750487
751156
14764
801168
-564398
-624211
272904
168011
-82436
191987
64566
-473125
848060
204054
363849
-923725
689333
-697495
723759
927225
199133
-937646
-461
-500880
-252209
331546
-490830
-247623
275467
-885861
-592497
932541
658829
362877
165657
-968430
-261368
-680038
-145969
-32697
-294723
-87290
717485
-874349
282137
-81948
958654
-318240
-45646
469710
-39665
85717
-738387
29261
389016
-419275
-510918
461434
976598
-188168
-442928
-482792
671390
-193037
810897
-6669
-111920
-524092
-871471
-885425
265142
176390
-77031
-967992
237175
-105306
492703
-941670
-435214
-569884
-883996
271091
-597048
-658849
-996186
-590521
-531566
-461255
-215264
-97261
-562367
-597
-340520
435188
753199
735873
651673
-972666
112197
-56469
799891
562587
-274780
-657730
-931572
-400112
-342744
305584
-829414
-294151
238180
-868516
39607
-776947
-40063
-923336
121621
-254596
821570
562384
-345240
-783741
694938
-581183
-674284
30450
68566
133227
-158623
214593
-589487
104184
-342500
-806720
-38161
569532
387081
548849
-753042
702487
591344
945318
779579
194413
-547935
-642946
504680
944903
-76873
-338093
480954
-310020
428102
393682
352883
309112
-373846
915578
744300
-4162
-317051
123814
-752633
258714
-438532
102060
-80421
144948
526554
483414
579613
667821
198705
648330
831687
457834
-533469
-828837
-233216
-698418
209526
743126
-867278
844431
-322075
-800318
-175183
-975629
567432
-620109
-54949
-746570
33632
399578
361324
847141
-408412
-948962
-274044
-78938
-591029
827247
2581
599000
244558
-900414
269332
-985727
814388
-216112
271054
551085
-146717
330089
160961
-334485
197652
863691
-477756
740381
570857
144766
643179
148230
441040
607760
-841813
-370407
206741
-828799
130866
-940131
-593737
-830442
-745190
-532201
685357
-812277
-210995
-204889
-256514
-487790
239634
-417926
978348
476102
842900
-983652
-470954
675751
393392
925167
655640
-5102
172221
413709
726571
-711728
293333
-849722
-864324
-144134
657266
-898484
-898271
-915833
367335
-850922
-369105
786045
-654414
333251
562282
380271
808225
-926108
735962
-163533
-351375
596252
993395
565181
769381
199373
-521678
-83612
-252167
-134068
815368
91042
-514940
-817441
-299288
956028
832495
-290243
-973956
-884881
257823
245089
-862628
-599172
-236281
467993
186825
525060
525955
-947417
732472
-774061
965967
135444
77763
-898940
-230127
-165634
555107
-35602
528697
781148
-918946
675730
-635675
39070
-664505
984116
-809024
726873
943543
-545699
399062
656464
-72678
-67877
759270
175719
196223
569406
174636
81571
-319666
-425260
787695
-716758
-199466
-310276
-594753
-104684
-387021
984810
647272
-864977
520393
143352
-348454
-89791
-240007
261427
977195
-56149
-195744
295072
-923432
-375291
-963430
845538
350164
-465872
625384
-388177
-103452
520399
-493735
366463
853418
20042
-893187
746038
-534912
685659
168625
-60863
279098
-966176
-157270
984411
637382
413401
686353
-903108
-227731
-513365
-215727
516465
806115
271842
221007
-703194
-718593
394589
563519
936860
543358
-137295
469164
-968919
721914
-101857
-796183
-563842
-466795
-455532
625761
-844653
-875341
642945
382672
591852
451516
-542766
-29600
-728800
-748336
87264
507119
-988882
78670
-146923
-647438
-56635
-191907
-436362
145428
90485
-895122
-35288
199236
-838762
-425751
169954
544281
294512
566959
588059
-595249
742810
20783
495121
-945813
188571
-382050
-491187
-970743
-332006
-762589
-695061
46654
-928359
-738659
735552
-858060
-489877
-436909
99752
-760987
-502045
-792547
-930915
851721
-814384
-58007
661476
98557
905629
744041
-14524
487312
997386
871133
408186
564974
-18683
192974
235239
-828211
137331
506105
-307783
976138
-243191
677205
171472
-678870
853299
801033
-234034
787339
-7260
-129620
574488
515280
666488
-950094
255436
-524038
-669626
628537
-527933
-99466
-750402
587141
-673274
470362
-555405
672704
178203
197556
535184
-772272
-849057
-681018
-787338
-609993
393741
-800079
-855392
646991
958806
-423970
710888
704126
-223197
574964
876652
-393136
-424886
-795882
184898
-302798
-823456
497579
979341
-412390
-784007
198629
753772
641498
-795280
-952092
-498578
200179
-5182
215333
-237801
-445393
-909341
150392
365239
45075
519552
377103
-289688
457690
-146418
-262530
-777878
222041
-555564
104576
227232
-960989
-864191
759991
-59123
273425
-165858
257992
-514226
-510704
134655
501094
-344670
431598
351105
-505190
356015
-709624
903524
176491
-853059
-631917
991040
697733
555310
206511
682045
-642724
60583
601379
760409
247980
-197019
495602
761576
-701152
261664
-864728
-803214
-861641
-774714
-53886
-889705
281381
-406086
280516
-249572
-493885
-71290
291025
356203
-94689
624368
739249
766391
919528
279491
-430590
852191
-894948
-47175
526432
-928201
-45748
41923
-746073
-205137
425446
350064
787615
46866
962789
-40144
195938
-902043
-471145
-901005
-804805
-610211
620214
314446
544036
889055
-550089
52190
-810055
-293681
720215
-655825
830101
-777907
106212
259289
106556
437822
-340964
-411536
881572
962866
-24011
327337
207335
951125
-185297
833272
241085
300402
-774146
370440
417925
765307
-505127
153774
624376
-815431
478873
-504928
-896734
-796033
132394
362899
-458588
-430731
812916
-219329
-943777
100645
-725247
23486
535709
571877
-730172
-285853
-454999
-995247
735190
-886778
-862609
-346933
644683
-516744
595034
-836738
-228309
617150
521062
403583
-101252
-93874
163540
130809
-213709
603361
223971
-15056
-360077
267361
821798
-652072
264327
-711158
829695
970405
-633514
-568710
-781313
-463892
-915966
-796163
-491046
328300
-485186
988636
819973
514092
-375644
917525
-647068
-232846
-341000
-639866
-849938
-635259
-991883
294016
-794973
764336
794104
525029
-311509
283675
-222448
842257
-497344
572110
-239553
791123
491884
473869
523148
-411494
-184860
697144
414702
810846
-210683
-492489
891939
-823145
-482883
923013
216783
-946875
-712692
-957193
858145
-314218
-624462
654753
-308544
-506436
-280800
-154074
183845
-644917
782745
879651
-698341
712549
-352555
-319857
-952535
-528472
-988434
-868235
65762
152319
-663845
80088
-56609
-151688
593812
838161
114024
-479308
491694
-31420
978936
590966
367974
952849
-509262
151669
-169581
-70318
927111
606767
31212
611482
611762
474962
430025
-962326
470219
-704896
-838358
135597
98818
-794535
-526801
392916
118421
657693
396253
-305162
159479
701096
432915
60586
-95063
188403
718627
22840
371098
-562859
893558
5404
-996033
635483
-449919
-872849
-779771
846639
-785128
337921
-288340
237870
101509
-746962
302911
286466
790118
681886
782747
822774
65886
-965035
-968761
-136049
148419
-202860
-71834
246282
746274
519146
-71911
-878491
185338
-414975
-774689
709936
738836
-419502
406054
510391
-815993
113077
307570
706051
379729
-323741
-712216
-600188
397383
-787951
-789527
413883
-548132
798600
-21540
949803
-154324
554176
577263
528533
787413
-835360
165060
-998206
622995
696679
513013
638769
559819
-818684
845360
-910976
-181032
-582719
734013
863745
-445412
134062
986161
-578554
708590
-192028
-716372
-301204
349806
-446413
-593636
157895
498555
-541664
-619164
-881521
-878076
-151220
214404
595247
468422
12697
-164097
980173
565000
27542
90955
-483049
-514424
-661735
347780
-912335
-145887
-385983
884618
-920286
-106159
-128479
-316282
23989
981443
791035
-870517
-881088
-228007
-853752
-642425
779378
503279
811710
338768
807771
22150
820144
456681
117620
-524790
-702136
656376
234596
377500
469520
-490204
967487
937122
586340
-878953
-455041
260739
-601407
374095
421200
-597971
-360108
259332
159658
462349
45793
-658724
890239
-348842
871690
985660
-292945
-561593
-977745
311710
-236713
-480132
-49780
-863665
-980211
-545603
471126
166386
193327
-235659
346806
-133897
-459413
-541770
-730998
-466098
-808556
-558007
-942749
609084
859512
-940584
860938
-912208
-155598
-578370
125638
-496950
561278
-818908
346792
790878
-408938
-113986
-539009
674444
-83541
858428
-236565
891605
341059
566769
863714
534353
-314098
-956724
-408450
-197200
327061
263529
37279
-595464
-419322
-870624
-551557
-224360
876933
119077
898900
559153
391877
422351
193173
-906003
-247385
533911
-474180
167276
-742201
441157
679246
-586535
-886518
55420
-548125
984656
-785273
-100289
758666
760941
-722237
-196036
-611503
-300389
-23181
-829655
265515
-806848
-420812
-415462
-915781
646753
-708156
45012
942449
-185254
-277383
-844575
-375585
-985887
-477381
210078
159779
819120
-909700
682952
-132382
749037
368684
724405
912337
653866
-462138
-978781
293035
203501
474377
-873817
142818
414061
-435359
-840615
768845
-318839
-669957
-531629
-114232
205959
767115
226811
-200523
-3727
-588786
-843174
367814
324215
91997
-973674
422702
-118653
-718579
-715373
-484761
-975473
-817048
845818
747873
506320
802577
-939617
30921
-773113
-190876
947806
-153664
850486
666263
38679
-300914
211669
-859073
-692292
-287847
-26408
266257
-220040
765465
884843
-774859
-738090
-354578
319197
-601216
972227
-58102
-144367
24396
50995
316948
-296265
683222
271962
-259378
173934
998072
640329
884383
676778
160170
499010
424996
789857
-485410
-714825
328141
385827
966624
259268
51524
-857636
-921646
152366
260501
-588239
-677145
-966084
-936415
346130
863174
-571546
-906043
-194771
-533342
824285
692719
-7493
696210
-68465
-106859
937612
-483515
511219
226535
822332
-503125
-253487
416559
-347869
-891956
533528
102699
-414138
-538442
934266
185885
261218
-507928
-549359
884271
-844146
-911736
809273
-376206
-931031
604281
508546
-859780
-237750
182497
-133439
-254360
-771210
233337
617530
-978201
150430
-916884
697722
-143861
146960
960464
774779
845233
693320
-736909
-52861
-904097
-361393
-512211
558282
102100
768809
-825059
-111255
-520687
-380500
-724957
29634
155043
-34230
-822373
-795418
-216296
785592
829371
-817600
-617764
265794
-989102
-523185
810832
784448
47991
961349
-713796
604458
274008
-722354
-176965
-282108
-505503
-305012
-964994
944588
648198
996204
122517
-496971
287239
854858
809998
-991014
-726061
462157
367328
931859
540742
756289
89339
750842
148014
669368
477496
-576670
-816762
609669
-468032
-225736
-579120
789878
-865043
616628
85350
-369032
-107533
115028
211339
614153
-973617
777344
44993
-317272
341328
703797
133294
209259
589417
421969
380025
-437202
-360662
751561
751275
-839107
-767056
603156
297008
-877010
-545198
-971646
-464241
-112973
-306260
720580
-835129
-501271
512896
-195566
-98867
524816
-468720
978126
-24248
-299558
-36561
-979107
-530144
275183
-401444
637886
-38038
246966
665548
-169590
99518
643037
-845661
-716770
-86120
304869
198676
-43033
555950
384147
719666
-853470
808550
795895
918372
-849718
160568
-402471
619552
-112426
-520221
832615
976663
407511
713605
-954240
535787
-166530
-209902
-507810
266198
383292
908781
983758
412658
545794
-542276
-313511
-56708
-352720
-780037
368470
280219
-180487
957087
432467
722706
381258
-625456
419910
558420
447121
903817
-558106
177768
-201115
689136
132642
-554788
331663
-464387
-800636
-693457
866325
-165184
-270853
172630
-698651
-820766
626299
-506520
9275
-760708
-412819
46616
-646754
733900
-303958
510726
472137
935747
218284
36214
-781662
-129112
-40298
222812
-415215
557033
-219313
524991
-307715
203731
516965
-11781
-78924
437647
-211066
-590068
-118192
489555
-374995
-881392
-460618
571540
169594
-619125
-811378
958067
-153230
-239927
-642946
-762770
-236094
-427670
-791433
-538373
-3076
642850
-185842
-118442
374545
281440
660823
94826
-207591
-369850
-821566
422150
200760
-862311
93990
-497873
-103459
417553
117862
336592
972609
-705294
316927
829062
-239819
-337686
-339137
-921876
-37859
988100
-142063
-788887
249656
777341
-353137
450755
-925428
858621
-197647
45949
886164
54200
162017
443549
-775161
2558
-632682
883749
-585223
217788
720022
952462
465136
923101
701655
-347871
-840341
-865710
-474240
713115
92549
-638585
-191677
-818799
634333
-287684
249472
339778
-973460
83873
369752
-913130
-822090
755026
370480
827325
500574
250186
-515923
-63870
571261
-931411
438910
-280546
-955166
-38560
450823
101542
-692009
668021
-626294
-189681
-996268
-940990
-596798
936004
825888
-188498
-716923
711364
-246602
111288
-738277
387349
-879721
32759
-713807
-416192
-534140
107659
-716276
-552329
132314
125763
458517
360569
-967694
206367
-701730
131969
213093
108471
710404
873414
-394439
-751867
774241
-179957
388612
-749437
759549
-604353
580017
-169428
-796885
-273954
-938997
-5223
-132017
-632075
19872
903381
-965103
622450
-76662
-2217
-537098
494027
-903437
-858359
434197
-423466
74325
994541
780515
-526343
81773
257791
86488
304799
-85962
791384
-940052
426731
-344781
-375060
276916
233171
891420
683210
113503
-629723
284175
-776146
899234
601637
97445
-708838
-242138
-121109
733102
-568209
-519512
950455
463620
-599982
-661080
385248
-852195
762990
-978280
-399183
-626881
843804
-714890
954187
496259
-922064
12807
-649287
312188
-257203
-32863
-821014
-782575
-190890
-759419
-274332
-968946
-921771
-84016
1234
842243
-914255
-377055
896720
664746
746541
118144
-711546
542459
-545977
-350864
481137
816387
546087
-622144
982960
-677638
-773651
78221
161173
770277
-577645
453868
716315
-826466
-6857
630907
-229336
659486
-611265
-875156
-28697
531371
609158
69035
-200964
996778
600069
-200242
-618428
190396
-182311
339777
-197582
497839
-294067
371817
-432933
-343760
491826
-4200
-267531
506240
-25593
-975550
-674610
-711198
-490184
986682
296505
658496
355954
247917
-894798
448469
-146098
511824
-219494
-296263
414130
912468
722461
127712
449962
604062
793392
-777743
655654
-33341
-806389
-260827
775687
403309
351929
-325328
-594391
-900437
783323
-440325
-924454
-45313
-415734
260696
-679879
-828223
-916727
473371
-340173
-595752
814621
-234235
132913
-93320
23398
582159
900430
-202486
-346537
-806656
-358762
-286407
-27038
-257975
-473094
837152
-118618
441144
-296055
-168745
559950
-633618
545466
54750
140096
-977819
127605
611771
-661871
-698288
-938595
-284945
-80466
1847
366055
-239607
803766
908643
325649
347873
-455089
684541
670806
-54603
826419
-542693
-93602
-724680
-2120
9965
-733546
-637932
-646334
-709838
-711995
-453847
-788590
844752
847828
-601751
419845
-260702
754862
316432
791360
-770342
969943
976283
90752
-342670
321110
-742929
-5444
-144822
291272
228292
-446758
-285966
683225
575368
587804
-661480
-288954
-654156
292654
182783
-545643
374408
-25809
587404
847887
-365134
396551
-941143
574738
420997
-774151
438426
-390217
-735715
-809935
-618566
64341
-829958
-34840
-527340
-318831
677017
-298478
-374059
-905159
-334888
-501519
549611
-468240
604104
228026
-299606
794996
631164
-518965
-62959
968141
-396421
-631197
271292
-59501
-431469
-483904
-412966
701699
524700
-359745
-982050
-911699
713139
-293355
272661
-672249
260667
-157122
842821
731332
733455
784358
242861
598454
654305
960205
-198311
-782006
-797076
311075
233421
-391283
-866758
-669930
-628773
-319801
-195308
-549777
294636
-62103
-460576
-301251
199859
-101965
833458
921356
-298803
545584
542638
-785854
-93035
762644
6753
346519
-194961
-74835
-9443
685236
-522405
-187691
45877
771758
-689673
-593257
19357
852545
881882
-669281
777937
751945
-908773
-235309
41573
-620320
-83530
243474
-735164
-999660
-526243
96701
-485081
-630499
261695
-905758
288967
-502728
135492
54581
-194018
-292752
230007
-466229
-877238
-874859
125645
-985154
972873
-114394
-138552
-585105
-698307
-987841
-943600
-790032
982198
334000
169335
222085
324243
-68399
959694
-219848
-754073
452130
-866917
134331
36596
-733453
875394
-644423
-518768
829120
-565525
-456202
-198032
-888473
-3127
-566267
-936319
23816
460590
34548
-25234
-739065
959287
457008
62492
944633
-124114
-140843
-593266
-786071
-990767
-129552
982572
-354504
-363769
-565975
37421
-6126
-74788
562744
607820
-772541
831048
353939
-741170
-441528
-907363
397917
-157671
780636
-691763
571211
-852031
370976
306974
499106
-81729
373478
-646385
-396774
-81343
514919
-990147
-849373
234159
-954441
365208
282092
236643
472890
653306
512491
306865
-719861
-425087
-289745
169679
311443
223092
-401263
-263434
798931
-452147
-445683
941389
784073
-603148
330358
-914790
-308463
-993553
52589
-866493
-980634
884625
-575813
797
-201398
804396
164225
521279
552064
-502508
659943
-476299
-728394
-834051
503005
532870
-785045
787602
480267
-65612
722145
414420
100744
-809885
350258
137868
-85850
454557
560803
218733
-72785
534411
-690345
654260
-684539
980905
-917242
265083
244161
-29016
-933351
188525
859122
252113
140428
567248
956559
-51997
490611
884102
72613
418051
-428153
-717835
-936219
-58575
-934769
-149361
-250099
806047
-567679
143539
717130
-407435
-984676
-821922
229881
997396
-667475
-638748
181864
-855162
-529292
575154
-365856
151774
-232778
308216
469588
-957359
-335368
-523399
-16795
795575
-357080
301746
-605170
-824299
327361
771
378853
457475
216234
421513
962214
-260780
257111
-347233
-456251
-78194
-800643
-67495
204625
-958218
788635
-287190
32565
96166
242617
974981
103074
536751
813745
374175
533411
-486288
210936
-386447
-740318
742376
-333790
-877051
-233854
765592
-979978
-526021
656125
-43407
-125638
671873
-105926
994020
-945718
319387
-307781
-575996
298489
414915
9752
-802244
108082
977959
341684
230502
64461
-698497
-862781
-8790
-979311
34371
-342483
-48693
144726
993084
-157217
499479
-415164
-108988
-383255
-505071
398610
117730
652042
-444163
973383
721712
217390
377303
203881
-118013
-660783
-793787
-243229
578032
57283
576218
-216273
150385
-325869
916586
5965
696386
723029
-36652
473546
568864
-917352
72184
698554
-662112
378243
133330
643999
-551477
-968960
-304394
96432
761773
-208956
944635
142197
-913861
-649230
-787429
325258
-226026
-335229
-308560
-291507
142523
656506
714697
545975
-169447
-897349
-518990
834112
-324094
9005
470735
-69020
-100718
88467
926743
-339458
141839
804265
-361536
-221976
321355
697993
376748
82809
-351847
411625
-180691
-139189
191314
548209
937512
511509
649774
-901927
30259
-397158
895870
-180579
396695
10724
-823872
83980
-341052
-102052
665536
434702
162134
-864557
-160730
-918399
-847735
414866
-137066
-834408
-485026
206182
44054
759466
-315146
404334
264379
-766813
-784010
932814
622289
936061
-339967
281941
197685
-542875
928726
189876
544822
253406
419208
-269057
478104
954739
69292
365587
-370428
766887
983325
-119204
-551273
-741087
598383
-582134
-288236
-593068
-40134
-206552
-869690
468211
908389
627024
-710791
884328
-7257
-183430
-40925
589598
-481014
-170392
-134548
-565381
-288712
-949979
327055
194752
-39627
-924038
136933
-638728
-191267
525874
323875
799652
-808535
-50946
-558580
-808055
-172348
522649
938477
151331
865841
131503
387358
705300
68549
744307
-261954
73907
-806913
-143255
-399020
965088
-255579
-755132
788202
565557
464977
-374680
-361820
-530308
-876976
-671599
-324836
-543338
88269
545733
-181902
-282289
-399215
-154122
518868
-236431
-634933
704715
608513
-831508
432747
811108
994745
356513
579830
300489
-157420
-848641
-517885
-742108
435478
-233256
360223
-839146
-601463
786535
-595276
61558
336846
-941461
-535993
61057
-550646
-86619
-679223
679797
308876
132795
-114060
88437
-882631
-702823
-562407
-852289
-285656
261924
-833157
983294
-395621
-490735
642488
919305
-63595
-955176
-83077
504615
-902036
-202563
-940424
136738
198384
-669837
-831865
-983362
-548167
957011
308433
946046
-517191
-970284
-150099
-844390
-442740
735651
-842704
418112
76319
-210805
-655009
-652935
-564386
562407
-380937
-794842
-949080
-839460
-495618
499794
890667
778932
-308426
117637
-828492
-41039
224146
269085
952611
566912
736301
-629218
825576
-834243
275254
627543
-284366
-792604
369655
-66341
401080
53971
649571
-100847
-127743
541619
-123783
-509433
910792
161679
943988
-82992
-796787
836798
740501
-717689
-36639
-86022
683062
-411981
-892863
-43157
966083
654282
174951
-785346
664370
-285021
-548282
677574
-405538
-992727
-674285
-359563
689307
-627751
860975
23685
365273
-677637
-820397
-194842
-284221
-179580
706533
692197
38064
-292269
-269941
919226
962152
-771291
-841915
783491
-370524
160183
-59052
154211
-959
-927319
-486646
-682829
793504
-936618
-58695
-241049
-967870
828864
105184
953547
-14439
-79140
338570
327567
266671
-765220
-87574
-730116
-807105
3804
-741122
-784343
-469844
639483
-101154
230878
-904069
265682
-923502
980756
564950
858720
-325415
849920
-925983
670530
901421
718008
-781090
-996998
6414
-387001
-65448
169656
-182583
-235256
-637060
406307
-958996
-592043
-495584
-409500
172032
-618248
-406454
318776
424083
687771
914942
-501501
-841041
209394
700706
-228639
585090
929578
-676697
557256
-844076
-517938
536938
-548382
200693
-705241
-996110
642229
955254
-544024
479864
-970057
-446407
998280
943082
-703944
-218167
550881
989747
10403
665360
-98873
-132051
-599442
928131
-973708
577507
982913
833351
-650194
510088
944725
553745
682872
860334
658646
-760241
353745
472543
102415
-633534
-681633
-572660
845364
298161
-78635
764343
-530089
330909
-153896
986451
-249467
828877
-413301
-225190
-377293
-580877
-927664
-860822
-292240
-262867
841714
-526764
-610809
69789
940423
998854
765766
-744059
936184
-573623
-819003
-290972
-904697
-376159
956598
21160
299387
888328
519842
-360057
792893
528513
-592369
-405626
325769
100145
-731790
548833
-118701
-951725
220155
647584
472781
-401028
825563
677509
-196077
-54350
269825
390475
-277747
839164
444007
-47261
-418254
-538503
543556
-405628
316862
671223
311141
816547
-681309
-198682
-632557
229880
-23868
738223
-638625
-879457
-770092
332766
-374942
738956
416755
812829
-888153
-742343
-359873
-82024
255945
-719305
-978794
-771292
-137390
-814421
699171
-290035
-264038
757524
-542305
188606
-597899
332830
-882008
267561
936263
-439840
983828
-17998
-991429
-355497
-62187
-581326
526945
-236613
-898091
-27250
173298
-290476
-189378
-721225
-119273
442534
-774666
959698
161937
53436
-17852
171669
-115973
-412864
531751
821126
-264661
-399437
-410050
50520
519496
-441698
-888940
-717618
-21679
814870
48324
834499
323127
-718160
-143056
-263177
-140300
663700
-308944
805436
432338
967165
-501554
-655316
776208
23276
-866918
834076
973082
-963433
883652
-816922
-873084
-658098
-272160
997484
642667
569931
-199237
-74733
-887362
195708
295852
733268
376067
-156584
98532
763110
579478
722457
-296608
106811
-931507
-769037
-529562
-345360
-239548
-128551
-815854
448554
107814
282535
-84455
231410
-296961
2464
-287380
238423
974206
-982915
-510438
-361486
-289509
-533917
-893600
260142
366758
-321713
-250788
589585
-690042
765134
-552465
703536
-558850
-326372
-629281
740626
467805
-27636
-871162
-5397
-546333
761323
-69142
-694883
-292067
-369999
-953257
369757
-678593
496576
-428089
153822
905056
377964
-958160
-205293
912168
193690
52505
354459
72562
911329
-314214
973677
763389
888478
-596913
604888
-612171
-871842
-126278
164852
326889
735877
932725
-548719
-207424
-119625
434816
-672433
-959646
310102
707747
-713423
403310
-708498
-396262
142377
466808
897109
-226946
-618075
-447754
271207
851743
273535
-88143
-820664
263249
2161
-270476
300472
621109
756243
-731285
619302
-250626
-431397
735623
-307623
-716232
-518434
-614728
-194439
-845096
413723
388745
-593230
-182614
-103073
-28392
-571268
691116
647190
-108403
693876
241615
108537
-909877
681034
-927577
84072
-219626
353858
-245558
-276004
-444599
707377
499569
20257
956775
345408
-82478
925920
-945113
844739
-476592
-86738
858559
84863
7523
151213
-784436
-136840
-121018
-659377
-342804
-680502
39261
-254724
-543478
-276467
835837
129776
-338273
-510876
-325699
-897304
68823
461955
285672
-684004
6352
358069
-907093
407649
-617031
695127
533237
-66361
920183
-552805
712573
-3928
116393
477532
664355
-295595
836366
-132327
-546491
855321
-112297
872142
-788804
765824
871024
-970094
700754
840051
765600
417031
-217434
544506
399208
-74569
252309
71920
547724
328219
424564
-831119
-577130
-861809
-24664
-976248
335989
554424
850440
931119
-19194
-70382
-966161
651656
-357956
671657
128288
-324191
507561
-266671
-213184
-45476
711980
783430
-156957
675564
-94318
-737908
65819
700530
838745
283598
-755253
-419616
-110606
-547498
232086
6013
-768316
733164
548327
791166
453495
-267277
2088
46770
-739994
347393
715242
50647
745259
655710
-208965
110749
914772
-492050
928971
68473
-416812
-160401
-472750
-91890
-416824
80462
-190089
223352
-15775
150818
833894
-443472
207706
646493
-284418
733682
-779755
239601
-391697
902252
-431306
-263653
307179
947968
690710
-42763
-178331
140195
652660
-516081
553576
221548
-270760
675314
181292
-444113
-695591
-177699
-671305
-939451
397340
-34965
368867
-904642
968299
-468640
-612812
235189
836648
-372570
-688300
62217
-659942
467864
-84916
-963404
921353
518650
-116109
682155
-437994
724633
835479
331924
576429
360636
796880
-945055
538702
132832
-400261
-938452
-996922
805119
-791473
104456
-557612
631467
-583929
769331
-370318
-524569
569799
163052
202842
-824509
979315
455447
504544
788187
-498892
527273
449227
794318
425539
-36841
444605
-774657
-336578
533276
-894793
814884
156644
449103
67396
-986255
-560884
601625
-246116
-366379
-963111
-992061
-743032
-506120
-451923
82747
155274
-990371
627480
-699250
803158
22903
-926715
-510926
-765258
762488
59293
-282233
646848
-599373
98534
545103
730172
-801420
-715845
560255
88409
-3492
-56606
-765669
-411050
-625698
-885970
-18534
862909
-12465
-384116
-130895
-783285
799490
674949
-360928
764634
-68431
-611809
-348569
-924364
-479130
523283
-221363
-167295
389974
-770487
-338513
354258
481735
-618219
-455773
-754979
744584
-326386
-859429
-297583
670695
337538
-874925
180451
168225
-450232
-831738
246113
949663
945195
787287
267367
-185035
534016
355167
-182584
379775
-1076
682982
-429209
-953606
-997139
-178867
-759280
448853
76766
-130028
847017
752412
-739812
-682855
565383
88899
-742141
-430365
998113
-854125
545198
-244108
-762056
439483
795450
334161
-779410
558892
130621
333014
-499639
786378
255882
-703153
-973310
651520
184056
599608
-894640
-930329
-607540
887003
253783
-422643
256972
-834495
547719
322162
-296418
-301831
877846
561154
-839335
-438953
622214
564136
-521893
576181
866602
-16980
226517
498911
-624244
688549
-41624
213422
712544
-776408
-450025
-413587
-248625
388660
-365654
124015
267549
-305010
11447
-351670
701946
97834
-527353
-43681
-753087
-833408
195548
-935170
209299
-856185
-116330
701729
736459
-765780
717550
-80687
985398
-520723
596102
435778
172036
-543379
-292485
-319862
670262
-53242
131785
198690
-987516
661727
305028
466442
352875
-41529
-867639
-898964
-476404
219002
15526
313457
-277066
51900
427676
-874693
-374580
826836
-121997
-985947
232494
862472
520011
145211
-906847
-132182
-960705
23604
56602
450139
-926454
635768
89114
489689
-1341
-334485
131675
-676221
-19955
107205
-340694
-783769
148432
-570176
468687
-356240
325923
-933681
-880167
26476
-200256
-165272
422234
-729517
-488705
-52447
320711
424934
360638
-104053
497655
-330903
-989683
280516
-715763
-688059
-76501
285875
572104
232217
-704623
-335755
450242
135072
207841
478563
33657
-747107
391931
532979
-289600
-65193
-362346
-319463
-781457
336094
822571
-318850
-964834
810482
-473049
46541
-934529
-986141
233464
-629622
305960
605299
-425442
-978845
-357978
356
278232
-584495
217113
-122765
859157
425195
-208465
311642
-753512
-697948
253055
-384895
69520
746179
52610
-492689
351921
-996942
-2617
241738
-971766
877594
-66277
470048
-398663
134290
-191700
659981
-352783
630522
-836205
-663300
-771000
885541
702033
682864
-216348
563489
991285
-164888
-561076
-567168
283955
405312
570521
789867
-777584
-610191
826764
84977
-710174
493273
912870
-803445
-171477
-892880
788555
62762
862311
-196018
372550
-13816
271278
-377696
-506835
436951
-26105
151541
-928551
369519
-418382
533064
424925
772707
-845846
192740
837469
249099
-415503
-787214
-570139
-221824
362193
902505
591907
743754
685930
797708
-63853
-449274
851098
-250506
-410132
-481257
436086
112605
874928
-256875
421932
989177
-908335
653661
361683
-72112
-796777
-446046
928692
108295
-626998
212874
558524
-928008
-191069
-957132
-124780
315172
-630872
524278
-710378
55618
727923
-547898
715493
-674484
565665
442004
-357891
532901
-483298
-442478
210876
-792689
-56903
505403
-8662
-894399
599616
-761134
160901
-888666
187339
-62954
948403
248447
-648404
-464187
331620
-251698
-496455
-98280
-332548
-755024
-250285
-654117
886716
-713526
-477800
-981414
246336
-862689
-465375
627551
-186244
810974
-535138
-985156
805303
-19016
-440884
999200
-470844
500292
175854
-847083
895452
-315349
343441
863590
649806
-549809
592232
-490492
573621
-479090
649104
-376895
522789
-295128
545852
670533
6933
-395832
564197
-986587
535579
-362833
599280
388620
95800
524674
264268
-111972
996619
-890894
130942
-60943
-360870
921844
-336444
940175
27125
301005
-718391
52656
-181647
512055
-649585
-685598
981355
343393
769093
196584
604148
827618
124885
-404955
85405
723925
-891055
424474
281527
209711
346757
-148527
594317
683911
-3185
881260
-143622
316644
-970120
285463
-413422
-639487
-936607
-871324
206652
59947
-762026
204302
-504207
230987
555734
-163498
-743411
125814
442123
730115
320470
49625
407064
-985371
-376370
-532183
951791
609558
205251
37291
-272328
-103916
155476
-553941
286320
-516223
417022
-715631
-666950
91534
132745
129097
-821539
-672807
174192
-39941
-960672
-709918
203925
-18564
151092
-200862
-188611
29661
-205482
3336
-351070
-173434
680323
255353
753670
-207960
-992032
249558
644498
215690
484018
-834541
587622
42816
826453
-983210
-142049
-126226
-609802
-158036
-27262
-666976
-626453
-779298
-144897
887925
351207
50656
268984
636446
662398
-958651
172076
691629
957609
625258
187969
766875
396554
-934832
673419
-506367
276002
475520
-876948
460765
956255
867266
892307
361194
26377
-380167
380046
-480314
-546199
589228
937880
-644471
233454
786521
-931967
415234
-14289
-222590
-978686
765535
64714
575192
676128
-401943
108904
-538860
-754621
701660
-875654
418028
-967657
-578521
-36783
-736602
575636
360293
-625355
58790
-627406
-930235
-335998
-79862
726084
490402
-963791
-40525
233739
-131115
-511386
-305076
-832572
508087
-964404
-918763
-572057
303394
467261
797900
475249
551767
732954
-557604
43627
465185
-950582
-718772
562627
123405
-996504
-597438
-375786
-502035
525285
-808692
781394
-75329
927038
-138716
201523
61843
-470329
50133
57165
213314
-133549
-58494
806696
172637
497005
458297
-589294
477
282293
-377171
-503696
63844
-479747
300945
-923370
424751
-789537
-291344
510071
-878825
451464
362865
-355211
22580
-444532
371190
-208250
541086
843630
-441740
-167014
220846
562361
-319247
824370
-24278
667038
-310808
-61950
519315
965083
744090
-53595
839211
-956945
-4401
-453968
927864
-496147
-544405
-26486
500632
-685967
-732693
-975121
-847290
-972183
76602
90277
-895749
-150853
-622099
783286
-905551
869232
833681
41355
29992
-998809
-992283
208687
-311864
-211714
666143
-147226
-311849
-31162
97189
812668
-736037
62178
539946
579758
-28336
-384432
-119277
-307332
-163603
373289
495087
138509
189639
-701332
-95901
-54357
-356343
-713656
-589890
619600
-418022
688855
240992
794756
6555
634264
-395376
-497212
-75592
354662
634639
-646363
-750517
819947
-165778
380713
527693
457707
-169378
87778
846716
-132332
-359172
29592
499458
117280
-25335
-206325
860127
-125149
661323
366164
986113
-997974
-546047
-550858
-701628
-189493
357725
-382909
619520
817229
738204
-435183
179713
656346
-712338
-27292
333782
679936
490221
-591617
-626708
-725976
382552
-213148
230716
-30824
-671340
-358641
-734706
-947061
-667963
-976698
-432767
-785758
955406
-831087
816474
-815990
787813
302868
-841952
14681
464991
96125
-56096
-350925
-550491
138831
339508
-653309
331031
712706
-424497
-487986
-961311
261015
981370
566507
-177748
-622136
429711
289955
572595
-895424
383882
-313917
-584777
344146
-672953
-822213
740173
734915
-670022
-608881
925078
-903752
14928
-149669
85932
867228
80923
-153002
-248033
-16852
-649938
-120351
278790
525505
340043
-396994
-628426
-983129
665749
-830866
-144767
-418999
186021
52537
-411859
198399
-508309
793733
741248
-288339
235630
-974091
-346321
880777
-293988
799964
-428635
-527879
-340317
475033
-759348
260071
668718
891786
-45295
-924460
-472974
-953495
-344339
348370
-875689
778237
124206
70437
197673
-55338
231801
283943
-452543
-24696
-51024
915282
-425612
256285
-222339
-605426
795507
-135421
396944
-402529
-332814
264455
-298497
-837662
-658612
-505297
-110539
-573071
643219
-796750
-279614
461233
109208
-353923
-847373
556835
828367
-79355
-382048
-750942
338625
-649021
-412948
585322
-817031
-611472
-822764
93249
491696
337930
503058
-593114
230570
-744222
-325756
677671
-249120
-512126
-10605
628939
979314
-953897
598635
-290376
-481536
-692237
-447076
933613
656272
-198396
-700091
-349280
257205
390913
290508
884506
-143867
59906
-129492
-941981
-979069
155943
-396132
-978972
919118
-278508
-760091
491536
746716
485106
-778122
-27969
95956
-712004
381609
-852583
712574
-14736
-560122
-740342
-99857
994041
-354324
-912983
-416633
464218
384491
-674170
-4940
307326
721629
136608
73997
-121063
-759734
-977009
-286434
-79400
-564816
124874
518592
183446
-533443
861451
528014
-591410
127964
900253
-952440
526327
358612
893292
-134020
354787
590101
-369919
-340008
-804118
-242822
38498
-489630
776478
-156624
236198
944244
337105
113648
-778601
190898
498317
738340
-382112
-145155
-346751
7531
862121
-372550
581576
870919
467648
608021
861613
-359862
-813631
-388337
-982588
239516
23544
520049
129042
451125
172844
-156604
371680
-391834
-469324
-791984
913446
437728
430351
-782827
-923951
583257
-475265
917619
-715617
-983391
697520
-406877
-818476
-93242
958290
370225
584012
-848589
-69499
-366480
-36213
-122271
-883718
-361357
-549691
-468604
-144051
584444
-460919
282207
471469
313861
-760318
-101821
375739
-899742
239979
969547
-648916
646853
-564569
-296485
809276
914224
-758845
346015
-124383
808985
403249
-671623
-101654
-783848
-530349
282996
-749146
-779690
382145
20512
56691
430380
-359918
833926
-581852
434734
-891445
-878769
661544
-913148
-444740
-798207
101987
-134304
-956767
475127
177792
-885008
-322656
-180257
566182
-278772
-861004
-459606
697196
733804
131579
524190
739241
833945
-928205
-416858
-153452
-255218
183943
-580375
-321419
121276
436401
-805610
-257718
344368
-743032
304583
597031
-274156
-57610
-361134
346194
-106870
-900694
-741030
815005
-179887
82509
883719
29005
352346
-503354
270896
-607948
122285
213385
626309
920570
484978
482470
500997
-359367
247013
-277982
-986646
-849065
-768323
283303
485124
-222430
-415622
-58101
501976
-999068
622153
-532988
-900863
-489781
-623521
-710437
442362
-767054
-178317
512808
-575280
-802269
-269825
-236017
321416
-19244
-331050
-150050
-758598
838003
-196228
237259
-291720
611016
391628
452289
166593
-973729
-697279
-981832
944329
884739
889162
51177
-71468
231182
-900439
444280
749450
783512
-387850
423726
-470604
501407
922407
955260
899089
-770312
814810
-934979
-603189
-695549
-987914
168453
744801
-607918
-405522
898199
-982074
-375856
-559106
-934930
116139
589427
907148
859826
-325899
-713946
926792
671992
732856
505144
-62571
939580
160225
529376
-557323
794999
-260972
-628669
-229688
-856638
-819985
-902300
904390
887417
-67103
-631322
-697088
-552741
647219
928234
303091
675627
-290902
240411
-624540
347540
412067
233664
-445185
452941
508438
-572567
637254
965858
893139
299203
728998
-381563
-814828
485205
-956316
-27230
-98232
726467
-839189
-413158
761071
-741274
945231
719494
246216
450542
-416522
-691580
-760294
-805593
-507356
705592
-172184
9180
93560
-930298
-519117
-18412
-21362
-768722
386016
-95033
-795914
-630813
-926020
-434536
598678
609344
-933726
-24858
969116
209489
-348231
141498
-911857
-834447
-994116
744589
931320
530309
382196
70567
831261
181702
-857339
5915
283715
753504
548161
-896058
944321
-784754
784190
-677015
110520
925639
159717
-434300
-216392
280548
-67151
659282
-404214
435697
-884722
-926062
351337
532414
-362333
-511822
-487378
164419
-940911
837868
-8683
467414
656014
-779248
-900303
164876
-102844
-816250
-296772
423086
695664
-188517
-913710
-46640
-97238
-891402
525116
350753
348523
-553561
-492471
272041
93099
260353
381360
917928
-838013
-918474
-29438
568732
-44813
880464
792530
-254631
773240
172176
-993066
-915526
434457
716319
-950561
747912
37216
351585
-303029
425565
-746710
-482042
-505426
461135
-528405
533636
-379867
-243549
975266
387186
-114051
98425
-783553
121282
-668017
-226194
894715
966853
-641657
168421
-93185
888226
-59408
725643
-460975
-881259
956188
455695
-512800
-735857
97988
340844
-410845
313129
-18273
268656
-274714
864529
782862
-218160
734842
-385103
-2593
-225663
-970778
845599
134516
912003
632667
22110
762022
-437700
-920209
-467769
-608326
896127
-834501
-91936
654150
212703
47086
981149
920702
935103
775390
794276
-568607
485754
450931
-205707
-690636
-857539
-320735
-373758
541351
-352250
774047
887360
-111410
-257184
123177
-399300
419967
533544
439134
-620009
-395878
-820956
-855555
-745985
-593758
-762124
-778189
-805139
-279120
966941
419073
-403679
-840706
-850209
-12960
303480
-316506
-925752
-665689
-501798
23302
695520
-64474
-14328
366300
-351823
325950
-8290
-878909
-974389
164344
-314640
-130791
808420
-987569
-544176
-84877
-469496
242195
263359
749114
580742
-952063
-730063
718971
-95961
-690609
-969273
455975
572997
279090
-169072
-76882
976227
-317515
-492777
-19667
974331
572800
617818
-892417
85097
671297
232078
798491
-2638
504571
-449509
-88208
783782
-628450
-908738
722826
-564471
263214
737437
132229
76055
298559
-179077
316263
82622
-501733
-572157
902492
368522
-73729
146512
578121
103689
404723
-148158
476020
-240307
940933
-465839
-274925
-366682
-49964
-18668
919347
-537708
914356
-942015
734771
-899516
-890896
226426
-850673
-566944
375779
-470776
-524264
768714
-547495
719566
-531339
-864953
974291
-442427
640553
-406906
157466
847629
-45310
671415
-379661
-429018
612193
-995064
-235002
-64852
-891979
141846
449390
577380
822214
716021
699651
-426414
-768054
318644
-834845
-324341
-241170
-12358
850044
-620460
102027
-66256
-944042
934945
477936
-98610
231314
306005
-362616
-736992
-213395
-436875
-200188
-905049
834424
-150950
38267
-316081
179077
-580156
666062
532214
-703731
599818
285749
-875664
-297818
447556
871669
29725
214303
108419
991594
324670
688007
-27686
122123
-831242
166420
956202
466482
-98386
977496
950599
-682034
686802
556583
841767
-213895
-145132
-234148
817173
-381482
337919
-984499
-55630
-970978
-118339
461769
125310
-46536
-874064
-724539
-905852
733547
314675
-996881
-263742
289651
-898520
400246
933360
-832734
-207380
-337634
763157
571717
466800
652043
139843
486267
746868
276548
-108749
788875
211549
970747
-642147
72943
-892810
275232
259188
40357
920183
-3373
730790
-738163
625396
599957
800730
792983
39106
-477686
-186503
-21048
582623
792116
858192
-377742
48534
822714
-955015
719255
806794
270730
-66046
-25792
-249695
-788162
75461
-658292
764785
527695
580064
-377491
73368
-436137
-8824
975775
669825
777041
-482777
660148
353416
828183
-124863
-58057
715996
-890273
-560433
-293890
-563886
-426846
-686998
-282254
-429238
223278
566597
-769701
-126184
93983
914827
-452958
-551255
-646610
-271586
-328954
-410308
-511352
333079
-625623
592341
311419
-725925
514645
102948
943879
-12480
294408
944681
-727602
856294
639273
-671625
562939
-67216
-33451
-652365
-61891
733213
-876395
912785
-455306
560432
614461
381602
464270
-255664
432740
542073
-608252
961523
187022
332970
-30599
252671
-57456
-374737
-969650
-408505
-124173
156105
33278
170524
364750
-33583
94821
-596766
446240
877199
674128
-322949
-135393
325160
411878
-522189
136363
-83437
-89864
-518944
600424
-650127
593496
460973
890570
-266816
486397
680347
646548
919061
914533
846395
-852279
-727121
-373563
-486416
67336
995010
-904901
218975
-920057
466899
715454
-832467
474463
-939947
-462383
412402
170187
-201356
-727164
592733
-37813
-509866
-884634
460695
-475786
-865065
-61324
51092
978172
-721846
139375
650968
925425
-777833
508392
304691
-349935
628309
850070
9112
-410080
819041
-37324
756683
18129
127633
-167907
-967331
168330
-868780
-565427
-65122
-452803
-283603
-198793
-178450
123695
448666
625956
-21002
-740225
-407012
873117
978672
-141455
-490152
335571
788351
-316196
650368
-505459
511844
-153999
454196
548406
-905924
-318120
-125854
820082
940911
790130
161752
618792
158271
172796
340094
-1736
512041
341481
-478463
-73918
-183247
669538
-700790
-717258
559417
491614
199686
-807808
355386
885873
-816823
-831081
491718
315915
-929490
703852
-72818
-2291
602359
-644682
696917
-3979
-761589
482773
-112288
-786977
836558
-677609
-238334
-894462
156948
-483250
434312
474335
-827470
-623824
-185326
-346326
914265
629204
-300710
-904697
944098
-192062
-182323
-489139
-271452
119529
947654
-609630
-951549
618016
-651949
-912146
775676
426017
-966738
-189072
-615396
563178
272629
593159
-863342
-801058
82737
294528
-423122
913749
881576
407595
-820043
639554
-555267
668638
-309778
334146
574505
791235
605361
280437
159913
-729950
-505672
701206
878313
-643808
868085
-184420
301724
-993692
-91411
30249
-136627
388211
129290
-411865
-152097
-97469
-726840
-575038
-223654
-581329
158104
897554
-762287
-94263
-835542
-190613
525682
520559
736339
19445
-689064
987572
-308950
-144987
-376489
-169487
-775955
-330187
-289978
877213
82578
99567
-631853
-623468
771106
523525
-905636
748721
93476
-875375
157880
843767
920569
-679167
721614
-724157
419170
558911
-706297
138731
754506
481569
474542
362765
-397169
198001
321894
964164
-68341
780152
-272395
-176891
261527
113400
755409
747173
-352186
991096
608722
-917629
-448586
202844
879931
-527368
362233
-814853
-450760
-857014
-635746
-930924
506125
-666996
600709
91039
-327836
814754
-634381
-123399
604136
554081
-914057
-272620
580851
996764
300488
327235
-349573
429657
399541
-790933
-768337
5342
-965105
-757560
861220
981312
775823
309521
857475
976435
751587
872288
-554245
-51990
-845321
479201
-167858
-127244
-743955
-319129
-642453
-335309
-528284
-598436
358195
204431
484094
806337
-144977
413740
235984
62075
-403544
415040
723190
282387
457010
-864208
-626017
-957701
-600522
314127
-587997
133083
-556104
-586847
-208885
224011
-645784
-634942
-504122
-451396
212360
735833
-324361
-628888
95838
847785
910989
-56691
-480755
-265296
927839
-31078
-154752
734174
343656
-157679
292442
901503
818030
-731261
-864182
-214846
354938
278945
-171524
568954
-550904
571068
-107734
-450324
234906
723855
-725807
559618
256935
-187687
-781791
82814
-210603
-160602
-409223
299386
-399862
-733966
-750073
-511448
616035
-114773
375728
-239543
-383655
510699
-619160
12493
333915
893592
-8946
-756794
821244
658854
626831
681563
-400460
164902
119521
751165
245190
-649602
106684
374774
565356
589801
209290
678728
61882
-42640
381844
-95695
906842
-396230
-629065
786260
-539079
459556
104539
-749971
795190
224318
825651
707759
-596093
76394
-910207
385911
-833067
-588040
400845
558175
-384942
770186
-200649
100552
-915846
-908156
-675872
674245
663505
-569335
-588373
-417021
576815
-161113
286272
601906
-45708
548224
-288684
-686532
612244
768552
397704
330951
-795896
-830808
-457342
573095
-226987
209992
-619999
435795
-856180
677585
-619672
-473513
246497
685390
914886
691654
-911395
-340247
290370
-834281
-378169
726839
306245
-279764
-64804
352784
772168
192340
434378
-718557
914786
637804
-425758
-24887
826107
-720503
-776368
-138320
986197
-299175
768187
-7462
-613400
633471
880195
-963609
606408
-377864
186751
923140
798879
-425546
-343460
-962850
-161941
373536
75004
-459378
-881167
570340
-807273
-774898
-698420
4972
465146
-267287
232795
-364558
374600
-658244
509074
324239
-987509
370462
939659
857812
344498
-883771
152790
207556
647374
651886
-561137
-375739
313147
641304
-884569
764420
-592745
958353
-160439
347504
49710
-491699
-487757
-565295
-407636
905339
-161741
109960
54337
-275787
-662776
-293764
579241
683906
614967
806723
-21633
-852696
-580775
-41756
-355062
239280
-945807
-303903
995489
511898
898079
693903
-804177
-382323
212803
894224
694096
-151156
-885881
859624
976865
146095
-422467
-18030
-455994
208228
-253446
-823104
36997
-336144
951351
-374405
685409
-396267
312541
-835811
937250
370217
-493395
-617116
150910
-955039
-237758
-100353
-886989
-294375
-341220
817192
-365141
986923
746059
-926286
174155
-29975
-285268
-488295
-765016
705762
962476
-465512
260384
860427
849011
-68774
-758367
-457416
-552673
143190
914548
777702
-102541
-385308
-923291
920660
343697
-524761
-509904
326508
-184811
480024
703322
-673502
-986778
-157772
-939545
78612
-357045
-838481
637388
314123
-84334
600180
312227
463380
148154
692313
-75508
495917
682308
-166734
496715
978779
680742
-80253
-128629
-368716
42248
545058
132192
-10963
468504
835515
-35054
-818659
-597286
-309444
109825
870261
205557
-857876
947529
-928990
573474
119383
374964
136859
788333
879960
235655
-835173
503874
106451
112437
692573
14859
551076
-488723
677498
924496
853290
-728795
-260332
389170
192854
-679524
-210984
-526112
-67238
947541
-693695
933911
951631
525158
808820
28209
-497430
596595
-163210
470844
755037
753160
184560
211720
-534669
43079
971641
147100
-811273
-154139
258970
-859717
499422
486359
-302695
749002
-164055
-84532
881298
-191584
-816931
228529
-307766
285643
-219287
-727220
-446887
-108
-862146
-577717
95626
-387033
966308
-615871
-7175
725926
345940
166902
-273734
-310425
-197468
893796
842496
385333
38861
659928
642330
262495
808930
-964856
-839042
-344705
-845661
456736
639369
-661099
709435
920648
125298
42597
337124
-28729
-797877
845266
-148917
-493802
198879
416429
438517
25627
908012
-695457
918351
-857667
99342
786154
-885694
-143011
977494
-421191
-712016
778243
-786154
379853
393846
138532
857105
-673086
-30193
646673
-704213
806233
427511
714832
55359
-54576
-438032
-853286
120448
378836
522364
414716
-364073
-139461
-385054
-77612
955518
208634
730729
-745407
-904484
-705372
-889089
121235
765369
-809639
47718
-468847
-890282
730025
314239
681153
-593337
883868
-741539
-606871
264783
-112934
760872
-419216
122780
844393
301464
-924932
-483412
-128238
-118943
-631817
-544067
104736
-914354
-756397
542611
91833
-369288
350947
388205
-902772
-162277
-501214
-720271
-138468
-645335
769051
-627371
-416459
-43820
980526
-671361
-14976
-927150
587473
-181556
442002
738796
-104146
-484281
-598913
45168
912876
895220
-103201
-18453
278964
-564521
-435372
-421614
-478702
62605
904542
-993483
481186
606112
-777370
85991
-126099
958851
985258
666567
307841
204908
-545308
-769480
775891
-793511
-878365
715026
-518213
694722
619444
562161
11246
285161
-644963
-249767
-860099
432306
655225
880909
-209534
-47405
-803591
923619
698632
734395
869038
526212
-791074
890170
438624
-505831
-138539
-667837
838977
431453
-885946
386005
316335
-865876
-652224
135028
-217065
1503
602677
825346
31362
139844
-104207
448089
255109
214134
-218197
675506
-384509
-917902
-15606
-951535
152529
-977676
-909288
649065
-462030
58604
161887
550161
-303616
740768
740510
263276
-620777
-239297
898386
-150891
695981
-613263
283889
616462
735298
658892
-490765
-440529
-28171
-310161
-17401
-263207
-370784
410871
-974664
528995
311090
-921338
-355037
-764486
-78445
1583
716470
-843931
-530823
-304053
-41111
37529
-364925
271488
311444
-439195
114801
-337533
757808
-346871
52752
94377
-38487
958182
-846870
-937378
471918
-729066
-886843
500170
625557
-138144
589551
-52832
624869
740071
-322917
7146
-528087
-174790
-920895
-804787
-522495
-675841
297027
591218
-373765
-917814
194631
-774786
90198
603330
281132
-600764
562584
-29832
-52479
657182
715209
-702772
597533
304032
-650530
570450
-771928
-601084
248017
-707215
-347922
576301
-823729
682692
291228
954644
212481
193990
-147915
83614
-174251
-157287
-524413
191981
209087
436481
889956
-622604
287442
778899
-474061
650343
-614560
972197
283456
-322813
672283
789663
44281
-637780
555179
-281342
-65428
547595
119943
906436
741107
-580161
217003
416427
-484293
145230
-672385
106060
-653600
571693
574727
-736076
604156
582867
-94555
251096
491899
161474
892939
613080
-691431
601306
-52219
-266671
935390
-484633
191976
-491127
-449749
-55714
-974755
-484679
573492
-778348
-216143
681191
26260
79729
585871
651771
962436
-995382
345282
706385
-19157
573452
586166
-652694
326410
979729
249849
996566
-886096
-310346
-284851
-363668
-904547
-213355
-572844
175961
-245168
-957447
710155
-976938
-530267
343956
128352
-948204
695707
306763
259325
168148
784146
-726675
939946
-300917
812277
-601043
965558
227614
-887889
-546177
107040
581882
616646
-924708
849384
240998
538256
271135
112110
-559491
137856
264997
977276
78818
565261
64108
-513552
-167857
892835
490316
644026
413779
-664053
-289223
-883207
-978962
-35588
53881
515125
-480463
509489
-96887
365925
535991
831395
-661433
-861018
-861127
864729
-138516
-727968
-757476
-765070
-920468
-837057
-769887
920516
419307
759776
-381491
419321
739178
-683816
-846177
-448135
775127
-943387
-200513
-443708
927278
928414
763420
-83640
93012
-999965
5746
529440
884512
-302400
-784205
623769
905243
432039
472389
585161
-14181
57624
-806732
-34698
702880
-331866
193347
-417773
482169
655020
-694743
-491848
363952
677754
-618955
-53090
-492174
-690100
859251
420875
222060
-131118
-774226
832333
-172284
-752833
-478180
733769
-914581
187154
404428
-985107
846298
794353
397739
74436
556487
-112342
-74344
-99617
891946
-885126
-482663
-398605
-199428
299514
580626
362244
-223081
516186
-165136
-678086
-771589
785074
-629941
669019
-591807
-689634
517275
-449246
749671
-496025
-577124
-257036
493906
842811
603411
-607419
362035
-531898
-132384
-614115
606690
394110
-729121
-183702
-473495
168766
865529
249493
-193626
369728
-550779
71001
220005
660499
319378
-326922
334191
132442
-807166
803553
-592383
536515
-145906
334187
-41185
106112
221184
952118
-825116
-146632
-532450
-12867
-859398
734934
63713
-392900
487338
-281415
950396
893699
976769
-186521
-894513
-171198
26533
985916
-744897
-470192
316236
-583227
815016
-290425
-594558
-523750
887387
706913
-45263
-966404
-161633
-976218
-299489
-964403
708452
-897155
829380
397658
420152
148287
130365
600326
58131
-928640
-34074
-583050
-654881
-185560
-303344
302335
-807672
-849715
-922470
-521198
-520157
-111937
-75688
6582
-178268
800897
-337823
454604
-189387
-821825
559611
-731353
-467238
-507534
72945
-314999
-891205
-34306
-95239
-768616
-907983
-163542
531975
-154916
-239282
765041
145471
147219
-279125
317687
-129296
672192
-886832
32073
919349
-366890
-276561
797956
-197861
511406
-504082
-573099
147863
56073
-248039
414642
373307
540682
-766108
-12727
864464
274628
977933
-813096
817996
987728
-233535
-835933
-566042
-773704
147194
376634
924752
-599190
699164
-226120
-26444
-849190
905684
-137087
546610
-206698
677065
386009
-75583
463472
-540301
-645198
-550409
362914
7681
-992674
-387562
663597
-104654
-92213
194868
310909
860403
344893
-9295
857279
104542
437638
-82251
-68625
-734113
773935
962010
645420
764610
392153
891356
560847
-125933
461667
565186
887655
496960
-486011
-8863
500339
-891989
-625044
746054
357232
787370
641838
-287952
660301
-176127
-801260
16405
438391
977486
-436211
-337652
834530
89992
48143
-529156
-544844
-165376
-360853
478322
951091
520302
-72012
-552440
992630
429653
575647
743249
-332282
-266529
-180247
-749972
246874
67306
-818277
474725
711618
-814314
371493
-586003
-97705
355788
-843471
-821527
311262
986841
-489063
874054
-832561
193394
838691
14246
-758177
-709336
-647843
168691
467840
199886
-627033
-19357
680621
-819777
460731
-30898
565965
-783273
146270
-762315
-990934
-566035
366251
-158356
-46542
493112
-292833
886028
695066
-62324
603429
265569
-855584
-553294
466329
663045
240428
-534964
166476
-665994
800564
660813
90315
-717066
937036
614974
117961
25891
-446869
-866991
-472089
-569978
-899
-127724
-40083
-168621
445114
-661258
-493014
216617
-678352
832111
-26325
135033
102078
-189292
682077
-507454
-279045
833905
651147
420045
-585352
407627
-382110
-532846
695450
402485
-265864
-425864
-502148
103419
-263490
49090
512385
-633925
-380729
-578077
604542
-907046
912853
-647440
-413475
227745
-161054
811861
620895
-27240
-695680
13895
-566313
68743
142602
-62495
519766
-204114
-687511
651824
-165654
941688
698422
-246518
-748016
-850357
565551
-733511
-244241
-376431
-729618
885902
-727192
-703756
-143260
66185
-681437
451130
892424
-307619
813137
-781129
-644382
115513
-269637
-981423
107444
171527
623439
442412
-855760
-35453
58005
-811614
829820
264459
-411128
74259
716881
139693
-991418
-978615
-365689
809727
54451
917965
766006
-607225
-795973
599123
-926023
510170
-127221
-127491
-963238
-173586
196887
-105865
37028
-429973
256116
860830
-431645
145433
136753
872481
873823
952178
-413518
282406
-300764
476300
116344
452437
-723446
-788944
319443
-745181
916443
-706422
-424125
598969
796647
460764
616726
782420
-456198
-181263
-564531
-995325
172953
135575
908205
944284
921709
-955715
-555210
-40637
535801
-404721
585663
-383858
230224
-302152
43785
-176210
-857303
-613678
201587
-19560
214090
420097
-464516
847288
650328
720531
-638449
575799
589557
574179
-606149
-309520
613051
816002
482773
468171
500550
381401
-632384
188853
-929669
712082
-427311
982870
-852085
873367
-166479
618336
850179
137904
-834596
466691
-975062
-728866
-225015
864231
882442
356574
-422343
765026
-681806
152709
-978133
-628500
-127428
98222
867459
-243751
-829070
-187264
285732
-904801
773430
-887040
-938478
107972
537206
949474
-732620
-4385
773012
137554
988386
-648576
-617060
-297506
473086
-36963
-861096
-558296
261733
-913583
-369065
940455
-343297
-267811
227141
-5910
-791270
783117
-750060
-619073
594589
105070
940494
-649358
897103
203687
-448543
719830
717126
964128
17201
408730
-562791
-877999
-117836
875034
63726
300141
-376335
-889046
671692
962076
-631740
-786367
375480
433884
-559076
-209463
874812
-62329
-274944
935320
-451499
723776
-351540
-796234
186953
-497429
-127846
-470871
988381
191328
-739044
-801444
-802833
406426
193658
104694
-359680
499208
-932115
-286673
762520
76005
-40319
-387800
978251
-663431
766494
-366503
-929273
674964
174435
877652
-171149
420176
-668273
-921249
-248671
625030
-140062
942967
-984087
-543019
672957
308419
56446
691374
554679
847363
-935691
-823921
12182
835117
177524
-267934
-31006
-906843
-89399
-203523
410282
-144702
572900
543879
275891
-590650
-373408
262868
752159
-254478
132513
506892
468981
346166
820549
-751654
-538812
-359359
313959
505726
292404
893032
788425
-112202
562894
372311
997408
670545
-131125
-493250
710223
741288
17790
-290963
-823613
-618959
41203
-473967
722195
788832
3409
513298
-176656
-131828
921536
-165030
-743815
-719960
-935230
371022
-48967
-210396
243572
-821433
686305
123100
18214
938877
-881367
-370360
791889
-529199
-621474
-434838
-101294
-45835
-374690
-965460
954703
188254
842620
-871016
343780
969204
934544
345100
-790388
-367838
-829179
993065
670948
-347789
-164416
321892
203005
-355819
630677
283863
312203
531237
-650641
46709
-193639
-838021
488175
651978
526734
-766637
-113351
553945
262558
-980170
610622
-387977
-356150
-720261
-201434
133891
643203
8046
-591417
812348
-261878
762833
91490
622304
288537
-552838
-220853
-212617
-676057
-578595
-236360
-956048
-561691
333761
-32719
-65300
-620721
-758811
642297
-983238
255949
639207
372951
-82353
-519205
907094
-925106
973622
636171
-461334
-195401
-591432
702156
404738
24355
590750
234388
929967
-699542
-836295
376194
509892
827673
617216
-136231
242099
-647482
-147554
-33320
732658
-175409
-901700
-551403
-813538
282248
73422
-943555
-195177
805650
-140920
164856
280260
337463
987657
-347632
-373879
712004
-861438
-958585
679673
349952
277444
798022
-171535
300888
199229
-55885
118264
353928
-426867
741546
-560363
350091
-965155
-953936
582300
-171308
-81467
442033
-673636
-251160
801387
-923541
-832671
-284291
600914
-332576
-563569
-691209
838659
752039
538714
745726
-264920
-69669
-491426
-583121
-743780
-265220
980444
-918580
24854
-452299
499787
-85330
406955
457834
623314
-466999
88665
-53446
602589
401128
709374
889727
808810
115329
444085
-426528
-401327
11337
-221490
589799
907905
115996
982976
-383399
928156
-469417
754181
-965101
-314978
210273
-204764
-734577
437310
830580
235058
-502573
474854
612448
-421824
-474609
471094
-513102
-9417
-197938
357829
-792969
-976856
-536537
487936
625970
-881360
439052
-773003
-121104
-410560
651092
847687
922657
595148
897440
833808
429259
-50142
-608518
64484
-976300
732597
-138175
-969724
-947532
-129076
-739383
-105420
113326
-398661
-289964
721030
21396
429598
-436069
711061
615753
-272621
539483
-428230
-320739
-835307
656814
106709
72069
-504734
-767789
-433439
-861248
708715
-791848
-259307
-89003
-915987
792057
341849
462590
-848227
-857635
175836
984122
231145
466361
996073
-665433
438260
198796
-168380
21787
855896
704482
-656337
465433
-320879
-900518
467989
870167
-742732
582158
429953
-619191
-328791
971077
404797
-619185
-767848
-148658
-619133
250730
-891571
141968
195539
853763
-431061
802923
-133138
-352181
246944
-379781
800224
-750907
-270646
-663904
831247
-758250
797695
-984364
-651063
961318
533236
-455371
-347791
428146
387406
-129310
-196805
905182
415731
-195763
296604
-873583
-60090
640808
-255956
-363285
571216
-261183
-14194
116821
-126547
-79013
-668523
311506
-424311
551801
-872290
349960
292429
-700145
-830824
954227
-946179
-853135
-889675
319802
112979
445353
846075
941397
355134
-403248
-261570
178662
34596
533461
-413565
-918044
-352735
-129613
87054
-529667
180169
-315459
512351
285871
-671591
137174
-950231
-205629
830636
645628
638235
-352689
673268
-323449
-290880
397703
711063
879978
-429675
879702
475885
3159
-365107
-425334
857051
828131
139079
-672361
-444835
-931890
-77998
-914752
520834
-425325
31000
308749
872973
818907
-29130
848422
-863062
-331336
-57664
-34014
472394
170410
929900
-624628
220520
651455
35601
-178362
820820
989793
604698
975803
190687
-366896
831494
121844
-809282
-863578
74350
-932318
869289
-553113
25049
265347
-712120
715990
-996851
186491
67482
-163735
942568
302908
-628229
331908
247238
594015
489461
642062
408093
-349097
809448
992896
17207
523461
-476286
123151
731435
737607
-443007
98106
-880802
684217
-415256
505326
-347562
109661
243367
-235874
-649379
29533
143047
832629
-570015
601326
-908954
411684
-919143
19449
394660
-698249
71776
-729225
-111060
-804334
-841588
-169162
-164981
-58896
663439
422162
-293531
635982
319177
-536104
-89988
-958914
-30330
-984189
-837896
-812416
472672
686286
-397184
-463990
907044
-256427
90547
-464686
-464287
223834
-558824
-947847
812640
-343023
88729
-12322
-149938
122924
29776
753541
-110790
248781
-159659
771996
237841
563223
-867293
-489576
18155
-160618
737703
208400
-36318
556362
552285
-7131
679723
451574
327104
-290950
-707187
-486853
43728
474914
-850205
-912752
-586890
396309
-329407
493198
92035
220222
-516471
676610
-702669
468843
106486
-320478
-732006
-464087
-587676
-222065
473370
-909567
176454
-243412
-556321
177894
-352643
-152452
820201
463514
34119
-218176
46588
871152
720809
425600
-241148
-117734
-326984
-60056
-422885
149806
629153
370377
-436349
488634
941643
-936413
-758845
-223868
309397
632693
714403
111380
-924833
-535931
-673921
-51769
-112062
-146306
-171241
322562
-111320
355791
754226
895515
837715
912665
933889
-40533
698122
-27876
-2109
-819989
881140
-660923
197799
-710682
330559
891224
496586
688254
527
-264981
306927
992849
23828
791618
717464
74544
654531
-530232
-370312
-248063
-198594
769897
581830
-520348
862833
-413017
-546400
-183569
484776
-514842
-854844
812683
-626993
438717
942974
-408862
-603064
45099
-154663
-506225
-35628
442912
-119022
30854
954637
577074
474573
-121726
-96252
-343843
544384
-390291
254820
-972992
-282578
-804009
673103
-232071
291092
926403
-217520
-210160
-442530
-625964
243365
782643
566420
315293
-375613
-298579
-356657
521171
-77082
-776178
267679
-791777
-644446
239372
-303674
771470
-945625
876771
-562317
199713
-808171
246936
51859
482706
719435
913697
648550
713386
-181363
787246
-140706
-637101
-508800
222181
-102949
635992
1715
-851600
-512859
-687960
-39310
-325489
849345
-785096
816970
289323
434965
-429902
-545701
-891894
264021
905126
479559
-696614
401477
815502
548748
136021
-451463
916552
222582
412125
32884
21572
580924
-980483
-614929
572858
-937745
729264
-311708
-152417
-982285
-154336
830455
-496997
-980016
-833972
-498034
662356
-788924
-362391
490491
-929467
-586282
-438264
930690
-403218
-869028
460813
-877508
-833492
665811
729521
-955218
-531938
-718921
-369461
-776400
-378997
213535
822426
985447
-187351
-425192
78004
-3410
366273
-537585
-894865
116539
25412
295182
785762
-6067
488954
891206
242967
-464738
490276
810092
573539
-214074
560326
-80229
507663
274514
-399845
394219
591817
72532
972579
-123897
-316373
695491
480012
608094
-826776
-482560
748988
-908991
-340002
-941938
996045
776945
-998337
-230970
655639
-812264
841600
-984002
86750
407632
476227
-953856
-353988
83274
960608
-364473
-48726
419754
896703
-129430
-465391
-303516
964604
-87099
169509
813762
266675
317867
-208430
542736
974926
-782752
619782
-554701
291885
916294
-682850
29220
639470
14816
526880
-829329
697484
-171244
-494256
766883
-814535
75097
874921
110484
796427
-765532
48063
751887
204847
25544
983109
-895257
-748552
489294
-143233
-971564
-408980
658134
-122052
-958955
213040
-14444
-212335
792488
904294
-605032
-413052
973341
983518
869250
-614599
-692907
-137880
-812193
153026
-339523
-35704
214933
728034
877809
-875053
713488
-268530
685495
921489
858706
-480218
-192461
379105
-794201
591654
359065
706845
161048
-971029
-788166
672294
539871
377143
-845328
670934
7143
-162279
431689
570549
-216713
-656379
-524993
463063
-521444
-801428
441036
683565
389489
-562828
895104
295780
-978278
-940102
-758490
-596267
313055
-523192
552865
682386
682344
471276
200940
360373
892262
894164
658944
-719645
-83932
692887
610315
660479
175708
-497599
459556
719156
-939803
-287894
-688618
-520807
961168
639236
-917646
233580
-41862
-9536
134738
-745628
-65058
293230
477814
-673409
935266
579242
557494
-621664
622185
340837
-447994
-618139
-906207
469030
-970907
-439813
43954
305840
851399
716590
283011
-236612
455383
-851058
-238412
544432
-366092
-327400
-639856
957618
-205481
603367
-699765
977141
472660
-829949
512992
-433106
-731874
-351701
486108
157054
49504
-668663
-527678
-129194
680003
-682657
813450
398212
-416498
709748
-76284
-781532
940173
-581595
-19612
-45094
316379
-954223
-277862
-822305
202148
788075
-923741
-733402
-399183
-144204
-879058
-462922
-425827
483247
-706754
641498
-986907
-134358
-823763
-257617
699379
-238928
-862773
455355
-80196
260657
-436056
-497979
28238
-669419
-207492
-805343
-244341
248202
-286884
-260191
-944931
-445554
-561917
-32698
-179170
-199617
564236
-222490
664398
-515778
99310
476283
-866409
-42537
29184
781458
859311
-580428
384625
475178
-538993
-918268
84967
667711
601854
-345632
-447068
389572
-502874
-354804
-119635
-313183
-80423
174308
208948
272777
-957039
-853771
-905171
114352
-124847
707063
-311096
-31036
135633
234308
208763
292540
626841
-963997
541965
-406080
954596
40344
133622
-867248
362887
710636
-359519
727501
-725954
977208
834350
379329
-979770
-971116
-13627
-111889
754277
-176365
170463
-572809
-272061
550114
-240345
-606136
-640431
-692325
-449013
471017
759465
-524569
958662
543705
-322928
-526046
470879
842475
377044
-430206
-574328
-497467
-53585
-121104
-433199
-94865
-979071
55152
-445075
-406516
-301732
-669516
123435
333274
-913567
286903
85463
-674348
-394415
-598323
-192466
-413690
394823
-643987
-5243
-439542
-373294
855487
-780393
789248
434203
-846093
-617143
265864
-155600
-388396
905959
-707881
-796897
128785
-363757
350816
-843780
-283305
153840
434528
-195116
-930263
344524
-442060
-144416
844245
-718768
504524
-929882
-351650
732960
-188796
-565919
952693
187093
-337565
807887
952888
-345450
-679848
484681
48317
309183
86002
16174
242217
-547747
-960790
-77133
166379
606632
260925
-703508
-259883
212130
-199413
570447
790321
-443572
391016
934723
63420
282666
-892049
660663
403975
-76710
663033
-670677
-359671
-87008
350337
336547
-539689
-501328
-763724
-869740
463918
-56089
-614994
-921425
174118
-539178
-648976
-154302
-804852
-399934
-239331
802889
189984
47318
843441
220007
-303278
-474508
628282
522488
484030
-636413
-586165
-615536
-119251
482618
-762824
-938420
544423
867374
-206784
-517396
-602162
220189
-948652
-677965
-526496
749950
222690
34315
485255
-562967
308192
-897220
503397
-770777
385213
-344167
-255885
511805
-492826
7078
-352295
918617
-288516
326934
-666968
-116836
276953
553308
-30653
262042
-945775
118161
35163
707834
-187427
-802649
633844
906144
115007
632453
243059
1619
265135
363351
-567492
436627
648145
158716
475742
835464
-474069
269666
185568
-74073
-567768
-960253
262690
416304
-78815
-836037
-490731
833022
-711249
489725
-127521
-910632
754773
708863
702048
490790
823241
799025
735633
541625
-963459
-977377
-823347
-673650
39784
946205
-933806
606159
320975
696357
-656483
477710
635332
-563203
584619
-98647
61268
-738958
510207
-771002
458223
293342
-849351
-509577
924474
-460699
149554
247369
903497
839389
129303
109746
-781895
-152837
-409993
242008
-981324
-786286
-651663
-942191
279575
254756
609297
-729684
925867
-323182
-332690
632092
634556
-953886
273314
726734
-168813
-101225
-668182
-942585
623631
277756
79502
350111
-525300
-405462
-192276
-279666
965102
202281
308988
-263537
-947181
107519
175940
544085
-706130
-974852
-502125
147603
504603
-470518
325483
-143660
-220476
-788375
531416
-333090
-317819
-278134
636347
447925
-453317
-338994
-813612
-272300
110426
-748190
-512377
-500670
462148
715413
-890465
-613131
386563
-804466
603914
165966
-892002
44707
58549
-898655
226248
-810606
-518597
944656
33677
398658
614430
-149981
-513681
-321538
583962
302888
41415
-366343
13515
784889
618598
-37214
998701
-446914
-275524
-303675
145258
-282236
790326
788977
777293
-555283
455265
549674
-466981
475314
-564329
925654
357229
764037
-761301
-450586
-689960
-335668
-749436
-474708
8248
153362
778357
-847370
-948858
864566
939648
780519
-693397
-344103
-549503
-562284
90854
389893
-846350
-659625
-74600
-632941
-606370
-653368
-302805
123245
-598234
330125
41336
977311
-633640
-57001
12999
-668688
275679
388048
35240
-563190
-72721
777776
868387
629495
89364
678393
-473590
-81358
-15473
428165
241079
-369094
906464
303225
-821464
-756028
818765
365516
-825041
773750
555716
628449
57060
-102957
873151
406341
-109876
264231
-191315
-813821
744013
235796
957321
995588
-654813
376280
799479
30735
-781847
522390
-77177
192987
-325764
-546685
-246538
-658784
-134133
974120
-920804
619250
-378957
-233730
980686
437515
702653
90478
-351724
-484992
-973631
810410
-415875
231638
-714147
-715004
218328
-798071
507354
-828892
-168858
-904832
-581491
-611771
-249698
-775331
650309
110548
114199
748586
-296372
-415015
272696
938734
-823557
-713015
983516
563282
510902
-874241
-813465
217308
173184
258190
792033
633038
-373517
159507
-740039
-917752
353564
358304
88769
790867
992450
-654406
987422
-710805
519305
-956548
48886
-484307
604768
566919
-396330
175944
787852
55179
-670837
233457
244021
-928976
736795
-814782
-590633
456358
-3438
441215
-338885
-476008
-720803
-259864
409342
-939932
-302876
-92234
599799
-792084
721033
798960
946867
167104
285936
-437741
-604443
-232471
755718
-637338
678183
263899
-840980
931652
962344
-790002
256990
-813781
736594
-109180
-246434
-832084
647074
478494
-340409
256489
-948966
-957473
-591035
-247946
-584064
-245010
-351585
34056
-414159
271
-23499
-579506
899746
-210694
-635137
806566
-543336
-4778
328923
15116
412484
-302183
-428231
-989688
545325
-532364
184345
-188531
-140052
-209152
-157317
952655
-485869
658858
206263
572873
146199
649543
-340054
172180
-620613
817946
186535
-460773
700028
-125592
389872
946740
262051
-776157
-949464
213754
515318
-755924
-929801
-690537
-278108
665446
-271396
820493
-969132
-835386
414956
162636
-521035
429763
-694855
-511143
424903
-878014
-393229
175221
-891680
941869
-171032
183417
-267426
-347880
755173
-721053
-418662
780576
-238478
-985958
268492
-186924
636674
955815
-521667
-165219
26752
682245
-949165
-383458
-154650
341146
-20628
311755
-664806
-831139
-69197
-250219
730428
-459514
-240668
662360
294174
676432
-517378
808654
-624652
-944557
-902014
-717054
-268548
560591
-199414
355678
-838122
27535
841119
129677
-746109
-24973
-507702
97343
-21711
-592529
-142179
-260506
-817673
-766802
717264
880054
-274621
206149
-676027
265610
411702
151258
252671
342474
-18259
95859
306966
476710
-912996
874611
-712098
-894985
-71114
-489660
-809017
173443
-117268
402464
920495
862525
297445
538568
-783707
-71535
-774078
29259
-915963
544439
-59098
-769020
139867
907220
336768
-539587
-437991
-177512
124001
453190
-172755
-348549
993131
531972
785797
-83333
-576377
170025
291784
494403
344050
-745110
581520
788225
648256
787469
777031
-638536
476041
612358
169509
-539521
-54668
-305941
-631700
877203
938047
-275802
980305
-773806
346478
82462
195786
-634956
302784
648471
-149261
-795188
628161
-799673
-880663
-818897
419102
-387113
-996619
852758
314003
-642690
252065
23845
792625
-386050
479608
-889343
-744263
6189
101563
-115726
216908
-390680
359076
807702
927666
-114052
-697281
170581
-113375
472833
756948
820001
523380
71227
-404264
-315103
80579
-386517
193334
-892105
819692
370900
56624
820202
-877886
443049
-708267
730590
660150
-760922
-838854
536476
789417
24458
675250
499503
977709
92358
824637
-147054
812322
589587
24358
-414267
-810013
-598967
-290763
-852519
363191
629421
249040
875908
485820
-177434
-884939
192720
50657
413239
512841
894532
-524888
-366150
-782176
-464846
-405829
-235707
939833
560808
-357500
-169022
-573556
-12781
-206651
-12542
388683
319846
680984
-20166
-854440
-617093
-566863
522982
-748003
566412
-503140
189119
-16125
-345421
-513804
30391
944993
-630875
165353
919677
-449085
-930911
684669
-232834
44270
-794531
-896309
342544
-480328
36986
-992319
-256969
321807
-786232
314705
-932224
-662961
79214
616889
351768
-359221
-914569
628614
-491955
-801171
410787
-281577
700024
274186
-715313
837474
104146
-514035
-503228
350617
-892347
993512
-601942
120236
732267
229364
-391083
-840913
808747
-874927
377477
485524
-384973
679599
549893
-224076
-288062
-595553
-120076
273889
92246
-88153
499482
630449
-698659
-524743
-747977
-247826
-995578
256918
-703287
-725916
220733
-492640
-159533
59480
-174150
-737537
-32822
87384
102080
-615296
814622
6296
-637978
-355233
383893
-262212
999322
148701
495808
-906344
-308600
328430
-383928
514905
879701
-294825
330001
-112468
-180191
2730
-638625
-680696
-92506
-19421
-618805
-761694
-628780
273529
-645198
-455672
768487
-289224
521372
145904
-209825
22448
284179
518386
-878407
190138
-48683
-189048
-891665
85876
803435
301296
742576
521974
-147165
-953788
-598932
427834
-122893
291377
806374
-962340
984593
-406672
-322796
176540
7079
792095
464370
-188522
-175265
-39612
-82053
-791377
559316
992245
-259667
103079
-647434
960346
476266
-214794
-382506
661854
703648
-81110
-227001
-75597
882065
591961
703304
-155363
-858899
758888
203193
-548551
319564
-49197
-134858
933182
-590096
79087
-829627
-85186
613308
707389
-119510
-898247
91300
758947
483651
-811831
328197
-474132
376232
-489313
687330
519839
-68128
494890
-591231
-353731
-951950
946568
-249272
-385646
-385699
753812
-89835
-618637
687986
709855
-474345
589986
889423
-232942
-797460
671622
784756
-784307
266594
339286
833697
-510430
296912
372245
367488
-752433
471359
-964554
-710436
-553027
359178
997486
598791
-437291
108132
628824
-380104
-407426
614907
-689295
540626
-913925
-972233
-180492
-955906
952166
-581703
-979289
93204
-670297
141425
396673
126511
462211
718711
-803993
456059
-576709
-947911
-242692
980002
-24090
747557
116748
-817917
-51833
126062
170265
-575249
-220699
-167943
590159
684229
-970964
111198
712947
-8510
482481
-98450
373132
833790
-620803
-37609
-407371
609113
-11931
157567
-728295
-148690
-970809
877933
166880
871433
-482019
55981
187210
386902
155992
-180167
-381418
833450
-776754
-586351
901996
697940
-139311
341449
518535
388110
-41180
-809006
904987
280940
505624
342668
-761373
-814476
-772476
-11742
-24628
-27287
-684671
27751
765757
722924
-470587
401307
-74223
358048
380839
807527
709752
700916
-668521
-475176
-67864
-95324
-779239
-378240
158863
-225473
297658
553824
-917717
-102440
-11825
-335825
-255320
13352
-973942
-841197
-323591
-247988
-815302
689319
503076
712941
496255
133929
-49746
510315
718340
-971859
998033
597598
-441777
230118
976265
-122383
762389
297142
465629
539015
529202
-828475
-457747
839350
270490
515529
-905188
829561
-203262
-224004
-46495
-560986
-224904
-371168
-908868
-247346
905589
539403
-840458
-556562
701221
584664
-900113
647389
-104001
950819
-962187
787848
-84595
-485603
858208
751997
-194198
-665751
-241324
-303456
-25308
-16727
-54783
43530
-651607
-328585
-477927
-657513
-595148
320408
310550
28317
-931064
45096
57500
545030
-191086
139870
453473
-536377
-708915
280115
-224412
406390
968412
8049
-429418
749573
185996
958598
417384
491316
-273071
797786
-283388
-578969
-551664
528442
-33367
962941
-629277
984575
648029
-475563
698709
727784
905923
731549
256036
244189
-19607
885956
122131
875425
704519
-209327
-129391
989682
806611
-436473
788798
-952991
-322406
949625
-345519
-286353
-553502
-378720
116075
266990
873415
297785
-321797
69984
-549344
293188
735927
-340071
889141
-310202
981285
793348
-235870
-55662
26115
-376117
-595448
704808
-397305
46567
-337968
-478743
326528
84881
-531334
762781
240792
-194218
524946
-466942
-101463
538091
967673
976190
-341162
253484
253001
-651896
846664
372013
-75705
-940348
-890645
382576
-466262
-99461
483521
583988
-870498
832445
115790
847386
871082
-763036
-267033
399105
981640
139454
-302449
861619
-510946
-740165
-573581
734554
829303
907477
-754840
783643
757841
472524
-178737
162869
-945739
732445
401121
151203
560657
-350520
687346
541215
457389
364882
85996
789327
-817934
-637042
-733098
793178
117440
778595
435342
-761745
-349721
115736
-32679
-634618
41643
-508192
-211937
-481425
-650527
485616
623938
523258
646696
729959
-892152
-136245
390932
960305
202540
-731688
140064
-441490
-95709
794118
648131
463028
446891
-601282
-455794
-395505
-616729
661879
342935
-441861
31812
-361880
-58186
-160170
-436820
-976680
-815347
54780
-117548
846852
-589720
-1703
-281773
548682
-303330
-492006
-279167
-710173
-452854
658969
533065
-563788
735477
-925363
-22802
-179748
-622016
-250745
683460
-961573
-704447
461402
835478
-125747
-578875
-112351
-432440
-64728
800719
91078
747539
493719
212445
20780
163653
-214254
129433
-275040
309561
-427514
53369
402182
871114
428416
945587
331995
-291971
81560
149896
-314083
125592
994072
98983
-959912
811694
38359
682259
605980
-617831
-692471
85302
862909
81468
-121263
568634
-603976
-571019
137519
-433242
22348
-778423
-269117
-446492
-862983
778309
-850480
92248
-401559
-690176
924508
218298
914385
-418186
666018
-185403
-592592
-953976
-283736
876042
-315183
733306
820264
-260088
-139015
142224
469006
-318636
-702877
729238
-175936
-336618
-132678
220335
210067
994831
-956746
338854
158103
575897
507991
-382473
-979993
579310
727062
938588
770569
-517338
166821
869539
-984194
286281
-386641
367856
67899
-863566
612793
-199489
50031
-397552
-28673
186842
-11856
-529803
-833218
-644101
94945
-321084
253350
-15131
-82306
708653
700945
945494
-440293
-554569
856867
-697408
-217953
418456
-452956
269396
-603655
493450
347557
-34038
749441
-830505
760414
-828788
14294
306046
-987583
-970774
108377
46216
-544980
-398497
897078
-544603
-559223
235727
145561
-64253
-929773
684990
-552642
-603605
-805229
-237981
325559
695330
-275254
-790491
318099
779861
-846801
484919
769933
877390
405476
-390570
-572673
-68584
367203
999938
280527
-6990
892804
-351089
-218078
-888702
-379212
258075
-358364
378440
853594
444277
333130
-855838
-380725
893168
-658400
-901112
842222
-603385
-500416
419712
-690747
-625225
27106
695983
149442
669588
-443189
780159
-664919
-815324
-853427
325590
519579
-399625
-733570
286187
-379149
-57751
-291155
183768
-632320
-38117
678542
138495
683785
-285369
-293272
326067
-178841
-228819
306218
825955
-440935
723192
401148
-810167
-316307
-399559
498939
120747
-229634
-248805
90837
-716793
529431
-916999
-447095
-933184
-441606
726074
-450226
325075
129262
-743973
-867033
-591499
336509
189956
-916860
-107122
-734622
360648
742504
863622
371119
224128
688830
812091
-959358
217899
-499560
313134
445296
850314
451725
-27889
-470268
253426
-412258
-675395
-760081
-305434
-756473
-339443
-336939
463225
-176968
443037
-427830
168245
536175
508837
265896
-569941
826271
-803712
-785945
502077
-156045
-518638
-418391
810441
-461524
-156079
456584
88643
337308
-453674
-162014
36847
-590623
223366
178117
530919
-142116
-214824
-931909
-432633
444420
-987481
-617884
826437
592630
-138358
331385
-56946
-216499
124488
-790796
915693
-13975
839692
-589595
277063
-944446
514914
785360
976270
348100
-825696
-558965
-964351
790116
-392900
535049
-455953
-457843
865073
732886
-837084
501316
-974499
-2882
491125
-302627
216575
-467281
-670801
954603
-608740
80286
93820
-634269
758246
889166
-107154
421618
-905551
516238
-295786
-985110
77920
-278983
-656331
-288616
874229
-888961
-598334
-598564
427956
-42154
-189232
-671174
-405931
400719
-54090
716570
672728
-627049
903220
240945
380256
133643
-781913
161613
-455605
-34508
846057
657938
-57048
983990
-374680
533198
-398089
-478944
-689131
530222
-155093
407716
-232049
958209
-654666
-633162
-982876
268135
101662
335519
-848477
524540
673599
-11035
424596
-801673
598807
306935
-461055
149984
-234144
176558
-98687
283982
-418645
890411
780453
-744781
-984153
-749645
-225401
538193
-158580
973955
-409992
-902415
-396489
-904794
-651352
887326
-436100
832222
998166
179235
-749058
-924256
255592
-441279
668803
381149
978370
-723865
6366
-305227
711625
-735127
498352
475863
-365067
-401561
-963026
991274
-713196
540992
-743764
214088
524970
-276704
228108
-30154
343549
-494792
58970
-540153
-80901
960066
140086
-379387
645613
120172
752384
557520
-743725
755668
14771
403826
580737
-429771
-864971
-611204
-154542
440721
-153838
743367
-662905
852255
995630
875800
950549
-857054
56661
-362870
-86027
-294284
-894810
588614
670490
-974166
-433380
121726
971626
-825787
-886569
771495
-581812
-350123
207918
-337203
194104
-997807
-885997
59249
290776
771860
-955962
88668
-633231
11807
729823
914253
-249599
-17468
-576221
536973
784344
630065
-187435
-233162
722415
-2422
-324272
862572
-516623
-187695
-546274
-66431
36396
439035
99035
-75068
-478833
-932861
860028
-521754
-461532
-575102
56311
-139415
-853427
174019
628585
-517273
561768
-264092
351398
-763839
91423
332631
765204
-563876
-972063
624472
555611
741406
-84834
964557
-203373
-851995
-380793
-848320
414081
952665
527763
918181
533741
821234
607338
-462671
451860
648658
-432155
589310
478194
358584
-174126
-752154
-605893
654725
785276
-695504
116881
69332
-276553
-364105
578836
908229
606331
889268
254738
925755
-829092
45660
-171709
414719
790831
338004
-134739
178176
687200
-238497
953447
-443586
179266
11953
920709
296297
69749
123594
-984912
-44636
-405283
-64884
-701780
-936628
275854
897035
752633
-508603
831658
-749686
-607737
57740
-773771
822186
-240690
94251
-478168
-362410
-751454
938589
-226992
-331825
439525
650856
733523
205130
536844
627042
-96971
-556819
524527
985432
578731
404610
256954
-362456
263180
927691
-857384
860929
-38754
468743
500874
-537625
-226997
999354
964813
-593153
-33291
25975
926709
977306
481952
27642
-287100
387264
-283910
866286
720368
-681898
-962805
-934416
-774301
-770733
-778637
-89529
-8352
-134402
-490504
-233724
292913
-352611
35052
901172
268450
90528
378268
164778
795361
748920
-115539
708056
-414139
747738
-567757
-150273
67218
920255
-74470
-87309
522542
955666
969026
-441751
-291206
911211
-155049
80313
914956
78250
833830
-178560
-88387
-120332
979585
86585
-395843
-836395
-223411
931164
135778
-653412
-47216
-108753
-285030
288672
-374565
-74404
-555373
-815035
78327
-414708
-449596
-619013
945233
-605253
-891887
945663
979607
554164
131891
701784
116310
497736
-440419
818633
-372352
310581
930255
-934895
417452
141392
-534267
880728
-901650
-840315
-21750
917618
-999514
-644191
-120066
-915875
937147
-317142
371434
-329865
583685
-65351
242895
991121
610797
-506560
-379502
962874
959480
-30559
-107656
531079
-695918
99386
-931814
-932115
-149002
301804
-583384
-349992
-227819
852382
-366961
68032
-220362
-631078
863772
-385960
-905266
361779
20076
557887
570528
-170129
-204177
575962
710451
-827068
-709249
-563122
381479
-589081
-493426
-142601
-59303
324314
396805
95016
381487
-580496
-470300
952389
440878
-32640
-48949
-405562
-656760
-880406
813385
-443830
575389
-791762
-863850
29512
278384
989647
-269968
-702116
-347787
19987
126847
-711630
72139
39686
-76552
-937366
-575968
278087
-591742
94333
354918
733489
11164
117807
989106
-582764
-57024
-793963
354884
629254
509268
-157834
-681146
-241451
-603575
-114238
300818
119897
509571
519473
-132080
-280543
355519
811795
568888
-283438
-874009
-381436
444765
265345
-985465
-251971
435323
704517
146200
-958129
444889
-669241
-34098
555655
853940
-708245
194722
748829
-278737
441969
-291396
177672
-721085
-120490
-343685
-953793
-937811
976108
-339970
332259
-20753
-162198
-348158
-157601
-339203
-972479
235085
-457725
-705341
110597
802006
523685
-509764
-760728
944596
-457712
100180
691485
502474
807478
-807858
71877
-396592
-32177
405685
-79544
-840575
137338
-974080
276270
379203
-927003
-980524
76938
-159296
621827
58731
698797
-92657
969355
483345
138723
-626889
387616
-698605
112025
265250
22142
388197
713529
911403
-752085
-529464
-643545
-600676
-391101
-343958
-212235
-395188
570860
796987
-395302
554254
-187659
133529
-912557
594381
-464246
366881
-101756
505287
-826244
-228380
107388
-18565
430470
-650631
707412
-26706
-619283
-217244
-682567
-978289
551487
106710
673302
-311089
331667
-763030
-491632
6328
-234761
96758
-610858
-665195
-396579
-943731
-700612
578974
844068
-101154
657341
223045
-217522
-501272
275262
-255543
-922732
-402362
863838
-550607
-627088
-85709
-553560
214475
-354318
328302
453165
-109430
-697184
-952558
888326
48534
-616398
939894
-13131
-718053
-579088
-614374
321828
-225945
-391141
-565855
-612593
-160661
-891727
820643
-403419
-12111
678176
-752236
-568987
832978
582745
347059
-2404
-990406
-825552
153838
568177
-675112
366753
-993581
48651
-362665
605917
463397
315042
-433113
669723
-942019
669092
-982258
-900337
-643021
667427
-276797
441846
318024
986189
-790863
280489
-497889
898018
-436915
-968735
917665
-224361
13446
-948369
-633274
-553228
-744822
250785
-400417
-758813
-815726
22503
-337196
-652623
-630892
226677
-487841
811449
783515
-483314
59753
-343978
436684
-290848
-768850
9978
-225183
601366
-992490
69960
-35493
-500294
545145
-127807
-610424
972665
460600
399209
-804413
-495093
-770150
122231
-146576
-824635
-760789
801908
-700065
61534
581996
-984047
-117872
408513
338689
565793
-954689
-11893
-374432
831500
-128763
-74326
-958184
637784
-341809
566659
634211
-373427
537610
-647669
553284
-97100
958739
-911297
-80966
-646286
-942091
635166
-113602
-124191
-46771
-770640
-321937
128270
-13304
-970472
-439632
890003
28508
967961
927332
-704300
-155489
643937
58651
927737
-651280
-769446
-862009
340141
810682
216220
-522692
374576
204448
-22205
-768094
-622212
453937
573442
67596
789820
-365448
979050
-757172
-827179
-196087
864876
676619
-871603
778602
204227
-325187
-299321
232778
-798124
92910
347189
592054
-678289
-112937
-332077
774612
-21977
-915458
-104591
-210321
637494
-163817
-862192
-886519
-465836
733580
-302739
533533
702262
166488
351793
-265050
794891
-633024
634999
403145
-265440
-416466
613306
904212
-785364
610158
-244220
426604
-446212
-469577
475250
140420
810316
500613
341410
-37946
287475
-225035
333790
681819
844885
-580077
585355
-847051
-687859
357937
148934
583965
698019
-622566
-795595
448878
-64010
-461594
916612
508458
377399
-163163
89949
-608041
-42971
-138354
-113077
369506
163982
645217
-295412
91916
-817099
-903091
260718
-57963
670282
-956845
-252402
843684
215702
-245967
805435
727802
502397
402234
-398208
-958921
623395
542106
614047
712198
424539
-986683
-215458
402884
415696
-261921
-69104
580070
-835125
381708
-307964
-431567
480345
95975
-520971
90197
856100
167335
45089
-678378
991284
-484828
-552230
-178852
-713338
790368
-393109
-802557
-864576
953194
709193
-970350
-265605
-591911
-223205
-73475
-410230
116751
106568
967618
206512
421988
441549
596938
962670
-216800
-620328
-949497
-196456
892632
-312624
-935701
-335375
180914
-621380
-350201
235536
212760
607816
452925
680912
393806
353588
-230434
-601507
684298
-821583
119182
-825301
170130
593712
964656
-287005
341480
569500
-548993
743580
-902135
-934571
-456063
-696319
-620792
103074
-664266
-847711
-892142
198020
-640972
957252
530460
-927819
-58326
362737
-379112
639698
487687
-836175
-639320
419682
856114
-82874
-160473
630658
472346
786589
424846
872897
880313
-249859
-724082
328048
627692
496425
137486
857311
-831229
-577741
327503
883762
-841036
-918116
242044
431223
874070
400155
-565948
504280
-588426
-424736
357837
-521366
366782
43494
-121645
-130488
502451
487398
987617
845457
-41598
660811
653367
-785462
-703617
-763550
533139
168961
844620
836375
-658991
-912788
394226
360833
519507
302181
-849623
915227
-754886
-964883
551256
-824204
654464
-262655
960142
202376
-907685
-890665
-712396
-98851
921339
-178578
-969835
-565788
-670353
929768
318507
-196749
745850
884247
-159656
387945
-781661
870066
-75088
624502
-595152
652015
-349223
-30963
-281613
-159253
-777978
575694
787412
-991674
672397
691578
745320
663595
408012
924866
75338
385566
-958780
-346023
781171
300272
-480612
-575687
676872
-255655
568943
-14873
-662653
632938
842034
-654260
285993
581759
-109548
-987663
31743
124933
-480882
-291505
-914815
-468689
367936
-862293
-352153
-557597
896751
-6885
717407
392928
172520
455370
-358139
611807
-738511
-664943
-453103
548883
-793322
781043
-943555
905796
816425
-689245
-618951
820039
-797303
-533642
-520485
219706
908656
412144
997111
-250685
-706925
-953790
766858
-957935
622415
343365
258907
558376
-393363
-231957
-107965
-428588
736005
-436933
-41641
447624
741747
-655775
-246376
380004
495931
-943905
-509220
476288
433511
-631154
-465670
-722585
-141831
424110
947508
301809
378703
-509489
-761807
222730
-191914
-567422
-647234
640964
186135
-188286
372994
62511
330768
628299
297113
-664402
731080
-259140
901169
508122
715600
26304
-955077
859538
560574
-43939
693310
-404806
-213761
293895
265169
-151840
6468
-467702
-783483
-288576
-118726
-336469
-120469
894600
234605
-604721
-220448
759090
158899
615998
-634390
-652367
-286744
463003
-698886
-971420
312741
-796671
-749905
-399265
-919076
-61491
660944
-93638
-673066
-370732
-678165
248326
-701174
46118
-324925
-535484
-757859
-205290
-793841
-193333
-280585
909509
-357912
337284
675507
-798558
-693390
-26033
-454254
637201
815048
-339351
-587956
-995438
-360588
159430
67490
-14127
677081
930371
79956
-717787
409740
267463
716791
-245172
211038
687476
66412
-360298
716614
601123
481192
800027
4761
-200676
618572
-707354
381559
61306
-782410
-171748
-62667
639019
859887
69174
851990
151442
-601458
-387692
-172783
105433
472178
-684639
-357223
-683572
-986856
608006
887531
777549
436912
885978
-640224
941787
-915657
-312540
831198
-67832
-8570
-252452
367866
141040
562972
21562
-379820
-136702
942328
-227546
355204
-118175
-135609
-556176
-562127
720769
656351
746564
77406
-438467
24163
193200
694268
694233
-367590
-276564
264633
-447512
828742
771725
-34318
-496874
-715281
-680246
94068
976883
-354207
256322
-102350
851665
-19022
-906344
379035
-662261
12641
-232704
-161509
-284061
-597903
501901
85774
-602443
-63610
-660825
-942564
-336647
268252
703712
397106
668151
-918503
-328268
-249985
151185
530967
-442395
517964
294984
-56003
-865199
-859280
825893
-772489
648773
-552532
992027
-292728
830329
35882
-254142
-435043
278801
736252
-162991
-1133
-252613
-176833
600520
-188149
625062
110994
-922606
10126
360076
417003
9178
-430800
-908911
506822
943124
528776
-437102
-743303
-950458
-9982
-25890
-48635
-386066
485564
-160064
684110
-8754
-624580
-50656
267572
-627502
-646698
671914
289998
-868260
-695704
-98082
-757040
-756946
-345622
248592
-658553
973946
745735
102682
-452940
-959843
374759
-248490
978420
416421
438474
28451
847667
-889084
-704225
818720
710049
343312
-834957
855767
114216
905590
-924348
-934830
811135
-724615
836082
-576507
792810
-649358
-264982
-382610
369208
-835422
-698720
934289
-497398
-7527
469615
-713500
509631
-843707
720734
-536115
-463922
-777892
-920264
-595844
-224533
-528024
-718207
-49148
878264
914286
640607
-656641
651146
-406810
376704
770578
-511575
-721514
738845
537407
-549714
-126201
762678
842190
493722
100194
158250
-196957
-108968
477612
324118
-289039
791740
-439334
-582999
-804276
-720651
866121
-711427
218878
519558
-40705
-837462
-212881
870794
473368
220224
-370665
-667583
-877444
-391542
151931
619489
-517725
803720
-232400
-751771
15377
-63363
-375823
-334174
829641
-6794
791086
105650
743903
-732289
362183
-135963
68198
278508
922665
415552
83604
509756
257204
133375
-885214
-640864
414275
-394502
-795303
-345126
708269
-99876
-914248
922002
-770762
-492647
-294546
-943642
440145
-920517
-780091
436838
-748231
757113
-488552
-903830
502645
-181644
943645
988642
-932772
224718
-405466
263454
776668
909771
-604713
796543
447728
-15165
-635344
-15302
-428650
537369
-369450
-959666
68361
-201291
986940
971644
-354140
615515
917830
-505961
619119
-848825
561369
466196
327361
425382
-144361
213061
-334510
-141929
-636057
320169
-425678
733122
-33474
-265867
205216
604001
-815669
175700
214992
-407938
-903047
889352
72541
570545
-207891
-479359
380352
772539
134099
-122891
-378789
-207322
-473159
114883
447575
283969
-612924
-786303
-848390
-538205
-537633
646328
758309
-986957
-488036
862134
-374768
94014
-981426
-692406
672771
431517
-328030
-825768
283352
-152064
-237383
312847
-602871
825285
200104
-757993
-127702
-862591
285999
591450
236149
752580
-948840
-791619
716889
149688
-688425
-729293
-7533
640240
-202801
22062
554234
347397
32018
748765
580039
304375
-173296
-901095
-316467
-363330
556965
-920724
123613
-748303
982062
-130713
-377531
-36035
388178
821736
788898
-556005
-419623
383782
221418
697
468258
-952763
287460
305161
222704
-763338
-870370
-961000
754700
539662
607742
-380133
124611
744883
686956
-948839
-504641
503855
-548360
337398
243334
-589576
142019
-973360
585175
-292093
350481
135832
683694
89182
608220
-863403
623967
-210110
171190
-923756
29484
-527078
-179362
938298
-144310
-553065
-161123
-558606
625654
325818
832596
721798
-911134
814982
181842
-977076
-180998
260136
-539153
327581
-910890
-76002
-574403
-645662
841666
480576
972527
-698281
-883403
-644366
-757452
-335963
805732
249009
949534
247988
812830
-111510
-159216
-417125
694128
145145
243480
276433
-861629
255205
107232
-79337
587688
-239571
361643
464364
-689242
333507
588699
-909179
-408535
637401
732046
-807068
802505
807279
317902
-140009
579138
39258
749909
-624660
822065
-354286
-752575
242080
630723
-532170
-750309
746637
144097
357676
345178
923224
186393
973660
-780599
711676
-421196
-373529
520327
-325460
503530
101048
608713
873074
-34422
348647
-550918
310301
-931773
-627518
-89547
602968
-391891
230771
247308
-272929
386163
116203
548407
128766
202645
-252733
840145
716165
779567
133015
-305693
-23875
252412
427846
-382914
-411741
582765
111112
-371034
-14457
823222
566225
-184611
652848
272404
-290020
-674770
-118076
-269572
756788
852120
858640
-587728
-128746
284834
796367
-455969
-361199
52140
210456
955781
266981
-478713
822534
-763095
-310498
-202706
501238
-94802
602810
-750293
-119490
-814457
-456313
561478
-309474
-887795
5741
329056
-984137
-924158
696047
-960817
-28262
-79070
-769432
835437
274095
969895
-937285
-991969
-799970
132193
-441885
483985
-914666
-173122
-532319
-404465
-126457
-87626
-708700
741468
20632
539948
-108607
474214
435328
469084
-364348
334497
-397450
47685
264112
-47552
221491
-144194
-328775
503024
535950
-763635
975903
830699
-320865
191363
306767
-886795
-565601
-241931
-891527
-971655
730907
-694096
-117393
667751
-850191
487209
-987698
462804
656566
855467
-480561
-174660
540485
-221781
-60106
-585873
-756207
-555971
-568613
-887893
-649302
589484
-738596
-965351
191708
822659
-222393
-697262
-47029
11962
-143473
-133699
571656
-55318
-830539
-930218
738825
339082
424429
929757
-702529
-947546
-683978
877775
-523273
853757
811072
-968004
-103291
60264
477727
178991
-29216
-306886
-974208
-292056
30331
-529767
-929897
-197964
771913
-299179
-870695
-10071
-70542
-883109
-384310
-473316
-249403
640305
260701
376011
640448
858292
288538
745495
-760158
128638
-301324
751264
-727047
-92267
-762042
-652468
767936
-163337
-134888
737905
316094
848200
-421374
399065
-521557
88193
677071
288608
925883
974646
-41133
373684
-315572
597128
-863710
880892
222185
-12199
559408
933630
-39624
-457365
-534541
981940
782063
240291
-64298
-486269
10530
-593385
275200
-76981
49558
827313
133581
-720549
-190900
48246
353063
-636514
-440535
-177888
531419
-361309
-963207
-978105
-188305
486161
-570072
616061
-684428
-295808
-929284
539845
-936765
-238933
640171
278729
287930
-940771
351483
983491
-509293
-175380
210312
361571
352438
208726
-101774
-573362
566017
593565
832177
24755
988900
-843341
-124304
78039
-452230
-144902
-865489
215954
750888
798134
-128278
936703
277033
-409259
-364120
655834
-292314
-882550
-527297
401217
-827821
-948164
-528318
-995489
-405227
-781687
364751
325530
-837628
-482854
-901499
337261
-331982
142092
-402678
434719
-423555
-510463
-553649
64191
-375159
833408
881790
-61741
-70150
-101294
-532096
-561414
-506732
711848
-152087
-734947
-594398
-528962
612862
-58557
791995
688704
148021
-575066
-338611
-85498
84714
-31383
-404902
656022
-658906
-47437
112611
494772
-507149
669369
531917
-953097
-516323
803831
533952
-911509
-81494
45992
311044
-250145
-728514
-36158
-955373
292884
22098
-574466
862776
177459
-239546
304475
-801360
-769891
-982031
-436405
-519453
-380767
191280
-221168
294553
-409161
949867
-488180
476546
-529894
-480848
794204
-87830
-799166
475678
-934216
831297
95085
-39548
78056
811531
719051
-211725
-473766
987245
-945172
-220252
59024
16079
637639
310847
-171898
777355
741119
761920
-622688
302614
68939
230842
743414
-850695
314616
-324516
151620
421086
-110643
-79133
-150044
-390198
469485
814662
-859792
706159
703750
659259
-302029
977576
130051
398846
302066
-21609
41905
-373999
-502706
-113686
-459803
-19826
387679
-175325
-515279
-620746
76257
-891177
906450
-88728
-641776
397639
-979202
838969
-874328
-24074
783344
678401
-309748
460042
886807
530156
577219
240642
796717
104418
-250413
-240370
67039
-378487
538236
-645224
-128280
-889594
-743376
-340349
198737
-885832
804131
299324
917180
-208756
832285
966428
-145693
871428
213827
799861
784819
-974255
858420
950135
383038
880579
-576812
518444
-360661
109303
752513
-505266
668075
797067
-350996
162829
-298384
-708048
-810768
-296688
-127812
350659
659599
-569048
-29561
-635133
-99026
-203388
-656585
-221620
199560
45525
-818436
-475835
514590
31316
-925468
-120807
333917
422480
-867554
262810
396445
505672
-576573
-857971
-42660
-519230
968725
38518
441579
-61382
-970673
299240
559736
518335
471426
-702952
715995
-931663
-87714
-152942
659028
-233671
271267
-970234
-893510
180660
-509898
617912
297987
18078
283270
-790034
314798
494618
425128
377081
-549319
54247
-864859
202123
-929616
700706
822548
-540226
-320957
-68243
427260
-444970
598539
-394994
-654883
864134
293449
-65517
838716
-776660
-600418
91846
854752
-756692
323576
323899
-665459
-645816
217458
-494300
-514216
799126
674759
-757728
-20606
378030
926789
219763
-27291
-896890
-253337
-18309
-24636
-594059
207223
39065
-464417
-243697
3988
216896
-461928
-530936
-782314
890595
205585
355441
-779884
-456839
-836077
-658351
-947952
-181147
-235951
-927346
311481
364304
54212
207073
-81101
982844
-365376
-100339
-65789
-709013
-340202
583905
3653
221504
-388827
-379574
-740104
192657
-598008
991654
506467
-529017
-431926
791590
-460235
-732130
-300100
-11228
248546
-863240
-937173
337429
690901
194768
-347766
-145617
689405
920414
-701646
173218
-812431
231863
-614150
-541511
354498
301120
-285476
173123
-650655
394144
795905
-530608
-462872
518551
276533
991551
855756
295483
979536
-355284
607104
-730157
-557899
-984596
409474
-287403
-977648
-870065
-289959
402869
-443871
522150
215949
810581
-818114
-91031
217737
356420
-715554
-768969
98760
582645
610646
469862
51039
-933070
853264
818706
912059
15341
863594
198082
-989399
-251565
-259111
997767
-494261
112763
-397731
468706
504872
-281207
899091
589320
-660048
-399237
503869
-92461
-572745
767725
657138
45360
752903
848020
-395159
-104206
95292
-107774
829397
414313
-374789
587810
-798567
-870660
91643
-639839
-965519
-861970
866540
-529038
-762953
-297585
289928
824296
788712
-93673
328001
852150
-212009
-680671
456637
-52036
-995477
-304443
-507224
379852
-923524
-807678
266489
-514572
-80750
-34982
-996208
1344
706105
-463702
-11388
-367728
67950
528540
-418383
-980432
-32134
-75326
333687
750516
111426
-973190
-622980
-471910
-882333
-545747
612307
890187
130869
-241627
-645467
602588
831097
788116
323410
712326
412761
-908441
848555
277460
-857221
-97791
-464113
-711587
-874402
-660967
358560
895808
-254025
612117
-262136
-673358
-675890
592289
-677330
725680
817660
770946
777920
-664866
-657303
319694
792547
-701413
-552670
571766
784240
-370359
146557
274134
956089
105885
-757096
-723986
638707
373093
92220
-174453
-225461
-536850
-959349
399104
-67161
-131337
869410
808493
900589
629415
771614
-192849
-27327
704337
604372
-362900
648280
-786871
-423684
240043
-290789
640613
-899967
-533454
976331
656831
-953601
704519
-98442
-664004
-467515
-437500
-885038
-121008
-171057
-319332
-16187
230673
-880929
382901
-96586
41426
99365
206280
-345898
-957278
-323536
-449716
-267396
951185
-903281
317899
150790
-758021
-16725
-864246
804266
141156
293528
-32793
-964363
-38244
-755070
508191
-448871
842644
-880312
505713
104580
926828
-768702
-412900
782884
-839628
-410779
802214
445364
247748
882847
-558866
-312882
-597178
621056
916531
-578304
-706067
505254
557585
-261684
551894
-372100
237577
637131
-636758
722796
868130
247794
-110147
-633640
165847
-966867
426407
852457
117932
74744
111262
732529
172516
-747841
-344889
-343615
-349016
976132
-218492
749117
-902464
-743100
-59055
434305
-447680
-840469
-566009
-158818
-303151
-465167
682752
-324468
-458598
443601
-946625
432773
550069
849892
913125
279957
-374538
-511447
744621
985233
483094
682342
-415060
528968
-662047
-812240
39132
100781
3871
-509308
658634
-127738
397235
-13175
5882
67630
-739760
-336631
-221814
-109939
365964
343849
524451
497520
-523892
-182592
-467711
44623
-541419
373815
74429
817941
-91276
185229
674111
-434191
-492071
177501
870389
-991955
-534945
901355
435089
687941
-721545
-208258
549065
836140
210356
859923
796246
-886328
-238888
642704
984955
-212865
386805
344255
-440534
-632963
-277012
212741
-917183
691580
198066
-923631
771549
-286429
-729500
95525
537257
96158
-253817
-672455
-124519
-719117
783267
-290860
-635841
-612133
-554436
336081
545873
106362
78049
108880
292188
-392855
-282177
70017
242204
-697185
563541
333213
203240
618241
515802
-561334
340520
-778661
51770
-221749
-635881
85939
680227
895015
748820
169744
-141939
-587933
-625710
-460290
-368201
-562992
170896
-909116
633240
121988
936222
-660001
56621
-963295
-101948
-440278
380385
954492
354711
-65728
314676
669584
-943881
174809
-458780
370846
541909
-755822
-726963
-909112
-202193
-513108
476827
512579
47063
-732658
762281
-689198
-46622
-741097
464486
542026
722398
993698
-804832
-416850
565712
134384
-839341
555753
840707
260458
-882615
201422
900095
-765343
-374636
-415650
-518564
982417
624224
-372997
340720
-190799
344033
962231
251567
-1956
-540797
-447677
526032
95881
773299
-290005
804184
-614685
-549587
155582
-633996
931387
587580
975913
-746323
230468
-269536
-313898
610959
386095
-564999
-794742
-255455
-374239
257791
225010
-317596
247507
431602
947759
703650
-227370
-497135
-660609
-42651
802655
-300475
-560713
-157259
636415
-337170
388209
-434135
-784387
91706
-704463
-589094
928370
818433
383899
81695
807275
682126
-302713
-349089
638258
716380
-848941
463762
237729
535733
550319
962478
449124
549126
594021
-439084
-965466
-67977
114632
147740
-751620
320741
959293
-165922
-288720
-721579
-992392
441162
527298
968500
150718
-2494
-33818
-879727
-12014
335923
447254
-681691
-922150
855495
-964970
-631487
149490
-739006
-976269
-880427
253625
7319
-820897
-566925
-175009
-670002
-590923
648892
-125445
509311
218255
-351518
-543033
234833
999037
837250
140800
531996
-444540
-338091
-437433
912215
-649949
-769231
54886
-846224
-409589
-831764
-427941
30895
-952348
-212320
319441
-802157
-363490
491177
64223
229847
694932
-493608
250382
254496
758293
920600
285442
347588
-881472
490612
-836222
-522573
-728518
859287
-524229
518825
218102
-94763
542994
-528297
-332273
-290617
27204
108938
640148
-539260
940988
-842046
-217172
805506
-207941
164453
329925
-133763
680720
-490608
744502
-115943
-135626
152312
-297883
-468888
-915769
768986
-141962
-536851
-824286
-806536
-363684
-487450
851812
-541666
205575
555059
-121281
-597054
934351
-257538
-226456
-496251
871740
688752
416432
303649
-914192
-334999
-279390
-412300
-205867
-411185
-538363
-950756
-526182
-806658
-413465
-330215
-542927
755688
564698
517074
-792521
522227
-220837
753332
-609894
-257204
-254123
-376143
80851
-471957
569749
194063
82317
889095
161339
-399797
-415743
-749988
-246920
-579046
136724
407862
-351710
161694
390396
583075
-279320
-174521
256528
191852
445952
583156
741492
202788
-550298
238922
-627446
634747
-683793
-484270
434177
-338061
-242300
-606743
61762
-151404
271561
-342513
-506423
-361678
869079
501167
366064
346432
176608
575958
-804587
-602420
-487348
-744861
545416
155171
-305872
276962
-374331
-712658
-445935
-867389
799827
93784
102202
970147
-668823
860226
133106
485693
-147987
267481
-167750
-342048
-111604
-583218
-659413
-995623
643779
638638
-840596
804565
398813
-503957
-51441
224576
692731
385267
-810839
-457789
436460
-219946
484608
-615086
-210539
564869
481991
708135
-268940
-465261
-599711
-382361
-560820
763265
811491
-445208
-594565
-654284
177205
-679091
-441868
11082
-513356
417895
349629
357794
-400381
257296
-348554
647680
-35068
-984487
-696306
-301088
538141
345203
-712277
-141567
-371483
-903604
-977290
907280
-11706
-333950
-652738
-7760
-627339
-601734
242751
453207
-311776
774584
58494
-704382
-599202
225403
-667368
-944873
-727037
185844
311023
-41693
-54525
-842956
445003
435077
816281
-502104
265804
940702
288549
769032
772898
-137136
-828476
216410
-457915
-619663
-187546
119539
275476
989159
-774948
440775
565389
-161530
-479280
-907722
-297687
-504513
-507120
381236
844503
-655635
139394
938713
402917
-186519
-290353
890684
-902126
608381
829292
-220370
681629
498878
731927
207460
324479
884597
-222998
389536
-172005
974627
728558
298028
-665224
-325884
262944
553625
974747
-669834
-175285
994198
-178374
-918746
-337384
230914
-763428
31087
779134
-361678
-942426
118372
-631412
-20874
315041
-131090
688957
-291474
-48959
212971
-273807
-741553
-917820
-914502
393893
-460618
-592343
105519
164351
327943
-679649
242416
219380
947859
30782
162188
-735467
-56927
646019
728084
302506
447441
559997
-724646
-949610
-274211
217280
-162825
-14344
158857
370713
-925379
-316986
751754
-605276
52081
108728
-318359
274092
-576174
-158982
-633294
-821495
-321085
933897
-710782
153920
196821
593198
293411
-977367
-615593
-62036
-90184
-702394
251559
641442
418453
-628586
-230094
216183
-276675
850262
-852397
404495
-921270
-196719
697728
603079
545556
-918696
699621
320257
68794
-20441
716095
965296
76448
-564866
210287
-166302
690099
-576865
-903465
503583
-147609
-65904
975118
20728
725541
-952646
497479
728653
963820
435508
-162914
944282
-791586
878112
595998
-977581
977661
868122
466658
-245371
104815
982439
101695
394740
-699976
909665
-254964
167833
860378
-476402
-907259
306308
-817757
-610325
863373
-123568
-92928
-848065
162447
652817
-320841
504733
-950460
243661
841329
-292498
-637746
570223
-991583
-2521
-145042
687717
-459019
-814348
89999
-267269
-943979
-176752
-183969
-366213
-909318
615256
-968518
-739420
663857
-367247
411974
343269
326242
526628
-314865
-228764
-124275
292940
-788323
240068
-741363
-697413
656680
366374
-996318
787955
-912438
-186686
-578793
557856
767286
417835
669737
-542863
954523
140820
-931388
748315
271540
-442642
-93353
859257
12324
-445544
-170487
-304894
862513
45484
-796207
-422893
180533
142259
-85415
100608
-876008
-553990
-460673
-410135
-592228
-335371
-21440
987175
-460796
-357401
945080
951869
-625913
-571972
-965711
-366972
-122369
809708
596795
210398
151065
292796
485202
-801070
378486
-238517
583168
-693323
-550162
-642583
455984
-218720
-554899
698459
-82366
-658683
-909354
-367155
-616541
-534776
-746135
912799
372914
977607
-134208
-926154
-283231
-738605
878328
-715611
924458
391173
80964
666750
-241438
465614
-85879
-930770
-289221
614640
-192990
-148554
883889
-325186
-696504
-848041
-334276
-253751
420942
-450671
880341
-836113
257652
896978
-632218
-414211
435647
518346
-60745
-275363
765377
-762413
-557307
119490
-268534
278866
-353905
531526
-796108
-863742
-850832
604214
-641377
-886291
825280
-999342
-329436
460239
49334
636290
-536184
-294718
927874
-132806
721086
556663
-265707
-115648
4228
461093
-412316
799457
459867
-690817
461614
-506809
-728069
684112
-562211
737546
-80105
140077
-158375
330933
69177
505138
130528
-349531
377205
-473745
-270248
-714304
-17854
246035
-8556
548932
923887
-34260
663081
-838524
972003
562280
609384
-219544
-218688
781630
-877898
427011
-901253
622138
210935
-731544
195898
333935
400076
-324803
587629
623974
703541
210508
379933
485140
327850
796253
900129
605556
512884
-840067
-476840
501929
-382912
96840
867407
-501598
-526754
621693
374063
789155
594105
-194357
726277
-781174
891511
-753963
-315077
-465549
853880
-989624
570549
-586956
260151
-250069
-845453
-70305
806124
-761978
-434874
815196
316206
186303
-389183
-673747
422406
711485
168753
44572
-465543
760495
195345
-320616
-452429
-806513
220411
-167516
74472
669429
789413
781836
-633583
-787589
-419588
-468091
634938
35281
-274827
-932006
-702849
-398953
-964057
-194487
-861233
73944
962550
-688374
-963328
310410
-76897
-902589
-276
-220644
243662
-695016
884899
-38699
747371
79635
562177
-622114
406328
294021
159980
28923
711523
-359546
966573
-273740
-612482
265540
781371
152694
-833724
-653762
581643
635545
111516
840954
660451
-34672
-266245
-836200
-88018
886195
825926
339522
-288598
-277571
447737
223782
-552913
-228819
443530
524066
223107
813774
727800
-752594
18415
-813713
-253288
741171
997221
-73013
613077
831095
820126
812059
462323
-155305
-985939
-541768
52
-527857
-879996
748864
-619320
-868320
859999
-886118
155119
357124
343948
-669319
967623
17958
-320526
439176
-367806
-253662
706692
-578741
620449
798278
865275
-553115
256320
875960
-485462
483826
398029
111314
-178388
-475662
-820090
426762
444749
-704507
-156106
-280177
-277643
873163
-295352
452554
260281
-21795
776383
224119
-542024
465994
-326940
359673
-631407
-586744
-941998
-320073
-485131
-177421
509320
178623
611645
909764
-979786
35141
138281
553610
277974
-702100
-900589
-682862
-696297
-2351
-355928
429172
169823
991885
579134
21490
359862
803427
65130
-557634
-724011
444904
78960
624829
-705408
-318616
-380368
753956
-440204
479379
-69952
655283
-942240
615108
-747626
-766806
-895846
205263
-824699
-669242
166690
-152878
186549
520129
501652
345045
668531
-899379
65731
813085
-113719
333062
-110939
856822
316476
134193
-462273
890242
-391285
-415774
549119
306810
851293
700443
-653297
-117971
-235697
-629760
-165073
-159003
573431
-35020
869476
-126075
931565
577279
-788011
310718
144077
-154936
694206
526706
141136
-571601
-107203
-830010
-91863
-312000
448704
-964158
319009
994609
103906
225122
-891946
845520
643102
-794538
-558016
-988800
349815
-146593
394775
862510
92391
-948750
165476
-259938
-82970
799444
521165
-410803
-503995
-513864
-372570
-535353
-911041
833319
393054
-862089
646360
405128
726944
-685388
-40427
492107
58707
-631750
-656769
-226905
195367
890855
-353574
-528297
362484
-939088
-671490
-794233
42502
-613732
709586
-464280
-454436
645639
5392
491416
73853
826056
685810
-758365
-18890
-534522
543858
205542
366398
524785
-943041
339214
621251
915762
889435
363870
-241832
-3496
-371385
172425
685770
76272
-868651
23953
-715929
130938
985113
-16245
-340892
-789307
-543708
139907
493015
106870
370075
4941
-811038
-563735
474739
470652
747862
516421
277422
762462
122196
-625505
90138
332162
468369
265595
-172311
-160731
-621989
-311042
602376
-535022
614477
775614
-90709
-218248
367514
107951
589683
638530
770368
-83860
-520242
-191010
-738720
207575
941386
557378
293469
-730597
265704
-751719
804468
-572225
-336974
23327
-421269
723849
787747
-299773
-989672
569298
743986
-210613
834938
-693266
-158138
-462221
-932933
47497
623645
-371918
-774522
-153929
-542829
863812
-453456
259939
306179
394158
-799854
-367690
-677406
4095
270571
396089
965721
-864281
-35558
644051
-339358
-256175
935807
-692413
-277783
-728922
354636
70460
525721
-973653
-448929
-686536
932254
390024
-406420
-98739
-614216
-152535
378212
-571789
938779
263983
-732693
-209608
395434
807105
-194783
-349845
-679074
944559
475400
-262785
-172931
372724
506953
597894
998400
587596
-834413
-235282
-455972
262944
153813
-802475
474650
85245
742313
-582976
-176118
117906
953341
-531446
688402
9531
31216
68451
208124
-157931
-934354
-768687
-959244
423790
136271
95325
-880231
-691783
420141
-929623
906462
-647617
-419534
873683
564397
-212246
112854
203060
920454
-461517
-964017
57356
336294
27172
322829
535776
135732
579992
-995108
713320
-888096
436458
-180749
-51217
106947
-183707
79708
-248632
-91489
-214187
-651549
275767
207599
-56610
793738
-949826
-978468
-242805
-207378
-334151
943612
-615504
466571
248685
99931
660739
-516822
-977262
-365400
-858278
172753
506564
424111
-993754
30323
-290640
-296914
858147
-145682
-623730
-792628
-888676
-224815
244074
489794
390698
20809
710644
-378712
-891006
-478295
102963
-883912
-13629
-260410
-110937
-184650
-322862
-96419
704495
-829572
521501
-542999
884785
-259951
235901
-11733
150516
-73204
870702
-165556
-684631
-651595
-947250
214560
-357519
-939092
643460
74713
801122
513859
-231126
396843
210080
-944210
-831120
-386137
750039
500818
851159
-523792
-120388
-518397
-272688
968260
892222
-393959
-179348
-900509
836920
-701712
523055
352914
-578142
-762207
-783964
-878989
-213034
-115086
310255
-468101
-438559
942455
599071
313293
-831240
552492
-340183
-31683
-518157
-889
527477
839049
365800
493465
-355245
-667078
161004
608563
-107360
-333697
842994
-677808
-651121
176702
-696936
-18617
-459327
130055
212221
162896
-460900
-322964
-169894
376604
-361218
532536
757296
761536
963734
-675529
185459
110660
908700
-378754
711284
-343542
261359
-362764
845047
-186403
945109
-588665
-663259
435990
851735
301750
-518018
-200341
666146
-789
882607
-642148
-147487
430513
-178973
-191903
430234
361296
-789640
-151659
275294
-258406
769404
823104
-940759
225045
787516
784385
-472134
276582
526632
349935
208879
-576294
-586325
573351
566555
325379
-278768
-474156
951968
-64635
-575546
-148373
64283
242980
-326206
-136747
-852189
-77228
-18994
-665386
942882
-987412
-306023
-655271
-418114
399081
-841347
780512
947035
936048
731068
117899
-88429
-241809
-30141
-777396
-312806
-848463
568501
806632
-38606
-800055
624804
976095
434037
648828
-232319
-573020
131060
290497
979557
-908022
-257353
-525276
-665220
-488419
-394021
-274621
-119120
590392
771186
542520
-99572
-815853
-652920
-544107
560767
95836
317540
555205
-104217
702652
942104
454001
-808862
160377
18060
-25777
925078
95172
-856553
-204594
338834
-592886
791238
523816
287200
828716
552272
-459195
375693
775400
-541149
447260
-155557
-618209
-412545
912088
-216992
130228
918798
-703791
297641
41045
-310958
816876
961913
743129
-615418
-557518
-567252
127542
954060
938844
433199
4486
42148
-752469
-386007
647707
948347
-218685
-432687
687531
378090
-871498
897674
709180
915761
570469
-187468
-421775
407494
-90650
-97557
-457777
-796162
-838661
447398
900976
-219052
553591
181729
310636
831397
-606809
-238224
-109790
-113602
164949
-521664
-392839
-801909
-380715
-783996
-243544
296391
-308436
-852977
694304
827183
-240503
-140193
122011
-917068
714420
-625767
-966530
-87437
924482
-289535
-322162
377551
577013
-243603
4325
247930
-929964
249294
-26087
769751
618220
577255
902185
436323
-176044
-457145
-656605
507588
-217297
-292516
638934
820173
974449
562125
-418584
631541
-339522
331652
736039
811967
670318
-491309
637526
129261
-100121
-146659
962825
-313276
-119314
138099
-241635
-709301
-461600
577590
-895817
975791
-817744
518336
469639
901830
-657881
874207
935161
-454395
-947162
733636
698621
353764
694626
390328
-320070
468986
-115316
50236
-304708
-14459
492858
-470168
-471158
489279
683056
-234171
-582898
-112005
-901640
223031
-694838
-444242
714221
140690
-334710
-565085
969146
749476
439642
420212
-683859
-145409
-948702
-294876
-9815
525937
-780854
-232562
-134817
419428
-745414
-908677
-803896
-523645
640980
938320
-610465
-217755
531484
-283879
669647
-880757
775044
-901683
-934393
-85057
-599969
286596
823808
-661230
608551
-173105
-921606
950161
-461580
-446934
-818486
-554419
-210050
816709
968861
987463
8165
333165
869695
945440
-278162
716347
191068
941507
327946
-502778
-496327
-913507
799887
599094
810179
703626
766002
-28475
-793417
-497741
165117
-513754
-104531
935732
-909033
-22899
517543
-198000
-36328
-590737
-153593
417142
-588038
184900
-258319
-838184
-539153
216301
-569086
288559
326032
-811461
-618027
-516392
-123596
-833133
897554
597738
-897643
121723
-193272
-32906
-674191
-464925
-432836
-573744
-167240
-416443
427721
-745862
-320916
828813
326541
-420112
-848917
590086
884418
-49164
-443018
770750
-295874
-778453
805239
-406744
63738
-231132
-302476
956455
-665325
-358908
415918
-374053
-947198
103663
-75745
-774124
489822
-9889
-309105
-257715
227491
7982
882407
467090
386665
-15266
431753
726435
454743
-643842
568022
256933
-811284
-590022
578905
510752
120033
306332
646107
-103372
540264
537777
-540276
-288931
-427379
132178
930504
-234627
529112
-6381
-384442
443079
246409
689868
503146
841267
398761
-886405
442732
-40100
704688
921821
-258424
-59478
551127
-727399
808847
-573674
-918424
940849
-538882
-239568
-803060
507192
-488065
-269802
40195
-488866
913784
670451
685504
-91215
-888925
337575
-524903
-826707
289413
725569
817863
-286041
527352
-531350
-925631
-863247
923471
272407
-155402
-500876
-293221
-810456
-663604
938036
188510
674420
-293481
919739
821931
-73523
-891862
265847
-893343
178319
32435
189516
180150
-825290
116320
-868839
346187
110067
136784
-457304
891578
594912
-99779
329824
17903
983504
-984503
-498074
842897
392726
-463479
52544
-333675
-415402
-450571
885564
-265764
425955
102859
145378
-605570
439327
-225602
562033
221814
332976
166472
-107917
915263
-141530
-161142
-888799
690109
-278265
-671518
-27091
-182724
-647335
-614388
-955944
863666
-507310
-303996
-823563
944941
246298
648417
-1317
-153370
705132
-957923
-485
659684
-832627
-735307
-276542
765442
-48491
406020
-332564
-554097
225746
-348362
-952523
386401
-321708
496750
-719162
-410222
791610
946091
705288
-517429
-345458
-41641
249551
-205368
-96243
-164578
805282
127634
-904566
-385116
-872232
540522
-396859
-668399
-665261
-42358
877125
-398445
-594878
-601526
158424
-20707
875326
-218495
146847
-637401
-533083
-188057
-506585
9732
-487359
698387
399683
-556768
-380981
964983
-841067
-779682
-937608
423761
188786
-735239
463351
-394802
-601236
-993754
-582645
-216144
-695656
-671608
385720
163882
-156068
530914
111672
-195443
250157
-461446
135044
-469364
-258633
-494933
-354023
488774
-22976
606228
217835
-190150
211186
199228
-507938
763249
-178504
-649773
245927
512184
508045
943316
-549105
983550
-97002
866779
-214635
-268732
-547332
-196889
704158
-168622
-121026
-131853
-179864
-730244
262524
427231
324827
721152
337941
294605
-763424
-85913
37875
-516716
28072
-45475
-309429
-592790
-339145
711720
447793
667810
895458
-194830
194875
824879
-134210
229556
711441
-653554
715631
-541632
85048
-460074
-27229
884420
384033
-116687
801561
440433
961574
130610
-780469
-453529
34683
128325
932015
307143
-787149
641011
-72391
814470
-925283
316957
140248
-664777
-920991
295877
-733187
800177
-151157
393501
-323634
-975754
999635
350781
-860117
554496
-926153
-783166
-329303
-112320
-182206
-91846
497152
18030
-727338
708163
-872242
41255
900043
-241986
-27717
-865694
-24928
-109869
425192
640562
-221188
-482650
509932
336852
-406171
415449
-856459
707026
-435044
-799890
909557
-150179
-552675
-514730
693990
849138
-379541
-618812
-977765
-28065
-802468
568675
120329
653901
-206048
53086
326336
-831202
-973807
-125227
491111
-577654
-204662
546706
509699
276500
32514
518860
443247
-82951
300155
-472842
887357
355436
-272453
-404818
534833
688066
-831263
-570590
763700
323974
820603
56817
785876
-592957
-601210
-313833
-707513
731392
-56695
-484330
393398
691600
-768452
-515481
-170767
-720583
-673166
-238832
-861247
-148032
-305665
-637856
-776701
-766255
-976867
131326
972834
496330
746922
412460
178126
-489558
-837337
-960740
251312
-531371
364306
-327367
72113
-13112
886153
-267712
-946016
-223357
-219263
243457
-349872
-938935
755293
902954
619308
992394
131082
-480210
-516899
584562
-831082
-214517
-198552
-1981
-774593
507336
-776974
-774217
181037
-547048
-960656
-976346
391493
401108
417779
-829952
760895
-833551
982613
-525214
-326491
748236
924886
265128
795681
-123602
806707
-252159
-801808
-571296
820836
399218
-32110
-583352
929720
-832268
-637085
781466
-948326
864333
932623
-373948
730856
-826375
-834176
261757
-455933
81782
328022
-592786
-903509
101108
-978876
818472
673744
-830912
-576626
-277387
416471
372496
330835
244079
616835
608995
-545652
598435
211130
902633
-794508
-922207
869352
680121
-120391
-450087
399754
885391
-676382
739577
-72559
24487
326407
-16352
-348547
-844066
867815
-212648
885957
792056
758976
-599638
540148
-852109
714992
-461842
464811
-172867
-155016
-980648
-420386
-402275
-257774
415632
-593896
444415
954137
-474372
269786
-663795
-791250
131974
-419778
-22937
-982122
818464
305892
-615888
769049
129258
-456052
380655
-134032
849529
422635
-596633
398991
237049
968325
-584049
-778701
953973
-652970
-284566
215349
277844
995554
896646
654668
-397067
579095
-661198
400702
-872156
-501124
-621217
988721
-640643
-842930
431822
720484
90455
375864
-569985
-227227
-3696
138910
103643
-200847
-897509
-908222
458941
23323
424042
392253
758922
-586870
-974633
-709593
-447690
-594064
234840
-306643
-147934
535317
360892
-803913
-533317
-598312
-955146
177263
-139136
927051
717059
341520
-783214
318469
-979696
509907
923111
779522
-894701
-848482
685855
-291406
230714
37265
-338122
-357390
-643631
-337456
-624710
-196875
-45409
206029
753556
-874090
125166
578940
-482023
165470
-463449
-685159
-127303
531012
156560
44090
353265
717919
817654
680844
-84132
315081
-522769
557956
633179
879791
-45402
-997716
-27682
609979
-937045
-622351
844299
-773288
-522428
-62128
355833
103648
-52131
-97328
-797862
467216
946440
-208407
-508444
704476
608270
-837908
301724
-805419
803567
-514582
-487707
455727
744869
-755131
267288
-18635
673495
-396421
349309
847220
565471
-904250
945724
381429
464694
821606
-262753
947285
186256
493002
-854018
260986
957125
-823158
634454
-983890
-963859
101437
833208
-213713
-105920
-658843
474383
390003
325272
201276
17771
428706
31710
488354
-349891
147756
-657175
747279
-414554
-936541
-707601
-554756
-963073
-267503
-42711
412258
628750
-184517
277869
405766
-753576
962436
-517423
-42258
181028
-438708
980872
-847784
-719704
602871
-93152
615979
-690104
955233
19231
559975
-317842
950684
-533490
891619
849919
797347
-423445
803631
-851565
394456
-883938
592513
-781982
791404
-422244
-333610
431707
-752492
-450957
322897
-930991
449402
995401
637021
-523850
596247
-892348
-264396
620281
-808235
927659
-630868
-739759
521027
-990458
-61179
-475589
717343
765526
74818
256880
611934
-319733
-934682
772200
43920
-393821
204135
369540
-962913
-400812
639664
385512
-656050
-970088
-520008
-55525
-318723
657979
664751
718275
-337218
-271595
-171596
-570131
648124
-757112
681507
-741017
445725
-216607
423725
-322053
-595150
123492
240296
665933
278190
-997398
709241
914080
897161
-852995
220606
578728
-808333
-594131
-4534
-538389
-771698
-14358
291868
7955
928201
76627
-808371
-605806
-444333
-906320
207572
46091
580301
363570
378068
-339594
-471241
-484533
582297
836443
49706
657813
-410958
9830
-60729
879245
370528
874646
971902
-860810
185022
-212032
-854170
41963
-638564
872471
-358221
-89609
804944
-992356
-892888
-705734
-380433
-995855
-851836
-278961
212391
48472
371046
104974
-587731
-917326
-623947
-717441
-479480
-714346
-157104
263032
344542
-161658
-680849
-771678
774304
815733
-798918
617328
-13729
157170
844942
410263
-529225
405732
-303492
-793389
143707
759627
700028
-582824
-587844
-849460
-617790
675668
-608855
-31023
289088
43528
-209912
126096
-527477
-245007
-25810
983794
673684
756996
-504534
-804140
-693548
-354528
360900
778864
-334495
-626115
-627479
-381870
-930501
-138357
540244
-172790
-401136
294905
-788982
219165
-310650
-730262
-758868
234174
129692
213506
348650
946148
739082
135725
818974
207784
-730201
323994
950994
-690951
-987593
-693543
-411869
3236
4107
-675727
279576
557927
-387080
-180647
-60683
-978176
37982
-394088
-929470
725387
985960
829903
-230389
719979
-47332
-377845
-589081
667559
927897
840014
-982716
539567
-939056
176499
873197
-557841
602413
-959103
-272944
257884
-859201
-378687
-734431
213426
796656
-412393
990714
-132598
-602521
684022
-742022
797913
923772
48592
47548
217466
-726742
451302
769931
-426692
-680620
981302
-530485
-986631
934686
887751
552590
-504405
-14898
-777880
-253317
-595621
-880064
-842627
-440211
-117538
-273280
7329
-923878
-164742
349120
513937
-789982
230868
47120
4070
-322507
748749
-91134
-158078
-785438
-445419
639286
-716101
-338124
-840656
760774
988620
-503822
597655
977715
-31962
820471
-348932
321996
303820
2803
77625
-435124
578008
147668
233175
736887
-770694
-759399
-298998
281300
835470
-983308
90120
398992
-18495
356479
-826366
37968
500190
582098
761450
-150869
971750
-72843
-384749
967235
-521428
369722
-259970
-601723
-502909
643851
980079
-53923
524789
-130173
-774140
-473145
-555391
-502325
-684609
-604702
684850
-74141
344046
266141
350464
549349
-958505
-86077
-524639
-777739
448991
-804610
916906
843934
-635758
394635
-283230
484749
-524438
512496
696264
-219677
196387
164835
771891
-774701
-177374
-374937
593796
37818
-912693
-439182
-663108
-58909
42953
-848655
-222742
185133
345095
-951095
566213
948051
518644
-683544
-805183
-302940
323969
865616
801160
955158
229631
682196
-845824
-641495
830181
916400
-13952
-897427
193979
328492
-919093
783362
318239
148415
823912
323095
-321438
-657727
229529
135974
728335
-117765
912127
118643
-43704
191863
764800
637960
-305434
153782
102613
-1622
275934
-147455
401862
839090
-174045
370302
704929
-927954
-503045
660925
721007
153624
-108139
-967962
-285004
-272954
-979765
197410
-765287
854266
944363
-225227
-221614
-989089
-176767
70507
413815
16813
257210
59063
75915
458243
-734215
363800
-881958
-515009
182420
31835
-229857
628681
8819
-157654
-414075
-965276
304491
691226
-764260
-11638
691878
80168
92469
-305110
-472044
-87502
-566605
408943
752882
628478
263230
939898
25297
695388
-711339
294623
-222553
-199598
-372372
408208
-7869
367493
-253666
556667
-975488
839914
-338101
436809
-521410
535865
200401
239348
-579404
-225149
723665
461204
-951034
754433
-786285
-976195
-926103
798076
282203
486602
964789
108725
411071
366829
-676554
134490
-377600
291828
150506
769900
751208
-777101
-995501
426750
-881733
492332
611768
-340809
-216344
431786
-611835
-828688
601813
914036
80854
-656805
-92762
-112516
319372
-947463
646467
-334021
338668
-447148
-874834
291168
133255
-247273
301233
-21892
-30457
38023
919456
664138
872450
241191
251624
-130952
998531
-902948
-709536
-663085
-99819
905060
-801428
945980
-115049
251044
116229
206325
-120490
11642
378133
-830873
456166
866095
-956792
-358184
977899
-32995
-892028
-274984
-84266
976079
413329
669163
61241
220338
77765
-381960
527631
474117
-629697
-883081
36993
95119
272687
-83350
964879
125195
-972103
-550083
139305
798461
824773
929550
-563805
-69230
472131
-772147
232698
360556
-450748
-863246
736276
-435974
237895
843629
710025
-134045
136051
153224
38423
-45237
-958758
8812
-344338
-842667
-285856
562549
-249540
-153904
759476
139774
875008
-212194
-100104
336691
-821694
-650860
-539089
-37556
-368867
-968478
-980716
-641000
807064
-202078
-131072
-747564
514937
142962
-559360
346860
641636
960350
-535702
-546442
770755
-34027
-128884
-730528
906154
-820124
240632
-903239
451783
-287593
446212
-704976
970108
-343287
833985
93049
778136
-393594
-978348
-778227
110568
585506
-469679
-478684
-812418
805175
-67772
218100
662851
-258797
380409
-61928
-922288
-368981
745945
-283974
-741942
343795
-856759
-581495
-640414
-4230
497266
647856
424929
-432323
-926520
-757503
-148479
-839492
707696
63019
807146
-643943
-841161
692691
-207295
856346
946370
-681594
-334639
149556
335989
616922
116096
561902
-940535
157145
-10839
-722253
-584851
982075
903921
-125000
-490209
-105511
-868904
532510
-831187
449568
-137031
930553
-510855
872506
-834896
203094
28083
-745426
-223709
980518
96687
-903533
545627
-513494
-767859
692127
-196854
-543551
107183
338721
850546
355949
-524583
119798
849215
346984
-669571
-664988
636943
696233
-874284
289955
-982664
73278
-583166
488067
-452931
-604342
-873940
471337
-485268
707920
913178
-625722
-952861
-836878
-711633
935831
82422
-573292
10618
286643
180863
345368
-988378
422457
-121673
838230
-771768
778430
865538
348221
322586
-893892
-266868
474020
709353
511262
448987
-466614
115769
931450
721611
840913
-229884
-227281
-744253
-280728
763942
610576
594949
349957
897394
-576517
-594189
125123
-38831
-761615
-834590
193358
-778285
-136658
572170
587766
140692
91728
384007
-667202
395844
-37048
-493109
902277
-665605
22808
-750152
440314
669873
-38896
-728230
-606639
86679
-413012
251995
550117
-180320
-232704
545659
391585
-911404
-952340
-270632
-115629
-778635
-214994
148721
812779
-421237
-845859
844406
41479
196116
-204816
-169204
-775236
-834961
-898738
-281582
-783763
-22024
-137335
220313
-42039
-140252
-658632
-92804
286951
-976125
-437279
885868
509116
823556
-613012
865082
450040
-692411
-263724
-595599
124520
-427630
948789
834043
414558
-598385
963074
955433
79942
-340744
238617
-633797
592408
142492
591513
684993
86997
-982573
-492442
864268
991609
634851
-146127
334960
938267
304921
-604731
501993
708049
-979590
-137034
244545
-883812
-325642
153689
-753692
291107
-456664
88542
-828977
846921
-886648
-463257
706401
-655441
447813
-608206
169461
-320101
892789
337
179642
-589164
643296
-100042
321529
7995
874947
936474
-811427
625918
-343830
864767
-989715
-562884
-640636
-421393
66575
-578553
-345923
-237644
-841644
-538579
828813
-747630
-693699
-512946
444023
426632
527231
646786
-448997
138952
455139
-203218
933075
850004
671390
919125
363179
886931
249219
997732
-296268
-647127
-141657
607565
-531532
-953638
584734
-679167
-998507
-186910
26072
562018
-421623
-815946
454424
-742286
438993
180797
755243
626639
8209
-75826
-164595
310674
-304541
672663
-167565
-669997
484678
-853418
-512705
805152
313163
303352
-722242
446078
-346488
-683597
-580199
-958700
-216530
751438
207240
630617
764113
380630
-366026
-329542
902777
575058
-430944
227533
-930892
-672737
-944663
-14582
168324
910293
696769
78433
613881
-912441
-978821
394271
-568224
-569376
330343
-934006
-101649
-748032
-733413
814957
936202
954226
-744898
283087
714781
-16150
-920486
-677417
863691
928114
389590
-630635
236483
-206232
671962
-553207
73339
-18608
-799695
-254821
-307700
427467
293052
-713958
871233
150956
-206153
552313
-837020
758852
-207816
-139116
-74166
-167622
569445
215497
503315
-505962
431348
-18680
131417
946540
251977
272272
-19862
703639
-318084
-118681
-841970
-675053
-676206
-34177
558732
-489893
362422
272103
757179
113182
-589082
961196
-374756
657706
-327680
-871572
-735916
469364
-271724
817669
-291243
57301
940190
897657
17078
-183618
798005
-550277
-652679
113425
106450
-448907
-661302
755637
-237798
-949984
541724
-381282
203389
135781
615444
351709
278807
-50488
267559
271351
820874
515551
-671416
-678175
569
-783810
-69109
-121205
599268
693167
-428692
80043
-697139
885245
996349
688060
-631189
365498
386109
-261053
-512088
756859
493246
-404408
937960
222909
512801
-634068
133683
596439
-323675
543272
140390
-469556
-604001
980124
-560959
237859
-421437
298113
20048
57062
-820418
815889
590507
-656529
-42126
-578768
-978683
-685706
965238
727977
815639
-854821
731865
-59406
840292
-253879
581730
610829
-445832
-351096
-605928
872950
-661391
-943894
311895
-600739
387119
642723
313652
337055
-532531
78656
-507246
548341
926710
-606713
724192
-420466
-797105
34728
-573957
-57294
258044
706245
-747229
-381635
177625
945232
203204
318773
565255
-167527
271921
-356506
965234
15495
-793817
-291407
-665943
643744
681699
943031
68515
-63770
-617691
-59313
717574
114028
142820
181971
-93126
726396
154821
-382198
-978558
901853
-695332
290636
-506162
-112272
54984
549628
952892
-964497
142868
929402
-177321
310977
-302063
-633055
-370653
168872
-807665
35546
-429782
-372789
913221
-18164
-402337
930576
407102
-790970
561098
-532246
217482
220341
-474962
863106
-688806
-893092
859951
198139
392896
917829
341962
604395
-536911
823921
62365
-717722
-645387
-495914
-525395
323492
-766461
-739684
-52326
291402
12211
-214849
653074
861369
-177359
-169564
76152
-445592
-949181
-881024
-47054
-545058
299957
17269
405176
864406
596964
818852
-78784
-846146
-611751
-45070
-877237
457617
-368597
-187987
981045
-950768
-488120
-957984
481418
169199
14399
-447659
770479
965359
704835
159466
-551607
-952555
-306230
-153076
573222
-921725
223886
901324
-616297
-840874
240967
-694903
491356
215300
-582872
-534658
925138
-625774
-740554
-699019
708611
-687182
636914
824001
-655491
296041
-883632
-751460
-831206
36015
725551
972456
440278
614022
198419
-437276
171390
-327139
544852
831936
554602
-165546
-696098
957204
97564
191660
375524
-129617
596926
246995
-148931
709366
-241451
-566727
887895
982029
796198
835639
-589637
294861
-587323
58989
219381
297358
-533507
555445
882390
-709560
340257
-14715
-140526
-123355
761035
751626
757048
-229634
414903
880688
-929447
-576991
755865
-25689
-65330
-37610
603223
150823
-480467
474729
211431
-532008
254466
-500533
593986
17282
-386455
-705193
-473436
-422319
-890199
-363290
405458
-787749
-595983
200629
506829
223350
392609
-472429
763644
-462609
853333
641908
-542546
-929215
482142
647009
327629
-44752
-636116
-354922
-255098
680909
470291
-524919
-312907
15915
-29338
229631
125972
786834
-69973
-242225
70348
-923204
236507
-399370
-612298
-245737
-233746
-894375
-152932
-427716
-339489
777087
66342
-479296
-85416
-106385
284330
-176571
640231
469437
390089
151928
291833
-139155
-66085
808639
448789
832126
264282
-446164
628141
730595
943979
-451418
498042
-106651
-468195
-171431
155020
859857
-290425
-221083
54720
806464
239394
-738727
-296003
914693
-151865
685227
79526
296190
298134
996415
659551
599463
580508
-527740
-212747
-183427
85655
-368362
-959128
555025
-715410
790442
881747
-30994
4691
-309974
-102616
23905
-823919
465182
-471825
-79793
-18572
478157
-108700
-942171
327044
137940
-687047
189500
-834752
-447404
470113
-973486
-403258
-36937
-388090
197183
-983258
428491
985806
23814
-992536
-679879
460520
-829035
203617
629410
13669
628635
174566
-968416
-601440
-162293
32406
-104038
499207
-489405
758728
902819
-414079
-988611
-587979
99119
-628368
227222
-486228
876196
-584460
14662
855521
792280
816874
-804999
937070
567463
851810
203763
-962211
-491206
-549984
822599
735572
113982
700658
-625720
-494459
19548
-928856
852210
-966431
762304
124136
-104067
-320182
-990495
822587
947597
-482819
-166281
-470340
347756
870071
-920080
-944129
336366
899632
452007
-274800
-868395
-81991
-73175
700389
977626
-19119
406847
-423797
-888558
610008
87664
-679861
478502
-952437
-412756
306194
353165
-282625
606257
195714
-729407
167086
-267249
-87574
-683000
401194
-731762
736515
-976240
573828
-16259
629859
-215770
362599
970169
497022
-106748
-734648
749772
674769
129902
-386457
-851009
268064
771305
891321
647808
699873
-575242
-741558
-130118
958741
-477857
697650
-946304
927190
443029
-119768
-250151
730957
730630
152849
457349
-415613
529977
-839248
476551
-890317
340981
-72507
-772061
-494468
219402
715085
-254637
-266865
997885
8279
980504
-726350
-245276
-103579
-503726
489466
875062
65342
-527967
-649671
68376
-725077
520200
658387
-332553
35006
-690855
678397
-177420
46616
-324496
-371445
375200
-401811
144555
892136
812648
442158
383960
-521289
199425
103635
-854767
-824790
883841
-267464
259257
777203
-510861
252530
-683635
-382496
142211
-100707
898569
142838
127511
-19071
703424
-324606
-95266
583630
-721600
-971361
-689040
151648
-948262
-689066
50518
-782184
366902
-674448
-129007
-841470
459820
649049
-533892
44121
848583
708836
-217377
410839
-401821
-130809
171278
84721
63227
-961467
-205582
746733
457053
309214
-53708
722142
77373
185152
-113777
-789981
-411675
-388182
630415
563592
-265109
-937163
618958
-575168
923406
772637
771881
-421948
572119
-407754
62160
473702
-300139
209801
-228891
729950
-219238
627604
746965
26420
-772734
57500
-74960
-791630
218634
-992634
295087
330403
-503945
-78252
597394
280703
716380
627125
383265
-517835
620276
834084
-618654
-99602
251105
610437
750682
118143
482340
-506073
-942893
-193960
265492
-925274
19199
66274
901814
-976294
-467986
436334
671342
-92852
-490828
-519079
340796
-443270
303201
-437351
-468561
197288
-33802
860295
912578
-277892
-106138
-365850
-420374
533834
-325703
-228073
431279
344294
-657314
-685191
48232
-853550
-914362
-707357
-554915
-129565
942367
374163
-263389
-643488
297741
376260
-393869
119770
-734101
978275
244677
915799
286728
845934
422318
623926
-542281
176706
-340415
-693536
-878016
-175087
594140
-663704
246124
-712403
615498
660174
728373
-412642
559728
-608232
765167
144785
-214497
395528
327247
-507219
-299180
-935071
-422013
337959
129245
-398303
574722
325126
-955947
598585
642618
142992
657821
583767
-421180
376267
237519
-287040
62731
-822478
807099
-715087
411500
915144
563142
226837
-250978
-550336
205808
-193000
351291
-326533
380582
-958089
-131850
-656052
-988445
-515693
217220
552082
84587
-594377
107761
572139
129607
-32445
36787
-401576
-59052
-306861
-32475
324926
-809731
-366323
75814
-289704
-872559
611184
-239407
-808870
251579
312486
461312
402657
721144
166405
832534
343934
728368
-656689
-981395
-197930
-506367
-656671
-907634
316325
-917593
742314
793130
855285
-603011
79758
-536859
399396
416279
-588190
465979
-273231
-498949
-175432
909526
-722949
713897
-169544
949004
-619742
-798401
549739
970189
185205
533046
459729
125346
859958
-582495
-68345
649253
300411
903230
942791
-770916
-321642
613267
477773
529009
-899
-47240
-982203
-847739
-953158
595869
-334310
649291
2237
-559672
-675557
-231536
-897226
-641669
-335844
-616400
-317604
503002
-702032
37094
-445801
478315
-313334
756482
-609464
-244794
-218250
816299
-835916
-821562
535309
-177597
945512
-736334
163217
889159
-685053
107069
501851
-736277
-283902
522192
825592
708580
570810
-353741
-615042
-211067
-971416
-907753
-893126
-34926
753188
-949768
-729104
-348279
192094
-623086
583266
755509
-322324
474618
-135435
397448
-746951
-195572
617713
955462
-23578
943012
656943
-240731
241162
-848122
240195
511089
650955
-481891
-840357
802062
912529
995031
-296944
-683941
508975
255845
987953
-957295
-209850
-220316
18211
935765
808686
968705
-523045
665207
582903
548891
-173478
398759
414691
561842
780220
-958248
447338
-825796
593797
748172
-451430
-394063
-979170
395101
-58410
911906
893402
-674787
355958
-416335
-142127
531803
-644241
-866754
794127
-676411
-408207
260653
-368444
83899
-231181
-344876
-204507
11327
-323701
67676
177638
-38003
682772
-578928
226462
-492638
813829
-520095
-574619
-337559
-858410
-392995
-921708
27724
746944
448131
-720073
531081
-233472
600419
-602010
436679
360826
142389
-323228
36755
244226
-932317
180437
648397
-550003
-742586
983055
-459262
754946
508198
303918
218729
-44795
-396186
-964593
-262718
771641
-205210
-125975
-200709
877349
581729
532527
-175574
500440
640940
-348250
865658
636317
-858742
324609
-860798
-881544
-140753
709724
-106060
-971681
-143996
-885425
-247641
912089
433899
391804
-527481
249781
249521
102749
-326472
752368
99296
112284
636274
510896
705242
720897
980624
406443
-687386
768313
499243
-282746
568737
-702035
-586821
683922
-726590
-789242
651556
724936
503147
-377110
-63548
-84597
-50341
182566
-306620
197301
830069
98902
390599
458848
-978421
39839
854312
777459
-101999
-922132
510188
811009
758482
925954
763082
-475285
-681662
-415951
-564158
-304336
-960959
-288807
-926337
852648
469059
-753445
-155946
606152
36293
-867225
-553496
461305
800035
741390
-760722
131321
-213973
334417
-588634
822341
-859978
-679155
-241157
-93382
473969
-4906
662507
-351137
729199
146491
399443
-41824
-567201
335674
-683947
-8889
-290980
838784
467777
356728
-643340
-174489
552025
625540
-73099
-210677
282258
475248
346256
541273
742881
-802808
995933
384850
-675117
9307
974630
961298
886946
702070
241303
-700261
-941989
834426
543183
-92926
763650
680684
-888952
-624654
-661783
851260
899149
874349
122222
788497
717895
-713529
-138511
-614626
-35608
756896
757973
-30855
-530352
179895
-786254
-968602
764358
-255178
-33855
-954294
826101
566289
769726
-864838
-838392
-265046
-730695
360021
-108506
542730
-945930
-249486
-435124
-707151
657258
-327312
849791
401411
893399
-312877
-361425
898841
290896
469496
-145570
-845521
-355176
757060
644238
-154571
144339
-136468
824681
458897
497998
783198
-963578
701371
-719718
976415
577292
598877
-228554
303519
135969
-911085
-127290
-36799
893352
21244
-490022
852589
-837045
-620439
-852601
317637
757031
-529507
-90897
462418
-832833
-730526
663701
410207
33169
663734
-79524
-79175
245124
997197
-923739
773498
633590
-500029
462880
874248
-300148
-641857
6990
-979815
-579610
-196385
-592317
766900
-582885
990995
799849
165432
-550004
410893
640600
-76069
-86516
-501651
792153
-706715
-794108
-853796
-530836
556324
-182226
-983137
-131628
914412
-586602
-980073
-116363
-386360
413556
201391
412439
558043
-501874
835314
153645
-199389
70563
-824898
72352
251391
-19819
912077
-899028
211255
841846
-851315
48817
985969
-173883
860719
886122
-837394
-205746
649034
968433
432002
901791
153892
738994
578309
-371751
-671142
923521
432824
-533760
366273
-905669
-741521
355809
283361
537142
696878
985063
166197
513946
172972
729201
718478
740853
-927622
328882
577492
746117
249290
98785
22728
176292
677889
422255
-235240
813319
-713729
464654
839135
671096
-448992
203118
-823643
-339268
-68167
664070
435105
273116
461384
187979
628149
-92567
676099
-911295
937677
134845
-30106
-450311
434417
-613710
442085
822925
940894
55621
-104792
-382449
574816
-954897
-666405
895120
89174
-423302
-577687
-258179
-598613
693838
-910542
-432427
288093
-182738
-894063
-627615
-654961
390706
-768810
566281
133819
827047
783237
-428011
869049
506588
567556
93769
32287
-267630
636189
-650153
650039
978462
-668618
689550
86065
997317
737314
513612
-1605
-956100
199262
-461318
535612
-466001
351933
-358360
451183
313815
197325
-941742
200144
207140
7503
-417186
271374
-35065
-802921
-94817
553072
289699
-363001
-80852
-414841
-584952
-2249
736808
39450
-64569
265992
904146
-478382
-870554
-648002
-126892
580921
254312
600609
-598450
-55775
-166113
220467
-853876
-204524
-757749
-214008
422438
-194850
-758691
-486057
-265528
-708425
-126566
-574716
-623790
961400
350906
361666
-862526
-448256
869368
286478
-804764
191544
-203115
196349
865222
244444
752497
-137064
25376
-481119
-716612
423267
-158272
943766
-485135
-262509
-794716
-202111
-920966
918135
170652
-580160
-193743
882169
-801090
536613
720573
-374912
705652
-961978
-993248
577160
831113
959840
326062
919324
96253
334519
-925490
-936801
217568
505194
-213170
536043
847090
-454453
318177
-695363
-70210
-681920
-8261
742188
189012
747145
26737
-320854
-236204
-766887
-961350
-670301
796301
777762
-678966
-202798
32976
544457
-968528
666162
-993558
-588804
944667
-784926
573096
109519
369055
924490
-141594
-72163
-759782
80947
-568512
-14291
-349284
-353175
-749247
-591510
-309512
-158695
261163
784796
-105097
156192
-381220
399507
196208
715832
864566
869912
-244738
64328
-529896
717406
-995192
-613468
772393
106046
699230
347289
-800945
-968866
-308135
-343993
40380
505372
-893392
-491074
-156778
504782
186646
-849545
-986364
209136
-748126
597955
-852278
-74245
-926884
-349773
-133553
240449
717202
-483396
271446
414059
766579
-688218
666569
-306409
-122390
-436842
-430277
538675
-926187
76150
426133
-229949
898581
751007
-251864
-158202
814366
-60442
180714
338634
-932812
-191788
-154344
-504819
573062
871726
-928185
441297
93405
715849
-867258
349623
518841
-404751
-723700
648625
911834
395849
49021
558591
-370745
764812
114247
-98484
993661
949955
782868
719570
614222
-473492
-701781
-356779
860477
-209998
789590
519209
-105616
-192395
-29737
695730
-460944
520028
-813811
696509
543842
-788992
741791
231646
-443152
469463
411184
685201
-475836
264515
550334
425270
783618
-539953
8912
264851
-111485
-985166
428437
100822
460162
933796
297618
732198
786241
803616
579493
742813
-238425
755247
-583719
-412832
-854048
978624
855122
-209607
-514961
450242
-37722
359934
615541
57597
-416327
914205
-640867
-478797
-315095
-203989
474718
-213843
258733
-437912
834402
-929423
-871355
-788336
-694672
-1211
294393
161182
559788
-41066
345722
-423322
803001
710262
-54850
973132
-952226
-659540
-830082
-22168
-95961
-405851
-473952
-105173
4157
-565692
661381
-320963
287956
551739
-277490
-443965
-489105
917888
-445464
88945
-933017
-885593
477509
440194
-991655
-721333
-911476
579738
831399
-46392
6524
-567168
-191496
526295
-214339
942710
-465746
-688499
-799303
-296721
-345864
115645
484054
447066
-697449
43089
-140602
67834
-331199
-507034
284678
-347501
14788
532982
625602
-721407
-697864
60525
203626
-429669
-329303
-170035
-109035
534015
-248816
943681
-739487
-952525
-160313
510487
264535
-34330
137120
790551
103169
-23686
513215
784499
561675
-980933
72252
-681160
-609914
-291625
-680371
370250
565851
568892
349996
-24312
-443459
-906821
223058
-361490
240100
754348
-575434
-387169
565617
-3702
580695
-665627
81212
84937
-500403
-728568
36073
-142756
598030
228723
507821
-585439
324798
364765
344178
367331
44155
-643951
46076
148696
-161012
790024
-461587
725018
-933903
330928
477978
-800789
-673699
463532
-924581
-312912
-936411
740320
-295662
-486271
219791
-618817
-676548
294137
931707
876866
-899552
-29230
-890329
926718
-450766
-734550
549671
116978
989029
136389
780012
-760844
450589
216279
-665946
-860566
476468
-613002
395156
622905
801419
-119015
-120511
146985
506986
932452
691803
-286611
-437271
491890
-247854
575730
-563885
-717795
-70992
-212454
146083
971380
774871
-766722
878661
-531829
-937810
204852
-615089
-588429
-427730
-585724
670377
-560732
-652228
-934339
-420804
284531
191284
-887523
710969
-127855
674638
-848747
964215
-51519
-194713
-835525
-473270
368995
-305814
-234268
-181890
868812
-723744
-522689
733808
974094
363821
971032
848205
401402
764039
-259997
28740
-323162
-334145
893283
-811260
-702559
71817
-329536
555633
-203506
-853306
508938
-245329
83273
840449
992691
130571
42599
132607
-11960
-483301
896622
520282
-70066
939219
431053
-830097
491586
469040
-737055
674302
-906749
633393
829423
-943645
-525572
366245
84358
123232
567803
-178663
-196354
121818
-762368
-712369
105389
-720150
-475233
34240
765483
541549
428737
644571
-865787
-710756
774366
-767645
-409554
437684
170918
-187500
374529
-496801
-814944
704898
60964
884359
-359888
189773
251347
-361521
-419688
-470937
-697400
70885
820686
-132017
189523
231550
387601
213888
-655155
-449377
911986
617035
-490416
831389
148364
-679207
238698
311334
-195229
903110
333861
-209435
50375
85085
219287
455765
575531
-749570
683758
-87645
831256
752877
562766
877359
509728
-544078
184024
364343
553232
-293062
563855
278957
260011
-45938
-913723
-693013
-251229
-408437
-979211
-392070
132162
506453
-291982
784609
-356147
298403
157028
41725
-871850
349687
654635
404198
199877
-793514
539690
281277
654275
-264777
504886
628693
-996969
-979893
597847
368669
442003
352449
-380854
-115815
458169
786932
447959
-305761
3383
-642281
-529026
602237
-166720
350984
-881562
907846
-62138
645928
-260066
-331565
-223382
-623041
492492
-296942
-749517
151056
-440975
37255
215524
-148158
81683
-313722
-619990
-499001
-363671
-929682
-450256
-746103
100658
-130413
-74729
-654850
-144877
-547371
323718
238146
462040
-401417
747649
-270713
751682
503029
317428
-497141
543545
505301
-105265
-552709
625889
773510
-869783
526922
-645422
-201854
-563433
-961037
-876741
-841967
-68609
319182
-24426
421555
123792
271458
317439
119230
-937495
-430671
-985501
878321
764984
616906
-903013
521054
-354363
892920
-159223
987822
-199764
-72119
877726
-806378
285275
186836
-884401
-995447
-504578
548454
573985
-175366
635031
923411
943975
364938
249366
-547409
935077
-95008
931110
-508610
-163650
122740
-406371
209893
554832
635447
428498
198460
321233
813499
100161
731449
246341
69075
350129
-702712
178488
584713
329007
548580
734371
-711588
-936216
-771286
316204
624899
-502188
-797009
346156
963711
-99849
-860251
642789
-573238
-619845
-633752
-355503
128624
632639
957322
846764
-578506
367077
484766
807838
-197327
640299
370564
-227338
919078
-477138
642621
252942
865732
-457173
639617
528051
661843
819547
-706682
861766
337377
747109
66477
-295322
453058
638382
-738012
-720165
197104
780442
901536
-980935
341610
581355
-588968
-962412
992185
-724717
-439037
740001
-167756
-636266
-929064
-80737
-861384
-941408
-180070
-725140
38852
-526998
-15172
-523705
265945
-340081
347888
150840
394101
-579612
584389
243172
558540
496943
-607452
543766
972034
62970
137999
-424570
888190
288662
-661597
245603
-65440
-193919
128711
-604631
523969
-59639
31402
-912671
357602
829123
463106
436252
774125
182309
852459
584819
-948217
750829
159647
571212
394941
753866
627183
429581
-833502
249865
6431
65012
262904
679604
-343775
46741
-539644
562545
-719380
-452476
-921282
922833
-694453
-747255
-516498
-140104
-682895
-339416
-147001
-457969
375172
-681569
-786738
688455
12082
687192
843139
-342874
-762308
-72771
-739722
-208178
-263598
-412573
558074
-279636
357983
494237
-792689
154700
-95386
946307
149123
551552
-609203
-553948
-817015
-218723
-202653
-480608
537167
94543
-713183
-127498
476927
392257
320941
408005
-284319
-954985
174668
976896
-883367
639853
-362439
-124194
-80770
-762810
692218
-295768
481448
-219726
-120103
230855
657007
874594
161787
702078
984271
-785850
-527145
-680921
479901
558491
183859
416727
-1086
78672
192470
452965
516884
-671546
-997312
-510674
-729015
131684
-718010
-72510
411727
233238
289428
-443598
-910516
-899420
2778
574814
559683
763982
-247552
-607466
-728244
974008
402515
-564791
581074
-274688
479438
98672
989085
-931086
-697091
-397075
-79680
234213
-43814
190869
-572285
-712071
-331194
465919
370960
-798145
12533
-830869
675261
124154
-522872
-483840
830585
562884
-599223
-151580
-194607
-618376
-656013
723167
911707
790896
746077
372039
-419059
-458401
538851
395807
50678
818436
656169
-492875
144755
-696413
998004
-332164
619730
-503143
135714
-727242
-591192
278609
-701121
948473
-892271
488816
367934
899037
653732
-32030
-11925
947654
209363
-877378
-929053
-714203
-10255
-616854
776043
-758835
-712358
488692
-590154
595268
-689282
-756982
-118652
-961563
-832661
982402
567963
27569
-610060
73408
546284
110273
-149718
-381273
525863
-856480
-489714
665102
-205223
327046
805311
-485795
-910893
748565
254616
-26014
-635875
-989257
477634
285334
315141
82058
237391
-563431
-175120
-709482
611850
-21772
91169
151934
160233
117728
-309710
448624
-707476
774066
-419207
712147
985141
859822
-830751
692840
570487
514854
266942
959645
878723
-745424
426454
-907594
802192
-826799
-291153
-855728
890410
874781
-711305
451765
-978484
854245
105559
-642851
799435
-951491
-195873
315971
186258
185784
-410640
-76068
-123414
272012
-126004
49994
-525434
-58889
938187
30431
-604359
-27731
-469422
-977662
-775092
-581531
747236
791143
-310325
-961954
-107624
562918
737177
-650340
-906558
-497978
-503733
769342
210245
-675425
453932
-571330
-48461
776077
709388
-905363
-945507
-114684
-810606
-472145
-649937
489020
-918363
245379
-951739
214742
856835
409023
780184
40566
-459969
889532
-617577
-817262
512009
94735
-104158
763049
10965
122698
267213
324963
-110071
299748
-64239
-980683
-355919
438041
-784493
-782967
-488672
-499698
207880
-346798
-830631
-682966
638302
321483
391598
-328310
624437
399574
-410887
-906505
-495388
-12144
201251
-647174
-703729
-700177
234500
948765
292
-792508
-976355
-854925
455584
140825
-522210
-655242
605964
-261836
430636
-387714
-914102
532674
-218703
-71483
-86554
-450752
201810
-86379
-545563
-942301
985270
369
-737630
-976205
997586
317492
219938
819303
807646
-544580
767436
892028
-880026
-822221
232625
471318
-191385
-202392
-142113
806301
-75931
985934
269074
-545515
809333
327077
110119
-250161
-314628
969741
-318456
-756076
-140851
-830471
-556185
-666353
347946
987241
-963660
-832678
487971
-120207
-752747
641012
-988876
-754358
-22254
871109
-380782
393767
571050
-190388
-90423
215875
426615
-151331
589315
-259429
796569
-626703
627851
-190276
626626
805982
579190
565956
-601653
812078
677194
981281
904735
-798913
-885899
-924441
-365345
-926963
-383282
-9162
-708946
-759994
-105088
85296
-943557
888513
-843795
-574135
-254940
872567
985082
612969
119015
-725233
308296
739383
-590626
444304
368847
-441784
-855372
-684217
-770017
967318
501098
-236340
472529
233498
220175
-419090
508664
747462
933427
13263
-188490
-235175
-887730
-763025
-833176
817903
89770
-961475
511506
-348459
-511203
-236391
-633177
813823
60298
217320
281014
423280
-625334
-249932
-193617
379001
450358
-157457
-2489
540113
778560
995653
-828924
-432966
-738947
-872507
-46190
-285310
-496602
-920374
394332
-918039
-30277
705105
111518
666158
120476
-574073
-20572
980697
496830
-247151
-685967
-310927
-470627
-492672
539760
270031
229799
103439
56484
554435
-480699
923886
-777223
-597018
-270290
683093
-35765
-577770
-487386
476595
-337002
-998262
-527193
-921882
116501
95886
-529096
-961911
368338
-110314
-966806
-22309
506723
-958612
31623
-755886
604327
-438748
-683726
-688324
-4543
325733
98574
847541
-652769
852873
875036
-926725
245347
-480476
-798545
342777
-726027
892128
-616320
-897587
-802126
577194
-407826
491550
-320927
-90840
631773
840373
358364
-473715
222818
-524910
-569837
857632
-463164
-337775
27449
-234081
-866812
275193
947567
955379
478288
-966110
-81839
847971
290903
-234006
259242
-140321
231273
-681629
-209035
-838129
-66031
-378278
543379
-829881
-782072
-63072
-465115
-448352
223274
58029
-748297
836791
-637559
664958
828956
347289
30184
838627
-550306
-595977
-592560
396415
-39391
241060
131665
713612
-349863
481655
843965
-845643
819319
-846342
-378689
-771091
277920
577312
-649793
519534
-327311
-584119
-664676
-571217
-546632
-859944
149253
-128018
-401263
167419
-61102
920825
-427077
-440504
132788
169931
601609
307691
507516
-927475
-305594
5815
-989731
431221
227314
8951
-736872
-290206
446717
926326
930927
-973169
27114
647103
-969248
-860548
-343230
585231
274773
402
-777081
725252
455128
-941575
312311
151427
205366
224406
-583895
309431
-608887
489766
686000
600744
549920
417440
809207
-983583
-772652
-90254
-846356
920564
351715
850640
897110
2948
-764103
-995776
-743729
-363864
-64507
794658
-266126
7974
193028
625944
43261
165519
9792
-812293
-247603
-667543
-784501
922733
-680214
994857
451770
970214
-81155
417934
472262
595720
-330526
-356717
-79800
57784
-445781
891374
-300748
401350
-167033
-847311
-379864
-384827
401415
-963391
-691790
-863486
-934778
792661
205027
-243771
-965978
209543
-698312
-321270
73956
531206
-8139
530020
220166
703293
-433051
233736
923253
761805
-963268
659105
809140
-106102
-333454
378687
597644
134261
-81180
469904
869756
155248
321022
763603
528743
-738852
-406083
716556
84078
547842
-580934
863889
-338139
-801459
-81412
-381163
492839
294019
602599
774059
-840700
314117
-30609
-65501
274383
-733822
-960224
257044
361374
949555
226275
-650754
-94380
-617572
-224580
-96694
582934
847239
274077
809517
-375296
-157891
-512673
-248350
53690
926319
-311324
164027
167664
3472
-278588
-694820
-365546
-285493
-671929
-640440
-545223
-364150
737876
68852
561638
-655563
954938
-458655
-427484
966018
-884651
-248068
640899
-225142
971964
336837
771455
-551009
-945395
-691916
-326426
481284
193074
706413
-287643
175179
-42356
632873
-490984
-120659
-902360
-759210
572076
-430563
916108
-239942
-909446
802787
802270
213275
525128
320783
-543311
467261
561159
280406
-656160
249553
155179
878568
-927467
128367
650275
493784
274527
-901141
-950895
272140
-129909
475165
988689
462785
286884
928666
-843451
-352445
300907
-922779
-403758
-540066
-349217
-44825
-862172
460496
209802
668113
-886545
-875925
-195638
456957
-695370
-947467
-752784
-209745
-704783
-103928
-444422
667506
-629077
-710787
280893
-164681
117088
669687
377236
365097
-621625
362336
423103
-548641
-452752
830365
-306452
314446
384023
161445
491118
527975
-582830
294699
724396
-281250
212643
-785511
228586
962975
-815714
16252
-644249
413345
-328646
-944067
-926748
544273
-940829
56178
-700042
187570
-537825
571399
199132
-725632
910502
620551
472832
195915
-681988
-682397
480699
540507
757715
71446
-308169
168275
351893
-101380
-647235
363996
591267
337814
-403267
134333
-336214
403972
-73098
-221772
106507
-879761
319818
-321929
442055
404579
-5953
667886
-895545
879876
-729676
-951780
869631
366887
-9854
-421430
749707
946913
397866
-464963
31654
845626
504979
-882985
727132
458669
-616935
-999090
365401
-331315
240444
568729
114418
855810
-489746
-339909
13101
-743593
-580968
533084
-611829
442176
453493
-774247
455962
390868
-542090
-676796
895258
188761
766804
510459
-837435
438148
611219
802576
-6698
758341
2075
-521843
-839297
5080
-121707
-643405
-603406
865449
537144
313751
476329
781877
4375
33004
333954
-899807
239092
922582
-660156
878103
-730361
571366
512185
-28089
941235
335240
-590936
385851
991286
-683695
-196334
-420049
-183873
946287
788040
-972308
312162
-340956
720975
942443
-694275
470216
610657
-772319
-225104
502098
-391419
597184
561615
-60309
-115089
18608
-228580
371986
33659
106813
349978
-666013
-502144
-531261
274617
-513210
975366
-233843
-561936
583454
645431
-843363
-965395
-920264
-546081
78991
411700
-321647
-197117
764544
206546
4659
304129
666185
967626
-457755
-77664
-36397
-720048
-714288
-344341
877238
219198
552682
365745
-392121
-775150
105781
225367
-958285
30454
824344
-940925
-642222
-148190
564019
619530
-654379
-158758
857230
-880822
-470996
120396
-86153
121171
927905
-385604
-131940
-458138
-644014
751987
-636776
77554
-104180
-177770
964401
-98059
-802413
837014
-794577
369663
95638
-448696
769032
-594526
246034
-696677
966039
-866923
314849
-175104
538070
559851
-452864
383627
75034
189539
-182358
-321395
-385392
566383
-279739
699418
5216
-737610
596266
54817
521128
678819
-375280
168117
-369174
-553185
-979753
-778707
246313
-820824
23940
546909
-252328
277533
-76062
676484
-307398
-834438
557197
342658
758716
-718094
-572977
617
-656367
-397635
466814
-44505
-394861
-752288
-348832
913720
-349338
589776
-85473
-602835
99321
-330079
119336
-342040
-510546
-61854
57893
75852
-829564
-178873
-811227
-773528
-657151
413646
267515
-46713
-216364
953938
-63127
880187
684587
-645722
734963
564217
-730782
610304
-467811
-896725
-145320
-59138
-803586
41181
-480173
-905958
-463313
-477315
252441
148961
680710
-257860
-528518
-797370
-367042
-767139
337278
759114
814387
-617709
886163
-217330
-62112
465447
-542486
-686948
-20134
610738
286643
-348335
-733452
908469
554535
-943634
558740
733471
-205699
-449084
244429
-420760
-568726
794723
259182
-801118
-536209
-989077
-614841
316038
-71858
-572717
-725950
931768
818874
508037
745742
243385
963329
942580
-64858
-764379
-115181
944771
-368897
-639293
-793236
-926460
873035
-613098
-842376
908253
-579032
163155
922866
893545
-653496
181558
-757735
135018
-906880
372257
335230
414307
634409
-336896
932117
-970565
301512
451774
-490017
674693
751973
-770152
265548
701327
404795
800453
-985722
-90135
-422448
858456
201339
676959
756010
170428
-191111
776077
-809410
451625
-868242
499283
-879948
331634
566305
-391962
907916
-113231
571122
858010
-882015
-91746
69968
-697437
543616
928749
-620638
-317986
774528
298039
327632
-226688
-257789
-764371
-862186
36564
767148
765073
208045
174260
-678087
-790744
410607
458780
-595500
267482
492929
107295
289895
883168
450559
966680
69456
-219051
-505306
278216
-444925
-60665
-694218
-980680
-688223
-872364
-266609
991849
-701567
314720
-817229
210120
-232253
-142902
535138
-638031
-238411
21274
338164
899644
-760589
463899
712031
48056
789553
-818274
-562154
42588
261031
-721292
288261
843455
-180957
837335
971079
-214820
183989
190512
215340
116030
-365229
-934991
-897270
699184
129471
-181002
503760
-293654
827664
-900068
-448894
-573720
-406702
-934820
-494766
-184813
971933
-938472
758237
-622585
-153673
-223079
837659
-338065
54824
885646
-522713
-94083
-329200
-516468
-572906
823516
-790866
511973
832731
-918453
-329733
30475
573458
-371879
606120
35723
182900
712532
-296664
522045
951624
703138
-514203
-551899
-800069
-283662
-32478
621135
91156
-804576
397117
-316409
967338
605853
5935
-236308
49322
-59069
342892
334298
857907
-722620
995696
53179
-582963
-61772
-148638
-669401
-505138
-503093
998029
-765325
-898217
697393
-478990
87088
105352
148260
-306132
-510601
-628175
42692
403855
406432
-600754
-455157
-306753
-177123
-679287
-89548
553768
-946624
246122
694931
-795667
13242
444438
890509
78842
858441
831498
480087
419823
49331
880947
-111198
-777487
24098
506002
-351756
-608916
405682
921712
-348906
874159
-108905
305730
269633
356134
944395
549841
-264696
-227662
-916197
-639390
-772506
165977
805746
-538948
-334123
995457
632882
-392353
-932507
37200
-138630
38408
348481
-226716
873313
568423
-879083
615020
-416223
373876
231058
60149
405684
-644616
54214
-26382
920526
179694
-869774
193133
861025
574332
-499340
-453076
507935
117623
-719868
-374641
-881514
-847575
358372
402082
-438076
-890922
418220
-871340
-879505
914211
-467798
374440
-329502
884755
-681338
572882
-247746
-461440
365923
647701
-878124
-977572
492964
-821463
-902669
589536
-278260
-892925
553803
-291800
-736734
-813531
-961299
597359
434873
-285403
910467
-525968
292113
-481634
750585
-138949
-644248
639122
-712635
-896408
59240
-578658
261472
-395714
630255
450429
418941
-71473
-893286
802605
-194586
136702
-189423
-198525
-593826
-668631
-990467
574419
16154
987837
981789
100660
790977
-88509
-805851
-234260
474510
-711405
928938
-531979
-877758
-764666
567402
170895
968191
-752723
118668
482338
90963
955805
-152812
-191781
375089
363874
-216177
-714035
-961523
129101
155189
116313
-409365
151528
727781
641523
-278529
779179
395159
574827
-182429
369456
742704
-523526
-826789
721356
-635172
-941530
901448
-54030
761076
-330013
-787122
758901
-403994
-135119
799455
-473211
238813
-76237
-95312
-148750
-812707
790265
271994
-806359
-338321
-412862
-91865
-199890
-269328
236095
887863
-435140
-943441
-954237
473821
409545
486174
-754789
-894247
-396450
-244264
-144413
-330547
418413
863795
685731
-515150
-206082
-579100
554308
-395431
819785
968994
380707
-394981
276237
-367003
46916
-787810
367080
214651
-761362
378964
-989250
208606
558704
543804
-364441
-77757
-910462
-615292
-255467
-100697
-755100
586797
520661
628781
-524721
-786252
298702
-561674
-998815
-585907
-204027
133038
570774
105795
-718271
-746621
803750
-946032
-377911
378548
582773
226166
2281
518906
414303
97227
-738168
-543065
779029
-286053
342159
127304
-303895
514230
-649849
716153
152533
825241
-46513
739159
-632180
-376687
-485674
140961
-516540
-368255
-386352
-992867
-252985
-65029
-33961
-232839
170440
803484
-139831
-728023
809846
647479
139915
876728
-527984
206318
-511136
362962
384034
-762093
479195
-620874
-68732
221600
491457
627947
-34063
-278904
886822
464106
425116
-76831
889468
-94729
-581916
-248333
-740337
-568801
-671842
260924
397967
-56488
-259899
247472
-698788
-143529
684400
497878
-101907
-914380
219810
-365570
155878
-242390
10385
-611966
-713812
391487
-963188
-88977
-672817
424365
631567
-627862
929484
619242
542611
-542807
-855132
859021
-372718
-964079
-55203
698979
405938
-903365
669102
-580921
-210107
423216
251995
-626627
-619012
705785
-633199
-804495
292701
643219
-899522
-248786
668011
575904
208812
380959
352436
-953647
-987676
-847103
-726137
247555
-144466
994232
-869473
-583935
-705920
984439
343895
-240320
-690223
-162653
-923423
862170
-967951
-940161
-571933
831073
-232901
642650
609006
-60355
856629
650317
-976617
-746264
491404
774233
98344
-151079
822292
318825
859506
-75644
320811
-43555
697648
-368864
882258
-465806
382505
-451075
-994675
-12118
-969454
793093
375837
-588840
186968
-153734
-307711
973767
-261134
-4609
-711785
-64997
-139798
-779970
614151
653554
822095
-601320
-442346
67646
464494
801294
937584
107852
735153
-781288
741639
910771
917698
549245
-338201
428742
-327536
-596265
37030
697959
839919
-569610
-584277
-289958
879301
443039
279366
233677
-640167
114713
539079
996286
35142
-389309
45724
885356
451564
771021
-318914
124725
113569
-419831
315740
-791528
598395
-158516
244747
-22940
255776
657739
-235242
-966544
-720013
768004
-581659
-388141
-582509
-238910
-748131
433813
300242
-204790
799553
-919694
354614
208595
-114342
573462
630342
-589727
-498913
628096
-104024
9033
77461
-712326
480530
-805476
-304134
-984520
-523092
-397110
763264
-66799
-570610
682615
-743119
-786645
-429776
886600
480019
-711323
-822908
-521242
-20422
245134
88903
-549097
-473566
-33514
-500913
739394
586690
452850
-173856
640179
390788
312591
760324
-685725
-696067
625606
931403
791208
-176864
268929
-762536
-743402
852204
-958002
458323
-672945
530132
306069
792679
-96804
409674
815133
437157
781809
-350218
479535
-905824
-771146
-155140
-977649
-9323
-512441
-64815
-285454
-280166
-479478
-244411
-824883
-21910
733798
181318
448078
625174
-217745
333712
813976
213982
419236
239013
-440000
446880
-901305
-291015
776568
572290
-77778
-875764
-737866
-155461
-471908
429902
-79209
-422814
-809931
954997
936584
281318
-784485
585795
644369
-638701
350288
389241
456388
-56596
-146149
839014
-641795
-200682
-549278
247823
256904
677238
18838
-30352
990317
791524
642919
-630610
672276
336954
-467488
138787
401738
-641422
-959321
226784
778010
-634827
-743168
-901323
718652
-49905
-755657
-282599
208805
-800597
11378
-531573
238228
-106796
636067
-875352
-714344
-931925
-196306
-220799
-219062
-876083
166420
916380
-264010
270630
-743762
964868
-304532
-727238
38608
-711615
-675300
377371
-989582
226445
-756114
226407
-585975
60030
-202620
-882992
781905
-293958
-696859
-804712
444776
-440185
-991601
-715609
808306
289873
-411014
-64449
668752
-128428
-659507
-695886
328776
829398
-399368
218672
-769015
-5550
450374
-53328
67847
-487105
-72006
318552
-974925
-214003
-471578
-779151
-104309
711746
-74380
963768
-202180
-202194
-573062
-399490
780128
-474022
-437963
288580
407316
885896
542299
-289130
893901
737629
-777744
-591990
160527
43068
-734195
-391975
-893802
-273151
-388543
-24372
-429064
-942634
-892912
-531852
907637
-330365
459263
-306750
-664300
-644391
-632212
-986292
660190
-479889
712971
247049
-39259
-672153
216616
959171
645695
-325672
-124266
-911752
-847488
730096
-578607
-593949
896825
647291
336968
585527
741468
-758667
-64065
889954
-971268
-461044
263222
-960421
276979
585977
-408155
306606
-713121
-141056
-644009
-664349
-222484
609696
966041
-48964
724764
389985
-631136
-486513
277854
54863
511714
-18610
711758
52485
61178
471945
720851
220745
-347741
-220512
247402
919071
-42286
-829834
603920
719964
15484
-836876
307802
354649
-776654
-841431
-763994
-903544
91520
793107
661396
-149020
-13222
-961612
528772
459090
-708088
-135517
267212
898990
433306
206696
239007
319437
-212331
-696974
-522457
-586436
798528
511781
649254
-933104
-587078
-146948
-358612
873376
-16498
570449
891406
-784417
-574636
169657
-769131
665378
-73664
221370
272738
192971
-793003
-902872
250591
130417
-632374
855599
919023
127477
264554
-490139
-708117
941559
994626
646659
778979
-779240
-905630
861483
792153
160740
-554342
-732424
-953399
943629
586989
296586
697579
-154668
878817
-946372
246171
198969
-3919
967428
-417854
971474
101604
893743
543230
128550
638224
-699029
-715970
497416
-310423
-199774
-326355
-285922
336069
443803
136938
203213
440361
857725
261307
524377
-558344
86053
-824695
-677553
996712
-895844
464820
-95682
-523581
137747
570374
818975
55912
-264139
543891
408972
-477908
811690
437530
-651051
-494303
-677123
355893
-585032
577329
441526
-781363
852175
814924
689734
-312857
-60541
-264569
152880
-143439
-827193
769181
573006
711070
-798609
-123899
527332
733476
821878
-952990
935036
-423120
793903
278987
313442
908483
339519
87250
-758999
827563
-693838
374596
-327620
939743
-134649
-340649
-558666
-498936
261463
-40805
-756080
-902082
-773788
254209
496437
139878
-659729
-787986
-296880
-290648
-79886
-971615
-506638
-141925
-712277
507473
-223293
-104106
226436
-226703
-323690
-823565
-331127
506337
248877
-129819
800618
160543
752490
-677062
629134
-312891
-995221
196986
11575
-664111
800405
-525182
-947791
886239
-417433
593579
-296912
-18099
258775
-993500
414116
-457124
878356
-108217
-871674
-846410
-756004
489830
749964
-804083
-945375
-451408
-233434
456051
-672378
-918005
-636543
436642
249776
-752163
988312
735464
-740999
-629478
-483419
362857
44035
-807992
-397841
-620609
987378
-455013
-848355
-981213
578213
-761862
-238930
723961
633166
-180255
-820642
-526615
591906
-348581
-664415
166401
521314
-210234
247106
-41835
432967
799924
-306770
366299
868464
744921
503221
740346
-711243
192987
613586
-111334
428984
22222
-882654
426662
999363
-6236
-759374
-815932
352099
-796470
668032
281391
-994449
-276219
-538551
-441699
-140548
321253
221846
-277446
508225
764292
976644
-658083
278032
-748813
962933
4989
-173867
3442
-728560
77125
-87145
-195892
383200
361676
-778523
-433496
376085
768860
337469
-336981
-788989
-339463
340062
-675741
-455249
-995962
-895358
-823802
-827732
57154
-938174
-584459
136832
-224999
-334739
429650
-937431
507975
-7155
-288479
64721
-891077
-426525
62441
185676
477987
-144388
-870047
-109224
397522
347257
733988
-530233
94220
-956959
338832
-614750
-923479
959837
911984
368346
-859214
-259626
427160
-405399
-214867
625339
15714
595224
-721772
943206
991714
403828
-432769
35984
220535
-284609
293894
559843
-564395
751694
-98088
557744
48855
-142077
366582
387522
492508
-767443
100133
-493040
940183
751477
510519
529495
823776
-822584
-433242
629180
829743
-189500
-615601
848199
-499264
-669279
228192
258144
-792096
-722688
-818207
-847420
958114
-605060
-334353
952851
-63198
9606
-901715
434571
927352
-245941
406457
-741325
-292533
758718
971954
-109432
215309
905665
509321
-460497
-864829
585108
500780
428546
921852
-954018
450398
683229
452510
-786633
798921
990688
-690949
-71986
491550
693104
222712
550116
-27867
144362
409279
-372555
-704798
-648591
928049
-404079
261195
697374
6407
-43652
934200
339386
-9454
-628825
638851
-35341
976123
-15002
-628407
-129342
-520689
-133654
-305612
-240201
-173182
2930
-200391
506351
-966936
-321017
260627
-562864
629510
983730
-636839
-678320
44264
717506
612146
468140
428163
-508237
-969749
-423920
43479
996486
321909
-762458
-482427
55298
-102221
-310758
681559
237032
-964697
743959
-659439
-348424
665992
994806
210127
-237326
-938394
729683
-613612
963819
-255708
-716977
460792
7591
457557
783009
577666
-405079
-478197
-808488
629472
298168
-326322
323270
307368
-675459
204471
-954736
806727
312801
44340
-521937
-367504
895571
605797
-340692
499260
457386
-293626
511258
342846
119060
214549
-959679
18004
-762411
-564464
-727941
100317
-214170
-145177
702744
602291
744080
66302
923545
52348
-934854
-4061
-367515
687728
258425
804767
-981402
-698914
-340992
-122326
612794
-534096
336039
329792
753506
754915
433478
-119318
815341
740913
-107673
-954609
165606
300475
-180275
-148633
387189
-667984
158926
545151
-319106
-292953
65153
608064
553408
562817
168632
548086
-105622
73238
-989051
445977
-824703
329623
774646
-130336
318487
-362110
-153793
842175
170937
-676389
346035
-944391
78755
825979
-861357
628083
-771876
-471947
-338257
-719489
943264
-422344
69751
337919
-254039
-681305
-907766
861677
-601956
602044
-3824
-962690
538088
-221360
49620
75269
-344960
793711
-628212
-949812
-561221
-351828
-279946
701158
-988030
-455532
-243369
-143231
-126679
795729
-896152
794714
-106237
-417872
358730
-686125
756901
-505534
-860029
-779066
116668
-321920
517134
-599738
756163
-403314
-660929
-328048
175399
875961
-977525
159481
-765957
-215991
-408641
-654350
-24820
471597
-910741
514015
333522
-478265
-934421
355987
883070
244549
-228463
576705
-14712
-22596
632173
-45758
-192362
709606
-313777
-446482
863719
-654768
-231034
926171
-647779
-117998
501909
-954296
-842091
-104148
-678436
135191
-79093
901772
155470
-261899
-379824
-484602
-693114
312615
837893
197876
766848
555620
417674
-467393
254803
154839
-8833
-252089
758843
-494170
-551201
-711041
758426
-86668
555732
152413
-793815
-804231
297390
-491222
-98687
-189141
-90764
-753394
288414
-875093
968248
-115640
202206
68492
822962
379309
183604
-829472
524202
-84995
871842
-273096
-893095
-485453
876473
-266000
-393284
980273
777360
-576246
-32345
738865
475038
-507132
-842141
-733746
-829087
215671
448915
880224
-679720
181049
-317642
249278
712188
478338
-241408
164534
775244
-758203
-166868
800635
-342275
277102
-818696
271606
-77017
326904
-954766
81858
874616
-632883
-920463
16672
916944
-384728
182436
825837
-149111
627029
520307
717372
-525762
149327
23173
-160785
-259988
584881
754949
730270
-533828
-167776
-660069
962677
-244689
-217713
-960478
354664
273825
387721
439973
959920
-745015
-30023
400132
797602
153262
-964508
386823
-87211
385618
34869
-723386
-395673
156224
-606404
350528
-422607
-930339
-781912
-662322
100163
483929
-321630
-712567
559216
591500
1897
-286705
719803
-228349
-156955
149008
-676650
170118
-528462
955433
492952
-50689
-643059
-412342
913797
819187
-144125
-317557
-648903
747968
123971
256505
613908
-47187
-888452
877352
586024
569025
312418
84749
-113890
677091
581673
-407855
-740257
264625
438983
10912
-616962
467031
-179961
715342
402841
-62487
-520159
-593569
-473441
410868
-314518
163443
-510098
4081
81553
-801003
196709
671192
670141
-90345
724100
-992394
774960
-807092
-268456
887058
584390
-874714
157592
-930845
746977
-291235
-523098
56407
-725371
893235
674
918134
-636962
-505340
-121193
-475962
135487
764849
-540531
470996
-607649
482899
572010
-677267
-399201
-915364
-147868
473925
-272747
-33824
896967
-812805
-771211
592338
-830232
-506053
106631
163254
849690
722528
-665575
147059
456094
-604577
-895756
326494
613185
-725067
981073
-909937
272090
37896
690283
660735
-520844
307788
-953991
546316
908735
-117264
-636143
-482101
968726
-961644
722383
89608
912501
888185
-865444
-562270
-666006
-992118
-428344
-552863
-158606
508998
57057
625953
-52323
-989204
708237
-669223
-247571
-732484
-373024
191782
-374501
-39458
-272115
-16008
-278956
726172
-621265
111081
933875
-648896
-974790
-139684
668517
-46096
-948017
-670482
290695
750396
-439699
456222
673928
-169887
-708583
-145346
225746
363207
-942648
587339
-947042
193504
112627
-104432
-33118
642350
-876979
665288
99112
-26160
124080
-203614
807539
306877
-971240
759629
-806638
-818384
-766827
-712474
560834
928608
398533
-771214
-458374
214492
-879923
-769381
-932478
657696
-178263
-471702
-62064
-206748
767512
530401
-84321
195149
-561596
-938226
-578386
559194
932436
-104399
-212870
741195
153071
611674
471221
-824722
-471126
-380624
-666831
-252976
-570787
66559
-472634
192286
755798
970441
-600274
-101260
-433689
418952
-313722
871779
911052
69954
-804262
237483
93410
-369620
10579
140999
-71260
-502034
763146
770660
-459954
-560985
402656
-761585
308074
-411871
825686
-470161
-450677
-539852
-921797
422965
-656609
194840
864594
-548161
590381
-999701
878449
-692705
-584957
-342293
788590
831445
880545
351629
-265422
-337344
978917
548927
-445451
628799
395997
320806
706291
-841360
-807842
176916
-350826
326565
664822
-512297
27529
300032
-374676
56819
864289
-303321
542539
744892
-39661
112413
-191124
-938934
286613
-189973
739995
928381
-446844
-599688
131357
675710
-801229
-219008
-128763
-358047
-801956
282008
328264
-852793
839252
-252783
-490797
88894
672469
-389049
914626
-434540
652886
964269
627852
-421478
884909
426106
-732646
869651
-390469
472788
-78967
434169
514078
-620013
293681
322296
-272354
-525331
225674
890038
402928
770840
153238
-931585
346263
-212978
126496
-506792
225037
-726363
420655
767697
21106
463891
-631310
-843941
704577
-502288
431535
187830
-358536
-196471
296988
-977133
743954
12389
-610646
357760
-957543
320852
143793
387673
67261
987465
-640783
816640
257656
459274
-675028
-733977
487105
-732660
-118011
438907
526747
861481
661325
-517918
472876
-836442
-291534
-67383
-163155
-454554
320403
667896
428956
736584
317226
311038
-47842
475199
399587
-348476
-474796
561412
-289230
139052
229592
-208539
474457
331266
464226
938974
477927
-999792
981102
-677671
619993
248939
-477594
137118
894768
-819889
-372578
-213113
72700
-662274
-250719
-778482
-625891
498067
-635672
-650627
991701
-996518
964039
-583167
-719079
505294
-287825
-548149
-20866
851563
-177891
114569
-270095
346880
103616
-86609
199988
96158
590090
335416
587124
548514
-230983
359483
779909
580863
-598795
-935169
414351
-387208
-701941
-993826
628862
-956723
975350
-559512
376072
735357
-741872
-283624
-261789
541588
143880
792090
225239
542071
636324
-414397
-740640
-776879
277917
-372576
-709507
96442
-216275
-222144
-652287
694456
313367
-938814
974928
-746366
-267094
585290
737888
287915
611344
-956936
120946
-517473
-475375
4722
-224415
-69471
41049
984931
-465167
115373
-166671
465466
-951582
-943290
-600936
734687
-513218
100725
-144525
-43867
469778
-245141
838626
16763
811071
-692137
130357
932400
883991
-918344
-842629
-141003
882261
-447627
-10069
-167420
587707
-88980
165672
-425554
-269949
441562
-622608
527138
-781567
-476911
232637
867784
976828
-836700
-231709
833868
972613
-437006
410983
864923
-978122
978307
115138
-371834
-780732
602109
144375
-700880
-785967
257792
-139215
-329282
893732
-215968
95243
788853
399110
-45364
344916
-129164
364893
-999183
-144152
-485999
-394249
-183603
898076
-996811
961150
-889449
-798563
435966
-88012
-238091
392443
-120233
421415
-134633
-277088
391610
51557
594641
39077
38561
-336733
-558231
725497
-947404
350690
478261
-831120
-314503
-217425
-351054
481889
-296740
707350
615085
904436
-130901
608566
-979250
678673
-933106
724812
322284
317093
601905
47259
-789432
876384
267973
-567714
362205
580991
819489
-586754
949365
41597
-898293
-644794
-31771
-515525
-630019
-195394
85723
926909
-95300
553666
-792660
-908247
841181
-769991
145273
296750
-56212
-759362
-473939
175491
799888
357878
-463029
242046
806016
223967
322281
-38655
994803
-118151
-277348
222218
-753270
-568756
967593
-390567
84069
-860052
-743189
-710965
-260175
266396
914127
-357247
-632196
798459
-160254
-322244
521065
524522
-595313
591334
-209372
-425456
357769
604503
-362256
-40931
928770
-353035
-22590
-208846
585594
424742
-379685
906592
-28485
-695187
212647
-326282
-524966
195865
-989663
-223213
802610
-442325
536304
903461
408667
-81652
726381
-356161
184878
188232
659316
-340452
-546145
725075
994184
778681
-957824
-429470
-562558
302300
-231895
89390
533240
-573068
845379
610280
-196801
-753262
-336191
-320279
495141
-697798
633350
-573413
-876287
-301787
364432
315191
718761
867451
744897
-986167
217797
514757
-785592
83610
892430
-217041
516625
420426
761398
-757046
-298393
459358
-807818
46705
-807791
91570
-36238
-239249
459091
-146217
-355143
395113
341544
332953
-147180
114961
184163
-22021
387489
-923247
-914340
260335
-276114
651269
-495802
-384068
780874
417805
-524181
-738352
-432827
466812
-405899
-173271
771825
375500
530802
-177376
112569
-502843
992089
-594898
-266529
600166
86963
815674
143524
-948790
81338
465302
-902172
-340915
153678
852349
423136
-660625
41767
-596850
-54325
971709
-294490
42052
-497705
-508240
-241491
-921866
30593
-308409
-788703
175420
-757592
-848852
-590945
-377923
337338
43203
-671470
-882176
-660765
-718084
-813861
436967
383703
-873542
274441
-394849
-59691
-185023
-812244
296238
781168
-317090
-181706
311817
65508
-871293
97121
-439355
412254
402482
160224
-954878
-58889
-378359
748923
579491
-496088
394504
644315
828209
641667
348271
186890
162090
684348
-958553
504093
486574
-825820
-854612
696346
99347
799717
573741
-419211
576948
361966
924482
912298
-405872
666093
673356
494101
-722429
-807212
366247
400223
-296442
-145548
-244469
5725
-74890
-719167
678447
864822
52243
918213
479900
-149481
-883543
-800742
310077
-339734
-181480
-112286
689188
886203
545944
231913
-951493
-784958
-327167
330679
-481649
211633
-557444
743372
-651719
-411149
-484978
16050
996059
-21495
601145
980011
679011
616219
-287038
702167
163431
414714
737021
690709
-633925
684557
-857310
984669
-804183
595437
267720
-614776
-193263
130549
-499686
693572
-665649
-992602
-427372
-210909
532294
330147
578540
-758881
928282
871784
-877237
-265384
-658112
173383
396377
362950
-926236
-707435
472516
128263
-577619
-581608
363652
-321609
950697
698141
-385722
189993
-441644
971993
-240413
-760076
-449778
-205234
-169666
541944
-169801
-63791
661207
-65751
282724
585633
84252
447282
62879
-841223
-476021
703406
-306102
536997
907159
-275436
722505
-409385
-368231
901480
149857
-851208
-241575
-37038
-884737
228549
162776
652644
-50393
201846
378365
-856226
955141
323483
122596
-89716
654337
-215971
-263460
241568
973623
-161276
-163860
-814069
-353161
972990
-480030
-572433
324299
424062
58893
86696
255805
-375118
-548881
-61935
-804224
97565
-211901
23131
-992965
-247184
-900408
228236
904613
872445
817310
410480
623120
-68112
-400480
553053
-912267
-524384
-205320
652023
-939627
-442350
86737
-46900
-321319
-511703
536317
834134
-353464
287365
-825943
-422944
-843997
-44242
-686245
975513
628178
-509449
-968471
482680
700944
27215
-292324
-568666
835720
-472056
-671849
-641421
-354965
792512
970290
-772097
752931
-805287
-833752
-403535
246453
15137
-22917
668957
468873
-582878
474897
-836241
256856
-762402
-290080
392301
949959
318066
-101215
931777
520818
713032
902293
-363423
485193
760515
-7221
-353971
778395
498489
847467
638411
-4106
-89997
-371405
-753852
881587
-309886
-428293
187056
713005
287336
-987817
743062
190648
-163332
654363
687142
3909
-861667
-854756
882858
118693
544870
897442
-202160
637096
599554
-67747
327206
-76793
676533
783221
-591361
-615932
101568
-294396
732124
572235
21391
317920
-385706
334705
95160
561428
772859
-699891
617189
74615
-481807
-11359
-427027
-509337
682123
-480970
-994409
-154110
509303
-884203
-389548
-805038
870528
607755
553796
165720
-305343
582070
841755
-518493
275520
-758288
-459155
-708928
-418303
805140
767904
-702504
669248
-553352
-339018
554393
689943
727121
-996253
-641814
498920
217871
-438983
-642682
541239
36567
860459
901310
79414
123370
-590817
42546
411728
681484
-476925
986113
972784
-117830
-125594
129202
-3772
-324120
-166787
349213
55062
-369949
111927
905966
564655
-364027
887077
446835
787827
929649
-72599
-648473
-584373
-893502
-333807
984588
629651
681725
-167456
-302588
-741868
-860401
-535543
590662
-557918
506883
-63655
-389305
-38507
493468
-156667
142725
-930008
-904815
-649827
869311
439149
-740503
-252674
-907050
-542539
-357171
854345
593482
771167
-677707
820287
-131615
659936
481836
61514
-109741
489372
595979
-624332
793912
241864
365130
498433
-709440
159505
708288
626783
-287139
118859
-443712
185126
748015
114917
-403537
559455
-865840
342208
-199529
-869919
-386856
-945692
535849
743887
864882
888829
651689
-69174
17760
-908204
-924509
-789527
494553
-941767
790346
829716
777624
-517934
524780
392944
422394
141878
-882846
-624810
131231
-814978
443947
51967
-345884
-731087
-650998
607705
-893639
186856
-414651
516329
-477471
-788119
-636426
983966
496568
911947
-41007
549853
673433
216743
761517
-949758
-173834
-98859
-494695
-713300
937266
660472
-720654
122507
163047
147911
930247
543992
-867610
-201017
961787
548656
-759254
752274
-436953
-666353
608701
-332317
-489482
168178
38897
-513123
-573318
138359
957197
26806
-292418
906136
-289001
921630
-138459
-909509
607695
-982192
111433
-103940
-916969
-192911
-728884
-864767
-62297
-476485
-745844
216188
157315
194280
-1920
-67458
-586991
778003
-904296
-384644
559822
529065
-966816
-842760
-298865
737171
-693127
-911811
766271
38324
-662234
-867644
-199296
428654
957965
-462343
238685
-594126
463964
749456
-420254
147533
-895713
-654173
-184400
-691881
-449273
370120
-838523
-708397
-899845
-632221
-29430
40794
948773
532737
714247
-966469
-746072
997775
-272140
825867
-693740
-138077
-129498
-618770
-849545
-288115
-24950
-935214
364061
-628575
-320105
-721280
34999
-700170
-620040
-294209
849543
408194
-298058
-217729
-49893
-209862
-92026
-707178
-828946
-275176
-552953
454412
-40287
-42542
187593
969659
-726422
736910
-408775
423988
-853104
870326
734807
946533
691909
-250294
-577063
951879
-979999
-178394
-238644
462088
-468302
71212
283627
512333
489050
-667500
558440
592919
-202647
-461485
-272757
-343623
808527
-663370
280467
288171
456733
400673
-689700
994005
990122
405089
-974285
950411
803860
717193
-789772
664408
-123502
655835
-576653
652826
638556
536059
-119429
-946978
525641
459559
701950
905880
791094
38410
-891924
-539391
62465
931045
276845
-488386
-744771
532131
924982
-16030
839930
-62119
664888
-461040
-974849
608914
-659621
-753566
-16329
390183
53756
-437988
594544
307328
-293917
498748
377539
-750729
748469
823459
-909438
429805
-512370
192710
-42697
528560
385957
-497237
-956132
-278752
297296
-675042
-502705
469266
-783655
876915
-607861
125210
-641184
-522067
-564393
247534
511855
-710054
-738397
864008
332177
-147199
76896
-848938
245572
-672081
-112056
-775539
456159
534398
-80175
-971914
24666
-670798
983717
-571587
266951
-50741
-371004
776056
308573
788395
-916209
561659
-597062
558410
-232146
757486
-620230
-516915
-138106
-430348
-430963
910583
641299
373817
-233962
725809
-321073
-287222
677563
386398
-115891
-855365
24255
654409
588142
971817
512597
-997159
107090
-527697
678611
436317
-341882
-828261
-521904
-124949
166232
408515
-820345
551060
-706800
221057
907628
420748
-794864
982228
-723636
214866
-112989
723673
-822333
-745404
-218290
-752249
-738059
64594
418450
282610
449076
-825989
15932
862546
-721494
943601
104470
-640365
439040
31849
244821
-971741
-911092
-984690
-757157
-598059
904748
421418
-943089
398935
-182400
-964072
827244
484334
99991
249841
27018
906453
-261935
-551222
-646369
-229403
994302
-309034
-201922
-783633
708521
192264
-202241
473158
367298
356412
676822
23369
179645
-503569
-395087
-723977
-773518
-433368
-71295
294120
151829
-810003
232607
9432
-765341
-346110
150215
375597
540338
-245593
-853934
735581
91644
-807115
319391
937723
-968156
383744
380462
-920380
717697
16590
-825688
-339743
447385
-474965
521286
-914768
990646
-843036
606020
885400
99071
-152958
259016
879238
-813605
563257
521425
820121
-261225
926577
935543
-863235
-218743
690571
-757666
-585213
83568
366922
295207
372914
-720326
-337541
599372
-94170
865425
-497558
31490
461099
535382
-558575
-585664
846888
-895704
309294
-329817
-404801
66753
958048
-119052
414614
-56753
-428823
298276
-3951
894979
818821
440789
-338784
-306787
382227
-660219
587701
-116882
-414899
-370789
716851
-891421
-550012
625660
706029
838112
-280829
-399344
-646698
-584762
189661
339488
260440
-361034
13424
-695250
-106349
47421
-563316
790603
263930
-726408
528062
999291
-922184
433021
418155
455971
-26190
79928
158881
31318
-406032
-880717
26657
-880699
-698657
395330
634695
441558
414348
468004
-234998
-40671
-428822
-946987
34628
835814
717474
-95859
-325128
-399484
916689
606755
-421131
448474
20043
-828512
-497176
-273950
779824
-225769
-702056
102808
-471422
584848
691426
890855
331992
-577218
300024
-375495
300903
-856993
-198000
647765
498011
-458652
840414
-672847
662497
736257
180879
-294642
295885
234400
-136929
-748898
-104575
239961
-944366
500881
-25099
-953684
776160
-210512
106492
-608550
895800
-204471
57638
421673
-636767
305427
553105
-692244
294503
597255
-882897
896618
-386153
791165
572052
-674035
-485121
183165
-112072
159225
535029
-351049
548519
56320
-30121
-151263
825485
-401767
-167833
-187620
324778
459520
-264593
-490723
-256455
-550428
228986
65324
286359
30460
356148
-932578
-393606
884187
-41636
-132242
440524
-904308
981256
903286
8750
-289885
472974
10328
2360
-817467
61952
305132
331036
420296
851997
22055
200324
-950895
-795052
356141
610217
-853160
576229
82060
511777
810789
256647
600018
-395375
-119132
805729
-12367
-340313
235640
289056
342335
-776354
45232
-76462
23014
-336807
-713385
-410024
844431
788089
-772685
518627
-693224
-602761
-880963
719152
69275
-580523
500500
-546534
3142
354749
-874140
-993457
998905
-551137
-761552
884098
223056
-235699
546236
923596
-768887
528800
-557408
503975
-22730
436501
-301137
-172934
714008
552506
-622585
-386399
143603
-986385
913831
967203
-731911
909859
403620
-136109
384497
-797132
-994097
808115
-673240
-934220
-506521
122724
-366630
-314372
-387402
-326752
-551022
-900171
532288
667751
-130839
149031
-912610
316759
813850
999357
-785756
638950
-761685
278304
843015
-253322
-76192
-203807
-923960
-457020
-258782
133196
-616124
-331755
-630095
329000
906595
946627
-858322
-864916
-248709
484728
-70054
-249986
-116780
93577
-965397
-715910
536704
-689665
589717
237518
182680
651719
-323688
-595820
28746
523138
-666507
-911512
-763687
-445268
-55786
-332258
-211361
72698
-637727
-857747
868980
-8720
-392562
340072
-875152
-226681
-936773
920919
882552
939296
-419487
-996637
-864043
694060
-715637
-679588
-882707
524970
-964477
277342
-696460
-82688
902394
-178411
174040
-313628
209088
105591
545215
197158
-269286
414420
473243
-579323
986104
-926100
216587
133794
-336014
379220
911760
681215
-822298
995544
-439012
-73761
2515
249790
859841
-748102
-950085
695582
-740275
-948916
281158
136516
732380
-206617
530984
772452
-537815
623595
-934575
53598
222665
135321
668314
-112562
43622
35896
281535
-100721
-864905
40928
435649
117580
-185998
-502311
788738
341103
970797
450958
718143
-363819
741054
-346223
-592660
15025
-843822
-52477
-25333
-917511
-441061
-450591
269118
670351
-188629
-288070
776021
-883315
942121
343681
290809
209707
295963
241559
163677
-255820
404703
-797377
-388782
121221
68255
514285
504391
-788778
-848867
660936
-351010
743205
-310331
-419168
743227
627050
753288
974198
306234
-809702
446010
-667726
536950
-624059
-730199
-989498
-88060
-707298
-392602
212342
146563
24072
-483915
260297
937510
-726400
-758005
765707
-922859
-977260
150734
-455715
-281045
-429540
701827
939397
88243
-61223
-72977
-163147
897826
-798871
-731434
507331
5192
595797
794401
-140675
-558476
941439
378350
324781
796272
-447518
-401213
-845468
475349
-234124
-664923
-831940
-188522
-464179
664209
27131
871336
-752437
12641
-458945
-778059
152220
209464
-115655
563314
-789461
-420932
-863171
-151803
357295
-990304
-50189
391460
-921990
943379
-123393
358799
640827
724498
-432183
256165
147211
-416295
-333277
136409
35584
262105
-608461
278117
-51119
-978973
949286
473043
-423113
323948
-592363
969162
-112493
-194367
-739265
-641839
-638648
383188
999728
-384955
461437
951065
-241749
-920645
-346169
-457880
-557145
170702
385234
7077
798164
7935
-299122
-958135
-14880
362492
847468
132330
684703
-38449
-784966
-576400
689262
742220
-820331
348235
962854
-987042
199066
414691
855346
369474
638372
925804
-700946
730161
977081
899800
-219165
881826
852706
685331
837437
964459
458121
850742
232421
326210
80177
-916457
268323
173219
929151
-235805
774942
490864
382711
-569353
354571
-364521
574594
-781937
-601819
184085
-128916
-102644
976681
948809
-78495
-494427
-915724
765580
-436219
-239550
509523
-33872
459060
-228514
-704695
616738
-880442
-740260
250275
-651083
917024
-664647
-530518
-946408
408640
-957417
630148
609208
984816
-50106
181353
-738767
-369265
-884604
-95098
-474636
-549447
-865462
-637842
-484947
993919
308613
917869
-957256
141637
317868
64601
-161633
242874
-596557
-497958
-377543
-194659
183914
137314
-664508
-342916
-161592
279193
228433
-457093
-400888
-738699
-195843
435391
899542
78190
-189724
769232
409450
-57027
-653598
-603836
-421567
-132851
-660722
-434341
364553
-774096
-603675
878106
273265
-401571
-809452
-587817
-615498
-50734
961692
-406762
634904
-318257
521989
638109
-895258
760096
-750356
-914386
-977215
726694
231353
-500796
-854835
-664999
-505882
-734666
233843
712848
-381706
-674086
-544529
172341
-463337
273766
96295
-686350
321347
-915216
-597400
-917531
-293678
934880
-619098
-110177
571913
-56259
-351141
-87030
732858
-372981
-890171
-698802
135147
-376115
822222
234097
790317
614574
274583
900277
-410777
-830751
-560756
-519984
347355
-238843
814690
770631
-452378
71807
397983
-11558
246681
-534847
629833
707631
968097
-358658
248662
916481
359845
-979083
-256380
-922087
-642672
314905
651263
-817837
-16278
-524491
853366
-568048
38011
454619
-919669
127614
-360848
640591
187400
886005
233426
-701718
200855
160438
993454
149857
264267
616698
-271865
720921
419853
140665
-648359
236914
741143
606785
-995571
-182293
957519
326398
231175
853223
-308298
-964935
262645
-647696
-945728
821895
-436883
593984
-982512
-386378
893218
713756
-701112
766339
-797232
-351843
143908
803638
445266
344419
648619
-508429
-468452
-703916
937780
-887057
-987030
437452
366009
317533
490446
731982
621957
235683
-739777
-715744
473871
-243101
414516
188599
-323075
828064
-861095
281090
519795
-37602
470096
625351
-155074
-332032
-469902
-888539
557276
74481
-164952
513705
-489378
904735
-205836
784705
-678184
478745
661183
359420
8171
-978773
-904751
-774750
14652
218478
-563773
240925
467038
431038
927981
540485
563865
-461711
924476
42418
56669
609585
-334864
99225
856531
-95097
-655731
-953647
-838543
320202
974867
936289
-788550
8772
-38056
728657
744901
164426
-304123
445454
-760713
611781
405378
722663
-886269
285519
402007
-732546
539510
772155
815801
-801430
-6417
-484463
-479345
-746926
-650978
545917
409680
-902884
-618650
-907071
-574234
-895989
-231596
-444420
184524
941899
-197930
-851243
842559
475603
583695
533906
379044
-185262
512103
-511940
896218
521370
996258
892193
409561
435187
438592
640489
-848472
909536
-497626
412847
987877
530575
223386
-202278
817321
458375
-592351
574445
-966697
-747793
493381
272022
-621871
158781
28910
-494035
-660507
-495187
123560
706316
394398
-995999
-681962
679309
756234
715582
-220403
264677
-798250
-469233
-781475
183386
620290
-636936
76505
133386
619582
75112
-465891
900064
-654353
473916
-427491
-540224
-397998
-1943
760412
50546
-47711
-296807
59008
-963411
-76434
573642
-955963
439252
-148484
-451056
-603864
-938453
218971
-440996
-16227
-397206
-980301
296837
-580839
942012
-186032
-607443
-842527
401320
-869485
-72178
2927
-909080
-263706
-141208
574342
-964622
-980111
89629
463838
-33767
-485210
-74651
-960558
245036
96121
515223
-758587
-242085
326523
881536
-219372
42315
891280
824939
927550
-814270
-129768
563070
-824704
671594
370487
-678307
-662624
74404
395384
686724
21584
-588950
49157
367955
236095
932821
-739678
906689
-799540
-471135
408329
-747586
294360
252558
913199
-598920
-852114
-200835
-230578
282919
-903099
799555
-823801
-356656
-378582
-50923
280814
47954
320504
-811359
85498
93748
330754
278749
399709
767926
111341
-319644
7847
427184
-222439
871784
841061
839346
-278677
393061
158810
707875
-242504
-145384
-708901
563079
472924
-61832
-744278
-104207
239877
-49579
643884
597331
-299540
158002
-721803
-577571
-21839
-282447
128805
-782550
-965354
777690
-813700
-604676
798106
-778467
-542823
994386
-736757
-302804
221225
480706
-593325
-370818
-980326
-932859
-902485
-641584
-809579
58043
-337474
-238257
-283356
649260
619876
956355
-208485
-794292
-687194
-485099
-239868
-78277
143472
720436
922746
-842183
-754261
-937802
833968
786546
181280
937608
-920351
930372
756563
-373393
-6560
-720388
234704
-681539
547277
658780
135635
364246
593598
906373
-81902
-878034
674710
157459
-437004
126801
531122
-812071
-906955
-970668
-515472
-673776
-544888
833805
-859020
338098
-229958
279306
699043
771262
82573
387489
9710
-190091
380657
992470
890673
-132314
64450
-654179
151027
-873597
-923028
-134999
-54948
466679
906161
-834548
572833
-459944
-568426
-468473
-654509
233211
-102694
679991
-818219
339267
-906122
346457
626466
-657633
-965500
638198
-771960
-666237
-436988
219970
-400295
17581
-507185
185947
-643053
-67299
866387
-322034
790936
-319998
-958185
-936776
441907
120856
-260109
181861
850208
546012
431181
-580606
-433957
12947
-242052
900908
-358473
-509952
812272
-245569
639206
-878894
-923771
-966819
-864203
-123106
666491
-328978
375213
-175529
520951
-139800
-122240
-936115
90998
-800943
59561
594204
677554
210685
178231
909788
-118216
-507043
-949982
-735416
-329524
-142910
519638
465886
425967
71970
-159015
-567033
-84565
395127
-690501
-409684
913682
-402731
-538012
619807
246233
-386257
-87832
192922
329288
-896633
-433778
759801
-79806
315617
-156536
-401662
827955
-900958
-499471
-512594
-226152
403831
-927349
108326
-100739
-505012
-412093
21988
-637445
-607689
-922536
-121984
-484696
-75938
717383
-553298
-481657
637501
-52446
-916153
-799313
155857
-594041
540924
-268911
579439
-984354
-657768
978756
-132841
-872156
238743
416524
200587
-71887
311616
497575
900445
-56764
-799286
266485
260641
-760796
-404510
-302216
4693
488541
95679
-6020
-915597
633189
192983
-7128
-892685
-128003
237171
976692
-446944
194854
-623159
-480580
827242
-959229
-818770
-765751
-596562
339109
-602847
-913368
511542
664594
-421616
399922
-906523
98695
249017
-948258
367821
-491316
-772277
708231
-279513
-498596
427486
481841
-10370
-909831
-275668
486128
-62823
981505
-739308
-687368
-527055
205167
-990244
70081
-527029
-406978
939268
194322
-775772
-110105
-506181
79414
-995318
54571
-449727
-106786
-616645
746004
-705044
-596443
729832
84121
120977
831094
-395710
203954
-483549
609411
124216
965559
719446
-511681
668095
-582685
-18296
-843409
30012
-616758
576411
984651
344071
307128
504616
809143
-214564
305382
171293
580855
197181
994161
-800306
624923
682430
435981
847084
-317121
917901
-854464
-483172
-880350
-210929
-946818
329562
-991570
288999
-203368
294163
93965
162235
-128850
584889
-841854
774572
732729
339248
-779791
-191528
-667293
-290425
-735439
582812
283176
448229
-875146
-973666
438992
148963
-144035
-60226
-281914
543413
659238
818041
456525
-380097
-17176
108099
759305
-997505
696949
739025
281225
637848
495638
-329389
-327015
95816
-134694
-389951
-700083
-515031
547360
874776
-711524
34584
-120273
-61605
-776603
436465
-26339
436852
-911740
-134671
-467878
-684707
-979126
220200
-445451
-431044
779180
-24606
-703343
-213123
967576
615515
472554
-57448
722104
-14732
-481222
-833750
421781
-476122
-441865
133801
550005
-676999
195907
-479854
-301444
269282
-699089
207364
650983
359113
425350
531338
-922964
176157
449030
-463315
976478
-872944
-592532
-319354
-601780
-487060
666865
136622
-282629
605696
-10693
296432
-585244
412582
761915
-382920
-859761
842600
-548479
-510259
620663
-851464
455256
-948366
-955789
-665714
-450377
-126937
837383
892275
438861
409787
-538825
-770426
-302397
652249
-21756
394620
6779
-673058
-564770
-277615
-955029
334296
-506448
-527416
-510563
866062
661331
500738
364143
-723894
-178306
-645959
-666097
-467802
-386567
612848
-923974
-538117
-168524
708069
524900
-809756
-409113
209760
-388696
-587889
514191
732477
897985
-346884
-614649
563195
33305
395404
307304
730497
845460
-816579
496718
-770722
292773
-755690
-916973
-913682
330567
873388
889809
-22242
190638
96421
800964
973171
-866328
432199
473242
-189323
276930
-411610
-161234
390030
-591654
217011
766069
-841968
773906
160000
-994535
922555
-286306
-140765
-334444
-271570
176674
-953589
857366
870184
20110
487062
209046
41398
552008
411310
322383
-158078
-681543
267199
-704522
199255
-528687
959905
482519
-463641
878608
-319134
79703
709976
4271
-310113
-405102
-48757
888666
-476045
-25629
-264318
49455
376848
-389942
-422715
-151280
-293090
-719948
772657
802429
821967
-624449
-831053
405066
412375
-344826
-703349
298297
682209
223892
88137
272215
-582189
99296
-21739
516745
789404
-679685
277687
-414802
762517
-550116
177588
605705
-878256
-850815
493694
-835673
-874885
841052
-740982
57946
-29537
673171
128562
-999938
-319631
-921866
-555687
-58135
83191
791622
-799660
-300620
-22844
-146333
-431676
-700232
362948
246981
-546254
-13864
-827664
-183075
439640
850977
-403043
-282313
535682
683251
-863349
240486
-877110
-435393
-310550
-149396
-295393
9578
989526
514287
-918423
-600316
302800
956055
911750
-49894
-170065
743366
-668356
-71617
-727590
-505664
-30060
-119988
277392
-631859
-1103
-530537
-27002
-183239
565293
-806824
119924
360150
-812017
394062
-59391
-960504
-521316
132047
193241
699749
-658366
647481
884331
-125372
-759249
83834
-214671
688117
-713231
-678883
479810
881590
-812070
761215
-804630
764417
763661
393295
-333658
602320
-523057
-85808
137388
-921259
30513
-712381
-140307
-13463
-438804
681154
-423127
-944111
477404
790447
-767927
231992
466916
96220
927276
-798330
-64508
307280
-274855
105878
27203
-894666
-767155
-223670
392282
-653573
739110
-647907
-418540
-607700
-394274
-207502
378979
-608532
-582732
-978684
492359
-425183
536308
238352
531840
720681
986811
-241754
546856
-529944
-861597
617680
152892
-129244
-192358
193702
958151
-610976
-247017
4295
-17838
80460
-800473
-436559
681647
-297605
559278
-81877
-527055
28049
943727
89821
-293580
689872
526985
32078
76907
-815156
-179562
-890037
-266843
184728
917752
-557552
728581
-467945
502431
-976027
764129
327898
539042
31441
170573
-208359
-962091
426240
-827319
782232
12524
-565847
-416274
-168136
-953628
207428
727879
636852
-178687
872075
447222
-130438
723806
-306747
-80983
-229781
64173
-398867
-239577
-311147
476913
-479226
-320039
608515
-123417
-415361
916106
896961
980035
-500906
-436030
703352
-633316
902565
-149162
-975046
-881322
436120
476452
857372
367098
-597837
-100569
-106305
-536424
439178
-225401
854720
730950
691212
-561451
124859
161697
113549
904164
417958
208917
-630627
-31894
228778
298897
-54180
-885092
57737
-393905
-599263
-772337
332149
-127308
420648
173239
-818361
791973
839275
-76711
268330
-481461
-566259
6137
467829
-288617
541082
185939
-851897
397515
-4176
473571
980813
-949739
793400
-319889
-117802
969105
196186
-841653
646033
-622545
990583
-986954
-388862
47144
-464818
-251686
581222
276026
-287810
-718444
144240
933649
334260
112001
-494784
-174560
2824
-258951
215010
-153166
-989749
756608
-995735
296123
833105
323913
-680141
706006
-34412
278435
740083
-599300
481829
-902780
-542794
-974235
752703
373997
518363
300458
804620
-972423
480173
128867
746472
-446488
580442
-922660
-647597
-178847
991390
193927
-698683
-964961
-127976
97685
-828584
-75535
297699
-305594
-571267
39741
116308
-13513
909929
-216255
-665744
-184070
-579643
212989
811335
625894
-138853
951632
-98417
361284
-429467
77190
-225713
739919
126876
663264
-378780
-436618
339670
547340
-348452
-254991
-816273
114847
-328061
183665
142655
140895
603541
826204
-530126
-415886
89326
25653
-378317
-131461
-415954
316520
-478968
-954812
638528
-302430
-475512
-383606
-658512
360314
920475
-799314
-23411
812772
-359618
-18041
318111
-99517
628470
-653220
901604
-516097
-211340
-495437
882836
-648646
-264003
-464277
-937481
-399019
-312029
-504947
-34129
190911
-300551
-449111
-319727
-482529
-967079
-954969
-370663
79953
414247
223122
-379036
707819
-751632
-617307
861222
-772910
-854895
-460670
-305156
452485
-600071
-90383
-291489
-677116
-626407
-427815
-26731
701320
590477
-426935
227466
-272349
-875686
-586727
-994106
-453549
197625
-980213
472883
-554582
-619106
747216
988023
238094
832676
926808
980715
535334
517836
605758
890444
711033
447330
-906596
-84688
492201
-339910
-782507
775958
-538104
690296
-327574
275709
485607
469221
-618591
-116953
-695921
434544
-943124
-164981
630472
94106
914721
-109725
-296346
927399
-787389
-719618
638692
-149436
541929
629463
292775
-196657
516761
-464584
-74972
-201074
-824061
640424
-852232
-641960
644055
-225893
799272
929615
996241
95831
248065
-19259
-215759
-591675
673895
-918436
366077
794541
-24738
-259765
-414174
-151464
-353332
610907
812755
798652
-784430
47957
-551078
-221155
-432025
36124
-126099
-833176
-690121
-667762
240950
85541
44351
-628233
-716954
761914
354667
-55308
369716
-608858
742977
-602398
-109151
103375
-80833
364113
112672
-430630
-406576
856364
866370
400179
209942
-782755
418676
742873
721422
-532306
134270
-248106
483363
504323
492993
-523378
901138
25427
-768179
304801
-568042
684047
-581696
-375283
-827520
-873968
-850564
-297251
354824
895208
780192
-746011
-995820
-222955
-543663
-719783
-44226
-588014
124217
-47931
-81529
219355
-227292
-112491
-989777
832400
-721979
263405
-738210
961837
-477871
-353753
892035
229083
26377
823030
293610
715332
-934277
-899929
-950708
-55336
204170
44276
255446
981749
-122718
-519359
287758
-586805
315517
162909
-989167
-253787
-937982
-203116
-7939
-429036
39942
-338901
271143
238078
660998
399564
139258
889318
312856
663711
-632946
-552937
56662
-222547
917786
122718
243211
-286501
423654
653310
-144824
-261123
-857390
-762457
416004
-944558
-596810
690952
-345613
-224256
-434716
-804790
285884
-734717
-991134
760712
-17661
-161266
220750
984082
-565241
39359
-169982
987508
838170
-647196
142917
249796
919864
-151561
216676
-399028
892119
-616399
413805
-853315
716149
201387
518266
-874943
-271615
906002
980661
425441
21342
246374
-787561
-205142
834499
682679
-950878
-148566
676272
564320
-125513
521305
-832446
-122379
612557
-460741
-248001
264001
-937995
205841
102837
-417343
267501
-762210
-394208
231336
363188
669702
668032
-420408
-206589
-205216
-359790
-379642
-41546
876246
-825667
121919
-667991
323563
222158
155737
-351156
-342443
809317
-144801
-881324
500518
-743901
794425
-119227
-540231
871631
960313
953262
341826
218748
-354600
-323993
89524
56724
856973
875710
-43052
-24733
-642502
777568
-815466
127059
467012
-242612
-802564
-328290
-582053
254241
-787830
-429923
843714
561139
-216772
-84422
820033
-108636
-920432
-229570
882332
-396887
-113664
-782235
20889
72696
-180610
725599
408011
406092
147916
916526
-105373
-711733
-154583
-255116
212265
987025
-603875
41176
-582572
-383525
-722575
-69817
-543815
182975
-763208
-456839
461116
166336
-227870
-71067
31665
688180
-530156
83204
125691
973806
-133453
383973
422901
947571
-895174
341915
490857
-427179
-999297
900031
-697232
242918
946467
-931364
367518
26259
-834762
65768
-734771
961324
-612430
788917
-615953
493868
197129
155866
-35977
371783
-110404
616158
-624158
783626
780226
-637347
307149
351066
-470420
896700
515487
900452
-202320
-916820
139714
32825
-201232
990532
-820663
-834812
550082
5116
328790
-771756
439537
78562
875558
-55507
-318337
-890115
-732460
31584
-208957
-961126
-469449
-773336
-638350
748663
620023
-208204
-439034
44865
446271
642426
607838
769024
-519883
511699
306119
-803112
-194210
-622053
-177879
789657
163938
110148
-90646
-408504
867794
358146
490656
876014
837194
616905
968518
366915
-239073
295963
-206964
653118
249937
180416
-174177
-480939
967746
511366
-889040
-890865
-691145
549027
87997
227215
515906
-444275
658783
850819
775721
531816
-205596
830164
390773
-402595
217499
436692
-528790
258445
-848386
684577
467456
-952947
-891296
706037
464182
109881
972484
-513483
-528186
-819768
-20975
-70199
991262
-662862
-224840
638352
137892
570526
928291
-556005
133016
-611464
-215913
-692226
-441098
758498
-216962
524282
-556271
-807952
-310032
-758302
-84421
212055
903202
47798
-439367
838880
-184092
147068
892291
-810153
-660693
207806
747612
538189
174261
-409558
-832868
681628
366813
-703442
623432
60162
535089
-157319
819862
860045
-434867
-769498
-815858
-277837
997733
899268
544580
-498315
-652197
500156
-146432
372641
-902553
-863346
133161
371464
-324563
71489
875434
87320
779653
599961
458381
-264851
21331
-52288
-212986
-710661
-377132
126916
86956
78470
-565455
-671746
-281261
597486
-171509
718514
-78110
-764412
592597
836341
-734646
-117686
-678398
-590379
12720
-110050
-63578
105138
-701557
-981716
-927263
368177
-771467
-385023
774358
405722
-740746
171112
-4495
812613
-948227
930289
-434048
384938
805559
31807
-629928
-872553
-692595
761013
150414
147064
368470
-315188
-119170
-288810
740302
200142
760431
222996
457851
524487
374272
970430
-929266
-121583
-50148
-652781
-497035
-103750
641497
-296970
699175
-414961
453147
-498692
-293631
-815925
-834384
-168241
-151281
879816
-734937
352017
-200209
-96983
-615132
420540
938524
739296
-972837
763208
-564467
-618512
530293
-212511
269600
-457598
479242
594758
504929
626382
40328
-809521
801970
944818
982512
719752
132093
-818456
-770616
-686296
394452
-297099
-287785
-409610
111191
-856127
596943
-913899
-783921
-932032
886731
-927052
-156806
828701
-265560
-243659
-887106
203084
27106
-165191
67903
-779472
-411534
419134
-245572
-633984
-655926
-390094
-375892
952914
420369
-923368
116332
616242
-530768
894739
913974
997576
-136243
-883778
724990
13235
785100
-865948
-986941
771880
279530
28604
235416
-546805
443371
870230
-739151
-817262
460030
361020
-469287
551570
-694998
556902
169142
-796846
-483428
999345
-479079
691134
768189
803112
503027
773475
383071
778521
-31517
271213
-617417
-904932
30768
503113
891159
698328
468322
-322232
121604
-88749
-28189
-268167
926644
747371
553768
912383
-409996
-605350
-875242
-354569
-677632
-433603
386212
497981
-842320
-923574
-271298
919174
849663
-542230
577096
571121
-200542
340571
103563
978538
337444
513543
-767732
347631
-190215
-739540
-154908
-10163
158469
522512
-319894
743885
-323314
524498
609746
-561833
-686882
146951
506448
247726
-158797
551095
76844
134928
-672057
327749
720289
-586812
-472744
-963932
161552
971946
-848809
-271431
469364
227385
-521193
528496
-543385
-79630
573146
337990
-800344
-962329
-838538
-944081
421323
-795545
843411
-986719
911560
-206115
-674637
-433925
412182
-115979
-788214
-37195
-897905
129799
345613
311577
555598
49980
83034
-887030
605201
-927382
452113
563174
806819
-826236
-77188
-478539
-48471
801927
-360790
-140992
919214
-508964
-689090
-728943
589127
-783743
867584
-121475
933162
-847259
-244897
-576882
-667132
624459
-644740
898395
-57181
-610161
-66432
-798410
675932
-945669
-710561
-463279
-168930
-12962
581010
-362487
83237
488590
285334
235503
907591
312588
253337
325982
722042
-611478
-862577
-854481
192902
-707990
-85923
682484
849231
-17239
651057
-748924
531239
552032
587
-186924
-612279
-368080
197409
72539
-585189
406977
503095
945663
-699067
-880751
656820
479409
264114
-795416
-313341
-271572
-520802
260302
-757947
583506
722235
303133
-820801
217377
-13263
-437535
652949
-937935
-754927
-251777
745658
-909654
-884094
-688282
-647540
-119437
638499
787120
-546629
-398674
-974751
518601
-36365
416974
-413613
602268
-822629
-490313
-247708
559771
-481308
61328
-285733
626618
142785
183208
-37868
-200966
-90495
715159
788268
-155500
-820954
-3399
94639
56554
-380964
361937
960482
-612566
165685
-767868
-51579
393197
488569
-769111
-562705
-944885
502406
539932
575378
553201
-409253
-592239
-290694
-969423
-20151
-53730
345270
-958270
-664033
124503
-57509
-449485
412687
556591
-914398
329106
77722
36349
-74412
910653
-66479
52703
419014
-858158
-711138
-421601
945222
979323
-760964
-914874
-184042
-859352
361813
-433180
-86863
820311
-967901
93064
-230874
-980976
714905
-728373
945707
-724872
-271650
-494046
-539067
809516
-103973
321401
607495
-952336
-3370
589022
606804
-24861
220109
963491
565493
872327
540461
265801
980542
-169173
816099
-871751
821177
951112
739819
526830
477603
-722676
99186
-428290
527161
-540660
527608
-754645
5240
-507825
585844
601461
-542079
440480
491246
415714
371834
-98381
-726468
430491
223763
-982833
859766
420085
924690
-310319
711208
-885961
-64453
-413453
407114
589466
149229
-953506
235515
-941266
-546155
-576420
-94560
623879
742675
543530
487832
-404153
-436899
-981451
337432
-736113
-732549
-966450
956172
623393
-813468
-275331
-142817
707298
563498
888552
-354916
-611930
-660112
675162
-390860
739241
912395
765548
-195905
-291295
753727
323156
21178
-22289
165856
948360
-423902
-701167
-440943
-470612
512428
-752382
224937
12517
-962480
-702837
-40491
-286
304387
256998
822493
777391
529586
-186161
-787934
468907
-63388
869950
905804
-582830
-562008
731579
-104420
30865
332240
-173247
490044
-22718
838143
852801
-779949
397757
936257
-182260
904879
-66530
-919132
538281
580179
311615
-253359
-582179
-428480
-34502
372766
65133
-564974
-605701
163685
103565
47107
-292701
-571357
-961509
-958687
828223
-263735
67697
-879105
398074
327432
798950
-859672
-955983
792182
667240
600112
-445238
746310
268977
-97084
-475155
604543
-271928
-702569
5862
-49773
-385609
166426
-628327
-921455
-599695
184915
895698
-537092
-296192
-353389
471370
926281
-820425
-465563
781741
613562
-780513
-859583
524594
196327
834547
361674
-894110
-109289
239864
-124219
-961435
44318
-413875
-54347
186289
-607377
-282273
609993
-959787
443803
871376
382224
-99395
721560
449692
-81330
-54622
-525193
-731827
-605856
539203
-816923
353475
-550851
-125156
634070
-747318
263505
-309918
-236047
-231961
-149110
-154844
-536332
-872847
-577500
-226302
965767
551272
-787143
630841
-667404
-602454
92445
127462
-764502
-600071
-643800
940021
-863900
535839
982882
125944
-819738
549229
-475776
-778008
-708701
192460
564440
-962541
508237
-376249
-523799
-731076
-715601
234187
-72436
-520926
680547
894916
-374401
-203419
-181008
221490
886717
-552960
417454
-195569
63493
-495888
-352619
706158
715279
-226406
271197
-126103
91581
640647
60784
286038
-661977
794700
-389167
-840399
-890093
723289
182758
-173935
-625685
-526293
922189
789928
403192
786294
-560829
572246
-174031
922959
-631820
-770545
-717169
-847267
-8120
-483463
917381
941852
533503
942310
133049
217739
276924
413062
910432
-400581
-203829
-50241
602062
438279
-744942
506524
-52201
224225
-262589
-354037
646488
273737
583294
609221
-326588
-465612
625301
-293707
845618
918677
-163767
574468
-72560
784846
-23755
-991969
463433
775874
381544
817878
-782313
-347423
682276
13192
442009
546607
257333
-737256
482664
-504900
475565
165307
878841
-966029
-579556
231646
919595
-132331
-712777
-877183
-692541
-268211
313315
-754696
-800285
-459108
-429609
-110969
372997
-453190
-791960
302987
253739
461665
399380
498635
615573
658200
459097
-303220
329966
859429
-766684
99261
196531
-109199
-789001
832477
106529
-419094
-99775
-20233
-585474
-405361
-597641
-924760
767089
648689
723174
-928011
-665309
63222
-660411
-717855
56646
248029
-641702
104524
-804856
663010
580927
-39280
280065
584188
-985062
832636
499679
-116600
-844209
963561
826132
-742827
-988821
-164174
-116223
-295848
679448
875799
679419
-560415
771594
625655
370723
-906031
146307
9284
-512650
-776163
220691
-733951
594121
385649
-834490
874324
-243130
179968
-305631
-517411
202726
202904
384169
853838
-748791
969210
-434469
971311
948594
877858
-586686
277033
-3006
-726304
-182246
-88753
131060
870276
-523856
-340981
573887
277052
-237480
-706185
109810
564617
238893
293358
-791473
937452
-328440
-201611
-856257
-155645
506811
994354
-467310
-449138
-906802
-646471
-515522
251519
-639469
890286
-319187
627403
-445266
6083
-17727
645863
646182
-220196
-79433
368504
-789193
686680
-857763
-663181
574146
753846
-112217
331937
319003
657799
426979
-215244
-764762
-253225
793268
738621
359089
702440
-188226
-606573
507038
-845108
119493
285331
141772
556828
-674956
35152
228250
-856448
-801122
861408
-104276
399634
-146603
772741
71318
-920413
-134154
-426900
-399220
-754400
-427274
-832212
-217431
-729484
-53759
120089
-416895
959224
-140307
724905
-494976
604450
715143
-633895
-438867
-460145
-856945
340306
-765058
-418980
-100795
71814
126740
-676307
-889568
-947620
-902378
34036
-292266
-37358
-677918
865706
-565896
822142
-605900
-13168
-355236
-864234
537950
207150
907285
208246
-257354
79240
-413262
-789125
589363
255134
-339827
893677
-792278
213675
213292
300960
-195205
291692
822581
660024
407778
393407
643085
-800146
-751567
350731
-380203
-831916
-164336
-754247
709414
454066
-96535
-229776
209644
-577848
-426344
164693
623299
605465
-987490
-20822
536283
-434363
59574
-129017
-530402
442441
898302
620849
-219006
196917
-175520
-16458
644694
-483920
-792094
-509038
112047
704116
853612
292677
-682211
-45189
-716359
194224
-511650
186172
-707979
-685945
41175
10171
625116
-448430
125825
-304902
645072
-892145
369602
-771707
-857551
-596743
-387256
124843
-257967
427479
440732
-38744
-819035
700708
388614
12160
-560969
-453391
-379836
-139986
386702
376762
-707857
-523647
-795458
277305
933588
-227367
696458
-190369
-922253
-528341
-590564
618339
973029
420909
538271
-700146
-755940
-2555
-285368
-73749
-780180
49133
444102
-376391
859368
-159129
336477
-566459
449548
-173974
-483062
-127521
430223
-362929
733687
384455
-860016
430927
697573
704043
-108498
247365
184290
2971
-305429
49515
-182087
-823421
-267751
641460
-511921
507024
886715
193820
85444
858951
-247798
53471
-389868
-232785
39480
-258305
-848664
-271711
444373
502638
387369
811903
33098
685057
527422
-981213
-325252
742679
422288
135306
139776
-207794
-658849
-939040
439260
189657
585486
663583
-57073
909321
334835
518811
-641658
-80410
-384201
-531046
-508163
-485770
-365682
-988586
-723783
450925
628458
-609075
-367230
608393
-852991
264334
-307025
-102417
137905
-431730
59454
210997
494349
246907
585102
112914
-825756
-124846
-739537
-769106
-781826
321704
-497838
-420253
360238
671971
443900
165275
-827802
984848
232302
-475173
-62347
824116
205593
-225787
812951
-537141
-605954
767212
-938642
446501
-69331
-32412
-88579
623736
97841
-89784
421882
923286
540856
-936135
8483
-624014
-394612
876174
-147150
-184026
-286468
-111083
354918
775978
461180
42225
603579
18280
-41982
264056
-923487
683300
823637
-500152
-212209
433565
907690
-177709
37299
830053
118444
203377
664068
335423
-213927
585853
851793
-710774
375789
-290141
-347924
-258505
624755
278622
215549
-773862
-469944
837784
5254
628526
576644
-319413
383699
-319746
405708
-949034
562370
643785
419118
-642955
933827
895848
499040
-421899
987658
273541
819909
-821844
-509528
530919
-235609
-437859
745621
-164289
-5671
763938
-99943
-859988
666298
-490483
-127734
-560983
6046
979342
286694
-239
815241
-172855
208203
-289190
-427025
-603349
-847549
-141940
495926
795103
-790451
-986614
228582
449638
-891635
262946
547774
178907
76208
423069
-416080
951949
734334
-814931
-831513
-831305
-369479
-899618
-718493
492674
-514772
-9027
-659547
-584053
-665327
716198
212700
-296429
720819
-630077
130023
78560
908860
-367918
-580672
-852544
-268170
-824475
818021
59785
-91792
-23521
-486181
900549
23527
-130667
499896
-511496
471701
-175669
-2660
815824
650640
459059
42465
727441
-472709
-655916
26457
-624714
-946084
-797559
888312
468754
-884631
-197969
-601293
178011
-371158
670605
699184
969039
960940
770022
-684910
437358
751595
998135
-854002
963571
-284098
-888808
-185969
-338553
480642
-390427
-537855
-227876
244679
-21175
-280115
138629
-463048
965682
-197321
191283
637757
-460115
-154925
-231829
585806
914010
548985
-905850
566192
70163
-435315
-740425
-528346
-924151
-777264
-601369
331720
898157
-773863
258494
-146277
-367830
823704
524136
624936
201540
-723675
659138
-223665
80498
-376340
-623128
499738
-825575
795989
-241193
-760158
-523282
-295368
555579
-866656
-225139
252789
-795453
269102
-220092
646740
284305
348431
-348778
-599072
152572
789077
-390889
507622
394809
-975490
864346
941089
-150103
327474
462931
197262
-274578
783857
942292
270676
-366147
-227715
44237
400785
-145462
307224
740800
-962573
-508357
260004
-274482
-99987
216442
304685
918643
-548909
677623
-454616
223663
570705
18082
522836
653840
92341
-372844
-733769
849778
204754
32684
307946
399916
670264
473533
926840
30003
797634
-578667
-756987
-235725
-465742
-411885
77029
-952189
-227190
922738
-441897
-537479
-634332
23203
-200654
-209294
311499
860665
178948
758585
-48831
-879358
-945303
833119
-173944
285460
709063
364054
893317
64897
-483001
667273
274364
-619283
-990087
794934
521548
-298799
-199467
-896215
-18133
-853435
-882215
-682152
957146
299328
-396709
807805
964367
-398140
290981
679821
-645416
224790
947782
-378369
-404340
-96111
-975358
167276
52602
-826351
-26518
-329468
-224529
47086
199010
339559
-244331
-824219
-313570
-914698
-23959
832332
-357835
812876
462126
-176518
772117
-142535
-768791
-408462
-614945
959828
-579521
-636443
-88693
-15159
-306156
723118
993702
-800120
776543
3629
210735
943204
492957
-799927
900472
-379719
158216
737863
-86587
410807
-843481
911395
387456
547836
859408
-998544
979189
-456443
461565
79886
783453
-847928
445219
-294317
-779168
883591
406834
-760930
-39735
-516657
-77512
-978994
-937648
-668544
-424061
163882
-998760
-728640
-483121
-887744
-891161
-277230
244744
-20304
-950995
-143351
-68388
-633816
-95300
337254
-712449
866342
237687
-758748
-238537
929800
586867
-936277
587335
-616557
-32614
-709501
251335
-945780
789798
-755859
469310
-661100
-999351
296783
-221784
-366358
505062
63671
-569211
-893756
35978
-665476
981137
-117218
-919194
172528
-964703
-97021
-107469
-851704
-730555
126345
340867
744853
860647
-914707
143770
-41184
-680049
-931544
343692
621854
783530
779560
-991327
-664201
-16429
928826
-77266
965690
85616
707255
-487960
669719
-2961
-418078
73520
348659
161271
-290823
667387
129356
336359
186097
303648
236893
-786971
351461
701722
-976271
956965
-638608
-386454
733480
802520
-309284
248680
79738
639986
483064
-598815
-881118
-506583
-84011
836870
-617735
-486629
752681
925873
651063
348290
-76982
-830250
271431
898359
-459693
535091
267756
566231
-975986
566693
613591
-656204
302604
-707743
755069
-53241
-489332
714112
327098
952676
843591
-684968
-781318
-356920
-230560
188961
-145385
175673
932657
-690141
-445989
-911800
812016
-985849
638333
-157774
-836423
-20065
56739
-525165
-414586
-502565
-941123
-920226
-904937
760604
785215
-215623
760481
-353803
-593648
678633
-609868
-763386
803997
-648564
970666
-144621
-762323
567252
251717
47712
96478
872519
-658870
602252
533827
395705
973408
-505186
51571
-254737
435278
62936
150488
158845
-900990
1591
-836340
-945589
-470197
146886
-572898
-186573
857290
461067
-683049
127080
924227
731017
391527
68697
355226
694451
448787
737436
-947452
-690196
373476
445099
372705
-664245
857290
843572
-931761
-623807
263754
324307
-590217
-698414
-362020
-312647
103440
-462896
790326
659549
-363941
94210
199727
-229254
809851
-636080
721624
6258
383582
-212283
-25573
222464
-34819
88319
535613
117303
316464
-54751
-699464
700482
22554
-992902
-644015
-310599
-434553
896839
-809907
-483681
248923
-348518
320395
-509358
632577
-741523
952009
-997849
211305
741717
956223
-506967
164736
-513752
268741
-1337
729024
-712140
104250
937970
-319461
136898
-105526
-201729
-518209
958584
-280437
-543277
-879318
307772
252922
-217276
-756710
242063
15732
-205392
917992
-756292
-748374
-529523
877246
865045
-219318
350888
-987205
661116
232954
781418
-352563
-10914
-128631
-565766
-541326
-798109
-285703
280153
-765828
896572
-710945
-237294
-420185
132458
180518
657542
-646709
790799
189608
519772
407624
723524
-309772
773834
659970
756010
-112433
-130083
713860
623727
492357
197959
-418239
-285743
-382732
638776
184042
-690961
-629956
-522783
109122
731588
-894923
464266
-704741
936579
-404000
-79364
-437116
-802594
36066
-873942
-25222
-211283
-780334
-801875
-994923
-193552
819881
659539
-97405
-854641
-386828
-237535
-368984
690293
-293042
-964444
-784527
265120
-577468
-261222
813866
637536
-313951
-263930
478083
-520178
-460588
837225
-27344
986412
482671
59264
-147761
-347161
750341
-574503
-156530
-412004
275044
724567
58888
846294
579663
736959
220560
297664
-587573
-783912
-616839
587463
683952
-736977
-321514
697495
-541574
-560907
-558198
-207477
855842
512891
332866
-838566
-62951
-217768
-667682
539459
751974
758108
-261119
95989
886192
671750
-12336
-352824
858301
452813
4073
-995268
-292597
814796
495896
-802727
-648163
-579885
282789
309419
-369942
781328
970186
-713152
-423602
-669511
472901
63048
748796
-433298
205799
-245148
-669705
809381
57764
-669958
73005
458354
-264672
-890056
616341
565752
-94812
13003
-874030
719637
903672
665677
-251463
-668933
537460
942664
-243335
-542577
574483
-454994
694886
-449443
-625121
454607
969582
384650
-679667
292319
-462257
215459
-249842
205536
-326960
7441
-261416
782001
244946
-260240
-953513
831000
830159
338168
-437771
789744
-318786
-31962
-933894
327999
727840
149042
-16960
569725
936022
-651827
48742
59099
256006
-109891
-348675
132474
-725012
832023
863624
893010
7949
453277
-515224
983448
530569
530818
612943
-467082
-688586
-999505
973841
102844
-86783
934548
365847
-432285
-612001
434755
-253725
163650
-969727
-713425
484485
558727
487490
812254
-555239
-109925
-892893
-320097
949823
132185
351458
555147
433957
217396
110597
364397
346735
249773
180998
301361
688130
666115
541853
-89731
-917245
-876681
-746549
1489
466588
-64115
252492
-985956
-913156
337893
76134
949219
-336134
947731
917401
-897637
429538
562563
423943
438221
688102
-709534
-441753
452744
772614
-703197
756531
797360
798605
970044
-515662
384731
-275115
-702977
-951467
-732455
-357514
-579315
-103613
-569421
169853
-101499
-29478
157918
-768484
-305597
357164
-460366
480362
-330767
504305
28594
792201
507708
101148
-199483
-549795
-462210
-650357
636645
984042
-663235
548334
-330617
-751381
-667181
-242732
818036
419033
776934
189458
-750989
357736
-613602
-382597
83525
954199
548001
-113168
297121
976443
-681192
-896428
-1032
45743
56119
887789
525762
-68053
-821086
-830543
-718946
-621622
-465518
-359512
-367276
-476725
954553
-712386
434402
723065
-30952
-83154
997450
431075
-567618
823535
586482
-873568
-595555
371505
-111247
-861023
-787983
-553855
-770767
994703
-192304
-928931
-190924
343180
-262344
-751732
-532929
28378
-355912
-374505
675239
841856
785294
964955
917571
177720
795961
287062
85324
-866862
169091
-127419
-46261
185718
-50884
-61451
774575
453385
-407798
-400213
379090
75074
-341177
934802
-779757
333650
-236833
838884
296966
525298
-105612
283429
-733818
297550
41682
-222556
905181
559754
-408800
-153102
-331080
-934323
384397
-133440
830632
-796268
937338
-290221
52758
-131657
-452074
-739971
22609
606555
588364
729629
521253
-716041
781504
-475675
74308
263224
604731
-141271
-658226
-744017
659622
938126
-168278
267221
-164236
378721
-162586
479129
798554
-213848
659365
872133
112421
772275
283731
627243
-959194
283323
-734900
-503295
-857109
702186
-106234
-564279
-16690
950094
529621
78406
-589911
-573796
9588
913372
-369027
-51001
426857
892876
718307
327982
79495
-565673
-118705
971279
-797430
15461
-173866
533811
-383480
-381437
-670999
-26585
290161
-720820
425665
-66884
-353071
-360002
-917280
179865
-667673
-296747
129284
-683007
-685803
248281
678695
-98819
525322
268006
951088
644560
-984267
-618596
195484
274552
-22044
305243
934967
68265
675430
273135
-556723
520629
208466
-336626
-792944
710721
-100951
550324
-854611
-19423
192066
755971
984803
88200
110241
46251
-217210
-906973
633757
504042
322013
590141
-389274
-201626
-293463
480891
-385953
-97279
427650
957348
-242115
921624
-232266
543498
-311005
247493
509381
-209920
604060
889269
-498509
-286402
-407968
-794821
-660690
210237
716530
-653953
99345
786965
-234275
652657
-609132
-966342
585914
-499344
57713
530178
878086
-577978
962606
-33631
-523203
-465702
-152954
75176
757906
534857
139611
213220
-323971
613166
-791988
165635
840452
876645
478449
-13933
-123136
-108654
-101653
-346413
-404904
-278596
825363
773326
-578561
551650
899047
822056
-497737
-798224
987904
-940128
313122
101511
525950
702540
-374808
832551
188435
-430269
222008
-948458
-121215
809174
-820114
-712471
-443381
-465271
-584137
-335773
896943
-452139
-25341
535729
-29373
520218
-889526
119974
136405
352899
-578906
-568205
435868
563757
-763812
-687970
163649
174975
-38373
-594799
-652395
675956
364339
281574
777190
-556808
-576901
-737391
-570893
-517308
383388
-214174
-758498
908493
840905
-469751
227623
-929971
-669277
232891
163658
320106
-286144
-676408
-166903
260511
611487
922904
146082
-247887
187369
833894
870524
-75371
-667192
-943442
-350757
-708492
-647334
718176
545238
593836
-803989
577275
-847600
-29665
829779
-543470
784346
-664110
-937766
408841
877699
920079
591196
-284416
-104157
-294968
-755471
-803024
-640486
988494
722045
-48293
568366
673335
-303105
376142
-963962
-273261
-759616
-106043
-204139
172320
-449082
913336
243074
-851660
66158
103527
-520303
316528
710320
-308202
90897
-926133
735146
-808327
-638554
-66831
700274
107913
-333569
410871
-561819
91536
740016
611190
380820
297741
663418
-398432
-700438
-985041
283615
990775
128631
-540832
-652912
60555
53497
-826781
-910568
498090
76680
714644
920417
-638158
547127
-565088
629776
850105
-800124
761416
-194518
208324
-341114
325258
774509
-830376
533312
-149624
307907
254460
706610
-632934
353588
-7201
319617
-587418
-827035
344609
-349351
-874799
288386
50448
-650731
-243188
-830818
-982099
246542
573213
-963372
161343
-222165
-779892
144538
444216
-832996
29372
-931005
76029
301519
-476825
314021
585026
127692
-253508
-135157
163281
-811858
131964
-506848
-303007
907113
-906883
-666413
872919
-534608
-31031
955411
-976415
-909260
577163
386938
804450
-678498
84919
-743371
-328994
-764622
-389301
-309758
-907301
958401
-736117
181896
-658805
-748730
475796
-977732
-187147
421128
612008
-711823
573907
-524957
495295
313418
-614382
-160576
-163262
686728
-360031
-100578
842875
558732
848728
-202295
971752
-369640
-22118
-130069
993819
69786
-644007
876226
-840963
849613
538199
701357
-831772
761049
34900
222206
301792
-192229
-710780
903156
-876340
647703
-888941
675160
994261
-807309
-241659
319757
476135
-347612
740718
10447
66647
944390
327147
76627
292222
184746
545764
-261091
632323
-236618
-109310
524541
-230947
-205906
36769
-72472
-138640
905832
-321693
708935
-117540
-976975
-656481
740817
876254
-204253
552223
553835
-337874
287163
21799
-156217
632337
-445683
-142738
245375
73467
-617473
-581531
387888
-948384
560113
561712
934660
347686
-996077
-537150
-242487
-631303
245289
-798244
847638
374553
-230945
-974854
655243
-430872
-618103
-18976
-322825
936494
-759628
-249664
-808992
-54123
130592
694726
838004
-204649
-65296
-767459
372695
-969640
-444113
29816
280612
-572663
-645308
588921
347659
735835
46948
911430
-490279
466717
-254331
457516
677090
-273147
853994
-135605
-111706
376261
-99930
-350412
-882131
-991834
974712
-616222
728755
-813894
675245
244318
-1119
274973
727334
413999
571351
760871
-436474
-288709
-47060
457173
-136605
-652784
-52346
-516645
680378
425575
-451285
-472954
-515749
-507305
-283654
-493624
-254472
31138
189715
-735953
-114519
-427434
-703191
-726547
-603648
-176528
-957691
885416
-749234
-251018
719832
-83832
-595595
-382980
-173564
-915163
134779
-810419
897237
348473
-255497
-476834
-296713
-91507
-589038
-936151
-557270
-493839
-355890
604002
-21569
857159
150242
232552
-932168
245253
-932508
-103351
-661327
-107025
114945
-891698
730864
489747
779913
-654792
695091
-661421
932901
217867
-641138
-802481
531177
845695
-6323
-777058
-204863
-974501
744871
727624
-692694
-136249
-765355
-591908
-494327
113501
-111497
951258
210865
800664
83745
451100
125532
589268
-198907
840196
-970915
-191360
-268809
-348140
319022
606662
873236
-827752
718172
10275
-747240
520265
963079
839357
8131
-78714
256300
32198
222145
240393
837887
195314
562785
-371749
-713122
631869
714611
767783
-869100
-462755
592206
-531997
661542
251440
-92151
6543
421762
692802
688540
572610
-139249
484276
581849
37248
832110
797465
722472
-816526
-573933
30602
-868024
-310542
-569230
667625
437477
-220717
403578
-565688
-290014
38464
487732
-761064
-127330
632485
-142900
822904
-919013
937123
-154232
654086
-958570
-682812
-613113
667082
-514513
332109
-22295
-48610
441265
-987914
-945486
452131
-604923
970189
227708
-46444
-986115
-370077
-215096
756814
312668
-495581
-798751
-921315
-892317
76808
-882181
996348
464827
912762
641447
934830
312017
-384033
852370
71720
-258998
430098
638986
603284
-453614
-816733
765587
-91964
-342451
-809260
-6388
502041
-808908
-424566
-697624
-481133
-607251
221488
-990426
651101
715638
868941
-485980
-674365
497025
637057
-987821
-847504
-342425
-104290
-853852
-714063
-451024
-27712
383003
-533178
116895
-381478
-253981
-195258
-690324
851838
148737
-52122
-221474
686967
-347717
-577754
-792559
293059
-473314
594177
124544
-434286
-328806
-419817
133606
78677
834622
301757
-517430
-352428
889004
860081
-307406
519088
-387004
572937
601361
215549
-44583
-386505
-477957
782042
-22962
-427
-186862
90530
428470
53675
609660
745392
304570
917973
-536204
800437
-649989
212341
-535314
-368053
915047
-794386
-244561
-866141
-352672
-950356
981893
-582656
-490167
319271
-558848
152164
-423970
-105498
39642
-290672
520209
-220324
-813096
-149136
-692158
-470678
-578132
-42531
-672725
649163
297791
663938
-739052
-614557
-535008
-575267
914972
-900024
687904
449790
281757
457894
474377
-470533
-176152
894879
-147999
327026
450063
-763154
284150
-545604
-670257
662059
158042
746113
-180922
255097
805677
23565
420597
-965111
-879340
-114401
-967012
169461
274910
607492
270401
-628269
473283
-686550
886504
-231185
-631925
945075
-330299
-670077
773306
22132
464531
-287269
-206535
652409
-892100
280437
59513
298068
-168864
-110701
-504313
398141
-735621
855111
-537268
-492886
853892
313651
-474811
415370
-876166
-134554
849115
-707570
84098
193062
152663
-525073
-808908
108508
-574321
-470098
586530
461659
-871330
-850745
810231
-486832
424896
522884
368528
-246767
-972058
-468149
306489
-897415
-368102
771716
-987838
-702878
-420332
-924141
-214624
895312
-904584
637748
-680330
858253
-839701
48643
-2551
-768036
-717995
270702
566101
768472
628154
294701
-519098
-959505
355181
920929
414423
255905
-809358
607559
846984
-75675
181245
-957
815480
-26992
170660
-938819
544763
-747429
-136255
406665
-614032
-185855
730796
-644669
129936
924451
227096
-205529
-303282
-183988
501019
-881365
711295
-697793
259040
-163275
-481198
-369583
210699
-891732
-729498
-10030
40679
759832
-411607
-935134
-173421
928807
324672
867488
-40379
332279
580926
411352
-955225
-165465
122681
866051
-240560
594495
560145
-209023
-941827
-141216
149431
-272782
-895651
77510
-70107
117806
685385
-567310
628339
-240029
153080
456471
-363306
773042
621302
814863
776456
232173
-172266
-705320
583546
-872781
-291585
22622
827754
-236688
669548
-619119
-951974
294911
-130280
574625
-621210
-318407
915729
977894
-668493
677848
-454130
-235292
496860
479851
-8065
-313211
-98954
-674434
717405
-27487
430215
821703
-241960
-982652
528461
-297642
300280
279703
-605394
-650553
-174231
-587547
-780927
256475
-492173
-839724
-59799
-262383
-953047
-166354
-811440
-483116
-949779
-120502
227343
-607851
-402339
606181
-186243
-92957
-845691
-952858
671554
827531
-343448
16944
774758
587312
399319
-513209
-60215
-974343
548122
845012
-92726
-972173
-946796
538444
-664196
-239764
367701
-529755
659082
599055
-557650
684452
-285212
-143243
-421746
890382
-930314
-322264
-32146
299992
-909917
-385917
737197
-714826
216300
-665483
-582243
731632
-452815
168781
38166
-208663
-152282
697817
913522
-642109
-536125
-882621
615755
-495711
-673811
563596
-451311
845873
-397645
-125578
-168764
453116
948966
790669
714177
750842
-898984
-441088
364855
998456
-496190
540065
773378
-441305
997491
-100131
78129
391912
-800635
287098
941947
546971
-971247
-608464
-340183
-156560
294888
-714997
-817409
-768919
-267458
-955987
-378853
135728
456432
-729021
771456
360050
-471251
-314322
997626
-614389
-190778
-1789
170467
-513107
573057
-414263
594395
-842704
332907
-904382
719818
-957910
-301006
-276551
434303
-188928
107739
-23286
-1049
924051
-208783
-343003
-647190
9973
161623
607673
-891650
421467
842769
-909846
-101499
-224751
563667
405781
-654101
342796
450990
557256
464424
35890
892622
103039
360476
128238
829345
-96187
-304992
327732
-871373
-108930
-845976
963751
-942175
799310
544876
-643713
-708064
-371118
-514335
68582
366302
-708556
89917
-331694
-355769
259535
-97759
-541619
-570680
424405
321047
425835
352803
-320742
42205
-77233
-28910
-221415
-589628
963622
456484
213646
188798
-899128
-435823
-841720
-945681
-23288
-402399
529502
288504
-706176
-616710
302139
-374402
36688
-661707
35676
525750
-236116
-974270
909246
-783203
323225
122844
-182062
-349208
170640
303525
-52343
-735729
447762
-745260
-215031
291395
912443
-827740
-873565
-265550
148549
704460
-279036
973959
703662
-750466
876536
508425
750515
372664
-211744
-678337
-688993
310673
918356
308967
-656229
470727
-824491
-179760
-451636
619251
-537219
-740378
-36660
498759
-486869
-764189
808587
927756
-797308
762623
927357
724298
-550503
776598
948678
135977
-42028
459681
543709
470713
120384
499909
-900178
-789281
241562
798269
-627064
-953204
-563746
-890954
-607611
-779123
252527
248191
-79663
-234133
-789794
-434891
642832
43679
-939908
-631375
573860
469073
-471206
792708
167628
-12397
170987
-427108
-921584
304031
-702464
17979
-989269
540799
-379218
926984
-469442
-876775
512447
781616
591122
406063
-238933
-881222
-962695
-46537
285339
174922
782345
-255954
7656
-690705
119988
-953890
212062
-492735
-249834
-643249
-21824
134731
968802
717922
-193261
-301314
-876166
-627355
966743
865630
159762
484902
-106034
-146295
-136258
430019
463270
-835721
1930
983437
801029
267390
874598
-656784
-192822
-65312
-397584
-502277
711976
-231326
-330472
-296060
540410
-949460
493474
-364932
591666
-704450
308796
-59074
946905
-923784
-260370
308418
-499601
933582
660346
-296352
175335
668310
638812
-368465
-433353
-515924
347528
-339971
892259
1400
875415
948806
-988903
832727
472228
826791
438449
-932980
815113
840312
-286518
-142924
569794
-331009
-407589
-932991
315885
-831368
-734461
609871
215033
377751
445214
-331875
-574417
854834
105264
847742
472634
122997
-261342
225137
-489421
551423
-243637
-334362
-99783
596143
-409146
-740269
881361
589722
343469
-139495
-680340
-161210
-969574
-479943
926384
488090
270017
-561307
299955
-434496
-764526
11853
629540
329564
307178
-394689
371845
397512
133912
920535
-304957
4895
-699223
841380
241978
-440609
431012
-461069
627872
586458
-215785
772168
949856
330597
691519
-644676
434725
-673088
682848
387638
52504
-506379
290428
257840
-12148
-321955
86757
-838968
622259
239121
-615523
78471
-456885
399627
755682
-123654
89032
883267
-241333
-924981
-817524
-717420
-185306
-103104
282753
146076
368920
510670
-186596
677825
-64308
976723
401725
419082
-921859
-915243
349956
560217
-789297
356748
-196230
-685290
-879102
694945
-10737
408425
-475145
-850761
534530
39610
863529
527914
-727368
137610
418033
691630
-359907
248768
-492504
291641
449775
-828205
-776936
300674
-358206
676695
709903
850717
-451854
308999
-108538
-432796
-763227
955295
409049
827368
579922
175597
-48250
-930658
-852226
-987078
52523
298645
274411
318747
538636
930794
728511
364481
709902
965684
-455218
-558529
204477
283658
-973073
-318837
-613394
101833
538066
835571
-803
-521303
863696
389184
343387
-153313
220000
-541191
-857181
-376127
360704
938302
333262
30627
-608982
-120160
441740
446998
944951
788216
-777782
296987
343896
-410245
-680525
30883
-70239
-146862
466222
-39797
207439
519656
-460116
-296753
-12837
-127766
-547351
-5338
-995087
-867930
-993759
70242
547829
-815055
-999765
221276
-864095
408970
343714
-317049
766575
661589
7061
-152939
-24285
706787
-737390
-141796
802360
69803
337280
885106
476495
-296384
-592565
-240769
-56975
352549
2483
-528675
-199489
-799175
-717682
223707
107988
825971
205296
544914
-289508
-93414
940260
332075
-983822
993259
-617276
226191
-759670
-529084
-862401
166379
748068
662360
-484868
-601399
-777577
381864
-257570
-816605
-949792
-616202
-640637
-675824
524007
863593
-825695
-756724
290424
415593
644074
-57968
-272972
-595877
-65885
-837659
958501
579072
89863
541916
-510064
-131898
505874
-449916
-674695
-865214
15276
257710
479907
914829
-181986
82425
-18687
519370
582689
-937562
-19720
857474
731927
-729443
794976
-129892
-779170
-49880
-26142
-477054
-528871
735186
-506220
380661
-279576
-772621
-798645
139981
-650997
-578990
835377
286486
-471864
405547
794748
-312947
533807
-28177
921426
775253
-188318
-783892
-372229
-133373
402773
714890
907970
-565497
-945366
-498674
-902886
-60888
877868
-943148
677143
-437672
-39012
-183277
-600462
266694
-220209
437057
-316087
743005
-553111
-103110
571058
109257
-796515
987319
484027
-567170
17955
-441202
-119588
-683025
516160
-982792
856378
734024
-678861
-878709
-907688
-600041
-752492
969662
-677401
-302621
-738181
-263785
-476206
-729751
391674
268375
398504
-611850
-477074
-882998
52936
695051
841899
-188979
-789089
-998436
370397
-796778
-869306
-618975
-525355
734000
-943099
-649053
-40698
-734075
350290
439275
482702
14363
503205
-306747
255856
946797
-801509
839066
-517265
769043
-312803
-461940
-251160
519651
216158
-187168
-435903
-258051
-532533
-441081
-351769
856005
909709
-177583
-340042
358349
246987
222769
439270
571385
145289
-739110
-892118
-963125
919378
764164
861319
-748557
-362865
-923275
997054
-251031
231520
-543551
780097
969174
49825
-413183
244559
3945
823721
433185
712170
682790
-866458
24554
-606076
-557808
764374
733765
104745
-58948
-902172
407627
-820307
-613331
692637
-826753
714405
475823
-648077
-129589
-64451
-942401
755135
93608
-920037
-279454
548780
-123044
282478
658294
-246033
141877
-896726
-50022
-18991
984159
-427105
-120596
6170
906329
-188698
897913
-972249
325771
529665
-493765
-176905
416385
720944
-156778
293538
194252
936220
594980
813408
360145
406828
-806248
558269
-142789
-645860
530966
991334
633653
-270810
-261427
-808440
279391
-651805
849858
786813
406752
-292677
-818165
-187936
647620
-456917
-869517
-729895
967061
-708327
-522383
-556657
241156
-51718
710604
176943
-888908
892323
-181022
153585
930085
607283
797157
-620598
267973
-526118
745866
158122
-266515
73830
-544190
434532
-727515
-709751
511873
779222
-595360
439653
-833745
468749
828076
212418
-23672
646991
554928
10663
85660
419348
-928939
-32849
-236293
449560
784139
276256
256688
-113177
-11103
-292563
-350255
812421
-229261
-764365
-927169
602429
-651235
745919
-671560
8744
832396
947821
-413173
-929366
-774807
565231
431242
-896233
229311
200925
-480121
223459
-836244
-995273
978503
-699401
56995
673204
677151
-362433
-249918
-740209
213831
782144
-727719
947444
-448114
89260
7276
318087
-268935
-487725
-369056
267198
-762808
203308
-756386
318495
421467
976873
839628
330581
514057
393413
743855
-429902
-398297
282417
754457
839936
166243
-84906
-957638
-606953
-325989
-518996
173891
-636303
-736561
-717862
144197
817337
496269
676712
-926802
-783286
732858
215345
-807354
198147
-243069
-793816
457038
423407
-897270
218623
45537
254473
960935
-574564
938021
-723720
630465
825784
-930911
101472
-703292
-931015
-633631
157107
-338844
20033
-728126
102759
903763
314216
-90496
-646843
328830
538317
-932537
115479
786814
-658845
-908779
514162
78012
-646228
-912795
-122548
-269854
715863
-200178
957892
-813928
751968
554441
-745708
334054
-366100
244553
506399
344553
4825
-408548
755513
584479
538620
-199756
-257166
152604
597205
-828162
-147785
-831188
383388
134744
-546516
526878
226816
-529856
179700
110681
-271446
-901796
-429251
462792
183340
-961326
145010
84420
-899533
-217765
936333
-366409
-515927
954400
570325
-262562
-606358
790642
953233
766074
249040
467941
-484597
-875770
-775091
-756640
-896579
-894623
180136
255541
198860
569471
-688675
-351762
95213
526619
-476461
-382199
3834
972467
867554
-398239
-184241
515742
-760984
-472697
-905477
284939
-702727
735353
-448707
656509
-317353
-459183
232429
-206210
-936339
715520
941392
605817
451857
-671610
-293421
-119080
-313222
793767
650190
-532058
-407010
542834
-757237
762767
686334
876249
-331467
-928321
-419542
-585007
-10227
-192412
-114104
458995
18965
726461
776653
-343375
-94879
-126737
-762351
-33558
-170445
-675766
-425073
-433844
106567
746920
958732
-533779
-122462
-390598
449608
583095
-415884
90239
-551715
-210881
191331
-607406
204671
-345357
-266381
107195
874105
-589754
-457531
651231
171644
-523673
-735546
860639
531990
399487
531717
-888483
843112
496616
793033
-340639
-178939
-450277
97100
501358
-873583
873861
682978
-452250
-909029
-600885
620986
-776442
-689650
471484
-143762
-253388
-250306
-261010
318825
-550238
316428
-678489
-851714
8435
492138
-769538
378207
-126301
577760
-495926
-445282
-152301
-71644
847020
-277525
-160202
304198
865357
-393226
687765
-755814
116285
294294
697017
-903961
774551
291025
-781461
998803
-565407
-165824
673601
-585343
-124830
602566
406426
4938
894973
-490362
834083
-749555
-323438
934602
421346
-381807
698990
439475
-592167
893332
-84648
326298
-406765
752524
-693356
345875
579262
-548365
-65164
-443078
-199209
306618
-834086
600790
583036
57695
-280010
-574832
-578696
-999796
-839148
-529950
-813288
991517
655010
270660
-428676
164040
169458
-980420
92041
-829481
-862919
-576810
-705289
494128
619564
-935803
-246504
-32360
947728
912452
-389424
-668372
211121
362701
-568952
-313873
-255508
488750
559197
-392878
-906683
-454809
-495196
108906
700033
-4720
-116273
-724907
269446
839718
-937888
-884883
33981
826088
-547741
517801
105326
-292903
461586
325597
-380906
626139
723290
997775
596623
502219
393386
-394012
499560
330058
426901
186140
570353
-901567
666683
626328
-996942
-8163
359767
334867
61960
272736
-898379
-522331
-687086
362366
839875
857381
794458
-88789
-895291
143131
-173552
13222
-163993
528782
-419763
-206809
215768
664145
-617439
550652
-328676
-452679
-599005
-717936
479949
985179
322689
665463
968040
715477
938263
444765
-558610
-314419
92354
83521
-900012
680513
-536713
-368385
581605
814479
745713
-927805
-432082
-657554
348412
-10075
-50822
781834
17896
-779919
-12894
688264
-912483
-6792
201090
701488
-139582
310844
32263
-301172
76224
-893126
-713259
-463422
220844
-959833
-498889
119984
-55419
-408600
-859496
591489
-400275
383379
550780
-521004
-317768
-307167
-353484
16732
-676905
-852723
-505547
-405855
-621004
-372458
-127307
-624013
518421
-839
899043
-145523
906553
995773
467480
-893722
922839
709863
-393229
878000
682942
125480
422613
-677530
462356
527351
-774581
225221
212369
625090
825516
739021
514339
740547
-691399
518730
-877945
-693258
31802
-297837
911530
-492084
-672581
517066
-497146
-671184
370235
-828905
-33567
426410
588562
-269393
396756
527824
773962
-385612
805468
-965257
-421704
37160
-894257
276561
412210
-307263
940837
-24305
-313100
-468779
262430
-68542
860961
-772682
58298
749464
580148
-18505
-93700
-916777
-367606
-729073
155036
966101
912901
47682
171338
244899
-54337
-199819
-404678
809018
740309
-143065
-115304
887969
73629
-637453
-279300
705541
10739
273551
631108
-285367
-105691
56376
492278
632734
-997688
394808
-704584
116464
-128892
-540693
885350
936113
392477
563685
-985179
-735266
-365086
-819352
-701136
-799024
685865
-717074
139187
792695
-720203
536662
-550571
585585
-353723
312851
575986
-28779
-939416
304712
-405650
-182129
717063
-211986
-543929
-644650
-571150
262566
-299506
-450484
537490
-68324
386445
726683
500364
-669522
-765540
-135686
55550
-543804
860493
374755
-577935
-664269
-555055
455957
677509
484141
-688556
-63150
963125
785552
-422717
-184500
-805472
-328259
213552
-103450
782862
-858285
-290355
-858291
597386
-777852
644872
-484899
-439697
681039
538474
184050
319476
-695043
388556
-638666
56865
899098
-824957
-998676
360956
378346
-178221
-6114
-459051
260871
659421
-577538
432896
-52431
189743
-255187
-644926
606422
-722324
407392
-998655
-583972
120914
997797
-621741
-594608
352415
276848
225441
257401
745843
330348
-659516
-278716
487542
-69033
589179
677960
-68142
-325819
743028
-105651
902992
-606922
-379154
-624994
-998053
87838
697674
419761
809843
-175228
-176
-923351
-115348
691749
831755
-952935
589332
77167
-354993
-833062
-607789
-582657
109532
-400657
-414888
-712978
-591265
123451
89389
362966
-1646
-817388
-538621
-87737
100575
491385
6466
940116
-166271
-961352
-166104
669809
755026
-155007
-198674
727391
-590709
-381455
806154
-983482
-983504
190075
-438079
911635
-619408
718609
170011
-453826
-603757
173421
-840857
-86482
-691290
-83341
96794
-247383
-782704
-567930
40680
859203
-905312
65502
-523329
839302
-148736
-69544
939710
893512
556255
-165750
655341
-406303
-59737
622779
-779065
60811
-199218
435272
472020
-142398
-602581
-4388
-897162
-88065
750125
304312
-289327
376724
-498891
815921
-931376
-490449
451550
64430
-101315
405433
-278518
455403
514674
806219
-328987
351083
-223952
-721050
143775
365517
-111632
661050
-101847
-671548
-929391
60987
217726
-353884
133753
755673
201932
479958
755894
434623
-27811
-132821
-823650
845793
-870244
686742
63591
304196
450295
448973
451320
861544
-760900
-821763
807385
-30997
869452
642099
-745570
329548
-474973
59141
-510880
-844728
418837
-576877
700289
654850
628372
-114744
-57965
-833857
-115696
25540
-230427
-956911
748207
-161747
756674
-3100
428023
280174
645020
-395652
-181293
473911
-707270
781025
339593
-208442
-450947
829988
-114229
417296
-432662
-858962
-442831
808603
963876
-514990
541760
-229890
971279
738385
-6123
-189645
-931356
556366
933471
365263
-872448
-781529
254899
558045
876139
-96153
-72845
414752
197124
608424
839977
113185
442539
470454
-27638
790977
500509
607153
153505
-335166
125980
-22395
85910
222020
944914
-969376
-122257
-46895
-68902
-117861
233857
-214837
-166837
422983
519715
218064
70900
-130518
247001
817413
315231
630444
385366
-824524
961241
468791
-399606
-624777
909983
-706330
31683
641836
-947669
167063
464265
-420318
43198
255840
-869288
538654
793414
248765
339768
-484274
407650
197832
743749
-161630
657742
881721
933893
92221
359223
682893
14402
493846
258544
673406
173086
126504
-871179
-716559
-876003
-493381
431940
-856109
671117
370697
527164
246786
349614
154771
152598
-813147
-86241
602889
-205927
958836
-49134
472872
-554175
240542
417670
226833
363506
812411
35944
533140
533688
855889
862429
-549876
979464
-987339
248665
-896422
261539
-35458
580986
282603
-61320
-733768
996969
-966372
-281430
-677587
513834
-277557
929135
24389
-19355
441671
965557
-487522
868103
18361
378153
590324
559708
-335512
-255074
-373520
-888377
-450266
534015
-810869
97101
-459265
478080
467354
-784567
738778
-73559
757327
-909159
-351472
-196882
217184
-161777
885085
596865
575928
-491320
-692682
-82569
-800183
-604851
230205
864698
-541425
422374
-383999
211038
213092
-527607
868049
318319
-553087
19222
691995
359178
-979255
805324
289007
-911760
60347
-183104
-663303
-723405
874616
-618101
629816
-44665
-271691
729641
947129
510631
-691007
-82313
-866863
559154
667723
936185
-795568
706349
-961883
789475
133410
534207
-827516
655051
64288
-192007
424773
-320721
555716
-991477
-618043
146472
775280
-389741
605379
910395
598798
-960276
-321664
-405001
964820
190729
564635
-742561
217340
-485069
-938537
633659
-585177
938203
963178
148519
-233123
955627
-546536
355434
-912057
436041
-98506
573449
652920
310035
-421860
395133
-754914
163128
496610
-297766
-237685
-914795
-244656
-894332
206363
707516
58859
103076
775590
-850591
496220
303238
-37867
-248846
669827
977554
-62805
-329437
-377018
-594566
343107
-336324
-653359
-757206
55379
397867
-283016
383683
251239
208776
100981
261386
771186
-243563
-420010
-430294
-28641
719100
-154317
-693046
201238
-666687
215265
117253
-876078
-517482
-350327
-253099
641747
749823
609423
-173235
320840
337535
-41353
-121226
379030
978049
-817496
430700
-358424
-386874
-31040
53116
-61063
-166017
676952
-473469
-369678
-273370
-330725
780473
-914453
-890618
394087
607540
422042
-118777
-942311
-283087
545530
535817
845196
912807
-931162
162938
-224679
565757
671484
557718
-904832
974174
95029
-753146
274068
840609
-149745
152968
-913353
813476
401960
-150004
-111091
-984599
-482577
414182
-830516
-427448
455426
581320
-144297
-631333
-134460
-257780
-701937
-454089
374154
859942
-324662
886702
158360
-522907
-234671
937562
440495
-120006
-840179
522806
-876668
-101097
406139
-117564
-398023
726550
-904845
-548041
-700498
562996
-619022
492106
-873143
-230105
-97138
917005
-999541
647212
700055
-645058
-315447
-550298
223536
385812
-471675
783659
-310431
234962
213815
-992428
334659
-522802
782524
-75727
-192709
852580
816026
525526
-230109
-306916
-1653
826573
312563
422876
-798645
998159
377305
899615
115848
343942
58284
570820
460199
-306340
598074
-836740
57133
-419767
964355
823437
374660
749671
176989
64569
-569941
822841
683931
563476
159003
-231378
273121
-201977
-30050
177237
654213
610310
-6928
456356
-21602
-961567
-175162
269364
50477
284590
903689
-201025
-283447
-824003
610507
239294
451975
-607070
229327
-936374
516834
772050
-129057
896551
-728649
-678129
854256
-602487
640260
256422
678145
64921
-381386
-325757
39699
309294
840985
-962500
515998
843257
-904519
-616918
-215567
761277
-218385
915465
321373
435788
-821759
947451
104830
-942118
-455829
461449
35543
-630253
91093
184861
309650
506178
-439662
-528927
-424746
-547242
377757
197937
919447
673490
787359
501252
689049
-817549
-546136
510402
-791558
750713
-82677
-57234
540725
-831524
584079
-881663
-652846
-344786
-131481
-716342
4981
-323640
463940
568131
840069
-942211
592446
-137947
-448931
-97991
-763336
-700071
65523
957229
922046
-504020
-893086
-569848
471808
195227
-368609
162046
172335
-3115
176301
897428
270318
252531
189628
47070
-598698
-104955
-576972
867538
22848
804618
-910175
816661
71594
-382495
518938
-561511
13020
307324
88207
20308
787251
-441165
-261596
-804398
-310558
315436
196927
56242
-887349
778263
-380563
788462
672647
-98634
-182051
574255
246807
-180959
-609738
-123090
529445
469718
-502957
-478836
282518
-116225
-461411
817471
646445
837080
481405
610094
-449066
357656
381427
-133317
-364841
-450111
10352
736419
402330
222571
-135192
-70011
760982
-929117
973748
21140
-70698
-431746
386675
266628
-100259
765583
869250
478569
-372045
305826
914031
401556
787998
-718992
-375508
110852
-517309
921965
719185
-402290
-106081
-127342
122185
-885657
67870
712652
-863715
942235
-977961
166386
198141
-130414
-615545
270206
-975683
840383
-533956
-873917
-928552
-914930
595200
162353
386910
371828
-686763
-483487
328797
-777181
665659
728645
-543543
402457
621939
226422
-680536
-918001
415479
53433
451736
977032
-324153
-792157
181795
-639375
-697681
-258749
650623
507252
651864
180737
499101
-527582
-551432
-65163
431529
532438
402429
430968
-146431
822149
862058
-749000
585287
-464693
-622882
947652
-632050
-420917
-87174
27371
665100
162525
-730791
-489108
914073
157654
807753
-1586
206553
767979
481352
-674135
323510
469695
-487841
245452
827517
778319
102250
-499039
827821
537912
-536810
-343046
-488187
-202130
-356229
161885
955830
-456269
570149
77290
435249
-448124
843171
426912
622814
-138011
-14624
381452
242177
-133419
683045
-814439
253865
71705
973941
-776408
984753
443348
-418116
149904
741026
566084
-258445
-260333
-511244
137856
-964280
168547
-448584
-604127
-554309
407319
483173
403227
506486
-842349
599112
-817760
-265754
-864881
-391523
218751
-944938
358551
-149839
145496
459929
-439830
-696373
924558
34914
-980090
235696
990381
512090
891218
-559951
-77416
779419
98537
386418
-915788
554786
390325
-432369
-762497
-336669
956249
294593
-619071
589442
-418535
928297
326950
278467
-867135
416047
774895
-123524
934677
-914872
216571
188539
931774
169109
48491
-192141
725825
-464417
646205
401710
520761
-428573
157244
450620
38229
-644148
-367405
332856
618921
563396
707410
58970
101817
973699
621976
-894425
-875113
-674220
-403461
377600
540319
-102091
-65713
4388
324777
953698
251523
866741
549947
-156974
-853770
-95959
-178883
-896283
-782910
921701
367462
-136077
997758
781281
418727
82752
-453309
317433
402138
144968
-839968
952855
-591993
-697235
820499
695132
-826162
565515
-603346
-145351
-516899
-9880
108550
147657
92343
529381
-933851
-266476
-356041
45186
-852813
910364
-159591
-491208
528849
921040
996058
204400
279234
-963370
-639411
-314822
-886929
-198104
-661432
501534
303140
-362880
-892059
65819
-335307
146221
389267
644780
-206418
-885995
773802
247433
-455751
-685568
-483764
472148
691982
-963002
-568054
874764
272620
295295
-596281
410084
105547
-350697
-378720
951770
-760597
833028
431209
85072
-463686
-250927
-336057
-376454
519566
-525533
-767656
405710
538649
761008
960514
-831897
-786713
186339
-412248
-903504
-455051
-389290
-889093
-482455
-413987
67661
-259110
-541300
972535
2724
-203800
311741
-869912
-620101
531763
-747647
-722071
-780596
895671
-584983
-123697
-371390
-414535
779202
56689
-295670
-641889
979479
-562154
-291202
902677
-642813
-775016
-458790
911377
-677362
-683918
-816331
159041
512090
503480
825766
-913478
-852069
606350
-750728
361685
487214
522161
-88198
563253
-531925
976776
-736670
964047
-85522
91416
-13411
-256507
288540
850292
-462818
64985
-872775
-942956
295822
71069
534388
340861
735885
-201589
-835930
-104633
-473153
968888
713339
106351
325464
160060
-727799
-682411
-989990
357843
-388619
-521124
-778556
245129
69693
-41894
185959
29886
336158
-18588
530978
161071
517990
-970827
-706264
261080
901451
-461454
-691074
-918748
389111
-425762
-950769
127024
-585011
-335027
-49266
521501
854211
462101
-48587
-432503
-29180
849330
-620048
374310
-202
-195402
-479294
646263
-773853
811514
-406892
-519537
93348
-764360
-597085
-136386
-548926
27599
445707
-779381
632706
-720016
-537369
-263623
748731
-451091
-635256
241190
719674
765257
724217
-189967
899501
342701
201956
-568442
114768
-419037
-79057
143616
51221
259516
-722496
-469202
595078
-806657
101834
-13703
855580
824442
-422884
-815053
567124
194611
75764
-298907
807966
-20869
675953
-817636
206746
-432535
860411
732193
-433590
573993
145605
333599
-205573
472874
833604
194741
297897
603386
880090
-988860
699000
179716
778193
707126
-799991
-39681
161062
-192503
-503216
-274671
382414
888107
595993
613190
433710
647927
-3715
629854
-477831
-176373
-274446
-258300
593608
-433759
659477
-217216
319009
53333
-798400
214186
-974577
875801
-693510
-814002
987735
366034
-526008
4731
543993
-7722
-248138
-736112
440132
865695
347145
-498218
655280
-339961
-905494
-974229
-748996
-971771
-530375
423920
105734
-843579
418758
-426678
-664939
574343
-395508
693203
-78753
888512
140784
409278
-400565
36300
-374586
-718582
-646467
835150
-755511
459080
699455
581042
-562916
376613
-112309
940301
512087
-286055
-598379
-995038
877624
795811
153815
577052
317496
-791639
684746
-838311
-121889
86216
-559524
47235
-289840
-367952
-198100
838252
-254528
359750
-793184
402364
419023
-74112
26847
-258625
653313
-674122
921719
604168
819121
-324811
-867913
-297012
-509189
-987137
-393452
-925448
685434
310223
-93939
-355253
445220
-699552
-87498
222726
575657
367828
-419770
-838429
-1693
-661095
-905257
321830
758413
-742316
752372
-653872
202589
-266358
-530813
-397487
41323
-366173
466598
718893
416773
-151797
-740873
915895
-443826
-496178
-613113
315238
927985
-85079
985334
-445519
-580732
289667
-719577
38660
240978
-559846
-689972
-218862
-764634
690347
467287
171131
567756
254919
506874
-19658
967067
-881264
927846
-662341
-515043
-396346
33321
-190381
-310751
-492746
-763760
-759334
-504959
921291
178325
-211484
926850
-632185
-811221
-185588
131168
-302448
-703108
45628
802526
-410244
508654
323647
-124803
-623656
135254
249875
-256709
321563
799335
261728
-213431
-692508
-636704
-216201
-83766
91470
276170
-602714
171248
36492
-998072
-872948
-544626
753782
-275556
-771707
-795898
767307
632220
-893176
-724240
343145
119410
22336
-834423
-621576
-384625
-218158
-762435
436419
-813029
-186079
413353
-901231
907366
-994598
-350082
-8027
-431473
-614744
-268835
633940
-525293
885372
148903
-796260
-487495
67453
527048
569239
-849248
-47342
-728531
-437732
211388
-801332
118198
271529
940772
585907
329167
125115
681993
-762285
-214286
-234276
-401274
251307
-720390
-727088
154297
-761264
-575422
-26880
-806350
433975
692600
612650
927001
425731
829581
201776
-591880
-159095
486448
-890722
77926
491723
567328
-352629
-771151
533980
698403
515074
-242342
769915
-996540
-654567
37711
387978
358822
-509929
-906352
-79360
-208911
359075
-356138
-679123
646801
709956
-25757
456922
-236267
608131
245312
-97787
-187170
-783691
-443227
555839
-817900
786267
47378
-461719
550163
-169045
950963
151804
-768873
780551
520781
-847727
-654293
265405
-819824
650623
657434
916507
59360
-322973
656520
144583
888589
-172172
977359
260772
-727386
781324
-950441
-747406
-777293
-497598
623902
-21416
-240675
103601
-63835
-726640
-153106
363030
541106
349834
365872
-309217
-222779
-412945
-633970
-368166
219902
830500
-965682
835378
439669
-466166
-703614
224154
-801550
899971
697641
-231581
435403
-636745
425966
960883
916765
-38595
606716
-924144
-874072
333799
-810054
-533110
-200889
-261206
-534516
710054
-434899
-329267
-672127
741266
279450
230919
-157372
-843111
-311297
-512365
774147
-124838
204116
443045
672006
-404109
454768
-771239
771781
686050
511696
-715432
-190548
-439085
-205350
35109
-224331
-135202
-184751
124266
216582
-498093
-511835
-421364
-283076
-614670
479456
124893
137988
-388430
173988
257465
180592
548852
548265
-304622
-245629
-519836
864690
-856519
-695007
-672076
-22660
799793
-316527
490518
-171304
-559055
269453
139053
-143200
-565497
-736201
239937
530596
-511818
792391
995271
-253696
-928365
134166
-414989
-263685
613287
794181
-310619
-941397
229469
-107237
-398284
-986953
405400
-323447
794594
676860
267356
560815
-102994
510836
302163
575444
-252300
-56930
-960619
-60120
604728
-567849
-441623
-851763
850219
-199101
495964
-647785
126268
237366
-910212
228580
738648
-674359
-316945
479439
519738
916633
-75198
-163097
362283
-132008
340351
283728
-298418
-175905
-254326
536723
202365
841656
-662183
-915688
-7232
9240
-475761
315934
-936089
56802
-60351
379418
202920
-5831
16577
821770
-996640
-140670
360125
705901
435779
962847
-242262
198681
-837138
-232940
-82520
-297967
-321109
759557
-777765
-578303
599660
-280887
-623476
-165752
-973723
288533
-830655
501778
740937
503053
-591233
434071
338624
-56
198700
978126
-967109
543473
-137823
447913
-694344
894456
-803907
741550
461568
948115
998434
603344
919665
369614
-269591
-465527
-653496
-756007
-952042
411846
-461383
-549819
626762
-581193
-460126
474826
-561566
-69520
-177504
558905
617464
-84019
500509
190001
-352548
-645241
-781468
906127
-93670
382848
212862
-531008
240385
-551755
-629863
-113059
-292744
431050
435908
-277859
-940251
255140
825131
-30701
-526184
-984914
-858975
383092
-586
-188295
32485
391847
749067
973795
-979030
-672976
936755
-895650
844669
69995
-136709
-999125
-458126
189022
-35134
804787
-517756
636949
948114
941494
-222165
-234803
-262381
-545733
-373515
902666
791379
-656106
-46022
716408
-474533
-989498
558894
161352
673359
905832
-583590
-638669
-940537
-429713
-948044
158672
701484
-807346
-609675
80192
-693188
-382956
-500187
-325777
302539
-337703
354339
-91020
394477
462220
132604
-904308
-227744
836378
-84607
388902
-230534
-262880
-502978
-944945
634540
540713
-748597
-205086
-469146
-366125
648060
248357
-865309
915554
422474
393180
719239
-267924
-327035
-715140
960326
724945
-247592
-758900
-973892
-772904
-854863
-899907
-329608
-714881
-748729
214498
313564
722746
-44581
-721182
877926
978264
-488203
575795
697196
395406
82890
-97597
-630393
176662
-841814
-698095
-175175
2514
8587
-54545
634737
-8210
-688520
972389
760263
-30355
-966135
427493
-633831
822629
-546483
719244
884630
-703035
-243550
966136
578892
421219
-586870
-721318
811822
-74069
-973341
651446
736294
-796611
336449
270712
-394154
-94942
-150919
220007
-191633
350498
-587625
947952
933993
83651
931408
-662501
-54228
619011
-456254
7389
-815137
699056
712766
261421
220686
-570184
715752
-942270
777767
-10076
280400
-297845
-279110
-890448
-467946
371295
-193583
8205
29324
-809555
474377
479167
787718
779254
167403
112832
633150
416931
-381222
293273
955288
-61890
-732059
397837
-969648
-544021
295294
-906470
820016
155697
-777145
-954026
767904
-604757
22157
-801476
-770462
931751
-751586
826129
849059
-264016
545308
-201189
-925114
937987
-808202
554794
-14032
130865
-758029
55951
-886959
335196
-570814
989582
-591311
994461
-317460
585088
-943495
32242
-586732
-423414
-300182
-339056
-695263
-937361
-783180
-328595
58678
-843089
-656453
922218
710253
355382
-213394
-902035
-87939
-966051
-196462
-898829
-759136
146309
-915583
-968640
-695178
471706
-236433
-805303
-629232
-274175
-756433
168395
331036
368764
76296
975612
-159051
-233829
-131881
376482
140831
-879071
160655
238570
288210
-713919
-790122
878089
510714
-676960
655789
40589
989093
8810
595566
730914
775113
-333052
-507756
-72776
-610410
-511771
-555590
619978
339663
705929
697542
-551556
387154
-913622
-776120
970843
-762799
705574
-513789
727007
-289279
489025
478488
923325
20693
785191
73960
-126363
552934
998955
882288
848045
426573
722410
241194
-359628
-950170
946919
-645269
-680484
-471206
-251890
496091
-514487
67104
-512420
-239824
495725
356085
-775648
-857230
-650592
398833
-75645
957950
-457741
166067
860216
355019
-4165
-887883
252429
-838458
-366750
-68266
-794299
521428
582108
-571042
-64854
-156142
-392887
-695911
-252893
-747339
-316582
807891
300545
-357549
-840459
851772
307504
797953
820694
722923
-99828
467674
504608
-295951
-291935
724081
221121
622789
-406629
-406620
732784
882425
802817
-132673
664699
131166
105380
-447812
84086
-766794
-121057
980793
-575489
-111519
-363580
-212092
-272224
-644977
-537579
-256298
-210820
274121
-904911
-160312
97990
719293
-944361
-611687
-255097
166901
121292
810306
858804
840936
-649147
813951
18622
173176
-440152
312571
976853
-994502
810147
115377
-506749
-337862
-157589
272408
-804996
-551461
907783
381449
925811
-241797
85280
-193355
-451786
-461301
-161483
396702
252020
-793982
109205
-885246
-145962
504370
-828453
-305308
337340
864582
-213671
-964960
-153997
-219100
-29496
-259308
845594
-257411
-72650
-673010
-643885
-90499
991283
99436
780006
917315
19715
890599
-456275
-466807
-501621
267186
-494677
-542160
-853312
-859523
299544
692144
-530285
607672
536657
-354970
831196
-642937
-668945
-656963
477639
452537
-712443
382673
306179
-651228
-881509
734622
-356540
230735
408678
-202672
276038
770605
-886796
-651150
210264
636955
-651033
-83136
-756508
83639
868888
-609388
182608
-824252
250036
654932
276192
434378
-939790
-972141
-926995
544286
-97991
-227564
-218931
-2291
-451717
67733
-142918
-321566
-638002
134526
466607
-765987
-216569
-12426
-825805
211695
484282
-388752
793002
962661
-782073
41846
817655
-517771
549354
-14003
-961476
-61657
-687952
-278179
-665410
-177630
229123
-599192
-93034
-865618
839393
453399
-770804
-320727
-992857
-682632
-67116
794132
171696
-111861
-104339
279111
-437897
-106171
-390927
100548
-13239
-213392
531340
229748
500049
-675725
-581599
566370
853346
-739402
951259
791593
-539270
-985591
-369285
56732
637980
-974530
-534157
-591676
-412874
38200
170200
779009
832666
656766
-863385
555293
-791885
84608
934212
935399
-486966
723286
201063
-257098
-361771
42235
-450702
-437266
-869951
-511123
-33087
-950182
-690429
41273
826408
479127
-319617
-730112
522662
297628
-26884
-611798
-696023
-746769
-939110
-354344
439885
481858
-852619
516157
111961
-457762
-405409
-524795
53609
-673819
998541
-271956
-331766
966583
355835
510556
-329446
613106
-957578
543565
-315241
182260
-591246
-314579
358944
-203365
-675789
-771999
-342274
36519
378674
-233153
315711
5365
-169814
-591203
237057
702258
154190
-151315
381277
-168616
765528
680559
438776
518611
750107
-59924
-502207
134981
660068
94698
-937983
-90738
-675789
2834
559309
-537556
94006
525812
-306419
-135623
-39313
-72131
-144150
777352
218837
-201998
534226
-999656
-275270
159729
812613
504920
-115449
-531008
622591
-962680
-853048
-890596
-10675
322484
174885
-630437
-386863
234131
-468186
881693
669121
663334
-519970
766288
260151
569065
852650
87338
-504591
-815968
424695
914879
810625
257950
-873664
-956420
675326
776476
-332352
-664391
708673
-655388
282408
-859663
-661343
949432
879129
-209505
-109473
-587826
964640
448356
-23953
705004
837610
-722826
-796916
-437002
135518
606068
-905454
-526939
-866840
588016
-934400
-552624
343596
278535
431413
841051
-376201
-382913
664695
-915249
-993603
650422
-405962
709426
776878
-892887
-261934
204863
938580
510685
884932
201251
159856
-134722
578884
97478
492996
-706642
-610521
892682
-450502
120681
-709031
-98652
925298
487778
579657
112072
163776
-174054
-701122
239463
-95202
-124436
-731424
-219141
-555518
289232
608179
-639535
-813748
-619491
-430515
656775
770867
-832020
861234
-559895
-631908
821688
-930473
933807
766700
-630458
-905647
-56424
395647
-525707
-290887
-521478
-51630
415332
853608
945946
-788974
-309651
-600860
861639
220301
916802
-825834
-800538
-361164
195726
-687234
-950282
-721055
-363818
-686976
-914022
-442286
-603587
-414774
571812
304149
113186
608961
-649672
-390803
417461
-729620
514527
-167109
-727521
213663
958259
174755
-177576
541624
250647
188947
-175994
479940
341814
-741039
-131367
806154
761564
-469356
358333
460650
-704629
-589693
148901
-603076
156004
-151792
447979
948714
-57520
-703891
-675562
705757
-412488
-276285
535879
374673
919668
860602
-753781
-576508
-669276
759405
-834296
12553
-741315
-497746
814718
-455769
-209364
556675
708157
44551
-536498
277224
928738
-798417
118741
784123
61873
-676672
790941
-977656
-570111
-362713
-845694
-329739
656000
211848
183467
487773
846767
-940405
216306
63788
-912634
485307
-776463
-706024
422442
390768
840174
171386
-379598
876067
566367
-931661
793760
851745
-682173
-11791
429797
203379
601111
-330817
-833458
296172
571256
-866488
-628865
-251211
159698
-934846
642837
-701016
-864640
519905
685926
625529
-715437
440473
162834
269219
-696556
-270062
-939718
-661780
-742794
476725
-417872
-769015
-320181
888701
-636004
466684
929251
289685
730457
-366637
540349
-522265
-971076
-642870
-98526
393641
29211
-495758
-175542
-506678
316586
995918
607111
742947
-545433
-490932
649594
-599962
-865047
781693
332518
-683447
897526
-772491
-169476
289167
-766997
97013
108597
682800
-817765
-750500
58304
-539681
-160573
645397
-601277
-924240
-149211
-376642
735729
457063
639778
-975891
-75067
-825780
835257
32901
-751170
456542
143348
-850312
-726105
-853560
-652632
-223722
-935902
766683
178986
-381290
-36799
510730
-816049
-877896
709225
374563
-555134
-479786
-672248
199284
23671
-138300
824558
-857082
-446121
528332
-980038
410680
-127840
-486458
-692869
-69360
-618059
399669
463354
-806299
42105
-190677
685180
122945
722479
154229
-397606
-509477
241018
547368
488461
-185054
569691
70619
869598
568360
-979291
-994039
585622
727534
618374
723961
885473
-751761
-339255
-182146
789144
843732
-82436
-31977
311721
342371
923758
-716071
223382
772967
692218
111974
-392162
-156293
-90189
-768461
-917488
-450817
-139296
961883
-742857
-314978
-204356
379439
253652
733227
-624613
-747203
-359885
-352665
974455
-522626
916576
99281
-208493
167086
-621483
270583
143855
-244602
178837
136884
744507
-741975
-508003
417763
-363942
-630356
-872393
68109
2212
-716468
-407763
-818744
-288035
-885993
-507331
-739864
236690
-836662
-595396
235820
903656
385349
424391
781416
-307713
430500
-495961
88970
112411
554728
337722
600814
-468848
291371
-780684
361065
67928
-23358
588416
443427
527188
67846
409307
388434
-198877
-990822
30373
347274
359678
529241
658465
-537503
386710
356039
-734052
223386
-158773
-155639
-761861
849384
-125020
74526
189152
-406209
-583516
-403047
-245720
-638064
-761565
-298237
341669
711915
406681
-687928
-51708
516912
-60749
317493
361473
817182
470311
-671122
279243
685714
619136
351374
348998
735075
92616
193158
-428612
-184040
265090
-740499
-349615
-548117
-97069
400876
-343408
-320771
233876
-807983
-617406
-607082
439537
440481
-129169
-201677
684521
-841544
-844812
73550
-221002
-163107
964790
288931
74119
574887
-425407
-160984
343981
858114
490552
-290790
-334877
-935112
79337
136312
39612
429607
-407870
644222
862482
963283
-918020
-668404
-901203
332557
-616200
646161
706513
-19318
-49601
387196
-58170
73169
-132504
225438
531968
189160
-380177
781130
648131
-152702
-551652
728148
-970583
-502508
94277
-29367
-708443
991297
-136631
262817
-25110
-149982
364441
-252944
-788437
-63136
-732466
951247
-937218
-704958
-242598
-443649
-235983
97000
-369082
-725009
519973
671508
495821
401742
343120
997789
-21140
781993
766294
972945
-598101
378586
529413
-742812
130155
-770087
859801
436788
672209
-649372
139444
668524
-232889
83191
-154223
582834
438050
557895
595186
-111265
-843949
537250
-240624
-755552
-645481
268286
-971799
-453684
-11801
-675177
-176217
-554623
612250
324985
688020
452985
305259
184856
164026
-108629
742070
-565343
-936166
-25925
-765701
272766
-469333
804479
-444020
941582
936159
-507358
-885250
-926382
522219
189154
-497222
-711817
416860
330817
77769
98629
649638
-835109
140523
-898680
-379815
-438486
366118
-373260
-691280
-134661
866665
-704498
593514
-137703
-516343
429085
-891841
-936572
-356142
910728
-660417
391956
357432
786454
-358727
813641
-293509
267064
-450144
-796961
-451535
170943
171901
-507797
408978
-513208
18001
124469
30280
645904
-282732
-746962
466752
710092
-190205
187040
-540361
989017
948135
86914
64577
594147
-822060
-982127
6479
-482886
-974381
607942
-683347
29327
-424146
391209
-642769
300475
231527
751312
-732926
-334996
-818918
187436
933888
-411447
257294
699340
172944
380002
-315639
-307768
-285305
-575346
-865993
568075
384513
-659524
947879
863024
967217
776761
664457
705135
285388
-773332
-600735
-755939
-902656
-223252
185390
-118286
-708994
-243398
783021
-494906
-486607
-63740
802526
-653712
-208376
197849
-226670
792403
-210841
990048
-316952
954616
507607
-951296
-929009
46616
-344531
53866
-962794
412229
-990897
186989
99348
-44834
-346972
38799
-419185
813303
47325
-125214
-231675
640051
-851580
-824989
-400016
741776
-377627
-184523
-386249
-859386
-124250
97706
308427
415761
-20614
-40820
3922
17545
807553
906349
382940
633063
965665
-117644
447443
133541
876047
23215
844077
-41500
-765651
-830839
73160
-555953
596205
158110
-671039
-415750
628749
871229
190103
-117141
546215
589023
-732502
-963644
-406404
598951
629080
793791
773070
375706
726515
957566
-186941
936287
446767
-997704
-825537
939964
713470
-989928
-924296
957044
-813084
-102065
-764795
307511
-586677
-953945
140709
-198548
-386407
594961
537005
-5005
-637664
-876601
-531706
-572599
-843183
-981176
-799531
-608405
462652
-532203
-288909
-124066
-722541
-138234
266140
-322063
224060
-331743
-435716
125525
138799
-183710
317970
216567
-304260
-878427
201021
-150746
578567
-121740
228763
723819
758768
394599
-771881
-996233
-344706
277505
411212
339777
525582
532494
-689861
90938
359532
-942941
-832191
370931
526202
175958
-160235
454798
-401483
186396
-419032
-175590
799543
853424
-202260
762450
-964054
963903
477740
-447105
-359864
339870
-471930
146799
-472884
573988
125928
419809
-761537
532663
-896689
687333
695710
4216
763768
933990
374911
-709809
-808647
-205133
988817
250991
193412
550591
639843
-489420
704623
-779733
-943732
-344322
-749943
-787940
716549
-359375
186934
674981
816809
427130
111615
-786053
891178
691938
-419550
-33660
-376597
-531997
574236
-398045
-222604
746336
-565931
-303215
-588822
-850203
971641
-398353
-255699
-621066
-935774
-144713
-867587
-786111
425009
-639021
-99671
457553
-123492
565432
105234
-268527
111577
738418
366818
-370057
-774986
-421166
-538036
-862885
343953
591481
-66993
-846131
290514
431320
-252455
215006
193658
847465
453713
334518
198772
550278
171140
-818789
271042
475634
566072
-50551
-761587
-406210
957963
606587
291055
535934
-18441
794171
-875082
528425
-46633
678110
41454
512880
-288878
-64932
-825246
-633282
244136
-300918
104330
-92667
954758
-930566
-705934
647802
329197
960621
257185
813449
86841
426027
587710
-960705
347608
-328930
431381
-413723
-618816
183611
31388
-327522
354932
-711166
-812727
-645742
562810
944411
664720
39635
-756959
-627939
449925
514851
420976
500656
283333
89820
98204
232743
660997
-229815
-68965
585331
-398365
-633817
574145
74083
-460846
229654
-358851
-753235
61151
370543
471240
31468
505386
356878
347042
869157
755142
-6638
-984691
-504028
19846
948584
886884
-760785
103397
-458174
-868843
542894
699122
-489419
-825404
-838660
-757694
-976001
-719606
-493900
924918
-586754
49583
769987
-586901
-529129
903110
231632
-908543
794316
843659
961684
572211
422152
264672
827257
-274612
-774249
-558625
-820771
-316010
862573
798435
822464
960814
-334639
-43998
361027
636116
-380213
485842
-380765
-862631
-10437
-75586
107980
-216475
507954
-408801
9272
-830909
114140
621588
404922
385707
728088
-907473
965087
941569
-289769
-413647
-172371
-55232
210230
-167618
-827281
-991981
899522
-754879
647779
-22833
586854
419215
-829275
-109055
-139109
603220
181962
702005
220664
-54640
556722
760086
390949
-404161
551528
-612082
-734448
-962799
-790981
210699
-847788
-229389
591632
428795
-219773
-801830
950035
669854
89224
95715
907491
-839673
675693
769201
-108394
720903
-888004
-736882
557536
313514
-806904
105175
-189072
-325466
-687255
-532721
-519392
445208
249202
495886
-440443
885263
-691989
-164837
-440827
201612
348299
-239931
-133794
843722
-294763
891321
-872025
348597
499685
-470009
-47318
765737
-614021
-910218
411229
-642698
-357612
-735987
812786
-520323
-163721
846959
-457946
284163
-40114
557483
-242606
-248624
-839470
924706
-324699
-385737
41086
-434958
-399145
467895
885037
-173209
-992945
-658823
-651539
341344
352274
888280
985938
-46791
937509
867430
-199757
-857427
320398
992969
657242
710090
-728971
-311079
-991409
-438385
-825525
530943
341835
777183
363987
-499914
-653679
-144311
339623
264816
48652
649186
-795097
-319369
-162380
305524
-85161
-629697
-948415
382673
-554597
-731431
-527987
677884
-457325
590399
258935
-121277
-627538
546687
-700000
-964402
970054
-790096
119846
179325
478973
-794800
394513
395421
-967661
9178
563338
-399713
-596232
656184
-287616
764711
548033
453769
405722
-141421
-48780
-451371
-700594
-229447
-964996
878824
-498604
-97164
710591
-989756
-847658
836450
-323503
321404
489739
615252
-646434
199848
-414451
73870
-266695
-934735
-69414
-802043
262962
842946
-446861
-876469
519391
-289523
522554
-83397
-244823
267938
705823
552659
340316
548126
-18410
43826
-851718
-93653
-806727
-485059
570225
259691
580269
560445
566824
74790
749065
47295
-97754
10052
374860
-485169
658568
-616921
-568913
-249484
589197
154425
758042
-907455
-592883
380876
955410
-321151
438325
601090
-691860
744009
830319
446149
736128
848694
-628211
-48826
501526
-873856
-473492
635512
420637
-568194
128124
575337
-184924
-585016
-233529
-320366
652746
436669
712040
915030
54542
849697
-68211
-238204
-962116
850165
-930189
720110
-279444
-579774
-68929
708709
863267
996772
-465181
46709
354112
-565657
546573
821187
-14328
834982
-942099
961694
17630
-303018
18844
-509310
-539582
865436
49312
97118
-351218
-375260
-341601
-289006
764418
305210
-50838
-893094
-538479
-943309
-992901
-794920
-322702
-997215
184444
820661
-566123
-522947
-633423
177655
870385
662717
768569
209797
802168
986000
-249540
-797728
-153610
729721
-453503
471155
-875238
-351505
-905617
-3848
613578
-323954
-602424
-700260
313213
-361462
467793
-818735
124790
37204
-612210
-657022
-882152
575530
-398572
457465
288378
-219665
983917
-679732
592965
409200
571080
-441666
703851
-21578
783905
-224734
809648
664049
-394606
398010
239261
-439560
-492366
-88014
-943579
643211
729857
-978170
479939
-542278
172054
-711392
-965077
-943588
671367
-575726
-894438
-911350
-644123
-666907
-733383
-435369
836680
-693177
-334779
-574117
920631
351870
-236939
-841378
-266079
58632
866730
-352382
-957941
-472675
752790
231613
-710337
606096
-994025
98110
-494342
-150462
-293523
871464
599705
177546
775571
641680
-35277
448085
514065
592742
770765
978918
-896202
590239
670261
-710814
493588
-750742
-680797
-501706
-557412
-93525
525053
955235
-854820
-532491
-986814
-329299
702676
815685
-186660
45197
616249
81063
216170
826138
-864667
-993360
-282284
-38178
-702906
963254
165219
538842
873613
-380707
326657
16903
128842
195954
300389
291154
280297
277299
-623565
-627130
-717552
-4044
-282623
504725
469410
736258
740056
-526047
-480637
888675
596907
-407340
92040
213347
790494
-406877
-786967
92060
623360
-493103
-416570
140751
241913
280121
-41329
928850
-215891
-140350
-261101
880322
651755
-184959
871489
-99533
523608
687509
-302621
797088
340940
-757055
666112
517032
371861
-3902
-188894
82934
-274457
-304923
-531832
887924
-85648
402681
898855
532737
648423
-392290
-110682
-470984
-2501
864122
653458
125844
159626
-722485
-776569
-85643
803363
-35383
39848
352157
-485545
881285
-239490
-521508
397379
76056
418276
980050
-125029
-770269
100178
-184399
738897
-25190
585970
515640
-149482
-452825
502516
906757
-219811
-446740
-476137
900255
233673
802656
-116908
271575
-757809
-216161
-701391
-832466
-105448
885311
-223280
874623
912024
-145046
973111
403517
-861546
-462388
260209
950170
431625
7975
-184254
-391811
-883639
817212
584474
-688796
-764573
126718
922144
-992188
498304
-725532
-587479
-621084
253087
-387636
293995
-375147
-832610
812445
-768084
-321502
55650
423749
627523
-575519
-792420
264798
-301201
-302512
175749
700369
403129
501742
20965
-992035
-567884
-454692
-619286
336804
-275733
143257
686555
-224120
398545
626864
-718433
-383656
-17386
-997683
348559
-980336
673439
-722925
-724162
-581514
-583149
748305
-24618
-390209
371889
-742104
459080
-528821
178644
869634
-810550
-492738
548704
-766975
-324325
-122047
-163354
-432527
680144
16641
-318163
993897
292567
136665
679401
-731964
-233706
-724330
-568857
336552
-629453
256572
-268067
521430
726849
475502
-121177
-797816
-220333
173683
193664
398224
-987003
228119
-827267
-907357
649681
847735
822942
-542200
548134
641259
-558234
720211
133721
-300897
881366
-41694
-754082
-764903
-81611
23383
-471727
559450
-826150
-193802
665619
-877076
-313219
780450
-640782
169239
-301883
-19118
-219462
37481
664439
454572
-746301
634418
497207
205420
-667643
674549
642826
530209
154783
-56313
365246
364118
702647
379444
785101
40150
-7385
736433
52609
354391
-486018
-514180
-391127
-792912
394070
989094
435352
587026
-91248
450033
246141
-836146
637407
-115355
-471340
697045
-876212
729336
-845356
294697
-374638
531565
205001
-652043
-547428
-359056
-210877
862825
9638
526434
-719031
149743
-608252
-580287
791537
-219383
505674
-763732
479322
960165
-881932
961167
-386593
672411
183705
-47914
845334
-683982
-325288
-955918
-662712
-294629
-972567
-260680
-148779
-192676
763879
-791239
-987589
232346
-754969
-330637
229169
-518477
-315726
-402984
-819631
707360
908077
249458
834438
821582
-422999
-504357
-593339
731732
693035
-574260
411597
306965
245096
802203
-494989
650501
-267155
-47409
-662852
-37751
-442574
-203053
134974
-17176
606488
774558
-560710
355043
344387
-205266
442334
-390278
-669910
246013
389468
-987824
710648
-289312
-761034
846098
-882243
347071
-529179
727086
140096
-910654
-412775
-445850
440943
-720979
591295
-356079
-251181
-507378
-659636
-581708
-498684
-214468
965407
382858
354408
436424
-810525
-568455
-718533
854755
-818654
796163
-659467
829494
-898405
-643467
632049
-962510
44376
274090
101766
-233561
-901629
947559
-636904
-787511
-467361
-399110
-574583
80573
347180
335885
247228
-242644
661307
-681635
-4269
-336967
462436
-836996
-372952
818375
783947
444709
305796
562316
-283413
-651175
-286360
-349847
147310
698601
945071
-917323
-141414
62578
762789
736852
-113770
-747971
77807
-660328
402260
508931
328959
479709
-79905
70091
5769
956956
211327
-11373
383511
387076
-453592
355721
-864078
928810
437020
722677
569246
-151663
787225
-85536
414203
-946745
-125212
299054
769514
-554965
615516
438424
-854687
-337087
-131621
-560349
945505
502284
824204
850156
-172866
295189
-648008
-601989
337919
932884
-923934
-519836
959986
-474614
835355
-555
-507568
637832
932502
706650
72411
-601738
-739429
-215606
-81017
-233660
372955
-986697
-405954
494203
31507
320041
-460658
-86251
881845
766857
512369
335409
-464591
-963788
-303315
-601750
974575
-739738
-284666
711124
400893
918153
-198383
-572703
452730
167392
-521021
-64848
-90862
-937103
-483830
662465
156349
270219
-715238
810899
-934232
874059
826156
727829
-841538
-787604
-350251
265868
781191
-41240
-581474
-200386
-826518
444384
-390215
411688
-266981
-366811
-995333
987418
-972261
133508
442611
22134
-625064
19312
-523376
-54383
388477
-690869
372584
595577
69255
60654
980482
-838360
-767168
-241936
658799
729513
-898950
635433
-156240
-937652
-578693
697845
234135
-907533
-490062
847885
-44954
269249
-374050
915589
-126310
798347
-532112
88411
171122
-169897
-4437
-21741
-667297
-844258
-675733
364016
719427
535148
-3251
121123
131747
640979
-343946
-629498
367167
-550422
-964590
161655
454197
67006
-644987
-770539
-611988
346702
979411
645150
-402188
-420037
595153
804133
-390058
-139180
-68380
55066
693949
-714221
-257588
116028
-268873
778618
-243166
509855
132233
348469
419496
540038
-735213
-627327
-507975
-499170
-712784
920903
884637
734279
522133
-817892
-513150
591646
-853560
-817885
552095
663430
321711
95300
-811579
760551
514591
-328872
-670192
980128
468295
-863037
-946887
-242230
369671
-70259
402641
968186
-765035
-681143
-267207
881206
225538
-14629
-134400
109911
915038
-147252
897156
-571328
386567
572005
560521
-474470
-760886
-813781
542830
-587987
-742119
-673292
822962
-401324
183437
480353
-823767
-555117
-310679
56051
22629
-713932
479366
-838003
-865565
-778616
-975963
-874058
-109698
-331093
-584964
273453
874025
-193297
793008
892542
372859
-871673
226501
606953
-780646
306491
-623465
-3312
164692
-678183
-653738
-922471
-806948
210282
574736
201234
-482975
34809
-767609
-561275
698463
768182
35532
-804664
349801
-885774
-206498
-853513
594079
514993
-504693
803101
95795
168198
-611318
-59851
-859466
-457118
-706107
-183905
81829
694339
105525
-493753
-382368
115189
-123236
165204
556817
630282
-392034
-416137
737158
427008
-458505
-601060
-487386
317798
-884965
-436015
425636
-262385
-525654
143907
-930909
794953
438139
-496233
199960
-330769
329959
349531
-467343
-778706
-877046
146144
-220796
-114250
-919850
705866
464212
-953454
654289
245711
108790
775454
679397
308445
455499
-37983
-190708
-387631
-474697
764647
-99172
-961514
199782
-965490
-722282
882060
380296
-293691
636296
-524039
17296
210460
-148137
-56308
-55545
-457715
-843181
655716
-339281
-721234
962321
-334939
-80330
136257
-223892
-160305
-99268
316448
289753
590628
930874
-507366
-803468
-317417
3249
-770044
902387
-392236
387411
946329
677785
-214312
-635549
-879361
601190
-380007
342095
-657960
915134
-466288
-413645
-975204
-645080
772350
879322
-909314
-476866
161735
-839550
430164
63304
-646978
539959
-574801
598551
32638
729581
91541
592656
895716
779159
565005
313599
630900
-424070
-41053
-204875
-196026
997750
-100731
-221373
-280803
848444
664182
-13432
567618
820148
-737049
-380304
986
-499600
-679831
32681
-159080
-789779
-772713
-155960
-768853
-705920
-511686
-839417
696277
-447159
5380
287862
660207
-21612
654170
473281
-863676
722986
-593929
528130
-861161
-696317
707373
-255614
-755974
208093
438282
-86442
-452519
368321
792229
440328
-986667
-481293
706538
-819966
842457
-877717
-905736
957982
-372480
435692
-230923
-309614
-723420
-729670
302960
199594
-755257
107143
483134
-40611
334848
-617577
921390
688556
-134105
-973339
-824566
506121
925373
-621891
-985331
704164
-860810
-991027
846009
450118
-477708
-241652
374468
668015
-927509
412430
501182
-155555
-340833
444306
-909634
-514886
-27381
85328
-399234
-906215
-532919
-453391
-219328
135423
-999062
-994180
-664188
-881178
-378046
-250664
-776330
-376529
785617
509399
-25642
580535
47917
282245
190669
743602
31094
364889
-179630
350221
-406925
480693
-691832
208059
156230
-875612
-117409
-480047
839483
-624578
-456436
-490119
-922242
998658
713734
-583467
-507508
-37448
-986971
55877
241763
-910084
-780205
-152269
-11382
-2789
-920679
584380
562355
233143
-554044
748590
-10456
646935
918059
89223
910222
863423
433718
-511553
200946
711771
659556
585634
331352
286818
-568055
900967
-678023
-882674
26400
998511
440053
857605
-312336
-590803
196974
-277822
983672
-559774
185581
-942313
882596
856043
-973455
736218
16076
-695056
-100038
-609847
-337165
-633161
100183
-777222
412910
855609
-143538
-55190
-156897
-383733
-501095
28990
731517
260453
445122
712974
-136870
-799487
86393
-552822
-957710
507781
637808
853502
-643772
892753
610939
-894732
-304242
320782
-439476
371848
-309412
682528
-162329
92234
277313
372580
-554768
-956380
433826
-309727
662738
113534
-944799
-900777
-597537
177679
-976846
17511
-797569
507632
-123290
-647624
24017
662758
-374567
127468
-984512
679252
-97515
-532277
-39412
-394507
800216
-649641
-707293
412539
726192
-767130
53834
93635
-374784
-232591
868207
144447
918405
570668
-559347
-217921
-687021
959528
-787806
-418204
-678925
-639566
414569
675787
398571
824177
296102
177655
925318
-796598
754253
-268573
189514
-333483
814562
724656
-34553
421805
548356
-504285
-538970
-677274
410756
-164189
500746
803801
805246
22337
-385208
-45130
147820
894159
538560
974564
-946092
-263512
885880
-756869
-5324
-712226
-7344
-42644
-489612
-992854
627372
441849
603586
-598359
-87009
288556
223021
632322
875451
477919
-960597
-849596
497405
292012
865388
-28433
345078
286371
488722
-445108
299454
22424
-850885
559068
681436
-169577
-504312
-273603
864121
-922174
697748
-23719
876253
-141908
-441482
745778
-831513
701555
640924
348191
-281144
-365923
-871337
549647
-261463
-271325
-339244
621817
-971908
-547453
329884
-361438
-610653
-293857
-890643
-261579
-460430
436728
123687
920814
-134535
885405
960787
-295124
-390029
458939
682949
422527
-937417
775014
292769
-497427
828936
450161
546725
-773042
622827
-407482
-505918
927956
10455
-136338
-331516
652729
-224395
-489940
-877360
-237387
-172997
456298
-813427
-972765
-688754
653324
-159921
-888222
-951361
-242145
-96479
398495
489022
606534
-488861
286951
-643380
-959753
-466415
-261632
-391676
223615
686700
635374
-499204
-910918
161970
631137
-663777
-45483
-267417
617556
-718813
-582270
400305
813826
-73083
-309935
-207124
-109311
-986117
-147880
825699
-293422
905958
-617806
602683
-429471
-985177
-209202
-519106
345647
823191
803383
366935
-525457
309850
157584
372056
228172
-198112
591825
978984
-765041
187480
-526414
342673
-668797
909994
315567
-738859
199585
-828641
783358
-849815
581358
716561
-765282
-251367
797711
-777428
-722580
400507
-605306
375077
37246
745748
-810361
-27167
-113904
-930357
-960036
-976900
-853833
527568
275282
-302070
-566845
-328931
-563408
-993996
-390807
-815368
363946
-406802
-348866
854155
555980
922332
350968
875245
834094
-529426
-843838
-177895
449959
-773504
379396
-490832
-323295
-221873
-228510
-865832
-255487
331182
-333125
73584
424826
637516
-16364
473
489056
637785
218107
797121
772115
-130481
-856807
-752286
-986644
-164463
288866
319493
-756976
519046
-157904
757667
-328313
-154906
255370
571263
831765
-708288
-997040
-127126
-87824
-289719
-780585
750293
262139
-257113
41907
-98615
-500265
144120
-679528
-856211
-357384
368448
-46967
-457423
-226794
-829928
765354
625994
-252896
589354
-824855
-160821
154815
139734
-201490
-530434
-342378
77131
-664005
-932884
-567825
-278779
-920617
-370679
-547793
556360
-357200
89143
157526
-267260
919821
-283032
-362017
-634232
71480
-796345
-483918
202879
95648
282170
320455
208044
887649
435602
188420
-6372
781491
248877
262833
977002
-230374
-77482
705267
48149
-980556
375965
-163785
77202
-417972
-670001
947178
-491779
266911
592893
321167
-125754
26159
621897
-596170
38251
-5755
132659
409079
-289057
726977
-647513
-987510
-579595
935366
-135828
-980366
230867
-797543
-797277
-739779
-582344
831953
-215030
173334
884024
550023
529367
-765220
-307885
-857651
406854
-82029
636740
870810
295353
-142361
729696
521663
821773
-750928
455310
449509
604651
584972
-344924
749385
431254
723892
-722236
-211956
-133390
-830815
-18894
938028
-474080
871097
238936
559917
-499029
20786
554263
-605422
605134
746699
76169
623575
-851044
-96935
-411909
156164
83906
-482411
323597
-629331
-711164
-533860
-189935
490025
756469
-403732
-205922
967635
-797110
-735754
959879
-950834
-375312
-85370
689855
214285
-567378
-232220
-511324
776961
442616
930731
-592306
625063
-781763
-441062
199228
919804
-256203
881040
437820
473985
-724137
-174904
683304
47396
-268746
-948687
-956426
296190
582590
333339
773605
952996
808633
-274607
-592586
-202752
-856744
184386
436760
2816
697224
-305785
-512320
704615
-461506
239788
-660828
-362162
599464
665957
-893142
948216
528524
969184
788034
-268168
472667
-468495
575967
-928305
262782
-360072
280016
-263985
603065
744456
-729198
-484168
-279804
481606
539236
148515
522453
-639099
-893445
-381305
-419996
-638992
-694304
-187793
-822164
-140978
154994
-202694
-550016
6426
-60704
845260
-666625
412811
642872
-331477
920015
-528503
776525
-917649
89476
636062
214551
-213027
75720
796626
-471370
-501392
-249129
-914608
-749284
-922003
-26270
-433740
488291
-920197
-696379
970951
993922
543158
891538
-486307
92469
-614044
-135362
-83865
-337732
989908
-134717
565583
-843688
146
-462591
-646772
822976
-788099
-343078
-430670
25211
748933
-339745
-356201
111294
-58811
454982
144414
-252071
-794008
-743749
655952
694446
-791668
-18920
-559742
307589
-357410
427683
-626792
458717
435095
47722
638551
528001
-382923
-363171
-357421
-54817
-541273
-876662
-977118
239205
-991981
-455352
290870
87422
-980617
425601
-474281
-523578
-402741
-548137
535882
148472
148654
-259483
250339
230623
360122
-827070
683069
716337
556403
-975950
462776
-323231
-755286
799065
-462028
130628
-374994
-650644
-961920
343662
-870531
-627533
990102
938046
239602
475554
-958734
-129369
-281956
398149
-460068
96738
491440
38481
748367
-432038
-387767
-214347
842475
-94974
-463853
748352
-383733
-244243
927580
564856
838250
621403
-155741
124683
-928375
-540902
993461
879948
86321
301642
474101
79475
66015
-214754
-668784
638267
-982626
331162
-220365
745175
965865
125246
336797
-208073
-247966
833579
-30
-859414
-233140
189756
-624973
469624
-204777
71421
39396
389671
48585
-456449
846338
465370
492717
-842756
944874
750349
-116473
-571779
241360
261632
492667
-716955
-940063
361915
-501821
682183
-90418
84107
28725
493375
619303
315371
-220619
210604
-653470
204672
-856866
608251
-866959
594786
756241
-907979
354134
-221072
445940
892300
-754608
909065
186845
484003
630403
-135639
710054
752451
-155259
779958
-154993
-113835
760325
-596251
-930393
451540
-208612
-391799
629075
951294
611820
-785484
46542
868643
182651
-665029
595080
-197967
-550817
549866
-975699
-301728
941491
590258
-477247
528608
-784039
589906
-447318
-233238
-442038
645129
990013
583806
-725933
-693913
-115788
-580547
104245
217831
-337944
-77097
564823
301390
771008
-185556
35396
148253
329755
-725581
-468925
-454886
336284
903627
983663
-40090
-623548
-550955
-563168
894527
359106
-972331
-60733
47839
-79094
-772950
-245554
84796
-581807
-892378
933470
261914
-110309
688420
171424
723722
330074
871868
707929
-809398
668749
328070
-695162
-856484
-402569
212218
920056
141487
939545
-755395
-620493
-940733
-621544
297110
-956631
-713176
-367928
-60087
-39171
725193
-452635
817849
623631
641216
-773098
432538
-524089
-160590
-721108
-902517
460858
-548683
-517297
263739
703232
-703425
160150
16669
-273389
177102
825638
916532
-957800
-96746
32122
385117
852782
-35027
132289
-600825
176846
598263
300283
275679
846115
-835206
474779
829055
-965004
-126113
325389
-470003
-47742
-696489
-717982
-417361
740804
-618372
139842
393245
232700
-577201
135293
672446
824370
-4709
255875
370694
-162251
373895
144417
571994
947050
913665
-392386
-680171
-13533
693631
-127603
965055
82334
-434220
-760781
244949
-452540
-413650
729294
355214
-833905
-967156
202729
-265336
122655
47704
133681
718736
-539159
-581221
-786427
-649875
-412673
189658
195145
869619
-370668
295277
438709
494619
-382990
741269
-689949
-969132
55503
371926
-830690
946939
463969
-839047
-599247
-111415
855930
-822426
342766
-980147
-390581
-160592
-993119
-112348
-305542
-558912
-865601
-921522
-874604
-389903
-200092
59188
252623
474783
-242128
617874
106519
-886173
176929
-402825
631020
389636
-485217
96183
-837587
-894382
979328
-773241
-6408
762932
-191329
-783965
72819
333249
-235634
-771822
379212
390631
-881263
128811
191166
608329
39127
276421
-711705
800981
787831
830646
-451767
619021
-347208
-819813
-273580
547526
856921
133617
-81208
711561
-151209
347200
-694985
-15463
556993
367999
-69865
-197225
-343773
113185
-430541
-358018
793568
-298263
-418095
116659
-101190
-45881
-270561
-261002
100451
654548
872225
-104735
635251
-596880
-7193
103311
-353043
-553825
7162
2666
166100
895431
298068
-580154
561799
147331
-90130
-306356
-760928
-387775
-889301
187088
40163
708130
528051
782166
-361526
-354983
448148
-588938
209771
787532
471652
766739
-221866
191033
101814
-51063
401761
386870
-454112
493943
270002
487515
72528
419765
233914
-736494
-59080
808302
811494
-143923
-102176
-42829
674965
-132020
-612656
-254165
-494719
-934609
-888146
-608780
33476
416028
504532
-681786
111526
-122380
724346
717726
-122361
-439801
129793
726517
741254
14811
889978
-442517
-181075
260921
400100
-553919
355192
27673
245714
679052
822572
494707
-366799
-310351
848317
-972167
-942791
683157
564551
537365
-392941
-73946
665736
-709269
489085
776140
715486
-300810
83120
119672
-607931
602479
-253927
-427925
40346
367721
-714922
755807
-301760
291832
653663
-607690
668179
75757
-589419
-308733
-432477
-863924
-938106
-784031
-291398
286726
659065
-896629
-922327
225175
-176880
856928
399512
127033
-969355
890419
-760928
783612
428003
593747
-808071
-511837
-711420
-761181
744184
-810993
120130
-900947
75519
-498411
-597294
378182
-434453
201162
-481204
-28022
-108993
-548610
689311
-231645
211444
148553
115982
701189
-166279
576481
-731618
-489407
196479
92025
312058
-889368
-89445
969322
36521
424682
287768
-846370
-657573
917812
319198
-664903
-252799
949949
874745
-754178
-924639
-859572
702824
829449
-859071
701042
-503282
-392537
793696
-813348
805630
-981192
351244
-767757
-486440
357151
-862027
-857891
-464781
638376
737575
483607
281322
-226278
-231765
-211737
-261802
-708197
-177644
-716207
-219230
-548529
546264
-589019
-927168
-423901
544293
113706
335619
525444
-395172
-557674
591581
-645981
27271
959370
862651
-476895
1568
-740357
589979
604337
-428858
-577247
-866860
-249278
501965
-487838
378880
-105970
-822327
-914558
339760
-869999
618767
587522
848395
961409
-10819
-802692
-739454
945236
749104
-636375
-398921
167567
455918
-635841
-599537
71453
-118623
987145
545101
-29479
-206019
-87384
861440
555701
519675
-784642
464249
974172
877963
189519
903425
521762
711745
-221668
834515
-665790
911001
-375629
-571720
-763143
-165739
-767247
408432
113713
815687
943559
-303463
876915
-970964
853626
-997726
-606290
613581
-497709
650540
740310
101590
-285221
-127862
977119
697844
-111431
-290973
362320
785744
-100256
127248
-327232
-211493
313902
-695305
251367
481539
889360
82150
-109418
-185392
385360
-730890
-358314
-270762
-907797
-437195
613068
465297
-687359
706151
-377082
-427552
585970
-826884
-988288
970911
620601
-889697
830973
864675
313099
323850
202809
565438
265224
-996490
397355
998728
-284009
-276602
-871015
440951
921196
-736499
359151
-769288
-499731
-478034
431433
-120283
-558751
-654599
168160
880293
624892
680567
934917
-883606
-615532
-758271
343047
-744858
409306
-68621
934343
999418
412760
164322
712207
616710
291295
-996392
-341968
632877
-616422
290007
-707120
-218869
-956935
890720
436659
875932
528405
934257
-750290
865798
396668
501260
-821230
-622979
255778
108420
742294
-47997
-88104
-539402
-893426
285767
204213
-580817
-547570
232944
601654
516644
510133
-604970
-419079
997273
62577
837462
236303
-20953
748507
-479574
-611658
338727
-202241
954268
-314532
748284
158889
680024
111835
859121
136033
551303
-284572
-833640
887831
-614701
816636
810477
-497126
-155744
-450474
-694665
877392
456999
556497
759239
-607443
-980174
-50487
-809745
864981
-502128
341601
944894
322310
-148054
193849
219391
-131939
329409
-539959
262802
-149270
-529892
449717
905078
123062
647907
997349
-63951
150807
687354
-980529
-207646
-538877
-896883
544256
21608
-467846
-685769
566496
620348
-107146
525409
861800
457518
-144238
482469
181907
-722149
723134
156309
144983
-280291
-764496
-922182
31883
494774
-147732
532926
979475
-552815
-808297
-250905
-849396
131000
346773
546739
-455597
-522031
627770
-396738
681781
482413
595253
-815578
988595
-361606
943115
526857
-717163
767443
304628
-878070
831717
-243539
527447
-915043
318469
-924183
850620
-755435
707190
91466
348187
594715
-259185
695023
97923
531342
514259
426929
401029
187233
883751
-805091
-788263
-709543
97874
-38099
-885926
268729
424478
-413342
277108
-969164
-482192
934736
431274
-396670
-948906
79639
-483777
157958
-156300
-202020
-624387
-905786
-661669
-187948
-672484
-967083
-71900
-237920
900450
71491
-638538
356873
-33601
-969134
114282
976471
-380537
-511301
766431
-156386
792963
10543
301776
-838425
-896236
399620
137047
-879528
271580
943956
-378541
-866527
-222091
551208
686506
169835
-949401
343083
-877312
-105547
-976739
-777899
909832
-568823
851761
942180
-692417
612391
326343
-154879
-795284
-930464
-297332
-512467
-673064
54439
657638
647198
-43151
-834347
733096
412403
-761325
-90000
-95365
50856
583366
-297410
-702956
-52962
-245855
-37667
-86950
947130
240056
57255
-744898
-97667
-623701
-238532
-381092
-741538
-837185
-304976
903255
25071
-765663
450041
30628
-447033
-135299
601303
540374
-923118
427546
-170160
381385
563077
-65951
164559
-438055
509894
407488
921962
-162731
628208
127108
141239
-148110
-383000
-467728
573580
-899223
10922
821838
-977974
693493
-855813
-992411
-296646
-938667
315577
-61180
613822
-467024
175377
864915
-138004
-980655
-845
-886955
533794
-829791
-734869
812918
81303
-980218
545657
744128
-520060
-315290
-857170
936599
-400851
307653
488837
-165720
910538
965053
559400
-198213
517930
-613177
364096
-714978
479799
-208141
-816526
895127
266499
792204
780588
404879
126951
224764
-6338
-568118
-796020
-276802
-275799
-857813
90734
787774
487923
562672
807721
-139794
151933
-312419
509672
-313733
-690627
719553
788457
647147
-539663
-753394
-918360
-390909
689741
-60640
-856685
561682
548858
-700875
172081
896052
127818
-253138
974650
-424690
105606
-800292
-442710
612620
698810
785228
-262891
-345292
-720101
-452878
-429760
690680
810650
343905
-198354
501967
-63202
-75705
622380
-382725
-514297
-34383
-769665
54745
396965
5592
524058
-663766
120269
968951
674486
-406848
894785
-525525
761117
-510385
-706595
86969
-903604
830310
-33822
317008
-690706
448252
995732
-426687
564674
789163
73049
-531703
80109
816471
-191027
-433872
100573
-124786
-896457
-627948
-524697
177204
62533
166670
229644
939356
-322541
-112433
970157
841458
745413
-942047
404286
882134
-736797
685627
122498
752993
-578861
853764
576758
-304106
-958954
-166904
872932
17294
269128
-705399
-132926
357843
481631
-254668
4748
921436
490123
-732786
-425235
-333881
396088
-983763
-697387
-255293
424730
-538078
431297
-716772
-524895
-495838
963240
-426656
669414
-954817
-409563
-777307
668
174749
300569
299747
-473406
902359
-823322
523749
-41237
-103699
780542
-174189
635206
14215
149900
603530
-603216
-150379
744232
-316063
103134
127005
-769232
-909170
266355
697277
497400
577835
-132949
696781
-695971
804761
-700378
523972
691711
580757
166916
474653
251520
-841482
-590943
537912
393628
875075
644461
715493
-93186
760799
-86898
188112
-926288
-753615
95402
949363
-600150
-395529
413446
364583
-330030
133524
601791
69218
678398
987868
653987
-950498
-702176
-408916
974853
771774
-938906
236477
39658
-856953
939303
303988
-221275
-795834
226029
780108
569266
-904832
-416105
-941036
832045
-701041
53826
-544831
935120
-428487
379604
-523985
725264
-75550
414106
588688
457746
546439
-273635
900819
-183134
788613
-367437
-453001
93677
729044
-178602
114154
-41121
812483
-806118
-56131
-363043
938081
434269
60413
-126792
971276
-557003
29006
-216759
878537
473069
-629463
223852
133279
979259
-647645
-668451
962426
760197
987121
-199363
-16730
74348
113094
-162086
-257530
585692
517277
900379
434405
-937582
596159
183933
-815880
24521
86341
698365
589076
-930360
-873890
431004
-479469
641792
833587
774547
843501
-359337
477585
-266278
-351128
-455258
224920
-141904
720327
-406641
-131361
-269372
880756
324416
426625
-696681
-312108
843270
-844679
-228273
561312
274211
-373623
-367425
-513204
-46085
448138
953527
327803
-813986
363196
922783
-249300
-257621
-683460
108431
819496
254942
-207846
-550076
-870398
-92375
591110
692574
446025
569043
-117385
-724278
-326834
967384
616509
410289
527959
-351609
-87784
-557667
362214
-90721
892468
-512384
482117
-860338
-792992
-783497
385492
491826
-22880
-75584
-57172
362053
726041
662758
-713494
164493
506934
777586
-594439
-11696
161112
-920944
540020
-60663
-408822
-492190
86074
-330425
-4165
988721
-252867
159571
-63484
-22590
978496
-972577
540253
433970
-980221
-528369
358174
-989880
219843
411719
-765616
-617708
-843615
-740779
-761668
-676072
-47061
-768553
634606
835814
-346181
279524
414798
-220856
-435460
-789059
562604
646426
425349
305796
495877
708342
-20575
-865381
-215369
178017
-358769
2863
-920367
565323
-767559
329571
-159877
609305
-63610
-724890
-132783
-858402
-907479
841137
787942
615716
-771483
-892186
-527427
-339475
150294
-979496
282785
-457100
-860062
-162673
-433114
-798895
-908995
843896
785222
443269
-663418
719055
-194203
123906
622830
-406047
-115932
10511
222764
-465240
150609
-416944
-55745
-605793
355726
-510691
-448088
-788103
-562975
252706
-167375
335318
-108771
-612372
-169901
-100760
879999
228455
845159
-40665
973612
239047
288580
-632000
363593
550208
71002
-120500
62109
-661484
953025
906541
-284469
-168754
-939378
167012
-454204
248691
-437913
945618
-219252
925640
-519618
-893601
-713947
21694
-886922
700653
576669
97766
-364386
-871675
374955
786964
-983485
340288
290997
101517
-256849
61278
-729677
886593
239552
-915501
-587495
622986
-42541
-833566
385290
892231
-221268
101390
497204
-245649
606278
-607800
-860199
996334
286879
999434
-301812
823749
-115828
-257783
-159094
-948749
-583094
710812
336126
-737221
625678
180220
116372
-189463
579080
387906
-593576
782093
-903091
176979
-283330
-152349
-469964
670042
-771201
379802
416470
595827
-833131
-766606
-764584
39554
-945698
-610669
894547
-886766
-970936
-206281
243327
771537
-691233
-531688
-613924
937965
-459962
-5768
747751
-977809
843445
-287620
552406
129623
-896169
-812936
-790289
403298
-777725
-224607
-371139
-372516
302648
-575408
-321947
846637
-340607
-564235
-2768
-774346
-557237
929469
-937778
808933
244303
246289
958843
98563
976745
430912
635212
187423
590798
735303
-711248
-318896
-60766
-892648
-450910
-300399
922671
-282462
126863
948936
995612
-933784
-26363
437643
993370
806804
403370
-542496
485194
355959
7369
322953
-449138
278731
526469
-580906
205969
-728750
-167938
-953899
2731
-778274
-68836
-277047
958011
265994
-304523
-128125
969756
843462
691613
-110991
837440
660323
499226
117305
820232
952878
448895
541503
781716
670169
588339
90423
837027
-595976
-726348
252967
-161268
-175515
674710
246627
243452
210069
-577736
844201
515829
174877
-914155
650919
-300675
504870
822564
-541914
-413384
-598126
27007
-738521
-786384
111195
269149
52106
924376
191289
-804342
706413
-647634
726063
-649603
930037
750852
5044
-766921
176983
-962972
-373053
-953018
-692758
485207
-755728
566008
-765512
695703
292036
354828
795829
224763
736085
-618733
-864055
489361
398939
689079
-399410
648402
88558
-776659
72332
661741
918521
914086
80784
880992
476415
-323696
683586
187289
115987
-502218
995274
438913
-736681
595009
431237
-978881
-391271
-169527
892047
522605
-429725
-517015
-178315
391416
734862
-523053
646898
435688
-825867
-848887
650646
-583947
651969
-157726
747460
-535497
-346407
749231
572585
-753045
-892768
876427
-667239
-538473
558179
861683
190449
-781114
-39546
-19668
232850
898902
581732
-900575
199101
-866992
-911905
-648753
-764789
-723308
85340
-904410
592718
-221370
723536
801069
92768
-348365
393463
208965
828126
591113
63000
-663119
-100521
-632238
-483566
394829
-36981
568355
-394496
524287
360776
468038
454841
-838309
554845
-868929
597522
115084
-943039
610194
416186
88168
-508516
-325530
356654
726126
974472
49387
379735
149378
-627173
374983
-219335
222897
-568292
862705
202450
-699235
373329
684629
-979404
-152273
240831
-103224
-260472
-854284
80943
-647128
507805
419002
461988
49511
-742572
864497
855281
600692
-640091
649392
-919960
-579236
790960
674130
244706
629470
175536
-482691
532404
746644
225884
-297261
-913157
84015
670643
-171611
-153888
224435
132725
271337
694895
371254
322641
851739
5215
-190926
143155
449690
-984830
915156
-615570
-740743
121410
853184
44100
-99934
16537
-635217
3793
351219
-430057
-606893
-550460
278781
708351
132392
-23336
374772
-634942
-749103
78522
916545
915057
923452
174359
842549
-361671
660931
618547
183332
838522
-75969
111455
230166
257688
-133042
-404802
-663256
-326178
-415949
895776
-643513
869594
411176
151782
410512
-258722
-529749
175216
-444068
301056
-280807
-263864
787734
158356
-115510
-684213
-499140
528275
-976098
885088
795787
407018
22271
874598
-665226
631260
858298
225081
-288488
834767
-227522
207635
-426503
600680
238455
114675
-454664
295831
936378
117201
-386016
-848636
499104
-446204
-860532
-719398
-770995
-827271
-929963
-726069
-402240
597663
-674476
-850236
752200
653355
128464
331809
-637512
321752
-988459
-654129
625318
991431
-835110
341909
776914
156382
-349
-628716
282224
-471113
-653348
31622
-992734
919796
688112
-705836
385042
661555
-522412
-782010
599536
243881
462786
-739089
-882793
567039
-476552
779250
736709
990330
-883336
90136
-517337
631796
262187
594821
-298812
-16250
-369135
-894888
290988
635637
-777402
540227
976256
204742
-352278
472447
-623285
31538
185978
-81577
361953
939116
-344898
39955
803324
-295055
588835
37000
264533
-4824
-450806
-710060
739906
994764
-590567
-225201
-82421
-428732
733466
890637
-963825
301594
-508475
-813566
-500117
-754721
352302
947263
311961
-585896
986989
239757
-462906
6488
996595
-447233
-366620
978350
-172417
-162803
-48338
827915
465102
-837449
-308468
433397
7694
212832
411472
123941
768115
-928980
639744
292265
-584081
-988546
-548106
812252
57472
-51551
-611322
281065
928432
430660
-271039
-41387
-802530
821892
127108
819125
511723
-946388
182573
332862
364755
718194
-151917
-703418
-992459
-634204
603279
184093
-774699
424419
44628
774567
53486
-90342
650514
-619194
214542
-220273
863279
-43172
-191136
64568
741539
179586
477327
-126665
959787
100852
-530648
-310083
726775
-678034
-682587
-598081
873133
900679
839129
597013
-996282
745857
-406111
-70845
423279
307264
656300
-325565
-730240
91511
269418
-178684
-379101
462054
887975
935209
-826950
358873
-249589
224697
86350
222219
-387602
-305734
-875800
-721306
280679
587239
-640128
-975850
463491
476162
550640
877830
28340
-806313
-985637
403082
450604
388910
-864458
-852955
421091
-844346
858976
-998025
-504641
-912954
956211
772937
-763901
229885
667951
635057
-279458
-268871
584365
-932985
-886987
44722
-122303
-184642
-646273
-572824
306889
669975
-704938
-339500
12490
-18427
-585833
-941466
-665118
-69329
598080
-685270
21637
705397
-232152
279989
324365
-143772
639002
541448
-433376
-572028
394466
-815657
-880470
496891
-830145
43898
-647112
883120
-585792
-167597
388006
546105
-12684
7175
-146732
-630051
299144
-443517
524663
-411680
256484
-88648
551644
594004
-924013
113047
-506386
647731
-192675
-618086
206249
581806
89437
-604126
766689
668427
579753
417708
-848901
275274
-389235
-666479
-638597
-228384
-293341
930455
-247750
297494
33888
-372427
-730170
860341
-218404
654436
255953
-632654
893210
-509428
762576
647282
-101887
-412131
538322
-65866
13801
-627649
-982818
388474
-881767
526949
-112672
-806374
-102778
-460276
479904
-943401
591233
192207
83673
-158553
136955
-487074
517771
26453
-66378
-314229
-870286
829473
972329
-878712
529198
-707811
-348086
-171603
134660
754347
-440571
660853
725989
-649050
-915688
-444078
-392030
-994258
-143197
401171
867505
-638201
701120
-635501
-44459
-216292
109833
-265909
353228
903532
355018
15210
-73000
462559
-824738
-581633
204613
843372
-202696
-857455
-431658
-443575
-441961
764494
433703
622028
443736
864230
720388
446879
-130976
-239676
-945252
-835854
-216246
72134
401353
270295
260475
355680
822374
-621192
510106
-115454
-955419
837197
-13816
-824441
628028
652811
-911388
606222
524064
227781
432498
950257
259067
527743
-738309
-571337
288763
427144
-503091
-143598
-711292
896404
452557
-153936
255267
-525634
312937
-923730
305997
580425
-44377
-647885
86775
-622504
128077
-742061
-33681
-185372
699401
408543
-440963
915880
-930740
-683859
983563
-832384
-788588
33087
176246
684928
-199643
884407
-842416
125473
193245
-730309
563953
-533130
187895
944674
487448
92429
399463
581635
-328222
-699566
-552639
766758
-579768
324308
-200859
-310190
-798713
692199
853018
649926
892025
439212
-835134
-343433
-17325
-817550
-617702
-224844
551555
750759
-174468
322598
263985
173140
-708455
982040
-707196
872437
156710
553815
502620
11719
522789
445829
-233362
-768480
835836
709417
-761171
306296
58993
-396135
917945
-503431
-123555
-438892
526702
893544
764441
-803916
383664
-572427
470734
243846
975513
921649
-418032
-174931
759416
731014
958734
38488
465437
647360
-292485
243715
990132
68678
901266
-875930
-853618
347309
-68667
-124742
632240
943354
615681
985395
-846773
164128
-583704
-484568
138023
-758788
667859
-470245
-201445
305499
-962674
915981
-227342
-903821
715955
960228
130638
410263
327990
827803
-563183
-123606
-979776
794865
289195
-665439
270939
620213
323773
500399
899550
-958799
766718
-440403
955638
-702502
875600
-287239
811554
-741727
834021
-347736
307358
-957883
-28627
979299
-352246
491495
-70948
545016
325130
-511406
946158
891614
-899619
-305794
-989526
-197215
617286
445437
56861
257332
628518
852406
778193
-540493
638841
-4203
802351
-35202
-901981
284384
846536
804473
491080
870186
-434204
-322782
-15639
287797
-338265
-159773
-939084
-461744
-381216
-309745
-902677
-790858
-411645
79575
170642
396524
338375
858024
923463
-126053
870407
-980881
748115
569426
902641
365607
260996
-957396
-227530
-355273
11340
700753
591146
-207701
661964
-622410
-838084
-442034
-336773
177622
-602869
861418
109956
910919
-278189
-695457
-528689
878861
565338
-433911
27672
146927
500641
54726
-80646
-651752
-619055
-806523
-376443
684126
327581
111728
754344
-452184
-219306
-584758
-907356
546229
-919347
-492965
13198
-900217
-776128
697520
-590233
-544159
908788
124005
-540195
324790
755467
426317
815118
-340194
570916
-702699
644169
705235
-313005
102428
-300094
-616204
894513
-889429
-173340
-400117
-403629
438658
-343560
-786683
-82908
-178199
-927553
-570146
49963
-663684
-712898
-86500
-599463
-573630
-125205
398583
21384
-530788
-560675
186590
-849710
405962
659410
884252
364586
-179342
-14411
-312141
774721
752258
-405194
-140495
783028
901719
-993504
-20552
439992
-284875
-968771
409710
901339
-612010
929688
858631
486704
-947378
-988664
47605
333659
-795682
-577953
-789340
880974
451338
781165
956890
-265584
-802019
-196913
759494
-340589
-208444
97245
453940
92491
-808680
-322363
-729664
353877
-299113
-684416
403330
488793
-631586
374863
-45597
-758521
640497
-246189
152706
162690
985479
-600049
-98307
-6622
-872447
-685241
-632098
-442122
240063
553247
275252
-991955
-523270
-428000
142560
384997
-127457
-429919
77665
-161682
-470614
-708397
617882
554888
55129
-471251
-606779
-715800
-494058
-122904
901490
624420
-877971
-249470
-836260
-976652
-330055
-965893
-712259
-847638
-813118
-38895
465888
-660100
-611037
863908
-973299
-136916
710533
-924257
-439801
-471597
408708
-362408
-202153
842430
138364
-763542
955102
802292
896146
485248
613005
349340
-158876
328111
-161497
-221726
817798
693087
973030
-858189
697016
-798634
-664906
-815442
-461157
-135896
576269
-619897
-470101
-800607
136379
-417523
-286936
-214798
556131
-237908
-309061
-277783
395099
-408487
526287
-765611
-92160
-462329
-837691
-859595
-968687
-813366
-393923
-267312
-691281
945836
-308302
-993615
845944
-774356
679116
203564
862263
535469
661447
903457
-739739
353098
328859
-73559
-814763
-739989
830855
-900178
358996
-700902
-338252
129231
-997723
985373
181208
-79787
427865
-683829
-496696
501495
-494616
-613184
457278
-818507
297048
793097
410754
120862
-374505
245421
-152297
621471
-229508
-186796
370764
598760
868377
-185904
104302
-917616
-647198
-391764
-965312
-550298
-517826
545743
-927996
861170
-233027
676191
-769964
-573835
-789938
255755
187493
920537
-265727
282474
-27729
546880
-448986
-516728
333351
689345
-433554
461519
322516
-413365
-330242
-585300
-941264
418179
-367943
392017
99308
854317
810764
-845303
-166992
-329726
-229465
-833301
887446
128626
689107
359549
882677
860456
-15924
-334320
550273
-761537
-182939
388990
-776718
39261
-755788
-482893
-891149
-86276
27009
-100071
222115
-754665
-961106
-52721
-937124
-882584
-778246
-804006
491933
601818
-832727
-613936
113670
783110
-591047
568578
-971260
80414
703228
768218
-706185
-177449
858213
-561973
-140936
426684
-71100
357966
-707752
415283
210188
-92194
-796298
824156
-641452
11254
744020
-918264
-903389
860478
510775
-227113
338893
481576
476386
-564723
-38737
294958
-89139
132841
701972
-333246
-851437
-169970
236915
137732
-712920
778263
-790246
859744
230868
-297464
-395371
-2510
-433190
130157
-450178
411517
436157
-802090
487626
-279996
651487
124277
759923
491748
939737
115
915723
127237
-811432
863646
-230719
-37550
414771
-965889
223695
-81093
-410119
2702
-67030
616922
27407
392642
-39790
-756143
383251
-449011
-473317
-436157
968470
-457598
-115597
-783314
-61145
-12785
860470
190266
-129879
365132
270854
138919
580856
-316565
130310
-60402
-858092
-712751
816228
279062
778093
797310
-389715
-444280
351343
-903757
-216203
114555
923906
736655
385308
-647413
-104703
-835940
-250699
960817
339669
-517091
-881781
-665574
879639
221206
-352127
-209875
-38791
-944489
765739
61203
956696
601153
157295
-585806
137469
-339065
67448
-105560
999409
-430567
29882
157882
-983404
653991
-291447
-839831
-124683
-685066
-343263
-577952
420623
495378
794012
-978260
862450
265898
816010
652662
411292
767883
1650
419456
985878
-914740
752034
876793
682617
-232073
-317211
653438
923222
-580859
837028
-322862
743624
-90276
-217510
145304
-312028
670258
-252474
-308422
226606
570470
325910
-87433
-929773
-457666
-745870
212616
-532703
-124548
-476947
-840047
-370462
681854
-16043
-212195
904218
-463228
157152
546708
-372489
-772837
771072
-84473
910391
-437184
389772
-939976
389254
896681
-771662
691877
-300980
993351
-494871
-520145
-694181
559914
-787718
317454
-976950
-71779
-32368
996410
-754687
-743775
308415
302576
69909
-902481
159482
-543809
-921741
-231111
421981
815897
-509969
216738
814753
-134105
-684928
-9809
103356
57744
-154900
-295894
-977235
456322
-584547
-202271
-29273
-296612
149534
98742
781405
731634
252742
112069
-453491
-910982
920483
-238379
-80768
807659
968087
257506
432807
567190
69966
209289
-360282
536868
-986845
-535669
899237
-457536
-40459
-857841
-872077
202594
-606839
698293
302555
-88505
671773
-230483
-323412
-209509
-826344
-745698
886309
954133
268495
653726
465338
597189
847023
-762780
72826
-54300
376036
-263482
-418290
64212
-183967
-453163
-871866
770886
79774
444170
-279807
630842
-151479
-798516
-412879
-816881
762628
126582
582089
207684
583772
197445
-284381
-991097
768478
524667
845392
824435
331240
-12332
907705
-105825
-172625
-115120
-919195
488700
357089
358193
-654570
162875
-99183
962999
-219008
-152276
630222
-750926
242393
862950
838454
-69644
-237008
596746
-503891
-977968
577301
451418
-149850
260255
927460
978915
532637
-656607
249249
410893
-941112
795392
-525752
411998
723900
943459
-353004
-21153
175295
5134
-635416
523757
-469909
1890
-683507
364135
-146762
-950781
217696
-844206
-666603
341277
-321348
-854951
-35652
-977382
-329311
-484186
89325
523849
-446794
-163307
-254071
-696403
837652
-589898
-508250
-958898
-250794
819125
394103
-109929
-278429
688993
-156361
-527823
590638
-443436
-517011
-392432
-171944
-334225
328303
386511
885361
552744
-896066
-21894
566142
-473948
412989
233056
-600244
810369
-229057
-115277
683305
324384
827443
468891
-586408
-62406
545585
-468040
-499606
-520438
-36437
-586674
657463
-135697
477321
-108912
759070
577030
26167
-73815
-14848
930515
-519974
629311
-482750
-701712
-292792
-337287
-229729
-872765
-840596
631235
-558260
-277493
87862
-717649
-626682
329226
-469
793973
45517
669213
846820
-300566
628145
-719291
586347
-583862
-716114
-170969
-546736
-349000
87351
168190
328197
-454104
-100812
143934
-145038
339959
979604
932193
841657
-728934
-118103
-240981
756697
432173
-612750
414024
798913
265140
962354
292601
-720904
917500
330343
266077
-842345
153565
761757
198761
-808181
-291247
415963
-247901
-736743
783481
-772990
-658842
908180
993092
983165
-946154
-862911
489799
-233457
-549449
375923
-929845
-192609
112333
570049
151384
-988774
-475562
414915
-455333
685963
-73140
-873796
715135
-133023
981176
-481318
972980
154828
536865
-558907
419527
-952482
629437
420021
-123559
-114024
-180500
909836
-354947
98694
930246
844271
-960324
234618
-46735
-976704
-86539
558932
635709
294540
-489770
-915286
-119202
-958061
-434699
430751
615697
955126
-668251
482998
-838927
310100
-715900
-496185
-217074
421460
-658527
-115111
-512972
760220
-873355
450736
-475908
-752579
105468
-89769
831897
-359752
305956
990731
-504440
-228802
4300
303560
325286
529812
399579
-101338
-861583
-455463
162937
215777
-354963
-970935
-598870
440038
-538871
-771793
-47843
239643
314803
-751315
-723412
169723
-599446
-480589
229622
734499
189222
-156980
750902
654390
957867
-889012
-331408
113668
248129
243957
933480
-659665
-271309
876175
-723627
-86230
-442440
211253
-816574
2118
131966
23005
-956521
256848
-399200
-624502
495727
-469656
641257
816956
-192625
-318286
-442686
273221
480618
633091
-907866
8213
-367095
39542
-593322
569967
-796334
-647743
475999
-666183
-471663
853070
35615
206237
841360
-903677
920171
322424
-274682
807412
-674331
231667
467316
796314
-797984
-685860
-60722
497734
-706668
-33975
536094
-411163
660514
889073
109945
-739919
-700552
752447
-234542
614679
71475
691805
918408
-738237
561939
-358326
-549849
-327549
-162143
-105164
815937
-236267
-912727
-905818
-872808
69010
-308775
580007
129252
-335181
-505616
992675
-668132
72539
730821
642956
5089
117270
-123936
-740607
957502
696658
-416516
649452
-850851
543799
-405052
-533007
55799
709499
-217384
-302290
-935897
-132551
762012
-869357
894370
640796
-273898
-182056
611083
-826094
-339877
527788
-146123
-514309
-435742
-906647
-72170
-576689
-538970
-368027
486069
-514231
-646422
192900
-136514
893666
-937579
-282883
229565
453086
-790831
613018
-755250
391422
445391
-438102
-752274
-297527
-100640
-540196
98229
-642718
-843520
-478324
-601359
-234660
288146
72545
411120
751428
877904
-876430
-87914
-790140
942853
-272322
904243
-103797
208053
765059
231541
891268
-183729
-896731
-49897
785568
994860
-565123
-811768
-322011
-640269
-942629
-503997
785236
350921
-71475
373
939098
-640533
-561256
432456
458275
-677740
-75850
762950
533000
515646
-512264
-949633
-161914
-358174
-289075
-75356
872293
-420334
-508006
926441
852100
524268
-358389
-228240
-257567
-636308
-855385
199385
-685831
374550
-442438
177792
-912441
874800
127315
-560054
-361398
-883920
-590236
961778
-318313
-267149
293685
829259
588368
-303750
-175697
433310
-586169
68636
843005
187242
-64196
-226009
974391
303196
762205
-445210
-76896
803928
742367
-361698
-715158
-852755
480059
956331
966654
-647464
665516
-878027
-447789
-314039
-788299
-182307
457223
-307631
-951066
239462
-381715
840199
486104
-153084
-86148
412486
946033
432150
-6767
321057
61107
877642
486748
642928
-776109
313459
294254
-975514
337406
170428
-95666
804424
129174
392544
-921975
-540537
71611
748377
-978087
980572
804565
775658
-362263
822810
-345900
-758824
198291
-862390
996724
819748
713938
151646
258519
-705921
-251218
-83729
-935100
-167763
-339007
49239
773521
190978
-222881
-57362
-660237
724820
-770591
506292
-996592
-241934
-85769
662780
828009
353697
94535
-622622
91406
-200145
803551
-83754
-399335
466485
655220
-902374
46029
-853587
-831849
-456972
-843832
-925604
856792
792454
-149750
558290
199352
-184856
426285
-852038
-720038
-656986
331838
-644539
-282646
-365744
-285388
-281616
-67048
898848
-27097
-787689
177581
705618
-498436
-637656
-961532
-149052
786192
-70381
417486
65443
489346
659737
496349
11616
347178
79584
577931
380590
-709275
-136942
-772077
947936
34157
535482
272211
306088
585592
434297
-345418
836648
-97054
-231797
868496
-107925
-577182
805465
-798285
493221
549778
-712609
720954
539552
462223
538713
478685
-838349
736011
621521
647991
661341
-974812
385664
-748075
-730092
-186888
-25896
882047
-537150
-453919
-384276
-675418
663003
-88865
-690612
-595452
-296939
-941238
968246
908432
-352781
-27992
168934
-477306
545414
-726918
-190060
122642
550385
-637397
488566
-601417
210468
281705
-774226
259971
289285
286260
-931691
939807
-158857
-267955
441456
-321301
-436935
89549
-629169
-138634
-565206
-783436
-9298
757011
774143
726358
732964
6290
-542520
-995822
-504684
511928
623732
-372345
-885191
382411
-811882
68831
-672832
384039
-629455
909315
-612576
-217320
-61444
882527
170247
-988407
750940
-801039
451588
432541
490122
291678
924019
677747
-757890
-23971
-670682
-885920
530484
-347236
273354
-69760
-780029
20525
-441831
944010
626429
-589909
384518
-654486
448744
439833
240889
420905
-429392
963293
382470
210259
100917
-69155
815892
279288
-3115
838336
592273
184639
-423069
414039
144392
-227601
558901
-848417
-617195
-340105
609602
560200
45823
-254033
-944824
-305379
-174952
-243141
796953
348690
876141
-732336
-400107
945292
667197
896393
580091
52393
-199676
874075
765372
121931
184887
-732557
849679
974819
-957955
54239
-412779
575233
984731
605789
513203
-932876
-757272
290307
47359
-161263
-515762
106432
611809
688400
826919
635817
570044
146126
339324
-123489
299121
63866
948786
666436
-729
-280540
-670049
824623
-379769
430857
-703906
6731
197091
166449
-672275
-489640
-335387
-727634
-494344
479422
268721
335990
-704736
953982
-561897
-833600
-627623
440597
-329023
727751
756249
-977146
-776596
763338
69072
-619224
-468831
585353
-38405
-642152
616012
-758171
751996
310637
526234
498262
-231208
142775
5534
235423
630757
226649
-835199
69322
-690828
-813094
-607207
-548433
-337283
457624
404531
-232323
524974
-290072
241166
906266
-172462
191933
-290458
992671
70695
-144036
849941
-609577
256510
337794
-482222
-79409
-219845
-943209
850619
730756
528802
-568305
118943
602313
481262
44020
-91359
-760083
672882
473279
-882732
419954
-847134
375573
910327
-103536
-300047
-769653
-616277
-808204
802567
-781368
-239427
-465399
149549
-769411
857948
308525
-997295
944741
-356879
-247901
-129053
-263603
411042
-61027
500385
350030
703080
925772
386992
-478320
287289
289394
-400328
-968895
464539
504478
-144648
-543938
28069
581563
254090
41707
164117
-259780
196336
690075
-73810
349257
115660
888887
-506128
542026
1231
82095
681031
101291
-824948
-127672
608833
591044
-878276
137691
66957
-376067
776604
-932147
-920763
-310521
-709010
-995800
994763
-32074
6859
-900880
947695
954991
286377
617762
-477899
-171806
43642
784676
-984073
-907512
507748
-786346
430913
667404
669479
-708981
638971
-374818
-778633
768282
-956681
903340
-265433
437997
-509106
-212665
711778
706308
250169
-74985
-538592
900093
831147
717700
-193974
-676467
-703984
907627
-596278
839416
-78387
-275192
-789930
507798
829602
-95752
-756311
-210871
288566
293689
-352152
-350715
316646
-231892
833232
-55341
-911483
739445
113219
759819
-479985
394735
-507629
-302914
174056
-193004
-851067
-941855
-20421
-196532
-768814
649840
-378300
795385
-136273
-650490
-429225
-441603
-950765
-251052
229985
-527802
-491292
-356353
994017
-290954
-916522
543163
58618
482667
305713
36081
966658
377992
277714
726580
654217
-942247
42440
295646
680629
956436
-129834
-144419
-411632
-156760
-939104
-720249
523015
756782
-400991
-326257
-894422
-827900
-569576
-544736
-800381
-3876
-965986
-139328
-526537
16800
994880
444368
137277
-811982
-57780
-496319
-580641
-438186
240212
-730321
994644
288209
-896735
-148427
-102518
-703831
-856272
954517
479852
491713
77011
153084
859513
224325
98410
-26060
-285805
444511
-276252
-484734
-48101
836031
-587936
-141650
741853
452615
-491709
256699
-906544
938213
-978320
-75612
-598920
803435
-69300
-436573
2563
521211
-890104
86691
-561254
-268618
990967
-667748
123071
-375059
-207448
-246644
647677
-134509
6039
-994760
921389
-714262
876478
136134
973122
38708
-208769
526202
-102107
-643726
249058
-109832
-291086
991367
882206
-122230
-52549
-443802
-534164
409232
142313
-815429
-605723
-196324
510557
724040
-898178
-300106
-47649
719988
-431389
-631249
743968
-678777
-661058
604461
-819343
465269
962977
656383
746655
-96021
885128
-809941
-676340
888588
-401638
593510
901266
539847
-37604
24666
39057
-524141
900976
-241330
-118581
14411
200733
-762178
162523
-515481
-435536
-4072
567062
808236
-942672
697285
408425
-850710
-920300
988925
626896
436355
667487
-220841
122074
-192848
768238
-244384
448805
289496
-327096
-593436
469947
718931
803003
-72578
-290575
966118
-322663
651367
318795
-61903
-349557
489400
285706
451074
72251
874781
939742
-261562
-136000
277632
-874812
-386270
-556499
-745756
242693
-103934
-175720
409916
98224
702421
-735238
-202029
-312540
29810
345932
666666
-81702
-635468
-11260
982318
576903
888292
-476472
302591
815944
466338
-67157
-59060
-429614
665628
48914
291429
530577
187690
-183703
134587
668369
-493316
-29228
-99611
-4463
-557172
-957467
337613
-238990
202184
226088
902784
66195
-83391
129833
101538
403136
615385
-925616
-9131
930561
-736628
-880227
912766
126916
-31923
-235327
114621
501356
-601178
278515
-971847
906739
-104285
769027
-120991
-826327
-80071
295411
31035
-696359
-461996
887077
686145
-171418
284187
-508217
415733
182169
-748643
208887
613749
-641022
848456
-331715
-244494
-183293
-297689
-746181
693030
77616
840004
-497456
994027
673631
-763471
674000
453459
-745968
-905715
631264
-408770
149081
-693963
991135
897690
803939
966400
142065
834998
-4261
-712823
-676623
-221073
-480122
-297295
-201124
-476491
-329078
312426
204117
-912765
-186263
-156469
-958291
172401
547330
-938767
439367
753334
813583
884486
868973
-306944
876165
867796
-614479
-108366
691989
-186818
-624748
478306
117188
-209308
114039
688286
-149935
-358221
617228
-270874
125396
-579767
-775228
-418345
-347031
-495207
677878
518885
967061
-451049
-762622
-943017
-537851
-352940
-878036
-842949
-41898
851467
-822784
-356871
-157691
576494
-673340
220945
355416
-358878
776108
-131005
627315
-332588
-921999
-197116
-218725
-323062
-102989
-581556
-549049
-475641
518581
-180964
-795055
-685330
-299526
-841600
-67737
876486
-209771
486064
156589
976573
234022
872488
-866790
853637
348246
-830901
317371
968394
-660221
-113292
320578
278593
13234
-913775
-368240
514162
507703
707735
282421
307937
-340429
289885
250221
570090
-377844
993506
513141
710765
409534
-231654
977636
-151816
375256
-725772
614895
751429
438321
955396
-656324
444356
-370641
645145
352350
-687831
-719235
-293305
-588242
361955
-362386
-455494
-929563
74981
994408
-469683
-909114
203149
-283230
-375477
441078
-688152
-442594
-765343
988997
181646
-633513
854899
-64526
-667701
884289
-241633
384670
403518
-142434
-935824
692134
190380
-132785
35734
561467
848223
-450728
845166
8284
226666
216040
-533859
647974
-634575
949793
-840825
344349
-914160
99813
-154351
782247
-729931
580043
482295
470880
-474728
18555
924541
-278120
-98499
-841485
709225
-608930
-823499
985110
77392
-945785
512109
-427023
323891
-247426
-265874
-284268
928540
-100513
529140
-102269
133962
134711
922310
272329
687570
792320
-281725
12354
491817
339478
680897
-499654
-469038
59265
-723388
619782
432268
-597643
-768835
-838375
-197753
194191
388037
-176060
738426
-413270
-132323
627276
945078
-283046
230050
-398748
-692583
-415074
981630
-824120
-913046
764765
-371145
-86277
305103
-261942
-26565
399702
-315501
-84826
170095
22399
484948
888528
169809
-541037
-188910
124796
-477613
-578119
291795
-482256
-255675
994121
-375101
-805497
-861468
845318
-239986
-355025
-40793
285379
717707
518496
-488347
-658890
304580
191256
493358
257728
-825463
-454685
46224
819225
406035
-660417
785541
-353543
-469823
-585122
-895392
-477433
154007
-324003
-205218
-188352
140506
-205077
282883
-631370
870544
-416796
-895001
252871
-799522
708577
95153
685158
-481920
-428429
-269226
841624
876095
-159473
-173984
-148762
-658565
-772626
-509260
803132
141848
438464
-299248
-540680
922909
-195468
814760
919354
-883027
-96306
197178
545342
-463847
-182718
477707
-14582
322238
-339120
953
222053
439544
802913
-223994
829367
-521026
-212031
591426
-496239
-462465
-572932
565014
-716159
-183335
534043
448054
-963270
-298710
745848
-698342
863457
-765429
353593
-395865
-89899
-614233
-748639
745485
419333
-652390
470092
18119
36903
-28225
39815
207565
364605
151047
134200
893246
275476
494257
537010
-238269
-316756
626857
919943
124509
558751
818398
37902
110653
-551949
-829936
479429
352616
-990015
-680940
-876639
797352
711671
-470158
-585931
35300
875734
764822
-883075
853426
-49992
-808817
-435595
-382081
542884
-837213
-837960
765749
-564340
578089
733782
363488
-219223
302759
-665179
756927
-756656
-861328
-76310
887814
46000
-392755
547085
-911635
976011
-611148
99014
-922563
224190
-839319
511447
-231989
-444103
-210581
652066
321480
599781
308268
-77295
220492
475074
949387
-422887
842076
269607
-481655
861661
857263
-204098
541316
921052
856701
-340740
768218
289646
-888155
78268
-171056
882233
144732
879286
-181799
-578389
552381
-594282
391709
-70229
322331
-331039
294240
878693
994612
-277642
-101082
810990
171656
737719
841895
684222
-928778
13546
200358
466936
-427060
-973957
-148282
-501999
-470462
-941636
157626
491980
947594
-229769
384166
-18651
244235
-816546
-313121
-764542
445286
-57330
261667
-43005
-355755
-974222
-860861
148278
-657621
-56637
568597
134942
576237
576533
-316736
-430064
147341
-502710
-159557
-744851
609882
914003
39931
-131590
-592899
-606840
-637625
3940
924215
-129444
419789
293787
950836
207194
372679
352032
-470219
967714
993002
-613124
-923774
283156
720081
-52510
-983808
-973284
-676854
-268874
-233754
-701553
-793832
123048
-366646
374228
-589312
846725
-620826
524160
752483
-902633
147234
-900556
856248
436414
-447680
252597
-344363
507554
-110132
-249608
625922
-267659
-362627
-682219
923044
-699478
371261
-945204
269024
-637341
-656098
-789915
910051
960874
-428057
-416722
-778501
967805
-999823
-112976
-878480
-132506
541887
-827796
-647335
-644135
150371
-123425
-813982
559243
141112
27642
-490362
18213
-706502
-402572
-582351
820293
-366721
-995126
127386
-354606
764438
635408
448568
-236658
-700386
-275296
-288786
499690
-396366
-717505
448000
-476854
-223062
-446259
-214551
900457
121501
-621382
904465
-733716
685196
-625913
969035
322841
-330304
734725
-802595
-558867
-473656
-422987
-464550
-162297
856099
-535493
-712307
237853
-877893
8089
-411806
387616
-667882
683602
-172311
-897936
481048
371033
463775
641795
-202713
-819661
-66321
394985
915077
60184
458603
-238675
595349
-215228
31703
27734
372365
325191
-448440
720201
112278
-938173
-917655
702534
760525
-956236
-199781
426641
831495
992680
-34455
386390
-303594
78717
45549
-303795
-966810
-614256
657639
-411670
499802
-127162
-994318
-842869
-897263
208670
42993
-824771
-280840
-295449
524721
53669
203723
363998
-989511
-430841
-519245
-473174
715456
681067
-823155
362829
-988655
111057
-504433
882747
-969303
854127
150085
-749835
189858
896946
596166
-417635
95967
602100
-725916
-8010
-796068
1315
-188431
586150
537791
-47148
810140
-49698
89321
-314220
98002
-376846
-138665
-85004
-964693
-627620
-900309
504008
345063
128209
611032
-609528
673533
907380
842108
734743
-554757
14192
150775
183210
-714258
-389088
-13755
471647
-921015
-753194
-859182
465207
853315
301774
-316076
-85870
761079
-28676
-943086
954234
916173
668559
410255
991042
550760
666249
-885927
-962427
242189
711381
190351
-46121
-139510
619572
571863
332516
-828552
443958
-891068
893518
449808
99605
467079
139385
-513889
33273
784552
758496
610638
215260
465343
539995
904026
219751
-103753
492910
748417
101444
-102674
-956925
-243303
993687
-805954
973449
30568
612680
-39590
-171510
530023
404903
837548
367805
301438
471354
169982
198129
689563
838835
-770228
233313
788259
57622
150914
894765
-46488
-309957
786408
-572002
-684907
486545
-713030
110173
-604739
919884
25195
175986
907455
-622314
-624549
-56044
257079
-62653
907627
793723
973576
134871
562296
-771474
973852
660977
496591
-938511
-134097
-269972
-684137
-131458
638384
108987
-109872
-806088
285455
618287
270261
-925579
-283668
47128
-676447
247675
424034
488253
780643
110695
802131
604130
-755501
366054
409782
457979
273588
658115
519407
403926
-81360
-863685
848652
-982595
845809
4287
-914307
-504116
-396415
98688
-349887
-538962
-983874
883527
99494
126161
582787
-761851
692776
543572
159685
453110
-93556
869543
914014
-23966
569141
-175552
47783
456903
340345
-318124
-640916
368547
882452
-294866
-710270
449704
747376
-504018
326410
429264
188973
-263142
-642200
153860
119692
568199
115996
-957078
-192234
-134748
-653759
587324
440539
-69308
-58647
338463
65309
2003
114090
-287281
377286
-705074
-118756
93689
-946858
-570904
-440287
-719012
-472106
-149677
-383626
919534
755612
61437
-197285
-465773
514291
529033
559984
-862444
-341294
-338668
-333301
234708
-901277
-507844
587857
-473925
36569
-164853
701283
130322
629882
-376395
-13243
-385971
-784110
612694
893432
413337
372607
-621689
740424
-299589
335724
-989985
912902
-49479
374859
295237
120189
-20365
-761406
-655469
-80251
712872
996354
683651
-407521
-588421
627678
-963115
-435763
495214
784084
-551271
-773940
-171770
-973665
140793
-854503
-877854
-369099
915453
929698
-546006
-586533
426469
404939
150295
-172323
-566880
265203
-61120
-342303
144698
700054
-125040
-617112
-320009
-419473
-996627
-276928
-577289
-849120
126147
6686
664107
-564688
353846
544465
-566150
911822
-207825
847399
855744
-128979
-252671
-181010
749344
845723
-704550
317958
-317996
-440318
198296
225378
245299
629487
862889
-478603
19168
152775
472145
-691793
170496
774985
695078
993573
-193751
-295277
-733895
396880
486073
-542391
320614
268087
124937
650829
-556994
-22873
-271005
-85577
948056
214027
211998
-11588
-744892
-362542
582625
-980410
810585
397655
815774
-104533
-17166
-998581
-970017
181681
942461
401958
559931
-760195
-467451
-659633
-721791
-174575
-693898
901705
-403692
847933
57499
804638
351794
-858173
417359
334037
-902225
-695582
933398
225269
295777
811324
-270536
191681
923235
129403
97406
519638
595523
-49525
-747818
-165128
-146603
-88532
-975616
125891
-136214
130415
430675
164579
-714586
892618
690921
505408
12376
-983188
-521093
396251
85871
-33891
108551
880999
927441
-843781
555010
-365954
643147
448200
452025
-535148
684590
903438
-915986
301798
-242770
-744816
183675
-375644
178816
218112
355332
-537386
737463
437972
723786
-463118
863776
74765
735654
127149
130391
-507374
-312911
-376677
280169
946597
-323392
-475236
955134
157528
166560
417574
666219
-416476
-802218
-193930
947951
585198
-341145
576843
917312
390222
925475
-755839
-592185
-194817
962712
-586915
878005
-342047
-64803
-811551
-373237
774780
-37356
853400
-667445
-596192
37462
-680771
-759391
-166574
-429466
768692
-759890
11350
102870
71844
936172
-272082
-848819
-277006
383306
-170756
408494
82974
-328975
-84759
837139
-19354
-846926
386260
-816225
109992
-318681
-385363
706433
915596
-675326
-119468
26612
854597
18300
761408
149147
-366808
-210472
675307
-53215
-194139
-53118
220504
-214434
354223
-595128
-470945
922593
939658
-451281
-903859
-819083
576023
-757581
903434
341406
680384
-386574
456612
-371024
806654
-807239
452274
222736
-406477
520700
-788143
-558100
89767
-155708
-345747
665956
-582271
-685115
452983
591866
-924878
-690007
104376
879978
-976259
913271
414686
607755
200743
897793
919577
-385743
253131
-322549
-428745
104168
660348
-8154
356688
243261
-11871
-141060
-425592
23608
-809359
143456
-164915
-369619
-761362
-200783
-579137
-840456
392198
479350
-782580
965079
-960998
-139173
-591530
774422
977757
92741
-834974
336626
38638
342781
-953476
-25413
179234
-604115
-400345
728682
494853
-458462
-925083
767739
-693824
-915524
-112991
112872
936198
634960
930583
-200929
-456068
915118
783178
-17269
774224
-960182
947730
313511
-234421
276377
-640446
479430
-340415
-581281
75965
-394118
-5603
972983
-156713
18066
766468
838762
-461932
-930741
347396
-652533
-791822
565411
717897
461809
459252
-725621
-987440
189047
641544
-879977
561455
943600
19861
-163049
-359347
687932
-781416
104447
310555
917897
-113673
-767920
-459996
-7524
-896710
-840718
-216895
-205435
393206
-980560
481130
85844
-956889
916774
786266
-44302
666270
36497
-140986
-35759
-443907
-774446
-32267
-170812
-437197
414320
469858
124890
-655615
-354652
-204821
449419
428205
538418
735277
-684885
420123
878305
-548012
900851
-414285
52791
293943
-915248
-71686
-787993
148406
-949844
359235
-238161
-880768
759990
554094
93263
961427
-338574
414005
453761
-248288
550579
280151
-768737
724783
500069
173281
-990913
-642326
869198
4036
-648503
-538316
-959453
815700
-995225
-83797
-562358
296693
-766091
-554784
752619
-593719
-188104
993098
-60048
270895
-643531
863919
540589
90891
375836
-288072
171210
349575
-100806
-549865
567779
248690
669502
358506
-145648
979180
-329424
651014
375867
-992867
305103
-81524
843258
384378
349937
916914
414718
165074
-939990
142
-750320
-28899
-694217
600267
378037
859760
-147402
-471080
337328
953018
667894
592935
366895
252606
571657
-566914
-901339
-950335
9845
422253
-327033
-285098
-914947
288159
158318
-759315
528638
664494
-577291
-507435
-403826
-521475
323747
700457
-608805
-381667
-250839
427806
244397
-618740
-177907
775077
593482
496282
-632625
-711345
-820545
339819
859308
955084
327
324806
-101754
232350
934825
945085
-696551
105341
776102
112675
496816
-676719
-678165
634307
948037
-460273
871064
-960377
699358
-909861
107158
-409317
519139
-815697
-662330
-121713
-201471
746234
-457111
920065
-17792
203878
106362
-678013
892514
308222
-630684
-365807
-93221
-890131
-334022
-287960
716959
-18479
-408917
538918
929465
4107
855785
-447013
-296716
554012
-805137
-968671
715888
-805861
82795
-835900
993837
-972779
627682
447182
-801998
609230
-205899
-763891
-748215
-588640
-900523
407241
-204199
621694
990209
-782839
-929765
264970
-916282
-450002
417776
-242804
464256
480857
310720
-337071
-487107
-71860
-2453
490870
-930694
758562
-259190
33019
-496884
-855217
-513573
998376
-549356
-560035
-460879
-398740
-10548
715644
744822
833100
113288
-729895
9803
-811413
-410595
-927452
-128536
-858988
3764
-743467
526605
-843959
-409000
-401982
556375
-640384
-320666
-490739
-720802
-102623
982706
-172398
-842046
-947881
-313897
-564266
-78838
-327829
696076
548168
462721
-490722
934091
718753
-636199
454004
1535
112423
-959615
-809972
-829017
683671
831114
89615
743215
-149888
-472746
166142
-108482
-161142
519904
46115
44958
-534401
881732
-59322
514015
730603
-879637
959539
365924
125701
-232465
-733959
946710
-127728
-705333
-468991
155541
98716
156215
-28990
572780
-968875
-952860
232866
-381842
254727
-740995
523263
-593609
-444142
585919
-315719
690444
-922567
885049
311880
-919181
-660248
-715986
-182364
-309649
233574
-772034
-745836
-22826
4673
31289
598656
-529385
626836
-252149
-658153
-864938
-19283
614459
627758
-509144
684699
-694284
994860
-174111
493383
63492
-606917
628795
-367950
999213
-498026
567108
-593053
948091
-522350
496272
956604
554923
-941050
-141898
-947376
-107712
-506809
315552
70127
-17647
-531568
-836494
-11677
495425
-586302
881346
873192
-831626
-584325
754491
-884285
969633
-207842
538993
-425025
725094
-909177
124818
-156031
261565
391883
-306441
-570403
-59167
570778
-685713
-25546
191602
-666145
360760
-716395
661634
-563306
38445
-297575
257781
894575
-389543
-64289
438044
870158
-963278
333484
999427
26734
994299
-953395
-662882
636173
-842881
351985
-33108
234353
-364970
-657141
-666760
-579583
-772820
-99601
158809
-27536
850324
-698778
684733
385618
-216234
333018
558547
-687337
33962
-719596
-873389
332539
721805
-593230
-421828
-347134
94817
-957093
744027
823116
-959184
69783
-536172
-48638
-604292
-477061
-90713
-525382
-793978
-931192
715199
219977
104880
-814606
-931748
120802
576213
686983
446764
111102
347623
-205083
-947605
668538
-686883
302527
704413
-780695
482911
451861
993924
538167
-986280
-307022
337934
643470
38249
235986
28593
164973
-880537
368832
284127
-108438
-280840
132204
-995812
777394
-974894
473702
602163
-472567
-394418
668157
-256928
-779237
-359829
-940417
-903694
-606109
-646492
-179044
-168336
-231237
-774444
-234273
616705
-699233
975439
836538
963013
-307083
-682990
-811121
32557
-799598
-382545
468058
-384860
318712
293105
-48630
33787
-576258
374075
922281
-13525
-566164
-655697
-508170
-96792
421972
144832
50387
-882240
139667
-592348
-435603
-779141
570226
792700
339239
307586
639952
-685139
900169
-429834
80762
-88491
719576
393228
-971785
-936321
933616
-900039
-119579
-66861
443878
89858
625151
-74023
-105078
946576
794195
-157895
842832
-815818
-515478
231040
600112
626806
537828
-519745
-136369
329238
-998226
794982
381852
655229
-529287
492210
-488775
-689922
973034
-194797
-271599
608933
960622
-383234
-675868
-481343
462320
-84626
881481
188662
-468444
984825
-648195
-532198
-127557
649873
595825
-568981
328671
457548
-317932
978252
-998639
-828459
494918
196906
464697
-905246
109553
-451271
-267450
-294975
151906
-449052
445521
870411
-226560
-268581
-341290
838998
389016
130087
243049
-136651
-442830
427087
860480
682099
-275113
784561
945921
-173638
-79828
496353
-524276
881402
650250
-632762
713661
864963
-399613
-70903
-737285
227743
-432019
813839
-24681
83867
-658679
-13848
-393879
678038
357131
-371376
176352
312636
754769
-278909
854345
137863
326469
452005
-866753
452619
-275947
-986217
-746080
-171151
-164684
-795385
-345385
-801602
302515
-56519
752288
-690695
398846
257842
876900
990684
-733468
359981
165205
-464966
617332
-371974
-387320
770091
-770989
-334990
193250
535919
264265
-643295
548105
-633026
-350255
201150
969425
308405
45077
-686202
985879
-972627
518155
-111225
300409
-388593
-87834
111489
-140469
-147657
226771
-228162
-662070
-432773
-937305
669360
474743
489436
-886566
605445
-447415
191395
-596105
219675
-339096
-554498
555566
-799776
-309908
467864
594897
-235499
-103210
853702
-623465
-884361
-81498
-18025
-227230
506488
147871
657899
-813424
-573935
14166
742447
-329313
-293121
755933
867462
-186578
551121
471422
-173604
-487275
-995065
972474
-746679
-439418
417480
-422688
108511
-623528
653038
651915
632763
444421
-364507
-951175
-690535
468390
27475
823905
-920240
-659421
141412
-403333
-984538
-823849
-844845
268020
-373044
-953380
-129753
112858
-625496
977408
532053
714015
561135
-423802
250485
664228
690827
-711565
470215
989535
456091
730216
-70899
62424
-879517
311274
-227767
898674
764309
-840235
369805
-839548
-82728
594735
-185770
-482767
224976
671444
-375526
-943141
261456
205326
662434
56572
421547
-337061
334022
-819263
-546331
-749781
-663580
51871
112419
55235
-755531
662094
355117
167242
-615233
-753786
-960310
790144
486341
543985
-454739
-699607
5768
21627
904444
-832041
152811
-273168
359106
323621
-732665
336908
359340
56186
-533865
569481
846166
-917882
-404171
-748853
-921464
-735988
572537
91259
899054
899504
408832
-121759
614794
-41608
782720
966138
-471656
56339
951189
128936
355541
274053
733063
-334806
-409427
46227
686120
-769453
450764
152012
27337
-587646
-746749
-740629
897716
-881436
-629678
401639
-804087
604798
636887
-956826
-525944
940985
745546
943959
-857913
-773477
-51962
-571843
-367596
-486984
895122
875744
-710889
855527
801622
-786279
872129
-244771
192709
-983060
-669970
500121
-735195
-661278
326967
879522
-338380
-347967
-920050
-654575
-707414
-264011
-663560
-945046
674967
44142
437792
463713
510864
475581
-219921
256594
566965
-916462
-881945
-317294
2409
131847
737957
841229
724464
-546988
-896163
981765
-107247
700556
420916
906751
-365124
-542845
-34731
281907
606608
-277696
635729
507955
554301
33396
302381
-989122
788968
-990104
-591599
-100490
226392
271290
-84491
-621277
-56525
-747398
-804942
-265469
470836
-510011
-47476
-157924
-372730
78851
-772165
996787
-78377
-178163
268367
-388075
570909
623128
-162831
912833
-442861
-207435
655
222458
-322804
750163
167355
-104719
-384042
331098
-550336
-197696
-754152
452870
-779362
628229
436988
-936026
-755236
44934
-114834
-13642
-999427
643664
588692
-918028
294179
816737
599937
435674
-800123
352761
-123490
773198
364290
737506
729174
-232953
-707153
58674
-614180
-952732
577995
-760884
309625
354822
129214
780507
585548
-196378
-794324
-879557
297664
40741
-47772
-887735
15485
724684
475622
998918
87087
918278
768264
-285058
-836448
198516
265707
652552
92667
-673868
-30367
-167442
926571
-355686
-115655
-361620
-843761
415588
954963
-210454
747428
-143465
645753
11621
780804
-563657
991654
180058
317591
-115790
617757
416756
-88809
142428
454627
270007
928861
919337
-509760
392377
-199756
-984475
442420
849085
766321
-417168
-587956
85276
-678942
-77868
-260356
-856940
-368313
558622
-388459
-780493
617748
94114
493315
781934
-55525
-745576
372506
-395139
-866536
891061
665899
-241488
347958
-910978
-820313
-369800
855033
-668943
-709850
767573
872627
181612
-409971
-478156
34993
174131
-158452
873875
888509
999273
38895
795696
-882213
757230
-682681
685170
106081
-663966
-910126
452773
705956
481952
688671
-963760
-825898
-988820
-572575
-404560
892805
-25055
182948
725534
174674
-947138
-742530
-847362
938454
200389
-22846
959288
419007
-367157
696006
967356
859942
117466
-768139
-301474
453786
512450
368304
303091
209950
-597412
-381118
1308
-551423
33001
256737
73981
158658
734786
919966
73680
-473269
-252063
-328827
808935
235579
-109347
67082
-25275
-909994
744441
545768
-729002
552312
485637
81871
-320169
-37635
-792179
83155
-437104
116151
-11731
-301024
345815
3822
54356
-859077
707022
817182
-311896
600937
823705
-456051
221230
-68078
222457
-747013
187732
-842859
569433
-273854
-140254
-784545
685267
968336
295374
-459185
-949890
-528648
715104
911723
-353897
-202999
-832755
557371
724853
-466761
-78364
78126
-187923
732470
-983873
976955
-714900
476244
-443112
706990
636372
-937209
339300
476016
633567
-454603
-344793
-422888
-111389
130040
275042
-852098
22247
136614
-229585
-271545
105967
-65599
442369
53080
268265
-895215
86257
885905
-206561
-954724
-301389
-361399
-998458
-442096
587872
696134
-694415
-915088
513696
-607049
-25196
413408
583521
747301
-759030
-797924
-597249
-752
-894943
258709
-281156
245968
-87161
608486
194979
428037
-704710
-343015
-393796
646618
-379434
-337126
-477363
453734
173960
-832812
709896
360486
-605101
-489633
-414056
-878766
841155
206510
693599
-108726
-782984
-249763
156707
-768474
339497
953669
346108
817569
746283
875324
-181771
-458063
-697862
-415587
-782530
915369
364398
-13561
-630321
548674
356754
-497569
120060
-15137
-216255
276113
188740
-130852
-825222
552888
-691108
-402118
108329
683267
-68941
-858656
-759076
-402863
635016
730906
67522
-218895
-800180
758570
-468010
735347
128739
-439509
844232
682319
291712
-702395
-947927
-611596
-692273
-544307
-284627
-686761
839747
-192703
661695
-963958
-907464
710755
-396824
545569
521858
581034
781400
-629321
911845
-897377
626026
-501019
700765
416596
226830
615711
853583
-630752
-727146
543555
446933
691287
48030
290994
47711
-442211
-472127
13950
255457
-360249
-53859
-869644
-902288
207767
-982975
-532783
577406
932042
699734
-68044
547472
307721
-191648
711201
346434
662618
239054
-945358
695734
441870
478337
475276
-406911
-241341
397740
293424
-477124
882375
427138
27432
-77794
484111
-244385
481198
-650263
-392720
-193500
181240
-286633
441334
134379
411383
-573338
724895
-614932
-533681
-61127
426894
-418252
596687
956096
155619
-25919
-704400
679929
750328
-176376
912315
374864
346638
798203
-475739
807295
28413
710793
-815382
-318312
109361
491609
-398811
664942
503256
-773556
741848
-123570
166309
568852
843193
969506
-719498
-369620
-536264
569972
-689328
628461
303224
-778734
-79875
-45427
237912
163449
-883055
213361
623922
955485
482823
299678
-854165
482807
50046
-381364
99168
205594
308630
788018
-667113
218887
676331
-606471
532140
417880
390197
907691
-371110
704890
901287
954960
-273601
972316
161772
-814601
-754923
141740
145757
-929614
-141174
396413
-308246
-153661
-446983
-771290
534839
-640910
-53610
-261702
-902500
-359783
573022
856680
427240
-510911
455276
-473618
295174
470724
-551926
759305
-141685
-363720
415877
288805
616795
320054
82686
-42065
85370
975035
-288824
840517
986039
936512
-857700
374424
-15160
865054
-412439
-719478
-525341
132635
-103369
150600
-597757
190421
-560737
-527098
210167
-854038
827260
442972
432485
-414645
-61351
320923
494545
698930
660467
772332
396027
481821
-248422
125251
-86336
-703587
685645
776988
-213473
-317075
760790
281083
593913
163287
-413704
723875
563712
-731087
620707
433543
-957262
-426970
660017
-486286
328614
-866678
746309
-790183
804053
-727832
355134
347258
-259063
432926
761881
-628902
60398
126056
830650
439109
-256051
-117361
480138
-901597
-364426
20063
142655
976075
737350
-11405
806397
182638
-550716
-75698
-796672
-455834
-936040
-207061
-361763
554534
-604304
167025
143066
133202
-148128
600540
16412
393828
502075
-175583
114843
80172
835476
652719
-587167
803408
870049
-278104
198463
840381
-788158
-685819
28170
611561
891938
-650837
-313199
247608
-237697
-275265
-270751
-808379
-979350
-923067
177300
114743
56672
-130332
-141988
-405164
-907313
-441054
537453
-22257
-95001
-462809
994870
-867422
-179352
577414
-364334
586812
-776571
655125
311605
-102785
971957
840509
162941
-830491
315225
-397147
-791515
527371
-174635
604461
228593
268670
-44829
-789404
-593454
754615
843310
-873997
558993
559512
-992044
-339301
-633943
-375215
-618391
287540
-8815
375992
-442544
-629318
121491
73848
697672
-550850
-928322
50375
153618
217383
835728
816539
-558620
800611
637858
-774048
405339
-825707
-196575
-91986
-532563
739524
-948733
149710
-465394
482443
49796
-212034
645319
-734413
-911237
-200219
-523559
-949796
-205074
-620204
591507
617977
32427
-898408
140208
-150453
126034
-80636
608054
-200739
309747
-211743
-783750
729782
712062
207896
829240
-608855
-632182
849745
-924984
-893705
757033
-185606
647949
-374346
472953
877311
165761
-408561
-340110
963378
-962771
693318
-253659
121277
736934
481891
972130
-670496
854175
-257199
471983
-669836
427327
-607881
-716457
293909
704061
-221239
-119637
-363881
-266318
898508
220199
-459544
194817
31583
507586
-715445
726020
182957
-811778
-557750
-809870
581513
-758451
-800761
-281376
736036
142522
563265
770981
451866
369521
285814
-237764
945002
-353999
-489989
-723215
-559790
444436
-517630
-614833
402286
-550618
-458626
941586
221510
-514576
971109
977531
237126
294786
-442620
-36891
-995819
554510
-401884
-964063
-892201
450612
-924443
-838425
968329
803874
277064
-997012
687540
988114
643457
-747255
243466
-986331
-635525
-7861
74345
-525043
-133060
-675875
676016
338285
-749338
6111
-27640
440703
-94066
747221
689568
466372
820215
125893
-756168
-79955
-551502
-798393
-649040
569560
484314
-966343
251317
279835
-181921
976883
-462127
949063
974636
-109996
-830092
-811588
615889
583637
-350372
-178786
-975781
-564273
664117
-989070
327126
-694472
747567
-49554
831855
168724
-16257
453054
-192671
547257
-744746
981211
-190112
-103063
502400
582910
918816
887147
-843356
-858856
-372319
330323
749780
679642
-990447
636967
-313124
174808
-412249
-45434
389240
-520893
-695892
-873957
529331
258539
-679088
-887660
-471483
682043
-956992
-561437
629530
784829
998178
941793
518245
796970
340114
425820
-115206
851361
993569
-54645
967854
914739
201212
651859
-558004
-220921
852738
857670
413440
-376309
-184220
723338
-713325
433722
563789
-832851
-909362
251123
841514
512718
-787291
613389
-707094
291674
300695
-633692
-548826
515801
113928
-112995
539737
737346
-176176
-590850
-680806
648299
988941
813719
307144
643561
747585
568192
678926
-853346
-682157
-283195
29656
-702529
-500713
629207
546976
-797100
746836
115539
406247
276997
337421
287594
202411
-341887
-948153
463623
535976
-973019
148662
-615055
-708047
185537
-931695
969009
736126
27810
350053
988505
667950
-117578
-104761
60922
762389
382140
-924273
-79466
739638
-120455
765186
-427269
196318
-942437
-879082
-505404
767396
438746
247319
-480196
-668447
-611641
496009
249938
552736
384109
402679
-906576
181340
-188895
362477
487455
58693
-419007
720199
-760221
3952
377418
527820
-365595
722103
265125
-691573
5333
266351
824721
-324243
-568850
-901636
-689597
-148796
-14446
649372
134483
-973535
-648323
-36322
562636
201749
-403047
-554723
456123
-939247
-605490
-92616
645655
930230
-300259
965747
-717807
-850151
618568
740515
388652
574313
403299
201993
-19372
963373
-513470
-435004
-653963
-314147
309046
139066
653108
818550
-550243
381550
-804002
496281
-7060
466970
-740553
-744863
476762
688368
-280461
1128
830818
-536772
-798258
-937981
-108058
1614
-55556
-944304
663367
743003
754124
-869665
127102
-437588
216653
717925
141288
647225
494755
-889999
-540923
-907782
226999
-734674
-281347
-329259
-667543
122193
923088
-614425
-201587
-226621
-222166
186392
421108
52313
671112
62131
-515440
657984
-987852
-880254
-839771
-451394
259982
-837734
-440961
118754
-719012
-742990
47921
-937502
1534
-118992
-426899
-86700
943035
323089
1051
-203758
46727
-705840
-739468
257231
-212840
869954
-309502
766589
382666
-706746
-584218
-464889
218383
-823766
-850845
-958479
-790870
583502
535645
722225
962520
-593341
-682257
876297
-689100
-108656
-246134
-433059
757437
-475245
748143
481428
-93861
-976665
142393
478509
-894259
-12063
604815
-359420
-680021
-756039
456863
980511
792023
-238242
127550
-377543
-680937
503308
-36266
-365918
-829622
923960
-81396
795749
481543
-144716
49154
-249800
-703508
181869
711244
11636
459179
-673614
31801
657511
-431892
476164
969793
-299001
-370652
581246
-116373
108932
-161039
-602706
-434444
401236
398558
810517
-384524
-645093
-499772
802171
-457968
-334494
-437776
563882
-109251
823267
-333117
515784
304871
-694736
-721746
95155
-210179
-207365
492362
910978
-404849
-493892
611310
313139
961655
110911
-213892
231970
509776
147559
610278
-213002
-192545
852225
-161550
-273112
215795
-928294
-368705
-386579
397634
548395
947557
593543
667113
830659
-619207
-66648
-934518
-357221
891644
-380232
-711290
-766588
-214294
-459442
-242973
921747
-272528
-482404
394129
805419
454448
297547
529505
-853172
321564
481361
545953
-361861
994130
460144
-144920
-604376
-535793
529425
769641
924622
-673016
-750370
-860607
835681
976917
-569502
464648
690465
-896080
-231940
4804
749205
514050
67408
818390
817584
28098
-557027
-982233
-735027
666527
370372
44119
-235371
-717210
-416966
-584216
598880
-48933
-219256
241224
97605
-710259
446300
-462293
11336
802597
-774870
-658487
919083
433901
960881
885301
951556
-705541
-420744
238015
117992
-322424
-664821
-714701
722332
-800061
504798
-695172
-190574
-721267
876749
195675
-512374
-821012
-769558
-57575
-632719
386996
335149
741566
857429
-316566
-428226
834892
639241
188611
275071
-355030
-29182
-757367
-808964
659435
-600772
833481
-707495
-3793
45557
-526009
-197395
204734
-45816
-807786
953090
-875315
618569
406607
158113
-934939
391083
-94956
685770
-195406
187052
702072
-550351
-736241
54010
640229
-960517
791458
505440
-532129
189951
-171879
-170463
834048
-141482
-986352
90320
-263824
700883
-702412
317217
-556806
-14558
-411371
693578
-455651
867264
67285
-355135
373467
-402340
744073
-544234
-57482
-146408
519531
813661
273969
-650062
-923102
-116600
-101414
524408
-26436
964929
838693
-542446
-990629
-485820
92800
727138
-543396
749665
-560884
896906
-255152
409339
395090
435311
-130686
754450
209591
-373419
719862
-996492
-767588
799300
9484
239835
-804637
870287
-837785
-68765
160178
658504
32210
659949
299327
320527
674854
-353529
212049
-293893
597538
-986797
65039
710211
624136
513018
-72946
-685034
238378
949751
387575
-855881
55522
574169
-67022
67429
-853154
536868
-342612
503755
-429420
725519
199696
932928
808203
-69560
156165
687330
-92937
-732282
41414
830767
586429
-757662
464315
-368291
-609978
946175
-918829
764071
-851850
179211
-584815
29541
-595860
-879002
573049
-186334
803128
916574
-768236
-202439
299903
323559
-388167
-866183
-189335
-934183
-564676
264963
282898
-580109
-564155
-860388
504586
731867
854159
703291
967353
-993722
625582
646567
434780
-403666
-577467
681020
-706862
113544
-560063
-362155
934503
922129
292978
-587723
624422
657293
645144
251986
-483707
-573339
740023
-480907
49552
-547015
179502
-410507
349703
886269
-831956
177127
-555370
-111769
-908748
493491
-742986
-753413
996855
766392
257503
-69280
785336
397123
945081
169256
405797
-20308
-725544
-371245
-661009
-706596
-7437
-113734
282536
-123846
204836
581919
340234
-167015
-674215
357849
707530
793476
-577958
-312520
-339454
697883
-906934
701396
912089
652176
-686250
-203359
-309409
774487
601214
347000
61136
-796195
173577
-414663
462343
-942285
-367345
711701
401997
-756698
-2215
-294568
-553467
-618573
-486835
53879
986995
462741
-640636
157037
-21834
668913
-67417
-332588
-133603
-540959
102829
346991
599860
-459073
808474
-680477
-845339
589594
-825226
696191
-965258
938982
361655
-573792
-626969
-413693
-872510
596238
-550705
607020
471523
-401482
639899
-383747
59912
-482363
659075
681875
997139
591189
157304
46751
-250046
-723049
838330
-98974
419734
863808
867710
-683415
518547
547345
-601368
598318
-36865
-648487
-645516
-298516
-184182
-333970
307902
-306735
36571
410655
432245
-531210
-616277
400245
-543222
388074
792822
-418730
-487455
-485844
125600
529035
-440805
140645
423632
446272
-614635
-627815
-664761
867049
-543693
-656174
-30247
74721
-345482
35296
74272
115225
-809623
776330
802234
-960983
-333458
386701
-150242
71370
-788041
-859930
704215
27907
922655
511556
-181196
-154421
297928
400977
-10544
60907
-140853
790078
153399
70980
-131317
-928113
-980201
985615
405014
-541539
-803448
668724
-574072
-771422
-81170
339322
-445371
-796196
4982
807682
-116043
-658745
-450564
-690882
-369237
275198
-846763
786695
-568757
14689
-100091
451720
216920
445929
-164827
319370
-937517
-647361
-682143
-432393
-368376
-499134
868749
-526062
317587
150532
39135
436036
625189
-697693
737141
238702
-339153
-833911
-209026
250895
732330
-331573
-122054
-299556
-436940
-764823
899967
751615
-132463
-653640
-416456
-50619
-762189
281972
-931142
75747
-636062
149419
-731094
932769
-337389
-979082
-905875
-738983
-737944
827173
-797889
44974
70126
-166419
128421
738533
-945767
-225396
-836281
-325224
-324818
623652
-35512
-489785
-823504
384105
-497931
-218857
-770119
-650731
-629261
136091
-455848
862007
-763639
406310
163573
-368157
436777
-884584
-204849
317677
828907
81129
-112280
-99062
-197381
-288305
179185
28800
554029
-459970
-667291
677974
644864
311329
-925856
609452
-886593
803861
623569
-183897
397568
731176
224532
-380116
-889812
322927
-316064
-865612
-933179
-702915
-982941
305207
-291994
332052
388246
473623
-804505
-1907
-626240
-194613
704916
-672732
-789000
-109963
525962
-178149
382261
917780
276040
235554
147233
763793
-965954
-944611
-297480
-288701
963839
984546
-180941
-246863
-516146
869703
953168
-771341
-714945
278064
173729
-498044
6874
699258
-999747
-35076
-424750
-526547
-425452
487421
-710822
540888
182084
-321825
2705
-88500
565639
964190
254062
958587
762119
-242028
-771492
462963
-185259
-199702
-333852
365273
828109
-345958
-44850
-784449
-418933
-7671
-577714
798841
796115
-176845
-319290
-987474
972479
-672333
-836488
499201
743454
23777
853303
857981
151988
37963
-189812
853580
317254
-146288
354231
658510
-133840
898671
-46509
-743983
185317
-575298
-159351
259291
-495456
-5390
-889095
-556535
397499
-901003
339037
296485
801361
508123
-18615
691262
38658
-656033
145090
-961857
480814
75918
456129
731686
886941
783365
-346928
59968
937200
-926811
750834
736848
-740348
-320163
180985
695162
593322
448360
730997
-500890
-637701
-790578
-335360
-512845
-962180
-813147
-781476
810567
23749
-272788
712606
-633398
230402
875370
-793362
-184953
-350697
-687370
929745
-916499
-524179
-771885
-475995
220827
148273
-255085
-644495
-501762
-710329
-939421
-148977
978547
-276343
530308
-814395
52562
180412
-122875
48544
-616437
919873
852835
-315580
673957
295779
-291343
482417
73154
668969
718527
-880186
680029
704051
-559629
850951
166251
-741793
347849
-156935
179029
877488
172756
-73949
-534001
-980764
642301
7794
446003
898102
-38411
-566285
271588
354423
-654852
532823
653538
-519897
-703685
-554393
-61902
-569128
-32327
-316381
-634770
742228
-254929
862785
559302
824319
-982080
-736743
-821950
138696
-57274
-951537
511401
882086
721225
-459529
232116
-683676
-691762
899158
654397
-772464
920319
47812
129033
-725530
34518
-921795
655816
-632729
347426
965723
752145
538399
749619
374906
304484
-336432
-255022
411044
-999151
640105
377479
-261166
-957031
-837984
-11663
-863622
-324369
683587
983904
-278407
750434
-990869
-982721
871817
-843301
937317
739315
167711
-740232
-452228
-511895
469649
896192
143977
117577
797466
80617
75163
-669181
878970
310661
-638652
797788
35156
-823194
574304
78926
-718692
113697
648821
409333
744361
558953
226291
-349114
-863523
753631
826638
505614
461844
-355076
460151
-765468
-937850
888053
-260568
-822225
24627
464066
-946449
391064
-996182
-706307
355849
277194
54943
-305590
-917349
-873849
956680
-817232
574447
-863412
-466000
864194
950103
285089
417711
491429
-261278
33405
491990
807981
-600098
-261733
70665
-197834
632495
71433
-962670
998007
961028
-244611
952932
529104
-38446
-156270
531053
-47099
81910
-591998
178330
555825
956130
-643853
447861
-426807
380135
365692
700775
-201321
-131603
664566
159593
340942
133781
997112
-671772
933717
-492899
-110471
-761992
-394035
-778537
385667
-319214
299829
884021
396879
881527
-18541
-995637
-787395
470900
-857214
34660
-810744
-283143
301040
-358314
760499
495712
290309
953361
236690
-441946
843544
-946428
-545608
417166
-949744
891957
167756
805122
-472676
279462
-250670
-27342
-701084
-795885
-649802
-277613
-798368
-724553
-605843
-376396
91816
-958308
-239996
817815
38687
815649
766847
-418450
-407737
889944
967134
356191
197414
-38203
692010
970579
256819
-543790
485969
854640
743495
-209734
-320452
748473
-325809
-321979
147583
-775292
951484
750062
-412877
697059
136713
910154
-162098
-189739
52225
166081
767529
903304
238144
-467661
-812036
524947
591019
731555
-787179
543063
869839
-482615
380276
-107768
548461
320149
738247
516649
-365930
-594781
-613183
-293966
576548
-729844
65670
-936749
677956
-525143
-199598
-145903
-898411
826031
858777
141253
-280820
-183386
-721595
400619
491050
515740
413450
802681
177803
-873391
-446759
-340184
335356
785295
973107
-63530
-380205
357206
956853
269830
373219
910102
-439057
273542
-748134
790050
-177672
846242
426299
530786
695600
-777183
187408
64079
664847
911306
574096
-223010
-889797
-545108
-177858
430194
163723
281458
-75205
-84563
631938
-104970
-359011
-788541
672190
-631186
-527540
985634
448912
601758
635465
928191
-124233
-250475
-427870
415248
-718592
691896
-129864
-515601
-302565
-886833
-688163
-66261
-132752
113119
-173440
963344
-851839
-180656
-976105
-47925
611399
-934764
-677593
114202
986227
-72521
-52908
-272910
382667
-212652
-826971
-878092
-44544
-50764
-579802
-21443
-630572
-66927
-593881
-417862
-261320
313946
989949
147674
734168
-767026
698699
25595
775300
370249
-934560
-585272
814332
894642
-312096
771095
-989447
-5932
875408
291677
-795368
919669
328956
764073
68958
-571615
90420
-218326
-622952
-459343
-134390
853341
215397
545591
451765
-492353
737395
-91017
690814
134340
940289
-489382
210022
-918127
970324
-373967
108354
896396
787377
500453
359229
811105
569665
-328126
-953964
-686402
-338022
-540772
143132
-46415
-492704
-879605
108714
769789
579843
210268
-33054
95974
829145
-166372
-989074
-219937
804466
-920794
434960
14202
-533408
-391739
647502
302297
864926
954479
-252186
-520081
-45355
456222
-896291
590528
-602041
-259172
826257
888185
576355
-458072
-925177
886789
389737
-370192
717398
-178058
178474
807621
-129318
-430636
110820
-626993
979963
993990
48478
-273352
894992
-561756
802010
391090
291178
-410561
592032
455045
-568993
-362383
-596139
224711
-984375
-665590
-972136
-181142
-819963
257574
-702774
-358432
-925524
-551698
922647
-808781
-863547
375218
-35591
304121
-68110
440462
997854
-733082
12054
-177812
-235451
-39863
-805745
-665519
-185231
-103047
534331
119835
470397
209569
170733
-330663
428191
91382
-48190
405287
-846292
394352
-793206
570545
961907
-151348
-291145
326024
917983
-447207
137407
-411374
204887
-862535
90529
125402
-186065
290636
-681303
609981
256991
519397
-526241
-783118
465405
-842959
-89458
559581
602589
945507
137090
817249
815435
-113407
334115
260240
-628960
658738
-538491
343164
359745
929669
515898
560375
-268711
-678398
735410
765104
-674122
210309
-316395
176917
105088
-852304
202376
962301
825933
-268972
801573
719041
-185460
-63941
522670
-21692
-350144
117204
348064
-305835
35414
677526
-886746
-566099
9517
930275
-89950
-495999
-702468
-512166
317973
520882
825143
-641503
-700549
-550326
575454
366459
-630047
-177198
-815844
563914
311143
128218
919261
-616934
-916195
-672045
-629830
487312
-682434
356286
501663
-174929
440684
-507789
481817
733087
-120673
826582
447307
-435677
855596
-242838
-347137
-985568
-318639
-682339
-731455
-811786
759848
669450
947422
583922
458409
941177
-141703
474374
327002
618973
-669959
-780014
-713220
721176
980077
767749
960725
777321
-76886
-326919
-689529
675840
599471
104744
217707
-166865
720836
-590638
-454304
350324
99792
-722786
187828
29592
-118621
28607
-255776
142950
-762346
-161107
-957242
-134463
701456
-606225
606571
700958
692514
-842524
-711537
495327
-289198
-996552
-51941
-174717
621640
726503
596540
-161776
251479
-945573
-455772
-995163
-108091
-269370
7868
23154
-36354
130333
909860
-302022
-944354
162151
-935329
-391704
-973313
862168
-764338
-429971
-792023
381770
151790
-917307
702493
-554433
236845
-387127
768307
-35031
-929667
17331
-937846
252041
-478546
-115375
788381
-218774
-663817
416902
664732
42842
35339
-243767
888492
448006
886034
-65866
434907
-51301
-226895
-73807
639548
-688351
-801725
191023
-909229
-378739
299181
165701
-221114
-39576
-308244
164502
-23696
876264
3607
921346
40253
-583409
404990
164490
-494898
931638
331772
-570538
-665466
836839
12953
173574
294700
-459350
-288866
-587795
868641
90672
243570
-791729
-765961
337563
-953622
-22118
2625
52612
-455862
888637
-881536
833594
617110
1130
734578
-627829
-753280
95323
-789903
213033
-547452
816456
914603
-363144
313046
-800723
-517907
-596159
928284
-579351
-1648
237404
-622364
-250194
-774276
684491
-825218
928821
-978753
-849270
140555
752889
9203
-465121
-96921
875057
229275
-124170
377225
-838342
-892445
-17894
-158630
-686148
443296
-961207
-263986
804109
-926792
-541245
-770297
204294
255402
-941982
-204397
-893491
-35285
296899
-697409
652559
273837
219034
-187096
40485
144652
516568
534014
-553884
891197
-250902
-496086
-574865
627510
358316
436771
-843868
-214372
622748
951622
413308
-330763
371858
800396
894764
-217703
-762698
831724
-416458
204803
509667
469862
-964048
-728015
-715956
448241
595328
417973
-431865
435849
-330246
-775428
-990020
-946983
-857867
999169
206112
713250
819089
219720
-385925
-832690
-608149
-850445
-896769
368818
319091
705435
-604792
454197
407425
545826
-763750
776394
333583
-212307
-706773
76501
762034
-197123
-265550
-185692
691654
-889543
-456940
827761
-891652
952811
566887
-763692
-837297
803806
953731
51166
-374508
-224581
29298
168894
278206
389605
65737
605988
-531649
101947
-956934
-777359
-79739
-532418
-875977
-471277
-420744
92250
580893
-103630
648562
-584721
-253016
8939
923328
57068
-226605
20650
358401
912081
-153266
981854
474819
-971169
-229459
-182876
-322018
704737
-98374
-998373
870555
38992
855789
-72235
-776346
-671771
215312
-884841
568136
154219
-8404
-772564
-143310
-770549
831810
-481419
906674
584154
-337806
-281616
683992
387560
-676804
883416
-411951
717194
-605349
-435933
-547310
-812882
-351551
-842463
257609
533964
685208
-972290
-533185
854110
-575476
-754518
848761
-506344
-381143
657828
51043
553326
-557979
-749924
-528087
174211
580851
62601
-573287
-258904
-595693
-444387
262193
-172657
-600002
315495
359238
-441479
454323
-511281
31445
-621876
-745149
-773112
-826236
885043
-83403
-257130
-949997
-484059
-680392
-418018
-846445
-63438
-175822
885499
951456
654351
950560
-271122
81699
653422
117212
396368
976763
-217861
-669149
-188959
766081
-126840
-856937
-487049
199401
-412361
554329
-747033
-125165
-289451
-105718
-548177
-891491
784209
562355
41049
410685
-684303
236940
736459
303696
743635
-118566
-521500
579889
170540
-736437
341529
448258
-395457
439329
748350
7852
674828
-330420
-430295
799206
716248
526296
920395
524506
-559520
313658
-417096
-595959
57326
-905508
155007
-324478
-26808
770229
-940988
440114
333684
758172
833404
-227383
804368
-580646
-840171
345974
678313
-924559
-660109
391856
-525579
-288160
871036
43920
110287
-312946
-340384
666725
296797
897842
778184
951443
-792516
74866
-142314
245917
-10239
710465
35661
834359
-812630
975928
-276779
-942323
-242537
786428
998918
-831901
294427
113968
372034
-204722
926349
-5332
-507097
503848
-146230
733262
443780
548674
-584671
150153
195176
386728
-720739
-158285
354154
141360
-543363
463196
681081
524689
396558
985657
232445
-480541
-644900
921500
-493884
464496
430571
747322
-486949
-591158
-901170
693624
-956757
-118518
-67728
-875730
-53713
311053
246128
-457186
243152
692632
265133
-763261
-232937
-344022
555470
-209700
-927234
-803699
-953609
-402415
-475046
501635
-461461
687676
598533
362639
544166
-710518
-437048
-620361
544709
-3806
-234240
240687
445773
-827696
-588847
475627
827062
408594
-100040
-855611
292108
893917
-117291
429830
60125
903453
6261
-47456
419785
773239
567274
-746021
-537178
-826656
497591
129206
41168
-211924
359558
-911984
432578
-676436
671207
530527
197708
-76789
927091
-476368
-231865
-903797
-953017
19236
-989904
182062
-513224
-973101
-822181
-879008
699614
-19456
-550693
91921
880425
-596596
-264259
360567
241596
118464
845622
922755
217852
779183
335024
-969614
-248808
-958989
467167
260497
-558787
-412687
-177805
-979519
-812309
952330
-786103
628877
575546
898036
-49770
51091
-778750
262336
534142
801789
-48460
-538110
-967459
-545874
876643
-875774
-645075
-470889
-584637
427710
407965
-888671
612730
465796
-354805
43556
931721
728161
894475
13615
567474
-546155
-141933
348783
-459206
31866
-903518
560605
-281254
-856325
-961689
-896409
-973041
-556416
-961485
-725082
436495
-221464
784351
281624
-465177
-958033
784908
-179990
-654640
-877438
-800088
-896242
393665
-583574
-49616
431555
252047
-379821
-425721
-630228
-174156
-621950
-265612
70284
-249528
767679
660839
-117870
427481
119792
602167
-703291
104771
417959
842903
-231510
515302
-262671
-704962
781413
227385
215445
-37869
533984
909301
-105507
267365
-613131
44639
834113
-59153
-891695
738305
835611
-404618
310951
866244
652587
829987
-46783
376368
-735920
-245225
-569090
332682
-134742
976164
-942262
552382
-172326
-489338
482433
-215935
-3726
-870990
895342
-818371
410852
743651
-948057
444200
-75515
-131137
63869
-58683
-802381
-567926
-649800
-548063
-324478
-502938
-610528
916367
-131742
858325
282735
459040
286242
-37014
774800
385913
225580
467956
-634474
-549714
949931
21007
683285
-13433
457886
48198
911426
973421
654733
224574
-815896
464125
-344992
906696
403185
-25406
292510
-577547
-694387
461338
345282
94871
-664668
-914168
93065
92928
-305491
-80343
-681952
-406934
59608
889270
226595
-98096
220712
-235157
-879264
468359
-425387
641025
139653
186870
-2564
542166
229453
-173634
438921
-542641
-437683
-586386
-744862
-874627
-802162
-362020
104647
-875333
-579311
-681304
-545755
-295851
-733084
978223
-473043
-173684
-909053
753790
489074
-348968
748402
237672
-892513
-906202
-126713
409149
-689037
837925
-13049
-774286
833670
-462215
260625
919293
-525030
404423
-819556
-342442
369767
-637043
420853
-112570
107369
163128
-246386
576639
-911899
-124327
485908
-82424
553259
568608
263319
-665367
725995
-624945
936703
820806
557746
765811
925549
-476420
-248100
-219633
774552
613462
-420967
893095
682792
782625
94489
845594
876710
-775141
-599485
-923473
600792
-894423
261648
-231809
584739
844249
-424349
301253
99565
614881
6308
-352853
982268
-590422
-491869
921830
-641812
445030
-658944
-726566
-933449
293837
-828683
619755
-836909
496654
-271357
587440
730532
-503230
-482634
608101
-519239
-957560
-610148
-833212
-130118
173939
-251131
-958072
-132003
188883
354375
-596415
927781
169816
-996540
-648730
746947
321063
398213
-573288
397014
421934
636991
447958
-586981
226220
-706753
-187931
135311
804248
218478
793401
-921282
-534849
-312724
147746
-994361
635759
-500250
604360
929582
477548
648820
-569781
742670
-382350
958093
865500
79849
521359
-902868
204946
-401211
-987586
-374279
80731
694540
505827
-512932
-209653
-859838
-813437
-160299
946149
-586348
122827
805233
-166809
124384
625017
424990
-63586
194956
-267457
837577
-29910
490229
408550
-664779
-651436
196966
141276
35665
255195
190075
80272
-691627
171371
-651293
-659134
-595823
-335097
-102088
-200237
-854180
463429
-693664
733631
-641219
211275
-975170
515280
-535190
819172
-572301
413509
376271
-5723
-45598
486586
-446973
-52149
1347
680593
-552629
884566
591513
983308
-952694
128969
-121434
-850369
967633
96723
531186
-430215
455282
468830
-98354
-947195
-645942
722426
241103
348521
175860
-753451
-357756
501750
56126
829728
-591458
737237
-535189
-564368
-51620
588703
849299
390253
-68540
729937
59958
-205595
867973
430774
-92212
554299
-224162
-307401
968373
239576
-445230
709078
690103
-218500
239566
459501
-225252
-234819
693663
-683177
-23855
770195
-771022
515056
-922609
586562
-797842
150456
-492160
-193450
-576982
278108
346469
-755232
473664
517608
-907244
-883689
156776
265135
321079
-873837
-209128
-134269
420102
36024
-964341
581743
22641
910926
-627945
-247650
398410
-914024
-87977
-349794
-201001
611085
-952400
-567859
-202368
116485
-927033
-982908
301273
-586371
-15827
943019
-300392
412347
-773140
-71480
326083
242102
-932347
744166
6039
-45614
-275657
301341
-535752
843351
-686189
80175
110969
-657841
62846
-519357
714977
-214654
-206540
170447
-255069
77969
642996
718778
-104725
489367
46901
-674760
-938013
-976793
682803
-48035
-315080
611014
-97352
-319755
567591
-249785
294057
-714420
594015
405412
-460896
-970305
607933
984853
-564498
703090
594537
222386
118106
-293148
-391058
130804
255758
735308
-80007
-755065
-742121
935141
-974189
554251
519953
427839
567153
261959
290237
-726914
478255
306804
-342324
-354353
941730
-670288
-139475
-478405
530412
711086
641773
662194
-376563
-422498
971842
-486516
123739
-521957
255855
295060
-34662
645110
-376891
-996426
-480430
8786
91731
-136793
890600
-418006
-443248
-284398
654512
-769056
-726596
26982
158537
101818
-285983
33700
263695
730683
-864566
-669242
-896333
-846958
694391
249580
666112
-667443
485908
-478286
869331
802092
-735055
567216
-317689
-601873
-366838
574157
-795060
-564984
-974916
459935
-998413
561867
862041
85945
553988
430640
628805
-772798
-541911
601909
-929778
725307
-931703
773028
70794
-855854
-337838
658583
989196
860601
-508839
-558058
-799713
-206586
54373
-691547
-868717
443384
3900
252940
166051
152212
53469
516640
-662452
-217200
-747989
594119
-213724
-982091
-991975
-740547
-4375
157762
-287033
-118652
889030
949079
-600983
-222584
-647152
72246
-607877
516706
-668335
-8410
-610455
972560
-813365
-646894
-902825
579468
949124
-31709
-651084
303915
-746193
-441927
435095
607987
296715
-135770
-643439
-575327
-481712
975548
-481067
-366274
-715746
-102318
-838977
539515
-956499
-760300
513730
860707
12895
214277
-854876
-170307
-438140
-478248
-662209
616530
48484
-633429
-221521
332142
-856055
230782
-390313
957966
537014
723212
883453
-470420
-139363
-660738
305466
-674426
367153
-513564
174619
652671
33793
-210069
771324
204526
-682658
-177571
-729794
-913651
-578941
575462
-532417
-435993
-925912
-332112
-939447
-101205
-977890
-656980
-768763
695993
351801
-345443
332056
402643
956026
901646
-326632
-851885
951965
-3031
4625
441663
-848503
434950
-924023
43651
-405760
467329
-499168
-101498
-708574
-535500
583336
-429737
-830481
-777335
254896
-481249
-299096
-666640
371486
214855
-528365
-561775
-902099
-273161
-506038
-349544
74147
-29125
252624
-125356
-65283
-75052
980024
-46914
605613
-751082
-264068
941625
223086
-826002
580292
-521304
-91344
503106
-257779
-786124
-819044
-45170
-783316
-58682
-206745
937184
197779
232271
668075
504754
105023
-944109
-733012
482966
-739970
828290
489511
214036
-453831
326100
773631
-542287
-172594
973083
-903131
-56683
-918903
-660974
-228173
716046
-230627
-293114
443550
-112426
-144835
-76667
570275
992692
-577593
468529
817327
-900405
195019
-790165
412757
-259892
-273427
656676
830960
899859
688886
-481210
-256650
629921
428113
-374885
-252895
178183
457821
606244
-614106
-238934
887942
789574
947975
192283
721720
391926
-604691
-748806
106846
-385747
-336308
739442
828026
825606
631440
-391012
-128375
281045
-264660
480230
62940
411271
877721
155974
520724
891158
435820
976371
419142
253442
-262087
45589
-925691
179932
665653
576179
-669436
826198
-933088
-21238
225076
268466
122101
19969
-817004
-754748
-807836
415167
945936
682521
-860819
645785
738435
657512
-328510
671953
449148
-345011
401977
625175
880093
-427958
-905842
-404101
-47321
165903
974969
276107
930860
661733
759323
-507273
857399
-517534
-937741
637047
301776
503943
887951
865773
400898
-757637
222675
-638203
754924
-21226
85441
387624
294247
-537328
-927619
-891041
-840502
-958783
-982429
-367629
-200060
-515774
-719983
714880
-576278
-642741
663643
-317314
-352008
-424883
-288248
939509
-244708
-343804
320234
-914338
548219
805102
-829669
-298970
806195
-877098
-176427
623364
-805283
756367
977314
318755
760624
-621845
-831935
-260390
430192
-235402
-723377
-506679
411894
-332322
887399
923369
-704472
691641
389567
-804186
-606467
291601
723933
726087
-244604
296510
636037
440912
-538702
246786
-991055
-216586
373453
-893686
418498
-731901
-238924
-525137
808746
-946932
-939296
231944
-283716
-243916
-226886
-55422
425843
-780536
-443241
-226643
522161
740111
376878
-754747
-994096
-782527
502672
866923
744011
152915
663497
-444405
-434287
-572522
765396
375785
200522
571000
-225448
907723
85391
-560550
317650
-915173
-904497
-192491
106114
688677
418636
-897647
-582727
646292
-851571
-603348
-403196
377981
402478
859358
-485790
979226
-607248
839624
-637842
454617
-774654
126910
798345
192003
-892976
-189074
975176
989953
309087
-506261
-183462
-298634
409864
-896079
399111
897076
133822
608802
414341
-1129
396923
-961758
129076
-388316
-28980
429594
402487
639425
337029
-402523
-391516
287869
-177003
-18755
416648
-699956
-416186
563760
697830
-617922
503805
850341
254921
503360
136383
585136
883000
-394727
-803130
-879811
484845
-605722
216145
-539079
-454779
970895
30002
-974379
-337299
-311833
334992
-948709
311719
-761875
-270100
17315
150951
979081
-27047
199315
596277
480220
395411
-599229
945772
737140
-853359
-363292
538750
-711249
-451347
-221614
-252599
-168684
-72773
840784
772860
-856365
142920
797878
448793
28358
319049
738698
220200
-945572
-955330
470651
-293606
-836998
-834139
360542
-336081
628718
908035
-745294
268016
854365
-13969
-387534
-87199
666116
479065
-214911
-408663
-865261
-730291
609467
-582545
-596167
347434
-642318
-706472
104272
-616061
923041
439517
582213
-218075
-226703
742367
-919768
-697980
795339
415570
-340658
-191084
833931
-395480
391097
371575
-172662
382201
-956497
181067
936044
433838
955387
508088
-910401
834570
-442055
-938788
-746342
-906478
-614604
-674215
758542
-258387
110545
517015
910701
707519
850354
-937585
765249
-349072
-519111
-746043
284264
-660336
-441458
805915
537990
753067
213251
-360302
-647479
379913
-126707
196170
-501419
-936053
-750170
64110
364722
528300
-680341
856592
-741754
459546
-539806
449030
-943215
536261
150725
545889
-485035
-932095
-856497
252971
694914
731202
463090
-337259
-66480
-400549
725647
586741
204633
-275333
-297932
705223
629050
-180018
837296
-905442
-556197
-73412
406925
-857014
126902
196450
374533
612453
721025
807280
8911
565880
-451870
-937150
-291051
-411327
445893
699520
758269
50652
146833
466146
-505051
-696571
-365678
64824
-826442
986162
-982202
529205
-609291
-47980
910444
-751734
-599332
703953
396632
-985188
-40293
545140
59451
977578
-626253
849534
877690
-908373
222941
-449354
473967
-356476
-951703
-222305
-836632
-900188
-505749
-93863
698729
862488
890583
654765
-874912
846793
-318080
-253659
852161
944947
-673018
743925
509569
509281
-816663
7956
904085
-184624
-578591
-286254
-319510
-116653
-395687
797401
-13448
472742
76562
613784
-394567
-301113
180091
104318
978661
838117
341112
535993
-267682
-210495
-270472
419748
47199
-572966
827369
-853724
89021
-983388
-952578
445939
-78349
-182828
121475
1680
-804644
-632791
360072
186801
666372
41611
-697031
352686
197345
-114418
948088
-743699
806585
-687595
755454
-152219
-762458
-438483
512629
-356810
952950
-697398
594902
687871
107587
890803
-290165
-44076
332828
-752839
263450
166825
-163132
348748
359913
-951140
151672
954131
96123
-213618
797075
821537
803331
-350920
-390427
-374532
-919959
-884621
-87312
-594486
-269208
-962512
-471092
713451
-424071
147032
268025
-789156
-679515
-738172
385337
711595
-423355
896644
307689
-408253
433757
686720
769649
160801
-993383
-130613
-718256
644163
722230
124962
430972
629659
652097
625181
-722624
-699043
143628
152708
794151
622347
-980482
373691
781130
149126
107329
425466
251013
-783091
956077
-601445
241496
1792
-260222
220507
779640
-808220
-538822
-595367
-746967
-611619
409132
-462654
835228
-722910
203753
-936192
-338495
521365
-482444
643330
839566
-453444
-26707
-118851
798729
-953525
829788
42595
570034
952069
757383
602684
-284785
-58387
231406
186746
-77866
-142665
-904618
-817462
552353
902129
224670
-526299
-190022
687969
83945
-48535
941310
878645
487569
-404466
388372
227718
-765315
-66392
950626
-655228
-575770
465460
-18186
964645
397248
234657
-139307
-365902
896208
-519899
-709906
510780
-524175
563596
-291195
939676
-205334
596999
661934
-72137
-760916
-824947
-844683
-198643
119946
-543364
-503484
-129221
-848153
790971
-243943
347880
816984
-256653
505214
89345
-558597
-241031
-886187
113218
286559
-450976
-786163
-334301
-940108
-747467
-705556
-478685
-295826
-593678
-939221
-349727
422381
181381
-800557
918830
-775453
-105074
-24791
-151283
-230513
510059
-510956
306760
-27112
42793
644226
-720712
546656
738530
-958716
134866
-342915
-505731
892118
-983236
995995
-874620
827669
-356675
-963349
-20336
-949837
-52035
365047
789063
-475131
816188
-121624
-270263
148574
732021
196739
37491
261505
-247612
158513
125974
-988554
458041
-573174
784967
796201
334164
-311299
178951
573274
-204875
-864868
-203328
60089
944690
646104
-979766
-897278
4788
-899117
742144
-866277
527889
-121095
-453996
-773979
-528462
617761
448952
-640172
591821
962291
330893
-942540
665478
-226591
343638
983619
-802907
-785993
242273
949237
622007
873203
-285158
7235
546779
-359026
-555444
-794110
-354385
181943
-378959
20800
-561514
454130
95973
-965443
937656
26825
-93570
135587
-692636
368749
-497730
-386931
-360348
-694789
164089
331314
-143515
-262595
922534
482743
138840
-873312
-443663
-571374
-264191
-934612
560880
616846
-333818
552280
-237380
49902
373081
458303
-297598
51870
-122889
-10130
-127611
129592
847716
-632922
501357
-874815
-369629
-253549
-154781
-864368
158337
993140
424858
-259905
101881
366316
81244
-320458
405683
930538
-483090
-675250
-662131
-602607
604781
685361
597931
272894
-906205
-802201
946514
-937855
722918
-92596
574282
-910507
768281
722399
-640105
555800
231513
269000
-346190
279786
66944
-411127
683565
-708450
430959
25217
-271632
52679
431695
220439
-619313
980378
57161
152726
-252644
-161454
995380
-645096
129312
831846
-364995
448689
-127505
657580
316817
927801
148702
-220751
-134441
795492
4381
830040
-667909
266191
821056
-967507
-600450
-573736
106308
362168
320517
-234890
814953
-734019
-956664
-603048
-962901
89939
-274085
-908124
-439978
-853257
709493
-416107
454272
-268653
757157
-543063
18047
567774
391047
768506
-588782
65844
-132176
-941478
-891220
117212
-271729
-919420
-688367
-573921
-101868
-965527
914606
-843764
20381
255979
-623618
-585164
931217
-627894
-864322
-175072
-964269
-731569
366684
-415159
-726964
-793653
-791452
78620
-239860
976392
709090
266669
289801
-665591
-633616
379065
322709
501868
531651
143153
-364421
101242
106087
494983
650276
414754
-29092
-531827
-455582
868450
-163325
724951
-602261
669945
-390764
-669225
385883
470608
576250
371855
-419542
-717159
530958
-510391
508287
664025
-423205
-702745
-164210
-123162
-287608
680662
-535693
429786
-860553
12872
200866
426155
868322
433940
-159526
786989
-374057
-597031
-668978
728995
996304
736282
750220
501311
51546
814977
566781
584366
965252
472011
-247601
80567
-788195
-129287
-232598
-69717
-21527
112418
-161407
320326
851744
-201107
-383364
-478732
511789
514509
407924
-797077
740696
-615404
207316
-671309
86961
667193
154774
-595329
519551
-493495
443986
-99052
-30228
-484513
-610055
-884011
206022
991762
-158429
342539
-580950
106303
677720
185556
525943
782460
-360024
503282
-790499
53563
-112656
-959764
292066
-535067
348583
-21346
278306
-842424
-225928
-321418
-651209
459246
-225064
-456924
-525572
-615078
-676686
661335
-963822
311046
-108980
-650994
-64130
-731949
-35291
-113717
-881595
-367633
-407406
-673193
968941
634486
-87201
977974
105931
-673970
165727
474426
834658
934629
-954871
-244245
-537620
-77447
-588463
-97942
-70947
376867
-896806
-136364
-457695
-438407
412776
-711177
-795624
-832505
187632
989490
86318
228212
-147785
924743
329890
-155787
993793
222245
-318616
-202673
-269818
-516590
-994106
808820
63758
951856
-8422
499489
-427309
-474443
-229418
-612686
-466371
-549443
-38062
-560901
-775791
433101
325845
-865027
286016
704091
470995
765882
166966
-785364
71953
-64461
496803
533511
-88597
493605
484509
-980061
-697020
262589
900132
-893816
-339246
760852
222301
-60318
541132
-448045
975689
-273840
-778775
-563336
786308
-476606
656210
837765
-992441
234964
601471
236733
349739
917510
-286979
503043
-673176
131793
-903800
-626077
-43047
-820951
-859171
-950214
-696210
249002
-913257
473670
537594
-466725
-657389
-114002
-684790
-921987
-440513
494046
654784
-922419
791798
12150
-828469
-304273
888137
-101535
-934450
128938
-880071
-827001
-156773
923859
144807
417470
-832931
-678138
301850
759532
-950908
-421870
284303
-145065
-979898
798963
-396232
261026
-138072
88493
591749
427314
-442293
66049
961469
-615348
507089
-203457
-634957
-618070
58550
129330
529820
-428931
-259479
276685
513508
197245
465742
517025
-804671
766880
-53823
-188524
-232716
-89959
-601893
-589050
-464212
20210
-778365
934452
-228357
823653
723115
534772
785869
495642
194357
468116
-437897
-568889
401766
394693
-555554
849856
-777447
-905415
156996
-491609
-56338
892023
-273751
-916259
833645
-661664
373939
-377447
281180
-108289
-44601
-125534
-291690
-410244
-320698
775492
401109
52424
334185
720528
938145
-408016
618164
-786225
-918517
-686561
-699055
856235
-181180
-29702
-519038
-680174
786380
190389
258808
-400046
818190
-597995
483399
-274133
564437
389450
196060
-289480
-238227
162211
-432536
-825484
522062
254991
151624
-763060
-255306
712860
63843
651447
-669437
-480418
724227
-106693
-228940
-807408
-239425
868383
851570
4208
630838
-149103
-72570
-69682
430557
665187
220406
572717
352964
-401492
991120
662341
-136291
-947921
236232
158325
-968713
263033
740338
-327273
844301
129753
192202
-312407
943505
233991
316316
-549367
-230833
-223656
386423
-938025
-633815
-622917
-378702
275504
924236
262265
-218250
963223
615569
-943175
-689662
641078
-782046
-134748
216809
447313
122266
838156
769646
-265412
-172183
-508407
-931042
-6523
671910
839595
790538
661714
-230851
761109
-913580
853006
-425172
-438560
550259
759178
294384
404181
-352497
-335406
488792
542492
857015
-576185
-323695
112240
259368
-790021
299877
-589686
549358
755463
796696
871834
-580367
-253824
-971655
74769
261160
946339
-527141
161300
-147505
609669
557488
205716
-212944
-174585
246310
-107335
-976385
-598423
-999469
386128
966744
-730178
-308147
534221
496404
-516486
-181392
-811676
-16944
-700623
319904
-471373
575985
-702402
322578
909032
35006
-171877
-654795
-583212
574633
-515709
153761
541182
-374339
681691
-416309
-81591
231300
-488547
-235115
379093
763782
-370076
-443509
632200
-850218
-460707
313514
-850983
-254449
-703352
-54981
-427583
701002
758824
655916
617473
97650
652321
639642
-97414
-471045
770460
308432
166333
500069
-793278
587626
232271
652984
-751511
-95328
-514431
663159
631473
158114
67068
186012
816982
-553021
69144
-473019
-947440
34389
-486734
-416757
56268
-982173
-423869
-308161
-610464
514242
-375259
-86125
642157
491195
841526
80020
-977784
859690
553659
473651
-88733
-754149
-858872
-901121
505612
524155
195459
848711
662778
-668123
423225
-820091
258029
-580483
589162
-197606
-362570
500257
-524922
857454
115998
749649
796640
-699285
-824040
564279
697363
110237
183859
-699456
-349374
-726169
-676314
-403058
-570279
167207
-324091
-633450
639796
-741164
215229
284904
667783
505738
-766872
-166908
-210227
-673497
521527
442810
719061
8946
-447779
221580
-777208
751946
-554218
-64252
-325199
529962
182338
316998
-943039
-800521
-913415
-433127
536799
-187634
-82802
-157854
901320
82794
466986
-803163
374029
799492
561272
-736535
441619
-362717
909232
-907931
-627986
114675
-408958
-932532
871114
109834
748599
-548610
9786
650686
839706
387613
-999523
816515
156099
463378
525347
-533521
168677
348874
-737233
-623956
-582438
-157665
251954
265025
-227694
-845594
949493
-799376
368014
-90818
-428380
-699199
720386
-679398
341626
-354804
258248
-663969
-937001
-614082
26653
744977
614125
796007
732173
348712
-339859
15527
977952
212436
592013
-352787
81058
-830040
-69272
-949878
-161226
-25027
665996
-86
556208
-861218
-385144
155534
-509667
9203
-286197
389097
338944
-395596
-216452
859638
450667
43276
-315973
942505
-991061
-927257
101905
826475
394443
-511036
-171874
-187071
-158033
-570574
761532
-346557
176132
-873938
-300800
-674396
-959838
646415
-576195
-978547
-954024
599448
-585647
-482865
629199
269800
-23320
-707263
-307728
420346
80288
-202624
-517952
916866
-290418
291308
473401
-624249
-818768
-481232
824649
-68786
919120
578322
570964
-693416
-415292
-561820
522031
335179
-498287
-469114
-841939
165073
-829878
881290
-705668
-948230
-295404
-739433
-900146
-819676
792398
408822
-827094
-524716
-778791
-637172
127620
879880
233652
599071
-308235
149938
801719
-969461
195684
279758
-169523
-568835
567480
402006
344077
908901
308503
856354
908737
-961744
-682800
642922
902138
982819
373215
968604
-496479
219243
774579
984122
917348
607242
387910
-102497
-454221
921812
-945893
379959
748367
-573629
-271246
412729
-224975
862399
-276579
-515650
627437
-614181
-294605
-654608
191344
555649
-105305
-645167
86201
-832334
99104
734186
482159
633368
-772496
89089
-141982
-584818
214755
664217
36685
-87508
-891732
424557
-455039
919019
-934166
-656265
171208
85913
249533
-254895
210099
-52949
-43384
-204900
545276
-495150
941582
829720
314261
290618
-148102
619336
-397505
839393
-569670
-113127
741927
-327086
437397
965024
214973
-253500
-974405
117645
-594376
966717
-19041
885644
-172085
-654370
874812
150045
295440
44341
91946
829964
-993046
382501
170226
217297
-966508
849082
-360525
507286
-101275
876009
-385075
-70363
-603130
-117499
880054
769834
325816
-209973
261998
937036
769322
614259
144427
934608
-629585
166529
-113276
-470165
482280
-402246
993485
828607
-906214
27972
14344
-740837
13161
-178850
721366
-429219
332216
-441540
-933775
-601384
510530
19959
417938
828742
874273
-102015
923938
-460855
-815106
645077
-971395
650460
-263137
-31684
186679
-661282
-879511
-750611
-300425
23149
-586253
-652648
-97227
483115
-751792
698511
-462280
697212
-716054
125469
-440034
684916
665707
439789
-613823
-355172
494400
824878
100891
537883
-511975
-580932
210466
294579
-145577
-246137
323122
-274052
-766981
-1001
-198758
830808
-113943
-206811
-705925
893432
856897
-579870
120717
-682055
-715824
561971
-230412
-225676
-511809
-386921
-404342
739676
-296076
559251
-221559
-417557
-285889
122762
-152669
170302
-52807
-922482
-865896
136913
-930330
-867452
1402
659119
367973
589019
441451
941968
-657864
-129433
-414385
230930
640867
-697478
413471
712457
173538
-6250
840290
-202674
796620
179672
-439854
-93905
594593
-182784
240917
-12589
450575
-385895
92200
-613167
74307
-485410
666244
550331
-392334
986821
-635770
126374
-679027
-936831
895066
339287
856717
-558789
949118
-401190
-698441
933631
-626485
9097
452433
-400822
-137295
-106616
-400466
263134
-335028
-94414
385721
-598461
345664
856205
21218
401568
915281
781069
-943524
-399170
-725697
993721
330733
-267061
-862748
-404183
230385
-612863
631893
269755
-119596
455204
471473
34896
-707741
392453
392050
211411
139492
-234614
-161326
-503982
42197
-321339
813088
-584656
-946704
356859
932268
-725409
897525
-321741
-316327
-36914
-492320
592133
-941118
118090
73427
256754
530528
601981
-194723
-637746
-267120
-104102
725045
-14343
927104
225218
-302786
793837
-78628
797591
601796
-328617
242053
352446
-631301
121686
-166443
-842277
195452
80395
967940
123982
-188767
-90299
262071
814420
1843
573008
488690
-465763
-319823
-569017
-61322
-697099
-236313
51825
876400
-247196
203541
415113
979722
-724713
-533239
151166
33018
-614668
763081
-552690
-750464
-824632
-525548
116242
781430
-214905
-121040
-379495
-686669
-691339
973197
460179
706400
-245633
754783
290932
386565
-686611
35193
-602323
-638503
-985197
40088
-26600
338080
-461875
555759
-805700
-825458
-214383
573570
66537
55218
234250
-96851
-637215
-686664
-709512
400500
-502941
-775854
-554366
-570762
454402
492237
-146127
-42087
-686001
873218
-131008
-86587
575409
764454
-735362
767664
390645
-808949
-577818
890338
-421042
-401014
-355562
-86870
226267
743528
-706525
-148304
-561982
909589
-503500
-755831
-155066
986949
826494
475983
748681
-703174
-46310
-66197
304055
446025
-168534
874741
628529
311535
278856
-423989
900112
-436585
607930
-84584
-129364
63137
-428305
-442793
19583
205520
-321247
-695947
475327
-747613
-424432
-392060
-172766
-911094
-432353
-588750
-733817
-684395
-88063
668685
633107
243657
240053
109407
361948
9264
624058
-386403
376111
472600
-518430
668218
-176276
581847
-419484
814884
-661544
-932897
176305
-79237
-764287
-657090
53388
-183756
-33988
-11793
-923183
-142705
-634416
-584985
259446
-151604
-466626
-899852
-297103
494621
-132554
-367898
-190681
220859
656473
-179240
661392
-245500
-916040
204362
858648
919673
718798
-440237
-239005
994373
758769
-295929
-327902
562700
-455999
-728683
-6061
971914
-966906
-448232
655240
-825277
-701989
-24735
-468221
263983
83627
490798
28420
-437486
-829995
770932
-199243
172761
-337122
-589633
993959
-659121
518730
-244089
-792185
-193248
592825
552532
-60337
733322
-298393
469765
-91394
-79746
896661
-885986
-29821
71102
961594
-40645
52914
-732301
527861
121286
130183
-36855
101523
65675
-976470
958729
-226222
774055
873560
754675
713475
-254727
993567
542220
-384976
435261
385696
-312465
596952
471818
-934077
-271728
162065
492267
306508
822359
991910
-189103
752881
-636236
-332261
288623
-244502
847400
491617
907059
200070
-892994
-884082
822342
-392495
969793
256708
-461157
323195
-332366
-557991
-619075
-439945
421331
-517255
351170
475691
-799854
-585607
913447
986815
784425
325523
760218
-300687
-932808
836821
-276528
166803
-63181
-246939
-757634
645308
-322458
226222
-554225
569223
119003
-784008
845002
438176
343953
124218
949196
863234
987109
-457406
507014
580178
797180
-714115
679358
-966293
461591
-952736
633874
510374
-783782
624449
-277041
-809957
-414196
-209692
-482972
-414682
-113699
805934
-947323
830042
-610737
505656
567948
-105372
-577745
-845198
-365834
-675139
325189
-176980
746183
-747412
842658
489166
-322777
258524
372140
-518224
845505
9522
637981
799518
732274
-526762
-412368
-623240
-305515
169124
632224
-7522
214906
-831005
219476
-913675
-16050
946017
-35572
-839092
-51098
152168
-768795
19828
25623
318236
30003
605109
3239
188909
272439
-303207
176043
72382
409304
13624
780360
-733317
-236873
-674672
479410
-20543
144211
366014
609648
-700755
666668
-121678
-211495
-525309
624542
-995795
803949
-991531
-255076
940799
-912729
-774856
419288
567692
900686
575617
-319909
285449
-277787
449521
126084
-182430
-337567
-418160
-285185
-442564
1605
-697658
551389
709387
818130
619259
-753112
-697124
-316264
-245857
-45497
68401
-933612
977618
509766
476982
845059
514751
-121858
359194
-396196
-709092
162685
835518
170712
411813
243977
-451930
-825794
637382
974646
-159327
-469897
-283042
923487
-930872
-193382
375627
616566
-535665
838293
-51175
409160
-516263
-139739
892965
-348434
-425963
5563
956683
-306337
576775
-436564
-325186
296506
812276
-67773
-912863
597544
142186
255246
-353515
-100200
328622
540897
265043
-203449
-852040
828454
-621863
892955
-874226
83499
730071
-609831
-923900
-909617
-846196
-439183
-608876
-667009
763605
438477
887046
448928
-454121
824814
637860
279070
138432
570915
-797981
665134
-273869
-251908
803094
-807062
76495
354037
178517
-24590
987744
-353063
719008
122843
-912708
128911
101340
-498530
958737
-745342
574417
-838364
622010
330152
717130
-905426
-8398
494084
988762
-384958
-564064
637225
926301
-602612
-704016
-878023
596721
-554487
448502
323045
286752
-450254
-942866
950087
245124
807789
893038
548890
-429462
-160470
-310846
244632
-264670
-247302
754322
420755
-548386
-252582
553361
-975660
-830269
-231313
-825643
-617179
972430
-67212
378889
-919648
-946269
661946
967001
362579
762027
842778
732856
-88811
960147
-301002
-680524
153729
-582087
223319
-676817
719234
783296
310683
605131
303984
-985453
434529
930301
-664883
834922
-300049
-915298
290778
-312016
822272
283527
-344045
-138135
674975
502311
988264
-344117
20095
-732528
-697072
369357
-85494
-127142
210359
-85202
-905370
-404539
-11616
-877239
-795879
190191
447412
-186912
-941311
450668
786837
233408
251416
-867403
-735252
-99742
-927536
842551
720334
25551
-236069
62311
873636
-638476
-35715
-339553
108443
219114
-538169
-102614
106254
-227405
-310793
314463
-659143
478442
-916217
930843
-676826
-75982
-93476
589041
-571916
433100
758110
640367
409334
-490302
-225458
672963
620497
250779
654762
-381414
-174034
-519334
-525566
758884
-328639
67043
-355191
161183
691450
-999437
-711001
942347
113574
-121181
43752
557263
-90820
776228
541846
215693
542936
13497
-689583
397878
547417
911683
-991018
-956349
376298
-618622
-853668
847589
-632749
-134899
543322
348905
700211
232476
-484144
635149
-941113
14412
-946931
-610154
283308
806075
31728
745029
407326
392254
-34627
-58287
-940376
424255
-992204
-868978
714969
-713335
354874
70567
606644
713001
178249
92457
-403621
-131311
-448493
542362
-90084
971559
228175
168227
-308568
594527
-305420
-341984
-444293
37020
237523
-860212
87920
694118
-863347
-571621
776708
30938
665720
-984395
463755
284195
-119094
101304
632031
-290711
515380
-225182
-376080
-389132
-608266
-32668
685045
879154
-967581
-623068
921227
46418
-387991
772969
277919
157715
531081
-855330
-910976
-809208
662010
831203
-457692
118682
-72238
457163
707068
-671161
-45009
-551934
649605
106632
755952
646112
282206
162245
-342286
-828736
363028
355217
-201640
-596241
822975
291455
658485
-178453
650317
-827088
-801736
314368
-667589
896105
714110
-28624
671910
-728761
752265
399499
623534
318794
236490
201100
548598
679006
-872895
-16488
-563991
-895924
-184328
-493284
-206345
-652646
-994126
-919845
-289073
773686
-808517
-676688
-229460
635196
974606
-960647
777041
581946
-29599
-748040
5100
564586
-124611
-570621
820658
-318009
-188397
730453
675494
-173542
227665
-773734
224114
-94939
-795542
254744
618851
-582001
-401787
157589
397066
-161289
-658031
377429
-870148
-94663
291078
-103205
-431030
-414289
-269982
-788799
-992392
-945696
-572892
250772
-147760
-340932
776758
818118
655626
193279
-637649
-842045
-994266
160803
-68996
-146594
-826380
421874
450004
-596797
-106213
-130268
-909276
-419256
687057
-593911
-326426
88149
-211363
600750
-946197
880739
757420
-961106
-167736
-530819
475195
473579
-829752
604333
-589559
-560281
360817
-313740
-263323
86948
197292
-758233
-341793
-433242
711150
964322
-396992
519027
-586349
-896181
-749516
-349534
-436744
-602348
-271751
-994100
-39640
579107
-446255
-183213
664034
-464523
-413755
752313
640987
-434784
-619106
-169579
-369328
-109971
-533015
-413745
986903
-852505
840656
386979
-755604
-702675
-179956
-686878
-604591
733731
-401078
861702
-910624
-659966
-435164
-260811
714260
387988
-965901
-552106
-263233
326480
-856523
-533974
-151765
-590199
455057
611846
-909423
834301
-515340
-931771
146121
-215475
818814
117929
972102
-464695
952019
-522765
-164666
292501
-38048
-737765
470854
-228321
584827
277248
-552876
-858992
-9530
-529378
900839
-663115
-998228
-472527
903995
-85230
579863
977718
-64261
-4480
561876
48756
637756
654592
-39565
-172725
-779044
669293
677695
745209
-429957
874788
-343410
590830
597923
-398633
-866685
769174
855081
469060
-503504
682031
968869
-268156
-378661
110845
340657
-519590
-363270
579092
-347319
-298239
-944926
799964
907590
-955368
-804384
-764846
36796
-426668
955735
153810
97500
-380620
488465
-860222
266483
-768717
949913
-216330
486428
-324937
218157
160330
61599
-87761
-457074
-518710
-863420
-635029
424737
-701985
804091
372798
-368128
-290287
16098
-337630
-612191
-754984
754212
931056
-512643
361149
504035
-609940
-758039
-206022
287426
461013
682468
273757
-781874
-332673
897633
-364140
28348
815578
321920
-799728
-531994
-393463
-764834
589578
-890947
-466276
921883
27372
451980
493004
488375
-183221
352449
-58681
862278
919562
41400
739409
36216
-319980
673359
-88407
918618
-844442
-911744
-376777
-688269
-978965
-697583
582187
811763
247419
993898
-298555
-532723
457944
822103
952009
640726
-515863
79317
777438
-425381
947219
-753711
989162
785645
-481272
610165
-644349
342131
-725467
-426729
198116
608351
-650769
-898071
-814994
799056
-732767
366337
750112
296935
436570
-224262
-752550
483024
-646501
-43099
822090
-611934
981921
285687
-518009
141100
462573
-337101
-335198
-166202
219282
-629636
503680
541677
132113
-737428
-633670
280238
-972564
356693
-159195
837044
943111
-38574
589444
-52263
387732
-203132
528807
647262
-276219
-420794
-138872
764676
217054
-33415
3773
501598
-689734
-988002
-168750
-111453
214399
-883362
911793
-231914
870495
138190
569739
25592
513252
159561
-713414
992632
-82360
371585
511152
-318966
-430189
-482263
118959
-944995
433017
-154018
888648
55559
-886711
-585297
-227498
339869
-525768
-689089
188692
-739375
519843
51242
-177397
513080
-258999
744814
-183749
794218
734458
664378
52551
145629
-543700
190586
239886
-839061
-870331
-638604
289591
-411659
-966701
-209124
986644
792688
636849
809667
38386
347070
383626
-272323
-948845
673053
-672024
104765
386678
407693
436640
-896819
-767701
152087
233699
-111183
569808
416880
462836
-574319
-339416
-141581
-466545
64646
768060
289249
-84797
-973694
5476
-495798
-313050
329215
-444913
7568
-642861
780055
-813729
504682
863767
-326074
-848156
-248771
891897
945530
-383548
-421040
164531
531176
-593247
135041
-358132
-942261
66321
-345620
169728
501669
-2259
-398025
-238509
391304
420418
-908944
568637
566558
-262087
11708
-650608
-12396
-27189
-423710
-614327
-95181
759514
18105
-532596
688221
388549
-977413
271089
323045
-88489
-874888
416389
-403274
-186586
274645
437787
640577
-729535
957864
834566
-646636
471629
-919608
603161
-395609
-122572
-898157
766486
169883
-313916
253463
-507855
512791
-780838
587722
-643925
731292
-831220
341861
-34374
-599294
421913
-180733
570269
435384
721384
969845
-233576
109770
-830889
-210821
762961
148293
47862
-944499
684925
-118293
-531031
-341944
-856061
-388381
-489219
-875544
481237
-409325
-880603
-104818
-197365
-914577
373671
-245905
-14134
812767
681110
-436630
-171515
455693
-543850
-818461
-742857
-641073
-377633
950201
776085
-52506
-542666
-997856
-202717
-332399
289162
989972
282499
-186070
896270
-258808
-2690
146766
975991
273956
814887
-515728
776986
588018
750099
641736
-7692
-64581
-38748
-833014
610035
270663
-971635
-388155
43387
948392
-975389
-791439
-72706
883617
-961605
87973
-922862
767338
190425
-665761
-962287
526842
-45797
544048
-486126
-337131
-217886
511351
-342836
-4538
-318863
-422912
-134962
785582
823631
492291
-479850
275411
-356407
-679695
282655
-318409
392739
-85360
-233002
838015
353896
360594
-855396
677125
176002
154533
-724819
600307
911373
-490358
-428782
954211
-866043
343141
470502
-308243
-378426
556520
99063
520428
448637
-394316
348978
570933
797509
486265
97331
-664300
-24255
-332740
-825842
49634
966724
378350
288260
-179094
542202
-243469
677933
601398
655143
-637022
-354864
959202
19042
690572
513975
1444
250825
-252068
64194
334146
376433
651387
998394
-631061
-136589
-643585
166463
661179
202340
434223
934244
-799538
732439
858474
-291588
-331589
-888344
644085
541811
522682
-854945
293548
865065
197710
-719662
228039
656447
575187
-253499
997012
-668347
903458
-634876
265023
69265
649359
-75078
-258868
-488500
723053
-766942
-198138
397235
-880210
312612
-77298
-530219
494891
-427672
-939776
-210071
496927
-473610
118824
96136
806375
824202
-996387
-546960
-659075
-802246
-176619
-630415
578927
22721
983267
444401
-264805
-178440
-280546
914307
242820
827798
240305
252115
240647
-860278
233397
478178
-863546
320616
-472293
-142168
-194161
698551
973611
78189
-771406
673330
103043
-136030
-999407
265219
-955860
261510
-390673
395963
394807
-130014
911895
636610
346691
926722
54659
312986
205361
313899
-842760
-60368
215206
-60356
210802
575531
29970
-772959
437334
-781188
823009
-712498
967146
824256
-207126
-468158
-921492
-70291
-680937
-467824
-930993
-976844
403389
111018
-156743
685796
221838
292570
-267030
-338912
-628390
756911
-384908
-961421
232668
-552869
-375852
950756
579549
537446
936588
-146883
668594
431704
-217772
-12459
830270
922680
231455
-307776
-185451
-290264
988558
598139
796309
-782273
-554860
-48666
-330426
-717870
-481413
-731749
455904
-467964
-657104
262810
780901
710907
982451
223423
786582
-930409
-895407
-978580
672774
300914
-819067
358527
274701
-358912
269713
-407768
-759153
861732
-456889
-388067
422457
505949
-498220
-274267
-912333
-21021
-64635
-823795
810003
856798
862896
-777600
-459282
-194078
-490850
-124876
789636
-410648
-364135
-426923
218849
473307
-821157
804220
-182206
-747346
239341
2230
616796
-363305
760668
497300
-826231
422506
428162
-671238
176629
911685
-574676
-573329
635950
345501
126276
409910
364143
356826
72523
925223
973017
-995862
-682200
-103840
-119110
425495
-479382
-404430
-673491
602503
-392904
22250
-326803
-521117
-637202
418286
-190262
-805432
408663
-816856
-778492
693428
-82975
540192
-923000
-863109
-479469
-240054
383139
-866825
-208139
-496846
-742908
598145
-184700
-547745
420451
-960792
-919188
216297
-430370
845189
-139951
715861
947652
-288693
-422084
7946
-550754
373718
-494592
722765
751308
163449
-322310
257071
726415
239122
-795537
-417318
-931493
287267
407640
-468354
-931164
994138
-765679
-210502
-642884
774620
-514660
205334
-28420
-142850
-454604
-778448
637539
680086
-731503
-829612
-420990
-37022
274572
323877
339933
-168710
794061
-93700
294794
-172135
-432178
325301
961296
232385
-733253
303603
-144938
-158071
171746
-289664
838630
877068
-594336
-642092
705655
593257
867556
457773
-786877
-443582
-761117
177373
25287
-60778
-438248
359348
176208
-724399
132316
-30247
367575
131168
240297
982807
-440511
-392265
901752
-724771
216045
865176
53063
-313670
417115
-175076
-468221
-762882
-765474
-119922
-298012
-927118
-328044
-10610
773608
217225
-208422
-127704
558965
-524105
-38276
-816471
920077
303903
432832
-433839
-762454
-452538
20978
340423
826165
-675200
658863
-685024
-456706
343667
-287980
680116
-69405
610095
358402
848331
853806
-400411
22877
697115
645427
-724382
-75539
-829673
169691
-516123
716052
544020
-853187
-452875
-997906
-480738
862873
709976
-883204
335673
-490595
-328148
406579
514562
852793
283203
-462181
831583
-68257
893085
617974
-178179
928039
-103624
-857182
911157
742937
-89757
-251680
-691737
-744538
-33174
-556997
802497
799206
-587724
-716793
-715871
-203595
-183043
369265
-557086
488673
-207738
227352
-41143
704496
-765690
-196007
459728
-395045
750042
-606766
-441545
-591452
580975
881293
-703647
3803
642014
677443
480460
709730
416895
-14180
-801968
-206752
-400709
-882598
-699872
-728150
-931615
958009
-363372
-53592
-123381
-263491
438508
966936
-766384
927320
-975503
-497559
-165186
-860465
883772
668148
-354382
-811095
-950971
748193
568938
468283
732386
43907
-626947
178496
926669
-759224
-775180
-790010
-212012
651284
-934868
279449
-633322
-792495
-410889
-740344
-200793
640693
849356
275788
53377
221130
-637451
112213
-606772
926318
-605843
153209
649198
936460
-92586
483711
-500970
-166034
754774
184336
-184938
357953
384629
-421129
414603
510138
627757
-780225
-242153
35206
-24307
-237250
-793302
396190
277608
228163
-833380
918406
-235656
874124
-652915
67783
362357
-775094
-24312
-968097
-242551
-18554
918123
390569
-68127
-726879
-449653
-415472
842918
110445
-850729
-530849
-993572
-141887
-969174
-651735
541056
-695326
875771
-520610
939225
177052
264963
226530
359695
780026
-750406
-283345
583346
-59633
-778416
467407
-145828
-910032
810019
442047
-391254
-14698
-571389
-527450
187422
361228
840490
754480
-875569
-450286
326752
804884
-412610
-638633
-872112
567298
-961668
-410650
-920505
787935
-767648
537896
-563201
-921723
431278
-85684
-243383
-681598
387750
613735
253378
638047
-744799
731562
724486
951837
-989391
831822
553730
-980143
-913144
657866
-31904
310292
448038
760623
225185
-451342
-86245
921801
613812
-848722
222758
829420
-300420
955353
81263
791198
724997
-226855
-93488
625507
381650
240921
502481
-658391
241937
763732
764997
-219391
-901648
345191
379233
595977
-87971
-657295
-842606
540402
414390
800481
801652
-796024
690605
-783057
-292601
73241
-263165
-488430
-410935
193241
333278
537632
-13897
-205629
545239
-978575
-123286
600341
505282
-965415
-451716
401820
-941272
869252
540287
-167463
648067
675772
886227
527954
65890
-426963
-605185
572666
-166949
456384
-789803
699509
-133318
-594309
-747696
521160
659161
-850323
163460
-685267
980746
953716
126110
-730552
-781683
287234
-177696
-65057
961928
667783
-372975
252855
910289
423777
597570
-374054
608391
929383
918529
290070
-769938
-777916
-503670
-194281
-848951
-279320
-154570
-37892
851918
-300386
-349839
-689168
-770873
-68508
-260248
-727427
-594248
-112355
-768867
155558
-675094
-45206
102387
58594
217379
51126
-949023
103661
777081
-49775
-93460
-701188
-560238
841624
466927
-761265
-624939
142638
-549916
-36712
-66882
-976061
679722
-794222
205800
-529420
908445
884533
-188189
913684
134249
-775933
446447
-118458
-218027
450586
46803
622514
30142
-597489
406749
715669
539142
-266071
277840
727082
-645650
-949302
794667
-513398
-553607
-270107
-691668
26284
196013
533423
830176
-235709
-946925
986114
324011
-696129
-688293
660414
-861910
-813254
-46325
162560
-315682
123605
-677633
212410
-245085
639931
568663
-791731
-28662
816761
-639479
318162
469796
345137
269470
-487376
-594979
408871
815076
-41377
-266498
758790
671693
255162
193439
59067
715161
-26962
155525
744329
538787
404344
-709977
639921
359228
-622178
217611
683512
-959617
780545
-621677
286803
252675
-740102
452425
162117
-390234
645779
-716331
218518
-67476
505493
147466
324682
-834821
-284297
-484163
213042
-319678
-361268
868549
-604483
459181
750498
395557
621441
436762
-140254
-417302
348154
-436120
527119
-681973
136907
88809
-34801
-629030
534863
179402
916173
-111024
-81735
28366
-55534
-723869
74328
546391
-220939
934072
-409185
-503587
-714077
831043
-969891
-214145
-646441
38028
636534
901738
-294630
-280654
-823387
663553
-912459
-578246
219997
-694777
-601020
-138330
759135
705570
-909692
840951
455007
-380882
-555881
795472
905199
-111988
-23979
-283739
-39166
-302387
-745305
211863
150415
130069
-107608
-849975
-996304
233761
-450093
-130867
-576933
-404519
-216667
618460
327613
726423
164271
556686
686190
-726235
-36542
939233
-509776
-133616
-377886
-24225
428354
590329
-14193
-210577
661379
-57071
-786784
-844022
-741381
339779
-929804
-611999
309292
-355314
-340952
614659
237277
645071
439572
777413
894230
56875
851707
-523820
-13471
-117051
268588
-550086
-890109
-697895
-669012
-641548
-246361
-316544
964567
451975
-283636
-45150
-372736
303593
-367252
455476
792409
-980504
154143
-987853
-419448
561604
-242183
-603643
-499103
573719
-322751
-612989
-979445
-15499
35868
537456
529961
234742
-517714
651614
-838109
-792442
385642
-314372
-791575
497033
-403508
283169
-995081
600217
-618139
-832246
-493553
46917
-347773
-707487
208699
215451
-71683
100384
-283931
-875552
-551381
324518
-883511
641252
484365
795672
-111184
-244961
-695678
23596
-782134
163498
130207
-988129
712751
-731239
-983628
563261
25738
893268
315824
-336251
-491090
516237
446158
300972
207947
5065
-267173
-839433
-75754
567598
619364
609150
139315
-936072
177592
8283
812327
-884552
856467
593763
-3954
594157
-416607
502870
-38374
192356
-343216
-227704
-955585
844279
-115407
-665553
411409
930283
-176160
-329368
64751
-404580
-114167
-925024
-736351
-836028
83158
313548
844806
446143
967497
609969
126414
-900097
-977476
-386293
-73114
758011
-916288
143643
543417
-717026
-113073
568087
60711
-655906
-525387
154421
198244
-185569
369294
857491
-975517
709541
991144
221901
141994
-95276
396317
275333
724174
727355
13817
-304842
-354911
-723199
-757651
-296482
-165265
-476110
180184
798132
887567
-640752
696898
-533209
-238706
-310673
-65500
-702480
-192851
-807121
-682289
-481265
150782
887368
866254
59309
813570
145512
943076
813426
200328
-377001
803164
-54226
137342
-344262
868672
150986
-98655
-986080
-245437
286815
7252
426545
-887888
879140
89712
-909215
-996249
-635141
-374781
196504
524934
-984306
-87157
732698
-419172
362777
-604559
839718
235833
-422580
170930
-302044
-328715
910113
786720
936695
-834689
-245966
-743993
-526693
874393
913056
-307901
-203731
-125382
-377318
926009
59559
-487627
962764
881856
-177306
770607
-982766
368698
860248
-104676
-617719
292326
-587841
460533
503757
939654
972916
-42456
212773
849474
-570948
87356
653413
754214
-684282
729355
662929
893850
-600381
221052
-926769
-834190
189527
-135901
312809
-383881
510557
-844787
395272
-112440
-226129
-991689
837020
-630208
-521400
-987241
420358
169557
-261120
-735924
485904
153643
-363096
22699
551807
-207597
-660681
110558
66371
336744
-481109
-116296
381557
824288
156175
317098
665695
-255803
-388937
329775
99
-158815
846423
9495
777412
939534
-536625
-237988
835931
567015
-16610
201270
-949198
17798
357502
-464197
189726
899120
920195
-479238
988691
-844029
-366915
-446088
-221742
-568443
-178489
112694
279708
896185
-679001
688219
-498616
-330163
-918563
379160
-310824
674015
838884
-943945
-471640
-470211
-929095
351237
761968
-107264
-371838
522229
-529883
5849
668138
334250
-604790
299661
-39370
598652
-103901
-731874
-134052
-225836
703602
716118
896445
-850799
-601194
316440
-145222
-614448
-802474
600009
-976172
-509557
317993
148195
-137627
-10005
-972277
350944
-967475
655637
-285335
-787932
600665
706376
-804883
795353
-706272
-665572
233740
-886609
673740
-483884
-487326
19379
52243
440696
47311
-161758
675319
-576431
923102
-269203
386262
-555859
620666
441670
948163
-465593
-891313
-685716
-483782
710982
491074
-707276
-125824
-710115
-127009
-940825
-204078
-542929
-87958
-694989
119881
-844822
-193261
-203610
-811954
-494697
-472374
-827981
168002
114939
-155691
592434
847635
337628
75749
-652431
676226
-770772
195923
-453886
157253
-500395
363673
-220042
-826251
220112
380856
556553
324581
870241
-58355
805491
-605926
-135688
538431
-794940
119365
-172916
544031
777329
-324591
-238387
544534
-830502
651705
526590
659720
901710
831020
-498088
-903721
-550876
972127
513972
740282
-216745
417505
836772
-526011
-221554
-686943
744402
-513538
963821
750783
-624190
577390
803748
523774
-267235
173884
107881
541790
-306781
-964262
-185602
-469596
409138
-996324
-167257
-993033
734316
304939
-808329
857726
512998
735596
-320143
-113942
141017
204789
-713482
-337720
-291137
700935
367761
486156
346102
728619
92502
-390815
885608
-481196
349016
908139
-445657
772155
573413
-239942
276105
883673
686514
-718423
421623
-172940
332218
-693780
259858
-38341
498373
873182
552128
325343
-527685
-55039
838868
101001
992504
-452042
45233
227323
373714
745203
900328
233658
-917059
8698
-418539
-18769
-111331
681318
-130461
-512791
-624858
-542530
-371519
218846
-343088
-671931
939565
552877
250523
-756413
179040
814194
-319111
-425232
-574918
-115492
542677
-688069
103789
843666
-399531
96786
713878
273624
685691
233769
-194043
807239
158073
196103
577929
450439
274704
-125675
-901072
-552373
738982
22176
647120
536716
-274032
-492397
611195
495625
708606
382118
-675187
880219
-432332
90469
811938
-617207
18458
504803
-833500
-464357
364023
-346235
668940
-178402
-807226
-852476
31263
649825
-487690
-949347
-473055
-330155
373083
355907
959559
-622400
187798
-135384
266801
61529
455085
-643905
858355
440680
265619
86097
-375931
10023
305370
-158886
-448597
-153153
-64984
42949
692411
81789
79144
105980
-496059
-902619
986591
-310829
-124534
338076
130263
-422602
-188503
-885412
913337
138795
-477525
728048
-619933
-835844
170928
-817534
714964
-897465
-880697
-805562
163612
44572
-410231
-306230
-60207
778243
243859
-633091
524830
-678319
-64167
599674
-485951
-657374
265947
445596
-299993
603331
844218
746348
215573
-254283
-185069
67883
743525
-702321
-421421
572917
181155
-713655
-147143
-479759
592366
359810
-161858
-136180
723546
804595
127673
223593
352825
-872340
475258
997491
894390
843970
134551
-138017
-229215
847329
461238
678708
55162
390153
711021
-312388
-894248
86463
-156960
452186
-644400
-465990
591122
797907
-846611
-543121
943236
-232505
476560
634931
-901600
542689
440415
378716
-526870
-836355
-285432
-27901
328762
429128
-843586
714139
419125
-769503
998669
-987739
-785439
-913780
-928489
-850591
-284532
531726
-705949
655245
96711
-870543
275750
-435976
-757930
-714222
-686144
958445
890342
-544460
-488170
825766
-239007
224427
863361
143331
591969
-788215
678351
-669779
260113
945752
-462958
483617
946254
-855179
-323304
944413
-71076
463211
439287
-177756
47837
-208326
-706851
-8724
991849
-26975
-76408
-494126
-321356
-980915
230663
-887710
161512
77022
-625213
973875
-822504
337075
-383216
-898942
285137
-186614
-939341
-514672
-561930
-847052
389305
-686921
-303282
-306632
-563866
-888562
-799406
626847
93975
-396383
-703835
-342410
-434312
358752
782735
-674014
-386496
860265
-972999
-42436
838259
238751
-466541
-203338
-652076
838316
442441
-483141
780308
485339
-911445
-253786
-936016
-243298
974679
962368
543627
894634
421146
884473
255315
-911099
211563
-235232
-258608
-295122
-558688
-18380
-336536
-675812
320752
-932466
470245
836650
-365716
26100
-955181
899270
806845
826656
292435
93690
18655
122587
113364
-316154
-681899
955375
-45571
-366319
103829
371543
-551318
423644
229470
449787
-827514
110358
8918
481337
958634
-139610
255291
-725075
113259
911265
737245
-902052
618520
301249
929175
-505540
-462778
-164952
-246833
-786443
92152
-42044
-5892
-774782
550172
846220
353346
-245016
216304
-137818
191247
683892
-10204
109637
-85725
-476069
-114382
65580
-221151
-537568
-546897
318559
352876
630421
704635
869304
-220422
-451113
-277781
-150139
656808
457500
-358483
-133787
-715582
360592
941536
298949
563281
662416
890984
-849250
-205528
244822
-32992
63843
190443
895358
-771824
44689
-907316
108261
-976114
-693317
974094
-468398
-24708
855687
-789654
762841
-198404
-355102
257367
-727348
210009
744371
33356
-159989
-442595
-370901
731363
996015
181295
-262965
160013
555879
14188
-902018
-625156
-888781
78420
580685
648746
125615
190336
-805559
-349434
-189589
-21354
533919
652676
-994794
815203
-63876
-682137
-393620
-270703
-933414
317105
241496
-728203
372059
412762
404522
-214427
477351
418601
544824
-179406
-501392
-293400
498734
-537948
208408
-642425
-8349
93911
-957188
19129
106608
-900868
909707
505853
-606654
-679420
-901343
-248307
-50003
524970
-298789
-549483
138979
-909735
238842
690495
-428347
-7207
551025
701221
362088
-867558
-856327
910242
-288565
657040
41916
282923
850562
572325
975828
704045
-923710
375972
932073
-646379
-235154
693198
911823
-587237
351361
551435
-862960
-805155
-849273
778763
-599358
-608466
-649037
-331478
-930363
-459881
27346
-253925
-686374
-998156
514391
421211
-251441
-953329
-982169
322727
174798
248622
733849
-517429
497774
37112
-893828
95126
489866
401427
-125607
4193
-292755
774412
143445
811604
-24237
-266582
-897788
-159107
-786910
462676
714194
-452149
263490
419786
142138
-605861
979520
185578
708629
-808744
-44426
-456289
-839911
240008
-972053
522224
829412
792052
-368120
186633
421870
-613832
439504
163857
837371
437211
283753
542637
-418498
-852701
-109146
-456995
-858975
-264976
505490
4371
-733212
-68579
567064
150667
-460547
-167475
161141
-697099
-629161
283936
672569
559067
577138
-48053
302120
-403229
-619764
-309234
-625331
-117125
368887
748492
571747
-611617
-653503
-27072
842859
-864444
-293787
-124710
77376
873338
699135
-862020
817418
486987
-118971
-256396
471694
-293020
-729563
230209
478749
182195
-180994
469782
-985692
-61058
825784
672048
-604456
344242
-503201
-841034
622101
-723802
126317
-778828
-818047
-912586
511435
-704219
-883760
-476435
398862
675454
421384
-781787
-394954
-293147
-310986
-485570
866846
863321
-802648
-98475
975797
-954498
319471
828779
862998
-490873
511149
-581656
253683
-315411
-38156
-614312
-600584
300310
533339
217004
361400
-92041
68911
-55199
-928026
20454
-369921
140220
-338120
913155
49656
-419616
891562
-272687
-155757
529323
-918871
366895
293277
-338428
549220
-637017
223782
-743744
-558749
-722090
705079
706051
-880987
511602
13696
589288
-747629
-355405
370059
-47372
-856502
-764434
860514
269440
-385342
853289
25754
761356
-644048
504367
-399521
-659146
-244866
453612
255300
878409
50617
205293
-977521
135094
493945
-661591
573047
-695580
-81840
-26829
115761
786291
350148
-862217
-93773
48079
364151
-306359
-147549
-433254
-685992
-449384
259405
377605
-620401
35075
291747
-86152
-54231
-511231
-724374
27260
919919
213073
78172
585255
403243
-745617
-337249
181680
352016
281018
-60500
981420
-799526
-21262
-322531
-811958
950511
795270
898962
389705
-315046
722558
-901483
-358568
184431
319854
-348811
748001
-198567
965703
-89056
397174
-850131
752766
914752
-83232
-281381
-763412
-534497
-698210
429983
543218
-960481
-565840
-482473
-120324
-446689
-199159
-377328
-399348
-461809
324645
180788
-231907
112345
194724
-670468
-883416
932364
685534
670570
-569893
-568097
-938616
-573889
501573
-872086
145877
565380
-320571
-968028
-557782
737274
84077
-339516
786984
882604
545666
771496
197192
850199
362406
-413072
79760
-225470
-414849
-482345
423995
-909170
132069
821407
873296
-51265
-180400
-971773
-719131
-606894
-18375
873707
-451933
346137
656901
422397
47820
-79517
-296897
475836
490349
-893337
-986332
-225637
-123055
-571655
-804156
671521
606522
-333790
-321237
-822883
-960542
56221
76291
-686006
222586
-191411
421028
514574
352468
817449
14177
-436053
759202
159690
738879
-553383
19903
874190
300985
-848580
670442
-457786
-411828
-806424
63709
632315
-477178
-55633
-733911
366709
-890187
650567
142458
-316780
295017
30521
641060
89576
169902
-914134
-874780
-19651
-670097
-810926
-522713
663652
495683
-173252
671587
-338600
-330220
819396
-775439
-566801
513300
600736
182831
-86683
-700205
422853
731905
257600
-72430
304705
-186253
456202
96807
258722
145991
-854355
-195409
-648511
144499
169881
999507
-191892
472763
-149193
-632256
393657
26257
-496420
-449752
774535
981790
-319313
124817
-475883
420018
-935545
-201101
290567
767100
-71760
-801521
-64760
830086
515784
-841719
-747807
-150289
-741959
104502
538823
785857
-699547
582855
749759
-639669
573138
-44254
-894901
449332
324207
-299304
620192
964370
-366201
-872683
-83517
-411180
-918531
-499185
-912572
-692361
-573408
599922
-99646
317374
330945
-328978
-682531
382498
-601020
-802929
-518353
934928
866150
-334994
331183
-949489
-407361
-363750
95812
-323713
-574534
587456
-402741
605608
-811484
599199
-395713
-322547
-66745
114926
541218
-601661
-214765
-82206
33561
-572700
-257071
518785
-543967
762439
162631
-710287
767811
635529
-540667
549042
-525183
583640
-818371
-415170
157237
-955944
953113
658786
403687
-279221
903453
-748772
-266331
-865489
-219954
95938
-259102
608307
-320493
-915016
-126677
163598
844472
892964
893851
-1755
-999481
503194
-60996
154457
-224367
-32580
304181
-766067
-759131
-11240
14743
892759
382756
-411408
-969812
384079
-732902
496463
-873248
793530
-574421
164342
310977
-414102
-268423
913620
-939847
-727030
-906017
-808743
-446375
-642763
-250295
-960644
-926811
60202
80898
-761305
970764
-885198
-135939
-817494
-34437
760272
564400
747100
262685
349677
-711149
-225019
-407164
-168818
-838727
-721049
-848480
-579705
105451
274838
173498
-257977
364807
430390
416143
-492434
-625478
464245
927629
-495958
-502108
274771
-531353
-77807
-48286
180307
600566
904918
-530382
-898337
554178
422821
-513479
-412309
993918
-647081
719384
219265
-288915
811966
453220
-722486
-773788
424131
-190505
403562
-825990
839319
352065
673604
566610
375291
-385462
-973779
293962
838250
-860652
158986
634874
-637856
342658
-588760
-755407
652245
481954
-925117
-688306
452752
-986608
-981817
596747
-660387
499412
264798
-751713
37271
-350349
207517
-359302
-485588
-891148
688721
77080
790451
-516502
553882
166627
-175606
-105417
-166741
-498647
276601
789791
496976
678140
-555689
292896
-902699
-313708
-188357
-434311
831518
52522
477360
-785774
-267822
-510627
117246
855707
-480313
108389
-109244
6342
968496
940974
-35726
-162559
-136066
-139617
-368948
-510026
379426
972806
-390001
-398798
-44620
-808869
-410713
544932
-212036
768820
765996
263638
663682
186764
-366636
-910474
-880830
165870
-402747
712671
-702722
-274337
327075
759850
-941293
-414003
54431
344438
-683908
65374
-101548
-189994
508289
-453090
-776726
-566491
-431065
654207
671072
133920
-763689
356965
714280
573683
89587
993610
-724586
575075
-249337
984724
-934606
935556
130646
-162976
459111
-922165
-474384
969114
-180439
-341122
-377732
452492
969844
940257
245333
136022
575031
726971
-872012
-3580
476699
320766
523973
109395
987257
-928713
113836
-211958
-127009
-628997
198704
-980921
965847
-66437
-318548
-219399
645585
-125604
-399144
854429
998281
770232
741353
541876
176080
740428
-575805
-898728
-896922
671865
132929
-164594
-117004
726285
-350830
275529
-789474
353052
-704963
815723
-21401
915369
508377
-7111
458899
587548
-718350
-303475
-806297
284379
337491
517234
-81466
696648
753074
285545
-162581
-939810
468953
819035
-704889
-148380
23430
-287121
-561841
129486
553929
86082
-673383
315685
383966
490521
103205
392360
-748288
11552
382903
-604606
-632803
803593
-404883
-958750
199663
485208
503175
844145
909882
-795151
583073
231909
956577
32809
897866
610039
151254
266694
308780
-604470
20285
-632161
598579
-946995
-976085
770698
760103
377438
-941880
-539146
634753
159862
-974476
-645735
-92130
437824
920263
624909
853928
521331
906755
195923
-867208
157075
-326437
115020
-338776
-20198
-129718
284717
-676215
-162794
672608
-803348
-521108
182687
-357830
-674821
35353
-537084
-97657
972225
857372
463858
502401
171867
-505800
162698
533793
782210
123434
-556358
-334480
-500762
-814234
-984152
-86190
-197673
-182160
698715
129782
-266557
-716058
932443
506446
832588
-192973
243963
-730495
874488
202814
-612041
5112
-115672
678124
820828
292521
667389
-137770
-414832
-203533
792924
140085
159864
871882
-281358
285853
103591
-29112
933737
-586498
-831618
-514674
225262
-815150
267712
-156290
-43828
-905075
670139
-775633
551147
169432
921776
923963
773354
181756
-849067
90888
703667
-36761
866896
906303
122385
958425
-147962
-734113
-999962
-946920
-326523
416740
-9483
703705
-475873
257735
-442705
229802
922830
-741609
763061
277551
262475
219462
66880
128361
-590555
801907
-666549
758030
259929
780662
-938096
215529
80134
391187
-525302
308061
981925
385654
127585
176261
133728
-202406
873668
-597429
-25612
-573295
506276
530731
-817576
205506
-258552
-372022
-977776
499595
151444
-984949
-982857
804021
265867
-475274
-973541
223793
-862551
-812098
529654
270814
449132
137340
873663
99727
-816198
653633
-51104
-840650
789950
-70716
974523
632771
-993804
252156
378939
-354841
-822842
-473348
-939802
109247
-482406
949248
-607396
407292
497206
-779039
106250
350452
-143659
397129
953216
734578
425150
-702474
-768414
-129859
635592
-371721
-740769
746488
-691744
65621
-866000
44453
657183
-516499
-986362
844606
-357271
-633167
-778756
863688
-625903
-870112
-134341
-973900
-173620
780992
-86729
-805821
-200486
459798
-324561
-592285
-842710
44803
-852270
-151671
-406381
653580
473725
132453
-482674
-836071
-970953
851706
786596
-135842
-528329
263033
19359
57029
660753
384212
23400
1677
-332813
533889
471792
-804500
-261021
91413
779050
915581
493532
530947
-52267
25928
887137
57611
-391546
253016
764759
163682
256058
868370
2023
-644732
126166
423173
344504
-969445
-594646
199819
92282
474126
780101
-313341
873967
-901963
-917315
338593
844559
-658548
-781774
-479984
-878244
901235
-748648
100630
29748
936334
-606380
-412814
-439545
907164
636725
739587
992122
-172860
-782216
717584
-374848
-279943
299960
-10236
427191
-205929
330384
-452509
630886
488315
-293046
-939341
297442
-419435
467761
979179
222244
-155917
-483413
585644
-967568
-497024
407025
-234147
684506
-108240
-523408
44485
417827
14112
-333903
920524
512383
-706275
636290
349652
-650237
-747685
-872536
668914
832816
108365
79735
643694
583921
-228288
906541
532191
-931193
959573
99644
311254
893033
-367232
822655
-246148
862727
-508585
-998026
686699
-853814
-473821
-922484
354719
918285
-73200
-225628
-165145
434718
-212281
656204
-545206
-647318
39195
112140
-469184
31784
-918084
-749903
421836
260589
-732074
362607
803531
680839
509239
-516984
42285
-805362
-403423
-1684
-948072
435957
-485256
-404869
853802
622855
-311035
198515
-699797
-463691
-759425
-542138
-76227
-49840
-869732
912760
-781609
660406
676499
-282701
-289366
-587492
741546
-252049
307263
-362072
-483108
-36792
502598
-93251
96854
454268
-232037
685452
-819990
246486
-652984
197789
-505766
-7990
-701968
158647
-729008
-285051
781842
170168
-698689
540935
-138958
928695
-4228
933134
129780
-473293
1725
270588
791436
995253
-352163
476108
440982
526289
529861
643461
436713
-591633
986119
737846
651958
-39535
380845
810251
-48209
508495
204718
-773124
-946793
858567
155355
556878
-462448
838193
-547124
-700730
199530
-741974
887166
-853114
-217026
-748931
-703735
-338289
361694
989410
858192
-228573
315854
-482892
380051
-813088
-897911
471852
913213
-442828
-358173
-508604
460298
-751358
62463
-418224
-969834
-848601
230670
-139458
-625435
444454
485564
402855
170605
-53562
-873089
632261
477675
299642
328168
-342528
-269173
-551675
-641716
811234
-976063
-314934
-369665
216709
-359159
670702
-413454
334165
430422
383936
-324084
571893
296874
-748097
141935
543292
-8226
-640087
-754024
250688
-684316
844323
-400829
795058
812759
365804
605515
-557919
82388
720289
-37201
-236008
191813
152442
701450
468537
882702
761387
-420616
622107
387662
-479333
680394
-647552
66464
-950896
-507315
491963
82744
-472785
-573052
618530
758638
708475
-223699
-223551
602423
-79860
508998
654421
427179
-506979
1409
-461905
622862
824177
17275
594339
-441543
-361781
73741
545927
590063
-283412
153035
734576
557863
-87158
486408
543646
-34618
-516210
358990
892827
-789865
836394
-657762
-204632
752948
-610269
-609714
-66193
825928
351281
306347
170670
-877146
3242
-393010
-447426
-79129
721315
244626
-203668
-383046
763007
209221
-598905
613400
209279
125419
506844
516971
265896
699084
449428
-163567
-753367
121901
251611
425768
809880
984293
749295
918383
-127948
251966
-642788
-625817
709015
-696204
-560126
-374623
415901
681592
-920055
-916446
-571251
-647743
-150297
-272779
-771514
-712923
617787
-549118
-269236
128354
352730
-963449
-216863
713088
-894219
-552258
-372010
-359274
-280420
638814
832369
861003
899416
198902
759824
231174
962286
328352
-773996
469882
-754062
319967
115084
-35660
736374
337357
-249274
280348
337690
536719
-668039
340950
92357
179417
920614
-795090
-488017
92015
58059
-467521
-415451
881963
833312
277830
-757347
-604768
-454819
796112
396020
520705
-306958
-142787
-737194
571678
728972
287516
746096
-95618
831882
224810
387892
-129697
391456
-41783
-738050
-594887
-47045
-447577
186448
835313
385155
889129
916093
632920
772387
-847469
-542493
-935701
866373
765049
76157
791582
-722119
-361097
-436149
-604964
792597
-241746
-258124
-598914
-976672
779063
-329372
290270
457843
450041
283722
-963137
304831
-337075
-522789
-304648
-962022
-267949
-554127
286313
605074
820597
-871980
-930121
-212011
-903954
140190
-42146
-562031
884521
-695522
431849
-80013
-885237
346061
-461358
-983830
-960823
-318398
395562
-598810
-87037
-653951
-75051
-615214
252221
-901807
708837
-362391
224661
-939838
136846
-886111
-541856
-158881
-733053
-530638
-239550
15672
784444
-650206
139659
-944249
286008
-91360
-681909
-780462
-190579
752881
466276
803871
-906197
428543
902798
33056
534730
-881037
407274
187924
789194
207033
-418845
-813396
924932
-159523
474331
778509
-843356
-480594
-451055
-70922
-725600
-883028
-89856
-762427
-976579
499477
-546241
-65925
-176007
-321429
-244310
-192166
496649
-64250
-148345
-283382
-407886
816708
-402761
777368
388873
-630173
10583
822411
865075
576403
744946
-718972
246745
165167
-425174
298582
-549920
347895
582609
-454708
175738
921917
-822843
-825529
-116970
30174
-496230
195549
-536508
621086
-836574
-273201
-948897
267848
33317
28020
-106156
-586672
446371
-988842
680073
551169
-637336
24643
126823
873881
265999
-448698
-403623
-420829
745423
154280
923537
359250
82367
15446
396366
756419
452407
-730576
-397040
869475
379851
-469510
747109
17987
-447334
-83186
-900052
409289
889779
-77572
-700623
90908
-202930
751912
449027
-586501
-94570
-712617
723590
-200514
219135
997773
-332737
462113
886880
-592699
-450019
-604336
-313407
-625959
151141
486854
91276
-720870
541159
-326390
-221199
-717264
-5251
-578732
-171191
55942
738888
630216
268432
-181355
655542
292366
952532
610676
512448
-385208
-638576
-923548
-917126
-765093
209100
-612674
170814
-988881
-146993
-242446
-486034
361786
356424
-179569
318031
499702
-688391
-472490
745618
-612417
752077
699167
804927
354270
275065
-195951
-637341
98948
-83534
538260
481275
-591005
-995705
-955978
441511
-608912
549519
-31985
169894
-271809
-382212
400763
722717
432170
890360
904662
622482
-541475
235177
-979152
358150
919433
331230
-61859
-219505
441936
271202
498143
-52255
285246
168125
-329193
152400
-903257
-988219
-918331
-172345
358258
997971
-278974
-422383
151723
958874
-36510
-962496
829805
-189750
308737
-825554
908537
-804358
-251058
-84944
-5345
-877968
-459976
317518
113064
-468339
719847
-765925
-158440
-988684
-721856
447296
420388
184931
9582
414480
-662366
-782897
-86452
573980
-112944
251247
668334
-812923
-158979
955279
660447
-322033
267882
-549787
48539
498198
14615
936665
-357046
-305315
-552510
527072
-346080
-348698
808758
68499
-285234
130391
923566
241936
268730
-481015
905665
97377
500655
708904
-651692
-267108
82017
293184
-126732
82927
306743
452537
63990
-253723
461195
492924
-301420
574122
381535
357279
688002
833012
54994
762702
737813
542543
-453856
150320
-980433
-498660
456099
-802747
-305697
302372
979633
843345
-983069
-231978
523264
-61055
-195482
296068
-783254
-425762
822072
-582113
-962141
-90666
-819393
-39620
-21446
-970271
788528
719446
493633
-618355
445944
484337
-248858
114119
151933
174868
-776647
225537
504800
770885
9132
455710
856450
-301965
206898
-802135
623197
94907
-878343
-23355
-623326
-522159
93864
156823
-139130
-619983
203239
-207737
505039
-963314
-560246
226037
-865088
-163064
-402694
520813
911045
-495329
858419
997157
-475474
-750379
552424
-568648
-352673
107423
-582741
223868
536676
539137
922478
-328856
-935154
424671
210921
392149
782620
-691917
813710
105034
244109
-971151
287312
936716
867347
805663
-937698
696308
-283680
-441023
-98056
-32620
-981042
997475
531439
-230179
-499012
-333128
27139
500296
710155
-656737
-372816
-6368
-262685
93659
-501730
431373
609647
-76386
814869
-670288
128762
165913
-63651
399760
-807151
-7285
763806
833626
-570441
-641256
-977847
570098
-687705
-510820
161701
106133
-436769
-103472
-648108
-189921
290806
-26860
648547
-101694
9721
-59502
-683839
5793
785170
-646586
-101987
587797
-301843
-376271
497866
863109
278235
162139
776638
-724224
806131
894420
-647763
606571
147293
-43074
-930526
944948
-996075
-28177
-90906
50804
-963633
-839682
107899
632216
577341
193298
-609124
474973
895397
-890249
971497
-885080
552329
74289
775114
46779
-669867
899885
864732
-649376
-902395
-203696
916290
122222
784451
904507
-876587
-264171
963801
326198
-831302
365682
367270
95124
-266976
-549891
-669290
-957377
591324
635968
-706925
-524002
938254
457670
-265428
-251932
-441214
-364115
-407754
712193
149502
-805034
-198577
-620405
-530758
-809665
-295287
275661
-938077
-206171
17238
17883
-399547
-839344
-493448
142942
132152
793181
-615278
932594
953112
336558
-448184
-342449
444412
-838518
-720971
-485038
-740975
977388
67081
-977251
981749
-363374
759519
919414
623626
442226
816091
534831
344428
339891
198499
837009
302480
475358
-482886
-343286
871907
-611080
-547018
-641369
850894
-192953
-611775
-706760
436032
-922209
204789
-25797
-772552
-523196
839517
545594
183550
673085
412334
-584385
573423
377706
-779679
168334
-36650
-848529
-844538
84824
-139593
221226
551579
885649
-721695
343590
872935
-986745
-2837
784641
381698
-99590
528190
381827
457866
-118489
41580
3294
663062
-600302
933831
221960
635518
704959
979189
-609828
571155
-184778
29431
75151
-95151
-472332
-380262
-121978
-905874
-660515
461114
-412301
-708292
-540109
770030
-572164
-22783
-736164
-714453
47579
118003
615097
465212
-549228
-5696
400227
266385
474811
-599963
-399618
496393
-596385
945013
874280
-144775
-989680
460490
-600556
709497
-307784
-636993
-728594
-864594
-886103
-654748
287662
-955744
-286347
459551
411403
976033
720926
968970
393559
320712
767487
795899
964833
538345
728231
784997
-35932
571181
-495892
-876060
-968503
-960742
98215
-191118
400308
651395
537553
29569
-754889
-487473
63274
-612279
816107
700769
803026
-932423
837912
945997
-480951
387407
-13371
-749266
-700220
709536
-976127
-41542
236762
-76447
-183382
425740
-990353
-465378
102364
972880
-125469
673115
598178
278352
392469
-407366
428681
-366481
-171
233220
262977
626706
112697
-907036
404164
-321659
-499716
652669
479674
113144
535582
-148036
-310531
-115523
-614244
242976
-893704
974142
804346
665627
-605700
-353916
-197004
335038
-420370
-71845
-261187
-481651
-418274
-721329
390930
-892166
-834519
-765633
957030
955753
-851628
571468
296223
978948
-940706
865851
-63645
-826946
-961982
990345
-689244
-811247
207189
932512
-394786
355612
901170
229123
565915
43733
983568
261115
-150446
-191911
-553248
-13302
-991464
-406382
-298220
63394
-436558
-949684
-768756
-980832
-735567
-420902
630933
57493
-200060
700116
-756824
-4250
-303517
103657
996790
826050
-172132
-471277
610807
553426
231123
-54283
991026
38728
536093
309199
-822187
932626
879013
363338
-821052
-650157
428490
-642291
-671232
-752603
-955910
372355
475121
-750187
-461473
-688376
796841
414786
-401874
788199
-841727
251900
82023
-456408
430607
940719
-929446
-345022
871861
-587286
331104
-904713
-822533
584311
559462
-513283
136442
677021
-252134
309050
-468832
412803
-78467
937675
-285653
-247469
873998
965363
-743976
-682481
384587
938722
-187248
698255
-50674
-973076
-988226
862471
-9832
95721
-496932
17328
387133
846566
595989
903439
806794
4142
-633513
294125
-271943
685493
-40577
397284
-303996
161481
300879
-5924
-417296
-893698
-444163
80545
-570386
-805555
567266
453495
-336286
-352699
-98355
-206863
942880
522946
-691884
978215
-812625
654999
-848600
908565
284042
-802665
-202488
460397
577186
-382864
-654466
280947
-985834
720239
955037
939372
654083
48116
-713137
46136
-219564
597236
-557664
-457734
836801
-883855
-748390
769593
-192379
-986678
-403390
-840526
-945125
-269109
961370
-866458
-624460
-292613
-488009
-695901
-751289
540460
964163
-135687
585795
-492579
-886244
-718733
-325210
-879988
336423
-25936
-697672
859503
-875707
739103
-262665
966790
497473
-859778
281988
622646
68267
460953
354820
-522757
105369
97036
200929
674981
-935081
100824
956954
442591
726615
-621077
-639196
-175230
511538
-145050
-947204
-276685
471289
993563
-207515
412000
-878623
-261722
964305
-595101
-723374
-858210
892086
-818494
-271155
109762
152802
-851894
769845
127629
-811486
263689
-338045
904963
-342208
-653636
-18991
390973
936427
-496508
912629
-414519
-38228
-451907
-956921
-163875
-474380
327601
-627760
830573
-977599
839517
-109936
662484
-159347
7203
901920
-656230
-97712
644000
-685099
728181
-699976
-940642
545748
127343
-978937
381851
-859753
-443007
-835487
944079
754182
282470
-329364
-667621
215687
-390372
-978288
699077
712845
-343960
775866
-886931
-255016
90901
724600
-34941
-15647
754484
-744851
191965
944346
994864
-131371
198098
-518316
537006
-583986
568418
999166
-709517
229744
-469214
-115493
522183
99379
-21146
639927
840524
-434302
-929996
624619
-93373
346116
83603
-300484
-579294
-516958
20212
-811049
-579860
745080
310524
950150
837957
49437
316204
-144739
-102852
925655
858753
971852
-903750
420278
-443166
-424932
-336192
843011
815691
679000
860590
14260
-916458
-508820
88552
-170588
-716300
-347470
-807271
-727904
624330
-767681
928986
107733
366773
475831
717622
740465
661635
897498
988611
-267487
625447
-554781
791210
868160
-597041
562966
394351
688097
938336
625671
-260497
672827
-665144
221630
684322
-6092
-161718
31087
952244
655014
-46503
-936680
506587
-235122
150426
-17763
93578
-284977
-376010
-568129
815279
-471308
497993
437427
-495248
-786368
163075
743943
807188
742421
701548
-624977
189977
-254253
-304101
-389509
-261758
-338296
-57033
302610
-713156
-292284
312900
257554
-602379
47092
975454
-561867
543882
-890046
605382
-762600
-757808
67379
597886
-881341
75281
696730
471826
-811310
-357720
850612
229020
9136
930968
-257037
330705
-314757
879457
288480
-701596
92936
-208877
-139646
-745162
-130317
-717294
177888
-544127
-431021
-26823
-438317
-92977
451231
-48759
781050
57000
-183424
-627896
-976975
-847433
14045
446444
-432427
-151114
593362
648994
-323306
-522045
-515055
826499
138075
-928057
448100
-650331
35419
-379509
701103
-731933
-109971
96674
-547367
891422
-93569
730271
782202
496582
406532
-890333
-934603
365335
101443
910144
725062
-991127
-523064
753621
934067
65298
585604
-107245
-421615
779156
-952048
-547585
368831
671318
81140
5494
283774
567747
-524714
422205
-841420
-95035
-402793
-677249
-231365
306166
-952023
-75654
528683
853009
-757711
-827622
798912
-321382
192147
614375
-914840
-133857
735085
-292596
-366151
-301440
163346
-970107
486845
-30865
-136693
-544873
441657
-795070
-350135
-320553
-745988
146901
-105694
782083
-113516
-91576
381227
-920322
-707219
814050
-830088
875578
655917
206
597772
-530719
-692152
447070
375635
751803
-240881
-718564
771626
677811
-538739
481022
414978
-523424
48750
-25466
-685471
-401032
11444
469859
803739
706276
-265101
-378898
-762144
-584680
-520598
-523648
-357825
-741749
580175
981116
101207
929624
-16350
515355
-327407
-753061
-326218
-337251
-218633
328934
-801639
179901
418720
2376
813762
-838740
-786657
292580
-127375
790287
-991956
134890
-59334
-547374
-127173
934810
-387289
510211
-327080
-729183
110470
555779
411016
862908
143178
391142
809546
-971116
-885597
184013
674666
796078
777276
876407
-631813
59095
-13731
-363994
884925
-331947
-200577
-424101
-635869
-572664
320630
-144659
990781
987864
-829825
-775600
-70091
173923
881698
-178602
-115996
709661
984333
-218266
299634
543098
-717323
-130200
-484137
-346709
-435760
791858
294598
-53088
-840777
580535
228949
-190785
209312
713617
242337
-978414
-884710
902604
115210
-164537
-414128
-471775
657880
-494711
-516212
-318774
866457
942745
-210567
-852521
73189
762960
-290944
-549706
495998
272290
319013
-943488
192309
805594
605050
-575090
109206
163342
71148
201477
634029
-423533
556700
78328
7580
670694
19416
677591
-429409
115282
-721996
-956415
382146
-576978
-303769
-960563
-972383
978135
-777005
518759
142378
76283
827697
148636
864724
-467372
-400093
-338526
-47553
-166625
-812933
165000
45962
22117
443598
887620
-112813
252984
359122
-205316
779101
357940
-469267
592530
-271201
-126725
-321683
904389
-540220
-616711
-230739
-38166
-528759
-209212
334434
52977
-829667
-963920
-270282
-8409
734656
868674
-292650
840427
-683696
118428
-601662
-550632
539662
258608
-676027
453352
590611
931864
-37813
-725834
90612
26337
-915907
-443407
333749
305212
333778
890997
-111127
832394
-542260
638332
704734
930387
831835
-318774
-375922
-190223
11565
974523
-824252
483517
-800564
174529
370885
55768
644621
-853120
-241351
557915
501122
-214639
-64658
-458504
532437
282273
82947
257444
-667065
314783
971203
931223
783735
165836
700996
76694
76921
784931
879911
-828272
842907
-955516
-500871
-354354
-770637
-181069
-970800
316736
94864
-607083
585557
102594
121486
-243853
-654968
-635439
788261
896131
-749575
-821084
768830
206529
-517301
-188527
992357
965390
261322
108779
-551273
45224
642488
-16629
377822
-847188
-917948
-9021
668978
-224451
253160
707583
666028
216843
-420242
-924767
239164
918199
154927
288582
261404
-927848
403179
516732
-538512
595850
-21861
163499
482379
741395
-954608
906324
260152
-883749
-530150
-86973
-7139
-797953
-600828
-12777
-752199
986458
649997
853500
211679
102425
-219809
-784367
-332817
394865
985689
981445
937688
553329
-590211
568610
-855997
841763
-275979
-801879
922467
-273063
945611
936167
-157510
262664
521312
-825007
-670071
-245400
591072
816500
-131484
-73921
-515330
-275872
-744628
255795
-443381
241168
-23204
707709
502099
-337667
510956
298314
381188
774131
553971
-575614
-897290
470558
985751
604980
401310
-825618
-405223
-639227
131281
-139369
425418
-264456
-50744
-111471
41584
703361
223258
-16810
-645063
596107
312941
635745
780487
540609
-713063
-382796
-719074
-213722
512341
102890
468468
831245
987795
-286714
-378464
783369
129601
272307
-377982
960576
292209
-190179
97517
-35582
-786459
-15852
273504
416165
803548
883668
307108
-341436
74766
145060
-399850
663527
139104
586960
46175
-375587
718122
-691428
-306285
-278702
-349914
383404
859134
-516686
757507
720790
606806
357809
-983353
424001
270199
-538659
-162075
768520
427417
-328430
208168
987236
881499
-333088
361544
-124895
50782
694299
-670287
-623926
216252
817452
579175
-192205
989553
-456612
822797
-18021
-613663
446244
-881111
-463862
312808
-121870
-867377
448374
-132369
-850928
-539682
344401
-870151
-826463
709540
253915
525714
881835
447292
340063
708665
156107
529025
-310851
105377
-228783
169902
-98315
146383
-691160
-875803
984723
399940
622433
-519985
824286
481034
673570
80722
-26825
602912
428056
236681
-864021
-914026
708491
-963069
396200
56535
969782
-742595
373486
-369115
-414320
864193
252794
-652497
-923787
26126
-377810
800918
-797891
213537
514358
705370
-14016
-587472
13401
249
758985
-230593
-263555
558377
-892934
412621
323021
-110921
-118975
-199421
102033
-894106
-22933
-309478
-309126
-534726
432230
-280061
956098
864881
654582
283932
324425
-835922
852191
842004
-37013
-62421
-279002
-436957
-962835
179431
570399
922301
278490
-714475
-320695
-307573
-941633
-684797
-531630
610538
64945
-959626
600091
394042
-930972
-93282
-350910
648436
-625210
-40093
-727290
978269
-501576
-174554
-40594
453917
511247
-621853
-471727
-794160
623637
957985
-651090
-975079
688840
-516145
-167834
988453
-296170
305676
678526
-567314
-629451
785291
-14011
759245
856401
-291060
-470134
394242
199427
510498
401658
-623916
514046
-811389
-198570
836688
-848334
857993
882726
504992
-674973
-73586
670328
210047
-785385
23198
463489
-946884
-386835
-43236
439871
869184
301658
465307
-240593
-265066
280432
512454
725052
-711218
279007
741901
-806896
-861213
573531
-682401
120866
377136
946744
179311
-887195
-477383
203191
118901
879284
-667574
872949
-809040
-656200
-394805
341520
-952154
-46346
-737798
-166183
56377
292436
373143
850679
-118593
392947
-272444
753742
257506
241989
-489143
-481697
917745
448316
889553
-612831
732413
-810993
-260781
981531
-949457
-945596
199533
-779199
56598
-366927
-149619
-31675
-217209
943085
119580
-648925
364308
116802
739777
-818714
-948653
332998
-41250
-130183
53428
429799
32636
-123062
-83780
927844
699464
564893
-176322
432000
-51899
907024
-693486
61655
-876017
-857138
-458013
46598
913208
650307
-242739
-364177
-496622
-810873
378059
-806599
101157
785182
-874935
-717441
788877
710773
-46824
672065
267146
44738
160989
17392
285274
432345
-125555
710652
-606038
476194
407169
278805
335706
-195970
983039
371290
-493402
32593
808104
-864317
971348
654508
724743
671692
-677712
-13042
-744823
-295557
714205
-928147
-193983
315619
811415
710724
411155
-140023
27619
844921
-817127
-734423
-89107
681061
-546192
-300440
418934
-566955
-788920
-48446
-725411
-772543
-446877
127639
-312577
-295757
615787
32284
-907095
-879420
-646489
729037
41553
223185
-532149
-737677
-157616
117282
-87825
-75956
581540
-254055
818773
-448364
893124
875458
319358
-341665
-925961
613360
416638
706070
-773117
548542
-832894
564454
-603175
-890438
-274347
986144
714676
329313
-498840
-312955
-66177
-519715
-283902
-86142
-293101
109166
851541
622716
-901012
-366783
-974836
888757
37104
-780908
252141
743399
-331419
463872
-545367
-228397
-106270
689330
-354592
-809045
272266
718694
467674
-596985
-671646
933483
894886
-938020
-838278
262142
100377
-857902
-143611
639638
971780
690787
-966367
-869275
-17339
130299
807358
-184059
115715
-857405
333936
-369677
-324393
-956079
335553
-922250
-806734
-984239
-87528
990456
16253
480143
-930973
645374
123407
-845863
-102428
42780
844836
701920
-787810
936725
587688
-317101
885774
867874
46480
-626070
45091
-891920
-260809
58531
-779640
-185755
423634
-663992
-469478
-638299
160174
-169909
45469
-486597
768403
-919759
-730328
-940642
-444415
-829427
-280318
-785939
17160
143748
-72334
-777931
-787477
-380580
-921572
-901656
-254993
-959918
951795
-729125
-963007
-702055
-347208
793035
67100
-746129
-473973
-455243
-843697
-984836
845022
-805777
-174859
110519
636240
-42225
-506082
295356
390932
666684
109460
823058
-334754
-620842
400644
865721
919003
-362485
-993238
-107041
315577
-291505
668240
454052
-242535
-827844
-879
-448026
-748556
-890523
534608
354434
137082
-932734
25836
-932033
-115248
333838
-695012
427684
-367379
-600659
549207
716478
14141
618774
-4173
-900613
-688292
13787
-203193
-600673
-680468
756492
-654582
414494
71576
-435956
221921
-944616
-48871
177564
-216382
-610094
248023
500169
914584
422040
-381332
-339121
-164860
-414685
360961
160051
115611
925423
845375
-705452
774343
-31519
-139515
-224325
874289
-410716
143299
580383
868320
-828653
-444495
-824500
122344
409708
902710
736444
678388
-547201
-264599
-648557
-236265
-699323
-80386
-50386
907657
78269
993318
198582
-985335
-875278
-761374
223936
-739890
-16779
-927370
-489149
870397
-56064
397940
115352
172493
355972
567742
-350479
-648113
944082
-15895
519893
-55716
397209
37247
-17071
-286066
636874
215861
838910
900779
-459958
578617
917809
297258
-187976
-234368
-976363
171604
334181
-500377
-716443
866654
957087
-26172
36222
440072
-295340
948405
142027
-651840
434296
925281
732402
363940
-586542
-390230
24897
411701
-323415
-989863
925972
300044
304903
-433420
-762631
-50699
-847910
292418
-174888
-840401
173436
-969111
424206
-521505
-860900
-521411
-726656
929643
926692
230456
-348968
110198
983537
-862923
352838
-241066
-463250
478903
-861379
201652
-817168
-136359
-354533
-563347
554784
535575
361526
642942
-407466
178094
-314268
-678566
-620616
368703
608657
-291680
149006
-287968
168778
524802
-15776
-540434
570073
420879
249407
912447
142581
848508
263670
-483024
493671
143686
197157
-123733
-543962
-100990
850757
-852102
48142
694389
557833
-165096
-953744
-340929
116313
-900025
-89127
-449139
-703092
909844
29816
907180
-799820
482660
-426981
976868
859294
-670845
-650384
-64208
-583440
-411794
-416650
-465835
905969
-44593
681778
-131844
486671
-779976
4064
-681501
-348009
393352
421749
323398
894692
972450
-4679
-566920
677370
100292
321769
9044
-748443
564065
242371
-279608
-92618
601839
-567099
-465744
-231737
-798120
-583545
-800905
-299355
572150
-521395
636544
-205211
190325
732078
-544882
997621
861284
467038
408037
231623
297055
495415
-101666
618394
815695
-233818
52569
437811
-799111
-412421
131269
-64215
-548685
-403113
-242356
-235635
-114896
-211313
-540627
888699
-788165
166950
-247895
601043
374653
-792786
-8866
817644
-946901
-747353
-394360
-683787
554365
-340503
199609
1827
882658
586518
790435
608045
311336
290041
714887
-601528
-799312
724538
545752
49731
262027
-224616
-202539
747232
-844275
-895379
882664
577836
-447656
-398346
982157
-740986
-519848
829614
-722665
939561
-17281
195510
-402783
-105094
789213
626863
23503
-403722
564132
952326
-979379
-618905
856896
-704319
-940266
244656
-630198
718985
174796
107356
262392
-49144
-415832
104572
-570055
260872
544202
264250
-195401
225432
553973
-608285
-414221
-392828
-79192
242439
145544
-299499
296217
233234
-479279
785442
-759165
-922068
625440
-148465
-859210
-487084
-552015
-394122
149273
322656
552955
226768
-109166
447260
734829
-692640
-593862
-56856
889051
-452583
-480355
-784019
-461916
-939061
-322246
213447
-652878
-148287
-973875
416996
627486
691853
-683331
-124716
858768
378771
304410
-85869
862771
669366
-741638
190365
94004
-375534
-47132
-674660
171954
126995
530640
-627991
704315
919043
801760
-985002
288063
-739223
527533
-615314
-861773
749924
788488
325088
-372575
527871
-565304
-219680
-152749
206330
466678
-716243
-779454
-860668
-517567
525043
679786
831702
328037
-226163
501318
-362122
368757
121348
-908917
174916
219429
636592
-707341
-936364
-175648
-655698
318910
-115637
-173012
25240
941285
583633
632826
91589
-217229
-543708
-103201
189114
330916
316042
855567
-69570
756658
-347307
-833168
-610424
95238
-957399
-838329
227406
702110
147696
-864988
811785
-423266
-377394
-649603
596989
-62519
-958325
-363227
571175
-378110
175575
-586448
420930
-582987
-857347
250935
340512
955379
808930
-552823
-877682
-190232
-981387
-64052
-483437
-85837
629254
765924
543815
-401856
139096
134976
-366328
523488
805253
934470
-259605
-997831
621867
-767049
-708706
-919227
518435
-888409
613727
-604316
-93965
758132
-580949
-465149
284083
869119
-591202
-109549
95237
43288
936539
155220
687416
-699368
217634
275758
-973905
849342
874473
479646
764707
648507
81158
736634
-416024
903646
-906422
251431
571831
-160916
-457632
762853
-804442
-451634
191555
430446
631956
-150791
761596
-137281
-983992
-54246
-437205
925177
-72267
-745129
556573
895857
-888247
-673879
960776
-905695
553984
-146340
-362841
820782
-100899
264743
-41289
964359
357363
159925
-301203
-919065
-568599
957175
508337
-98496
-128329
-247847
-285978
454525
-989473
111774
250332
269228
-939996
-768205
640652
187821
-525772
538130
-673010
415964
-472980
-527498
906870
-5671
482882
-592154
-369000
637431
-137491
-578979
971686
432217
-387787
644080
980021
394517
-166533
-452781
559390
-814820
-464364
70932
436930
-171594
-384961
-841854
204872
-869635
-506707
-343545
612302
-15613
-598865
-699555
563970
-538183
-138408
-804676
746041
-704143
-834210
943760
-738355
619694
-521539
-670236
-277906
-57819
-5413
771215
449529
26532
-824312
809020
-90647
932509
-909094
710125
-357176
904154
-969621
568676
704204
-27049
161896
298453
529133
579886
704766
640694
-896791
770111
995074
-683146
-741789
-639308
729482
-611713
-177608
76705
17236
937132
-319031
845096
357915
639030
53954
767349
-700898
923297
-639072
-590914
563015
-389432
87407
164439
-516774
-764546
998426
158841
-950464
-134151
-127672
525681
-475323
525281
-902681
-541712
193906
820243
156706
-552855
-844700
-843882
-394704
310514
811932
-433250
-466061
380265
-669229
-58592
205223
928192
811467
994584
-601038
45540
347963
44414
455024
246430
-726586
-860419
791692
278594
-740280
-118356
-447729
132321
463298
-458033
-949514
551084
464295
-290310
-450950
-724868
607056
390063
199752
-955860
177791
433168
-628700
541834
167244
582016
417908
-854468
-846218
-443539
219068
658534
-90893
-333455
371801
517975
-806765
-615148
-992086
339860
-760439
44999
-35609
-567486
205032
990256
915992
-475784
839809
64715
-1284
651804
778908
364293
140384
937731
342078
902335
66104
-268240
189155
781951
934981
502819
-921732
-516003
-479733
-265929
112325
505694
-530546
-332309
332504
-601138
207961
-956959
-944853
-899847
302308
197412
-356435
259644
-809276
178895
-172285
-121032
-988149
-492498
-797782
357016
-546348
622914
-731992
749374
-572712
-973430
-563857
701479
404744
179844
44887
-108244
794344
-677659
-23279
942369
-808490
-778456
-721965
830006
921120
-481651
-355148
-927143
33658
-144439
-970462
-8989
-862818
96626
-670852
-485125
5411
874648
885354
532805
920588
-665916
879946
60513
596231
-911604
111636
922142
987146
-184278
-696533
861747
612700
750478
14926
-421307
531058
737006
-145655
910408
1492
-440696
458729
727866
436652
-362013
-524516
-235820
394948
-880469
-449220
829260
-288877
914616
946579
638398
-118180
-216352
257697
181104
-150472
689757
-248064
-455421
-125566
-591186
-381279
-453390
97752
-442494
267156
-770668
371305
-853161
-689168
72098
-665627
858023
930172
-262212
828566
113672
795112
965545
-740527
187418
363822
400613
583130
473096
-327635
-638724
734930
-974743
-245942
-57055
-815957
443151
857949
750437
885460
-610722
155405
-460133
759993
155591
658661
-621171
-565654
-816414
-583611
-312537
-96469
-577936
780182
503872
-478903
264
770721
432477
399683
109649
120150
-642467
-865363
-319476
720376
-686043
305300
-810189
-698501
742849
358417
502495
-827614
698068
593525
-284864
-688448
486837
-804084
743195
759565
402765
-117697
-455457
-928488
866634
139446
241448
903249
-297518
-607601
405915
908543
-445534
-833341
-828112
-670049
-176372
-249351
402823
782157
528337
-606583
-839727
-221158
857710
646089
340177
-819043
-791024
-907103
481206
-756736
556137
-569392
205531
396918
-993195
948949
721282
-36075
191164
837130
-878625
760652
-733378
320297
161970
-905494
566732
-634928
724665
773211
-570187
487389
213897
-411705
164510
-673726
707888
-86410
553972
-876519
578112
67844
666300
-514050
-299913
-138732
432063
-960101
-804203
402884
743170
-920132
-80248
-640024
143608
727989
-657223
-292740
324450
830999
-627564
715386
-282210
788694
-2855
104822
424282
-265586
-975615
-123783
900838
660388
756502
-979981
891976
798019
138689
730370
-826676
207489
37552
34702
-509825
737799
-50152
-71444
103012
-295841
-59583
469685
674656
-918434
144738
189918
286058
653798
730736
239998
586175
-437422
-165339
235785
-176838
-752229
900140
613748
-488646
20415
-818971
375791
193722
177919
-647954
-472836
679338
-261602
143992
-521644
388763
-958940
-275910
-345034
148111
-991146
-968541
265328
-57094
-238488
348928
-842405
-969779
362325
238466
847263
342803
919461
112951
282351
-621464
-304684
-895261
-644294
171695
-683633
-43530
466384
713941
-893215
269374
-39123
953977
212370
463486
610897
-458076
-154563
273552
-293365
309825
-714863
-443542
-878835
655069
-520184
800117
-682481
-914906
-593785
-462579
250990
426741
349963
-880796
-632303
-42736
395861
429555
214271
-477490
627431
-711136
-633340
32046
-482997
615223
-203140
-987478
641454
-514489
-811875
835857
-809557
-321136
679784
-431259
918190
645208
523164
-37959
35286
579293
-275829
-759412
983094
-277894
272981
-71320
147873
-991536
501054
-82423
-615489
574394
426880
-645636
-201002
75672
791443
710271
-955636
-992250
329332
608646
-684156
-796825
-782566
-139814
-407842
950470
-188336
-716651
331182
-624870
52663
76886
601602
-107309
907601
-689340
458831
-269828
693853
-817087
747188
101963
872432
521887
274655
-719276
40043
-194752
-782615
393207
5417
-976210
-855913
-620761
-805929
540791
982074
380575
303499
55953
176042
-137326
163399
735535
845306
717974
378995
882492
-603030
-907138
-388061
372033
231146
541104
451463
168105
538077
-3045
306930
162004
517108
577618
-71886
192875
-243928
159852
750803
-242036
-65778
39304
-690669
-53703
-172353
-474774
762938
853476
509144
-196030
-45137
139949
-840574
-97942
379141
939440
501783
-735908
447877
-393557
-232298
497473
388488
988536
-594014
-791072
-108611
-2793
145698
-317718
634692
-530985
-922919
205239
-532606
668578
294358
11215
254707
794967
-634364
148898
-804835
64950
-946649
183059
554262
-58542
267311
204981
718565
163553
309809
65291
-790194
-94299
668192
-189611
-545548
106560
-235039
-515889
813323
630958
979572
141595
-953612
174103
565303
781032
-868569
-523980
366779
58906
-792922
-56411
506313
794582
-252651
-257616
-302844
-13771
-190560
-875640
-585419
335327
895709
91112
-776024
-815127
596997
330265
-110479
681846
-469729
-589657
630645
792964
-642955
-570121
40973
517540
-163614
-17654
33993
264301
612433
839780
295129
-322241
738754
-136795
580864
-89994
686038
-142061
-458300
-354142
561211
475632
934529
171664
-437842
296548
298265
-773646
-361770
-904217
-862928
338074
-750248
283328
-674118
-452928
956787
940099
670738
384008
536678
790266
898812
795046
-605114
-61549
741438
-69669
644428
-735389
857482
605773
-247399
693626
666055
117048
27030
-2411
218345
-15827
502482
771034
-549323
-576807
-73892
-612685
339685
-980923
-653039
93554
-900818
534157
-920804
607459
295037
430637
-168183
509976
-605226
48886
230227
708508
-712298
30645
720821
-888057
-282395
890087
791752
-890103
-443523
-379785
-275027
497296
356923
-176754
657602
121391
704614
-448555
101599
-97039
710215
59037
-622114
-303587
728960
-916238
202588
-437949
-359016
912900
-58318
-917331
-279664
862741
872012
482931
260976
-508341
-772172
-391159
270307
669975
901998
381438
315558
-482952
-762581
-437376
-708965
-828256
-848679
-247256
-826201
187418
-873471
642956
391161
-626844
936427
-368672
-564340
159996
-227754
-768155
-591150
-19015
941854
813693
59748
-109034
871434
-768460
120826
-164725
-136929
-438043
730152
130563
-968102
833760
-859050
478632
-486310
566049
607566
569664
125634
332455
378204
-856022
-321678
509898
650355
-975132
361698
549049
-231394
362968
-569844
-173298
-14622
-218677
826974
483158
589616
300485
-97623
306307
-633382
-409504
-396694
-639082
-415123
-844583
-306006
-857915
70416
735634
423061
716743
866176
286419
-938798
804245
523129
-70336
-435325
650033
796074
882771
759884
199908
297410
-176675
498359
-695856
-954208
-999539
978799
376897
-721261
-711190
-583647
-974041
796229
839444
-693771
272475
-466450
-694108
3504
-523694
-123097
-938038
351555
-609026
124205
-553062
-718709
-409374
-684719
402130
-279727
-310749
-93532
-220924
799453
977036
-393750
831440
-294811
-714548
-958220
-406881
297679
576774
-88051
-822349
-633193
-676017
964082
122045
699296
153678
-69415
-914871
637124
-609694
-309657
-506836
815811
-112056
854127
544363
-598359
586128
216264
-138690
182961
568596
-544826
724783
-767746
620202
877612
-681370
291823
-783432
-302610
-872710
-185141
6231
-594710
499104
-967208
-353899
-565913
-122054
810398
369137
-819853
-910306
-440190
-603898
-171795
-349096
-679923
-131164
-240811
-336387
-456570
-931913
-857894
-866165
-246884
-24111
-881759
-483372
802210
732042
911126
969927
-745867
-717883
55286
-971912
22939
311852
775349
189181
59179
-904933
748861
-378221
-624757
-506487
-325280
-781672
-610602
-273817
379205
224419
238021
668682
369758
603091
-780006
247734
443722
671794
-469435
357646
-115220
-40361
-579159
894308
-544983
-978437
-802433
659238
632497
-697330
-496828
152320
861977
-317060
411889
-160115
-378201
-366831
-970112
-975426
-810099
162516
125590
-123522
174160
782157
669180
-200143
-89994
8881
-649432
-152993
473788
-214458
115794
698707
-209838
-237531
-452162
258161
-532774
217604
597595
345247
452494
-647686
130388
440704
774810
546222
-369200
684279
511434
707415
-302990
-427558
-614379
-647520
-492939
-715110
786077
-207869
-645678
-834269
999394
620769
-559906
-109422
828549
320175
810850
-920449
68173
-8570
-940133
-827328
389774
371644
-461888
-376075
112295
414402
-435791
-539380
-141924
256501
453392
55819
82155
-26638
-998891
415891
-595156
-703553
778505
377101
-421424
721795
-842269
105902
386579
850319
695481
-465269
164057
524283
193183
-899444
525
-30130
-66216
-378901
-630085
-794061
-207688
-347751
-861403
-234641
112224
-492857
-109055
-552877
-108722
715035
-582004
-322217
835081
140891
-604583
-179233
-507098
598717
-441744
-12876
167020
480787
44115
-672414
272954
159034
201741
85524
-608624
716025
-302233
-692645
-314056
295953
-148542
982493
613431
-515321
-492024
379630
48271
-436499
896675
-24607
716990
614053
-977281
-53431
-800617
-15071
465918
-733873
-970787
-358740
-918211
739794
-599764
168534
-894205
789787
-139051
221444
436550
-426649
-344452
-641849
-173669
807804
326162
202525
601704
733191
355026
-517839
982189
-132125
-68162
-197506
679986
243998
-387093
-513178
894751
475854
14849
468662
491838
-136126
-323753
857894
248773
-153155
-512858
-525002
757992
622470
-181937
-923223
468308
344013
636924
-921907
-213620
864522
916906
-341343
542965
-822022
-743962
-690884
-596792
-784250
-407314
692487
120744
250400
310736
142389
538109
-374639
-116459
431384
-816918
-147975
-122775
-423469
380803
563472
-724912
-661859
-896536
-648351
486869
-176961
621318
185698
454964
582339
542559
-129233
-610931
219938
990269
313775
692450
-879804
302551
282980
494821
850192
396448
96409
537902
261086
-344517
994527
631775
-610804
-775431
-603657
-905319
-680510
-290933
-85266
241750
-241227
529939
-921178
-487214
20417
235931
-29862
-54357
-931357
-280107
-744495
253634
341140
-729936
947572
-833773
94465
403713
-426378
438685
-634338
-548888
604958
-711085
821641
775881
-569218
274823
-984783
358321
227323
574578
-949821
976986
-753063
55846
-94228
158746
219593
998062
-90170
673460
318175
574573
-462443
10524
806672
915513
381534
-583894
-141080
726406
565278
-272418
-276978
801521
173425
922736
334438
-509553
372497
-757139
-754168
564655
-538916
236656
-498783
529125
27481
-686170
-486145
-453285
-652024
-665862
993945
874011
-762513
470326
-559538
-190659
135634
-740077
172971
-406949
677583
816090
-147860
-782545
-333924
-733280
-660160
-314153
408587
368841
793461
235115
208462
276639
979845
-39241
-995795
-975062
-988533
-286052
-60786
166215
672314
-685110
-875757
49196
-992646
492662
-530872
455371
575023
357945
-802989
469046
173538
518958
598453
392381
85877
21423
594486
-952589
663776
-446049
212466
-474696
-256818
610069
-404773
-668331
119846
440064
679890
-853025
-285016
824846
901777
664337
313364
983068
-3333
-157520
123910
-733517
840076
422632
-459791
613571
-589102
-555252
407601
468970
421359
416029
449718
4855
632515
293755
75994
-44450
-436244
-173349
-364553
-520430
-305502
-274676
365988
614166
-476641
-89986
-747361
-275159
388193
-241912
942176
-162907
987090
901309
383158
-497055
128417
319069
888453
-822896
519385
101833
-61331
447185
-372854
-553574
583858
-89954
76200
285562
301500
230478
-184262
-531448
-409215
-15405
-243228
-20847
-750986
-706994
546532
-738022
976448
-670833
237474
-891872
-222969
-335762
-161206
-73182
-369185
220138
-868174
408810
321067
402503
90505
698034
-15577
-655596
359497
41976
221337
-89157
244581
678073
965439
539677
701814
107251
-383615
311074
-202362
-584100
746855
-330628
921677
228
-795526
924857
-163361
-60023
884506
387734
-913930
-773383
443404
-413408
-597780
132626
683271
-402051
72285
-909129
411924
-563264
-488713
-850512
-806992
-917703
549955
-39755
-233905
102224
664862
-876972
548074
375415
-524990
-115407
301419
-281577
791651
995126
407074
296867
424681
-787310
404453
233246
-207711
-570642
-69527
-979625
297189
-170749
-356339
-133935
-276234
381729
478540
-333526
-472572
204472
893747
-577910
-284288
-983241
-999337
692066
-571187
986729
965705
15603
-811134
523765
-772456
-718695
-439342
651269
208747
105102
-777092
-323760
-260839
784041
771870
-299977
-797749
-6126
541221
-892801
-945755
104515
-149772
-480907
295126
792935
-693815
-412347
246165
-112521
-238309
-324210
-972679
-715443
916244
-837845
-558032
-76721
-951108
10436
-813520
-630245
195941
141163
-935836
-849331
46386
-195574
-798300
943878
936807
330792
209798
24371
145114
-657268
-480762
36569
-673984
862358
-288061
-263525
419467
11335
834611
-527257
894711
-898142
-746795
-514016
611533
-637382
-531702
637828
-389638
-829357
-117463
-660091
411584
-473496
-725712
715667
459082
-425022
-19384
-794003
326866
-360467
-802321
-632295
882900
-262616
-285332
-29641
209560
-918553
808031
400710
-364001
-749570
486933
-399901
-970708
924196
-443580
530075
-785919
-587330
-920717
-278380
913665
563533
-42503
163099
17045
990900
-514530
499662
566160
-82297
227042
-723064
873329
-21826
-293224
-728629
-961494
856795
-966808
-638980
-432813
274182
-340284
333053
-152100
279485
713820
-470044
337914
-506739
-532527
-430616
147347
-479630
-319822
988848
227560
-559844
518762
-664440
-75807
637950
-303324
391928
-108600
754513
-283739
-163595
931949
-639555
-684521
-794500
378740
924721
-438345
769173
-301099
969225
-471828
20728
-586422
-261258
-71718
-60906
709250
796854
-684079
810929
-306287
-541689
655416
682205
-74129
-288222
-976603
414291
643685
320892
442271
67712
112094
-184011
991670
225887
968898
-333546
-210787
-955931
726697
940109
-375047
496306
-360983
33438
91458
987699
981963
-813352
-690114
-119923
786251
845329
69546
65758
-9447
318677
-492832
823025
526249
640261
-566411
-505309
501086
7815
61927
-832935
-370731
522274
-456950
500293
859830
-176556
63855
-471097
-140442
-379891
887254
736292
647261
-247296
-817389
71692
746825
391684
-736522
715839
565210
684262
-133911
-852333
-288812
-982062
196982
-2943
4246
-544597
348445
419591
808951
-425777
791875
492045
-296358
395778
-260358
-305081
-66939
749666
-967540
628468
-352012
-243803
239302
-590975
522894
962905
557540
-832458
-494524
-679324
-743497
622683
-111697
-550819
370038
-357777
-417677
452468
687178
-737447
806337
984843
778321
876106
-554593
471772
890332
925948
-25840
780449
-58739
12767
-160750
286828
-294808
-227493
-393481
-435413
-958920
-994328
-832720
170579
-470257
866612
407420
934747
48637
-62304
-638721
-690201
-973487
86518
603991
671915
-404794
-499921
587892
-519004
-162328
-229970
243234
785666
33088
-139945
710394
136151
-851439
39963
374032
792213
671248
-294968
-755131
569127
-706928
843342
722974
183527
876998
-652410
454921
-412603
669022
-147245
424966
-889782
-530785
-223277
-514644
118645
711424
-581673
103319
688341
990420
-892585
949940
128843
587123
212358
786231
543573
-501940
889812
-948414
902022
566384
-709356
709679
559945
-624686
-847597
637299
-856158
-445105
428920
802057
983751
338296
-706527
74085
428959
859618
840247
-394286
882901
-696862
733556
-493780
850269
496430
-252909
-593052
359881
-829106
919457
-204641
208657
605562
-347094
200530
101835
185103
750807
-854220
630678
867073
-76648
-439468
761043
-69211
-848386
-784640
-148237
126424
-298511
-119086
401230
20205
-644110
-783916
-386346
-52926
293661
-84684
433884
439450
-786408
-632760
130813
-720776
-947238
-685624
-527284
-414527
434817
-810447
220866
-285474
-335643
676152
-34931
288575
-786447
412846
-840052
138708
37238
479462
21065
-366826
263574
556989
-233792
-727513
-842989
40016
-734659
-496941
951200
397374
405123
94272
-487416
884782
386825
212756
853612
79266
839793
397972
76917
-594316
580967
422162
641928
860134
656838
259070
-621039
424610
-809470
-957918
985658
723831
462006
-166806
-135894
16055
-719300
-13348
923849
-470218
-682594
-177459
-253831
683494
199169
-681361
557692
709807
-475456
771407
-201372
804659
546527
122060
-295600
-380501
868895
-515039
213592
-329666
-794166
647131
289097
-772967
-544742
867596
204250
226313
58784
-561101
49685
-305538
471844
-458778
797537
38713
549867
958035
230863
-960555
199317
833129
-386080
494223
173878
156497
-398090
500770
906027
-304379
788994
-297563
308483
733
-94200
-305657
-103133
-534519
-904364
748474
525778
-52279
815441
-564750
-615693
-255338
406976
614780
-791271
-569767
893908
58710
892461
344920
734538
-5178
94883
-264293
-328003
834657
-661491
-42934
333723
933751
943513
293262
-50006
-226278
133539
907914
-281632
-396830
-144771
-637216
340631
-344783
120024
-689947
-179052
-574466
-57474
443395
125205
496564
501756
998118
-157326
-472425
558208
-594557
92309
-438879
670155
-115386
482824
-163610
269062
-22173
269648
-211095
-319913
891443
-220928
-17711
-299088
-169026
-269694
-227644
290504
982827
-158442
-538493
956721
-200822
70996
51305
-888621
237572
-721696
26065
-246943
-640884
343662
-509439
-775742
316000
54662
-801814
-65033
659359
-736066
-876309
329590
-695835
343748
-658088
-717092
500268
771846
-276548
-227495
124754
218629
-220002
-988183
-238877
431532
-800776
125914
405751
657426
278840
-447199
600664
703176
-12081
-12016
-291714
695835
-189507
-951614
-506794
-215469
262482
156560
689373
-876404
603374
754683
814997
303819
-250639
-102544
-67807
-785335
-228863
-768005
-957735
283083
275949
429059
162992
635731
399453
577376
-7004
621757
993705
934960
522879
272698
4058
-467938
-22836
298758
252525
393952
872798
909713
734361
886930
-474207
-125762
-954175
406846
-128609
-295444
-84199
-696148
-306607
-24553
541702
-310828
-757557
853115
-843090
-218200
-293494
-291798
871760
-172528
161024
-35140
837863
-652330
309090
-677565
-6628
418483
104911
-896084
-175508
-109038
-639351
-852417
-675624
-797649
-152596
733346
353883
481114
910068
695710
-517860
820354
-45887
-754288
-763253
-944367
499314
-696493
345549
-238845
423203
240689
531791
-446957
-885944
-219134
-797932
733016
-491865
-664692
730646
390129
-573871
823690
317829
499286
821617
892868
-908062
726981
16529
-664138
137012
966342
352645
-329017
-886098
428871
-813258
-772494
940724
-657667
406077
-466386
956796
-614514
-933115
807102
464769
815728
-34644
97626
517154
-957691
-595774
-436656
729331
675422
-890791
-374128
218405
-61055
-502385
860264
351256
598069
-205349
352172
779079
-597092
216429
-662946
-421712
-490428
421649
-206753
-96358
-883302
-875658
-752039
-204029
-467280
-404043
470601
-617387
893466
-894628
-376104
756041
-948623
-711376
-11987
969728
235486
-140798
123761
-122704
106813
35989
815678
-19277
-673135
601966
-363966
608270
-624211
-30030
850930
-588117
78471
936909
-330150
880823
-878345
248353
154200
-14445
-932466
-192911
795195
-774900
667170
-496542
830889
-719969
45699
655082
578963
-617025
351907
-676062
-675344
-66520
72752
-511302
115126
187864
191060
-958953
-441327
-577343
-982205
517445
-682439
-319261
168601
-407090
712308
340008
-490847
-745723
-129219
958326
-270149
-968780
328412
-959051
120800
-365018
409743
-453107
-157966
536017
-197880
-905785
-577759
115806
497846
638816
-61670
-428869
-58784
740069
147022
583709
960926
-695984
-74083
-304242
-203856
24990
-379508
-853666
-62544
-69632
-598366
-384624
568149
-207553
-526012
279124
710096
-648315
-84005
212679
64049
617480
-481097
886262
320098
348179
-977346
-889481
-574248
-323470
199938
983850
248888
-836639
-249869
-302559
-526563
-715086
-901303
684117
-845467
447987
514529
-763320
-535752
776681
761217
-588832
-453036
-829187
-150181
-860112
161289
-341062
-628459
-869050
900185
-420012
-624283
371526
622796
736776
-535856
-147166
703127
915796
-567253
-526673
303367
470339
741943
-155620
537923
104137
-876410
-524575
176963
-813425
965930
93748
-911607
477097
-846475
650874
305176
-548483
858472
680752
-1935
185101
533526
-64774
-523471
229152
-105066
-140678
5079
883656
649926
919385
-571044
375255
79801
957292
-38239
-557590
-376148
-336204
150063
30751
710044
-666420
-958951
-629337
186275
797890
653793
-235346
763469
140974
-155684
392996
754126
-680321
-925306
-16362
-164794
-501952
634021
831290
773445
270111
432012
-655759
27623
-135634
-275251
-434594
998566
-204033
-213454
-19105
-471239
-427237
-876507
-972458
-554777
977007
-311593
382716
-95416
-185966
-397860
827239
513429
-574011
-155902
361028
732267
865678
-591009
49404
-712035
-873085
-496170
-992815
-234605
728865
707091
400815
559365
711457
621131
360655
-698539
887770
488390
-274093
444581
-710712
861821
353721
974093
143850
-74170
-919437
619300
-926117
-608056
-984759
617252
743110
-117637
-888585
-646877
-906912
945186
92041
-451573
136830
449673
749724
650542
-905792
-856290
-94041
550646
408894
-342713
677898
-249376
-58423
-190552
-173800
-275213
744668
317474
-974234
923561
-654037
994635
-739241
770887
288764
769295
-193895
496005
-974377
-68991
194207
857451
275943
845779
386336
-925763
-758608
-151146
902713
-80629
-850316
-298404
96223
158168
-824796
303310
202053
-266410
281902
857456
-598676
-725722
774236
-685186
656406
705329
477314
153226
-527683
-126747
-756158
390206
-275646
250591
784120
553422
312307
727843
744555
-916073
300962
200160
657924
-250301
-394315
44233
-503154
935236
-75088
657854
-200242
-273615
525898
-570674
-11611
67507
500478
325312
-669488
522246
386872
343516
179183
170002
72756
551118
300583
-584768
-653816
-864349
457614
-771535
126386
-495030
476598
-334625
-87936
151161
690481
-585565
41784
-504513
626480
197411
-766776
-881602
772743
910207
925167
-535175
47717
641500
251950
-588203
163974
-220492
-328387
518451
-232655
-139046
-200951
-871651
936950
131075
794800
949149
980279
-603862
-472713
-794506
71364
-596451
-717457
-178293
-427365
392001
271616
773250
-667186
-79384
-165186
-274939
192778
578688
880867
-991476
930989
-6716
802056
-539945
-415387
-590268
-603076
499442
-366819
-14218
321528
-867794
997456
-973741
108231
856805
-439780
-767241
279458
-18643
598255
938196
-116300
931686
-818073
-322861
213543
569113
-881857
145233
-669828
-251796
7844
832069
78465
298197
-289227
245927
-185296
-838795
534339
682818
-298331
-659542
-611687
-333396
699180
-925704
672432
-667135
509122
-104626
471091
-846002
590958
457754
211072
-973740
686104
867936
967160
329653
-539848
-209370
-777625
-895630
728155
939086
521041
-364930
-117453
-638509
-81502
-441207
-691325
256926
504890
838316
-177751
500024
942281
-34569
-338062
621159
615148
-232791
900299
965684
-946285
999767
202902
-554240
707994
-41089
-542543
73725
472597
956102
803274
869974
111906
496596
434729
-892156
255950
85760
-856573
-253070
-18634
-790833
-791397
-810273
-958564
-739231
-14467
-823937
-240959
-899692
814843
-56548
381919
928452
612569
-490199
-261938
494613
553367
-523570
-943387
432233
-959175
-128669
-197628
-638669
-760300
314606
-336372
739859
268553
953176
-218016
-453793
-195387
-192018
59921
759001
707215
-463707
-831178
414576
709497
166473
72797
-357174
794333
-855825
559878
345233
-7180
236964
-373043
522127
378161
206916
-84833
702448
636760
112803
-371969
454643
178284
156395
126612
397678
154473
886906
741533
416520
991547
-651363
-931892
-707250
345454
191428
-761860
-815930
280923
477431
-48632
519081
855584
630551
5073
978543
-226378
-780742
-39668
-39703
-604780
677259
-677615
-877501
-153494
-446360
-585527
-104577
-154332
37580
197493
214364
-540235
989207
449747
-753572
662979
-575179
-170971
221144
-940548
-799492
-341230
-503329
-930302
-343368
163792
127421
508125
894373
494547
-409040
-591631
-714191
58675
-748561
867326
-70280
660336
305528
722644
477049
648569
-999391
-916771
-200484
375593
-699973
591648
743133
-164100
472683
-582819
749029
-594828
-997242
438012
764656
-225000
-543800
522267
-194838
507799
722242
-846633
-819028
-167124
-32783
101849
403121
860413
490858
-844895
-604029
377556
870531
266007
-798170
-813232
431937
837177
357572
-147464
-29705
-134944
-146917
369214
-208796
-99120
-192057
730430
675382
603700
451136
-234305
-390561
-901041
438280
421005
651580
546521
-582209
-992565
-319634
-596767
-80046
565959
288398
441224
-717578
-401888
416930
555681
-100371
-100897
-513276
-628637
773349
731815
-132092
-750484
-749951
235955
-776100
438673
-188634
-921663
633467
-39970
935058
-382327
-219706
-850778
-392354
851164
-837856
-403053
-995963
-619276
-771390
94587
-921779
-955457
972474
305034
-106384
-519056
-497272
323092
-683632
-618917
-328727
-384097
694345
116519
-67812
-56745
-617478
272076
-723053
-836324
-761807
-976772
-583364
207845
264183
293359
636894
-621155
449249
881361
264742
723736
-457128
-223199
302558
296028
-442795
-618936
-101737
-778034
251024
895385
139169
42365
632831
857857
-582173
-988352
-475228
235653
-400565
601173
-435460
945673
360288
935635
147787
873203
971738
460545
-304501
-96578
-267775
-596738
-496058
133145
83454
527289
347624
-707424
-68043
420785
528855
69360
-452309
209920
-875400
77405
-320086
319370
-330313
913493
-580842
-488413
86757
-875103
370816
800438
260968
-322541
-502830
-695332
70618
-497720
-90043
-836888
-832430
372862
-885100
461059
-16899
-833777
37844
-381533
610974
-207651
-417290
-289904
-187334
363914
569129
-858662
-287940
108899
-75223
112546
729630
-173929
-873849
843283
-434924
-545503
-756406
-795320
-127144
179378
-166642
-331368
-57725
-400966
-325358
419698
844934
556383
222786
572266
-944403
-824533
317234
-95712
-987015
-261142
36929
546961
-532289
592076
-201648
-713309
196798
-611027
577199
873582
27137
218888
-343271
-619776
405087
127293
994980
-79352
748806
-168892
484091
12296
740116
-781650
-58822
-193392
336508
897511
-309387
973752
410573
-831931
109715
51988
549788
-791363
527779
-939037
-338853
97857
-305995
199047
988207
-567305
-233525
-943812
73991
761970
732673
199309
-829994
-901329
124562
792947
149971
-251502
262588
-565459
218891
-973752
813154
-354253
-162000
-458091
353703
359139
622663
628358
-112475
-991708
-961552
-644081
-879357
964308
828672
-954224
556803
-470984
515872
927101
384964
-954829
211753
414375
-754543
504175
-963882
403733
867546
262625
921490
-920215
514567
-802685
-488036
-235836
-822300
-281812
-856495
813144
-102339
-799542
525980
823823
-447284
481607
-129067
213672
541489
574195
373868
559478
254259
951723
-699725
-433398
748602
-695676
-837274
-232180
-144251
-995153
-46326
-492117
695570
317761
727537
-2703
312361
-514120
-50616
598539
538710
-148229
-373503
416924
-623309
592014
-615520
6030
330291
477557
-285503
939501
904233
-310451
-16530
-253195
-73874
-113247
-835056
-590595
-117170
-166654
-721010
-965073
-440754
-352225
-665720
-915493
935458
208229
-761203
878326
-950294
997954
-107694
-685359
301504
6497
-852015
-590437
-403829
367809
-353980
571535
-732106
-349336
-60753
-564941
-975628
-44119
492109
-465020
-638814
60784
243821
952221
184369
-173919
-503203
641229
-981922
294151
-846948
200485
568636
876358
-990937
518570
-353536
-556681
-788482
-419792
786464
968207
-990375
-901943
-327212
-971714
60511
132082
-212304
-724595
384980
-395651
-144353
-609484
684007
-521987
993919
756020
-244802
93165
-939230
67368
-485814
457788
-519440
-883383
-492555
-119945
16158
-354715
600244
-882326
-459216
-712268
402197
-803214
-392071
446706
5841
-516235
-338539
187004
66153
488954
-556076
172707
-949397
-408988
-687544
562672
-572961
254247
-311405
13370
739418
-158855
-427850
-716138
669176
-316458
-387977
890797
-850939
555911
-103316
-587975
-600951
-258634
965717
-110634
51377
-328709
-893444
653341
599833
-896519
-612931
-412313
-317403
-119773
-795502
590491
-911789
-447224
129816
-558243
267250
537761
277872
-348807
715727
516600
708148
-608415
-859526
782223
-708077
-768611
-824331
183020
395660
-997918
367998
371338
-214563
203667
-723895
-742377
494072
400671
-736639
-868954
90773
743235
-412004
811749
489877
-357442
-258201
-710161
888949
-822801
-36961
432907
-750795
354007
-407714
229993
-27228
43640
469726
-11113
-636289
31934
-341344
-393220
630946
-562192
-925080
-544151
-592744
399234
-715990
-763165
471078
430508
264671
722799
470234
-152523
-888404
-292430
489053
644090
-836218
191653
-945933
249532
508653
26302
994314
733474
72841
406662
-481885
-821331
-815807
-116109
-863648
255383
492910
775894
788794
234362
582409
503985
-242239
-20878
-547916
282038
-658412
-166598
-207300
623278
9261
794695
965272
753086
814354
382145
-889499
-304562
859545
-209099
-681511
-330157
347496
-19540
-560339
954373
322861
220999
-489687
672627
-741766
-191026
9759
621358
-613742
4035
-596122
-207757
-939381
724869
-744408
-963169
616339
-385013
-119205
43967
108064
-291337
-79862
-926129
520961
-594082
880943
-170932
4587
71473
113979
287586
-530224
-393620
607225
-348656
665542
521447
-2026
-277417
929365
-66342
-553288
-799562
164904
256051
-230759
-576050
-326603
-245254
-196299
-481244
448147
548593
174232
-283527
-725497
292407
443757
-637709
-681115
268483
656289
-995297
-862926
710189
820061
-711311
55225
719261
-503646
893977
-794004
324468
-445579
-22792
-501366
-571926
-740127
584799
-428794
-726916
-463314
-292736
32769
844847
226311
-317703
-3466
579831
-109923
-916203
395450
283715
-820683
333517
435712
708340
436801
-88828
432360
-798807
624119
-82131
437679
-50416
-498379
-523770
-618840
-540659
-521008
-935793
936509
-327487
149329
-394530
-660201
72557
-301982
407309
-2274
-168697
-106895
-748270
154931
280982
-333597
608646
676759
-797598
-500826
728923
153725
-177984
-216918
-360066
-4333
13476
-585862
-281758
109117
42790
958562
-444503
-993849
639562
624352
-831329
-874711
-118347
-183060
-710332
302959
315994
-706505
688910
576310
-449595
309896
374615
442631
775343
871949
453632
-998658
498824
223345
92181
-856301
-457614
-924907
-149647
497942
-732780
-280754
-492448
513629
811016
170774
665506
451143
3569
-959539
839302
877854
638690
-707566
577061
843304
649634
-333603
-849281
-916730
-748688
7166
-453402
674863
-263556
-880387
-605660
209464
-103136
-562623
-525129
-157827
-313049
-860548
837610
468200
838225
-882481
-128735
-896883
333967
335152
-595001
285975
931511
727148
-396164
467601
-588811
53533
-399197
-5017
-485028
167434
-696316
-972181
-555717
-621816
-990839
178987
28220
207159
409433
-999177
703021
990410
880476
-787346
-118155
267355
-293449
795498
-872123
939791
591989
143960
619706
597026
-500095
429473
-663649
928492
-17778
-260527
457600
548479
712133
-675246
56174
-824341
-302443
116607
-216252
-111580
487844
392384
92697
974008
16365
-911005
-968109
-359528
-482856
906265
-382493
123732
-514698
-989643
-766387
83074
25709
-461878
-784921
283991
-65586
333244
164075
-987219
538425
-697818
740021
-404322
-190431
-719468
-742404
-247106
232285
146211
-930837
-323416
269575
-264213
-900849
-328161
337973
930038
-350443
-329213
22760
-148618
570993
927783
811724
473062
204746
181758
844748
-838355
32953
743928
507696
200196
997206
964206
-177947
-865772
-424603
823874
400801
-710371
355277
29712
-200127
754104
-899843
-30173
442458
-871502
760609
82314
409689
963645
630332
461200
-155278
-958176
912052
-768319
12801
-55249
-3029
506387
-216497
-867985
-558652
164050
-256021
-786340
-937016
-995977
-498867
-753624
695642
-690976
-556927
-193266
-938283
592338
983431
-386863
215324
660934
-501380
828767
-707765
-645454
-585846
805762
300222
-997294
-753763
-366571
901804
-138321
496075
426266
977445
-763278
-355767
-301996
612091
-900149
-552455
245694
-821214
19548
984871
-503510
195607
271
-246395
-442861
662753
-19361
894751
-496644
956687
-241726
-440818
-829255
-390392
-872955
-756594
-801747
-865792
-172279
575980
838002
-990216
-374974
-585562
968067
-508189
626464
839906
-289093
-871445
-560404
-273938
-273678
-730822
296974
-447047
962735
969166
-608445
672934
125565
-563098
198073
-967537
510636
479223
78936
-885960
-237654
-310411
-842171
942655
-301004
-186176
-940718
460320
-177169
391607
-771639
-891703
-252014
-148588
550015
-374216
980107
-807050
306128
-685886
716919
-802610
-877604
425085
76683
-90843
688750
-694271
988465
-954899
-159869
-469178
608550
-465927
114485
-102956
960774
247742
-779127
679210
452127
2433
82720
-81614
-835171
-560446
-709760
362315
-142334
-828490
470691
-103709
-329085
217020
-169013
-735844
-687233
145917
-901402
692573
843778
-68657
-674242
555224
-881068
-645092
563475
391536
461333
993126
773815
569843
-426486
311683
-764396
977159
-260769
281926
-491358
-301312
357165
-628927
-816040
803871
-797433
914119
-495215
473563
-499354
932035
183503
596251
14972
-100938
920411
-207877
-143872
-587608
156492
969656
-987096
-231374
-420
-861576
428274
372707
-733526
-506424
-134338
-492069
873999
183748
904188
686346
80008
491713
498561
-615924
503813
-172987
849822
-238663
-390062
-822697
575251
719734
-634846
224908
948760
-607882
-764818
509069
929053
402257
-554941
-467495
995021
606697
-508736
-825326
-886186
-928499
379401
-373341
-283432
-460573
585663
64884
433312
-548928
711032
-7621
-611650
-175979
-35332
340619
238973
172702
280778
-625656
-465827
-409924
-305712
-127090
-464736
-57502
908267
-614278
-800617
-506326
641370
114439
-295308
95505
628382
123176
695453
-429239
103915
-85612
-633090
961964
-861598
866260
-793550
869930
426677
196422
366922
-363775
242047
-868740
942809
-49080
-738472
345390
-58198
-300582
-119045
-549105
-804732
-40198
414301
56787
104247
-563153
481045
-128962
-12849
-226859
127765
-394718
-277343
925666
-262681
-231003
235621
772611
73526
142883
186579
606837
-566383
506271
-571419
586566
-692584
747707
539168
-354875
699857
739035
360478
-873352
15018
896182
-385595
-314060
242942
-545268
-409598
-467387
-974065
526566
490077
796797
480701
-449226
-373521
718193
-876708
-975510
101475
591216
193094
902675
740565
712027
994092
496303
957148
-249527
679244
610288
463341
264489
14953
-447313
632959
-665086
928238
-823533
845530
932412
181069
-789593
569742
65510
176139
-159558
-58426
868400
652678
-829091
-139638
-488988
115709
693518
-803560
521737
179106
345012
628559
714386
-261480
164808
664574
-560348
380191
-755609
-195343
970428
-41562
87159
566799
122575
240317
-507960
-972780
470310
869831
-822706
125333
-283266
-994040
-719508
19034
-482299
365615
-412763
-930653
-598798
617015
-254568
-943965
750507
-136843
-828541
207718
378656
-791310
-197283
175179
-612812
82245
-754467
-320593
-136258
252932
486139
-362124
-416846
-57796
-980145
-427489
258001
-183131
-798836
-608892
359558
-781779
-161528
617687
-610489
-692902
-369065
44674
452129
-822723
998574
986964
-84124
-666774
277139
182973
636070
-920797
-755826
743370
629358
916048
-965286
487993
209576
-178323
-285257
-618113
-702537
-650334
976038
379300
210758
-639750
957049
-248378
723775
930996
180412
512190
231764
-404699
-940696
-594723
41791
115555
340582
356889
-63804
561075
899436
59144
203991
308326
-899240
388706
272459
433728
721605
93110
-535462
-585363
-41404
-898212
776894
715956
-219756
-678753
403510
-404640
482285
-95294
-84951
659992
161889
-613491
-328845
-418648
-789320
-153489
-466329
-426011
712701
391603
531965
-289441
523422
-282052
-532646
-729413
57927
-199877
-242000
66147
-777180
686386
-306546
-924716
566796
211299
-840581
-485480
-248683
-186234
719145
-6916
-266382
635596
119619
-896072
825866
792072
851545
-987490
121867
-747192
946961
860600
-301250
763082
266108
-947555
-211739
66785
691179
-497776
171011
-146175
-4776
-181310
-562043
684214
-110259
-928992
-730006
-693224
148912
-710917
-262212
-412877
648378
869821
873027
-587626
-619785
248696
445812
-566263
227927
150532
-32511
913392
900000
721854
-866024
618022
-552666
245482
-744400
919762
679402
-369934
443633
135464
-428362
520469
-999063
841497
940862
-73086
-248579
-875237
-205927
-649748
-122761
886042
-814858
871555
350163
423091
-185584
593731
686282
-831377
135784
-350277
582928
-235556
217161
255476
684750
-856637
331735
541793
-80438
-852205
-883102
-595874
841714
-343413
-455505
-679536
692094
736715
-616126
86940
-52804
278590
-714703
312573
-140693
-829260
-10350
-885632
-363343
178515
-460901
265598
770747
-917621
501043
-154008
899831
-895153
339267
-914510
-539092
-890478
864690
37646
-240396
558783
789225
-749846
-582107
554463
-530589
-498378
255900
-919448
-488801
80790
415088
858311
-25661
969365
153241
300577
533254
824556
-589127
-498551
549399
-311533
-970997
-632269
-596158
543648
-42724
952964
-737883
-598304
-717844
-724342
-892178
244885
790754
871553
-343453
-118494
552545
348491
151283
934494
23664
475285
722451
783483
-949862
942168
260987
-44857
-185799
923146
921153
438667
-201211
-499643
-354741
182034
589634
-268181
85031
-259219
811641
-116666
-785215
596670
-924952
-59688
406723
-427320
427754
711925
215229
-524806
498500
-979818
-696235
-559967
-241572
579467
446430
183670
865323
-854805
220421
758704
805445
380800
885539
790659
-627249
603275
-928154
-920699
-991369
614504
-512206
-104377
-344249
-979293
707419
-187049
-547042
-797363
-17887
-754283
721603
542996
894749
-322444
809420
-677602
-142661
-479190
-999082
-97330
460773
-24983
-539638
-584456
-971520
-285827
171800
628501
435346
-387320
-861341
-183840
610541
-440315
307604
-647878
491280
848165
-825431
705653
898497
-945903
-773834
-106695
378699
420862
-807149
-214278
-154715
964602
774359
773979
-455738
-523104
545623
953851
79891
441217
981107
759890
-147218
378492
-43003
-751285
897810
-890901
-173640
317063
-868989
770617
850370
-596329
681859
320448
127434
11197
-932560
-373059
-69739
-83085
219517
56039
834830
-900728
681797
-156422
-262189
623207
-946849
-550930
152735
-385941
319390
-916309
394369
-589320
960617
15712
-811762
900480
477021
77367
941007
-676851
-941289
-494492
517144
561997
98267
-496003
788993
954196
552332
883468
639774
155334
790400
879468
29292
-391761
947175
705213
-968794
250282
-157383
970975
-9152
420519
-474393
805225
269924
-348238
310957
-684658
-994025
186260
926089
141545
33727
-231468
757557
546660
-230332
-612885
-92843
-460262
-571743
796767
525880
979625
633367
-699679
720580
817067
523104
-297208
558453
298979
-819871
-194966
451528
159880
501004
560311
-295498
801206
208490
-674567
-228266
293911
-348952
-761770
-684273
538291
357792
-199830
191059
688539
-15952
-934918
628352
21943
339797
-783591
-998054
-406902
326546
-281254
-523907
-65738
-768762
403297
-507138
984993
309293
-997068
-412167
265065
632041
258384
369656
164896
-255861
-267404
-639280
484974
-980569
-901130
-562204
807792
-719637
121367
-209005
285369
444446
223591
-420897
736953
943213
349747
566538
-973874
-869209
-396543
-215593
682214
564276
-218745
713074
-268566
-121277
251275
-884395
-213734
224128
-644574
117482
-879359
-858163
385873
378940
941395
-263619
599545
108713
690371
-270284
852957
87502
-388609
-577229
239447
952688
175677
-374817
469453
744583
-745415
-904800
-810587
617496
192307
-342338
787275
-630464
-907115
-914163
501450
-722784
-251124
779307
272897
-100410
-248530
256933
-390702
-274563
956451
-275889
-230926
561404
946631
526686
911531
-441388
-944949
-135188
-837916
841083
-691284
95550
1588
426620
-720499
967783
-574695
655319
287494
-648324
-871332
489248
-260585
344071
474112
709461
-789428
-448597
-458169
-171185
732968
257327
-786560
220513
479709
51644
39655
-515855
961527
53060
51690
517658
-119007
957737
-304059
-975170
985362
-375803
-270873
-211962
-990590
291060
532409
69105
-72714
895803
515269
-478518
503536
-280186
766169
-133580
569470
-42501
-314882
-496070
-308399
-479638
181362
-682472
-175259
711004
-461041
23881
-151620
102862
-128771
-33836
944788
624349
803499
564232
247909
-868415
716587
-269816
-778855
-317619
860753
14561
2074
-192532
-971643
827413
294853
-709174
-577563
921836
-754924
426576
311211
948706
-426590
-880855
-698897
966731
-957068
825776
33977
-341945
-191591
-838243
-62106
801013
937366
547788
-191832
863194
29112
-143496
-246750
605876
479704
-129111
111648
-262245
885912
-612447
65045
987197
-243355
-217511
-129598
-159856
-805378
103328
779035
564343
53750
230143
789473
-914025
-566786
-142791
982810
569748
-308293
163780
879199
522479
622005
969778
976082
-247626
-705115
854498
-531458
-792677
-239932
838842
-712674
844659
-651172
504804
-661850
-249509
-916306
601877
871182
-97489
-862538
856383
-248123
-754543
-488057
-110023
-374120
20362
690021
349498
192946
938513
-949529
-905500
-339845
13754
506884
-151936
-705595
-458402
-408596
-924634
-251639
-76865
630905
770956
710266
-768133
-861549
214401
784363
-477123
97611
-193641
95340
756298
-396779
-237942
-519150
-385497
-205600
786784
950444
215943
827353
-958271
-13938
-876694
-593183
463498
-115340
-446461
-352057
-991074
-426267
989354
-386886
-34110
-656012
-16803
164981
741912
-561391
412495
-144265
-942843
504464
-476412
753824
-370257
222895
-581393
634183
-784902
-170008
326563
84428
-614787
960205
121739
-923027
-782380
427455
860395
813568
-841778
345499
419522
-988924
741205
-816453
-190672
-126797
-57299
-540263
-540565
755441
-126817
-810666
586372
472401
-842769
593558
-798173
983054
969231
346373
-299402
-12135
154748
164016
601724
104831
-793952
20340
-390119
48681
-385508
-236765
714777
834295
25331
-389675
-664607
698724
-527134
768019
730992
797716
-795567
363827
-97165
963375
-757720
702877
-793921
-556117
-299962
464874
847714
-888748
424245
955517
434252
702686
177485
-481870
193246
18942
559353
-614713
877337
-877248
-997030
-538108
-841690
224521
863776
627670
716485
793430
95692
-23646
-372473
-752250
393423
967623
-597820
-753846
152992
-92421
632953
-751769
-695975
626697
-48425
-545176
-207574
-586007
-289336
-109064
-118655
-4972
893129
-428127
43177
405478
-460865
-727632
186244
-665245
-125437
-527995
402284
905924
87034
552268
2191
-236565
-236479
547268
-216093
397687
-491920
332631
-86975
100624
-666651
767249
576729
177689
-230294
837111
448086
-310859
-766502
199375
389417
960668
615216
-660096
-281087
-302447
662085
219443
-190722
-606263
728817
983070
-670323
51187
907735
-256436
-495854
348195
-852622
743601
352734
-549263
-851938
-901159
316585
-642797
-625354
608976
7849
257194
623690
-371425
766581
743650
-364963
-599133
-988554
-892702
218472
-593091
475253
-306314
-945657
-663197
-807148
-542023
-908618
354940
509927
16798
-526029
-997360
265972
241834
-998124
-534498
859952
120463
112923
702226
64269
-271337
191273
-572671
540109
265873
186195
883079
212153
476671
932454
-266147
4133
258817
166396
705338
-378705
801011
785317
613227
-98481
738093
-744258
-409088
-334354
614857
-713374
673557
258498
809019
-427174
-54826
383041
82754
-219203
-662562
230425
512239
11931
-855276
-358150
127513
-768773
723949
-765047
-734816
223658
-377380
237910
-453730
-697794
-457278
374680
800165
519179
-280594
-572774
-17280
-419282
-342585
-575367
888077
-688055
975701
10375
660216
-727412
-522560
-797882
-527352
-78844
-41109
758529
-600338
17988
244019
-171432
-531047
670994
147958
-951673
700034
469947
65989
-408019
-929051
164884
814711
-815498
276295
-790045
201433
-919659
-207208
-59045
-397736
358942
-374693
-471149
595556
-776964
-417705
645579
812220
393540
-809032
-863109
17229
861395
-712026
-340379
560253
703266
226758
556588
689656
-441317
-862552
78686
128053
540095
-862731
534350
-255315
-284401
858299
-958725
565597
587515
-11454
169930
168134
436306
281285
787455
-163860
-627426
-503663
-809928
-394737
-443680
891312
75686
-135067
473810
-101668
-958350
641047
-355459
-404657
-563603
498198
954154
890115
237065
246389
-290313
-325195
266292
449657
-77071
-938354
-934517
-31570
-701463
-859932
-779360
528805
465586
773029
492194
-6856
868212
-416672
-529796
-461485
260858
-987165
-982178
-398559
695497
564438
-75680
-416357
435152
313461
-302457
-775573
102531
798675
542768
124853
186591
-340774
-428739
648693
360742
46205
-473319
344202
511813
-114593
-202961
-552760
437988
-153426
-191275
299729
496942
324909
121820
-47616
198826
-905994
-399142
-569344
-353396
-993310
503809
761019
-599811
121093
-933977
-692513
753586
64584
-650934
90702
624545
-788657
-816164
-358162
392129
695924
-721893
851443
-767815
-896061
40078
-942094
364342
193094
918750
545420
745120
326627
862096
-930229
120287
871200
-250306
-486037
184797
-507133
382920
428674
992132
87178
-556811
207897
904146
222078
-619389
-253208
-306551
-875729
-126629
-707677
-643083
349259
-434408
-465638
822168
870584
500036
-225494
336843
-415613
-964510
455154
722123
239206
709334
-834535
56510
373436
687449
-84922
450748
301067
418699
195629
-142766
-872150
393851
-238048
478632
587487
-750691
866697
-793766
54613
-591912
872542
-150746
-80819
336094
897537
366165
303859
-738879
909359
-493315
219986
638086
-824939
-942070
-660692
-934610
319956
733581
385246
-83068
-334279
-408621
-555065
950889
597404
131689
-413415
-271441
-291028
-970994
-517001
-213748
-162172
-749975
420790
-807152
-90786
-344197
811730
745188
-977681
343365
-468313
-810377
-839756
200465
-380010
-702918
352461
-605437
-57815
986075
-479720
529308
-442321
-48104
-125038
-708658
-570925
482756
304980
827328
-851599
857080
-786787
-536583
-648221
452119
959737
-602433
-141174
123404
-993184
-762332
-74174
-501257
-195928
577269
643831
553718
593440
135035
-586319
-647557
685149
-894720
743744
-837729
58617
779626
436285
912555
554966
207787
105075
-126022
-804521
-83743
-409451
499021
811290
-392041
378994
220271
282246
180519
-343111
-351549
678513
1409
-335297
253742
699151
-469695
12346
166788
540819
-101958
806729
842454
-934159
-685273
313634
116758
948911
-180169
306661
257206
-320460
545053
-569735
329404
-337530
-855583
-470626
-818880
-679596
276648
513678
-778600
-41634
263585
-535881
623366
723779
796870
-824404
-410270
-169987
-515361
724519
-726906
653644
-447183
309476
526705
-945828
814193
402358
201719
931021
-868255
-389264
178249
-209032
-955956
378529
-518314
96161
628921
617497
-425188
-436642
407787
-337611
659963
-796150
-789922
54681
179333
-578127
252983
-639202
-41576
644479
884683
-223582
-610997
84988
-433814
881944
-470511
-366719
-883539
-588305
178348
-89109
40973
893286
19885
-108563
395105
-799824
951647
985053
733671
37859
-814261
923141
204598
-398980
883545
539586
-966904
-617074
-792192
129809
254098
196201
-943486
-969662
714973
-82590
476735
72416
43393
219588
-780802
-809478
128220
-603570
-505300
760456
-182312
49201
777312
-131812
-788561
-887245
-133485
80257
-543914
-539352
-740752
-512104
-324235
49503
949211
-891021
-552597
576586
-884088
-352802
990444
-627089
-152336
305328
806529
-325054
649002
434222
-441471
-70093
-164630
-443648
261962
751778
-920051
-905516
-673366
322358
406085
108469
-590510
32637
258082
-579487
-811547
-779279
6044
-600255
-197003
-377287
798490
-544431
320779
661268
-367939
-755406
-184135
-442467
701223
214737
-742354
964904
-87660
566591
-743432
-774421
-745447
720518
516626
-282692
-824176
-833650
221056
-554801
396237
-232416
864471
-260169
667138
-932985
314993
286161
-979382
-380245
-34164
699280
-364854
150047
413310
922474
265928
-847205
279522
-684910
-206795
-730897
-325862
-527289
486065
-587699
-47050
54045
901357
560970
600497
44416
-110793
221267
-913293
160450
622794
-297482
644374
-160720
416541
764184
-313904
-539941
508764
-996725
-652298
-607675
436335
41175
-219474
956934
416096
-892307
455012
-708802
932426
-239688
599065
-361599
-364925
208845
-958793
-31171
277611
849781
-487243
-794445
-658111
316071
265501
226578
80286
-923255
280397
-946130
-855099
724969
-193529
691910
-421983
495106
677430
-696376
-129339
-633249
30479
-114777
-482374
-805169
-397358
864835
-663044
276907
607601
-692429
-294109
404533
875138
574063
742399
-883562
-399586
724422
-266407
-763333
406653
-554133
-275126
-891596
-811038
401386
789270
322036
271822
-195175
370763
948785
-359244
870345
786366
-299989
-463832
-576877
222517
963841
-102973
723645
-187960
867099
-559821
137536
77695
-349263
518857
969331
-582493
312277
-797074
307210
624492
-316268
-679041
-417669
-742955
-243009
-765719
932398
284876
480644
-610838
-98707
-359804
380654
744577
-107281
769975
718274
-573541
570352
283792
-767138
-64431
-950497
900597
961614
-405113
497018
199606
393208
290068
761512
501883
-153667
521220
532668
681972
-297415
-865359
334518
141636
-758592
887223
174408
-451649
-199395
691051
-640717
-973713
-875234
-554433
542716
-689675
-982703
261635
947447
-427083
-432168
151200
-999983
-354411
87901
-903694
-578353
-597459
799715
-488331
416761
-159462
-651227
464234
-448501
-59447
-537954
713672
-463341
372694
-222891
622931
709487
-886169
865040
-788378
-520868
-465724
721740
886758
642556
-706272
-27937
463146
-789347
-816066
-913197
-716942
-672998
328478
67085
-160131
-926414
831189
113139
-55033
232104
-428478
-789022
941657
-964823
882155
515037
496938
141751
-570314
-803951
-633099
-883737
740153
952258
-475692
-174994
-142970
-458856
-309506
128191
-536077
-259077
-885241
846767
811128
153586
759361
201959
-738496
971004
-524256
38668
227855
-617546
601862
-341558
-796331
102602
225472
-534218
-538003
263624
497519
853310
896884
585730
-27517
-332005
877852
852525
-943791
-369475
-376121
-631121
-167880
-361988
-677338
351112
-272904
546322
-10798
-450775
72490
633267
-678183
-983783
120378
-439613
866804
245212
-228651
-34978
553510
998815
-335179
-629349
797845
962794
22750
-359465
-512105
-420336
208654
-62761
900382
4399
-858207
-600511
604149
-877678
-667321
400886
313220
122748
509409
904391
-884645
-404685
30580
818684
-183150
523068
416750
371788
296938
595396
187150
-906655
-335865
872059
272959
73773
939107
694619
779883
213326
-197302
682166
-677418
-799712
963062
-415728
-423582
961532
344406
733748
983769
473624
-651049
137537
-169859
-373027
-481649
316040
892818
-578253
-9990
514736
-795291
-154804
281616
145040
-557932
510072
306077
252497
641356
64834
206881
-912684
-500118
104689
305922
983095
-48256
-510207
-942815
855007
626006
150349
-229934
149197
702131
785874
383356
-737409
-422408
987299
713461
915752
-809070
894110
658439
-555380
234657
92405
44813
-969005
-238304
-481414
354415
-214673
450995
952932
-680100
-563910
788581
220585
606191
341476
-148512
-863365
-869873
853171
-502043
-332731
25538
-196021
-140242
-15781
954081
286411
795337
-359672
983224
597288
262869
87991
36759
836493
-943922
-598330
-25684
448621
968083
-750936
-506910
134594
484179
565132
95908
60184
-727572
664352
39987
904901
-698882
299352
32110
-337187
349800
-547501
-801213
510537
177352
-914618
-248632
821348
407935
921420
883114
362438
-331201
-212076
-289009
541445
931580
-636247
631143
157859
-455783
933286
-84093
609897
777670
642614
-84966
-186006
889837
-306102
-47488
-406859
-483631
-918269
785513
878593
-88908
306813
-114093
-815031
438913
-549631
849678
32403
-121988
-970343
-349477
-346927
-566440
-955452
70179
-417495
372614
-940870
413366
-647527
512435
186617
-334813
-939334
-370121
-435633
-421029
-392463
509614
893089
-978392
-201430
-674040
840663
363846
638126
-329013
-505116
-427375
651325
177639
-621761
-573228
-999939
789272
-967752
968900
-525445
584961
717940
-975798
936604
-159833
564084
-699622
-559373
-77841
444353
-532192
208902
-922077
-8682
-506487
-334250
-351359
-868797
-869024
701718
663904
362277
258558
874322
314239
400994
-511191
-485066
9779
-623052
-106584
-946434
-105353
769045
-541191
-739712
35996
-743269
-904146
-932728
-904966
288706
90976
-356059
-246033
63479
-399580
607754
993824
-951034
389230
-637586
-324048
684237
833082
358390
245314
211256
862757
698194
661616
136098
628120
-200644
938229
722549
636582
937547
-160382
105847
737224
-945243
-595632
773238
488431
-218132
15002
134755
-296346
-747643
856103
-240771
-631906
524398
17699
175856
-657358
275500
-191969
-462379
911844
22284
621630
-393012
809136
359955
-240497
-923015
114936
117815
149891
707871
-616485
139008
104971
93389
-661860
-257713
-656876
-931032
-252873
-315411
-950658
504700
603241
-797540
252062
842490
809443
-708814
-973614
598297
242253
262074
-288438
800856
261537
753644
3271
631080
477548
894672
-2742
968674
655171
341186
729313
315412
-104983
242466
-118032
804543
530285
-932081
-111753
95641
144000
-188595
673459
502232
-315950
840081
-236869
-465269
432915
-260736
838800
440284
-837799
725994
642239
240785
-795456
524363
-449682
838977
317997
-515159
48045
-373848
-36805
-625397
-222959
-775671
-998148
600508
-106784
680561
-340717
-362342
-218225
-966576
116577
-53655
296470
202900
343884
176892
755451
-950678
644952
138340
371358
113150
-435001
788190
222531
-730317
161568
-800406
-213172
-955703
-125120
-339654
294925
-180623
326034
452333
-655266
382703
-913924
-192217
-625150
833325
290482
458083
-670853
795357
-447563
285098
923535
800003
285370
-212269
864571
-227762
802941
-825227
-536204
213286
-643283
299929
-173781
421261
145310
-723319
675038
309195
432819
576572
96893
482954
332602
158117
-338300
-733707
442720
-900934
-82433
-304035
578341
602794
-571797
-908112
390419
-708280
403372
-804025
777369
995099
-956786
-727720
441149
-766301
930240
-978069
-884515
428145
142760
751117
-780915
281474
-591704
636128
-182243
-81423
466802
-797984
-544612
36207
507761
239402
631646
486302
20066
-313254
-791786
-125669
-939237
960242
-56437
-756089
696935
-196489
-447137
-79415
-570508
-831897
-375044
233131
848124
-981529
831619
571526
805181
611362
-914614
-611353
884995
458097
-759253
432875
449690
639223
-498235
-818492
689592
217408
565396
-10608
-913036
526990
-437291
947398
-580271
-438113
-111899
-709395
-919073
726173
628492
749809
35544
769113
847224
-735924
836516
-447146
736717
488239
163770
-258538
-451532
720627
-213833
956157
163203
-985479
-418507
-513173
638058
-333191
-560606
991911
85144
-697980
257056
822890
44702
-576870
-300539
757106
670375
-719469
234608
-500124
954576
-693720
-917015
-659773
-698810
-667949
-337307
-868950
495152
-546949
944868
-338477
-384563
267914
125457
-64490
747427
-915280
840830
455957
139286
67667
-909843
-525810
-739259
-364615
129244
483058
291277
-518206
860976
-781785
875202
-303067
75456
82023
-26623
-813665
320424
-37371
958102
352060
-598233
-467865
906524
-585880
28072
-893294
272145
312381
-76707
838417
-893560
86997
-127299
-481871
566082
13128
-555728
66831
-25811
128662
294775
-414665
568706
-353536
-340520
589628
-281884
-621594
-312970
-638255
-727432
963887
-225924
-980068
-882330
753921
956649
-546713
373232
-736096
-941298
-11399
-715771
431849
337692
610799
18272
375992
632043
222594
-863888
-54204
977172
-571532
-265778
-874424
572624
-296469
771683
-143257
789967
-746325
81975
-935357
-189593
-332556
-11808
-928595
-616996
-903600
520692
907658
832081
-709897
772800
390177
564114
283159
-813994
32707
-652051
325776
970990
-687610
-68272
973043
-419090
23191
-123060
661444
489201
-812465
-42275
-137443
417639
747563
23540
553815
-846333
592539
-200063
-946005
-288039
-411592
-668590
-159986
204421
887834
918410
691703
291238
-350939
354934
-293448
-122910
-454410
-325809
931489
-507490
999985
899392
-533917
-154450
-621403
-643484
-417795
-629923
-876589
-656525
-800938
-323736
394536
-576927
92660
520663
-253792
-354355
410963
615944
809194
431764
-814570
96932
-956492
364495
-496087
303871
760652
801131
368711
-608010
253330
66218
-810573
2736
-289735
831826
426774
852119
522486
-641060
-440487
-210984
3621
391422
841692
448557
570792
528689
697023
124976
-275992
-42423
-739324
684568
-31404
456996
489805
79890
-133707
-733083
-788433
-977533
-171976
296522
926409
-443925
114989
492242
811269
770357
298735
-88362
12467
845972
695104
432292
174597
-506092
-272931
931498
567567
-577047
-30613
-754971
814805
-294930
517546
271524
945304
-918009
-315989
666245
979834
-296514
-655805
156399
-661365
-513432
357169
416798
933585
894150
-99839
-857213
34719
431236
-553399
537932
700197
986930
-563992
-423120
206868
332528
17670
-820686
-993229
-493705
245013
-429377
45801
-655990
246943
-584144
446800
-527784
319044
698146
560081
528542
-768482
-285439
34620
407627
869713
88264
939114
-88996
-294238
-768035
-520400
969148
591340
-680663
-575193
-990086
513604
-53202
489070
-751490
-192216
-531492
-616771
672340
-649722
-824184
415546
-459988
425648
-248537
-321839
228190
51134
-129279
182599
71203
796618
457669
23019
565818
64726
647866
-153549
-241210
-712473
432416
320347
-711765
-885219
-401359
-470813
537680
905819
988084
273837
636714
334783
969555
659475
985419
556991
210903
-942806
-651461
-265023
288631
-156357
252170
806001
-148039
-331907
-221085
523628
509330
-79666
641707
194524
416168
247925
-9494
-49476
-994741
-618101
219623
-57974
-753744
875014
-628986
63487
-371150
377301
759669
376578
-53849
-943693
772859
-495936
-356714
-616389
-201523
-337135
344527
-551358
729102
606644
-340760
-583841
404032
-565049
785910
149693
-472496
-123576
812333
473590
-427397
708562
458445
-706620
-509913
913204
502623
478113
-598292
152377
-394987
822978
-607032
-86781
978169
-208871
-911079
559573
-654593
1923
205152
-887575
527588
959227
-908331
905198
99053
920581
262504
-908274
-902282
-535620
-795252
-79804
862383
91434
-317164
-996249
-20467
-797837
-90154
-68003
269430
901517
-127467
644980
193825
769351
-798127
376618
90148
235995
-419621
333499
55596
-725147
983286
398133
648380
-63738
766569
272364
-292171
581655
350481
-441916
927690
-81167
-408808
345829
-589835
-465471
-853030
-646335
-580966
357786
903277
532271
623526
-63930
162938
-148954
604266
-150386
-331321
922905
278427
-637859
471017
453867
-267001
-139033
-585254
439082
976144
681576
82261
32750
-35781
-95192
-517087
-395558
-967673
-593253
-75600
-348070
-522530
359476
649837
-100522
-708320
-447817
-440228
-651597
-724774
790604
-283261
-842098
426197
-286744
661301
908930
-574870
-392401
-764749
-117006
497294
32054
78728
674648
-43705
807960
-75582
702032
540884
-198602
-585487
-685751
-672623
-760503
196206
-376973
-723826
-520921
220943
148520
238268
676358
775821
-511123
977625
955930
-825405
55996
-914680
-526549
181805
829210
-565505
463684
-188532
586585
587548
600731
766977
961830
766120
159254
-436157
787666
-835209
-483940
-716384
716260
-755655
-687406
993929
776217
-193304
21083
-616625
-393138
455382
-788884
262360
-528181
-783900
777507
265136
897084
953017
-296143
588763
-79011
960487
977357
239097
-866874
-925860
483229
-835173
-298083
114271
-294324
-598655
259011
177421
636932
673563
-613381
618678
-610404
310898
705007
-956672
41039
754667
327808
791593
-488177
579188
-50633
-120203
108752
-442352
-803796
109460
536737
877926
-824524
294586
141176
-928953
-277146
-642211
-602784
-785049
828953
723090
540152
749339
537744
717764
535217
-366261
732061
603754
454355
750569
662365
-562887
35579
370830
-634970
629207
736582
349055
-531509
-732182
90350
200702
10181
-733394
-362745
-138296
768059
-162571
-306602
801922
403834
215857
564684
-437042
-78480
-535921
30792
-279451
169346
302323
269777
-1227
638582
-859414
-344644
989627
183988
-915579
-651566
34422
86405
-519147
60991
-919990
-847525
-258085
-962062
181393
139407
-725439
-929944
-232119
-706954
123266
468042
133115
294853
315956
176717
721171
49328
-598277
378449
730580
54072
860404
375419
569116
57792
-337394
-669308
-631756
-868260
-434245
715365
-779320
444816
553139
-529458
111137
337031
-538870
-782781
141180
-237377
-54017
693682
416231
92712
-8846
-692939
641192
-531271
-641907
-251984
-358047
809296
871344
184508
881377
816476
557606
754095
-979962
-539272
-7852
-842231
345453
466203
14313
49027
233537
-472054
595765
-605024
-193699
184656
459081
-828328
-585932
814540
-586796
676086
898661
742282
-601514
-75690
682428
-606092
-621831
-590753
-214256
184505
-548000
-333255
-135125
965174
-838186
-490378
-736395
-873984
366798
-388119
712578
75726
980415
-609031
19080
849945
-895934
826413
-341132
-755203
-326236
-176751
808823
440433
-366121
-429337
-819576
626071
-45986
-723739
-692875
651136
-417619
679992
-276973
244453
-280689
589611
-903703
-401578
813449
-804559
-347514
740216
233822
-405397
142006
-972194
-82442
316918
-994674
-857244
-963029
-885426
-902238
449497
15962
-63067
787893
478975
-684332
442832
-799260
172275
503549
464286
674356
252386
-68175
495898
-881113
-431152
-881613
672716
-794960
-188213
5074
360278
-494450
178519
572667
695353
-31431
359718
384696
321270
-125451
-399949
-710403
591493
-395113
-945494
679141
340622
997153
74284
-385857
139621
492077
-550766
-668799
830923
-278620
371934
517191
777532
102840
-75765
336694
505781
520138
129054
-831098
-981980
-200361
551616
102870
-692678
-520986
434728
884361
589830
215202
558424
931457
-661297
-207333
-351280
-691517
-281990
-286033
-904761
-616896
-233375
-571484
-360080
-114931
-196825
-846015
821989
172284
429531
656998
392938
-419084
-419914
838794
-809600
687159
-106608
-317950
375649
765858
-395402
-140521
-927902
290969
-593448
684386
-885788
-508753
-845001
176341
215990
733871
-528027
151916
490271
558359
794223
-436846
-501328
608625
725156
541367
132025
-54972
-923686
-397637
-2157
951107
500815
625564
582409
-559362
-229179
113362
267483
599878
490320
868154
610256
344176
-605944
-354106
298828
243788
-459646
312488
133186
-356260
-461482
-986058
-477317
431618
736679
890611
517171
-348186
-794613
326285
-440794
-267154
310155
158184
233247
-201267
-972237
-537962
-783430
299436
-919664
109060
-141148
272527
881810
-723806
-572548
23907
-135555
566882
28757
389288
-225235
804736
-238362
767909
315397
-245594
-569966
973994
-206745
758858
-758525
-745560
-810988
410963
367560
-875666
-56383
-680747
951442
-375018
33972
-632030
333499
929287
922032
614906
846152
581985
-128160
440792
-264016
-54073
-518652
-245257
659567
-620830
-605894
-737590
-325147
667827
305158
645874
217366
958543
-226987
-44904
411891
398759
-91306
210002
323582
-525864
637765
-395124
730615
-341172
-713643
-116407
584515
-197140
675906
30052
269284
-753584
66093
871066
-425657
830423
853661
724238
218325
-941933
-890949
553770
376594
116748
481644
-936552
-249884
225232
203188
384819
-711609
25163
-459938
-876648
-760508
-82650
-104473
495305
-509389
112614
-800349
-155243
542367
-834502
-228328
112434
-469638
-287052
-790099
-663978
786373
696800
494636
-717352
-238759
-526121
-635469
167403
-306143
338720
145777
385337
377493
-961959
-616321
-722191
764191
-399733
8619
-142957
-134287
-430550
-274413
-572038
76978
-805770
-615053
-581191
-33926
-251192
882795
-716048
-642701
-642862
-305251
-922638
204660
-841004
-74358
-536830
614153
-139081
-537828
242251
-654753
640010
-34140
-576235
-732409
-804113
197988
-256092
407090
4433
-253969
-430490
685473
-443205
997383
-672468
798991
758922
-656241
902545
-795493
879547
-343446
-150297
948066
822044
460751
526738
-918553
-754922
554819
771375
-905727
-380020
237486
-23749
-109612
442766
444264
333030
-194392
-58126
-326616
488327
-234859
-629661
-247864
661533
-761469
424322
-774760
-637873
-713189
-473019
997673
311082
-534637
493184
170487
-510697
-218255
213590
-705964
-165780
-353623
-997292
369141
77164
365129
947926
-982003
635091
-810576
76942
-278868
-376710
495874
-423854
921152
90021
-61255
-181805
333054
-47030
-792247
-688287
-118540
271275
-689144
-747706
-565137
-667778
513353
604957
717314
494461
982008
626695
-862482
639785
756371
832464
176073
108229
-437462
-127057
467056
25495
791548
-95539
-669709
-265427
-250618
819415
-738088
-129811
-759271
726660
582561
-815888
-189451
558926
976609
993142
-964700
972473
444919
-721650
512625
309042
509685
902868
-383252
-508001
-564509
-87755
-827004
-67356
365948
-107994
-289520
-114421
-153551
479216
-841390
307274
859104
218242
-845616
276431
128318
-343954
92460
-186466
165888
947167
290123
-791473
-683491
-227449
831696
679473
945733
537974
-542783
-359744
-436754
-864850
-594004
-963182
910959
-396267
913151
-141812
937982
-728762
-522182
343242
-687689
514838
791817
-244882
549691
-401313
-401773
856427
669274
920271
445897
-308835
846904
-856025
-837284
-150423
219983
718056
-854633
-209768
224289
-870462
-150985
295827
445179
-439951
948676
-954793
-757043
-436138
-957240
779097
-836092
751029
891640
488264
979813
592257
841535
254886
-32456
529835
-263977
-894123
687628
633509
-433510
-202705
-519864
-481764
49717
806525
-116910
-619357
-744694
931607
826586
375987
-403099
442451
157734
-360190
-153500
4435
-431455
920405
-209460
-828161
-843363
-818077
-634726
456309
-629953
7480
-841034
-129000
-146702
-201754
70897
113865
419194
-906280
101155
230547
471881
-978994
-103035
-388310
288239
895342
659008
760919
-948854
-108424
977632
804406
-143495
-642042
-969442
-829031
-261321
-198598
-137035
842511
-75257
-304593
-483867
3203
-302291
100879
322031
946523
637314
680301
-149582
342785
-893380
-39404
421978
565324
-451267
-892667
-797122
696139
806364
-327964
955315
857447
-52334
788412
523297
342408
-200906
617001
-916440
944318
-901057
967875
-433352
872636
798861
-328473
-354752
83503
102842
-218531
-282993
132720
-752937
963186
-987891
-946817
684955
379749
-568181
-258124
833701
-699954
-887025
-365752
-380661
768468
912767
931737
-449405
-993049
443612
-39363
-470772
-92973
60299
970349
770548
214685
833200
-56223
-278142
-191614
-394287
-555821
365227
-233940
681023
-517204
145961
-373274
937234
-347024
-677885
-367517
-887503
455811
-508273
-94065
-7331
428582
-372401
375526
-31176
590434
-995969
-620795
326657
-699540
647903
558786
545561
158114
991700
-926790
-493119
729787
-785917
-728070
-812839
-816190
-976227
-686620
-435600
18050
605831
-425772
-791092
312082
172829
-520560
280918
477311
305674
-633429
386138
-510157
-897769
278914
502848
909836
-272147
782001
868392
287000
370465
69262
797542
480059
372541
555459
-157165
-305518
757951
-166524
259521
211453
-276800
-823396
244828
-318234
-843294
-943351
-273738
811003
105614
-690110
-458521
751598
-331175
310480
-206030
-479180
-875081
-98670
-852398
-83143
-864696
764530
-68725
-898844
912053
-715786
-696314
-927233
351410
651441
-218057
881613
-164982
582784
35765
349647
93713
739739
-61520
750656
-724016
161027
-356218
-351404
572891
174531
152594
779950
-718782
-130364
-150837
637386
670368
-803463
605446
-766841
-488436
142487
-649649
-880069
-60802
-132092
737977
589992
756894
-222234
-470088
644276
302773
-362730
-195661
817692
-584266
311113
947394
653799
-475475
-725956
652514
-228383
-787336
-546611
641926
263541
472776
-463381
883046
-123503
928208
-808567
57232
123587
-26142
477011
-141511
417703
-903179
89039
650115
-86651
692766
-353811
132582
686030
-903586
-486466
-557256
587453
-701987
994314
520754
-577201
830483
-442023
-354065
861502
916568
329665
786735
685634
-792856
-653825
-452126
-400042
-803926
203542
480986
-28872
503197
278369
-334623
-245223
661437
-143045
206459
301436
882087
483532
-101100
-503169
-325611
146509
-567928
-828061
-335752
-886537
-337366
114472
764728
752525
-133359
789500
916875
932788
-551964
-942609
22103
-150221
719524
55910
106010
813700
998560
-48440
-537258
821598
651681
-44120
327155
-270523
409689
-989275
162232
148560
145642
-203068
-782531
767001
-52807
938715
-849911
963748
431308
48760
136242
27859
52531
-553510
-258690
-884125
-836771
-831600
559173
781622
874897
190314
917544
998203
857099
-483074
-804494
-258117
831287
-762861
276805
242694
853350
-138837
820238
-54431
-204170
262516
979416
-730980
-789598
203196
-814218
-439192
195657
-630088
-327434
-250132
912076
-865056
-270661
-332906
-772991
378089
-254440
-458913
811505
-349033
-390695
859690
111404
397559
-264446
813093
585003
-420309
588115
555658
731657
-482181
980075
841567
252125
-807478
-888913
-994094
-190300
613543
967341
-254514
-506350
-634583
946399
544669
-305235
-499031
-955410
506149
-989116
997600
249810
689154
849497
907516
501953
-733923
-788182
-694846
270023
180335
232375
-407196
-830090
-134582
-982011
-283236
-973071
241902
-579273
584375
877432
698601
-766953
541522
-406742
-671631
-258710
653886
-937834
-642199
648072
-827135
-580107
-41241
-6481
854389
-645739
662984
-651319
7060
477064
-398641
622014
515352
542914
-658133
-741677
196979
-439160
268069
918046
-870538
-660155
-1227
-702517
948281
838445
269740
975001
422139
916318
-375266
499544
428361
201494
-952424
861077
-191795
-465392
613278
-546161
617728
-697217
70201
417992
428204
-228408
54575
297640
-459971
532700
861750
-268103
-187417
-874804
571949
264544
-27938
715893
696333
531385
-601582
375581
289302
-123668
204399
-104028
-147495
635009
302786
207683
-228134
-684911
332637
433822
155293
-931450
517638
-498384
385222
435785
692052
835549
-873081
127382
563541
-123502
-224782
600988
-648996
-57366
855168
-815086
189812
341440
313115
812776
165548
882385
331318
86780
-362243
6533
678712
354964
-25524
333721
-196361
-600820
299309
980495
906062
33078
-479099
-961279
-457678
596886
-232560
992554
179612
290163
295721
-191609
583223
82453
-193699
-937784
-846148
-642060
-711143
-260503
584515
-886517
-557451
791137
-559604
9860
596012
-528259
-469288
456943
586200
-758576
-199115
-188861
-584853
211178
582944
-994403
-571641
139679
-987063
351021
-693057
692829
-172667
226551
20354
-422233
50732
-499240
107990
-765645
456924
915905
-923579
-971415
-624506
619213
468291
-700058
272813
-351498
416528
856074
-283713
-689022
-87694
-897022
-341762
256955
81863
768171
875700
440232
-76561
-78957
-874667
930134
150024
-367598
746088
878838
4983
-567065
-559718
-907390
-158001
441463
247497
482947
-220077
537035
630150
-769182
5092
-642834
294790
-606091
-556768
-697806
-571428
-525061
-263497
99204
-224945
-899706
502921
300612
-226488
-893178
-667172
388801
-577331
233718
-904187
247569
246387
-695285
-379409
-439850
42757
-685915
-80475
-279985
-37866
-696532
475344
-475727
8662
938696
-619416
243421
-363947
-695761
684285
-932927
566666
628712
-993250
-709629
-74635
624593
-114734
-8850
-612758
-166751
349659
934767
-470592
249849
727048
-432108
932700
834677
286572
-973476
129847
188753
-956282
80222
-559257
615801
-640621
717649
957637
483141
358383
-225099
-296439
-474534
-521434
-785308
467207
-527492
-62474
-935787
-380176
459774
449344
155717
497551
182395
649620
-918227
729861
344703
555707
-44100
-544313
-407676
-506911
173023
256085
866559
36234
498666
558364
634270
-460183
625802
-655833
392486
570457
605038
208417
-187509
-839394
853289
69627
137205
-514156
-416700
-137104
274009
-863771
-629469
492855
467215
-527084
195529
875740
-45607
-360351
289764
-93701
-194018
969255
-604760
-220708
816174
-6112
991886
335224
279507
816194
262485
-763812
-948998
930685
-449059
666898
756780
205567
661098
-327241
177542
405713
448227
-18277
555005
137819
-365258
-533478
159148
-42632
-27749
-722306
-1280
-428497
-65073
781825
-992339
441600
-485318
652203
236834
-387010
-966746
840877
-993776
-771662
-587174
-244081
-666683
532465
-141322
320508
44824
239405
-795634
906934
-916590
-97980
-86483
973742
-728366
747582
-20777
618934
604894
947065
-705304
622895
303654
-900854
664101
371110
-714408
354149
-206583
-686228
318367
305783
957611
935566
522322
374690
30329
384246
-550912
759686
-126507
799116
213607
-291736
924159
-450818
408665
-63362
-623019
-889833
687518
357489
-320918
707497
879904
-500
862282
-522948
904994
163823
519329
-25985
-345661
-308888
52817
953073
198028
-595716
176158
-421192
-310810
-586480
-594397
-331711
974889
-472584
-629614
-282921
-39193
-555708
-359810
-986419
-162119
-343653
-765543
709606
-821433
752900
742304
-841606
900174
-366277
-686770
-365595
842274
372382
-205747
160458
146179
-622018
30064
275664
483258
932417
-240560
21559
-832240
-257338
-292113
-10371
801502
470668
-333229
515034
92057
-401736
512197
636384
-140378
16188
254420
402950
-829162
-969174
226639
-834075
-248209
206754
-270165
-544348
70656
-74403
-126717
-440275
355358
-852215
-804757
137469
-542753
-29686
-246982
711489
866243
871289
999548
-191960
846479
689724
-780180
510619
513645
-481737
164974
-140986
-606415
518290
-325577
-626312
253799
973244
200042
43152
-143660
457809
-449719
-596963
-246434
941206
483024
-53543
-664758
578085
-842164
-859902
689130
305505
-66390
510402
917268
70660
826708
-428195
813635
21185
-40253
9131
-916445
32440
-715469
-343782
911522
523606
-968023
-881557
321448
-38683
-305259
577257
946935
608943
402626
-223387
-975925
840001
590159
610451
-659614
970854
912166
968701
-41081
922628
-799085
523848
585880
-403282
-947005
-989675
544598
33004
-637764
-779230
705084
-610734
-776229
71194
-423950
-183519
909408
516323
-548320
-392265
-742241
810630
-776000
687324
-854548
-468704
-570051
12528
594692
246945
-863041
-278138
-656861
530321
-369016
662526
-183390
145398
207791
654926
337345
521574
-529018
-205978
47577
-955380
650502
-808672
318600
-498898
-584398
776829
333341
-247925
579450
442181
163396
-672483
371626
86464
672312
289902
-513110
271180
-646720
4765
121381
663882
-897409
440901
82433
428173
309758
428045
409667
-792212
734487
-339902
179660
802326
-203743
404744
747985
75453
-458379
804344
966269
287050
-692583
-712482
-795437
253966
203007
-279489
774133
-625697
-83317
-953101
968840
890527
-907806
-685949
475254
-787386
772786
360640
38833
796248
796196
118278
-620003
694680
-956914
-843211
-664514
-157917
-646919
426376
965708
405786
11028
356779
763321
-603630
-264980
930033
649105
519637
-750313
609751
12114
-315437
339169
-433205
382235
11406
102108
231408
12160
-609251
-700927
-456123
542956
-424514
476252
-889183
-917797
-821861
604052
-384511
-418739
-188866
-492474
464453
850496
731593
-650318
587434
684940
62328
-20004
680973
194575
113337
-251424
184172
-32334
-916198
-206632
-267967
-226355
762209
-175335
-713429
-962842
-525451
-948123
-669682
-77216
124418
51516
309896
-805522
971517
712385
116659
567606
-558951
746051
-116762
363074
966945
8622
-277446
-336464
60697
426227
-812349
851472
718065
772523
-465324
836763
-17060
689775
7663
-146470
224177
130683
324606
-397747
-357929
-675014
589506
-289147
-696974
-365953
467063
-871280
765368
186874
-461450
323903
327799
103105
-65971
273806
852395
910038
965725
316211
-240940
624409
-416308
-482615
598336
-557352
202488
-982685
316753
159182
39390
-335597
471917
696981
-25177
417996
-348417
453042
898449
638147
593305
290238
292076
-409513
-534591
435022
455630
-472188
-39449
89757
-231598
-141841
284406
657523
-87755
930393
800687
-432505
404435
-847484
-964983
680781
418644
-548180
-230123
639327
878017
784642
-35654
956227
328749
84687
-707507
326037
-662895
481698
-30841
344235
697675
307289
-508734
917808
-954013
811994
328591
641257
537240
-530076
-317360
410745
-387557
644649
648684
657088
-291391
-3074
-909335
-381681
-451993
191737
715389
-77892
-872496
-436656
756657
-4165
215340
566384
6236
459974
-192193
628698
417026
889076
623081
-716431
-801448
511250
562167
-586241
778698
414968
-161185
142550
-33587
-494471
741441
130885
135769
-236449
982800
971777
-99450
854871
-257562
823952
490373
-753949
-144284
306781
600553
818318
601164
-527162
-612935
327511
-840347
-865577
478611
894536
321565
-116080
611625
-474136
-469606
241470
324333
800653
56096
-561477
-374776
968130
418584
422511
633721
-21049
-734702
17687
-569946
-382776
-187263
130625
-905027
255676
529775
909444
-66826
-158859
-288293
-491681
95195
-535468
-386568
731826
-197340
809413
115835
877082
-771223
-19618
-559474
-570509
104328
-72788
-261124
-485332
-109689
26512
-324829
-853099
-493970
584933
-870564
294628
715663
-138986
-72917
-989454
-74401
214486
689314
84702
376760
140280
212214
-774571
896178
-750960
-678347
-516765
-578463
231044
348417
-677880
-450982
-73162
-6788
994328
76905
-247817
959307
387937
-43975
-183386
-415687
-579713
119872
-363491
-367162
-878667
948534
-882758
-573610
340631
-467367
775798
159535
258584
-21288
-671387
-722064
57732
-321326
-808750
769111
-71994
-435255
-845726
348530
-157513
478110
-907044
-877863
-463469
-3962
222739
-430921
809912
-482422
-89566
-293698
427566
-601354
-268894
-605804
622659
847690
882448
-525623
-353531
-104231
-166429
715507
-835758
-591825
705658
-260472
606138
-7153
-131043
-390216
413088
192956
-351686
176507
-904642
-999353
-3702
264268
-460895
-721021
-904909
-852966
-334131
-428882
57256
512848
-910280
-92350
-340039
-238517
-240162
901940
-663304
151191
572906
-368265
753614
273161
573083
-960139
709853
-311667
601030
905949
62674
-476624
37855
218385
764068
180868
-110658
-68102
-911196
472931
-790652
51782
482709
-414972
363961
239883
382199
424443
481513
-545051
993799
716680
-864592
147401
534700
-106626
728730
-25896
368320
711432
-290509
593471
-543128
-275331
-14710
761914
441721
826702
505004
-459338
-226288
-155167
-212485
-332669
195571
520550
-714619
-634462
390658
-383454
-177459
-96887
264159
-174357
241869
916217
528787
254193
460400
-204742
570876
64326
-903477
525103
159451
570672
-570968
361086
-786682
67637
-711291
-944676
-827108
-43955
-196863
257409
-444913
-307002
-28493
432924
660639
346091
688352
170040
-594557
-128032
-652789
-36460
-509175
-233047
-791305
-855692
640074
-328187
-252303
842830
213699
660057
644992
-915413
227054
571337
585702
-44900
-284042
-990229
549528
923920
854948
-600338
-747657
30766
378780
234641
779339
71375
-45116
247065
780321
-594934
124859
986557
180439
-134216
775121
-303568
-575242
-862474
-52655
-206877
-302513
-328714
884167
-556972
-754070
18691
-462829
-705081
737288
262724
-195351
-279791
-422862
-796
-520672
-273270
-199404
843566
-692599
525316
548230
784332
-989738
383595
345489
-329194
231528
104333
939257
-433857
-932014
-553066
116460
-334787
787766
683911
-323521
889400
866900
-639998
-6974
-123470
929867
288689
810298
668325
891390
391556
-357553
323756
297809
-383617
-426625
27939
636317
911896
-518577
878393
-321470
-679146
-697974
334709
978821
458631
541421
-768932
-693520
-514173
873730
-588955
59843
-357665
536965
375625
508325
-525287
585974
902534
448597
-409849
-49375
139371
831704
-33922
-779175
840069
-591795
907098
-356253
597573
736593
549635
-972445
-806598
477711
270364
951173
-507081
911470
947863
-359578
393375
40882
935141
278715
261327
-549897
-409449
-513288
-407087
-897041
-889861
-303760
-219813
451392
-165173
-917263
-705433
751281
118659
246932
3016
592894
400939
-890638
144105
-908971
361611
-500995
227269
632256
-300759
-397606
736796
-418732
-279418
-584719
827976
-780776
-834689
-472243
719070
415301
-863947
329700
-449390
644223
360013
251271
-902493
-876703
-292582
-968768
777211
139384
333019
-895356
507106
-560738
147733
-783723
14777
863069
264222
896077
873652
-459563
838207
86933
-88825
95840
388063
417457
-424366
267746
240299
250095
488368
-95558
-818986
-449286
411032
-315116
-516487
-476525
343222
885349
-692066
-856693
351687
-270447
422449
-236648
-641335
-79331
-252255
937082
-771283
630788
-767835
277138
-117675
547717
-819283
142322
146408
236558
-572991
706977
131395
537849
664762
-206851
-799543
-290758
-521293
856958
492061
590574
97823
-100092
117695
639882
353302
126366
-509569
-77948
-408948
667621
779731
-706665
200945
298061
-823254
145383
281986
-88439
881208
13029
-154913
220344
-779806
903012
-636071
-331582
-73224
-15715
454640
-100724
598106
-892836
-451261
-925738
-326382
-913451
19924
192150
155604
-983156
823323
-876658
629455
22222
-300823
-213373
-211885
-503840
240530
953916
-243465
-155827
771917
799863
-958252
842253
435666
799078
271569
590289
698227
473756
544761
144970
-415268
124853
-460011
485066
-427537
-27232
35523
-267484
-469535
236162
314811
-338672
710747
-237273
247898
245297
-189644
829275
857615
-146583
163133
-522209
884240
873891
-403700
-108576
189862
615430
45139
-886038
-517059
-413239
887690
188975
-547402
-796543
-957406
-314224
-240294
-988121
775579
551386
-459278
474810
957428
-261512
-719856
563884
59998
-927893
339640
-775487
-580438
-398547
216957
-205817
-656637
312011
-502099
407475
-808688
904771
-959540
-51371
-337103
301979
-328544
-59003
-472638
-167853
-567685
672194
949841
734655
470125
505307
-147831
-620067
-986508
-718489
460968
-153465
-173521
39881
-852667
-467792
-385811
641304
761990
212201
343232
-618514
183564
-716372
634970
612610
654411
480714
-200806
-405350
149044
-321905
-980911
-232408
202667
-225033
123941
-442891
548296
216320
-991148
893842
781055
716038
-300664
839945
874053
-938753
-25128
977257
-19535
718396
-404891
922844
578522
-182662
778811
-910381
660898
404036
634609
747015
536023
-449024
858146
497091
-790881
-130469
6463
-967894
718516
93885
-949028
484748
-200483
552849
865539
-621928
-414807
513561
-517678
-922704
-206328
600197
-776093
858596
466002
-724849
-776732
-751854
509181
18098
913802
915521
-566243
-460208
588931
688359
-473449
804153
-295673
-739256
-606706
624151
-654773
-84675
418247
490319
-852552
-321698
226379
-338401
-435637
807717
843253
-395171
-368059
-772553
413433
36000
406154
528829
577908
792869
550722
-353916
428109
-507946
-909926
-445807
444833
-739234
-831072
-963370
716780
11735
331300
457333
715745
-272549
-952189
-112687
940837
-708707
-414616
-925241
-673332
858318
-971329
-511300
674296
-903269
-428640
319224
-65641
903120
-717112
163130
-827144
-89707
-531351
940584
-214675
189784
320182
453433
550595
-28084
35574
-737656
331055
-935625
580143
-806052
691898
833187
-253710
-66440
-376742
-824397
-648759
-930958
176457
-952974
-315050
675904
-650529
-349268
238625
-204331
-430408
-578483
858337
-896265
369476
-89088
-4965
-783120
825394
-142074
37097
-349507
-468859
-180848
682231
-927382
-858757
995817
482337
-2117
-480847
-485833
-944830
-26801
-650839
-788558
-455807
799526
-714065
340285
96904
755006
-577125
-638646
169603
533030
-656174
325898
-568636
-595058
-772943
-397153
-205813
662051
-337597
-194242
-229667
360215
-506457
-827003
578538
476843
789185
-728037
623816
552475
-892761
-636434
452851
-141505
-483610
633734
686624
-498844
551022
-15782
-289705
778187
357892
-152502
40002
-804532
-492928
-17402
-15077
-321606
-616241
-586789
-918611
350956
-402775
254531
262747
94572
-362221
-811483
772093
-938000
192153
224586
575190
659717
23653
-505041
-343267
329726
106809
-633901
-147057
-39038
425878
-39426
816430
-748820
-576231
859994
-379820
-128853
601003
346976
699413
-197943
-903162
-344179
-300352
918348
-38565
-98494
944276
-637858
262786
-822807
763695
-344433
-466857
-816605
-403219
-282830
678938
648737
439183
370555
12196
390602
431672
-351416
-296078
-881316
-225381
-617650
-251548
-681227
-908754
986595
-658690
-788793
-575270
766321
-791671
601684
-718171
-820547
-361577
-960489
-853464
861360
520602
223045
-193451
974116
548894
964723
66244
882684
-609208
962567
-624361
-840
-381219
-727061
198443
73152
840014
251165
-610367
-244617
467164
-479630
-360931
904195
277334
176159
-571847
603744
-110986
-557501
-813422
195394
63445
-271321
-762666
-37986
-843773
-150602
242970
-243332
96189
286826
-736634
71891
-55927
-272949
789046
-3520
-501203
-864256
-732314
-130129
-694066
634934
-824756
-154050
-987256
-873317
-168597
-576820
-728717
762788
-991725
-396893
539876
838897
-62801
814682
-951655
308515
971636
903070
509784
280492
738079
-618458
661679
712694
-797298
-222798
-850286
-896621
472653
-549772
59801
-972408
-201963
-543845
646751
487326
965440
-532253
-385634
-809941
969039
-924446
-937619
268812
435040
-95192
238429
-456313
-854787
-578593
-426639
287050
-170497
-914371
-948946
-487135
-525393
360167
-781008
665752
595962
-685827
-499974
-315063
-519796
-825168
-721480
-429000
-685123
973424
-75820
-342631
-628856
352216
-484867
-623104
-355561
-604680
862378
648085
234981
735587
985513
533775
-355958
-332116
-111367
182333
-50332
-165247
-234594
475677
-456134
972913
-908369
-628200
159123
-683276
-144788
-194718
617285
3302
55813
189122
728669
-478634
561688
84115
-427855
357565
146645
514720
-592988
-148079
398447
-894732
920963
-671134
536322
792526
-974423
-631955
-814822
-350725
744976
-620117
49280
726370
416142
-760287
-368079
-532832
794296
248793
-728896
737749
210261
-169624
177105
208186
-852198
-555316
968891
-179112
-282527
249381
83066
499699
978364
448035
-593974
70149
-896155
-113075
-731423
-717771
77315
-247364
807456
846022
-934687
113066
584827
-53432
876884
-876021
-628642
-736625
-545720
-742153
-611229
-432688
626747
-388631
-165943
-844594
-202915
419815
-418877
367879
-381356
-143362
-603730
-22624
783221
-579639
-802830
844329
-464475
-376771
-407911
656945
613617
-141260
-344783
106264
730449
-936918
743544
288827
-134563
-674139
4244
735747
692745
-126667
602699
-742004
-287773
-219647
100516
-532628
119564
420582
-893046
-754501
-217863
-358839
-9499
129074
-769966
-563407
-845793
859410
973511
932122
-651406
-734779
-31374
-729066
935772
-25935
188015
-39710
250611
659052
-455805
234448
-946562
-666079
-665211
307992
225213
-746887
-312792
741047
-289211
-754115
307752
114824
309541
-202835
644036
702412
842158
-225101
-501767
645051
-283444
744717
830277
915222
-183985
877417
-911619
-670185
855655
201661
-695800
743369
797885
-122504
30210
-809068
-190816
99504
-892787
924016
546395
-615675
441892
-615067
187445
246463
44648
-262129
100790
202658
919120
-793853
-505787
-68021
362541
-16457
-696174
-996120
958120
404719
-760504
450354
-711326
-821059
-994978
762001
-798703
827540
372862
-465773
637958
963694
315220
-105899
-854585
-388937
536369
-526653
916481
-90659
182355
-519844
434168
718097
-184220
139219
-163016
437199
-988867
-330139
-839974
617956
305982
802562
192592
-442819
798412
831127
467176
-39853
-575893
212185
86169
813385
-360072
-920699
29367
-693574
-75691
746700
114045
-601379
270834
92032
-488541
901848
-666691
-81481
-832643
327226
-415764
60065
-843964
-742284
-396922
647744
357093
984926
100179
445915
293660
-875214
-294623
42273
-373982
-954252
-50110
-369755
206702
257639
122245
-545052
-244300
-740857
232578
-230404
-637375
255402
-512440
721973
411616
81276
244751
969768
-364945
691810
-964238
82345
98490
-449748
142822
-101815
377400
317362
490551
-102113
-646595
657346
-329039
-591453
296201
-285410
330686
134879
-55945
563028
84174
764691
642049
757990
-16557
-91277
801513
-461927
459600
665015
689442
364347
562607
119744
249999
-367185
-247407
-294937
-930228
202248
-90871
164902
892009
978753
735889
165713
988085
833358
495362
-339551
648399
-498640
-292244
-220667
513408
929966
182523
660892
717716
-3666
-776125
-788806
387327
928178
-277108
720542
632786
-897542
-41687
-939511
-258222
871521
49708
556770
546174
-431601
799718
-520510
-35927
430095
-901847
975705
83072
-847001
331187
496713
512419
-539395
-305856
232481
-36763
-291
72713
-564582
655053
-160867
-655159
247256
932143
-550012
-27683
-853540
274505
-917181
416621
-513800
564081
29879
860861
-13827
993861
-116178
-638462
929067
666707
-318031
-568079
680587
-34419
-329553
-289689
274841
821931
231807
-279919
-74338
606678
175133
805006
-277209
-11826
-219450
306645
-183134
273602
927231
921585
898517
317887
345375
-715815
-776688
-311721
-833377
-849810
-120253
881541
-682664
-600585
626846
802361
51730
54922
482495
598688
-22371
43808
-144989
149397
699543
-370143
884535
320915
861717
451712
-851931
-810329
352296
606791
574699
438321
904489
-548143
-570682
639498
423245
695766
-356204
349331
106651
765695
574544
-734123
636684
-73281
116270
-908952
-356563
-180078
358912
184024
309326
719385
-4103
850714
432616
-665300
179682
-756153
126612
-765871
-980247
131911
-414176
-581907
919196
247335
-17743
791740
-507499
61522
-267029
682843
-986866
40633
533392
82100
-857675
400922
213174
-143402
194172
-476042
948238
-646821
39298
-242870
160410
244671
6411
140257
-764292
-718984
-938583
888357
-876403
725721
-490460
318529
-996597
374611
-924184
315166
-38695
899206
-104899
-176693
-672904
162601
691112
-263902
653610
752938
79502
38935
693970
220579
-53119
-75565
-630812
813190
813325
-331463
744816
991667
674067
-674681
-970317
936745
-233727
124566
-71322
-269212
-294078
-319949
68788
-98114
695557
-593414
291837
-278310
-832338
421358
29986
282685
824492
159720
-259083
599254
30183
317177
542508
-518531
816249
627122
-811398
704507
70924
-189352
441496
179306
-542947
789903
-874480
-671964
592315
743879
509460
781299
733877
613597
408563
539705
-617827
-519732
-637213
438735
170647
297484
967971
309110
688653
22439
858941
-886991
851108
252966
-920765
-290501
-545742
714935
-204299
969183
-941292
-393631
-207218
348872
270884
-465627
803304
599415
-551344
26994
-806443
-557785
-436194
728371
445300
291590
-411979
-4786
-770152
599833
288023
-424704
49388
-881726
169269
734732
85638
-931304
875495
-945894
506242
-766110
186915
-496542
-470043
-832471
-346919
705685
875421
639589
-407172
644891
-326865
-215302
188185
884912
-306554
-505068
930397
505460
793433
-87360
990627
-310479
-508196
37611
66591
-493287
-963969
-703095
963474
216682
-857927
234307
-198937
-141169
-663776
-27415
98870
759576
-753268
363026
517832
-84849
-950118
-712302
714671
-612904
-714407
651279
-120334
805195
192066
-994875
-915263
362513
-570469
424336
-161498
-724566
-861927
-57636
-892936
-606844
-660434
33013
-106745
431153
-760648
561666
-86801
593613
692876
-231192
-848001
94009
-108353
-211558
-89561
-780405
-777725
-261427
521331
-868359
699558
-579764
984293
431217
-86767
576147
626535
570409
162798
-973863
226325
-271258
182408
-49609
219188
966433
747978
-814934
-992987
367542
-562723
-600221
569790
-718318
90
156681
-839706
-423765
505512
-646362
-37280
-197045
-536263
-875999
-200494
964265
426946
2471
-972791
-651888
634333
678641
-195285
817248
818457
-954323
657034
-111947
-390050
-204951
314314
126014
832510
-799148
830028
-947144
816332
995020
-686004
947061
764287
24409
-486312
-768462
-960679
656375
916213
-46911
856336
654663
-167484
747363
-350555
-479704
892985
947204
-78607
-822832
362130
254758
380918
-975928
-582677
286412
-309014
-812966
668549
-417225
138833
827915
-672709
515667
-682913
-499382
-652201
516026
-615293
-258143
347260
495508
922856
-752056
202820
657884
-508862
-955548
-106292
-803288
-837894
-298761
-389438
-562578
-734018
257163
73754
-903534
-593119
-558387
787370
693649
571074
-654038
-215761
34725
-71508
-788095
95946
812876
631050
300255
554696
650855
488098
138710
782991
-70659
-751858
909286
249323
613087
-685471
812787
-900837
-81625
550415
-102799
-87769
735232
265933
-211338
840882
-423000
-927676
-994452
-655881
-155775
-148876
-871827
446647
967587
-377694
582489
-972010
187916
-799153
827196
709745
-368976
166898
261684
-967261
-74320
433705
-446999
-236892
202884
243548
145960
75376
510179
-979650
-512130
308974
-715207
-508086
-11292
243284
313207
-889803
-837749
-408287
-590132
469953
606772
-327732
82793
503424
205942
64974
-487298
864863
-670513
-552940
-539262
-902527
-944441
-264129
838131
-116663
-206743
-398056
389007
-187559
-398418
868113
107742
-302938
647996
-161764
-538625
-899324
-26351
64697
450337
685977
-503389
680156
-729246
295027
-367918
-130406
-659119
-126725
777091
24991
-218354
-454760
689828
729253
786890
893240
-956338
-52704
-134054
218375
968659
-145300
-330151
-959531
261225
902967
-65302
137730
713225
892352
-486655
730908
-664873
984731
446394
-8040
113827
-196471
-148360
394440
914012
-316834
-77949
-305468
-676258
-831745
915702
-186258
136808
844443
245137
718564
-554204
262732
-435859
-669330
574394
-80843
-278670
968939
-634170
-849136
-47006
817188
14110
776766
314106
391591
-464505
9480
196981
-817892
317241
-991606
-704407
769058
-190236
509368
508672
624718
171045
-163697
333041
359949
584914
-104175
-726231
740941
990081
458051
180995
950727
-77183
-997922
-608730
-805603
-638187
698630
454460
-952085
296943
-447178
75171
294322
-927461
-894759
-259311
-131825
-995640
185310
262063
120483
-69343
979831
-426664
902220
-430928
-43300
475531
-6525
628638
-884524
-680517
-488668
474889
-633836
84878
260491
-290963
-320667
-996187
570057
-748531
628484
-347665
418340
-436470
-413759
-106425
17849
113169
-927597
-316456
-720356
-326275
-248633
948987
-121590
413460
146207
56218
627499
21396
-223125
484375
-403782
177528
306667
234252
133622
659710
792555
-123515
-144765
970245
414339
-503696
-427208
-429108
472762
445692
-496193
942458
-441609
981412
285839
-933766
-288236
-356459
-983473
-836013
-286539
-596998
363224
466942
-859291
-2584
509880
575513
-509811
808413
-316817
-765113
-79475
652190
-915715
82695
-910400
-430104
-819869
-929148
445342
200365
488509
-921647
-796095
-482889
-405327
-301094
380733
145107
959680
-191993
-366350
469259
296370
-691050
-75410
-332284
487254
493615
-520406
153871
975690
398410
-493521
-419644
-81576
683319
-600562
-899622
219429
958687
-490709
728433
-961233
516482
-106059
23728
913774
42803
379403
-624950
-78056
-608262
-222855
53648
416911
970585
810078
-252565
-292194
592235
509598
651612
-279814
737025
219207
-616017
207333
332144
-383421
-853555
-898948
-721036
577072
-278258
930687
-292110
615526
54453
485115
830077
717601
363551
-502535
206851
-797534
-547574
-149423
-811750
-15555
316732
533601
495281
-27696
-670235
-522106
96997
-806205
-246784
-836744
-680541
-592268
88681
347107
586736
939750
-753071
-237233
133879
-337472
-827983
521936
847315
723874
81917
-72064
-110805
523627
586831
-479299
-341315
-492203
58881
-891426
404330
724315
-851276
313206
243133
-125403
-10622
-705484
975272
747994
-168607
-554301
530295
518255
-251083
-689800
-641656
478158
-725867
898570
-934535
641144
-158640
-555439
635715
718895
552189
205733
-732982
-735549
-966252
231663
-327928
100858
-65143
50576
999370
24523
862149
984675
-963387
-342010
459164
147157
375905
172040
854950
646268
-211787
-385760
-4863
-891543
-110830
677130
-317839
32307
-339946
638645
975034
609642
997350
-775987
951772
161590
942393
-789726
509191
496542
663745
-252566
814692
-637082
-454111
-471490
333250
413768
-472653
861306
-647984
101951
678067
258297
-729908
783391
194475
590126
-283465
116151
694813
297203
864032
-826981
-592499
362106
964903
400989
634182
855576
153358
192905
-703414
-650486
-992519
-876471
180560
60876
825305
254767
429465
813615
-179436
-323584
130551
-394149
-663983
672390
44105
-956963
-349969
-967384
973076
-35211
-487663
396895
700953
406563
107338
-733667
-296739
-768888
-718926
438256
523571
-864792
-821562
-612206
-687884
930851
-248180
-343925
566625
-492579
-885461
-422865
-315203
-619579
505431
-22085
292112
789813
-645583
-479254
-484328
829688
-155200
-709820
-549413
924257
198717
-876973
582401
522290
725184
644708
141189
-787426
-938262
-424114
-431153
77751
33412
730841
-229377
-21193
-435575
-119834
-859653
-451267
971328
-118144
923381
-320864
-9137
81746
316908
-618560
-979312
514911
667950
976032
-522299
485353
567165
484808
927374
-812835
335576
944978
-23931
717154
229142
987938
219457
580707
-164514
-473782
-104293
10518
-78102
657817
365852
210431
289790
-642787
936851
50420
-939596
-340601
-579544
492930
848611
601629
352246
671131
978466
549982
-560915
-922070
977558
-766879
-125114
-498101
-795633
-357826
-296700
448995
644799
789751
349772
257346
894741
-614390
-95277
825495
-506470
-945896
-694247
852674
-417068
341350
-752349
457327
102257
-4894
534248
429222
-479398
712258
-173594
-932906
517501
-349681
-594550
620526
-105069
-73240
-446602
565457
159385
-822939
-847065
333631
-593132
297327
-767316
-367651
314604
-535286
911428
416856
-690125
326790
-524819
409242
998048
312587
-571569
-698722
-933072
844575
774211
244963
899130
784618
273318
-635106
198690
410557
369194
-423251
47734
79658
164499
-758547
-632567
-386626
501801
-523761
-819689
407308
40216
710422
460240
-123419
-977
-931109
38315
250967
-512726
627811
444214
-723195
814358
779868
-274352
-866173
237726
595912
-500562
389099
-514644
183414
323687
280021
-211499
-694162
377278
-675209
-34137
672235
961690
-909408
4249
-989615
-250843
-979469
692843
-280052
968596
-59905
838121
-762476
-466835
-251970
-846905
483055
-882447
604101
402046
618751
687040
251337
655255
-525693
-350165
521531
81390
18084
-533433
191281
762257
-399435
436103
187187
-372031
579825
94479
896585
149424
50217
948589
-72476
-212470
609946
-686079
703701
863908
-938779
-78287
-928126
-976991
626358
310533
818327
4175
917676
487923
823658
-188795
781780
-123092
-809664
-258475
-560846
-22613
-380207
-880322
186927
697763
-141287
-358902
481823
-491726
706176
-378408
-32470
-880971
615988
382526
276507
-816505
-129555
100470
-409628
-206167
481674
-742210
275177
-125616
250037
-493376
-651376
-287046
-441992
-368131
-64964
948380
955044
-119232
750453
688896
130162
468331
861645
-423037
150221
-152753
-847787
678790
-271928
-390470
-277545
-220022
-505832
-523214
114046
698714
-774831
-70512
517372
876657
-407092
457885
-545592
749071
-793331
441164
680584
831305
773131
-316445
33941
-106022
-218452
404838
-809489
-985105
-512455
-950894
-711910
87890
489344
-819770
507265
456434
619532
322905
932122
-899543
-137085
390100
495495
-885821
-570844
17413
-212478
611384
337375
-105923
605433
62638
897888
-490483
504610
-39435
-398500
-585234
599086
869024
530667
401256
-233816
-320727
-413752
-35640
-896306
-671756
504542
683211
-162834
-982762
154143
-559488
310799
-102900
-762130
680625
9454
256077
-283615
-338307
562098
292355
85480
-605201
-264735
-754657
-287966
596888
-798815
122564
-825434
291216
-118587
19140
-813485
168661
370702
712675
-5057
230620
876608
-772891
-115307
-552320
-450265
320144
876389
752489
487595
741078
564761
38050
384898
377550
-865642
-510521
260450
176933
340262
-372573
950464
-798611
-375912
-397121
702771
-179360
534178
-880035
-859257
181439
267852
-237097
230949
-415168
-791715
28775
-878213
265551
370614
-477831
-691918
771131
-435945
-546587
-715554
-772492
-995048
-261096
760614
620851
491066
-175538
431640
-911218
-445830
383946
-813516
-735162
-912293
604554
-663117
-228108
-598635
478567
-101724
-445392
-934207
-11820
85378
894348
311671
-904302
-3580
-846254
-10175
-96502
831185
201556
344034
804090
-215063
-720682
44203
548992
792
174936
761298
801956
312861
-357506
-549345
-79081
917011
244955
-964014
58952
369325
951320
-842802
-70069
303601
-260700
916726
732848
-737325
967903
734442
-755866
-803445
-646347
993415
-809936
-125813
268356
-400628
353836
-897102
-270215
-817668
257746
334217
507895
-37810
-471879
-122310
-498400
965995
-436926
-811542
-117519
818090
843027
-906478
-184209
867717
356450
430534
877497
122092
164349
-986295
-921866
-314102
-375289
261481
88627
-421634
427655
799498
864076
638941
-710955
466240
-901170
-385435
-331238
237321
-900721
-107570
-718034
-674554
-826774
746317
701070
716651
1586
-193786
248454
610392
-434374
-374846
-699951
-662561
-726848
-688508
836915
-466331
-137102
588866
333819
-734064
135414
309444
805455
76308
703195
826014
974631
-597925
-850707
995356
429702
600816
993816
-125114
662614
-419281
-483240
894229
494213
-313799
598148
-747036
509946
-709595
226637
-426245
93344
-24343
948145
310526
316601
877303
-398856
346199
-667861
-713559
-822721
545883
53231
711462
-478805
75239
223000
967218
-227683
542465
-891323
-842775
341959
737160
629548
-782265
-696288
-34467
196058
-370662
685899
-750147
-482645
74094
494541
164274
272258
-699598
388551
349471
-388076
668232
-43612
750412
-822064
727800
215187
714163
-963668
218402
347605
-611135
731549
-916102
-997318
-441755
-708867
-113506
-362566
-549143
-482684
-816124
-799935
745666
14017
159894
736075
-399125
925702
472428
881210
-996915
-422941
930909
623406
661604
869855
211671
885395
-768923
724869
278074
-193971
-714983
-527443
-526778
-742781
-552814
664975
-416120
-351203
620869
184058
-745325
538129
114615
21614
655614
510253
-277266
-317742
-559011
811518
-785010
696667
-649696
462895
470271
10323
287734
-779041
412188
-34470
-465246
-177748
659687
167365
942882
812048
449590
-481734
-658567
113164
-728144
186108
-337112
-649530
-504470
734636
-66751
43122
-94403
-612844
991546
129099
534096
702540
-971354
-760203
-573096
304693
-738365
973147
530653
472316
397985
241074
500210
-78482
-332462
-438702
449092
86445
-655799
-471176
31480
669195
80094
578595
630707
-840882
485853
946845
-509024
-915840
-85274
652738
769090
284157
-291899
-879552
834741
-161951
913561
197127
26418
599874
-133514
-562469
-55657
227213
666167
652779
-252615
869519
-364604
-741839
-31005
-858387
883378
-113443
939453
905441
-897069
28315
90947
-252300
225421
-572629
-869113
711881
-58663
-406853
312298
-397765
-554099
-192301
990469
-335872
905782
337500
249977
769363
806177
161556
840771
-83877
-109690
-813998
-231041
-769587
658094
641724
86455
339890
940784
-192637
-854383
962115
152874
289499
-289459
-26586
-282529
375129
-802097
-312754
-906588
366463
259901
766463
671105
751639
398038
653355
679671
973945
331366
-264069
996145
978158
915441
-728674
-740105
-247789
-819011
-34691
-903185
611936
-251614
838621
-540687
-753014
921022
-358225
-50509
-513084
559508
-435145
738787
468768
-80242
610043
-371279
26922
-891682
-922582
-681627
-431946
639195
-811506
-427954
223124
347329
-519531
-193548
-389064
410325
463761
519579
363699
94635
491401
483628
843489
83319
-980806
-213200
-32596
-171988
89373
-540117
-632426
-988714
910193
612448
-345089
214520
22511
75798
-671254
-178098
-634287
539616
-954370
894160
44679
92191
-504059
903703
248018
446732
337187
-499201
836971
-935101
831374
310355
256318
623198
-562157
-51874
-598547
365853
503144
-960725
-892797
-991989
414975
719051
-657965
-320914
10740
-416576
-260973
458099
755538
440163
729493
940081
-457067
-825318
-985318
-301666
821485
607116
461603
573595
-452565
-931411
-540146
-940696
575039
658765
-206255
226970
-417249
449821
-669034
415003
-56890
-70787
-416672
338755
823317
-707003
315952
856790
-328837
643367
-525822
-543688
-650036
854977
52308
-251104
-430800
-650690
-99419
-656169
796694
-740025
851229
-512174
712536
-762826
-949088
725164
-994276
452431
-434569
738672
256779
-311013
-408477
-276088
-684369
-701104
-853316
624416
-301440
941406
723378
235710
-151744
858938
325322
-952726
-964881
28951
985748
-563374
44681
-332514
-331279
-472439
898688
-57804
250905
458497
146275
213538
885206
95694
442961
-744294
-776685
242497
-467604
-367887
330816
877450
375400
949040
20410
-442461
323225
-893417
804055
-723907
999547
-402793
-334952
-74856
632491
642316
-335438
305535
563158
-87965
-279856
-903226
-621861
846563
-259303
435116
21625
662327
-226790
-146552
529230
-808863
-51624
993203
720320
-493541
131583
641391
-505429
-68017
-841680
846995
548365
-658776
-35741
464441
31421
-808348
-11809
976980
497763
-929708
-17763
-821232
33906
642631
103950
-225346
-471271
-589762
-155341
-59578
-174007
9461
37811
-165444
-719226
816843
78489
637504
33832
-807297
-391997
259977
163760
172802
758088
895979
86086
-617140
-348455
-890735
717133
-674071
286879
-944576
-653497
-104510
364807
484095
892450
738203
904969
852671
23778
-864200
-299933
687203
802835
-881882
108226
-20687
83532
648675
-25448
-314557
593523
-174037
204180
444088
240224
-783549
621328
-785883
-950683
637152
601869
-698725
139993
479388
737264
487601
372665
-992168
-427270
643383
969267
-603204
-431052
-531334
998315
-704185
-713454
617683
-920064
947738
-400419
-73608
619838
524841
512827
21348
213544
-689193
-917128
-721190
-219126
904989
504973
445020
841222
357514
-737299
-918788
834650
-188136
-791873
-667322
936749
-56855
270307
118706
-403917
-206677
697911
-742874
672923
-727858
215388
-930034
55194
147837
-648172
33107
426063
-393303
-739183
-659559
-299982
-607129
183285
504673
-218169
392458
983737
-777688
-115365
38124
686529
973177
-925407
-294590
-197903
-861812
908452
765894
972590
204483
-966339
-359270
751611
-646339
-931664
-811323
-913817
-4364
-129429
-317472
902919
183912
-413696
268214
-433763
554711
-461442
-290044
150247
-301677
-34938
60195
-743733
-604143
-753819
608045
-207475
-515157
636920
607673
540951
-962325
753923
-354110
-18638
140879
822990
876761
220432
-243701
-902366
585580
805328
-576731
571742
338805
930656
623875
-927657
24835
948551
151737
839686
-860758
-263958
336547
-4247
-644327
413688
265051
309673
-485352
165578
481507
-767043
400551
-623366
-445371
-378540
553595
23750
946735
113803
-57538
778695
806983
466421
378888
-913674
527996
-95084
-127562
686332
745586
345725
797796
161479
1630
948014
827059
-262719
794922
595653
400730
-383902
571554
963498
576762
349986
-43780
940189
732235
-307902
-700361
90207
-449789
-565053
153029
-893328
464977
-477121
67932
-561169
410031
-172189
263095
-782070
139106
-839138
303792
754703
-817684
487627
880315
-993208
-232169
-761075
425335
727839
706561
-83862
567048
103210
-845983
234848
253213
428592
-96216
-13324
81765
627585
-502165
534412
518288
-924370
-12680
-926868
-281233
-263791
787845
-698560
-904993
588544
485189
679290
170756
126400
508704
961681
-974260
485317
785465
-431887
-52871
88120
-686923
-629940
993925
225885
-627276
193051
-996094
-550526
-467598
-488052
-703224
919359
-185940
-114161
194039
-975127
-906024
-210910
-813011
-961217
888200
266297
624161
468377
948209
211965
198127
-254862
843563
-71902
315549
261141
-252457
186623
614819
580896
-59929
77431
60545
345184
-769225
984551
548834
-25384
375386
175702
-180188
614354
-967266
-843591
-579376
346610
-804929
686451
-516169
-562547
521394
-243711
47794
-419673
850716
-866637
-892411
160027
313226
-65855
214176
-941610
-772163
-184463
-429164
-829394
824103
-169882
-201813
-371369
613459
-843015
-81968
-195907
-344832
487833
-118822
-820704
-450525
-214693
9184
-347380
699240
591049
-53817
-173159
-290994
672249
223947
-404776
-772017
-5667
319006
-263950
-636035
-808749
89331
-257997
-98153
-401383
72220
685782
-596114
-805175
18638
-277890
-153245
939230
-851434
-645286
20269
541492
844171
411843
58016
321069
618845
-336320
-167640
403633
-863553
-316919
-231549
501253
-237634
701384
-147566
557449
366998
516440
-843183
-307255
-94986
491221
761903
792520
381892
-621551
-134949
288202
348389
-194628
-757751
-872883
-498443
-267131
-355567
792060
426023
-264478
-811818
-476307
655364
349768
-991490
129870
-464159
-793326
546228
203221
-827372
-509284
-739553
485175
281739
693505
353905
537302
-41783
578172
-105186
253227
303058
924216
-788312
-107729
-204905
-947991
-297557
-399832
-859302
-534497
-487134
-633820
643731
624470
-492724
-717904
574175
-359155
608864
-53146
-809115
164243
791225
-126941
618983
190783
-696331
-889139
-920300
248283
228207
-608617
920064
818877
-846573
-710475
-676599
337593
740022
-690689
994461
828868
479994
-813439
-830995
-805866
-855386
665681
-775076
634279
-564617
-83044
255716
-473927
698992
313562
-649328
-412191
237245
-250392
-531408
-689366
-741275
100550
-922021
-464307
-397977
-638125
-93560
315674
-507418
519446
-558811
113581
-943340
471159
548293
-937391
-278363
199200
-703980
-89082
116819
754199
708450
-498344
-869079
200946
-670142
235615
414273
-929915
-911306
224957
983321
764860
269857
-229879
705581
-203433
-622783
-150090
912176
-207983
366851
234063
488880
932357
-428407
-351022
-398040
-954814
553409
-702058
-172308
-53142
-66611
-676883
-766689
-343205
417116
-297171
-312669
-28832
477683
486398
-550637
-734851
-905407
-215229
110460
341271
-163220
180305
-278332
-630725
-282794
-27499
-863040
413605
-605590
459563
-911803
-142464
892082
290539
-628463
-667354
-660617
-21869
-620311
801683
499100
-736750
-575925
-999927
-432915
-557509
63492
298380
-548336
372497
-250087
865587
629273
557514
-259743
-113464
940346
-606605
-900810
-720525
271353
-994743
99622
-176426
-158426
-246268
337054
587655
-601112
439676
-11255
265900
-124141
493260
953546
144021
280097
-663026
213053
-445560
548407
-459462
-374821
924340
-548860
408372
87417
-597990
-584367
-609832
-719554
-727363
54942
852728
-715418
-624140
-520712
-680490
-709506
-146702
159536
36419
253305
565532
-704448
223554
-478963
203963
-377890
-440972
-999382
644695
357235
979
-899744
889149
790683
-260953
-589648
-213613
510307
506849
524514
-576889
-151148
80887
660329
483336
649691
-699456
-949701
-37175
-9143
-396880
-569235
421581
-258782
-941561
747814
326729
-895409
418391
-225588
-327143
947211
818808
-345330
-189679
604222
54140
-220375
-973145
698874
984277
-695840
-642965
713309
171552
86715
965617
990332
-923229
-95355
-458893
424813
-583410
862281
997088
334474
794
410507
-833048
-430086
100465
-293208
720620
186834
666571
570759
11206
176538
669614
704414
-944480
-341928
-702223
-707495
-732074
-520620
803635
155403
777943
91125
-726281
929244
-324101
624730
-632581
-742285
420672
-856508
-987872
758060
-12652
-470918
683024
849827
-914228
168887
286662
83636
234984
-86748
105848
892530
-775078
-490827
-259077
-101487
160690
624492
978898
-321481
345637
600908
570920
143441
933008
-56544
-157629
582761
-96083
-943181
28179
-85841
223187
363686
-872009
-966717
-99762
-547196
-94046
-187774
-775275
201609
220691
336079
920154
63428
527577
-543642
-125208
93365
-857891
463512
704966
601694
373450
184029
381052
-755989
-510012
982716
366744
-81194
213815
25939
-1771
-366561
563527
700408
831048
-325943
933866
510559
824397
657436
11956
908941
40781
-723491
-266336
6095
-60277
624719
-121626
-149408
-237191
616126
522808
-993333
926406
-661286
666991
989263
-592534
299273
764275
766772
395977
-289117
-919531
959458
111868
-25122
-538784
-208167
-364223
703763
-195413
257983
939657
-22754
742603
-806943
-376642
941118
-132211
296757
625181
-4072
-725427
-766570
-671171
-405813
440479
-72610
-981126
499682
-202626
-578833
-468953
-342609
403393
909857
-688772
-507940
702233
831061
715186
-895453
529538
-632296
-369200
-157950
-5237
-461968
-322548
496236
-256541
445244
-73281
-518476
-630275
952928
894247
-259253
-164764
557573
-792371
-363565
574963
-129377
526296
-408927
-528726
-764355
200436
-186540
102729
-456716
492706
103895
294425
-938255
811159
-673969
603844
940369
137904
594990
-123323
-748171
-779472
-970966
-785119
-60319
138427
670467
-940220
-851042
546631
159529
79000
-336177
7530
-857001
191249
988644
639841
-255954
703087
169032
137108
-228724
402543
-683640
-807148
-712107
260443
-195880
265644
564765
908238
677066
94190
215151
969149
214295
-614919
-114928
381254
-890757
-135008
9863
201969
393912
-920997
-506058
-170832
881101
491016
-376817
356628
-323827
877138
-15224
-275360
546953
52738
-374137
654378
-604199
400935
-310949
-704330
-276317
880201
211817
-304415
-662335
-547778
-97162
231789
372133
-52330
415801
-468242
637305
27940
216131
770485
-627592
-490273
-438612
-343329
-491656
75320
-962622
-261163
-8762
992588
-108272
-380631
634333
996199
-280644
202030
-872741
-588713
444832
106730
-911168
783341
-848008
236361
-953039
-971664
43719
202632
-792825
63285
-75981
912173
-457457
231212
-237334
229777
-821112
-671458
-738292
944488
237592
-333361
798409
928140
83195
-182731
985864
986457
750594
45245
565155
866673
259409
170103
-726440
-967511
-705421
710909
-426760
-827284
316550
-506465
-795587
-128669
-693732
-230613
-35022
895822
143761
720336
920182
399149
-390502
162354
173556
308356
652521
-84104
-491331
-978018
311939
-501694
227762
-461075
252747
690124
-830412
687199
-395104
-401588
-600859
-683643
247999
641264
-221602
968024
623067
-271720
784150
891821
396563
-874718
575975
-586417
116834
-608581
697604
739548
-379884
-525380
596427
-121360
181172
199501
-992722
455809
-482656
-483815
12168
451549
-876807
-571692
-311360
488510
696782
-218421
-919998
592877
-818843
-237436
-396035
186879
-667
-748845
73749
222243
-604654
75768
-540079
-980432
-469819
244853
459753
523262
293873
585001
-239425
159794
227112
90570
-200883
-694986
498214
-997228
-34537
-136935
499228
-138580
464622
-233834
-726324
179012
-707991
-47169
643267
-27096
235167
-369099
-921902
-950982
-776949
-971425
34139
-312165
786610
472664
603854
280684
-960961
-850184
-3638
-131139
-398459
-552834
661889
592612
20253
-235675
-248339
601150
-960769
550356
723609
515573
366212
844832
327842
965611
-172860
142617
714781
-221951
-293530
462883
915131
899736
371228
851471
-973699
477932
-944866
-506816
872421
-32667
-83143
885810
-253933
-17397
-619140
-388168
-717129
852529
855772
-260098
-392945
-213066
-832102
227907
499610
706211
770111
-745175
-416733
-527638
-483254
535367
-566398
-714158
-777154
556500
722438
68460
-386099
-467668
-650073
-511144
-106727
-920645
677176
-953706
390177
-759764
-457128
936653
-762274
-342974
-171370
288967
-761013
240785
-906556
-62735
892490
-830826
448678
-101659
-803163
-4460
-450882
493772
-662352
-725273
187847
-23292
-166464
-212214
-67481
-797006
885469
-665871
617785
347880
-550711
-186613
-227147
340288
809723
635372
640353
335036
-688507
-785099
924040
-572057
646158
415197
-658664
-830196
-804445
969992
999241
897023
58516
-420597
902967
-468671
-417448
-884271
958014
-286668
-596439
247814
-419712
477957
-546925
-522846
-422293
-518506
956961
607307
-57856
582057
-68886
415761
564266
-469714
-228122
-440643
-995611
989487
-885564
-877822
-938235
-662368
-713302
850822
-706257
213645
245005
450068
408438
-686444
889398
698821
-868707
465333
893061
-289264
-321533
-974375
712747
898083
712080
-57683
821016
285190
557420
407854
632075
-949700
-73477
186200
397420
375038
299627
323602
633426
-638511
-901141
-74347
-761272
242208
979294
-444299
585996
559852
28040
-920176
308560
237839
317354
-813252
665977
424538
-675429
-985201
-127907
338376
-59031
-646439
275770
516969
-476402
487599
-510701
-461125
867483
485909
-740217
-511201
509894
433044
-721153
-924123
745491
-617505
-377773
148418
902545
784590
-992405
518966
-178508
-319390
75264
-868816
-90065
918194
482093
-397100
267463
-592008
355351
633175
699860
24344
745105
68746
-916020
70920
-715029
253502
155175
594646
-392423
-323137
741114
-502826
894633
-681737
358485
323858
-844336
792853
-844146
-632832
-471908
507913
-602341
828449
62642
708881
6427
897690
847894
586706
-77672
-121547
41719
326197
-157407
340897
-984459
-458714
-943181
-280919
-541910
-951786
562635
-990194
-579727
317249
728215
190868
-65410
-671920
301710
-792347
-917852
-269310
288963
392725
29026
560656
-272929
-716998
-25711
346577
-840924
385593
622014
-374026
882524
810839
500852
411588
733148
-627602
739772
636285
-714976
-309451
-951029
877548
-892267
-695861
705767
-376084
-742035
534722
-381436
-232682
-432565
-449144
124887
-465486
973259
941270
651594
-523390
183252
782123
610958
691834
-643828
-52411
-690440
735187
-91534
-988811
648892
623585
-504238
324644
328860
607051
-821816
169720
-990992
412372
-999486
-502152
66133
399102
459775
319159
593800
-732984
269958
-535475
-618701
-83246
-232702
-429969
697764
-405600
176624
672506
14352
-886746
-669463
121487
329284
-735945
-988883
-192450
-605977
-654698
191377
679613
871412
-316445
-359531
451368
-71447
-410746
646153
15406
268589
548835
-333477
636874
-638343
563273
862223
241778
-34239
-336278
978326
-750125
396421
-969946
726111
734286
-514032
230510
583718
-9530
718835
-817161
-440265
-745677
-148952
428141
86709
711157
458630
906317
513156
-220608
902519
-108334
-962868
-185072
-740206
-760061
-422302
-342888
-171823
801756
584223
326185
-78861
-413256
705872
315998
755431
20734
-329955
-373394
-710900
-916630
-474863
-416176
603606
816344
570309
-856971
-29202
561439
195213
653920
938453
343792
217524
315531
433787
854723
-303545
-986028
47845
-550270
-712016
-876472
-17502
996564
-791493
-203916
-214566
-34031
-602736
-992909
643794
695924
321742
214760
517333
718371
-586683
-87898
-595737
951684
-217283
-876759
902726
753165
-678704
-946728
983547
-488241
-730087
-716794
-737127
-611851
898471
135634
-298768
-760621
-16703
-929581
-391591
-384219
-485472
-862093
-283207
-157645
344285
406248
934322
-997598
676220
947840
-987304
51873
26493
218511
-225961
956844
-308038
574670
-555086
880487
371154
-329416
607067
142691
50945
-256794
727323
985652
466314
901620
152192
-320124
996913
783522
166496
354064
875014
893268
521351
780314
944834
-579053
625624
231836
588548
-703661
385480
-550532
-220342
-704078
859716
-752263
450924
-983225
185189
930538
476645
-334232
-904393
57991
947241
-334685
-345
198010
165703
-457730
742511
-603955
-411513
870765
-592170
-918604
-941937
-181046
738979
-127552
846088
853392
123154
956416
-270076
-756594
-430563
274433
-129936
585971
-943549
401541
548690
869272
-972911
-647376
307055
-856685
543189
-933258
-561001
-386304
-885563
556604
824134
523611
-963084
-743567
-231098
-87132
-620740
-502954
-922884
337978
-155158
624598
-287486
-559986
-192354
531681
-387244
665813
439543
-602318
-318758
-861114
442185
767985
-297632
-18876
-534070
-317221
-771014
-321565
-747616
309906
426716
634976
-17179
53803
-380077
617680
-310194
129523
-277772
-351036
580518
-75041
874276
206172
-597339
-631665
-579603
910302
563770
-63647
-633237
396899
-507317
617084
948452
894044
584571
661531
-217271
-499486
-959522
168039
907457
-377351
594020
18860
240677
196881
198814
548572
224045
-703032
849980
-504391
341204
389971
83825
720232
406435
582852
-490739
142212
-595479
32148
-915861
-443941
610164
-815155
-971357
-635698
798683
852762
45508
-17655
-804715
318503
772870
319555
-764018
676167
-783056
121079
-680467
-560499
-611654
862242
610621
-900896
427839
-867402
894910
-384211
-659384
632644
-766912
772446
-648255
-970653
-121363
-905542
-514973
499374
239981
-860311
260620
-2050
-528408
-132484
-20445
27140
571790
-839491
668379
-224242
-377146
98167
-315476
263917
-797140
212854
-256688
-187384
722200
-272926
556755
-257745
-337472
69622
753272
196536
568597
499498
-910511
448168
597666
978190
371516
661768
-96329
-924708
-647583
662496
-192939
416767
541706
495740
659792
863542
-386853
872894
394672
-451667
-666128
-989339
-59564
257236
35607
-229629
-356171
-613490
-856507
21925
834719
841853
592721
-543289
-672777
-856723
-538640
-103872
69668
-107043
308023
595377
-356858
-675178
642235
-340058
-783549
571558
456709
-453508
294278
-805973
-155350
115256
-954252
-255909
-902582
-745382
-649804
-831945
259698
-930964
446551
-342400
-41962
227386
-776592
-704983
777829
-859576
102092
119386
-977402
731408
-579044
626796
-621789
899197
-106743
988099
193304
428770
-911767
628480
759941
416851
724110
984058
-858882
-377213
64404
-674212
136012
-684973
-369350
-691238
220650
-141556
650421
-874309
896003
65463
528456
-588340
-226812
135601
-441960
95910
-769182
418043
88173
242487
-98728
642483
573239
6762
-597395
-74121
911747
-366344
-691219
414573
927095
880074
796390
-612066
-1311
-537535
598529
32037
254186
-488044
900364
-782680
543362
-278169
505078
330730
345581
-105631
184683
948393
-854942
-728414
-192183
-940767
-101771
-431794
-699819
371456
119459
770517
-615461
-593141
802813
471465
-190218
-486599
375963
219940
762238
289146
346713
534403
-335153
-469291
195737
-362744
388770
566803
515474
829566
398056
432680
247034
902001
205847
73926
86205
689542
923746
882157
-505693
429813
158312
455145
965865
-510800
-306217
-600884
-460657
168759
-139905
-421746
-292594
455133
-570284
889264
598172
-5292
-770410
664968
908465
-865489
-240156
171009
217394
-443637
-965424
-110533
-395934
-15417
696932
849474
595853
-199895
-472780
829927
814603
269529
364590
397902
-358447
-482932
-64923
59514
602762
177693
-696332
267964
569100
-41141
-389546
72042
153702
496390
-40692
-820234
160278
532484
879564
848844
-898797
-42134
-844490
-70905
-450002
-239813
-313908
896016
9052
-102399
-200828
917151
-212517
172607
325590
-775096
-328581
478771
815648
13753
706743
897639
-603081
706652
182102
-406968
-835187
-335004
541801
-923235
452037
-434960
655640
-416184
-562570
520446
-590692
-234444
466838
784040
101861
-274482
-314139
278904
936238
755411
-176835
134480
-373228
-192003
-100821
-137339
-487214
-444020
-797449
726827
261703
-460503
-661407
716633
-829473
-101191
324534
35695
492288
296479
-255864
-416661
506766
535171
208466
125382
711746
-917172
960188
163805
196430
203241
83773
988687
-564091
-545137
130783
354808
-430201
778328
533808
157542
-481039
187980
-223701
901788
-864623
542496
-684444
144386
-533516
-36579
64784
500008
680131
424652
-448224
438203
917741
-213586
259936
-855106
-644896
128245
-215391
16803
-38773
992425
-625786
108044
508817
973542
1436
-353071
957037
-395604
-261325
-917615
-211924
677920
787147
200011
584507
-517123
288295
214072
464680
816142
313502
586831
564562
769590
969471
689152
195157
578472
-563210
62406
-33069
-626259
173935
974381
-211981
-82132
689798
719173
762273
297990
969352
262640
-530601
116505
-658338
-491220
-965181
970854
-105937
661976
410677
243068
134114
-395905
-460842
508743
963350
901909
-583027
-11142
-179635
-631587
529397
-924160
-317695
-691702
897627
-345799
-55967
739365
747959
-574920
512880
-469237
-358061
41548
538166
449331
-306576
-749741
271397
-890162
-989409
454631
256087
205388
51343
-225528
293346
230846
-968450
-246653
232334
-121662
673541
-90784
-643653
-593386
-540814
-639268
690978
184821
299589
-52923
-329333
-341632
657038
308076
770759
959068
923350
573745
-132690
242830
-367695
648870
-406701
938786
195361
772493
-668596
-151850
-532199
-585255
965881
647838
-306778
-970443
-579424
-381723
-985377
-352274
93225
640039
191324
734936
99070
-743347
-528099
899004
-79259
-403725
816454
390561
921840
-101363
344997
-927016
129090
-482111
733390
-121221
-397524
887650
579060
950137
733231
385607
331277
370051
940237
-883506
80836
-177594
906324
953470
58665
89816
526138
-267280
-246795
825967
-660089
-34352
-178499
555271
303770
679717
-936946
-751298
371622
-262529
-186168
-663470
-137873
-253218
-12588
856837
307429
-802997
246742
434884
381440
141568
161286
-723855
331581
-472868
10091
-533845
-978924
887447
-356147
-886946
-571542
460079
-868665
715292
-610113
4192
527624
-864807
-719884
-325337
-235794
-894915
-699496
-290124
-544518
913374
325398
-215275
175299
-417023
326310
-954332
-716539
513642
603628
410222
-768412
231454
582409
-411253
892977
342484
761937
343445
-400188
-587928
296121
704994
238596
128968
591882
-61473
-114568
262245
750474
130192
774420
606073
-492476
-326317
-283215
853687
983352
4489
801552
664062
-982484
295469
-206518
-398744
-63828
-558243
279156
-835077
-779052
628553
364198
540706
-802572
-323657
539875
866252
-991547
868979
332435
397404
-851298
18937
906813
-789083
-395355
-104378
594123
-92343
-522329
53370
-820947
381063
-224518
-479231
564031
-608320
191690
747654
654091
-167748
-561601
158800
-963612
110659
-583682
-994720
-588079
309656
116368
730373
-25905
941515
185766
-509823
259004
-902417
202809
665944
586924
-929346
-866423
816989
-8328
308380
-572796
689345
366146
601274
-683043
-228867
-748461
167046
-686799
-957313
825185
-86456
-488417
704348
-938191
356947
522568
115532
-882001
577064
-964541
-346281
548900
535046
-125198
306982
267317
909816
-516600
731242
36593
293360
930426
798217
981035
462217
233741
-18019
916689
-746537
-358903
845040
-478170
-806374
-947120
-264476
120184
660323
293054
538239
898252
-861743
632692
-416672
362626
-960206
-511673
301938
778836
469211
779869
431166
777718
318512
282110
888850
94324
710612
774223
784650
-809205
-781286
-173171
-24523
-718984
-447387
427351
-216888
373553
-178865
840496
996452
659147
-460146
-163372
-303029
470694
965886
-450963
711435
175509
-936876
740312
84846
252258
947280
-721611
382495
422729
536323
670402
784568
-830746
-631310
-506956
-853344
-523188
-194874
-594453
917876
168461
-716785
909718
-439901
-370013
-708815
670560
-97474
358659
-331707
-334374
-327468
-935553
-996730
775215
-778318
93389
277028
-654791
572488
-33782
596570
302868
-716498
168251
238479
-165073
580420
-802836
-116588
253304
977206
594932
-765881
142825
317554
-236124
-47149
-190716
648008
115983
94135
28127
306757
825350
-426778
47988
696266
153304
-645923
816209
495449
-394071
519484
-31036
198306
801081
715520
-124808
-422403
513601
156211
737095
373025
-234891
934011
487586
-236069
-670540
-755909
-957436
958420
-600305
93912
-725650
46759
-326507
-812907
-717349
-150452
-351411
455912
-842059
809565
-21600
611916
516085
-335822
313207
669153
-337842
642210
-441037
-639048
725807
924208
-970901
263049
-191099
955392
475659
-300373
916327
-973000
170914
349077
720733
-642001
739268
-814273
-599033
469837
990353
-382086
-836761
-86117
-222257
-434973
-976295
-562152
-556198
-121820
810568
965550
588441
821535
537410
724866
105402
569526
277871
-267830
-447493
838494
-492779
-13956
240047
617121
-641880
-558626
625518
165995
276314
82967
-475514
-529015
-164142
971997
724811
-611413
459500
983700
1318
-983743
115340
586995
-305679
370472
182424
689885
-880646
108383
482922
-378677
652643
-384169
259924
748181
-755172
-181012
524480
-658693
17138
-972769
568929
-173712
-440788
758460
985346
-289530
450951
75696
485542
-244227
-936896
953209
-572503
-757982
871279
360165
921308
-151944
945356
-140873
-177340
-219082
-215314
11905
559749
-347797
973485
880431
383067
469812
309553
-49948
947206
-781205
-202661
-39222
-90470
-768138
621738
-75554
161703
-33071
-280356
139314
-485617
721906
444988
533451
917461
42862
900117
-559704
-302899
812261
86937
607562
-511771
712382
892216
137080
902738
75624
-980391
817895
-186128
875789
-340220
-645848
769944
-16402
403083
937356
-295346
975747
918659
-99388
867657
984368
766464
317663
212705
-664189
876920
847147
374125
-192286
-336856
-27684
-53340
28677
-88529
-691918
280295
431711
441265
-850210
248019
91282
43233
49103
322124
702145
-716464
-3802
-812222
852407
107965
-472745
751211
-198196
282021
758879
-607605
777800
518690
-149775
-631165
214987
-508698
599985
-370884
-132761
624974
840664
624654
54196
660481
750749
463341
351278
-770494
-980077
-932256
54750
329342
-393627
364292
459352
-628155
743321
-968729
692059
292424
637507
-85807
-923796
-679433
-453612
578784
14127
-282705
908203
-577830
804296
423674
-911381
-446818
-890850
-838762
-441817
-53130
-431393
387603
555004
689746
281074
-42615
-541077
-530658
-550193
-405591
766034
-739189
-356570
-973962
-304427
-345823
-160499
495410
-949397
935579
-537287
30540
-916087
754584
784445
812086
-941455
760603
-741250
-493293
-95717
-27783
-104238
789425
210796
912883
439901
518620
-183749
-816382
-251133
-460489
759434
469544
-386794
-932769
423309
593951
382235
942573
106110
798314
-142553
957730
113989
219539
432586
-575728
613907
-250870
468913
-581061
-405955
113382
812318
-430824
-743466
472296
-711927
-990097
-556273
620910
280197
-648105
207830
-586156
-196441
97309
-642666
-823261
877534
181406
-383673
97293
375304
467368
20631
-127759
-983520
448771
-213220
810968
134629
301836
77443
-120341
-825826
-333193
-971056
42504
-113671
186532
584273
-113112
307108
-973579
778418
799092
-965483
-633691
295355
-658986
-176131
-511691
-652834
-458843
-514427
-74922
506274
-9705
-80858
-364633
-383876
-76897
-736628
901010
334158
-793766
-407458
505451
-327938
543947
-495058
774353
639585
4231
-49774
641293
-459803
275802
-211884
812911
79583
961361
879628
-492451
267942
-167630
-881507
332825
-619835
-36478
964039
328840
-372977
-258791
112729
738105
214262
-245580
-479612
963866
-592078
-838753
34689
371889
545478
434552
591813
455558
821313
390780
69617
-447379
888175
679942
-402351
169069
592107
335464
7491
603480
-651432
96333
-67333
942595
552478
960795
755571
387979
-866778
-521694
-100423
-228456
-916600
470232
585397
-582871
752323
749127
432440
65600
-893630
-667198
-939211
413002
-665591
45283
120199
188028
-704523
-213467
431455
-489880
268877
263739
676251
-711716
-892523
419152
563648
423201
-37946
99003
-539417
-982853
-972607
-320485
783124
-978538
555055
429848
-424672
-141578
-315282
742412
570689
-37394
-368555
-429369
831128
40173
19557
-873094
-290417
-312532
158130
-470217
371111
373213
-707534
479830
407530
397460
-447669
521018
610441
386957
570188
979956
623003
-207251
84141
-607856
-19243
671340
232777
562296
-605495
710855
4564
928171
891966
584523
122995
247308
-776583
-762101
-67378
-318197
-208738
562545
144847
-707717
550701
69619
228774
948688
-215332
-301616
41438
-192114
-262389
-915018
795685
927633
266684
535067
514204
-975851
434398
1893
-736135
189914
254343
811331
640779
363903
-645231
-879207
802503
-869451
-294472
-273126
-592569
-576439
815063
255780
-357122
964462
-638214
-350644
724343
-904599
797342
-221149
-111809
356749
-584260
-695443
-586916
-271258
-47640
-495866
-710041
658278
-565749
-165362
639048
260129
-865976
-868722
-633163
-723386
501811
-644625
-651965
909163
-889795
136370
-352527
468718
-541501
-581009
-540883
13352
427548
-962956
-103709
302137
312879
81380
581543
729316
-634803
-605338
-227012
-554918
121285
-156675
20344
-757391
193404
585906
-979672
-905931
-556321
50917
-877383
331181
930715
723106
-902009
-629357
-799352
301169
-745964
372138
-194898
165443
-756321
378388
409812
392671
-337949
927082
-894114
-953062
934863
33680
-77286
-834171
236909
274205
-867457
-985573
509214
493840
-834731
-42250
-186226
-377774
-949405
-994220
423678
-778827
336198
65518
-751958
-235362
103044
331304
796337
371815
-300834
297606
635351
-230436
-251121
-48763
-452317
625250
-348440
323547
571914
-344991
-779732
842086
-773905
-895989
-293899
283793
-647518
141509
-427964
-737062
858746
-321195
-899648
-378207
678977
39270
-526603
-517114
-277983
-8423
-228283
-41352
-972838
-379696
780306
503943
-787827
-335118
629636
539047
892316
567619
867573
756560
-570982
129714
-435743
587201
-695357
920368
-675438
229832
23186
483020
-575670
-221649
-391466
-126912
847034
808144
-585194
-541408
-462399
-855912
-628884
-483807
353195
713432
151200
-59970
735616
-10358
227143
-463340
-893861
829688
208189
-503672
-939411
-419819
302931
697340
397756
140765
970181
-218601
-178748
-326665
572274
-933427
-147396
129671
-796662
-965869
-645027
-186486
-423306
-799131
-239371
-635632
-692516
-754254
-715302
-992453
439633
-124421
-537591
-562990
983780
682638
158700
316957
213113
-115909
970937
136891
407628
-699978
-742861
570876
691362
554228
-407354
631813
-239396
-768960
-879775
-908545
-790422
303619
844830
151686
-917342
748244
486491
868023
-27000
-854048
470046
93509
631987
107159
457474
-573508
38019
118396
641908
175646
614160
111871
246718
-634305
-863304
350905
568271
-241107
-919872
154188
976569
-809461
751036
231001
879457
-237820
136286
-204855
302356
829458
-158121
90781
-516412
-851105
796624
-872296
840860
101321
-201409
18142
-67211
-978129
-846577
126382
-172923
844564
-650364
196771
718438
69707
443569
-749098
250614
438161
347405
-106286
916647
318573
-540363
483570
413234
-730854
727440
-512186
966442
-721143
168946
-640613
996800
309941
-153392
728999
-321723
996523
-555745
-336653
152701
-549412
662550
-199622
787646
959655
932868
-206160
-412232
533168
248351
-427520
83365
184680
300596
564056
464448
-190540
-174169
-325783
-304385
926608
982471
665742
640054
501674
126836
-484645
969380
-376482
874818
152129
-8779
525507
-671002
-192331
553957
-759586
22136
-683488
-587320
-163079
-128677
603626
132060
262294
-145617
83737
-426520
293493
-925246
77980
-291651
920733
-643332
-749655
-776533
-946775
-14472
-157058
379101
201601
-329828
325778
-271382
-399617
-847600
-145012
848549
-198235
700252
-808910
-629782
70705
618938
-448772
-364465
199228
-255792
762827
514279
-620918
-548214
962068
-522264
-574345
957173
176739
-711993
779794
-216572
-110490
-341442
-202000
821098
-582944
-925422
378118
-468846
218341
-17589
482687
-442055
691486
948882
-683024
-337086
-835115
-203201
540356
704961
-224828
-922823
-722338
249719
632458
450217
-977694
903600
-734035
-658206
-643163
-520199
763743
69294
327814
615223
-643118
-430032
-934103
126955
923986
-59013
-800878
581138
-429210
977222
786918
272675
-289026
-231329
317052
-336336
952378
121148
376640
-72296
-725660
301102
502904
-711012
824002
844210
590083
-788871
-736781
261851
-246735
484503
-362268
-747275
69339
592630
810965
-999972
895824
42895
461937
110999
-226858
-475229
69787
-592864
971377
-486671
19566
-931661
373079
165655
573
-191684
207713
-815836
-381589
255864
-893390
-321286
-944174
972055
620238
597091
768361
795077
-886768
581009
489446
-89298
-7978
-268245
-232388
304231
266216
922558
516756
30543
554474
977983
-687949
-612996
437354
938643
-502645
-798109
-164379
477558
-254730
-694079
-363603
-101543
288627
-53105
131853
208314
397035
277801
-825897
-101078
-14473
-785721
95514
-650650
298800
-640441
822332
-766429
734882
-479488
368544
-14248
645911
-922659
564953
-157993
750258
-370381
-898599
20740
-689245
84188
-846496
200126
-18420
-93177
-813266
416594
147584
397063
-913950
152402
-564624
332556
865382
-50204
-832455
775170
676776
-972843
-839973
-658105
-155439
649289
416540
524555
304509
-285278
-283536
-840821
-188916
-892712
50134
-231666
945359
-759749
-835640
-557093
384104
-614199
424417
813527
339920
159709
386376
255967
-685711
-218543
-207974
115395
573414
-766438
-40862
405595
341026
-432372
884572
607148
155943
635531
-616293
-689661
53671
496682
-391834
-983007
525714
-790090
913485
422012
-703816
-461661
372526
-170817
896410
-764418
-60245
398816
650746
277121
131577
-212819
887396
-301906
-136036
731304
290898
701765
-194062
-468409
-469228
113459
-360766
-135593
-918298
-69288
431025
511386
945256
-529246
-998533
-729
-523181
335803
231726
-60915
-533584
102275
990843
-691638
954394
-66845
41448
-560739
-681195
-607717
-832787
-775182
837834
932042
-744926
-703877
228216
133679
644224
554299
278426
-288456
217811
-887234
618529
28080
328806
889719
-508131
-500025
-517353
173411
119560
932732
-516425
412532
970984
117520
958146
-441519
525662
472697
365751
896325
-946111
397064
-373457
992314
414577
396401
-782573
118125
-130233
-228592
591581
515446
-801936
963007
-460884
-84670
618565
495740
6820
-731928
-439914
-717807
33757
-321203
-23821
947295
262605
-421283
-786057
-922521
347549
472983
251899
-741657
135241
-703028
-211331
806750
580527
-252407
-422057
-402850
-986586
718049
-70601
-468733
289776
-126118
-354097
