999985
999938
999834
999767
999728
999717
999635
999616
999548
999547
999507
999434
999427
999418
999409
999394
999370
999370
999363
999357
999354
999345
999322
999291
999287
999273
999271
999241
999213
999200
999169
999166
999147
999037
999000
998955
998918
998918
998905
998854
998815
998803
998728
998701
998678
998669
998658
998574
998566
998560
998549
998541
998531
998511
998457
998456
998434
998426
998400
998394
998376
998315
998281
998280
998203
998178
998167
998166
998159
998149
998139
998135
998118
998113
998096
998072
998062
998048
998033
998029
998007
998004
997971
997954
997941
997895
997885
997854
997797
997789
997775
997775
997773
997773
997767
997758
997750
997750
997733
997732
997728
997673
997647
997631
997626
997621
997600
997586
997576
997491
997491
997486
997484
997475
997456
997450
997424
997408
997396
997386
997383
997353
997350
997349
997317
997293
997273
997221
997206
997197
997196
997157
997153
997147
997139
997112
997111
997088
997054
997051
997047
997027
997012
997006
996969
996913
996855
996800
996790
996787
996778
996772
996768
996764
996724
996712
996677
996625
996619
996615
996595
996566
996564
996523
996486
996452
996442
996415
996410
996401
996354
996349
996348
996334
996304
996300
996286
996258
996241
996208
996204
996199
996187
996145
996073
996059
996058
996045
996015
995995
995933
995918
995907
995817
995773
995732
995729
995718
995714
995696
995673
995653
995630
995625
995612
995600
995588
995564
995554
995544
995489
995457
995401
995380
995356
995280
995274
995271
995253
995144
995129
995126
995099
995074
995031
995021
995020
995010
994980
994880
994870
994864
994860
994860
994857
994837
994831
994823
994806
994803
994764
994763
994745
994703
994664
994644
994635
994626
994612
994609
994584
994541
994527
994461
994461
994408
994405
994386
994373
994354
994328
994314
994314
994302
994299
994261
994232
994223
994219
994202
994198
994184
994161
994138
994130
994121
994092
994072
994041
994027
994020
994017
994017
994005
993990
993959
993945
993929
993925
993924
993922
993919
993919
993918
993898
993897
993861
993837
993824
993819
993816
993816
993799
993793
993721
993705
993702
993698
993687
993661
993658
993613
993612
993610
993573
993569
993567
993563
993512
993506
993500
993485
993461
993455
993454
993415
993395
993370
993351
993318
993259
993203
993142
993140
993131
993126
993098
993097
993092
993084
993065
993031
993002
992969
992923
992896
992873
992849
992698
992692
992691
992680
992675
992671
992632
992630
992619
992588
992573
992554
992504
992470
992450
992425
992417
992394
992386
992357
992314
992245
992185
992132
992122
992089
992027
991981
991911
991910
991886
991885
991849
991849
991837
991762
991714
991701
991700
991670
991667
991654
991654
991609
991594
991551
991547
991546
991517
991431
991426
991390
991367
991362
991334
991297
991294
991286
991285
991284
991283
991274
991262
991196
991144
991135
991121
991120
991096
991042
991040
991026
990995
990967
990900
990843
990781
990775
990748
990743
990731
990714
990688
990684
990646
990627
990583
990532
990469
990456
990444
990420
990410
990381
990353
990345
990332
990330
990317
990269
990259
990256
990209
990199
990190
990132
990122
990102
990099
990081
990048
990013
989972
989953
989949
989908
989810
989793
989747
989682
989665
989647
989627
989620
989582
989553
989535
989526
989490
989487
989442
989410
989354
989308
989263
989207
989196
989177
989162
989159
989151
989143
989106
989094
989093
989085
989032
989029
989017
988997
988962
988941
988925
988900
988848
988823
988817
988762
988721
988721
988691
988689
988687
988644
988642
988636
988620
988611
988595
988558
988536
988505
988494
988465
988453
988386
988381
988353
988312
988294
988285
988277
988264
988249
988207
988114
988100
988099
988085
988084
988073
988023
987953
987938
987904
987877
987868
987864
987859
987837
987822
987795
987744
987735
987728
987699
987658
987657
987617
987572
987508
987465
987463
987422
987418
987378
987319
987299
987277
987263
987257
987254
987245
987241
987236
987197
987175
987146
987145
987121
987109
987090
987025
987024
986995
986989
986964
986949
986940
986930
986923
986903
986899
986841
986821
986815
986811
986786
986729
986682
986644
986595
986594
986591
986557
986522
986458
986457
986451
986412
986276
986227
986221
986197
986189
986162
986161
986144
986119
986114
986113
986113
986104
986075
986039
986000
985969
985960
985941
985938
985934
985916
985879
985878
985864
985813
985811
985806
985751
985748
985689
985660
985658
985657
985652
985634
985615
985608
985524
985513
985479
985447
985432
985419
985398
985395
985387
985373
985362
985346
985334
985270
985258
985233
985179
985168
985141
985113
985110
985082
985063
985053
984993
984955
984931
984926
984922
984920
984898
984871
984853
984848
984843
984825
984816
984810
984803
984753
984731
984731
984724
984723
984675
984669
984656
984651
984593
984588
984577
984575
984551
984546
984439
984411
984368
984333
984310
984293
984293
984280
984277
984271
984258
984213
984159
984122
984122
984116
984082
984058
984042
983990
983966
983945
983942
983921
983917
983916
983904
983850
983828
983814
983794
983780
983769
983758
983754
983751
983737
983730
983730
983717
983700
983680
983680
983672
983668
983663
983619
983597
983579
983568
983563
983550
983547
983537
983518
983516
983504
983491
983448
983437
983431
983352
983325
983321
983310
983308
983294
983286
983267
983224
983193
983165
983161
983109
983095
983094
983070
983068
983055
983054
983039
982976
982960
982913
982895
982882
982870
982844
982827
982819
982810
982807
982800
982716
982706
982613
982572
982512
982493
982471
982451
982439
982417
982402
982402
982327
982318
982296
982268
982235
982228
982198
982189
982167
982157
982075
982074
982066
982062
982050
982040
982029
982008
981963
981940
981938
981925
981921
981893
981854
981790
981789
981788
981765
981756
981749
981749
981640
981630
981533
981531
981515
981505
981445
981443
981420
981412
981381
981370
981355
981312
981302
981285
981281
981256
981211
981176
981149
981137
981116
981107
981102
981073
981045
981035
980978
980964
980914
980905
980872
980849
980813
980799
980793
980756
980752
980746
980715
980697
980686
980661
980658
980624
980598
980572
980570
980557
980542
980526
980518
980511
980511
980504
980498
980495
980482
980444
980415
980378
980363
980305
980279
980273
980241
980173
980131
980128
980124
980111
980107
980079
980077
980075
980050
980046
980035
980024
980021
980011
980002
979970
979963
979956
979845
979834
979831
979813
979729
979722
979676
979633
979625
979607
979604
979585
979572
979557
979536
979520
979479
979475
979464
979460
979421
979416
979411
979342
979341
979338
979328
979323
979315
979314
979310
979299
979294
979277
979259
979226
979189
979189
979184
979180
979179
979171
979126
979081
979050
979050
979020
978991
978986
978984
978948
978936
978918
978917
978915
978908
978898
978821
978799
978779
978764
978756
978753
978672
978661
978624
978582
978547
978543
978538
978503
978496
978466
978462
978457
978420
978392
978370
978364
978350
978348
978326
978307
978275
978269
978264
978252
978251
978228
978223
978215
978215
978190
978172
978172
978169
978158
978149
978135
978126
978126
978049
978000
977993
977989
977983
977974
977959
977952
977939
977933
977899
977894
977867
977757
977718
977715
977709
977698
977661
977636
977632
977626
977625
977618
977607
977578
977576
977558
977554
977531
977496
977494
977486
977445
977445
977409
977408
977388
977385
977359
977358
977357
977314
977311
977306
977276
977257
977222
977208
977206
977195
977172
977159
977141
977119
977116
977081
977051
977036
977032
977007
977002
976986
976980
976955
976928
976917
976896
976883
976883
976874
976873
976868
976865
976853
976828
976812
976795
976776
976769
976763
976745
976723
976692
976681
976663
976644
976609
976598
976597
976573
976569
976539
976536
976496
976478
976475
976471
976448
976444
976443
976435
976421
976415
976392
976371
976331
976323
976283
976270
976265
976256
976227
976211
976190
976164
976144
976138
976134
976132
976123
976113
976108
976095
976082
976079
976075
976038
976033
976032
976011
975991
975928
975913
975904
975903
975828
975803
975797
975791
975775
975747
975705
975701
975690
975689
975612
975548
975513
975513
975484
975454
975439
975429
975389
975366
975350
975272
975266
975183
975176
975118
975082
975059
975051
975035
975034
975001
974981
974969
974932
974928
974926
974889
974867
974856
974853
974819
974759
974747
974712
974679
974650
974646
974646
974636
974633
974631
974630
974627
974624
974606
974575
974564
974523
974523
974472
974468
974455
974449
974436
974391
974381
974331
974291
974206
974198
974174
974172
974142
974120
974116
974113
974094
974094
974093
974018
974008
974008
973994
973959
973955
973946
973945
973941
973925
973915
973907
973875
973852
973841
973818
973806
973795
973767
973752
973748
973742
973699
973677
973660
973623
973622
973612
973611
973576
973542
973511
973485
973449
973424
973421
973408
973408
973383
973341
973259
973244
973197
973183
973177
973171
973147
973134
973132
973122
973111
973107
973102
973083
973082
973076
973043
973034
973030
973029
973018
973017
972990
972983
972980
972945
972916
972915
972913
972898
972880
972873
972860
972834
972826
972806
972784
972743
972665
972613
972609
972600
972590
972579
972567
972560
972535
972527
972527
972484
972479
972474
972474
972473
972467
972456
972450
972430
972400
972392
972389
972357
972329
972316
972227
972225
972197
972130
972127
972102
972090
972055
972049
972034
972003
971997
971993
971964
971957
971954
971946
971933
971914
971902
971865
971852
971842
971840
971817
971780
971777
971752
971750
971738
971720
971709
971686
971663
971644
971641
971641
971636
971626
971587
971559
971559
971517
971508
971497
971480
971474
971380
971377
971348
971339
971328
971311
971279
971279
971276
971203
971175
971157
971134
971109
971079
971077
971032
971004
970997
970990
970984
970975
970951
970937
970911
970895
970854
970854
970843
970797
970771
970764
970747
970666
970616
970585
970579
970441
970430
970428
970405
970390
970363
970356
970349
970324
970290
970277
970245
970214
970189
970189
970186
970181
970169
970157
970147
970139
970108
970054
970044
969992
969987
969982
969943
969940
969927
969895
969845
969844
969813
969793
969793
969782
969778
969768
969756
969741
969728
969710
969691
969685
969663
969662
969659
969656
969653
969633
969602
969582
969555
969547
969506
969471
969464
969425
969395
969380
969365
969355
969352
969331
969322
969319
969267
969255
969231
969225
969210
969204
969184
969183
969174
969166
969162
969151
969149
969148
969146
969135
969116
969114
969105
969039
969039
969035
969026
969009
969006
968994
968970
968951
968941
968939
968904
968900
968898
968891
968888
968869
968861
968840
968802
968777
968726
968725
968705
968701
968678
968674
968659
968604
968596
968591
968580
968518
968500
968496
968470
968447
968433
968412
968394
968373
968336
968333
968329
968325
968299
968288
968282
968260
968248
968246
968207
968191
968186
968141
968130
968097
968087
968083
968067
968040
968024
967971
967961
967940
967903
967875
967854
967852
967805
967783
967746
967714
967693
967673
967639
967635
967633
967626
967623
967623
967618
967593
967587
967576
967497
967494
967491
967487
967485
967455
967428
967384
967356
967353
967341
967340
967338
967318
967294
967273
967244
967235
967218
967217
967203
967165
967160
967155
967146
967143
967134
967080
967067
967061
967061
967001
966945
966941
966936
966853
966837
966833
966807
966798
966790
966744
966743
966731
966724
966717
966680
966658
966654
966624
966583
966573
966568
966481
966442
966433
966428
966423
966400
966342
966308
966291
966269
966138
966136
966127
966118
966101
966083
966041
966039
966018
965995
965967
965951
965930
965886
965881
965865
965865
965858
965847
965815
965767
965747
965725
965723
965721
965719
965717
965716
965708
965705
965705
965703
965690
965684
965684
965682
965667
965665
965617
965611
965595
965559
965558
965557
965550
965545
965440
965439
965407
965390
965363
965359
965358
965349
965296
965272
965265
965252
965238
965234
965230
965186
965185
965174
965174
965102
965088
965087
965083
965079
965055
965053
965047
965024
965010
964983
964955
964929
964904
964903
964879
964868
964833
964820
964813
964790
964789
964723
964656
964645
964640
964604
964602
964567
964557
964553
964546
964542
964521
964462
964459
964401
964370
964367
964359
964355
964322
964308
964305
964291
964269
964266
964265
964260
964215
964206
964190
964164
964163
964158
964128
964082
964066
964047
964039
964039
963903
963887
963876
963866
963841
963839
963821
963820
963819
963801
963768
963751
963748
963734
963721
963711
963696
963694
963645
963622
963571
963561
963503
963498
963491
963474
963474
963378
963375
963373
963350
963344
963329
963307
963293
963283
963257
963254
963240
963223
963207
963193
963186
963178
963125
963079
963074
963062
963042
963016
963013
963007
962999
962977
962975
962941
962933
962931
962905
962874
962866
962854
962847
962825
962794
962789
962772
962764
962746
962740
962735
962712
962712
962677
962670
962661
962606
962567
962550
962520
962478
962476
962436
962436
962426
962414
962368
962354
962344
962321
962301
962291
962286
962247
962231
962228
962215
962214
962152
962115
962076
962068
962032
962028
962010
961964
961928
961913
961907
961883
961837
961830
961787
961778
961694
961692
961690
961684
961681
961665
961655
961648
961614
961594
961574
961532
961531
961527
961523
961469
961427
961409
961400
961370
961361
961349
961324
961318
961298
961296
961241
961196
961168
961167
961150
961144
961028
960990
960940
960935
960926
960883
960881
960874
960817
960814
960812
960795
960787
960776
960774
960725
960706
960697
960668
960655
960631
960622
960621
960617
960608
960586
960576
960544
960514
960487
960482
960464
960350
960346
960326
960313
960305
960242
960232
960228
960205
960205
960204
960188
960169
960165
960147
960142
960066
959986
959980
959968
959920
959905
959879
959849
959840
959837
959828
959787
959737
959698
959694
959680
959655
959645
959621
959573
959559
959539
959528
959480
959458
959370
959346
959310
959307
959293
959288
959287
959232
959227
959224
959202
959171
959068
959008
958874
958851
958843
958836
958806
958801
958751
958741
958739
958737
958734
958732
958729
958687
958687
958662
958654
958634
958598
958587
958584
958562
958543
958501
958445
958443
958425
958420
958401
958386
958353
958326
958323
958301
958293
958290
958271
958259
958253
958209
958182
958166
958151
958146
958120
958114
958102
958093
958067
958048
958035
958014
958011
958009
957985
957982
957966
957965
957963
957950
957892
957888
957867
957864
957849
957737
957730
957721
957666
957637
957618
957611
957609
957566
957540
957519
957502
957481
957428
957348
957322
957321
957292
957252
957229
957220
957204
957197
957175
957173
957163
957148
957146
957125
957087
957087
957049
957044
957037
957035
957030
957011
956986
956965
956961
956956
956954
956934
956890
956853
956844
956796
956787
956782
956775
956746
956725
956721
956696
956687
956683
956680
956649
956604
956598
956577
956559
956545
956455
956451
956436
956416
956396
956381
956355
956331
956255
956249
956227
956223
956211
956202
956188
956172
956157
956130
956102
956098
956096
956089
956077
956055
956028
956026
956014
956010
956002
955930
955830
955815
955805
955781
955753
955749
955735
955666
955638
955636
955627
955518
955517
955485
955462
955433
955433
955411
955410
955406
955396
955392
955387
955379
955379
955375
955353
955315
955295
955288
955279
955260
955254
955235
955233
955209
955158
955141
955135
955134
955126
955102
955084
955069
955044
955037
954997
954991
954963
954960
954938
954919
954848
954806
954803
954777
954758
954739
954703
954682
954656
954644
954637
954616
954603
954596
954576
954553
954523
954517
954492
954479
954417
954400
954394
954373
954268
954267
954234
954227
954226
954211
954199
954196
954187
954154
954137
954133
954132
954131
954081
954068
954060
954015
953982
953977
953973
953964
953938
953916
953851
953731
953716
953704
953698
953669
953551
953547
953546
953527
953492
953470
953455
953447
953433
953361
953341
953262
953249
953233
953216
953209
953194
953176
953168
953113
953112
953090
953073
953070
953025
953018
953017
952996
952964
952950
952932
952932
952928
952921
952914
952900
952896
952892
952888
952878
952878
952855
952851
952849
952811
952774
952759
952756
952726
952719
952712
952693
952688
952676
952665
952655
952648
952611
952532
952526
952525
952516
952462
952400
952389
952378
952330
952326
952285
952258
952244
952221
952178
952166
952118
952090
952069
952019
952009
952009
951968
951965
951949
951879
951869
951856
951853
951850
951837
951795
951795
951791
951772
951770
951723
951684
951647
951632
951631
951624
951622
951606
951582
951556
951484
951456
951443
951442
951422
951404
951351
951337
951320
951294
951259
951258
951247
951224
951200
951192
951191
951189
951185
951173
951149
951125
951113
951112
951107
951091
951088
951084
951065
950994
950965
950963
950936
950889
950836
950819
950797
950756
950742
950727
950697
950684
950626
950622
950599
950560
950549
950511
950470
950464
950455
950444
950429
950411
950396
950388
950257
950201
950170
950161
950150
950140
950137
950135
950103
950098
950094
950087
950035
949964
949959
949955
949955
949949
949940
949931
949913
949910
949867
949860
949856
949841
949823
949803
949793
949751
949722
949663
949650
949625
949621
949555
949534
949500
949493
949474
949432
949387
949378
949365
949363
949337
949286
949248
949241
949237
949219
949211
949196
949163
949149
949124
949118
949079
949063
949040
949008
949004
948987
948966
948949
948936
948911
948890
948882
948809
948806
948789
948786
948785
948773
948765
948760
948746
948735
948714
948706
948688
948678
948676
948594
948589
948584
948551
948534
948473
948452
948438
948405
948403
948393
948392
948380
948371
948360
948347
948300
948281
948238
948229
948216
948209
948163
948145
948135
948115
948114
948091
948088
948066
948056
948051
948037
948014
947982
947975
947968
947952
947951
947936
947926
947924
947879
947867
947863
947859
947840
947821
947806
947782
947777
947759
947738
947731
947730
947728
947714
947695
947654
947654
947652
947652
947597
947594
947572
947571
947567
947559
947557
947541
947529
947508
947451
947447
947444
947422
947398
947394
947295
947285
947280
947280
947263
947241
947219
947211
947206
947204
947178
947175
947167
947130
947129
947065
947061
947050
947035
946980
946961
946939
946935
946919
946914
946913
946905
946867
946845
946797
946754
946744
946740
946735
946710
946670
946645
946632
946631
946627
946609
946607
946597
946579
946576
946568
946540
946533
946523
946514
946467
946440
946432
946399
946386
946370
946339
946329
946307
946287
946287
946254
946205
946175
946158
946149
946148
946121
946091
946046
946033
946017
945997
945980
945946
945936
945921
945836
945772
945752
945733
945724
945707
945673
945663
945663
945618
945611
945587
945572
945546
945530
945512
945507
945505
945494
945440
945393
945359
945356
945318
945318
945304
945298
945292
945277
945256
945236
945233
945232
945231
945222
945195
945186
945180
945153
945109
945085
945081
945080
945078
945075
945071
945013
945002
944993
944978
944951
944948
944947
944941
944914
944903
944894
944874
944868
944855
944834
944818
944788
944771
944741
944725
944690
944681
944674
944667
944656
944635
944633
944603
944596
944588
944559
944504
944488
944453
944435
944413
944411
944408
944395
944390
944363
944346
944329
944321
944318
944284
944282
944282
944276
944244
944126
944098
944082
944079
944018
944010
943988
943979
943975
943972
943959
943956
943911
943881
943879
943878
943808
943766
943760
943746
943727
943706
943681
943645
943629
943624
943612
943601
943600
943599
943559
943543
943513
943505
943459
943379
943354
943326
943316
943307
943264
943263
943236
943235
943213
943206
943204
943182
943124
943115
943111
943085
943082
943076
943066
943035
943031
943019
943012
942979
942974
942967
942903
942882
942882
942880
942853
942834
942809
942791
942764
942758
942752
942745
942718
942710
942694
942691
942679
942664
942655
942595
942580
942573
942568
942534
942505
942461
942458
942455
942449
942443
942393
942369
942367
942347
942328
942310
942292
942288
942281
942269
942235
942180
942176
942168
942161
942121
942104
942025
942020
942012
941968
941947
941899
941869
941854
941852
941793
941787
941730
941688
941657
941651
941643
941625
941586
941582
941582
941572
941569
941562
941559
941536
941515
941507
941494
941491
941463
941439
941406
941397
941395
941392
941389
941386
941366
941310
941285
941270
941235
941206
941192
941177
941118
941089
941033
941007
940988
940985
940974
940933
940911
940894
940876
940862
940849
940837
940837
940799
940784
940772
940724
940719
940702
940652
940584
940566
940519
940494
940455
940423
940386
940369
940346
940301
940301
940289
940260
940257
940237
940190
940189
940183
940175
940173
940131
940116
940109
940099
940081
940034
940021
939964
939946
939928
939898
939894
939860
939833
939807
939800
939791
939750
939743
939742
939737
939710
939676
939673
939659
939658
939657
939654
939648
939580
939565
939562
939561
939545
939534
939509
939501
939467
939453
939446
939440
939397
939372
939360
939356
939303
939296
939268
939257
939233
939230
939225
939219
939116
939114
939107
939098
939086
939050
938982
938981
938974
938959
938911
938877
938847
938844
938786
938779
938734
938722
938715
938713
938696
938673
938643
938624
938610
938589
938588
938580
938556
938528
938524
938513
938496
938477
938454
938453
938336
938320
938302
938301
938298
938267
938263
938254
938229
938213
938203
938203
938196
938187
938145
938145
938136
938126
938097
938089
938081
938047
938047
938046
938036
938028
938021
938012
937987
937982
937970
937965
937960
937880
937791
937780
937775
937731
937723
937711
937691
937688
937677
937675
937656
937612
937608
937584
937562
937547
937520
937512
937510
937509
937452
937366
937356
937338
937317
937306
937266
937251
937250
937234
937200
937184
937147
937132
937123
937122
937082
937070
937036
937036
936950
936909
936860
936856
936851
936849
936817
936807
936761
936755
936749
936745
936725
936716
936703
936703
936695
936695
936671
936665
936653
936604
936599
936588
936584
936579
936539
936512
936509
936494
936474
936460
936427
936427
936378
936344
936334
936333
936289
936287
936263
936257
936246
936238
936222
936220
936202
936199
936198
936185
936184
936172
936167
936159
936113
936061
936048
936044
936022
936016
936004
935831
935807
935772
935765
935748
935747
935732
935635
935579
935566
935556
935543
935502
935458
935443
935399
935390
935366
935324
935320
935266
935247
935236
935209
935204
935186
935161
935152
935141
935141
935120
935119
935103
935091
935089
935077
935058
935036
935029
935027
935019
934989
934981
934967
934960
934945
934928
934917
934880
934863
934860
934830
934825
934810
934802
934776
934767
934747
934736
934723
934686
934677
934660
934629
934608
934602
934548
934544
934529
934503
934494
934470
934452
934439
934411
934374
934363
934356
934351
934343
934322
934289
934278
934266
934257
934244
934212
934200
934174
934159
934091
934075
934072
934067
934011
933993
933990
933985
933911
933897
933893
933889
933888
933875
933866
933831
933827
933807
933806
933796
933751
933737
933717
933664
933649
933631
933630
933616
933613
933593
933588
933585
933582
933514
933492
933483
933480
933471
933470
933451
933443
933427
933426
933398
933386
933360
933286
933182
933162
933142
933134
933080
933075
933068
933008
932928
932907
932901
932884
932868
932821
932814
932788
932785
932769
932744
932732
932725
932703
932700
932657
932626
932623
932594
932541
932512
932509
932502
932494
932454
932452
932443
932436
932426
932417
932412
932400
932398
932365
932364
932357
932344
932268
932254
932193
932177
932160
932143
932122
932122
932117
932073
932067
932042
932042
932035
932015
931997
931969
931953
931949
931920
931864
931859
931777
931774
931768
931751
931737
931721
931707
931686
931685
931652
931638
931624
931607
931580
931565
931511
931498
931489
931488
931457
931451
931450
931440
931408
931403
931387
931320
931223
931217
931164
931143
931119
931110
931056
931045
931021
930996
930989
930981
930968
930927
930909
930874
930865
930860
930851
930843
930794
930731
930715
930690
930687
930685
930656
930583
930576
930561
930553
930538
930538
930515
930504
930455
930426
930397
930393
930387
930372
930371
930332
930301
930289
930283
930275
930255
930247
930246
930240
930230
930172
930134
930133
930085
930038
930037
930033
929967
929966
929900
929867
929800
929768
929757
929745
929720
929698
929688
929681
929669
929649
929643
929624
929615
929582
929578
929550
929484
929469
929465
929416
929402
929396
929383
929377
929365
929303
929287
929276
929251
929244
929175
929151
929135
929067
929053
928994
928986
928971
928968
928938
928931
928877
928861
928850
928826
928822
928821
928810
928807
928770
928749
928738
928726
928695
928692
928666
928625
928608
928541
928540
928533
928492
928452
928432
928414
928381
928370
928346
928314
928307
928297
928291
928284
928282
928271
928238
928234
928208
928201
928192
928191
928178
928171
928156
928140
928131
928114
928109
928056
928049
928039
927987
927985
927981
927956
927951
927905
927897
927897
927874
927864
927846
927844
927839
927801
927800
927783
927781
927756
927755
927737
927709
927691
927690
927666
927659
927633
927629
927580
927558
927550
927477
927460
927441
927399
927374
927357
927352
927332
927320
927313
927278
927276
927231
927225
927190
927111
927104
927101
927095
927091
927082
927053
927051
927038
927001
926984
926968
926909
926878
926850
926844
926840
926828
926808
926792
926789
926743
926726
926722
926718
926713
926710
926709
926692
926669
926644
926608
926585
926577
926571
926564
926508
926441
926409
926406
926403
926384
926365
926349
926326
926319
926318
926301
926281
926259
926232
926188
926171
926132
926107
926089
926073
926009
925972
925954
925948
925920
925883
925873
925867
925825
925811
925804
925772
925758
925755
925702
925666
925655
925654
925653
925640
925639
925589
925549
925475
925425
925423
925397
925373
925331
925318
925306
925298
925288
925281
925223
925177
925167
925167
925138
925134
925079
925078
925078
924982
924961
924960
924932
924918
924886
924866
924857
924752
924743
924727
924721
924706
924690
924622
924558
924541
924541
924508
924496
924490
924482
924482
924476
924474
924458
924451
924448
924396
924376
924340
924260
924257
924236
924233
924227
924216
924215
924213
924209
924208
924196
924159
924135
924051
924043
924040
924019
924016
923986
923963
923960
923938
923927
923920
923906
923887
923886
923882
923859
923849
923823
923802
923780
923772
923758
923754
923746
923669
923619
923596
923566
923561
923545
923537
923535
923521
923487
923481
923471
923463
923452
923426
923411
923406
923381
923375
923369
923350
923337
923328
923325
923297
923286
923253
923235
923224
923222
923157
923146
923141
923140
923111
923102
923101
923088
923044
923041
923013
922980
922977
922959
922930
922909
922905
922904
922866
922856
922850
922844
922839
922833
922830
922827
922783
922774
922759
922755
922746
922738
922736
922733
922680
922671
922665
922657
922655
922647
922628
922593
922582
922558
922555
922534
922495
922478
922474
922467
922407
922332
922310
922301
922287
922281
922277
922272
922218
922189
922181
922154
922144
922142
922129
922046
922032
922006
922002
921965
921962
921917
921883
921876
921852
921844
921840
921836
921830
921821
921812
921801
921776
921747
921719
921712
921709
921701
921685
921677
921649
921630
921624
921615
921604
921585
921536
921500
921490
921489
921436
921426
921420
921415
921390
921389
921356
921353
921346
921339
921308
921291
921227
921196
921153
921152
921120
921094
921052
921040
921028
921022
920963
920929
920919
920903
920825
920814
920733
920709
920709
920702
920660
920648
920631
920614
920600
920588
920582
920581
920570
920569
920564
920537
920535
920526
920524
920516
920495
920494
920483
920475
920454
920417
920414
920411
920405
920395
920368
920354
920321
920319
920271
920263
920255
920195
920183
920183
920182
920171
920154
920079
920077
920065
920064
920056
920016
920015
919966
919943
919919
919884
919873
919864
919826
919821
919804
919796
919767
919762
919739
919677
919673
919669
919668
919665
919595
919577
919562
919536
919534
919528
919461
919457
919456
919447
919433
919414
919414
919385
919378
919359
919354
919349
919347
919337
919324
919305
919303
919293
919261
919226
919214
919196
919174
919125
919120
919120
919118
919083
919078
919071
919061
919043
919023
919019
919003
918994
918992
918939
918871
918852
918830
918816
918806
918798
918750
918748
918716
918677
918659
918643
918618
918617
918611
918560
918559
918538
918533
918529
918521
918410
918408
918406
918405
918383
918372
918372
918369
918356
918351
918348
918285
918278
918227
918213
918199
918194
918190
918181
918169
918153
918145
918139
918135
918134
918123
918059
918046
917992
917983
917973
917965
917945
917928
917901
917897
917888
917876
917869
917846
917830
917829
917812
917809
917808
917786
917780
917752
917745
917741
917698
917676
917669
917665
917619
917618
917586
917577
917574
917571
917544
917525
917510
917500
917461
917401
917381
917368
917348
917315
917312
917268
917192
917180
917151
917066
917061
917024
917011
917005
916944
916914
916906
916906
916875
916870
916866
916809
916802
916774
916765
916726
916689
916689
916680
916647
916633
916612
916586
916576
916574
916568
916552
916552
916545
916532
916531
916526
916507
916481
916481
916443
916400
916380
916367
916327
916318
916294
916290
916267
916244
916217
916213
916173
916173
916155
916151
916130
916108
916106
916093
916048
915992
915981
915905
915895
915893
915880
915823
915819
915799
915796
915762
915761
915758
915752
915747
915729
915723
915702
915693
915596
915589
915581
915578
915554
915544
915521
915513
915465
915453
915441
915369
915369
915292
915282
915281
915277
915263
915227
915222
915165
915156
915144
915136
915134
915131
915121
915118
915077
915057
915047
915038
915030
915011
914972
914956
914942
914886
914879
914845
914829
914827
914786
914772
914752
914739
914721
914693
914626
914621
914616
914606
914603
914584
914551
914548
914542
914533
914412
914385
914356
914314
914307
914286
914265
914253
914224
914218
914211
914207
914205
914127
914127
914119
914086
914080
914073
914036
914031
914014
914012
914010
914003
913974
913937
913936
913838
913831
913802
913797
913784
913774
913749
913736
913723
913720
913703
913697
913684
913682
913665
913665
913620
913561
913535
913522
913493
913485
913447
913446
913392
913374
913372
913337
913336
913271
913221
913213
913208
913204
913199
913183
913178
913155
913151
913125
913056
912902
912901
912900
912883
912876
912870
912853
912833
912807
912799
912785
912767
912766
912762
912760
912665
912629
912616
912602
912578
912555
912529
912501
912488
912483
912468
912452
912447
912443
912428
912395
912385
912383
912337
912315
912298
912215
912176
912173
912168
912166
912127
912089
912089
912088
912081
912077
912076
912059
912053
912052
912024
912003
911986
911984
911961
911947
911926
911906
911896
911895
911845
911844
911834
911823
911822
911793
911760
911750
911747
911723
911710
911707
911685
911683
911635
911560
911531
911530
911522
911480
911470
911430
911428
911426
911403
911395
911377
911373
911329
911306
911287
911265
911211
911157
911126
911082
911052
911045
911001
910989
910978
910959
910938
910926
910919
910821
910792
910771
910730
910728
910701
910653
910583
910541
910538
910502
910467
910444
910432
910408
910395
910391
910375
910364
910327
910302
910293
910289
910276
910242
910222
910208
910207
910193
910154
910144
910113
910102
910083
910068
910051
910038
909994
909983
909929
909882
909880
909860
909859
909857
909848
909844
909836
909836
909832
909816
909794
909788
909786
909771
909764
909718
909713
909709
909707
909665
909657
909613
909589
909557
909549
909536
909526
909509
909444
909408
909359
909321
909315
909301
909286
909246
909232
909163
909155
909065
909060
909032
908977
908941
908930
908901
908860
908788
908781
908737
908735
908700
908656
908643
908565
908543
908537
908493
908483
908469
908465
908452
908445
908432
908389
908325
908267
908253
908238
908229
908205
908203
908180
908139
908077
908035
908012
907970
907916
907914
907905
907891
907846
907783
907763
907735
907723
907705
907691
907690
907666
907658
907657
907637
907628
907627
907627
907601
907591
907590
907516
907491
907477
907457
907455
907380
907366
907285
907280
907220
907180
907164
907159
907148
907113
907098
907096
907094
907059
907044
907024
907002
906934
906870
906853
906842
906813
906799
906778
906757
906755
906751
906739
906696
906689
906674
906650
906612
906603
906595
906592
906586
906553
906549
906541
906541
906524
906464
906462
906453
906450
906436
906387
906373
906349
906329
906324
906324
906317
906303
906266
906265
906161
906154
906144
906136
906127
906062
906027
906002
905993
905969
905966
905966
905959
905958
905949
905930
905924
905923
905894
905880
905870
905832
905832
905819
905811
905804
905796
905782
905697
905684
905665
905665
905653
905629
905621
905590
905589
905561
905553
905536
905441
905389
905339
905243
905220
905199
905198
905182
905181
905126
905078
905060
905056
905035
904994
904989
904987
904969
904963
904933
904918
904901
904879
904857
904771
904748
904735
904735
904662
904613
904592
904587
904542
904507
904489
904465
904444
904436
904434
904391
904390
904389
904294
904243
904233
904218
904212
904195
904188
904164
904157
904154
904146
904146
904107
904104
904085
904051
904026
903995
903955
903921
903842
903823
903817
903763
903703
903689
903672
903656
903646
903627
903600
903562
903532
903524
903505
903497
903461
903458
903457
903453
903453
903439
903438
903434
903425
903381
903360
903340
903304
903286
903277
903255
903249
903230
903220
903202
903156
903120
903110
903110
903070
903065
903012
902992
902967
902967
902954
902926
902919
902869
902868
902819
902804
902798
902784
902777
902748
902738
902726
902713
902710
902677
902675
902666
902641
902633
902604
902565
902557
902545
902545
902534
902519
902505
902492
902394
902393
902387
902359
902335
902293
902277
902252
902220
902185
902138
902129
902073
902053
902022
902001
901998
901996
901963
901940
901920
901909
901893
901884
901853
901848
901830
901814
901811
901804
901791
901788
901777
901772
901752
901746
901738
901719
901710
901705
901646
901620
901604
901536
901531
901517
901503
901490
901480
901451
901448
901421
901373
901357
901355
901339
901324
901320
901310
901309
901289
901287
901266
901266
901240
901235
901208
901172
901170
901169
901138
901088
901010
900976
900976
900967
900908
900851
900839
900838
900819
900779
900747
900695
900686
900679
900597
900589
900586
900564
900549
900480
900472
900457
900452
900450
900445
900430
900382
900379
900364
900328
900299
900277
900273
900255
900253
900246
900228
900185
900174
900169
900140
900132
900129
900117
900112
900095
900093
900064
900043
900031
900029
900000
899971
899967
899885
899859
899831
899800
899746
899736
899704
899644
899641
899632
899615
899550
899542
899530
899522
899504
899501
899438
899436
899416
899392
899270
899268
899237
899234
899206
899197
899175
899160
899158
899149
899130
899120
899120
899098
899091
899089
899054
899047
899043
899037
899004
898990
898962
898902
898900
898874
898865
898855
898848
898841
898815
898812
898754
898688
898674
898672
898671
898661
898645
898611
898588
898581
898570
898569
898533
898517
898508
898497
898493
898471
898449
898395
898386
898359
898317
898302
898299
898252
898221
898199
898157
898126
898102
898083
898079
898076
898047
898036
898018
898017
897985
897913
897888
897866
897842
897826
897810
897793
897716
897690
897690
897676
897674
897657
897639
897633
897627
897619
897554
897554
897537
897526
897525
897511
897498
897442
897440
897428
897394
897376
897376
897365
897237
897161
897156
897138
897110
897109
897103
897093
897084
897078
897076
897035
897023
896978
896967
896961
896946
896943
896906
896884
896853
896839
896825
896751
896743
896725
896720
896703
896700
896681
896676
896675
896661
896646
896646
896644
896623
896622
896618
896585
896572
896551
896445
896410
896404
896396
896393
896325
896270
896218
896208
896192
896185
896182
896178
896146
896131
896127
896112
896105
896077
896052
896016
896003
895979
895901
895870
895857
895848
895824
895822
895808
895803
895800
895776
895716
895709
895698
895671
895660
895638
895604
895571
895515
895509
895458
895452
895431
895397
895385
895359
895358
895342
895342
895312
895271
895258
895258
895242
895240
895220
895208
895163
895163
895127
895122
895120
895104
895066
895025
895015
894992
894992
894979
894973
894957
894945
894917
894916
894910
894886
894879
894785
894768
894765
894764
894762
894751
894751
894749
894741
894739
894715
894711
894699
894692
894678
894672
894642
894634
894633
894601
894600
894585
894575
894573
894547
894536
894532
894527
894513
894496
894496
894475
894456
894420
894390
894373
894370
894348
894308
894293
894247
894230
894229
894224
894164
894160
894159
894150
894117
894110
894044
893988
893977
893975
893917
893908
893901
893851
893850
893842
893822
893814
893796
893747
893743
893732
893699
893677
893666
893592
893558
893555
893545
893544
893518
893512
893466
893432
893432
893420
893402
893399
893352
893332
893317
893292
893286
893283
893268
893268
893246
893240
893235
893221
893218
893218
893214
893212
893210
893194
893168
893139
893129
893124
893095
893089
893085
893063
893061
893038
893033
893032
893010
892985
892977
892965
892964
892955
892939
892920
892876
892868
892835
892827
892818
892805
892804
892789
892759
892753
892682
892651
892632
892622
892618
892542
892530
892514
892490
892485
892475
892468
892461
892450
892430
892424
892353
892352
892323
892316
892307
892300
892293
892291
892275
892262
892259
892231
892231
892222
892222
892216
892193
892149
892136
892128
892119
892118
892099
892086
892082
892047
892037
892035
892028
892025
892023
892009
892005
892005
891976
891966
891957
891946
891939
891938
891897
891895
891860
891821
891802
891786
891644
891640
891629
891619
891614
891605
891599
891578
891562
891538
891511
891443
891422
891420
891406
891390
891374
891356
891321
891321
891312
891280
891268
891224
891218
891206
891197
891178
891159
891158
891114
891061
890997
890984
890981
890940
890913
890882
890855
890855
890820
890803
890797
890720
890684
890673
890667
890637
890611
890600
890599
890595
890583
890570
890527
890509
890444
890419
890418
890411
890410
890382
890360
890342
890338
890332
890286
890242
890239
890187
890170
890115
890097
890087
890038
890003
889992
889978
889970
889956
889954
889944
889837
889812
889809
889779
889727
889719
889693
889553
889548
889532
889468
889435
889423
889400
889398
889389
889360
889352
889318
889270
889269
889268
889264
889166
889163
889162
889159
889149
889141
889129
889095
889076
889073
889055
889051
889030
889004
888966
888949
888901
888887
888850
888829
888825
888789
888770
888757
888709
888701
888699
888675
888666
888648
888637
888589
888588
888588
888552
888528
888513
888512
888509
888492
888478
888453
888427
888357
888328
888326
888312
888292
888280
888248
888227
888226
888200
888191
888190
888186
888185
888185
888175
888169
888163
888137
888107
888077
888053
888028
887975
887969
887951
887942
887925
887924
887895
887863
887839
887834
887831
887814
887789
887774
887770
887751
887747
887690
887655
887650
887649
887643
887620
887567
887548
887531
887447
887446
887417
887399
887396
887387
887368
887360
887357
887326
887319
887254
887223
887211
887201
887166
887147
887137
887132
887077
887077
887060
887058
887046
887028
887003
886946
886941
886931
886930
886923
886908
886906
886901
886894
886884
886880
886822
886807
886789
886761
886758
886731
886717
886716
886715
886702
886685
886600
886593
886504
886334
886311
886309
886269
886262
886239
886227
886227
886203
886198
886195
886192
886181
886164
886163
886153
886122
886121
886101
886042
886034
886028
886005
885978
885978
885957
885956
885912
885905
885902
885896
885889
885880
885873
885868
885810
885774
885721
885706
885649
885646
885644
885622
885608
885564
885541
885539
885499
885473
885469
885460
885451
885416
885405
885400
885395
885391
885372
885361
885356
885354
885350
885349
885339
885311
885301
885263
885245
885206
885131
885128
885106
885088
885085
885076
885074
885049
885043
885037
884995
884932
884925
884912
884909
884899
884878
884850
884843
884785
884782
884755
884739
884726
884685
884683
884658
884637
884630
884625
884618
884597
884572
884566
884535
884533
884521
884512
884506
884506
884486
884473
884435
884433
884420
884418
884407
884406
884386
884383
884361
884359
884331
884328
884289
884271
884252
884251
884247
884240
884187
884167
884102
884098
884024
884021
883991
883889
883868
883841
883831
883772
883762
883751
883749
883719
883673
883668
883656
883652
883617
883591
883545
883527
883502
883468
883453
883416
883378
883267
883229
883195
883168
883120
883114
883108
883079
883070
883046
883000
882960
882901
882900
882858
882848
882847
882836
882795
882771
882767
882747
882730
882727
882726
882702
882684
882677
882671
882664
882664
882658
882656
882607
882604
882596
882552
882530
882527
882524
882493
882492
882452
882448
882442
882425
882407
882390
882385
882375
882332
882328
882288
882261
882258
882233
882206
882196
882169
882157
882155
882134
882113
882108
882087
882086
882065
882060
882047
881963
881944
881926
881898
881882
881856
881845
881835
881826
881810
881790
881747
881732
881721
881698
881693
881613
881590
881587
881576
881572
881541
881536
881534
881527
881499
881481
881460
881420
881418
881402
881377
881366
881361
881361
881346
881344
881298
881293
881290
881285
881263
881262
881260
881210
881208
881206
881140
881101
881040
881024
880999
880992
880974
880947
880943
880909
880892
880867
880823
880777
880756
880739
880728
880688
880610
880592
880579
880559
880545
880487
880487
880476
880464
880431
880428
880425
880394
880341
880322
880315
880313
880293
880226
880224
880219
880201
880195
880187
880093
880090
880074
880054
880054
879999
879978
879978
879974
879960
879948
879947
879946
879932
879931
879911
879904
879880
879876
879859
879816
879791
879702
879701
879651
879639
879628
879564
879547
879541
879522
879468
879462
879457
879457
879391
879322
879301
879286
879284
879245
879238
879222
879199
879186
879154
879140
879129
879107
879020
879013
878970
878925
878861
878841
878838
878824
878817
878723
878693
878661
878645
878608
878593
878568
878537
878449
878432
878409
878393
878356
878328
878326
878321
878315
878313
878305
878272
878264
878255
878119
878112
878106
878103
878089
878086
878067
878062
878017
878005
878000
877989
877963
877933
877928
877926
877926
877904
877897
877868
877858
877854
877852
877846
877830
877809
877775
877757
877748
877726
877721
877699
877690
877652
877642
877624
877612
877594
877548
877534
877497
877488
877450
877432
877417
877411
877392
877390
877359
877352
877349
877337
877311
877303
877246
877238
877213
877203
877199
877138
877125
877082
877068
877031
877019
877014
876998
876979
876933
876920
876915
876915
876900
876884
876878
876866
876860
876806
876793
876771
876761
876749
876736
876728
876723
876710
876689
876678
876657
876652
876645
876643
876608
876536
876486
876478
876473
876427
876407
876400
876389
876384
876358
876303
876297
876264
876254
876253
876249
876246
876226
876220
876196
876175
876174
876171
876165
876141
876139
876106
876095
876067
876047
876042
876014
876009
876009
875961
875960
875932
875908
875832
875801
875800
875799
875795
875789
875771
875769
875758
875744
875740
875734
875710
875709
875700
875600
875578
875558
875495
875458
875454
875451
875434
875425
875421
875415
875408
875394
875375
875370
875326
875324
875284
875284
875245
875231
875202
875138
875121
875075
875062
875057
875055
875036
875034
875014
875014
875008
874995
874947
874928
874921
874897
874818
874812
874812
874800
874788
874781
874781
874776
874764
874755
874753
874745
874741
874648
874646
874623
874616
874616
874611
874598
874598
874594
874572
874512
874488
874473
874393
874349
874324
874322
874289
874280
874276
874273
874248
874229
874207
874190
874181
874159
874124
874105
874075
874070
874059
874054
874053
874025
874011
873999
873998
873984
873967
873891
873881
873875
873861
873823
873755
873752
873730
873707
873698
873683
873668
873663
873662
873652
873636
873625
873613
873582
873581
873560
873480
873415
873414
873388
873376
873367
873338
873334
873329
873313
873296
873236
873218
873203
873203
873197
873192
873182
873163
873151
873133
873117
873074
873035
873027
873011
872973
872953
872950
872949
872935
872932
872919
872897
872894
872894
872798
872711
872636
872627
872567
872542
872519
872506
872488
872481
872471
872450
872445
872437
872432
872421
872327
872293
872288
872243
872225
872204
872196
872187
872142
872133
872129
872075
872059
872012
871969
871949
871907
871882
871868
871864
871861
871842
871834
871817
871784
871784
871779
871760
871740
871726
871690
871669
871631
871600
871555
871553
871543
871521
871489
871464
871434
871433
871428
871412
871376
871344
871336
871315
871289
871279
871262
871233
871229
871200
871182
871152
871133
871115
871114
871114
871109
871097
871082
871066
871064
871053
871036
871026
871024
870919
870810
870794
870765
870754
870702
870690
870599
870584
870555
870544
870531
870528
870524
870495
870411
870407
870397
870389
870385
870378
870345
870326
870287
870276
870261
870248
870241
870230
870186
870184
870167
870158
870071
870066
870049
870028
869974
869974
869954
869950
869945
869930
869923
869912
869879
869855
869839
869831
869821
869759
869756
869742
869737
869713
869710
869703
869695
869651
869634
869631
869619
869598
869594
869593
869543
869539
869537
869519
869476
869475
869452
869447
869410
869368
869352
869331
869311
869304
869289
869272
869252
869250
869250
869232
869198
869184
869157
869119
869079
869049
869038
869024
868980
868979
868973
868961
868941
868907
868895
868888
868812
868792
868749
868702
868674
868672
868667
868648
868643
868641
868549
868531
868520
868496
868464
868453
868453
868450
868400
868392
868387
868383
868377
868370
868322
868320
868308
868212
868212
868207
868175
868160
868159
868154
868130
868122
868113
868103
868085
868049
868023
867973
867936
867874
867866
867850
867815
867797
867796
867794
867784
867756
867717
867710
867690
867657
867649
867613
867596
867584
867573
867556
867554
867546
867538
867505
867488
867486
867483
867462
867459
867451
867430
867407
867374
867347
867326
867269
867266
867264
867228
867125
867099
867090
867073
867049
867022
866947
866936
866924
866923
866900
866896
866846
866804
866779
866779
866772
866741
866730
866697
866673
866665
866654
866634
866614
866612
866602
866559
866540
866537
866457
866387
866373
866370
866342
866325
866315
866286
866280
866268
866260
866254
866252
866244
866243
866241
866176
866150
866121
866095
866062
866060
866051
866036
865990
865898
865873
865864
865851
865841
865798
865773
865732
865721
865706
865695
865678
865658
865630
865616
865587
865539
865538
865529
865500
865449
865440
865436
865425
865388
865382
865357
865345
865323
865275
865222
865176
865160
865082
865075
865073
865065
865054
865045
865040
864981
864963
864926
864923
864915
864891
864882
864881
864876
864863
864838
864835
864822
864797
864767
864732
864729
864726
864724
864703
864698
864690
864690
864675
864594
864582
864571
864566
864566
864529
864522
864497
864471
864464
864406
864378
864355
864354
864346
864333
864289
864268
864231
864230
864194
864193
864175
864134
864122
864121
864076
864046
864032
864029
864008
863941
863919
863908
863908
863889
863838
863812
863808
863795
863790
863788
863776
863776
863772
863767
863746
863745
863727
863719
863714
863696
863691
863691
863688
863666
863646
863624
863622
863622
863615
863594
863593
863592
863590
863542
863529
863486
863457
863423
863373
863361
863321
863295
863288
863279
863267
863234
863216
863194
863174
863109
863106
863105
863069
863024
863003
862998
862950
862932
862909
862909
862908
862896
862889
862888
862881
862873
862833
862825
862785
862776
862771
862757
862754
862741
862727
862705
862695
862651
862644
862631
862573
862572
862546
862525
862513
862510
862488
862482
862472
862471
862450
862429
862399
862383
862378
862369
862358
862311
862282
862282
862281
862278
862263
862242
862223
862170
862168
862149
862134
862121
862096
862063
862058
862049
862041
862007
861996
861981
861977
861821
861817
861812
861809
861800
861766
861753
861750
861747
861732
861728
861717
861702
861683
861677
861661
861645
861639
861619
861613
861544
861529
861502
861483
861481
861451
861440
861418
861408
861395
861369
861368
861360
861319
861306
861284
861234
861222
861220
861202
861170
861077
861025
861003
860976
860975
860961
860938
860929
860906
860892
860861
860830
860818
860753
860719
860707
860676
860665
860647
860639
860602
860601
860600
860590
860559
860543
860514
860493
860480
860478
860477
860470
860465
860464
860459
860456
860427
860427
860413
860411
860404
860403
860395
860378
860341
860334
860323
860295
860286
860265
860264
860248
860236
860226
860216
860134
860127
860081
860065
860045
860042
860028
859999
859994
859958
859952
859951
859942
859942
859923
859887
859857
859842
859841
859830
859826
859822
859808
859801
859766
859760
859755
859744
859744
859739
859716
859690
859690
859638
859624
859618
859557
859551
859546
859545
859538
859513
859512
859506
859503
859503
859429
859417
859410
859408
859399
859368
859358
859357
859311
859308
859294
859287
859277
859257
859251
859216
859203
859157
859146
859134
859122
859121
859104
859021
858976
858951
858941
858938
858855
858804
858777
858768
858753
858746
858720
858706
858669
858648
858640
858631
858621
858596
858567
858559
858501
858474
858472
858456
858441
858428
858420
858419
858355
858337
858329
858325
858322
858318
858311
858301
858299
858298
858292
858253
858213
858208
858192
858192
858147
858146
858145
858114
858024
858023
858010
857993
857981
857972
857951
857949
857948
857913
857907
857894
857857
857838
857812
857726
857725
857710
857670
857632
857615
857605
857578
857491
857482
857475
857474
857461
857456
857454
857451
857447
857429
857412
857399
857381
857372
857372
857366
857311
857290
857290
857279
857263
857254
857230
857159
857118
857105
857099
857080
857051
857030
857015
856973
856958
856928
856921
856897
856896
856883
856867
856837
856835
856822
856805
856798
856795
856792
856790
856773
856717
856701
856700
856680
856629
856592
856531
856514
856479
856467
856450
856450
856427
856401
856395
856383
856378
856364
856354
856346
856336
856294
856248
856235
856222
856219
856205
856114
856107
856103
856100
856099
856074
856043
856005
855938
855930
855896
855889
855842
855810
855789
855785
855772
855767
855758
855756
855749
855744
855707
855697
855687
855655
855655
855617
855609
855599
855596
855584
855580
855576
855567
855527
855521
855515
855508
855497
855495
855487
855483
855476
855467
855346
855321
855285
855281
855235
855168
855122
855111
855081
855033
855007
854977
854950
854948
854912
854902
854899
854872
854871
854858
854834
854793
854755
854752
854723
854720
854649
854640
854615
854597
854499
854498
854429
854389
854389
854365
854362
854345
854345
854317
854312
854266
854256
854245
854226
854211
854175
854159
854155
854127
854127
854110
853994
853940
853940
853928
853892
853882
853880
853876
853838
853806
853802
853764
853763
853757
853751
853730
853726
853702
853687
853680
853661
853637
853626
853612
853612
853608
853594
853583
853580
853578
853502
853500
853476
853426
853424
853418
853400
853392
853366
853350
853346
853341
853333
853315
853310
853303
853299
853290
853289
853289
853264
853257
853223
853223
853184
853179
853171
853115
853070
853035
853018
853009
853006
852995
852957
852928
852873
852835
852801
852793
852782
852762
852758
852738
852728
852706
852674
852671
852665
852650
852648
852629
852589
852580
852545
852529
852525
852459
852457
852428
852407
852406
852395
852382
852370
852349
852255
852225
852210
852204
852191
852191
852175
852161
852150
852120
852119
852100
851997
851990
851940
851918
851907
851838
851812
851810
851810
851798
851793
851772
851761
851745
851744
851743
851739
851735
851721
851707
851706
851665
851570
851563
851545
851541
851506
851472
851471
851467
851443
851399
851361
851354
851293
851260
851239
851229
851164
851159
851108
851098
850984
850977
850951
850930
850894
850850
850832
850822
850819
850786
850757
850742
850717
850716
850714
850706
850679
850640
850620
850619
850612
850562
850546
850496
850486
850440
850370
850354
850341
850324
850319
850314
850292
850281
850269
850262
850219
850213
850208
850199
850192
850179
850165
850156
850105
850070
850044
850026
850004
849980
849980
849945
849941
849920
849919
849912
849892
849878
849858
849856
849827
849822
849791
849781
849778
849758
849750
849745
849697
849690
849679
849678
849663
849633
849630
849613
849613
849543
849534
849529
849523
849497
849474
849474
849417
849384
849384
849356
849345
849342
849330
849306
849299
849231
849215
849141
849138
849115
849085
849082
849059
849011
848983
848979
848928
848844
848779
848762
848761
848752
848741
848740
848728
848711
848694
848679
848652
848611
848583
848555
848549
848508
848456
848444
848422
848413
848395
848331
848317
848282
848223
848212
848205
848200
848199
848165
848124
848110
848060
848045
848020
847980
847971
847946
847933
847916
847914
847894
847887
847885
847828
847785
847742
847740
847735
847716
847714
847690
847687
847667
847638
847635
847629
847589
847541
847482
847468
847467
847465
847400
847399
847388
847386
847363
847329
847315
847288
847263
847239
847224
847220
847212
847147
847141
847090
847084
847034
847023
847020
847017
846995
846984
846971
846959
846921
846916
846912
846904
846888
846852
846820
846793
846767
846767
846764
846747
846725
846716
846664
846660
846639
846637
846566
846563
846536
846483
846479
846435
846423
846395
846338
846298
846294
846282
846242
846220
846166
846158
846152
846115
846098
846088
846075
846057
846022
846009
845972
845955
845944
845934
845928
845873
845818
845809
845793
845779
845731
845723
845695
845626
845622
845618
845599
845594
845594
845580
845538
845530
845520
845505
845460
845457
845422
845392
845379
845375
845372
845364
845360
845334
845329
845318
845306
845266
845260
845233
845196
845195
845189
845166
845159
845121
845096
845089
845080
845059
845047
845040
845032
845022
845012
845002
844983
844971
844942
844934
844921
844885
844847
844836
844832
844830
844820
844806
844752
844748
844739
844669
844659
844620
844606
844588
844575
844564
844559
844503
844472
844443
844431
844431
844406
844393
844329
844323
844301
844299
844298
844279
844271
844249
844245
844232
844218
844210
844201
844177
844171
844145
844095
844077
844068
843970
843965
843934
843896
843804
843778
843767
843748
843732
843722
843714
843684
843666
843665
843659
843630
843629
843626
843591
843572
843566
843563
843544
843501
843489
843481
843462
843455
843445
843441
843411
843403
843393
843380
843372
843351
843345
843342
843310
843305
843304
843283
843270
843258
843257
843253
843193
843171
843139
843112
843027
843015
843011
843005
842994
842946
842918
842907
842903
842900
842897
842875
842859
842832
842830
842821
842811
842778
842769
842724
842682
842658
842644
842620
842603
842600
842559
842551
842549
842511
842496
842490
842475
842475
842457
842454
842430
842321
842274
842260
842257
842253
842243
842222
842204
842190
842175
842158
842147
842108
842086
842076
842034
842004
841899
841895
841856
841853
841846
841826
841767
841763
841755
841714
841714
841693
841692
841666
841657
841656
841624
841624
841620
841600
841588
841587
841567
841535
841526
841514
841497
841462
841458
841380
841360
841329
841267
841229
841222
841181
841173
841155
841149
841137
841119
841083
841061
841052
841051
840985
840954
840951
840936
840913
840905
840882
840877
840875
840860
840830
840784
840771
840727
840707
840664
840663
840657
840656
840609
840536
840528
840524
840517
840509
840496
840490
840452
840449
840427
840414
840414
840383
840381
840373
840312
840292
840290
840272
840247
840242
840199
840196
840174
840145
840081
840080
840076
840069
840069
840056
840051
840043
840014
840014
840004
840001
839977
839945
839936
839930
839919
839914
839906
839903
839875
839858
839809
839793
839780
839765
839747
839718
839718
839706
839692
839686
839628
839624
839595
839575
839566
839517
839517
839483
839482
839482
839448
839444
839416
839412
839393
839393
839389
839357
839350
839346
839319
839302
839302
839275
839252
839234
839211
839186
839180
839164
839135
839129
839090
839066
839049
839014
838998
838977
838977
838969
838910
838897
838884
838884
838880
838868
838847
838842
838835
838800
838794
838787
838784
838762
838745
838716
838693
838691
838659
838630
838627
838626
838621
838572
838522
838494
838454
838445
838430
838417
838336
838330
838316
838316
838293
838259
838252
838250
838250
838230
838225
838207
838193
838189
838170
838161
838156
838143
838131
838121
838117
838112
838015
838004
838003
838002
837957
837925
837916
837912
837893
837887
837885
837868
837863
837861
837834
837788
837784
837765
837715
837659
837652
837610
837610
837577
837548
837494
837474
837469
837462
837440
837437
837383
837371
837357
837335
837296
837250
837225
837197
837194
837177
837152
837139
837130
837111
837080
837044
837035
837028
837027
837020
837014
837009
836971
836920
836915
836870
836839
836821
836801
836798
836791
836772
836763
836688
836680
836675
836650
836648
836648
836640
836558
836538
836516
836507
836493
836450
836443
836428
836394
836378
836375
836366
836341
836255
836218
836140
836082
836031
835931
835867
835857
835837
835836
835814
835814
835728
835720
835681
835639
835611
835588
835571
835549
835518
835515
835479
835478
835476
835470
835464
835458
835437
835428
835402
835378
835377
835355
835314
835313
835305
835257
835241
835228
835150
835136
835117
835081
834998
834982
834938
834922
834892
834830
834767
834741
834719
834714
834710
834677
834658
834657
834650
834622
834611
834576
834570
834566
834547
834530
834515
834499
834499
834438
834426
834424
834402
834376
834359
834350
834350
834301
834295
834134
834113
834112
834094
834084
834083
834076
834069
834048
834044
834043
834028
834021
833985
833968
833945
833931
833926
833905
833894
833894
833874
833868
833830
833808
833805
833790
833773
833760
833701
833697
833692
833681
833670
833645
833626
833606
833604
833594
833587
833579
833576
833568
833481
833458
833450
833440
833408
833404
833358
833351
833325
833319
833312
833308
833272
833243
833232
833222
833208
833200
833187
833129
833119
833114
833109
833105
833100
833082
833058
833038
833028
833022
833019
833012
832978
832922
832816
832780
832731
832729
832727
832727
832676
832672
832666
832636
832629
832615
832596
832588
832551
832534
832510
832495
832477
832464
832445
832400
832396
832394
832369
832333
832332
832311
832285
832222
832201
832177
832131
832126
832122
832111
832110
832081
832069
832045
832041
832023
831953
831936
831924
831897
831882
831873
831855
831846
831835
831826
831822
831810
831800
831765
831755
831753
831724
831717
831704
831702
831696
831687
831662
831658
831619
831583
831518
831500
831498
831495
831494
831445
831440
831409
831399
831397
831395
831389
831374
831318
831305
831297
831290
831287
831261
831256
831247
831245
831236
831205
831203
831198
831196
831189
831185
831153
831149
831147
831128
831127
831114
831113
831097
831095
831094
831073
831061
831048
831048
831043
831020
831000
830999
830973
830960
830923
830889
830855
830818
830808
830767
830759
830699
830659
830650
830646
830642
830636
830632
830585
830580
830573
830504
830500
830483
830455
830423
830365
830344
830329
830319
830310
830277
830270
830181
830176
830164
830159
830101
830086
830077
830069
830053
830042
830040
830034
830028
830006
829988
829987
829964
829927
829903
829859
829828
829820
829806
829805
829788
829779
829743
829728
829720
829716
829715
829695
829688
829688
829641
829614
829602
829581
829566
829561
829535
829494
829473
829458
829451
829449
829425
829423
829420
829412
829398
829397
829380
829371
829367
829354
829345
829303
829292
829275
829260
829259
829246
829240
829210
829190
829145
829123
829120
829093
829062
829055
828989
828969
828956
828956
828953
828936
828907
828889
828877
828870
828868
828864
828846
828835
828817
828813
828813
828779
828767
828742
828742
828716
828701
828672
828607
828571
828566
828549
828514
828506
828454
828449
828367
828290
828223
828209
828199
828183
828166
828131
828126
828109
828094
828076
828064
828057
828049
828026
828009
827976
827976
827955
827915
827915
827883
827821
827803
827798
827789
827761
827754
827726
827697
827673
827669
827664
827618
827563
827540
827531
827517
827461
827454
827443
827413
827369
827368
827353
827328
827325
827313
827274
827260
827257
827247
827244
827242
827239
827196
827183
827179
827173
827127
827085
827062
827059
827047
827044
826974
826959
826919
826856
826836
826791
826765
826764
826708
826702
826656
826638
826586
826582
826573
826499
826494
826475
826453
826437
826419
826413
826408
826271
826257
826204
826198
826192
826171
826165
826156
826138
826132
826129
826107
826101
826088
826065
826056
826050
826031
826023
826014
825979
825971
825967
825955
825933
825928
825926
825893
825888
825867
825866
825859
825837
825784
825784
825776
825766
825766
825699
825686
825651
825638
825606
825592
825576
825563
825516
825515
825495
825485
825438
825394
825363
825350
825346
825327
825305
825285
825280
825241
825185
825182
825143
825131
825075
824992
824939
824879
824878
824874
824859
824846
824814
824773
824731
824721
824699
824681
824663
824649
824637
824625
824623
824558
824556
824552
824514
824492
824466
824442
824435
824397
824370
824370
824344
824319
824296
824288
824286
824285
824256
824251
824204
824202
824191
824177
824177
824156
824134
824116
824103
824002
824001
823952
823921
823912
823905
823874
823823
823808
823776
823758
823749
823721
823705
823704
823698
823690
823658
823653
823637
823631
823556
823551
823535
823516
823459
823437
823323
823317
823267
823241
823222
823203
823191
823148
823123
823116
823104
823058
823030
823025
823009
822990
822978
822976
822975
822962
822962
822942
822925
822908
822904
822890
822841
822810
822797
822790
822778
822774
822751
822746
822714
822701
822659
822655
822629
822599
822587
822581
822572
822571
822564
822551
822548
822534
822493
822464
822426
822411
822374
822359
822342
822341
822332
822332
822303
822292
822286
822272
822222
822214
822186
822168
822149
822142
822103
822098
822095
822090
822076
822072
822065
822056
822044
821989
821984
821982
821967
821934
821931
821931
821895
821892
821878
821840
821838
821798
821773
821770
821763
821736
821703
821688
821641
821617
821606
821598
821582
821570
821562
821537
821535
821485
821407
821348
821342
821316
821313
821308
821244
821234
821187
821177
821126
821114
821098
821056
821020
821016
820874
820836
820828
820820
820806
820795
820782
820694
820686
820661
820658
820643
820632
820603
820597
820549
820525
820499
820493
820486
820471
820354
820330
820311
820293
820287
820264
820243
820238
820232
820215
820211
820202
820201
820179
820173
820148
820144
820126
820123
820121
820082
820061
820039
820033
820016
820011
820003
820001
819993
819993
819973
819947
819909
819881
819862
819797
819785
819748
819692
819589
819547
819517
819496
819489
819443
819415
819396
819327
819319
819303
819290
819225
819192
819187
819172
819167
819125
819125
819121
819120
819089
819041
819035
818988
818975
818974
818929
818907
818877
818875
818874
818852
818821
818814
818808
818773
818765
818750
818720
818706
818684
818633
818606
818587
818550
818472
818464
818457
818436
818433
818403
818398
818390
818375
818327
818318
818190
818186
818130
818120
818118
818090
818061
818041
818036
818030
818021
818000
817996
817967
817946
817941
817903
817895
817883
817878
817864
817863
817849
817815
817798
817692
817669
817660
817655
817654
817644
817631
817630
817584
817569
817471
817469
817452
817449
817418
817413
817353
817337
817327
817321
817310
817282
817249
817248
817229
817212
817192
817188
817187
817182
817182
817173
817120
817067
816989
816984
816982
816970
816956
816876
816874
816874
816843
816809
816761
816737
816709
816708
816697
816661
816640
816636
816547
816539
816515
816500
816476
816474
816471
816456
816454
816430
816425
816387
816379
816365
816344
816332
816299
816281
816249
816228
816215
816209
816194
816188
816174
816146
816142
816107
816099
816091
816090
816026
816010
816002
815944
815937
815927
815921
815897
815892
815889
815824
815811
815801
815774
815750
815733
815728
815723
815700
815695
815691
815687
815685
815678
815674
815674
815649
815648
815639
815584
815578
815502
815480
815441
815435
815380
815368
815341
815279
815246
815246
815241
815203
815196
815133
815118
815113
815076
815073
815063
815048
815016
815005
814997
814982
814981
814977
814957
814953
814924
814887
814884
814884
814871
814870
814869
814863
814843
814823
814810
814805
814796
814760
814754
814753
814718
814711
814692
814690
814685
814682
814662
814622
814621
814603
814562
814540
814479
814470
814420
814388
814387
814366
814358
814354
814332
814323
814251
814194
814193
814079
814078
814050
813976
813951
813866
813850
813839
813834
813829
813826
813823
813774
813762
813762
813759
813745
813725
813719
813710
813700
813693
813674
813671
813661
813641
813635
813615
813583
813570
813568
813527
813499
813483
813476
813450
813449
813449
813426
813408
813385
813385
813366
813325
813323
813319
813303
813286
813190
813154
813144
813137
813129
813093
813088
813085
812951
812950
812947
812918
812916
812911
812876
812876
812867
812866
812830
812829
812787
812786
812779
812776
812772
812767
812759
812755
812753
812719
812683
812668
812665
812648
812640
812635
812613
812613
812582
812483
812445
812428
812421
812411
812379
812368
812348
812333
812327
812322
812318
812288
812277
812276
812272
812261
812254
812252
812220
812104
812091
812086
812078
812059
812048
812016
811994
811971
811967
811966
811938
811932
811924
811903
811895
811866
811861
811822
811795
811785
811777
811763
811749
811730
811724
811710
811694
811690
811684
811669
811641
811604
811554
811531
811518
811514
811505
811494
811491
811467
811449
811419
811415
811415
811391
811346
811335
811331
811324
811317
811290
811269
811238
811234
811159
811135
811132
811128
811108
811105
811072
811071
811050
811016
811009
811003
810990
810974
810968
810965
810950
810929
810899
810897
810885
810882
810878
810850
810849
810846
810839
810832
810789
810774
810767
810764
810688
810682
810650
810630
810625
810590
810585
810581
810568
810567
810517
810482
810477
810441
810410
810405
810398
810369
810316
810312
810306
810298
810251
810231
810183
810179
810163
810147
810140
810129
810092
810078
810019
810003
809998
809954
809912
809907
809897
809880
809868
809851
809847
809846
809843
809727
809723
809708
809667
809648
809565
809546
809517
809516
809448
809443
809420
809417
809413
809381
809333
809317
809296
809285
809281
809276
809273
809242
809207
809194
809184
809174
809143
809140
809136
809020
809019
809018
809017
809009
809008
808985
808983
808972
808951
808935
808933
808930
808930
808847
808823
808820
808820
808810
808758
808747
808746
808686
808654
808639
808633
808603
808587
808550
808527
808493
808474
808420
808413
808306
808302
808236
808234
808229
808225
808203
808162
808144
808120
808115
808104
808091
808031
807993
807981
807966
807960
807956
807891
807887
807874
807838
807805
807804
807792
807789
807771
807753
807721
807717
807702
807682
807659
807646
807621
807568
807553
807539
807527
807478
807475
807456
807412
807385
807358
807295
807280
807279
807279
807275
807239
807188
807146
807105
807102
807099
807064
806983
806854
806845
806839
806819
806804
806794
806794
806771
806750
806729
806727
806723
806707
806696
806672
806654
806632
806611
806585
806566
806529
806525
806470
806464
806397
806375
806374
806364
806337
806337
806325
806301
806233
806233
806219
806195
806177
806154
806154
806131
806124
806115
806075
806047
806016
806014
806001
805982
805934
805915
805889
805887
805762
805753
805746
805732
805729
805677
805663
805653
805650
805630
805594
805559
805506
805491
805473
805468
805465
805455
805445
805436
805435
805419
805328
805324
805311
805303
805282
805253
805246
805239
805233
805225
805214
805195
805181
805175
805152
805140
805122
805119
805102
805006
804988
804975
804944
804927
804884
804787
804767
804761
804736
804659
804638
804620
804618
804616
804595
804570
804565
804565
804543
804501
804489
804488
804479
804473
804468
804466
804450
804424
804416
804406
804396
804396
804368
804346
804344
804303
804296
804266
804265
804248
804245
804220
804184
804168
804153
804133
804131
804109
804091
804090
804055
804053
804021
804007
803997
803949
803939
803928
803906
803874
803871
803871
803861
803860
803831
803806
803801
803766
803750
803748
803739
803720
803688
803638
803635
803631
803616
803593
803567
803553
803551
803548
803531
803504
803499
803484
803435
803435
803427
803408
803383
803363
803331
803324
803304
803282
803274
803232
803164
803158
803132
803128
803112
803101
803094
803026
803003
803001
802941
802923
802913
802889
802840
802835
802817
802813
802787
802681
802656
802655
802610
802605
802597
802577
802576
802567
802562
802542
802526
802526
802520
802505
802503
802497
802429
802387
802361
802360
802351
802349
802338
802326
802300
802292
802270
802242
802234
802216
802214
802210
802203
802192
802171
802168
802131
802107
802092
802062
802057
802056
802048
802010
802006
801970
801956
801927
801922
801908
801907
801789
801760
801756
801719
801683
801652
801622
801590
801573
801561
801552
801521
801513
801502
801467
801436
801419
801387
801361
801294
801223
801206
801168
801160
801131
801122
801081
801069
801033
801029
801013
801011
800981
800964
800925
800918
800907
800897
800856
800851
800730
800719
800711
800687
800664
800653
800635
800618
800611
800564
800506
800502
800481
800479
800479
800453
800438
800437
800424
800405
800396
800362
800224
800216
800200
800177
800165
800133
800117
800035
800027
800003
799964
799964
799924
799891
799888
799887
799863
799861
799849
799827
799805
799793
799775
799718
799717
799715
799692
799652
799648
799592
799581
799555
799553
799543
799526
799518
799517
799512
799498
799492
799490
799479
799457
799455
799453
799447
799444
799435
799433
799404
799335
799310
799300
799283
799272
799248
799206
799206
799150
799138
799126
799116
799092
799078
799065
799056
799025
798991
798963
798960
798950
798931
798921
798918
798913
798912
798879
798873
798861
798841
798729
798683
798675
798652
798615
798605
798600
798554
798528
798491
798490
798478
798461
798459
798435
798412
798409
798400
798399
798361
798347
798345
798314
798278
798269
798231
798229
798217
798203
798164
798134
798132
798106
798076
798032
798032
798022
798019
798005
797956
797953
797913
797907
797900
797890
797885
797878
797851
797845
797817
797803
797796
797788
797786
797782
797759
797731
797730
797716
797711
797708
797695
797634
797618
797608
797602
797591
797542
797537
797509
797466
797465
797401
797399
797360
797352
797347
797342
797310
797180
797157
797121
797094
797088
797075
797067
797031
796987
796970
796953
796880
796878
796870
796854
796841
796797
796773
796767
796762
796752
796736
796717
796696
796694
796656
796647
796640
796626
796624
796620
796618
796617
796569
796549
796543
796427
796422
796390
796367
796337
796314
796309
796301
796272
796253
796248
796246
796229
796201
796198
796196
796177
796163
796115
796112
796087
796078
796074
796073
796007
795989
795961
795946
795905
795899
795895
795829
795825
795811
795787
795749
795729
795696
795685
795681
795672
795575
795507
795498
795492
795472
795450
795392
795385
795361
795357
795353
795339
795337
795302
795270
795195
795190
795169
795112
795103
795077
795067
795058
795047
795046
794999
794996
794982
794976
794967
794953
794949
794934
794922
794914
794891
794888
794865
794818
794800
794756
794748
794723
794714
794700
794695
794692
794667
794658
794654
794594
794582
794544
794541
794538
794458
794439
794425
794419
794401
794353
794344
794333
794328
794318
794316
794313
794296
794276
794223
794218
794209
794204
794195
794181
794171
794163
794151
794132
794127
794118
794104
794061
794041
794012
794006
793973
793964
793934
793912
793912
793903
793886
793837
793833
793791
793767
793760
793738
793733
793723
793711
793696
793636
793568
793532
793530
793504
793476
793461
793437
793433
793430
793414
793401
793400
793392
793348
793268
793181
793178
793134
793130
793107
793097
793093
793035
793033
793008
793002
792983
792964
792963
792947
792935
792924
792893
792869
792853
792822
792810
792708
792700
792695
792688
792679
792661
792660
792625
792622
792597
792555
792547
792530
792526
792520
792512
792488
792456
792454
792409
792403
792398
792391
792376
792320
792280
792265
792229
792213
792204
792201
792182
792153
792153
792116
792095
792090
792072
792060
792057
792056
792052
792033
792023
791999
791995
791973
791889
791875
791858
791817
791798
791752
791740
791740
791692
791651
791622
791618
791610
791593
791593
791590
791582
791550
791548
791537
791524
791521
791458
791458
791443
791436
791412
791404
791384
791379
791360
791238
791235
791230
791225
791210
791208
791198
791197
791166
791165
791143
791137
791135
791131
791123
791094
791086
791056
791035
791000
790977
790977
790971
790960
790941
790936
790909
790896
790878
790867
790831
790821
790799
790754
790743
790683
790672
790669
790659
790642
790604
790603
790551
790538
790494
790485
790451
790447
790442
790435
790400
790391
790368
790346
790326
790326
790321
790317
790287
790266
790265
790239
790200
790195
790190
790145
790144
790130
790118
790116
790095
790078
790050
790024
790023
789967
789964
789950
789928
789903
789878
789867
789857
789820
789816
789813
789798
789791
789789
789787
789785
789783
789751
789744
789722
789700
789663
789657
789636
789590
789574
789553
789546
789500
789475
789473
789425
789417
789413
789404
789368
789346
789333
789327
789272
789270
789248
789225
789213
789194
789185
789163
789155
789144
789077
789063
789063
789046
788994
788993
788977
788968
788917
788898
788886
788877
788875
788859
788853
788832
788825
788798
788794
788738
788712
788694
788635
788634
788613
788590
788581
788555
788552
788539
788528
788497
788488
788462
788457
788425
788412
788395
788381
788365
788351
788341
788333
788324
788295
788268
788261
788259
788225
788224
788216
788202
788199
788190
788187
788173
788147
788147
788116
788089
788075
788040
788034
788018
787998
787986
787965
787955
787942
787935
787893
787852
787848
787845
787831
787827
787813
787774
787766
787747
787734
787718
787695
787666
787646
787642
787615
787602
787591
787532
787516
787515
787513
787479
787469
787455
787413
787412
787401
787380
787377
787370
787370
787359
787339
787287
787275
787251
787246
787225
787147
787120
787021
786989
786984
786965
786964
786964
786932
786918
786892
786890
786837
786834
786814
786813
786801
786784
786735
786720
786695
786694
786610
786596
786589
786582
786546
786535
786521
786464
786454
786428
786424
786408
786380
786378
786373
786366
786312
786308
786294
786291
786267
786266
786260
786251
786241
786231
786192
786154
786098
786077
786045
786041
785943
785910
785876
785874
785869
785857
785797
785762
785744
785730
785666
785645
785638
785617
785592
785582
785568
785552
785541
785513
785465
785442
785383
785360
785336
785317
785295
785294
785291
785276
785236
785228
785222
785215
785191
785182
785170
785101
785100
785074
784997
784981
784967
784931
784908
784889
784846
784829
784824
784821
784819
784797
784796
784756
784735
784727
784705
784676
784650
784642
784641
784618
784609
784590
784568
784561
784552
784546
784499
784470
784451
784448
784445
784444
784431
784425
784412
784385
784363
784359
784358
784351
784346
784344
784332
784314
784302
784240
784209
784190
784150
784146
784139
784123
784120
784084
784073
784041
784040
783947
783905
783857
783854
783846
783822
783782
783735
783703
783659
783643
783626
783618
783612
783602
783557
783553
783530
783522
783515
783512
783491
783483
783481
783453
783444
783430
783391
783369
783365
783362
783358
783344
783341
783323
783296
783286
783267
783237
783221
783221
783198
783178
783124
783117
783110
783028
783021
783009
782991
782989
782935
782884
782875
782868
782862
782862
782747
782745
782735
782720
782679
782643
782625
782620
782569
782524
782460
782420
782361
782345
782247
782232
782223
782210
782202
782167
782166
782157
782157
782144
782123
782093
782083
782063
782042
782001
782001
781993
781951
781934
781905
781893
781877
781842
781836
781834
781825
781809
781780
781778
781771
781741
781716
781693
781686
781658
781640
781630
781622
781616
781504
781491
781466
781458
781445
781430
781418
781416
781413
781405
781400
781394
781371
781360
781341
781328
781324
781319
781299
781298
781281
781225
781191
781171
781168
781165
781148
781130
781130
781069
781055
781050
781043
781040
781032
781025
780992
780963
780901
780874
780806
780804
780662
780643
780636
780623
780615
780588
780576
780571
780551
780545
780542
780519
780515
780512
780507
780487
780481
780473
780453
780450
780449
780442
780360
780321
780314
780308
780306
780304
780266
780226
780220
780192
780184
780182
780159
780152
780128
780108
780101
780097
780055
780026
780013
780012
780006
779958
779950
779913
779909
779883
779869
779868
779861
779824
779794
779754
779733
779731
779719
779653
779640
779631
779626
779579
779567
779560
779553
779522
779522
779419
779378
779339
779335
779307
779283
779254
779250
779222
779212
779207
779202
779183
779180
779179
779159
779156
779149
779134
779127
779108
779101
779097
779086
779079
779063
779050
779035
779029
779009
778999
778979
778932
778912
778908
778899
778880
778864
778836
778811
778763
778733
778698
778695
778681
778618
778602
778595
778569
778560
778521
778509
778505
778430
778418
778395
778357
778328
778321
778319
778309
778267
778263
778263
778243
778243
778237
778193
778193
778187
778184
778136
778125
778117
778096
778093
778076
778010
778003
777943
777937
777920
777883
777829
777800
777776
777767
777762
777718
777702
777690
777670
777625
777624
777586
777576
777569
777568
777549
777532
777507
777459
777438
777433
777420
777413
777412
777394
777391
777369
777368
777360
777355
777352
777344
777341
777329
777321
777312
777293
777276
777262
777226
777211
777203
777190
777183
777091
777087
777081
777041
777041
777031
777023
776988
776986
776967
776961
776947
776945
776934
776914
776895
776894
776878
776829
776766
776761
776758
776708
776681
776668
776653
776638
776604
776598
776568
776543
776525
776478
776476
776456
776394
776383
776330
776273
776264
776228
776217
776208
776196
776160
776140
776108
776102
776085
776077
776077
776068
776056
776043
776021
775996
775988
775978
775958
775894
775891
775881
775874
775866
775852
775823
775821
775798
775771
775748
775721
775687
775676
775660
775658
775614
775590
775579
775571
775492
775464
775454
775448
775400
775390
775349
775343
775300
775280
775279
775253
775244
775215
775170
775128
775127
775121
775114
775113
775077
775044
775014
774985
774960
774949
774942
774895
774874
774871
774810
774800
774780
774779
774758
774721
774646
774642
774620
774612
774584
774579
774575
774572
774567
774558
774552
774551
774547
774535
774528
774509
774487
774422
774420
774412
774380
774366
774359
774358
774353
774353
774343
774304
774241
774236
774233
774224
774223
774211
774147
774143
774133
774131
774125
774084
774066
774059
774055
774047
773983
773979
773962
773935
773924
773906
773893
773881
773834
773815
773802
773750
773708
773691
773686
773640
773631
773608
773606
773605
773540
773521
773510
773503
773498
773475
773445
773430
773378
773354
773349
773326
773306
773299
773250
773240
773239
773238
773211
773198
773133
773131
773070
773042
773029
773028
773012
772969
772967
772937
772898
772870
772860
772859
772859
772844
772802
772800
772786
772786
772743
772741
772707
772657
772637
772614
772611
772547
772539
772523
772500
772493
772453
772452
772446
772393
772387
772350
772332
772316
772275
772211
772200
772178
772168
772168
772155
772155
772117
772116
772115
772093
772050
771996
771917
771913
771891
771881
771880
771870
771860
771846
771825
771793
771781
771774
771758
771725
771717
771716
771683
771663
771641
771626
771614
771594
771549
771537
771496
771495
771495
771470
771461
771456
771455
771425
771407
771407
771375
771361
771324
771305
771272
771262
771215
771186
771186
771167
771131
771106
771095
771072
771034
771021
771008
770981
770956
770946
770932
770887
770886
770885
770867
770861
770840
770794
770765
770759
770755
770750
770747
770721
770700
770698
770677
770660
770631
770617
770607
770605
770578
770569
770548
770517
770494
770494
770485
770480
770479
770460
770457
770451
770445
770368
770367
770357
770333
770277
770246
770232
770229
770195
770186
770170
770111
770111
770091
770030
770022
769987
769975
769944
769933
769931
769915
769900
769897
769845
769834
769789
769755
769751
769728
769726
769710
769700
769649
769646
769641
769600
769593
769590
769514
769404
769381
769363
769351
769342
769331
769322
769295
769236
769232
769201
769181
769174
769173
769172
769113
769111
769093
769090
769079
769058
769051
769049
769045
769043
769032
769032
769027
769024
768986
768976
768860
768845
768830
768820
768809
768714
768713
768692
768674
768633
768569
768559
768552
768520
768514
768506
768487
768478
768472
768468
768409
768403
768361
768342
768313
768307
768282
768281
768264
768263
768238
768218
768218
768189
768187
768182
768171
768115
768060
768059
768019
768011
768005
768004
767985
767979
767940
767936
767926
767919
767909
767904
767904
767883
767811
767783
767778
767749
767739
767725
767697
767679
767664
767573
767529
767512
767493
767487
767443
767436
767396
767368
767349
767338
767307
767286
767270
767249
767236
767212
767148
767115
767110
767100
767089
767001
767001
766977
766977
766900
766887
766883
766880
766875
766858
766857
766848
766847
766804
766772
766758
766739
766718
766700
766689
766683
766664
766589
766586
766581
766579
766575
766569
766568
766494
766486
766468
766464
766463
766431
766392
766391
766377
766339
766336
766321
766321
766315
766294
766288
766287
766271
766271
766271
766239
766169
766120
766081
766074
766069
766034
766012
766006
766002
766001
765996
765981
765924
765910
765894
765882
765858
765824
765811
765766
765757
765749
765739
765737
765707
765695
765600
765592
765587
765583
765580
765559
765548
765535
765528
765526
765483
765465
765442
765396
765377
765372
765369
765368
765354
765307
765257
765249
765204
765186
765167
765134
765104
765095
765073
765059
765049
765041
765026
764997
764984
764860
764854
764849
764828
764822
764812
764800
764785
764765
764759
764728
764711
764707
764691
764676
764656
764647
764634
764610
764544
764530
764494
764454
764444
764442
764441
764438
764420
764418
764417
764378
764374
764358
764343
764336
764309
764292
764287
764275
764231
764191
764184
764164
764144
764129
764120
764113
764073
764071
764071
764068
764040
764039
764037
764004
763982
763948
763942
763938
763917
763879
763844
763806
763793
763782
763768
763764
763743
763732
763709
763700
763695
763661
763650
763644
763605
763603
763591
763521
763469
763420
763389
763338
763321
763265
763264
763249
763208
763157
763146
763110
763082
763082
763081
763061
763049
763007
762997
762990
762961
762960
762950
762938
762932
762900
762853
762841
762833
762827
762801
762789
762788
762781
762767
762744
762702
762681
762678
762644
762640
762628
762623
762623
762576
762520
762517
762488
762462
762460
762450
762439
762417
762389
762389
762304
762304
762292
762281
762273
762257
762238
762209
762205
762159
762119
762093
762044
762034
762027
762023
762022
762012
762001
761990
761978
761970
761968
761937
761920
761915
761915
761914
761914
761903
761883
761881
761805
761773
761773
761765
761757
761662
761596
761576
761564
761536
761532
761517
761512
761450
761416
761408
761398
761387
761356
761349
761323
761315
761302
761298
761279
761277
761257
761218
761217
761215
761179
761117
761109
761079
761076
761071
761049
761043
761035
761019
761013
761008
760982
760941
760919
760895
760872
760871
760852
760799
760790
760774
760746
760712
760668
760652
760652
760635
760624
760623
760614
760609
760604
760603
760551
760551
760529
760525
760515
760499
760495
760481
760463
760456
760449
760431
760414
760412
760409
760325
760324
760308
760272
760263
760255
760220
760218
760197
760170
760103
760096
760086
760065
759993
759991
759990
759951
759941
759923
759890
759884
759850
759848
759832
759824
759819
759801
759776
759686
759669
759651
759629
759627
759576
759565
759557
759549
759532
759519
759514
759494
759476
759467
759466
759465
759434
759416
759405
759361
759323
759305
759305
759270
759245
759239
759215
759202
759189
759187
759178
759135
759114
759090
759070
759035
759001
758985
758976
758947
758922
758922
758901
758888
758884
758879
758858
758852
758844
758843
758824
758790
758779
758769
758768
758728
758718
758716
758704
758670
758666
758659
758638
758585
758575
758570
758562
758542
758529
758506
758498
758496
758482
758460
758426
758413
758388
758377
758341
758339
758309
758297
758293
758269
758246
758237
758217
758172
758161
758132
758110
758108
758088
758060
758042
758030
758011
757992
757990
757973
757951
757950
757924
757906
757841
757841
757821
757808
757764
757725
757715
757669
757667
757567
757557
757556
757546
757543
757524
757507
757486
757437
757420
757383
757382
757375
757331
757329
757327
757296
757252
757232
757230
757179
757157
757113
757106
757060
757048
757033
757031
757011
756996
756948
756927
756911
756901
756896
756894
756859
756814
756788
756782
756780
756697
756683
756675
756674
756658
756657
756644
756640
756608
756563
756560
756531
756502
756492
756482
756476
756469
756437
756419
756371
756367
756358
756345
756338
756298
756289
756249
756243
756241
756234
756163
756090
756041
756041
756020
756010
756010
755977
755971
755952
755933
755894
755865
755807
755798
755718
755688
755682
755673
755668
755637
755612
755571
755555
755538
755513
755509
755500
755467
755463
755454
755451
755441
755431
755411
755409
755375
755293
755247
755243
755220
755184
755173
755168
755159
755142
755135
755069
755037
755026
755026
755006
754949
754946
754939
754924
754915
754889
754862
754812
754783
754774
754773
754769
754703
754700
754691
754683
754676
754675
754667
754615
754584
754518
754513
754506
754491
754484
754480
754457
754450
754433
754348
754347
754344
754338
754322
754277
754253
754234
754226
754216
754214
754212
754199
754182
754181
754126
754124
754104
754095
754042
754016
753956
753923
753921
753889
753866
753846
753830
753824
753812
753790
753785
753782
753772
753752
753742
753727
753681
753670
753644
753631
753621
753614
753586
753578
753556
753541
753528
753506
753504
753449
753334
753332
753327
753288
753272
753213
753199
753188
753165
753160
753086
753074
753067
753043
752993
752948
752938
752931
752903
752900
752889
752882
752881
752881
752877
752848
752790
752766
752703
752681
752678
752673
752657
752655
752633
752619
752580
752525
752524
752513
752497
752490
752489
752483
752472
752451
752447
752412
752408
752384
752372
752368
752323
752313
752307
752303
752288
752274
752265
752258
752242
752217
752200
752170
752159
752145
752077
752039
752034
751997
751996
751987
751974
751973
751968
751946
751945
751917
751912
751901
751887
751803
751778
751776
751764
751754
751694
751682
751677
751639
751626
751615
751611
751598
751595
751587
751561
751548
751477
751438
751429
751428
751372
751312
751308
751281
751275
751264
751211
751208
751165
751156
751117
751036
751029
751007
751004
750940
750902
750888
750880
750852
750842
750842
750834
750829
750807
750803
750783
750759
750749
750713
750691
750682
750671
750656
750594
750585
750569
750516
750515
750507
750498
750487
750478
750475
750474
750453
750437
750434
750412
750396
750349
750341
750331
750328
750307
750293
750273
750258
750228
750220
750192
750163
750125
750123
750112
750107
750099
750062
750062
750042
750039
749968
749964
749950
749924
749923
749909
749840
749823
749809
749780
749772
749759
749724
749707
749676
749671
749671
749666
749665
749649
749619
749593
749573
749549
749476
749464
749456
749450
749443
749441
749385
749374
749344
749339
749295
749231
749205
749127
749117
749114
749104
749092
749071
749067
749065
749037
749029
749002
748990
748988
748933
748923
748920
748864
748861
748829
748820
748806
748796
748765
748749
748731
748721
748702
748681
748669
748663
748602
748599
748591
748590
748586
748586
748565
748519
748507
748492
748481
748474
748473
748469
748453
748417
748402
748377
748367
748367
748364
748352
748350
748315
748305
748284
748267
748244
748236
748219
748207
748193
748181
748172
748151
748143
748115
748068
748015
748001
747994
747985
747978
747968
747959
747912
747888
747873
747862
747835
747814
747751
747738
747707
747661
747654
747650
747649
747628
747625
747612
747585
747582
747567
747563
747557
747539
747521
747476
747462
747460
747428
747427
747382
747376
747371
747371
747363
747322
747301
747279
747236
747232
747221
747216
747188
747173
747145
747115
747109
747109
747100
747015
746977
746965
746947
746944
746922
746920
746890
746868
746855
746836
746825
746781
746773
746733
746716
746700
746699
746655
746644
746637
746620
746564
746541
746488
746472
746433
746413
746389
746373
746348
746336
746317
746310
746309
746283
746274
746234
746209
746183
746179
746117
746113
746096
746088
746077
746059
746054
746051
746041
746038
746004
746001
745946
745945
745919
745866
745857
745850
745848
745843
745808
745778
745748
745742
745735
745726
745713
745668
745666
745658
745621
745618
745607
745586
745546
745526
745495
745491
745485
745480
745452
745423
745413
745392
745320
745259
745209
745203
745188
745175
745120
745111
745105
745080
745050
745029
745010
744977
744976
744946
744940
744921
744901
744897
744892
744883
744871
744869
744853
744843
744822
744816
744814
744801
744800
744717
744668
744637
744621
744589
744584
744583
744577
744555
744507
744502
744468
744456
744441
744402
744371
744361
744329
744307
744300
744232
744204
744184
744166
744128
744114
744090
744080
744073
744062
744051
744041
744027
744020
744013
744011
744009
743986
743969
743968
743959
743954
743943
743937
743928
743925
743903
743887
743885
743879
743855
743754
743749
743744
743698
743689
743651
743650
743635
743630
743624
743602
743601
743580
743544
743528
743525
743498
743495
743463
743454
743432
743414
743404
743399
743372
743370
743369
743367
743366
743321
743249
743235
743227
743215
743205
743195
743170
743147
743138
743133
743129
743126
743110
743062
743028
743005
743003
742992
742977
742947
742937
742910
742900
742881
742873
742849
742847
742813
742810
742745
742742
742704
742679
742679
742675
742670
742613
742603
742576
742516
742511
742504
742447
742421
742420
742412
742408
742406
742399
742376
742375
742367
742367
742360
742314
742313
742304
742294
742282
742228
742220
742207
742188
742144
742070
741955
741943
741927
741914
741912
741909
741901
741853
741848
741796
741791
741776
741747
741740
741717
741709
741683
741639
741605
741566
741550
741546
741546
741539
741533
741492
741468
741468
741441
741438
741406
741395
741390
741353
741288
741269
741266
741254
741248
741205
741195
741171
741148
741143
741119
741114
741107
741078
741077
741054
741047
741026
740941
740937
740913
740853
740817
740804
740800
740768
740718
740696
740626
740565
740547
740515
740510
740501
740465
740452
740428
740424
740381
740346
740338
740320
740312
740310
740309
740302
740282
740216
740212
740173
740153
740116
740111
740083
740071
740069
740056
740023
740022
740021
740016
740005
740001
739995
739919
739906
739859
739834
739819
739809
739799
739794
739777
739773
739772
739759
739751
739739
739676
739668
739638
739587
739577
739560
739548
739524
739451
739445
739442
739418
739409
739394
739383
739375
739365
739315
739296
739268
739249
739241
739241
739219
739181
739178
739159
739110
739103
739082
739035
739025
739021
738994
738982
738979
738956
738897
738888
738879
738865
738845
738836
738825
738805
738796
738787
738778
738754
738698
738677
738672
738648
738622
738621
738620
738543
738533
738530
738493
738489
738481
738435
738426
738418
738385
738340
738305
738288
738274
738247
738234
738223
738204
738203
738110
738105
738093
738079
738016
738008
737977
737957
737933
737905
737888
737876
737863
737846
737820
737815
737813
737799
737749
737719
737703
737647
737629
737607
737575
737546
737516
737506
737499
737463
737437
737436
737395
737350
737346
737314
737288
737274
737265
737264
737249
737245
737237
737224
737197
737177
737171
737160
737158
737141
737140
737119
737095
737025
737021
737006
736970
736959
736955
736953
736934
736911
736910
736887
736852
736848
736808
736796
736795
736776
736717
736715
736709
736683
736679
736655
736634
736624
736612
736594
736593
736584
736582
736515
736466
736459
736459
736444
736433
736427
736419
736374
736339
736301
736294
736292
736282
736276
736258
736257
736252
736218
736212
736128
736126
736095
736085
736075
736039
736036
736031
736011
736005
735962
735927
735899
735899
735889
735885
735877
735873
735835
735833
735747
735729
735654
735651
735634
735633
735623
735616
735596
735587
735584
735581
735572
735552
735544
735535
735478
735477
735464
735410
735357
735353
735347
735308
735303
735298
735277
735232
735190
735187
735186
735160
735153
735146
735143
735085
735075
734980
734963
734936
734934
734930
734925
734923
734915
734882
734862
734842
734839
734829
734807
734798
734786
734777
734771
734743
734732
734725
734687
734656
734655
734636
734622
734578
734578
734576
734554
734538
734499
734487
734458
734442
734395
734371
734361
734334
734331
734316
734286
734279
734202
734197
734186
734174
734168
734093
734024
734013
734000
733988
733900
733877
733871
733864
733852
733849
733808
733804
733798
733782
733769
733765
733749
733748
733747
733731
733687
733682
733671
733636
733634
733631
733581
733580
733556
733547
733523
733489
733480
733476
733474
733471
733466
733459
733455
733453
733390
733346
733322
733306
733278
733268
733262
733231
733227
733213
733207
733191
733164
733148
733122
733102
733096
733087
733066
733063
733037
733016
732968
732964
732960
732954
732952
732886
732858
732858
732856
732856
732848
732848
732784
732729
732698
732673
732658
732597
732529
732477
732472
732470
732452
732445
732439
732413
732405
732402
732386
732380
732377
732354
732330
732321
732274
732267
732267
732235
732198
732193
732173
732124
732098
732078
732061
732046
732042
732031
732021
731982
731927
731927
731925
731905
731867
731865
731826
731815
731750
731732
731690
731686
731675
731657
731634
731632
731593
731588
731579
731570
731562
731555
731549
731549
731517
731449
731435
731408
731392
731385
731363
731332
731304
731292
731276
731242
731237
731202
731176
731080
731068
731034
731017
731014
730997
730992
730971
730957
730950
730914
730908
730907
730906
730897
730864
730856
730847
730841
730821
730796
730790
730778
730756
730736
730729
730705
730683
730646
730630
730615
730603
730597
730595
730590
730580
730532
730497
730457
730453
730449
730449
730430
730428
730373
730370
730354
730273
730271
730270
730261
730216
730213
730172
730161
730152
730115
730096
730071
730031
730025
729959
729950
729937
729895
729865
729861
729857
729832
729827
729823
729813
729787
729782
729721
729696
729683
729641
729630
729629
729617
729581
729521
729513
729493
729482
729386
729355
729352
729336
729331
729316
729313
729294
729264
729253
729238
729201
729199
729174
729102
729077
729063
729054
729044
729037
729024
728999
728998
728995
728972
728969
728960
728923
728875
728865
728821
728817
728806
728755
728730
728701
728682
728669
728657
728653
728645
728619
728581
728558
728553
728511
728433
728373
728371
728368
728335
728331
728263
728231
728215
728185
728181
728165
728161
728155
728148
728088
728084
728065
728048
728034
728028
728013
728008
727989
727983
727977
727923
727910
727879
727866
727843
727840
727839
727829
727802
727800
727800
727784
727781
727751
727624
727537
727534
727501
727441
727440
727403
727391
727355
727334
727323
727229
727148
727138
727132
727121
727086
727082
727062
727048
727007
726981
726977
726971
726944
726873
726849
726839
726827
726789
726788
726775
726734
726697
726694
726683
726660
726615
726593
726582
726580
726571
726550
726517
726515
726504
726503
726467
726461
726448
726435
726423
726415
726406
726396
726381
726370
726358
726356
726331
726285
726277
726250
726245
726206
726192
726173
726172
726126
726111
726087
726084
726074
726063
726041
726020
725995
725994
725989
725971
725926
725875
725825
725809
725807
725792
725721
725680
725647
725645
725643
725605
725599
725580
725569
725551
725541
725534
725519
725511
725497
725469
725387
725307
725264
725252
725249
725221
725213
725193
725184
725180
725164
725156
725149
725094
725075
725069
725062
725052
725045
725018
725009
724997
724990
724969
724951
724945
724936
724905
724895
724869
724869
724866
724853
724820
724812
724811
724783
724783
724764
724743
724742
724684
724665
724660
724656
724633
724614
724600
724567
724538
724524
724519
724498
724486
724464
724422
724405
724396
724374
724346
724343
724315
724298
724293
724238
724227
724217
724192
724190
724174
724110
724100
724081
724040
724034
724008
723962
723961
723961
723949
723933
723925
723900
723892
723875
723874
723855
723849
723831
723819
723806
723791
723786
723779
723776
723775
723759
723736
723722
723673
723665
723649
723645
723609
723602
723590
723546
723536
723524
723497
723466
723378
723338
723311
723290
723289
723286
723212
723194
723192
723190
723174
723167
723134
723118
723115
723106
723090
723065
723053
723029
723027
722986
722974
722924
722923
722918
722826
722799
722796
722779
722765
722746
722717
722706
722689
722677
722663
722644
722565
722558
722549
722528
722505
722479
722472
722463
722461
722457
722451
722438
722426
722415
722410
722399
722398
722383
722361
722332
722242
722235
722230
722225
722200
722195
722145
722142
722123
722104
722103
722091
722084
722045
722042
722013
721973
721914
721906
721890
721854
721825
721811
721805
721798
721795
721740
721720
721712
721660
721656
721629
721624
721614
721611
721605
721603
721560
721422
721384
721366
721362
721356
721334
721315
721282
721267
721225
721176
721171
721152
721144
721111
721086
721033
721030
721025
721007
720994
720975
720954
720944
720926
720921
720903
720897
720880
720869
720864
720851
720836
720821
720819
720809
720790
720769
720734
720733
720681
720627
720620
720580
720580
720573
720542
720531
720528
720518
720484
720459
720436
720388
720386
720376
720373
720368
720336
720334
720327
720320
720314
720289
720289
720239
720232
720215
720211
720201
720199
720176
720157
720110
720081
720022
719988
719979
719964
719896
719862
719847
719841
719832
719830
719818
719803
719752
719750
719734
719674
719666
719637
719576
719570
719566
719553
719524
719494
719446
719446
719435
719427
719385
719384
719293
719261
719255
719244
719239
719234
719185
719173
719156
719152
719145
719126
719100
719070
719061
719055
719051
719051
719041
719008
718985
718971
718931
718895
718893
718835
718798
718778
718761
718753
718736
718711
718702
718694
718652
718627
718609
718565
718564
718527
718520
718516
718514
718478
718438
718396
718385
718371
718340
718327
718316
718307
718275
718274
718244
718196
718194
718193
718176
718172
718145
718143
718122
718108
718097
718065
718056
718049
718008
718001
717974
717952
717940
717925
717922
717919
717897
717895
717858
717823
717791
717764
717726
717716
717707
717700
717697
717649
717622
717601
717584
717574
717550
717506
717485
717474
717464
717432
717416
717407
717406
717405
717398
717383
717372
717343
717314
717264
717241
717202
717194
717193
717186
717154
717136
717133
717130
717130
717126
717063
717059
716990
716959
716919
716889
716881
716851
716791
716780
716771
716770
716743
716694
716680
716651
716633
716614
716590
716587
716570
716561
716556
716549
716530
716485
716478
716470
716408
716393
716380
716380
716354
716347
716337
716319
716315
716260
716248
716198
716165
716153
716149
716118
716095
716052
716046
716038
716025
716021
715996
715995
715990
715989
715971
715956
715955
715948
715893
715888
715863
715861
715849
715839
715832
715752
715745
715741
715727
715669
715667
715663
715644
715638
715631
715600
715582
715549
715520
715520
715518
715507
715493
715493
715486
715477
715472
715456
715454
715413
715389
715386
715365
715342
715332
715292
715279
715255
715242
715228
715209
715199
715186
715161
715159
715143
715135
715104
715085
715035
715026
714992
714977
714973
714969
714964
714935
714905
714896
714890
714887
714880
714869
714832
714801
714783
714781
714781
714777
714697
714676
714671
714644
714611
714588
714554
714504
714504
714450
714425
714420
714405
714403
714386
714280
714260
714250
714247
714221
714211
714205
714194
714177
714163
714151
714139
714127
714112
714110
714015
714011
714008
713941
713938
713921
713897
713878
713860
713820
713756
713734
713672
713661
713617
713612
713605
713529
713488
713475
713470
713461
713451
713432
713386
713339
713320
713309
713250
713241
713225
713139
713123
713115
713111
713088
713074
713032
713005
713001
712982
712974
712971
712947
712941
712884
712872
712860
712848
712845
712766
712751
712747
712706
712701
712694
712675
712671
712652
712606
712578
712574
712573
712549
712544
712536
712532
712492
712457
712403
712385
712382
712326
712308
712289
712275
712258
712207
712198
712193
712188
712170
712147
712133
712095
712082
712080
712062
712056
712047
712040
712031
712027
712004
711995
711980
711976
711925
711915
711911
711881
711848
711778
711771
711758
711746
711746
711745
711720
711701
711676
711671
711625
711618
711595
711561
711523
711489
711485
711462
711457
711441
711435
711432
711424
711418
711381
711372
711364
711295
711284
711244
711208
711201
711188
711157
711150
711124
711086
711084
711070
711063
711061
711033
711032
711021
711004
710982
710969
710932
710909
710907
710888
710880
710855
710821
710812
710810
710793
710784
710773
710765
710755
710747
710737
710724
710721
710652
710648
710644
710636
710612
710604
710591
710581
710542
710533
710465
710451
710422
710404
710394
710320
710271
710266
710262
710253
710223
710215
710211
710189
710155
710155
710125
710096
710092
710090
710054
710054
710049
710044
710025
709976
709976
709956
709936
709903
709902
709896
709863
709855
709853
709817
709807
709752
709748
709745
709730
709724
709679
709661
709624
709606
709606
709586
709585
709541
709540
709536
709499
709497
709497
709493
709487
709479
709461
709435
709426
709417
709414
709403
709388
709387
709374
709366
709353
709334
709291
709250
709241
709225
709225
709193
709180
709105
709090
709078
709069
709063
709015
708935
708904
708881
708863
708837
708836
708715
708709
708705
708673
708665
708658
708653
708629
708611
708606
708590
708580
708577
708576
708562
708521
708508
708493
708491
708475
708452
708450
708351
708342
708340
708288
708276
708269
708237
708231
708163
708157
708148
708135
708130
708078
708069
708056
708049
708047
708034
707994
707929
707929
707924
707920
707888
707875
707871
707834
707819
707801
707759
707747
707735
707727
707709
707696
707631
707583
707539
707530
707519
707516
707497
707424
707419
707415
707412
707410
707389
707377
707373
707360
707350
707298
707271
707255
707215
707190
707187
707126
707103
707091
707068
707063
707026
707022
706990
706977
706961
706942
706932
706913
706845
706830
706787
706780
706743
706692
706687
706652
706650
706625
706610
706561
706538
706533
706513
706468
706433
706413
706413
706409
706401
706400
706385
706376
706349
706316
706308
706300
706291
706276
706266
706246
706245
706211
706176
706159
706158
706151
706105
706078
706070
706051
706051
706037
706029
706006
705956
705929
705901
705872
705866
705823
705817
705785
705767
705762
705757
705685
705658
705655
705653
705652
705621
705618
705592
705581
705574
705570
705541
705435
705397
705386
705370
705370
705338
705329
705300
705288
705267
705242
705235
705223
705213
705135
705132
705105
705084
705079
705051
705007
705004
704994
704966
704961
704959
704929
704918
704916
704910
704898
704890
704835
704808
704766
704737
704734
704715
704688
704635
704623
704615
704614
704577
704574
704555
704525
704519
704519
704517
704507
704497
704496
704495
704482
704476
704460
704415
704414
704413
704348
704337
704315
704257
704241
704215
704204
704164
704159
704158
704126
704116
704104
704094
704091
704061
704051
704045
704043
703953
703930
703855
703852
703851
703797
703763
703750
703712
703705
703701
703667
703662
703650
703648
703639
703626
703602
703563
703541
703536
703424
703406
703382
703366
703361
703352
703322
703304
703293
703291
703266
703257
703232
703228
703195
703176
703138
703133
703127
703100
703090
703087
703080
703021
702968
702943
702880
702877
702875
702865
702824
702781
702771
702744
702686
702676
702658
702653
702652
702647
702540
702540
702534
702493
702487
702448
702440
702421
702412
702315
702304
702272
702262
702258
702233
702226
702225
702208
702186
702167
702156
702150
702145
702131
702110
702078
702072
702070
702048
702037
702033
702032
702005
701972
701950
701946
701920
701906
701827
701814
701800
701784
701765
701729
701727
701722
701718
701699
701660
701655
701612
701555
701548
701545
701488
701484
701479
701456
701450
701396
701384
701371
701357
701327
701320
701283
701223
701221
701221
701220
701206
701189
701158
701120
701103
701099
701096
701070
701042
701040
701012
701002
700996
700958
700953
700945
700944
700935
700916
700883
700826
700811
700779
700775
700769
700765
700762
700754
700753
700725
700708
700706
700706
700658
700653
700556
700530
700497
700482
700460
700457
700443
700429
700419
700408
700395
700389
700369
700363
700289
700274
700252
700211
700208
700197
700127
700116
700111
700055
700054
700034
700033
700028
700028
700024
699988
699873
699860
699857
699828
699812
699754
699749
699734
699728
699651
699621
699614
699610
699595
699583
699559
699558
699543
699520
699509
699466
699464
699455
699422
699418
699413
699401
699379
699374
699358
699341
699340
699330
699296
699290
699280
699258
699241
699240
699230
699184
699184
699180
699175
699175
699171
699167
699164
699151
699135
699130
699122
699084
699081
699077
699064
699056
699043
699009
699000
698992
698990
698979
698930
698874
698821
698810
698797
698765
698729
698724
698715
698714
698709
698707
698699
698672
698632
698630
698624
698621
698613
698601
698601
698554
698551
698551
698511
698471
698463
698459
698422
698403
698387
698365
698328
698293
698255
698227
698198
698194
698149
698146
698141
698122
698068
698063
698034
698019
697993
697959
697940
697911
697883
697845
697844
697830
697817
697816
697764
697763
697758
697748
697733
697728
697727
697722
697675
697674
697672
697650
697648
697641
697604
697579
697573
697542
697520
697520
697495
697484
697479
697393
697379
697374
697363
697340
697285
697277
697270
697232
697224
697212
697196
697196
697144
697115
697059
697045
697023
697017
697016
696981
696949
696935
696932
696917
696898
696878
696800
696782
696781
696769
696730
696690
696679
696667
696658
696648
696573
696552
696525
696509
696458
696400
696386
696357
696346
696333
696308
696277
696270
696266
696264
696239
696233
696225
696210
696191
696150
696139
696134
696076
696047
696006
695993
695983
695981
695924
695924
695835
695766
695734
695730
695710
695710
695707
695703
695664
695642
695640
695600
695582
695570
695557
695520
695511
695497
695491
695484
695481
695481
695453
695451
695450
695437
695435
695388
695353
695340
695330
695294
695259
695162
695132
695127
695104
695102
695091
695083
695078
695066
695051
695023
694945
694938
694932
694931
694914
694895
694886
694879
694850
694813
694801
694747
694726
694722
694680
694626
694619
694540
694533
694507
694456
694451
694446
694393
694391
694389
694377
694345
694339
694319
694313
694304
694299
694268
694261
694254
694233
694222
694206
694146
694128
694118
694096
694060
694024
693990
693970
693961
693949
693929
693903
693876
693853
693838
693811
693741
693682
693663
693649
693631
693626
693626
693625
693624
693599
693578
693572
693565
693518
693505
693493
693428
693416
693320
693318
693310
693203
693198
693167
693137
693104
693087
693035
693030
692899
692887
692876
692843
692840
692829
692802
692776
692766
692745
692731
692719
692691
692687
692637
692632
692600
692574
692573
692573
692514
692502
692487
692450
692411
692324
692313
692272
692226
692218
692218
692199
692197
692144
692134
692127
692101
692094
692074
692066
692059
692052
692010
692006
691995
691989
691982
691969
691938
691910
691909
691898
691896
691878
691877
691853
691834
691810
691805
691803
691780
691749
691711
691703
691676
691654
691654
691641
691630
691629
691613
691600
691586
691580
691578
691567
691521
691519
691486
691485
691485
691450
691446
691426
691391
691374
691362
691287
691262
691226
691212
691179
691172
691148
691134
691116
691112
691055
691051
690978
690965
690952
690944
690921
690901
690864
690827
690814
690810
690787
690760
690710
690709
690680
690631
690620
690605
690572
690571
690495
690481
690465
690452
690444
690423
690371
690347
690344
690296
690293
690283
690124
690121
690109
690103
690099
690077
690075
690054
690024
690021
690019
690012
689945
689943
689908
689885
689872
689868
689855
689834
689828
689798
689775
689757
689746
689741
689734
689724
689723
689704
689699
689656
689598
689592
689579
689568
689563
689550
689542
689464
689442
689405
689394
689373
689358
689345
689345
689333
689330
689319
689314
689311
689307
689306
689262
689231
689188
689154
689152
689136
689130
689110
689107
689079
689049
689039
689003
688993
688957
688910
688907
688896
688886
688865
688855
688840
688839
688830
688752
688750
688721
688704
688677
688671
688653
688589
688556
688549
688540
688539
688455
688420
688402
688400
688368
688359
688352
688341
688286
688264
688254
688221
688219
688180
688130
688117
688112
688102
688097
688066
688060
688020
688007
688002
687986
687969
687941
687932
687916
687904
687871
687835
687771
687765
687735
687728
687717
687698
687676
687628
687570
687540
687531
687518
687509
687476
687467
687449
687416
687354
687346
687333
687330
687330
687324
687203
687200
687199
687192
687178
687173
687159
687142
687057
687040
686988
686983
686967
686956
686914
686871
686802
686789
686742
686728
686724
686720
686700
686699
686680
686640
686624
686555
686539
686529
686514
686506
686451
686448
686445
686386
686353
686346
686334
686332
686305
686286
686282
686190
686168
686168
686145
686120
686104
686050
686038
686030
686000
685977
685963
685930
685926
685917
685899
685865
685861
685855
685810
685796
685782
685770
685770
685733
685731
685714
685691
685659
685645
685634
685627
685612
685534
685504
685495
685493
685473
685452
685434
685409
685390
685385
685361
685357
685331
685322
685267
685236
685227
685219
685208
685201
685196
685180
685170
685158
685149
685137
685057
685045
684993
684990
684988
684977
684965
684955
684940
684928
684925
684916
684850
684842
684783
684768
684750
684746
684733
684703
684699
684669
684629
684590
684587
684577
684568
684557
684541
684521
684506
684491
684452
684400
684386
684348
684322
684298
684293
684285
684279
684262
684237
684229
684222
684217
684214
684176
684167
684142
684126
684117
684112
684110
684047
684022
684007
683992
683959
683952
683931
683923
683922
683911
683911
683906
683892
683827
683785
683758
683694
683671
683666
683655
683651
683635
683602
683587
683586
683565
683565
683536
683536
683512
683494
683479
683460
683374
683319
683305
683304
683300
683285
683271
683267
683251
683229
683225
683222
683211
683210
683157
683103
683093
683069
683062
683056
683045
683024
682982
682978
682952
682949
682942
682893
682892
682872
682864
682848
682843
682818
682803
682800
682792
682790
682772
682772
682762
682752
682717
682692
682679
682638
682634
682617
682615
682564
682528
682521
682484
682468
682430
682428
682421
682386
682362
682344
682342
682342
682337
682319
682308
682276
682259
682245
682231
682214
682209
682205
682196
682183
682166
682155
682126
682123
682099
682077
682045
682043
682031
681993
681972
681886
681875
681859
681854
681846
681819
681797
681781
681778
681725
681699
681691
681647
681629
681628
681592
681576
681563
681559
681507
681496
681484
681436
681397
681368
681318
681281
681215
681191
681154
681153
681134
681110
681081
681067
681061
681039
681034
681031
681023
681020
680984
680973
680918
680912
680909
680897
680844
680839
680781
680752
680742
680720
680710
680684
680681
680662
680629
680625
680621
680593
680587
680584
680567
680561
680559
680547
680513
680394
680384
680378
680364
680360
680347
680323
680301
680238
680227
680201
680160
680156
680144
680131
680121
680116
680086
680073
680029
680024
680003
679992
679991
679986
679942
679936
679929
679925
679890
679821
679797
679786
679784
679763
679733
679723
679722
679717
679673
679671
679642
679613
679604
679599
679594
679473
679448
679419
679402
679401
679397
679358
679355
679349
679338
679309
679290
679287
679276
679252
679246
679244
679210
679141
679116
679052
679022
679011
679006
679000
679000
678977
678938
678926
678918
678819
678790
678728
678712
678708
678696
678695
678673
678649
678641
678633
678611
678596
678583
678580
678542
678526
678513
678447
678401
678398
678397
678393
678388
678351
678328
678313
678238
678183
678176
678145
678140
678133
678124
678110
678073
678069
678067
678038
677974
677971
677960
677956
677933
677920
677899
677898
677889
677884
677878
677848
677825
677811
677790
677785
677754
677747
677720
677718
677695
677671
677623
677591
677585
677583
677574
677563
677560
677554
677526
677517
677509
677509
677498
677476
677467
677443
677436
677430
677373
677370
677259
677247
677238
677205
677194
677179
677176
677151
677143
677130
677125
677093
677091
677090
677081
677071
677066
677065
677021
677017
676959
676952
676872
676860
676853
676822
676778
676776
676759
676750
676712
676695
676619
676610
676536
676533
676499
676484
676432
676394
676369
676358
676352
676331
676272
676251
676226
676220
676200
676191
676167
676152
676128
676099
676086
676016
675956
675954
675953
675937
675932
675906
675904
675894
675882
675840
675787
675772
675751
675730
675710
675693
675668
675648
675627
675606
675564
675548
675507
675506
675494
675458
675454
675445
675431
675430
675422
675382
675373
675330
675326
675319
675314
675307
675306
675290
675261
675250
675245
675239
675162
675160
675070
675038
674981
674981
674975
674967
674965
674964
674949
674917
674899
674863
674854
674828
674769
674759
674731
674710
674710
674693
674666
674656
674648
674638
674588
674549
674496
674486
674473
674444
674420
674358
674356
674302
674298
674296
674245
674130
674128
674111
674067
674015
674000
673957
673928
673895
673883
673828
673747
673744
673740
673738
673713
673684
673673
673632
673631
673629
673604
673601
673599
673570
673563
673557
673541
673533
673495
673490
673469
673460
673459
673439
673433
673419
673406
673400
673359
673359
673356
673335
673330
673302
673268
673204
673171
673115
673103
673085
673070
673053
672963
672957
672945
672934
672923
672882
672827
672774
672771
672765
672738
672732
672728
672716
672704
672663
672647
672627
672608
672569
672506
672469
672446
672432
672412
672411
672409
672397
672390
672381
672340
672316
672316
672314
672312
672294
672283
672276
672266
672258
672252
672249
672235
672209
672194
672192
672190
672085
672065
672048
672006
671992
671974
671971
671962
671953
671915
671914
671910
671910
671873
671865
671843
671834
671794
671783
671773
671750
671718
671693
671692
671692
671657
671622
671607
671594
671587
671554
671523
671521
671508
671484
671444
671415
671390
671390
671390
671374
671367
671342
671340
671318
671309
671297
671286
671248
671223
671207
671192
671131
671117
671112
671105
671096
671072
670994
670948
670944
670934
670874
670806
670763
670756
670738
670702
670695
670694
670643
670605
670600
670570
670560
670545
670533
670530
670515
670490
670467
670451
670442
670402
670377
670375
670368
670354
670351
670328
670318
670282
670264
670262
670261
670258
670176
670169
670155
670141
670139
670048
670042
669975
669975
669945
669873
669854
669827
669825
669809
669737
669723
669719
669702
669687
669675
669647
669614
669612
669588
669584
669548
669538
669502
669497
669479
669474
669450
669429
669414
669369
669368
669366
669363
669360
669293
669274
669248
669219
669213
669195
669180
669176
669163
669153
669121
669102
669092
669022
669019
668978
668969
668957
668940
668914
668913
668861
668851
668803
668752
668749
668724
668718
668715
668685
668682
668638
668594
668587
668578
668559
668549
668538
668531
668524
668517
668429
668427
668379
668369
668334
668325
668314
668310
668240
668232
668218
668192
668179
668157
668151
668148
668138
668123
668113
668095
668075
668075
668066
668032
668032
668021
668015
668011
667951
667950
667950
667943
667896
667894
667886
667859
667827
667821
667810
667783
667783
667751
667751
667723
667711
667625
667621
667559
667506
667487
667427
667404
667389
667387
667310
667273
667253
667240
667197
667193
667191
667170
667138
667137
667127
667113
667082
667080
667071
667038
667031
666991
666988
666983
666971
666946
666898
666865
666809
666750
666725
666707
666684
666683
666668
666666
666571
666569
666567
666527
666515
666491
666488
666436
666372
666300
666298
666270
666263
666249
666245
666244
666219
666195
666185
666167
666162
666158
666146
666143
666118
666116
666115
666112
666112
666093
666062
666055
666041
666040
666028
666018
665996
665992
665977
665957
665956
665944
665944
665933
665902
665899
665813
665811
665752
665749
665742
665736
665720
665707
665695
665681
665677
665659
665653
665628
665627
665627
665619
665617
665552
665548
665542
665536
665516
665506
665490
665478
665463
665446
665429
665378
665360
665357
665310
665288
665207
665187
665134
665102
665100
665015
665003
664975
664968
664958
664942
664933
664888
664862
664847
664822
664762
664751
664746
664732
664720
664699
664695
664629
664594
664574
664566
664536
664516
664494
664457
664439
664408
664398
664378
664375
664370
664355
664352
664337
664300
664286
664258
664228
664221
664217
664209
664182
664145
664138
664117
664111
664107
664101
664097
664070
664068
664062
664049
664034
664025
663997
663938
663904
663882
663857
663776
663745
663734
663711
663701
663700
663700
663682
663663
663652
663643
663643
663597
663595
663583
663553
663527
663505
663497
663439
663430
663430
663425
663418
663367
663360
663334
663264
663159
663081
663062
663045
663033
663010
663003
662984
662979
662929
662887
662851
662780
662778
662758
662758
662753
662738
662717
662626
662618
662614
662613
662588
662550
662526
662507
662497
662496
662484
662465
662434
662416
662398
662365
662360
662360
662356
662351
662341
662327
662194
662094
662085
662059
662051
662046
662010
661997
661976
661964
661946
661934
661889
661881
661879
661854
661843
661818
661768
661758
661741
661735
661733
661727
661714
661706
661695
661679
661651
661635
661634
661616
661604
661589
661582
661555
661544
661542
661540
661533
661531
661493
661476
661457
661447
661444
661437
661396
661392
661381
661379
661341
661335
661331
661325
661323
661307
661301
661268
661223
661207
661183
661179
661116
661098
661050
660998
660997
660977
660944
660941
660936
660934
660931
660925
660898
660892
660853
660853
660839
660823
660813
660811
660761
660753
660739
660735
660714
660663
660639
660594
660566
660514
660499
660481
660479
660475
660472
660467
660451
660447
660414
660406
660388
660373
660361
660348
660346
660336
660329
660323
660323
660318
660301
660246
660216
660207
660190
660174
660150
660148
660068
660066
660057
660024
660017
659992
659981
659970
659963
659949
659943
659938
659936
659928
659792
659737
659720
659717
659710
659687
659684
659622
659599
659567
659556
659551
659549
659539
659535
659486
659477
659475
659435
659421
659410
659365
659359
659316
659282
659259
659238
659238
659161
659152
659147
659138
659119
659105
659082
659075
659065
659052
659028
659008
658969
658944
658892
658863
658858
658854
658829
658799
658786
658783
658780
658765
658738
658679
658666
658663
658661
658646
658634
658583
658568
658534
658510
658504
658496
658485
658484
658465
658439
658407
658387
658324
658294
658278
658200
658134
658115
658095
658094
658048
658039
657984
657979
657938
657924
657899
657891
657884
657880
657866
657854
657828
657821
657817
657813
657799
657779
657743
657742
657740
657739
657706
657696
657693
657653
657639
657638
657602
657580
657556
657542
657523
657512
657511
657501
657469
657463
657436
657434
657426
657353
657346
657341
657321
657293
657266
657263
657258
657242
657183
657182
657138
657132
657088
657047
657044
657043
657040
657038
657034
657022
657007
656998
656945
656943
656901
656838
656831
656820
656814
656810
656808
656775
656766
656726
656680
656676
656669
656636
656566
656520
656509
656506
656473
656464
656447
656406
656383
656376
656375
656351
656346
656311
656300
656289
656272
656210
656204
656184
656169
656125
656111
656022
656014
656000
655997
655952
655917
655916
655878
655835
655834
655816
655789
655776
655774
655770
655716
655710
655654
655640
655640
655639
655637
655626
655614
655578
655542
655416
655364
655341
655319
655283
655280
655255
655245
655243
655240
655229
655225
655220
655215
655171
655170
655143
655125
655105
655082
655069
655053
655051
655020
655014
655010
654999
654983
654953
654932
654926
654868
654850
654784
654765
654762
654753
654733
654725
654668
654663
654646
654635
654592
654582
654548
654531
654512
654508
654464
654442
654440
654436
654421
654411
654409
654397
654390
654378
654363
654351
654337
654305
654298
654289
654282
654275
654260
654246
654217
654213
654207
654195
654182
654170
654150
654091
654086
654083
653991
653987
653920
653901
653886
653878
653866
653840
653828
653799
653798
653793
653774
653736
653732
653726
653663
653661
653644
653633
653610
653580
653554
653538
653518
653468
653458
653438
653422
653413
653385
653367
653355
653355
653341
653324
653313
653310
653306
653261
653148
653118
653108
653074
653038
652984
652974
652949
652920
652899
652886
652856
652848
652832
652826
652817
652811
652779
652746
652738
652729
652719
652678
652676
652671
652669
652662
652660
652657
652644
652643
652614
652597
652587
652559
652552
652521
652514
652440
652409
652332
652321
652249
652245
652228
652203
652190
652176
652097
652081
652066
652043
652042
652029
652023
652015
651978
651969
651958
651915
651886
651864
651859
651843
651824
651804
651771
651755
651719
651705
651702
651689
651681
651673
651656
651614
651612
651599
651594
651580
651556
651555
651549
651522
651520
651487
651455
651447
651446
651441
651416
651395
651387
651367
651325
651284
651279
651269
651269
651263
651247
651237
651231
651147
651146
651136
651101
651092
651077
651071
651063
651057
651014
650983
650968
650955
650931
650919
650877
650874
650856
650855
650829
650746
650720
650698
650686
650646
650640
650623
650623
650601
650567
650558
650542
650540
650514
650502
650501
650501
650462
650460
650422
650422
650421
650368
650355
650343
650341
650328
650317
650317
650309
650307
650276
650275
650250
650190
650187
650151
650115
650039
650033
650016
650015
649997
649926
649926
649873
649840
649837
649825
649815
649806
649774
649741
649710
649699
649691
649681
649638
649634
649620
649605
649603
649594
649573
649571
649543
649536
649459
649452
649392
649372
649359
649358
649291
649289
649289
649271
649260
649254
649253
649198
649186
649163
649113
649105
649104
649065
649049
649034
649002
648994
648892
648892
648870
648849
648828
648821
648820
648788
648773
648746
648737
648714
648693
648689
648684
648675
648658
648625
648619
648569
648562
648550
648547
648507
648480
648471
648463
648436
648423
648417
648402
648399
648397
648380
648378
648345
648330
648310
648299
648280
648278
648256
648198
648145
648131
648131
648124
648104
648085
648072
648067
648060
648029
648008
647996
647991
647974
647949
647927
647907
647903
647866
647856
647838
647836
647808
647802
647779
647765
647744
647731
647707
647703
647701
647680
647677
647671
647620
647584
647502
647481
647479
647389
647374
647360
647325
647291
647282
647272
647262
647261
647225
647222
647219
647212
647198
647190
647147
647131
647120
647103
647099
647074
647063
647033
647009
646991
646991
646981
646973
646958
646935
646909
646898
646853
646848
646826
646801
646786
646753
646751
646740
646734
646696
646673
646659
646618
646609
646567
646548
646493
646488
646474
646467
646445
646426
646415
646360
646328
646328
646316
646292
646268
646263
646250
646205
646182
646173
646171
646161
646158
646153
646112
646107
646104
646089
646033
646019
646016
645928
645913
645911
645904
645874
645863
645860
645785
645779
645753
645696
645695
645655
645639
645628
645613
645585
645579
645553
645544
645431
645427
645420
645397
645374
645371
645340
645319
645308
645217
645209
645208
645167
645150
645145
645144
645141
645129
645120
645110
645077
645072
645071
645051
645020
644992
644980
644952
644948
644891
644872
644864
644836
644808
644799
644780
644735
644708
644702
644695
644694
644683
644649
644627
644621
644571
644560
644514
644498
644479
644471
644461
644432
644428
644408
644374
644369
644315
644314
644307
644284
644276
644238
644226
644224
644223
644222
644169
644163
644128
644090
644085
644080
644074
644072
644055
644051
644036
644026
644025
644000
643999
643937
643884
643855
643851
643842
643831
643794
643785
643779
643757
643744
643731
643694
643685
643681
643664
643652
643561
643516
643486
643470
643461
643460
643457
643383
643367
643330
643296
643267
643254
643219
643219
643211
643203
643179
643147
643108
643102
643085
643060
643037
643017
642996
642981
642956
642956
642945
642942
642928
642922
642919
642872
642850
642837
642832
642829
642826
642789
642723
642704
642667
642650
642631
642621
642618
642614
642591
642556
642511
642488
642488
642483
642426
642350
642330
642316
642301
642297
642269
642239
642235
642229
642214
642210
642157
642125
642099
642062
642049
642014
642006
641928
641926
641908
641908
641890
641863
641838
641836
641828
641795
641794
641792
641780
641773
641747
641736
641724
641707
641680
641676
641667
641662
641636
641544
641523
641500
641498
641498
641497
641469
641460
641454
641447
641442
641391
641370
641356
641304
641304
641299
641293
641264
641259
641257
641257
641252
641237
641229
641216
641194
641192
641144
641078
641060
641047
641025
641012
641011
640987
640980
640979
640964
640940
640924
640899
640886
640867
640827
640808
640796
640779
640764
640726
640703
640694
640693
640652
640647
640637
640613
640607
640600
640591
640577
640562
640553
640507
640497
640489
640448
640424
640417
640407
640367
640353
640329
640305
640299
640284
640261
640260
640240
640231
640229
640206
640181
640179
640171
640148
640105
640074
640054
640051
640039
640010
639986
639972
639952
639931
639927
639921
639899
639884
639882
639853
639843
639841
639799
639796
639785
639778
639774
639744
639730
639698
639686
639664
639642
639638
639617
639589
639585
639562
639554
639551
639548
639498
639483
639470
639445
639430
639425
639369
639327
639286
639273
639241
639236
639223
639207
639206
639195
639122
639090
639072
639048
639030
639019
639002
638986
638971
638950
638941
638934
638926
638906
638903
638897
638880
638851
638841
638816
638814
638812
638799
638778
638776
638769
638707
638692
638690
638672
638645
638638
638582
638568
638556
638551
638545
638533
638530
638528
638499
638411
638398
638384
638382
638376
638372
638352
638335
638333
638332
638302
638274
638267
638258
638235
638224
638198
638163
638147
638126
638109
638088
638086
638058
638047
637981
637980
637960
637958
637950
637948
637886
637860
637858
637848
637832
637828
637808
637804
637785
637784
637765
637757
637756
637748
637639
637600
637597
637539
637536
637535
637526
637516
637507
637504
637501
637494
637431
637407
637401
637388
637386
637382
637382
637314
637305
637299
637254
637225
637221
637201
637152
637131
637124
637096
637057
637047
637021
636991
636967
636955
636949
636943
636932
636924
636920
636914
636894
636887
636874
636874
636852
636849
636760
636740
636725
636714
636684
636674
636645
636612
636612
636610
636592
636582
636544
636534
636446
636415
636384
636372
636367
636347
636330
636324
636317
636317
636296
636290
636290
636285
636274
636240
636189
636173
636171
636159
636131
636128
636116
636078
636070
636067
636062
636037
635992
635982
635968
635950
635940
635835
635817
635777
635768
635759
635745
635731
635729
635715
635709
635699
635668
635637
635596
635592
635545
635531
635529
635526
635518
635512
635483
635465
635447
635433
635408
635380
635374
635372
635351
635332
635305
635294
635251
635212
635207
635206
635204
635196
635166
635163
635149
635091
635057
635031
635016
635009
635009
634999
634976
634970
634960
634938
634934
634933
634931
634925
634904
634874
634851
634753
634747
634737
634695
634692
634639
634609
634606
634556
634540
634487
634486
634454
634446
634418
634409
634359
634333
634333
634333
634307
634279
634270
634264
634211
634183
634182
634083
634072
634070
634029
634021
633940
633908
633874
633844
633836
633757
633734
633721
633659
633653
633590
633567
633543
633509
633473
633471
633467
633432
633426
633418
633393
633368
633367
633350
633267
633253
633252
633245
633240
633189
633179
633175
633166
633150
633121
633107
633091
633063
633057
633038
632959
632953
632938
632920
632882
632877
632873
632831
632826
632786
632771
632763
632753
632734
632706
632693
632692
632667
632644
632639
632577
632539
632515
632497
632495
632491
632485
632473
632458
632453
632404
632337
632323
632322
632315
632280
632266
632261
632256
632253
632240
632224
632220
632216
632210
632200
632173
632166
632150
632096
632092
632075
632063
632050
632049
632043
632041
632033
632031
631987
631956
631955
631938
631893
631869
631813
631796
631775
631773
631709
631652
631646
631583
631567
631541
631503
631473
631467
631440
631369
631341
631307
631273
631264
631260
631235
631164
631143
631137
631108
631080
631050
631034
631020
630984
630958
630946
630933
630907
630905
630900
630886
630852
630842
630841
630838
630788
630775
630757
630723
630707
630690
630678
630677
630672
630658
630645
630617
630551
630522
630472
630465
630449
630444
630421
630415
630403
630342
630332
630282
630255
630222
630216
630177
630150
630148
630065
629998
629921
629882
629859
629854
629844
629833
629816
629807
629776
629669
629659
629651
629636
629548
629540
629530
629511
629510
629495
629487
629472
629470
629463
629455
629437
629421
629415
629415
629410
629392
629358
629311
629273
629254
629254
629207
629207
629204
629199
629186
629180
629153
629153
629134
629080
629075
629050
629003
628939
628921
628877
628862
628855
628824
628805
628799
628795
628781
628750
628749
628718
628712
628698
628693
628681
628638
628635
628614
628602
628585
628559
628553
628537
628529
628526
628518
628515
628504
628501
628492
628484
628480
628478
628470
628468
628461
628458
628449
628414
628411
628382
628372
628358
628352
628339
628309
628300
628299
628293
628282
628254
628233
628229
628208
628178
628176
628161
628154
628149
628145
628141
628120
628096
628083
628028
628028
627947
627872
627852
627851
627811
627770
627758
627757
627700
627692
627682
627678
627670
627604
627602
627585
627555
627551
627543
627523
627510
627499
627486
627480
627437
627431
627403
627372
627362
627315
627293
627276
627271
627245
627243
627183
627156
627125
627122
627050
627042
627029
627024
626896
626864
626863
626857
626847
626846
626841
626836
626831
626806
626796
626783
626762
626747
626729
626706
626697
626695
626667
626639
626626
626618
626604
626553
626535
626480
626466
626464
626429
626382
626358
626351
626328
626309
626299
626298
626139
626071
626026
626006
625994
625970
625956
625953
625944
625922
625918
625894
625889
625802
625790
625769
625761
625749
625678
625671
625660
625655
625654
625624
625606
625602
625582
625564
625557
625540
625529
625518
625510
625507
625447
625440
625396
625392
625384
625351
625339
625318
625311
625301
625294
625258
625250
625241
625189
625181
625181
625175
625174
625151
625116
625090
625063
625062
625030
625022
625017
624974
624936
624923
624909
624899
624892
624869
624832
624829
624804
624755
624730
624719
624718
624693
624654
624619
624598
624593
624545
624542
624502
624492
624492
624472
624470
624459
624449
624437
624422
624420
624416
624409
624376
624368
624359
624352
624349
624330
624317
624224
624161
624151
624136
624119
624058
623974
623967
623938
623926
623922
623902
623879
623875
623867
623841
623816
623809
623769
623736
623732
623727
623724
623690
623652
623645
623637
623631
623631
623626
623595
623585
623575
623569
623534
623529
623526
623491
623462
623439
623433
623432
623406
623395
623393
623366
623364
623360
623314
623299
623278
623207
623198
623197
623164
623128
623120
623081
623067
623003
622995
622986
622931
622914
622905
622895
622862
622855
622830
622827
622819
622814
622796
622794
622789
622779
622748
622716
622683
622663
622659
622646
622591
622514
622503
622482
622475
622470
622461
622450
622444
622433
622415
622380
622347
622323
622304
622301
622289
622259
622214
622185
622158
622153
622138
622107
622101
622040
622028
622014
622014
622010
622007
622005
621994
621976
621957
621939
621897
621867
621854
621830
621827
621817
621798
621757
621738
621732
621712
621694
621693
621640
621630
621614
621588
621559
621521
621471
621441
621436
621403
621358
621343
621328
621318
621302
621284
621251
621159
621135
621131
621109
621086
621082
621073
621056
620998
620986
620910
620895
620869
620865
620851
620849
620833
620769
620707
620666
620663
620601
620551
620526
620497
620449
620348
620290
620286
620281
620276
620238
620214
620213
620202
620192
620124
620079
620074
620023
620023
619993
619978
619955
619941
619914
619876
619838
619807
619782
619782
619755
619730
619706
619694
619643
619600
619583
619582
619575
619572
619564
619552
619532
619530
619520
619489
619444
619379
619379
619364
619343
619336
619308
619303
619303
619302
619300
619259
619254
619251
619250
619242
619225
619213
619185
619136
619119
619072
619021
619011
618983
618973
618958
618938
618934
618921
618851
618845
618792
618785
618774
618767
618751
618724
618685
618678
618598
618572
618569
618568
618565
618547
618530
618529
618520
618460
618453
618394
618374
618339
618336
618287
618241
618220
618164
618153
618022
618016
617993
617977
617974
617967
617959
617956
617954
617935
617912
617888
617882
617874
617818
617787
617785
617762
617761
617757
617748
617728
617727
617713
617687
617683
617680
617680
617677
617676
617646
617626
617556
617530
617497
617496
617480
617473
617464
617332
617328
617286
617285
617252
617228
617216
617189
617153
617150
617123
617121
617110
617084
617062
617035
617015
617001
616922
616922
616906
616905
616889
616885
616846
616836
616835
616796
616795
616738
616726
616710
616705
616698
616689
616646
616628
616566
616530
616509
616476
616462
616344
616341
616339
616267
616249
616246
616242
616239
616219
616158
616126
616085
616084
616075
616061
616035
616019
616012
615998
615988
615979
615944
615889
615873
615801
615787
615755
615753
615716
615711
615697
615681
615573
615569
615541
615534
615526
615516
615515
615515
615498
615489
615444
615430
615420
615385
615256
615253
615252
615223
615223
615216
615201
615176
615148
615108
615097
615085
615020
614985
614974
614967
614907
614906
614895
614881
614857
614846
614819
614794
614780
614759
614681
614679
614659
614640
614574
614522
614504
614477
614475
614461
614459
614443
614430
614375
614354
614259
614222
614166
614160
614153
614153
614151
614125
614094
614053
614047
614046
614022
614010
613948
613910
613908
613907
613881
613876
613822
613812
613784
613749
613748
613735
613727
613717
613707
613617
613597
613591
613586
613581
613578
613571
613562
613553
613543
613523
613462
613459
613439
613435
613431
613400
613389
613360
613348
613316
613308
613306
613287
613278
613268
613267
613237
613227
613224
613190
613185
613166
613160
613151
613127
613106
613087
613080
613077
613068
613051
613018
613005
612969
612954
612948
612943
612862
612848
612794
612793
612790
612730
612700
612694
612680
612650
612637
612620
612610
612569
612557
612537
612521
612453
612448
612448
612433
612391
612358
612316
612307
612302
612250
612244
612193
612183
612146
612117
612091
612008
611940
611936
611934
611923
611916
611850
611846
611820
611812
611809
611807
611781
611771
611768
611762
611746
611677
611674
611664
611645
611625
611561
611533
611528
611487
611482
611399
611384
611362
611344
611310
611263
611226
611219
611215
611195
611190
611184
611112
611085
611083
611032
611016
611014
610974
610959
610958
610939
610907
610897
610895
610829
610807
610799
610797
610785
610738
610679
610676
610657
610646
610638
610622
610621
610576
610556
610541
610538
610507
610455
610451
610441
610437
610415
610392
610388
610343
610342
610315
610310
610304
610288
610280
610278
610256
610217
610194
610177
610165
610164
610158
610145
610095
610094
610069
610050
610043
610039
610035
610008
609993
609981
609979
609969
609946
609897
609882
609871
609751
609746
609696
609669
609669
609660
609648
609647
609642
609602
609599
609585
609558
609478
609467
609452
609423
609411
609384
609344
609305
609297
609277
609230
609221
609213
609208
609158
609150
609113
609084
609065
609006
608995
608976
608961
608943
608933
608914
608864
608861
608838
608833
608802
608793
608748
608722
608713
608701
608657
608646
608646
608625
608566
608563
608551
608550
608515
608513
608486
608424
608393
608392
608391
608381
608351
608329
608307
608270
608270
608251
608220
608179
608170
608131
608101
608094
608064
608054
608045
608045
608021
608006
607987
607942
607933
607930
607922
607865
607838
607820
607816
607760
607755
607755
607754
607742
607705
607695
607673
607673
607672
607614
607601
607566
607565
607562
607559
607540
607495
607492
607459
607420
607410
607373
607338
607313
607307
607283
607253
607242
607225
607153
607148
607120
607116
607111
607104
607099
607080
607067
607056
607051
607020
606953
606873
606863
606837
606806
606804
606804
606791
606785
606772
606767
606755
606716
606697
606690
606678
606662
606644
606644
606632
606608
606587
606571
606571
606560
606555
606552
606534
606522
606488
606422
606408
606350
606338
606331
606300
606293
606278
606268
606257
606244
606228
606222
606215
606191
606188
606181
606159
606152
606138
606130
606120
606112
606103
606096
606073
606068
606020
605988
605980
605964
605917
605876
605853
605831
605817
605797
605789
605773
605758
605758
605705
605696
605649
605613
605608
605562
605561
605556
605515
605465
605446
605445
605433
605382
605379
605361
605299
605201
605184
605134
605132
605131
605109
605108
605074
605050
605038
605030
604980
604958
604957
604894
604889
604888
604878
604878
604860
604815
604798
604781
604768
604731
604728
604698
604651
604577
604554
604543
604542
604503
604461
604461
604458
604450
604395
604372
604360
604337
604333
604327
604281
604266
604222
604214
604168
604156
604149
604148
604136
604130
604104
604101
604062
604060
604052
604016
604008
604002
604001
603991
603931
603920
603914
603883
603876
603854
603844
603800
603754
603750
603744
603700
603687
603628
603628
603626
603618
603606
603586
603579
603561
603541
603530
603520
603480
603475
603433
603429
603417
603411
603386
603374
603367
603361
603357
603348
603344
603331
603330
603284
603279
603275
603274
603272
603241
603223
603220
603217
603201
603161
603156
603145
603113
603091
603079
603065
603004
602968
602912
602889
602871
602810
602794
602762
602699
602684
602683
602677
602602
602599
602589
602589
602588
602576
602566
602512
602503
602479
602429
602423
602413
602376
602359
602339
602320
602313
602291
602268
602263
602252
602237
602167
602163
602126
602109
602100
602092
602090
602074
602062
602044
601985
601981
601979
601966
601957
601909
601906
601905
601877
601871
601869
601862
601854
601839
601818
601813
601796
601794
601791
601763
601758
601724
601720
601704
601694
601684
601654
601637
601629
601625
601609
601602
601591
601579
601550
601471
601461
601398
601379
601366
601361
601326
601306
601303
601274
601214
601192
601190
601173
601164
601153
601150
601145
601123
601111
601090
601043
601030
601003
600988
600937
600914
600908
600882
600822
600816
600814
600792
600790
600750
600744
600736
600731
600709
600692
600680
600665
600664
600617
600609
600595
600582
600566
600553
600540
600520
600508
600497
600424
600419
600382
600341
600326
600314
600307
600267
600244
600217
600197
600192
600180
600166
600112
600112
600103
600100
600091
600069
600036
600018
600009
599985
599961
599957
599937
599922
599878
599874
599860
599833
599833
599818
599799
599781
599705
599674
599660
599616
599608
599554
599545
599536
599525
599471
599464
599463
599448
599446
599415
599372
599297
599280
599271
599268
599254
599199
599123
599112
599094
599086
599071
599071
599065
599055
599000
598969
598951
598901
598880
598877
598848
598807
598798
598791
598772
598760
598730
598717
598688
598678
598656
598652
598635
598585
598579
598551
598539
598539
598533
598529
598479
598454
598453
598435
598395
598394
598387
598383
598343
598336
598318
598297
598263
598255
598178
598172
598148
598145
598139
598106
598080
598074
598069
598030
597955
597947
597931
597923
597894
597886
597847
597828
597772
597738
597729
597724
597666
597663
597655
597644
597598
597595
597573
597570
597544
597538
597533
597522
597512
597486
597433
597404
597394
597386
597359
597331
597288
597255
597236
597227
597205
597189
597184
597177
597128
597091
597060
597031
597026
597013
596999
596998
596997
596989
596964
596952
596943
596938
596926
596907
596888
596886
596865
596795
596747
596746
596721
596704
596687
596670
596623
596595
596570
596540
596439
596427
596287
596277
596266
596252
596251
596247
596238
596231
596205
596166
596159
596157
596143
596107
596102
596102
596092
596075
596050
596028
596012
595998
595993
595989
595979
595977
595962
595912
595869
595853
595850
595827
595825
595797
595765
595720
595653
595592
595589
595577
595576
595566
595556
595523
595474
595443
595437
595396
595377
595349
595328
595268
595253
595247
595243
595224
595200
595186
595153
595148
595080
595078
595034
595009
595005
594990
594980
594961
594949
594932
594912
594902
594897
594882
594823
594821
594786
594758
594756
594735
594715
594692
594681
594646
594641
594593
594589
594544
594537
594527
594495
594486
594448
594395
594381
594339
594317
594279
594270
594236
594233
594204
594177
594157
594156
594147
594140
594123
594121
594119
594105
594104
594089
594079
594062
594050
594021
594020
594015
594015
594004
593986
593984
593957
593956
593951
593913
593912
593899
593836
593812
593800
593797
593796
593763
593747
593731
593712
593613
593609
593608
593598
593584
593579
593565
593558
593552
593543
593525
593523
593514
593510
593496
593482
593482
593471
593440
593362
593322
593305
593298
593257
593209
593209
593198
593159
592965
592935
592924
592919
592895
592894
592893
592877
592872
592825
592798
592742
592733
592721
592718
592656
592630
592630
592612
592597
592563
592539
592536
592530
592513
592446
592434
592408
592366
592364
592341
592338
592338
592315
592289
592273
592257
592235
592232
592206
592133
592107
592076
592066
592054
592050
592032
592025
592014
592013
591989
591969
591961
591907
591906
591882
591881
591866
591852
591825
591821
591817
591813
591749
591666
591654
591648
591646
591644
591632
591625
591581
591581
591513
591513
591507
591500
591493
591489
591481
591458
591450
591426
591368
591344
591340
591334
591324
591295
591267
591233
591218
591216
591202
591196
591189
591146
591122
591122
591113
591112
591110
591086
591072
591059
591049
591044
591019
591002
590966
590958
590830
590798
590782
590750
590662
590638
590628
590611
590574
590528
590507
590491
590477
590434
590399
590392
590381
590329
590324
590289
590258
590239
590216
590159
590159
590141
590126
590101
590090
590086
590083
590063
590008
589992
589988
589986
589979
589958
589906
589830
589801
589799
589776
589761
589742
589722
589717
589696
589683
589634
589628
589616
589611
589598
589594
589591
589587
589585
589578
589557
589551
589536
589508
589506
589484
589466
589444
589442
589427
589417
589402
589363
589354
589332
589320
589315
589310
589288
589268
589267
589259
589228
589226
589217
589197
589190
589179
589162
589127
589076
589041
589023
589022
589019
588931
588921
588866
588835
588763
588703
588699
588692
588688
588614
588609
588562
588548
588544
588507
588441
588416
588392
588368
588364
588361
588339
588338
588329
588295
588291
588143
588142
588115
588059
588018
588016
587993
587892
587872
587857
587810
587804
587797
587766
587722
587710
587707
587701
587688
587688
587655
587629
587626
587622
587596
587580
587548
587548
587522
587515
587487
587473
587463
587456
587453
587440
587434
587404
587401
587368
587363
587339
587335
587324
587312
587304
587239
587208
587201
587141
587124
587123
587027
587026
586995
586989
586960
586924
586867
586854
586839
586831
586831
586812
586797
586741
586736
586706
586690
586670
586585
586566
586562
586530
586518
586482
586482
586458
586429
586372
586347
586340
586200
586175
586167
586166
586150
586128
586069
586042
586038
586024
585996
585995
585977
585974
585971
585970
585970
585919
585914
585907
585906
585880
585871
585853
585844
585806
585795
585795
585768
585763
585758
585730
585702
585692
585663
585663
585644
585636
585634
585633
585622
585604
585594
585592
585585
585580
585557
585548
585527
585506
585486
585411
585397
585355
585353
585331
585329
585322
585290
585287
585255
585231
585229
585198
585192
585181
585175
585161
585153
585136
585108
585102
585090
585088
585043
585026
585012
585003
585001
584972
584961
584949
584933
584914
584889
584881
584874
584848
584828
584827
584827
584819
584799
584777
584754
584739
584734
584713
584664
584619
584571
584562
584523
584515
584515
584507
584479
584477
584474
584470
584444
584390
584389
584380
584375
584366
584365
584311
584311
584273
584223
584188
584154
584142
584079
584012
583988
583972
583965
583962
583922
583922
583921
583905
583890
583869
583858
583806
583772
583767
583723
583718
583713
583709
583695
583685
583640
583637
583633
583630
583546
583521
583506
583502
583456
583454
583383
583366
583346
583336
583307
583294
583266
583257
583223
583168
583156
583152
583130
583095
583075
583073
583036
583030
582963
582944
582934
582928
582911
582910
582903
582867
582855
582852
582834
582812
582793
582787
582784
582773
582765
582761
582745
582689
582674
582645
582625
582623
582619
582609
582590
582577
582561
582510
582489
582409
582409
582409
582401
582350
582339
582335
582318
582300
582297
582271
582246
582213
582207
582197
582187
582176
582159
582158
582121
582108
582098
582089
582070
582057
582016
581996
581996
581985
581954
581946
581919
581882
581849
581847
581830
581806
581777
581759
581743
581732
581730
581729
581722
581712
581673
581655
581643
581640
581635
581605
581576
581563
581543
581540
581533
581520
581513
581358
581355
581322
581320
581246
581222
581204
581138
581074
581042
581034
581012
581010
581009
580991
580986
580981
580980
580975
580967
580927
580926
580924
580921
580901
580896
580893
580864
580863
580856
580855
580851
580851
580757
580742
580737
580707
580699
580695
580685
580628
580626
580541
580535
580535
580527
580518
580508
580442
580425
580420
580415
580383
580305
580301
580294
580292
580269
580188
580179
580178
580175
580148
580143
580091
580070
580064
580043
580039
580017
580007
579998
579992
579989
579922
579889
579886
579863
579843
579831
579830
579825
579758
579758
579753
579738
579672
579663
579657
579613
579549
579493
579491
579488
579478
579468
579467
579452
579450
579439
579310
579293
579262
579242
579241
579238
579190
579188
579175
579167
579138
579134
579107
579106
579095
579092
579080
579072
579060
579049
578976
578974
578963
578940
578927
578905
578892
578884
578858
578836
578784
578753
578731
578728
578706
578688
578617
578595
578571
578567
578540
578538
578522
578496
578472
578446
578341
578322
578309
578309
578213
578172
578121
578112
578089
578085
578069
578067
578061
578032
578008
577998
577995
577931
577929
577908
577886
577836
577835
577810
577760
577757
577707
577666
577618
577590
577507
577492
577414
577406
577390
577382
577380
577376
577341
577329
577312
577301
577292
577279
577275
577269
577263
577257
577255
577219
577199
577194
577186
577163
577160
577138
577108
577096
577074
577072
577064
577061
577052
577030
577013
576974
576951
576948
576946
576903
576843
576834
576815
576775
576774
576762
576758
576738
576729
576705
576669
576644
576639
576586
576572
576548
576533
576494
576491
576481
576429
576411
576403
576355
576343
576310
576301
576269
576250
576237
576229
576218
576213
576194
576183
576181
576179
576147
576113
576023
575986
575985
575980
575975
575967
575962
575958
575951
575928
575904
575897
575817
575799
575795
575730
575694
575657
575647
575636
575617
575608
575546
575531
575531
575530
575513
575462
575454
575444
575409
575392
575389
575378
575368
575337
575251
575233
575192
575190
575187
575154
575075
575058
575039
575031
575023
575015
574993
574964
574963
574901
574887
574827
574816
574814
574738
574736
574727
574722
574699
574670
574664
574656
574633
574625
574608
574594
574578
574573
574544
574505
574488
574483
574468
574447
574445
574419
574417
574407
574394
574394
574381
574343
574342
574332
574313
574311
574304
574282
574255
574236
574198
574195
574179
574175
574169
574157
574146
574145
574122
574096
574087
574063
574032
574007
573993
573988
573985
573980
573914
573907
573891
573887
573860
573828
573745
573741
573719
573683
573677
573642
573640
573621
573595
573580
573570
573558
573539
573531
573492
573477
573474
573462
573458
573452
573449
573442
573431
573423
573414
573413
573379
573351
573274
573239
573222
573213
573199
573168
573146
573138
573096
573095
573083
573062
573057
573049
573047
573022
573008
573006
572997
572964
572937
572917
572906
572900
572891
572882
572873
572858
572855
572833
572802
572800
572780
572717
572684
572667
572666
572624
572610
572595
572585
572537
572488
572325
572301
572290
572274
572266
572246
572235
572211
572204
572170
572150
572139
572119
572110
572104
572076
572052
572051
572010
572005
571994
571958
571949
571914
571913
571893
571878
571877
571863
571861
571858
571831
571812
571790
571766
571747
571742
571717
571693
571678
571657
571656
571558
571554
571540
571535
571526
571468
571429
571429
571399
571385
571366
571351
571337
571263
571261
571256
571216
571212
571211
571181
571175
571155
571122
571121
571080
571074
571068
571058
571050
571000
570993
570966
570964
570934
570933
570920
570916
570915
570909
570876
570876
570861
570860
570857
570820
570810
570792
570778
570774
570759
570705
570689
570672
570668
570666
570649
570549
570549
570545
570545
570528
570526
570521
570487
570473
570470
570469
570457
570450
570449
570447
570409
570399
570374
570353
570352
570340
570340
570325
570309
570276
570275
570269
570226
570225
570223
570188
570188
570149
570107
570098
570090
570073
570057
570049
570044
570034
569972
569967
569931
569846
569843
569840
569808
569804
569799
569794
569790
569749
569748
569742
569739
569725
569691
569675
569665
569664
569560
569551
569532
569526
569500
569483
569481
569471
569470
569445
569433
569426
569406
569394
569393
569367
569332
569298
569290
569266
569246
569239
569223
569141
569129
569127
569116
569113
569100
569065
569043
569025
568954
568943
568938
568929
568892
568888
568864
568852
568801
568770
568737
568732
568729
568706
568676
568675
568663
568637
568636
568634
568610
568608
568597
568597
568596
568578
568564
568501
568423
568418
568366
568360
568355
568271
568218
568199
568192
568177
568149
568136
568131
568087
568075
568022
567963
567948
567803
567794
567779
567774
567756
567747
567742
567692
567619
567618
567606
567598
567591
567587
567567
567556
567480
567474
567463
567432
567427
567402
567328
567298
567274
567266
567252
567248
567216
567216
567190
567165
567153
567124
567108
567067
567066
567064
567062
567048
567040
567039
567015
566965
566959
566919
566912
566887
566882
566824
566803
566799
566796
566796
566781
566769
566732
566693
566666
566659
566625
566610
566597
566591
566558
566555
566539
566538
566520
566512
566507
566496
566447
566420
566412
566384
566384
566383
566374
566370
566367
566305
566289
566286
566281
566231
566225
566213
566192
566182
566160
566142
566101
566084
566082
566072
566058
566049
566017
566008
565973
565965
565959
565956
565915
565880
565851
565824
565818
565793
565757
565752
565712
565665
565639
565617
565597
565583
565557
565551
565532
565515
565493
565477
565471
565457
565457
565442
565438
565432
565411
565396
565389
565383
565380
565356
565338
565324
565323
565306
565303
565293
565288
565278
565261
565255
565231
565210
565186
565183
565181
565155
565132
565014
565005
565000
564974
564953
564950
564924
564910
564904
564893
564873
564869
564856
564823
564781
564781
564765
564761
564698
564696
564684
564674
564655
564655
564635
564624
564617
564602
564601
564586
564579
564562
564551
564454
564440
564438
564437
564400
564397
564388
564343
564320
564279
564276
564266
564236
564232
564217
564197
564136
564132
564114
564101
564084
564081
564065
564056
564031
564031
564019
563970
563953
563946
563914
563886
563884
563882
563865
563855
563807
563789
563770
563760
563757
563746
563712
563695
563685
563667
563648
563645
563642
563596
563596
563592
563541
563541
563533
563527
563527
563519
563498
563489
563476
563475
563472
563405
563396
563338
563314
563282
563281
563273
563265
563261
563257
563253
563245
563223
563195
563178
563174
563158
563142
563079
563077
563070
563028
563015
562996
562993
562972
562966
562939
562918
562894
562884
562835
562817
562810
562785
562766
562744
562700
562685
562672
562672
562654
562636
562635
562627
562607
562604
562587
562584
562563
562549
562545
562545
562535
562460
562412
562407
562384
562370
562364
562361
562355
562355
562316
562296
562296
562290
562282
562280
562275
562251
562177
562167
562161
562125
562098
562072
562033
562026
562018
562015
561997
561971
561939
561932
561902
561876
561867
561842
561799
561768
561752
561712
561688
561682
561675
561666
561660
561659
561638
561615
561604
561536
561512
561478
561467
561455
561439
561439
561428
561412
561404
561369
561345
561342
561312
561278
561272
561211
561203
561159
561154
561139
561135
561098
561075
561055
560976
560970
560880
560860
560847
560847
560834
560815
560808
560803
560767
560747
560679
560668
560657
560656
560605
560591
560574
560521
560450
560445
560432
560420
560375
560326
560311
560291
560255
560253
560217
560200
560145
560113
560081
560054
560036
560035
560023
559999
559997
559994
559984
559975
559950
559945
559931
559920
559917
559914
559878
559852
559851
559843
559822
559819
559788
559771
559754
559749
559736
559728
559708
559683
559650
559618
559611
559581
559573
559512
559508
559478
559462
559455
559450
559417
559408
559400
559390
559365
559353
559316
559309
559302
559278
559251
559243
559216
559197
559194
559173
559154
559153
559092
559068
559067
559034
559005
558993
558965
558953
558932
558926
558911
558905
558901
558894
558892
558786
558783
558751
558740
558732
558732
558727
558704
558622
558591
558562
558547
558540
558524
558491
558488
558453
558440
558430
558424
558420
558410
558377
558376
558364
558359
558302
558301
558290
558282
558269
558255
558208
558179
558175
558074
558045
558043
558034
557999
557956
557927
557915
557895
557890
557887
557880
557863
557856
557833
557820
557746
557744
557728
557718
557692
557643
557606
557585
557573
557540
557536
557520
557514
557494
557488
557483
557449
557420
557378
557371
557276
557263
557257
557256
557256
557252
557197
557120
557033
556993
556991
556989
556965
556902
556878
556835
556828
556817
556803
556770
556755
556722
556722
556700
556687
556686
556682
556675
556667
556663
556604
556591
556588
556583
556573
556573
556553
556520
556500
556497
556487
556414
556403
556383
556375
556366
556363
556362
556360
556324
556319
556315
556270
556255
556208
556163
556161
556137
556131
555980
555950
555931
555911
555900
555898
555879
555839
555834
555825
555800
555779
555759
555753
555734
555732
555716
555716
555714
555707
555701
555681
555658
555655
555649
555633
555620
555611
555598
555579
555566
555470
555459
555445
555375
555310
555293
555271
555224
555205
555179
555147
555107
555059
555055
555025
555010
555005
555004
554977
554966
554928
554923
554888
554852
554845
554832
554825
554819
554794
554786
554784
554777
554743
554728
554713
554711
554696
554679
554672
554602
554584
554535
554534
554510
554496
554474
554463
554441
554435
554424
554393
554365
554358
554329
554308
554301
554299
554299
554285
554263
554262
554254
554251
554234
554228
554212
554178
554176
554164
554164
554159
554144
554094
554081
554058
554029
554012
553988
553984
553978
553973
553972
553971
553957
553945
553929
553882
553835
553830
553825
553824
553815
553815
553803
553796
553770
553768
553768
553745
553745
553730
553718
553666
553659
553625
553610
553604
553595
553591
553576
553575
553567
553510
553460
553426
553422
553409
553408
553367
553361
553329
553326
553308
553284
553259
553256
553247
553232
553201
553185
553139
553105
553072
553053
553013
552955
552934
552888
552877
552868
552865
552849
552744
552736
552713
552682
552659
552590
552563
552545
552532
552506
552492
552478
552475
552424
552406
552404
552382
552381
552353
552332
552329
552313
552312
552285
552281
552280
552276
552272
552268
552240
552223
552189
552160
552128
552095
552082
552064
552032
552025
552008
551919
551894
551807
551801
551767
551739
551655
551650
551644
551616
551579
551570
551555
551552
551528
551487
551435
551423
551389
551386
551303
551275
551273
551272
551256
551208
551169
551147
551130
551127
551121
551118
551095
551085
551084
551076
551060
551025
551022
550988
550986
550881
550780
550760
550722
550701
550652
550646
550640
550595
550591
550579
550531
550415
550385
550357
550356
550334
550331
550324
550319
550278
550273
550259
550246
550208
550172
550163
550161
550117
550116
550114
550082
550069
550023
550015
550005
549982
549955
549947
549920
549909
549893
549867
549866
549853
549841
549788
549778
549741
549739
549719
549691
549674
549671
549647
549635
549628
549620
549611
549555
549528
549519
549457
549399
549398
549358
549354
549349
549295
549277
549245
549229
549220
549207
549170
549126
549121
549119
549065
549049
549042
549027
549006
548992
548989
548985
548932
548927
548900
548894
548891
548890
548883
548858
548852
548849
548835
548834
548833
548780
548748
548726
548704
548690
548682
548674
548674
548656
548598
548593
548580
548572
548542
548519
548514
548479
548461
548454
548453
548407
548407
548406
548395
548365
548356
548341
548334
548327
548296
548293
548265
548230
548224
548219
548215
548209
548168
548166
548161
548134
548126
548123
548122
548105
548086
548074
548033
548001
547842
547836
547829
547788
547774
547724
547719
547717
547702
547677
547652
547595
547526
547522
547472
547417
547368
547360
547345
547340
547330
547277
547268
547257
547165
547127
547085
547001
546976
546971
546971
546961
546953
546920
546909
546882
546880
546856
546841
546779
546773
546771
546770
546739
546725
546718
546708
546706
546687
546660
546656
546654
546631
546610
546607
546573
546532
546527
546521
546439
546395
546391
546367
546322
546316
546284
546272
546266
546264
546236
546229
546228
546222
546215
546174
546105
546087
546012
545975
545953
545944
545943
545927
545917
545889
545883
545873
545852
545826
545818
545794
545781
545768
545764
545752
545748
545743
545739
545733
545666
545659
545657
545627
545623
545594
545591
545585
545584
545569
545561
545556
545541
545530
545510
545478
545466
545465
545420
545416
545414
545342
545325
545308
545276
545239
545238
545215
545198
545151
545145
545140
545103
545101
545066
545058
545053
545030
545030
545016
544932
544914
544892
544876
544870
544852
544824
544822
544763
544761
544709
544669
544636
544609
544598
544580
544534
544506
544470
544465
544457
544439
544432
544423
544413
544399
544384
544363
544293
544286
544281
544273
544256
544255
544202
544166
544085
544048
544036
544031
544020
544018
543993
543992
543985
543983
543947
543910
543891
543882
543879
543858
543842
543833
543815
543804
543799
543784
543766
543709
543705
543648
543646
543627
543616
543577
543574
543573
543572
543569
543565
543556
543555
543545
543530
543502
543498
543494
543487
543480
543477
543473
543417
543413
543392
543379
543362
543358
543322
543292
543272
543230
543218
543201
543189
543183
543173
543163
543158
543149
543098
543063
542996
542994
542965
542956
542936
542914
542894
542884
542838
542834
542830
542818
542768
542768
542736
542730
542716
542689
542677
542638
542637
542611
542611
542598
542559
542543
542541
542539
542520
542508
542496
542492
542471
542465
542459
542367
542362
542322
542299
542220
542211
542211
542202
542166
542153
542106
542073
542071
542026
542026
541977
541965
541944
541929
541916
541909
541887
541876
541853
541846
541834
541811
541801
541793
541790
541760
541753
541724
541706
541705
541702
541677
541644
541625
541624
541619
541588
541549
541522
541503
541492
541489
541478
541448
541445
541421
541367
541351
541316
541307
541273
541239
541221
541218
541215
541182
541171
541159
541132
541106
541104
541086
541082
541056
540992
540951
540949
540935
540924
540897
540888
540884
540856
540819
540808
540799
540791
540742
540725
540713
540706
540682
540667
540626
540624
540609
540589
540543
540522
540507
540485
540485
540461
540460
540457
540414
540412
540410
540402
540378
540374
540356
540349
540338
540319
540287
540270
540264
540253
540244
540227
540201
540192
540152
540148
540113
540109
540095
540065
540038
540020
539995
539959
539948
539946
539936
539932
539888
539876
539875
539871
539847
539845
539845
539821
539761
539760
539746
539737
539705
539690
539677
539662
539662
539616
539586
539567
539552
539515
539510
539483
539459
539442
539403
539236
539221
539203
539196
539168
539142
539137
539079
539047
539044
539042
539015
538993
538918
538851
538842
538823
538821
538795
538787
538756
538750
538714
538713
538710
538702
538675
538655
538654
538649
538636
538620
538568
538560
538520
538474
538444
538431
538425
538418
538399
538345
538322
538319
538317
538294
538291
538281
538271
538260
538256
538239
538236
538202
538199
538197
538193
538189
538167
538166
538141
538130
538129
538120
538109
538091
538088
538077
538070
538066
537990
537974
537950
537932
537923
537912
537912
537902
537896
537883
537849
537828
537794
537791
537777
537761
537744
537680
537632
537610
537594
537553
537546
537490
537460
537456
537453
537446
537437
537437
537410
537407
537369
537365
537302
537257
537250
537240
537206
537167
537163
537144
537142
537140
537137
537035
537014
537010
537006
537005
536997
536973
536965
536950
536938
536933
536868
536868
536865
536844
536799
536751
536737
536723
536719
536716
536704
536704
536678
536676
536662
536657
536613
536541
536531
536515
536476
536461
536400
536393
536369
536359
536323
536322
536317
536308
536304
536283
536261
536175
536133
536123
536094
536093
536059
536043
536023
536017
535993
535991
535976
535950
535941
535934
535919
535882
535879
535865
535849
535839
535817
535801
535787
535776
535733
535729
535709
535707
535682
535645
535613
535612
535582
535579
535575
535482
535469
535385
535382
535367
535334
535317
535309
535252
535241
535217
535184
535171
535148
535138
535091
535089
535067
535049
535046
535029
534963
534863
534857
534839
534833
534831
534772
534765
534730
534722
534700
534643
534608
534554
534530
534479
534412
534411
534403
534398
534388
534361
534353
534350
534339
534331
534248
534228
534226
534223
534221
534207
534178
534157
534142
534096
534043
534016
534015
534015
534014
533984
533980
533964
533952
533919
533911
533906
533889
533883
533863
533845
533834
533827
533811
533808
533807
533794
533793
533792
533775
533741
533688
533674
533636
533632
533615
533601
533544
533533
533528
533526
533511
533503
533475
533461
533451
533423
533411
533392
533374
533339
533334
533312
533299
533277
533276
533267
533254
533240
533237
533236
533198
533168
533145
533140
533139
533084
533065
533064
533046
533030
533018
533000
532982
532979
532957
532939
532926
532901
532870
532869
532823
532805
532737
532737
532700
532693
532674
532668
532663
532637
532536
532527
532510
532494
532484
532465
532438
532437
532414
532409
532404
532294
532288
532271
532214
532191
532177
532140
532131
532129
532053
532037
531996
531990
531975
531972
531968
531965
531917
531840
531816
531814
531803
531791
531771
531765
531763
531751
531726
531717
531681
531651
531597
531565
531526
531501
531484
531439
531419
531419
531416
531385
531371
531342
531340
531338
531316
531239
531237
531206
531186
531177
531176
531122
531114
531086
531081
531081
531079
531058
531053
531051
531029
531012
530994
530984
530978
530967
530966
530958
530947
530943
530919
530919
530914
530911
530855
530818
530803
530802
530786
530731
530667
530653
530645
530640
530596
530577
530575
530569
530528
530527
530484
530460
530453
530412
530401
530321
530309
530308
530306
530301
530295
530293
530285
530222
530209
530178
530156
530149
530132
530110
530075
530023
530020
529977
529962
529961
529940
529939
529861
529835
529832
529820
529812
529785
529775
529710
529665
529654
529621
529586
529585
529538
529505
529502
529495
529475
529445
529440
529431
529425
529413
529397
529381
529376
529367
529350
529344
529331
529323
529323
529314
529308
529265
529241
529230
529216
529205
529202
529198
529140
529133
529129
529125
529112
529104
529065
529063
529035
529033
529025
529009
529006
528995
528968
528919
528855
528849
528829
528828
528807
528805
528802
528802
528800
528787
528782
528776
528772
528743
528727
528697
528689
528683
528678
528638
528613
528608
528568
528560
528550
528547
528542
528540
528533
528524
528513
528498
528496
528461
528456
528442
528426
528425
528405
528337
528332
528300
528275
528270
528230
528190
528130
528104
528096
528062
528051
528051
528014
528001
527996
527975
527959
527954
527928
527914
527889
527871
527861
527824
527820
527788
527779
527763
527743
527723
527695
527693
527631
527624
527608
527588
527577
527568
527533
527477
527447
527422
527371
527352
527351
527332
527298
527289
527273
527231
527188
527164
527161
527138
527119
527111
527082
527072
527066
527048
526990
526985
526949
526945
526925
526922
526880
526878
526857
526842
526830
526765
526747
526738
526734
526706
526705
526702
526686
526672
526643
526632
526628
526619
526605
526590
526566
526559
526554
526469
526444
526441
526434
526432
526416
526414
526403
526402
526371
526327
526296
526296
526295
526289
526287
526249
526243
526234
526212
526202
526202
526138
526032
525980
525962
525960
525955
525950
525943
525937
525898
525880
525874
525863
525812
525778
525762
525758
525751
525750
525723
525721
525720
525714
525714
525682
525681
525662
525655
525641
525582
525582
525581
525526
525507
525505
525469
525444
525436
525409
525347
525342
525335
525322
525316
525298
525285
525281
525268
525158
525132
525128
525116
525103
525060
525053
525043
525029
525004
524991
524975
524974
524970
524970
524970
524947
524946
524934
524906
524900
524841
524830
524816
524808
524802
524789
524785
524780
524753
524721
524700
524689
524674
524667
524663
524637
524594
524555
524541
524540
524527
524522
524514
524506
524498
524487
524480
524451
524423
524408
524398
524377
524363
524328
524287
524283
524282
524278
524268
524230
524222
524202
524190
524160
524155
524136
524066
524064
524058
524035
524007
523983
523973
523972
523969
523849
523848
523816
523787
523774
523774
523765
523757
523752
523749
523740
523685
523663
523628
523627
523611
523608
523606
523604
523571
523525
523488
523461
523422
523380
523297
523283
523264
523263
523262
523258
523164
523148
523138
523129
523128
523104
523068
523055
523026
523015
522982
522946
522894
522884
522879
522836
522808
522806
522789
522789
522692
522682
522670
522662
522659
522649
522605
522582
522568
522554
522542
522512
522488
522486
522479
522453
522396
522390
522364
522322
522308
522290
522274
522267
522246
522229
522227
522224
522219
522192
522183
522161
522161
522150
522133
522127
522085
522062
522045
522031
521989
521974
521936
521935
521887
521858
521788
521785
521785
521762
521737
521725
521663
521639
521592
521574
521548
521531
521527
521501
521501
521447
521430
521428
521425
521418
521394
521378
521372
521370
521365
521359
521351
521331
521331
521314
521312
521305
521302
521286
521279
521256
521253
521220
521211
521201
521171
521165
521160
521128
521065
521062
521054
521041
521027
521018
520961
520951
520895
520882
520849
520840
520834
520818
520813
520781
520761
520754
520724
520705
520700
520692
520663
520661
520660
520629
520602
520591
520576
520559
520550
520469
520446
520428
520399
520393
520327
520307
520302
520282
520265
520248
520218
520209
520200
520197
520138
520129
520049
520045
520028
520011
519973
519953
519905
519904
519893
519843
519842
519839
519795
519772
519766
519738
519715
519692
519675
519656
519651
519638
519638
519637
519608
519579
519579
519566
519558
519552
519551
519543
519534
519531
519524
519518
519507
519496
519484
519473
519446
519407
519397
519391
519385
519370
519329
519315
519305
519304
519286
519209
519201
519179
519146
519139
519088
519081
519077
519046
519027
519010
518966
518958
518938
518906
518885
518883
518868
518861
518860
518857
518841
518825
518811
518785
518762
518759
518730
518730
518690
518650
518644
518642
518627
518620
518611
518601
518592
518581
518570
518551
518547
518535
518496
518471
518451
518444
518435
518421
518386
518363
518346
518336
518335
518290
518288
518266
518255
518245
518155
517990
517987
517975
517964
517930
517836
517832
517801
517798
517771
517717
517704
517658
517638
517624
517608
517596
517546
517543
517540
517501
517445
517372
517353
517333
517277
517275
517234
517198
517191
517171
517154
517144
517136
517134
517108
517074
517071
517066
517058
517032
517025
517015
516971
516969
516965
516912
516884
516839
516834
516777
516761
516756
516745
516732
516706
516667
516649
516644
516640
516626
516625
516625
516600
516568
516561
516482
516465
516440
516421
516329
516323
516238
516237
516235
516186
516160
516157
516085
516045
516026
515998
515906
515899
515898
515872
515829
515802
515801
515784
515784
515742
515740
515667
515646
515640
515614
515573
515551
515529
515487
515481
515474
515446
515408
515390
515385
515380
515355
515352
515325
515318
515302
515280
515280
515269
515223
515190
515125
515104
515074
515056
515037
515034
514993
514966
514937
514927
514919
514914
514911
514905
514901
514872
514854
514851
514838
514821
514757
514751
514736
514720
514674
514645
514596
514591
514590
514574
514567
514562
514529
514527
514509
514391
514358
514339
514337
514291
514287
514285
514279
514259
514242
514230
514204
514204
514201
514191
514162
514162
514092
514078
514065
514057
514050
514046
514015
514015
513975
513972
513968
513962
513946
513937
513868
513859
513848
513834
513805
513795
513734
513730
513705
513696
513678
513645
513642
513629
513612
513604
513601
513561
513554
513552
513543
513508
513467
513429
513408
513386
513353
513343
513334
513300
513298
513252
513215
513203
513156
513141
513080
513041
513018
513013
512998
512992
512986
512976
512896
512891
512884
512880
512880
512848
512841
512833
512827
512808
512801
512791
512784
512777
512768
512718
512629
512625
512604
512600
512597
512579
512560
512552
512496
512491
512484
512468
512454
512450
512448
512447
512435
512428
512419
512385
512383
512369
512352
512351
512341
512333
512306
512257
512239
512197
512190
512185
512184
512175
512168
512109
512103
512090
512090
512087
512087
512055
512041
512009
511988
511973
511959
511940
511928
511898
511889
511873
511855
511844
511824
511813
511805
511789
511781
511777
511767
511723
511714
511699
511696
511602
511556
511545
511542
511538
511509
511506
511486
511470
511466
511456
511447
511435
511434
511406
511401
511386
511366
511351
511350
511262
511258
511250
511247
511219
511152
511149
511138
511098
511089
511051
510990
510975
510956
510923
510902
510896
510864
510836
510800
510780
510775
510765
510752
510730
510726
510717
510714
510712
510699
510698
510685
510670
510636
510636
510631
510619
510614
510559
510557
510557
510556
510537
510530
510519
510514
510498
510487
510475
510472
510459
510402
510402
510391
510374
510351
510337
510315
510307
510253
510245
510211
510207
510192
510188
510179
510170
510138
510133
510106
510088
510072
510071
510059
509976
509946
509932
509927
509907
509898
509894
509894
509892
509880
509855
509832
509784
509776
509766
509756
509728
509699
509685
509672
509667
509631
509616
509614
509598
509571
509569
509523
509499
509489
509473
509460
509452
509439
509409
509399
509381
509368
509330
509321
509320
509311
509303
509281
509268
509239
509214
509191
509181
509144
509122
509116
509074
509069
509040
509039
508998
508998
508977
508975
508938
508931
508837
508824
508817
508811
508788
508764
508743
508704
508672
508664
508654
508653
508602
508546
508538
508495
508458
508438
508425
508392
508377
508337
508328
508325
508289
508287
508237
508225
508198
508191
508125
508123
508122
508088
508087
508045
508037
508029
507991
507975
507955
507954
507935
507913
507895
507821
507805
507799
507798
507781
507761
507748
507708
507703
507696
507686
507663
507632
507626
507622
507610
507607
507596
507588
507586
507561
507554
507516
507473
507395
507375
507354
507350
507336
507331
507286
507271
507265
507265
507255
507252
507192
507167
507119
507118
507106
507089
507088
507081
507048
507038
507024
507014
507000
506986
506953
506934
506896
506892
506884
506883
506874
506868
506849
506844
506829
506822
506811
506778
506766
506729
506723
506719
506624
506588
506587
506564
506544
506524
506488
506486
506467
506462
506453
506448
506446
506399
506387
506351
506346
506337
506320
506313
506292
506276
506274
506271
506242
506240
506178
506149
506125
506121
506105
506002
505949
505874
505853
505827
505781
505738
505726
505714
505713
505694
505688
505674
505672
505656
505642
505624
505614
505612
505512
505499
505493
505490
505489
505460
505451
505440
505431
505408
505403
505386
505373
505372
505326
505307
505301
505294
505287
505282
505254
505214
505194
505157
505144
505138
505078
505071
505062
505039
505004
504992
504979
504973
504929
504920
504900
504890
504886
504872
504870
504804
504803
504800
504798
504782
504781
504754
504733
504725
504700
504691
504682
504680
504673
504636
504616
504615
504610
504608
504603
504586
504571
504544
504542
504532
504524
504478
504464
504410
504391
504383
504370
504367
504323
504305
504303
504295
504280
504250
504236
504189
504175
504143
504121
504093
504042
504035
504008
503985
503975
503943
503943
503885
503874
503872
503869
503855
503848
503813
503809
503805
503760
503757
503755
503680
503648
503583
503563
503556
503549
503536
503530
503480
503439
503424
503397
503375
503360
503352
503336
503315
503308
503282
503279
503256
503226
503221
503207
503205
503197
503194
503175
503155
503147
503146
503144
503113
503106
503095
503076
503062
503058
503053
503043
503035
503029
503027
503024
503018
503005
503002
502921
502912
502904
502870
502848
502844
502819
502726
502672
502645
502638
502623
502620
502613
502598
502516
502507
502495
502482
502481
502474
502451
502442
502431
502406
502401
502400
502397
502311
502284
502248
502232
502219
502159
502122
502099
502098
502077
502075
502041
501993
501976
501967
501965
501953
501929
501909
501901
501883
501868
501851
501811
501801
501798
501783
501778
501770
501756
501750
501742
501695
501692
501674
501669
501663
501652
501635
501612
501598
501573
501540
501534
501526
501495
501450
501407
501377
501358
501357
501356
501356
501344
501318
501316
501311
501308
501280
501260
501260
501255
501253
501252
501238
501182
501167
501135
501122
501109
501098
501096
501094
501086
501054
501043
501019
501004
500997
500881
500874
500852
500818
500815
500780
500770
500746
500738
500656
500655
500641
500632
500619
500613
500604
500574
500550
500527
500518
500509
500509
500500
500478
500453
500440
500399
500385
500364
500339
500296
500293
500292
500268
500257
500210
500190
500170
500169
500156
500121
500069
500069
500049
500036
500024
500008
500004
499968
499909
499908
499896
499802
499794
499787
499738
499720
499702
499699
499690
499685
499682
499679
499662
499610
499595
499569
499560
499544
499523
499503
499498
499489
499482
499479
499477
499458
499442
499422
499412
499374
499360
499335
499321
499314
499292
499286
499283
499260
499243
499228
499226
499208
499207
499201
499190
499161
499106
499104
499104
499101
499100
499040
499021
499010
498982
498975
498975
498939
498931
498920
498911
498878
498846
498824
498759
498748
498734
498666
498660
498635
498593
498561
498555
498523
498500
498489
498433
498421
498374
498373
498359
498352
498317
498308
498304
498262
498214
498198
498198
498198
498195
498163
498143
498121
498090
498090
498067
498042
498011
497999
497998
497993
497981
497942
497909
497892
497892
497878
497866
497846
497839
497774
497771
497763
497736
497734
497655
497591
497579
497575
497551
497520
497519
497479
497473
497473
497453
497416
497405
497400
497333
497332
497316
497300
497296
497294
497266
497242
497207
497206
497204
497152
497091
497064
497033
497025
497022
497018
497005
496976
496960
496943
496942
496938
496927
496891
496860
496830
496816
496803
496750
496718
496715
496713
496682
496654
496649
496616
496610
496596
496591
496586
496582
496576
496568
496564
496542
496537
496537
496511
496463
496437
496430
496425
496404
496393
496390
496353
496349
496330
496306
496303
496282
496281
496272
496269
496259
496255
496236
496236
496220
496091
496075
496062
496027
496009
496005
495998
495964
495931
495928
495926
495917
495898
495897
495896
495886
495877
495874
495821
495808
495740
495740
495727
495725
495712
495683
495656
495642
495638
495625
495602
495569
495523
495508
495495
495449
495425
495415
495410
495378
495362
495327
495307
495305
495295
495281
495214
495179
495152
495141
495136
495121
495106
495087
495063
495034
494983
494959
494918
494891
494890
494853
494821
494774
494772
494755
494721
494707
494640
494636
494628
494621
494619
494618
494613
494553
494547
494545
494541
494531
494461
494434
494403
494400
494381
494370
494349
494296
494257
494237
494223
494213
494203
494141
494128
494101
494087
494084
494072
494046
494027
493957
493945
493943
493906
493868
493846
493840
493784
493772
493722
493719
493694
493671
493669
493633
493615
493605
493588
493575
493532
493491
493474
493468
493465
493459
493450
493422
493383
493381
493375
493358
493351
493315
493276
493273
493270
493260
493246
493234
493221
493198
493184
493154
493112
493015
493004
493002
492996
492993
492964
492957
492952
492930
492929
492924
492910
492910
492858
492855
492839
492833
492768
492717
492706
492703
492674
492667
492662
492575
492508
492492
492398
492362
492359
492357
492332
492291
492288
492278
492267
492242
492237
492210
492201
492194
492138
492109
492107
492106
492077
492061
492045
491990
491980
491963
491941
491933
491899
491890
491884
491838
491826
491826
491817
491757
491748
491723
491718
491713
491713
491696
491694
491617
491614
491609
491586
491550
491550
491536
491508
491495
491484
491463
491457
491440
491429
491416
491404
491401
491385
491361
491356
491328
491316
491280
491246
491221
491212
491195
491177
491125
491118
491111
491080
491074
491066
491051
491050
491016
490870
490864
490858
490857
490798
490790
490656
490629
490612
490611
490594
490552
490551
490521
490518
490491
490446
490402
490373
490349
490320
490319
490316
490278
490276
490274
490271
490229
490221
490171
490165
490123
490122
490079
490077
490044
490025
489973
489901
489877
489877
489866
489854
489830
489822
489805
489799
489794
489766
489747
489739
489725
489689
489555
489511
489466
489466
489461
489446
489437
489436
489400
489372
489367
489361
489346
489344
489329
489316
489294
489279
489269
489248
489201
489166
489085
489080
489074
489070
489056
489053
489050
489025
489022
489020
489003
488954
488954
488880
488837
488816
488793
488792
488774
488750
488733
488722
488700
488692
488690
488673
488669
488634
488625
488590
488579
488569
488566
488541
488510
488509
488477
488465
488461
488431
488390
488388
488375
488368
488367
488354
488327
488321
488315
488304
488291
488264
488258
488253
488239
488175
488157
488098
488090
488067
488010
488006
487993
487971
487936
487923
487923
487844
487833
487832
487796
487778
487773
487749
487732
487687
487627
487626
487601
487599
487595
487586
487569
487542
487515
487490
487485
487455
487448
487421
487421
487398
487389
487338
487326
487312
487312
487254
487214
487209
487105
487062
487055
486987
486933
486920
486869
486854
486845
486837
486830
486749
486748
486716
486710
486704
486671
486641
486602
486586
486574
486571
486545
486497
486491
486448
486428
486408
486398
486397
486359
486341
486308
486302
486281
486267
486265
486254
486253
486245
486225
486177
486174
486161
486156
486139
486128
486108
486104
486073
486069
486065
486064
485969
485916
485909
485908
485908
485904
485899
485853
485842
485820
485755
485754
485729
485693
485637
485616
485607
485591
485564
485564
485548
485542
485524
485459
485353
485339
485317
485307
485255
485248
485208
485207
485205
485202
485194
485193
485189
485180
485175
485140
485124
485124
485115
485106
485066
485018
484978
484974
484948
484919
484902
484854
484845
484808
484776
484766
484749
484748
484728
484681
484679
484678
484608
484509
484503
484485
484375
484365
484337
484334
484314
484313
484282
484276
484271
484179
484141
484111
484095
484095
484094
484091
484054
484038
484030
484027
484018
484010
484003
483985
483983
483929
483864
483826
483822
483821
483740
483722
483711
483705
483651
483628
483617
483607
483571
483570
483545
483532
483521
483517
483511
483480
483433
483414
483408
483399
483363
483345
483336
483323
483258
483247
483229
483173
483167
483158
483141
483134
483115
483094
483064
483058
483055
483024
483024
483020
483008
482998
482966
482954
482947
482931
482922
482911
482899
482882
482824
482823
482812
482807
482773
482773
482756
482743
482709
482706
482702
482687
482680
482672
482671
482667
482665
482664
482660
482618
482616
482609
482570
482519
482517
482495
482481
482470
482469
482443
482433
482417
482413
482379
482352
482340
482338
482337
482295
482285
482280
482170
482169
482165
482161
482159
482142
482135
482117
482093
482079
482069
481991
481954
481954
481952
481952
481891
481889
481858
481841
481836
481829
481823
481822
481821
481817
481735
481698
481696
481674
481655
481644
481640
481631
481616
481607
481606
481576
481569
481553
481543
481539
481517
481513
481507
481448
481438
481428
481418
481405
481361
481358
481352
481337
481308
481304
481284
481275
481262
481237
481206
481198
481192
481186
481137
481130
481114
481048
481045
481034
481022
480986
480954
480891
480857
480814
480787
480714
480706
480701
480699
480693
480681
480644
480642
480618
480576
480559
480530
480460
480362
480353
480345
480267
480230
480220
480173
480143
480138
480087
480064
480059
480059
480024
480019
480012
479994
479958
479949
479940
479939
479927
479914
479907
479904
479901
479900
479864
479852
479851
479830
479810
479799
479709
479709
479704
479674
479646
479608
479559
479535
479525
479462
479456
479441
479439
479438
479430
479429
479422
479410
479409
479388
479379
479366
479350
479322
479290
479242
479223
479216
479201
479195
479167
479129
479127
479065
478975
478973
478912
478903
478873
478771
478756
478749
478745
478729
478685
478632
478632
478629
478611
478569
478567
478563
478540
478509
478502
478494
478488
478449
478442
478338
478337
478328
478322
478315
478306
478294
478288
478261
478255
478194
478178
478160
478158
478157
478113
478110
478104
478083
478080
477987
477978
477957
477936
477932
477927
477919
477910
477909
477863
477814
477779
477773
477740
477727
477715
477711
477710
477707
477683
477675
477641
477639
477636
477634
477612
477603
477585
477558
477557
477548
477548
477532
477509
477496
477483
477431
477426
477404
477397
477379
477360
477351
477340
477327
477321
477314
477311
477292
477279
477250
477097
477088
477072
477064
477049
477031
477021
477011
477008
476982
476927
476913
476843
476827
476762
476735
476725
476710
476699
476671
476645
476598
476595
476560
476551
476546
476505
476495
476472
476468
476452
476429
476415
476388
476386
476329
476300
476288
476283
476266
476252
476244
476241
476227
476194
476194
476164
476162
476135
476108
476102
476099
476041
476020
476016
475999
475983
475944
475885
475874
475863
475854
475836
475831
475823
475796
475756
475742
475691
475678
475677
475659
475634
475632
475627
475622
475603
475602
475581
475565
475554
475540
475531
475520
475502
475400
475358
475349
475344
475327
475314
475285
475276
475258
475254
475253
475250
475249
475248
475199
475195
475178
475165
475162
475127
475121
475094
475074
475073
475051
475038
475033
474973
474962
474935
474914
474897
474889
474854
474826
474819
474811
474810
474783
474779
474778
474743
474739
474729
474725
474718
474688
474653
474650
474634
474618
474589
474573
474542
474510
474463
474457
474426
474383
474381
474377
474377
474377
474374
474335
474331
474214
474126
474117
474112
474101
474046
474045
474020
473985
473969
473967
473925
473916
473911
473871
473869
473821
473810
473788
473756
473729
473725
473702
473702
473670
473664
473651
473637
473624
473623
473590
473586
473579
473571
473563
473546
473533
473406
473401
473371
473370
473368
473307
473283
473281
473279
473243
473242
473158
473096
473086
473069
473062
473043
472993
472983
472974
472953
472931
472924
472908
472901
472900
472894
472890
472883
472876
472874
472872
472833
472832
472788
472781
472776
472764
472763
472762
472747
472742
472697
472687
472683
472672
472667
472664
472660
472653
472634
472600
472597
472554
472543
472529
472524
472516
472506
472450
472447
472428
472401
472394
472389
472346
472316
472309
472296
472288
472262
472228
472178
472148
472145
472137
472131
472020
472011
472003
471983
471945
471918
471917
471892
471881
471852
471844
471826
471818
471808
471792
471790
471790
471772
471751
471722
471706
471701
471694
471676
471652
471650
471647
471629
471623
471597
471589
471523
471484
471473
471469
471465
471426
471422
471370
471359
471354
471337
471318
471289
471276
471240
471221
471206
471159
471155
471128
471126
471094
471091
471078
471017
471017
470996
470995
470945
470900
470880
470879
470854
470844
470836
470818
470735
470734
470727
470724
470713
470708
470694
470691
470686
470668
470652
470651
470608
470601
470573
470558
470502
470497
470476
470454
470397
470362
470339
470326
470311
470310
470291
470271
470245
470234
470232
470219
470216
470215
470205
470142
470133
470125
470113
470108
470096
470092
470048
470046
470026
470018
469980
469979
469953
469947
469947
469942
469904
469882
469862
469862
469859
469858
469858
469837
469812
469796
469782
469778
469765
469726
469718
469710
469695
469685
469676
469673
469649
469639
469624
469615
469598
469588
469544
469520
469496
469485
469464
469463
469453
469437
469433
469410
469386
469384
469364
469364
469310
469266
469259
469221
469211
469164
469084
469073
469061
469060
469059
469046
469044
469040
469030
469006
468986
468981
468977
468970
468953
468913
468907
468891
468873
468853
468843
468830
468791
468791
468768
468754
468749
468743
468718
468706
468697
468687
468662
468626
468620
468595
468537
468529
468504
468468
468422
468408
468390
468377
468369
468359
468331
468322
468308
468295
468291
468283
468258
468211
468204
468200
468171
468140
468116
468058
468042
468038
468004
467997
467993
467989
467956
467941
467895
467864
467864
467843
467840
467829
467805
467793
467777
467774
467761
467674
467674
467648
467601
467510
467480
467456
467414
467407
467391
467368
467354
467329
467316
467304
467287
467261
467261
467216
467215
467207
467176
467167
467164
467114
467090
467079
467063
467056
467038
467038
467031
467012
466986
466970
466942
466936
466927
466916
466899
466894
466838
466825
466814
466812
466808
466802
466800
466758
466752
466717
466691
466684
466679
466679
466678
466658
466607
466598
466588
466571
466485
466482
466442
466432
466421
466384
466372
466361
466338
466329
466314
466299
466276
466260
466240
466222
466203
466200
466196
466146
466144
466002
465994
465979
465977
465960
465919
465918
465888
465886
465796
465742
465723
465629
465614
465586
465544
465475
465466
465460
465447
465437
465433
465405
465370
465343
465338
465333
465307
465302
465297
465269
465256
465212
465207
465185
465182
465146
465136
465102
465093
464991
464977
464977
464893
464874
464874
464827
464820
464811
464769
464697
464694
464680
464654
464648
464645
464622
464549
464539
464531
464496
464494
464486
464464
464453
464448
464441
464424
464376
464370
464364
464315
464295
464286
464270
464266
464265
464256
464249
464245
464234
464226
464218
464215
464212
464182
464125
464109
464106
464066
464059
464024
463969
463964
463940
463918
463899
463891
463872
463858
463838
463775
463762
463761
463755
463718
463713
463684
463623
463620
463551
463532
463514
463512
463498
463491
463489
463486
463472
463433
463433
463429
463397
463380
463378
463354
463351
463341
463341
463298
463270
463264
463225
463211
463196
463172
463146
463106
463090
463089
463063
463028
463003
462963
462931
462895
462883
462880
462856
462836
462804
462792
462786
462785
462776
462741
462721
462676
462652
462590
462573
462567
462559
462553
462477
462436
462418
462375
462356
462349
462343
462323
462320
462320
462315
462242
462223
462220
462217
462211
462157
462148
462126
462121
462113
462101
462088
462054
462040
462006
461995
461988
461955
461939
461937
461911
461897
461866
461844
461809
461769
461667
461665
461659
461614
461603
461591
461586
461568
461565
461555
461532
461519
461480
461449
461437
461434
461427
461402
461384
461338
461333
461312
461305
461293
461278
461238
461233
461204
461200
461199
461195
461180
461157
461135
461116
461114
461099
461093
461067
461059
461013
460991
460988
460973
460968
460966
460953
460897
460858
460813
460792
460773
460765
460764
460751
460731
460695
460650
460600
460590
460578
460559
460545
460533
460520
460496
460490
460400
460397
460374
460352
460320
460298
460240
460239
460212
460199
460179
460162
460151
460144
460118
460079
460042
460030
460029
459974
459935
459929
459867
459820
459798
459775
459774
459753
459749
459729
459728
459681
459666
459645
459617
459610
459602
459600
459563
459559
459556
459556
459551
459549
459546
459529
459520
459501
459500
459368
459358
459352
459274
459263
459252
459246
459226
459181
459179
459165
459164
459111
459097
459091
459090
459082
459081
459080
459080
459060
459059
459040
459028
458995
458941
458939
458932
458899
458897
458848
458836
458831
458780
458729
458717
458669
458642
458631
458630
458603
458517
458497
458495
458445
458409
458381
458375
458373
458354
458323
458303
458297
458275
458243
458223
458213
458208
458199
458169
458155
458121
458099
458097
458083
458051
458041
458005
457979
457948
457944
457941
457894
457886
457885
457866
457851
457843
457834
457834
457821
457809
457788
457773
457765
457754
457746
457707
457690
457670
457669
457624
457617
457614
457600
457557
457553
457552
457548
457518
457516
457500
457475
457474
457465
457389
457386
457349
457333
457327
457298
457278
457255
457254
457241
457223
457173
457171
457163
457093
457063
457053
457044
457038
457010
457008
456999
456996
456957
456943
456924
456922
456903
456863
456736
456733
456709
456681
456638
456637
456630
456612
456584
456542
456525
456484
456471
456434
456432
456405
456388
456384
456358
456356
456353
456348
456322
456309
456298
456252
456234
456222
456222
456202
456166
456159
456129
456123
456099
456094
456091
456059
456051
455984
455975
455971
455962
455957
455957
455923
455918
455912
455904
455898
455863
455811
455809
455772
455765
455727
455710
455695
455693
455630
455620
455584
455558
455499
455483
455476
455447
455426
455403
455383
455382
455371
455371
455370
455355
455310
455282
455276
455265
455256
455204
455188
455154
455145
455139
455133
455128
455108
455085
455057
455045
455038
455024
455012
455007
454982
454964
454936
454921
454901
454881
454841
454798
454768
454748
454743
454710
454707
454643
454640
454631
454627
454619
454617
454607
454604
454572
454557
454525
454524
454460
454448
454424
454412
454402
454355
454323
454273
454272
454268
454197
454197
454196
454130
454066
454052
454004
454001
453940
453937
453932
453917
453879
453868
453867
453867
453786
453769
453761
453734
453713
453632
453612
453529
453495
453495
453493
453473
453459
453433
453422
453399
453392
453385
453352
453323
453285
453277
453220
453207
453190
453165
453147
453116
453110
453086
453061
453058
453054
453042
453006
452998
452985
452983
452965
452941
452925
452870
452851
452850
452813
452798
452773
452755
452752
452749
452744
452730
452682
452619
452615
452557
452554
452537
452537
452510
452494
452492
452485
452468
452437
452433
452431
452425
452407
452333
452289
452274
452186
452178
452176
452167
452131
452130
452129
452127
452125
452119
452113
452037
452025
452007
452005
451980
451975
451975
451866
451861
451860
451857
451792
451783
451774
451770
451766
451765
451765
451745
451736
451725
451720
451712
451625
451588
451574
451564
451550
451549
451540
451528
451516
451507
451489
451464
451463
451443
451418
451392
451368
451338
451329
451320
451310
451302
451231
451183
451143
451136
451130
451125
451119
451100
451074
451004
450995
450990
450958
450951
450931
450925
450924
450865
450840
450823
450798
450764
450755
450748
450736
450728
450668
450667
450652
450620
450612
450604
450589
450586
450575
450559
450542
450485
450450
450439
450429
450398
450374
450358
450354
450352
450337
450317
450295
450254
450242
450242
450217
450189
450161
450139
450118
450068
450063
450041
450041
450040
450033
450004
450004
450003
449962
449959
449925
449920
449821
449808
449797
449790
449787
449775
449761
449747
449718
449717
449704
449692
449690
449690
449673
449667
449657
449638
449608
449605
449593
449590
449587
449568
449560
449559
449548
449544
449529
449521
449509
449497
449459
449447
449428
449419
449402
449390
449344
449332
449331
449314
449249
449227
449224
449173
449148
449132
449124
449103
449092
449076
449030
449030
449027
448995
448991
448991
448987
448973
448952
448928
448915
448912
448895
448883
448878
448853
448825
448805
448793
448789
448787
448771
448744
448742
448704
448689
448678
448666
448658
448638
448637
448627
448624
448621
448597
448568
448561
448557
448554
448502
448474
448469
448462
448374
448360
448356
448316
448258
448252
448241
448229
448227
448200
448168
448148
448147
448138
448131
448100
448089
448086
448085
448078
448054
448038
448035
448006
448000
447987
447979
447959
447958
447925
447913
447878
447877
447861
447813
447793
447765
447762
447737
447728
447689
447624
447605
447587
447585
447575
447556
447506
447443
447441
447424
447412
447398
447385
447338
447330
447313
447307
447296
447292
447282
447260
447260
447254
447231
447222
447185
447182
447169
447121
447090
447070
447066
446998
446939
446933
446891
446880
446879
446877
446835
446800
446767
446764
446745
446732
446717
446706
446647
446614
446551
446516
446501
446481
446449
446447
446444
446430
446394
446388
446371
446300
446288
446272
446271
446244
446240
446212
446158
446149
446143
446118
446078
446076
446025
446025
446010
446003
445977
445952
445944
445940
445939
445929
445915
445897
445896
445893
445835
445829
445812
445777
445773
445746
445725
445707
445692
445639
445596
445521
445454
445437
445391
445364
445353
445342
445300
445296
445286
445266
445244
445220
445219
445214
445209
445208
445179
445173
445122
445114
445099
445030
445020
445020
445003
444988
444919
444904
444889
444843
444833
444832
444816
444776
444765
444765
444749
444738
444709
444706
444683
444605
444581
444550
444511
444454
444446
444438
444436
444421
444420
444415
444412
444401
444384
444373
444368
444356
444353
444324
444306
444304
444280
444277
444264
444216
444214
444200
444170
444127
444112
444102
444088
444085
444068
444067
444043
444023
444007
443986
443984
443959
443958
443947
443935
443900
443878
443803
443803
443780
443757
443736
443722
443687
443633
443612
443601
443598
443569
443550
443549
443530
443480
443427
443404
443395
443386
443384
443371
443348
443296
443269
443269
443247
443202
443182
443151
443079
443049
443045
443039
443037
443029
442972
442961
442912
442882
442868
442832
442810
442766
442732
442720
442710
442660
442640
442631
442616
442611
442591
442575
442539
442534
442498
442458
442451
442441
442441
442420
442412
442369
442362
442334
442271
442226
442202
442185
442181
442176
442158
442123
442121
442085
442055
442047
442046
442033
442009
442004
442003
442002
441969
441954
441936
441907
441907
441892
441870
441849
441846
441833
441740
441736
441721
441696
441671
441670
441663
441657
441619
441600
441579
441562
441558
441549
441526
441511
441496
441463
441456
441451
441334
441297
441265
441265
441257
441224
441217
441215
441190
441164
441162
441157
441149
441144
441107
441078
441048
441040
441036
441001
440982
440967
440951
440943
440918
440912
440901
440878
440831
440792
440789
440775
440732
440721
440704
440703
440696
440684
440680
440626
440597
440539
440524
440495
440481
440480
440479
440473
440462
440433
440433
440415
440361
440328
440314
440284
440278
440244
440232
440194
440163
440145
440132
440114
440072
440064
440053
440038
440036
440033
439992
439973
439970
439901
439885
439871
439833
439818
439797
439789
439722
439676
439671
439669
439653
439642
439640
439633
439572
439544
439543
439537
439537
439525
439517
439504
439496
439483
439475
439469
439450
439374
439367
439329
439327
439287
439275
439270
439260
439252
439212
439206
439192
439183
439178
439176
439149
439134
439109
439082
439052
439040
439035
439027
439014
438993
438992
438983
438948
438921
438914
438913
438913
438910
438907
438880
438861
438776
438758
438746
438735
438717
438709
438685
438673
438667
438658
438624
438592
438569
438519
438517
438508
438477
438474
438464
438449
438426
438424
438393
438391
438368
438325
438321
438321
438282
438280
438279
438263
438260
438256
438249
438221
438203
438176
438163
438161
438148
438139
438050
438044
438041
438012
437997
437988
437983
437972
437956
437824
437822
437820
437811
437792
437787
437728
437684
437679
437647
437643
437638
437605
437601
437538
437530
437515
437477
437452
437427
437427
437397
437358
437354
437334
437322
437310
437211
437199
437157
437057
437023
437020
436988
436967
436951
436930
436912
436852
436838
436809
436801
436788
436777
436771
436762
436760
436756
436728
436713
436692
436684
436679
436669
436659
436652
436642
436640
436627
436570
436559
436550
436501
436495
436481
436465
436460
436458
436424
436419
436414
436401
436355
436346
436335
436334
436323
436317
436306
436285
436252
436157
436120
436103
436086
436041
436036
436032
435990
435981
435966
435957
435908
435868
435867
435849
435820
435795
435788
435785
435779
435778
435712
435697
435692
435688
435674
435666
435649
435647
435634
435602
435509
435508
435478
435468
435408
435403
435391
435388
435384
435352
435346
435342
435328
435323
435311
435294
435278
435272
435261
435249
435215
435188
435187
435152
435116
435105
435095
435095
435089
435077
435040
435022
434965
434960
434950
434922
434907
434884
434873
434817
434816
434813
434780
434755
434734
434729
434728
434725
434719
434718
434702
434623
434571
434552
434544
434532
434529
434528
434504
434457
434417
434405
434402
434398
434378
434378
434312
434305
434303
434297
434296
434285
434269
434255
434252
434223
434222
434203
434197
434177
434169
434168
434096
434071
434037
433975
433970
433963
433957
433940
433901
433899
433884
433884
433838
433826
433822
433813
433804
433787
433757
433728
433728
433722
433718
433710
433705
433703
433682
433565
433543
433528
433511
433478
433397
433312
433310
433306
433286
433199
433185
433168
433140
433101
433100
433044
433021
433017
432967
432926
432924
432919
432915
432915
432907
432896
432875
432850
432832
432824
432819
432807
432778
432773
432747
432740
432680
432628
432616
432586
432578
432541
432538
432500
432498
432485
432477
432467
432456
432453
432440
432416
432360
432345
432338
432306
432292
432268
432245
432233
432230
432217
432199
432173
432170
432150
432071
432063
432039
432027
432012
432002
432000
431940
431937
431849
431849
431822
431786
431764
431753
431711
431707
431704
431695
431689
431672
431640
431625
431618
431602
431598
431571
431555
431535
431532
431529
431517
431455
431453
431443
431433
431413
431384
431381
431373
431348
431320
431308
431297
431279
431278
431274
431271
431254
431242
431237
431236
431223
431221
431217
431209
431181
431178
431166
431153
431075
431053
431050
431038
431025
431012
431004
430991
430972
430968
430959
430951
430927
430913
430912
430879
430857
430774
430751
430700
430700
430689
430675
430666
430660
430653
430640
430637
430636
430607
430571
430557
430534
430513
430508
430500
430491
430470
430446
430436
430422
430390
430380
430351
430330
430234
430223
430215
430198
430194
430192
430164
430098
430095
430025
430019
429983
429953
429902
429848
429830
429824
429813
429805
429799
429797
429786
429763
429718
429711
429702
429657
429653
429653
429650
429607
429598
429594
429587
429581
429555
429538
429531
429511
429486
429473
429465
429264
429259
429222
429172
429161
429128
429085
429059
429021
429006
428984
428982
428959
428956
428945
428920
428871
428795
428785
428770
428742
428737
428706
428681
428674
428654
428610
428592
428585
428582
428559
428546
428543
428498
428491
428490
428470
428437
428416
428361
428354
428308
428274
428221
428205
428204
428191
428173
428165
428163
428162
428146
428145
428141
428140
428113
428109
428102
428078
428056
428045
428037
428023
428020
428003
427956
427953
427925
427865
427846
427839
427839
427834
427806
427754
427721
427710
427685
427684
427683
427681
427676
427655
427650
427645
427566
427548
427546
427511
427493
427486
427481
427479
427467
427455
427417
427372
427351
427327
427314
427260
427240
427237
427231
427191
427184
427179
427160
427160
427144
427138
427130
427111
427087
427011
427008
426979
426946
426929
426912
426901
426894
426880
426874
426857
426784
426774
426770
426762
426750
426741
426731
426716
426684
426677
426662
426641
426632
426625
426620
426615
426604
426576
426573
426545
426469
426454
426437
426410
426407
426397
426376
426317
426299
426285
426266
426240
426227
426204
426197
426155
426133
426114
426106
426063
426027
426023
426017
425998
425997
425967
425966
425955
425878
425875
425871
425843
425835
425820
425768
425740
425731
425668
425665
425648
425636
425601
425600
425575
425565
425558
425539
425515
425495
425466
425446
425441
425418
425382
425359
425350
425349
425335
425270
425245
425195
425192
425150
425128
425116
425085
425025
425009
424996
424990
424966
424934
424929
424925
424910
424903
424896
424858
424846
424826
424813
424773
424751
424742
424737
424730
424695
424682
424681
424671
424652
424610
424596
424595
424564
424557
424552
424539
424538
424478
424474
424443
424429
424419
424417
424405
424391
424365
424336
424322
424312
424289
424282
424276
424274
424255
424245
424206
424140
424131
424111
424110
424083
424062
424042
424039
424034
424001
423995
423988
423950
423943
423920
423793
423790
423780
423777
423761
423749
423726
423725
423678
423674
423654
423644
423634
423632
423532
423526
423413
423407
423405
423336
423309
423280
423279
423267
423245
423228
423225
423223
423216
423203
423201
423173
423136
423103
423091
423086
423069
423061
422988
422983
422965
422934
422901
422876
422853
422821
422814
422751
422729
422706
422702
422696
422635
422632
422613
422597
422551
422527
422511
422506
422480
422474
422457
422457
422449
422442
422438
422406
422397
422394
422381
422374
422367
422351
422318
422288
422284
422255
422253
422234
422205
422162
422162
422152
422150
422139
422042
422040
422012
421988
421981
421978
421977
421972
421969
421934
421932
421913
421882
421874
421870
421836
421826
421805
421792
421781
421762
421749
421742
421673
421649
421623
421618
421581
421571
421555
421547
421520
421513
421493
421467
421467
421460
421418
421415
421405
421384
421359
421358
421346
421331
421323
421261
421220
421219
421211
421200
421146
421128
421108
421100
421091
421089
421086
421028
421005
420997
420984
420976
420942
420930
420916
420909
420905
420897
420879
420875
420862
420853
420814
420790
420785
420755
420748
420730
420672
420655
420648
420637
420624
420623
420597
420582
420540
420536
420519
420501
420451
420426
420418
420410
420388
420369
420358
420346
420304
420296
420287
420278
420212
420176
420152
420141
420123
420102
420098
420097
420089
420085
420048
420046
420045
420021
420018
420011
419967
419954
419922
419922
419910
419896
419853
419845
419823
419815
419809
419798
419789
419786
419785
419765
419761
419754
419748
419734
419712
419698
419682
419630
419613
419591
419527
419522
419498
419496
419467
419456
419428
419392
419348
419341
419337
419333
419321
419307
419288
419266
419236
419215
419215
419208
419194
419170
419152
419142
419137
419134
419125
419118
419102
419082
419073
419033
419031
419023
419014
419007
419002
418961
418952
418941
418934
418837
418825
418758
418739
418727
418723
418720
418699
418676
418644
418636
418601
418584
418498
418491
418483
418456
418453
418450
418438
418413
418391
418340
418286
418276
418247
418220
418179
418155
418112
418109
418051
418046
418043
418033
418028
417996
417992
417973
417973
417959
417958
417938
417934
417925
417908
417895
417880
417835
417827
417805
417779
417776
417768
417763
417711
417708
417703
417699
417674
417670
417639
417574
417553
417505
417497
417486
417483
417480
417470
417461
417457
417454
417452
417440
417397
417384
417373
417359
417339
417331
417296
417166
417143
417142
417116
417115
417086
417073
417031
417026
417022
417003
416996
416974
416968
416931
416930
416924
416921
416911
416902
416895
416880
416860
416856
416851
416798
416773
416767
416761
416756
416755
416750
416740
416727
416648
416638
416621
416596
416594
416559
416541
416540
416529
416528
416524
416520
416518
416471
416470
416432
416429
416427
416421
416389
416385
416304
416303
416289
416279
416259
416231
416186
416168
416165
416143
416142
416129
416096
416047
416029
416029
416028
416006
416004
415964
415963
415962
415949
415923
415918
415901
415891
415891
415891
415877
415801
415798
415761
415761
415733
415731
415714
415696
415632
415593
415588
415570
415552
415546
415479
415449
415384
415370
415332
415317
415307
415301
415296
415283
415248
415234
415197
415167
415113
415088
415040
415003
414998
414978
414975
414968
414956
414915
414915
414903
414901
414878
414866
414847
414798
414786
414771
414754
414752
414719
414718
414716
414714
414703
414702
414691
414691
414686
414672
414642
414638
414614
414603
414577
414576
414573
414569
414558
414516
414494
414480
414446
414431
414423
414420
414420
414419
414402
414390
414375
414351
414348
414341
414339
414326
414320
414313
414307
414303
414301
414291
414275
414273
414247
414203
414182
414130
414116
414106
414081
414061
414059
414039
414024
414005
413999
413960
413957
413933
413897
413891
413883
413855
413815
413805
413780
413779
413768
413740
413723
413711
413709
413688
413683
413646
413605
413556
413509
413490
413471
413465
413460
413450
413446
413440
413433
413408
413401
413370
413366
413353
413345
413337
413329
413310
413308
413239
413234
413229
413088
413073
413062
413002
412989
412910
412896
412847
412846
412811
412803
412776
412762
412761
412760
412757
412732
412729
412687
412658
412640
412621
412582
412539
412532
412499
412495
412486
412484
412460
412457
412439
412430
412403
412402
412375
412372
412347
412334
412294
412258
412256
412254
412243
412229
412210
412188
412182
412182
412144
412125
412067
412056
412000
411998
411974
411924
411894
411891
411889
411878
411846
411844
411843
411813
411787
411761
411729
411728
411727
411719
411702
411701
411700
411688
411684
411675
411625
411616
411597
411588
411584
411577
411517
411506
411505
411500
411488
411472
411409
411403
411383
411352
411334
411320
411310
411292
411271
411229
411212
411202
411184
411176
411155
411122
411120
411071
411050
411047
411044
411042
411038
411032
411016
410983
410981
410963
410963
410963
410893
410893
410871
410871
410868
410852
410839
410807
410787
410756
410754
410745
410698
410685
410680
410677
410655
410607
410587
410573
410557
410518
410512
410507
410491
410480
410456
410447
410380
410341
410325
410289
410282
410263
410263
410255
410222
410207
410175
410084
410031
410000
409986
409916
409910
409889
409864
409853
409831
409812
409787
409782
409743
409740
409732
409710
409710
409708
409689
409689
409680
409674
409667
409642
409640
409561
409545
409534
409534
409474
409450
409433
409424
409342
409339
409334
409333
409307
409306
409304
409289
409279
409278
409273
409242
409232
409219
409200
409160
409149
409142
409138
409132
409079
409050
409049
409023
409022
408978
408972
408970
408943
408943
408894
408871
408841
408832
408822
408810
408773
408746
408730
408715
408708
408678
408667
408665
408663
408640
408594
408587
408569
408563
408550
408543
408515
408513
408494
408476
408438
408432
408425
408425
408372
408351
408331
408329
408223
408211
408208
408194
408186
408154
408093
408072
408042
408037
408026
408012
408011
408005
408005
407977
407965
407935
407924
407862
407854
407847
407787
407778
407772
407716
407710
407693
407650
407649
407640
407632
407628
407627
407627
407627
407624
407601
407595
407530
407518
407511
407494
407488
407475
407459
407425
407420
407392
407344
407326
407319
407318
407316
407312
407309
407308
407296
407292
407290
407274
407256
407241
407169
407142
407121
407114
407102
407096
407090
407074
407064
407025
407018
406977
406976
406964
406955
406953
406928
406925
406854
406847
406846
406844
406834
406828
406752
406749
406723
406681
406665
406662
406653
406607
406602
406579
406563
406543
406532
406513
406457
406443
406435
406432
406426
406426
406424
406409
406390
406351
406341
406328
406310
406307
406248
406247
406196
406154
406139
406092
406085
406077
406063
406054
406035
406020
405962
405943
405938
405915
405797
405786
405781
405766
405765
405751
405732
405722
405722
405713
405710
405708
405685
405684
405683
405682
405641
405595
405547
405478
405476
405458
405433
405424
405412
405400
405378
405339
405312
405287
405281
405176
405128
405123
405109
405089
405087
405066
405040
405014
405014
404990
404939
404922
404903
404879
404838
404820
404797
404795
404767
404744
404744
404738
404723
404719
404703
404610
404579
404533
404531
404522
404515
404495
404470
404453
404435
404428
404423
404407
404396
404344
404334
404330
404286
404198
404181
404164
404062
404055
404036
404032
403975
403972
403926
403855
403855
403834
403831
403828
403826
403788
403733
403719
403713
403687
403633
403620
403583
403578
403562
403518
403517
403510
403408
403399
403393
403389
403372
403370
403330
403310
403309
403299
403298
403297
403249
403243
403227
403219
403217
403192
403185
403179
403145
403136
403129
403121
403083
403082
403046
402950
402928
402917
402884
402884
402869
402867
402864
402855
402841
402823
402798
402773
402765
402681
402679
402657
402656
402643
402641
402627
402626
402543
402515
402503
402487
402485
402482
402478
402464
402457
402429
402376
402373
402364
402358
402330
402286
402284
402260
402257
402234
402197
402182
402138
402130
402082
402052
402046
402007
402006
401997
401979
401977
401960
401958
401945
401867
401862
401820
401766
401761
401745
401742
401738
401725
401710
401658
401647
401639
401612
401568
401556
401551
401541
401477
401427
401415
401411
401402
401386
401353
401350
401325
401320
401310
401307
401256
401236
401230
401229
401217
401194
401171
401148
401148
401128
401121
401109
401108
401102
401080
401047
401029
400994
400989
400977
400965
400939
400935
400922
400906
400898
400893
400886
400876
400845
400817
400815
400801
400785
400763
400730
400719
400710
400702
400673
400671
400644
400619
400613
400551
400507
400500
400362
400316
400313
400308
400305
400256
400246
400245
400227
400223
400179
400172
400155
400132
400100
400076
400001
399940
399922
399916
399800
399778
399760
399754
399709
399702
399683
399683
399676
399669
399634
399627
399620
399587
399579
399578
399574
399564
399559
399541
399512
399507
399499
399487
399463
399453
399443
399396
399380
399319
399234
399218
399209
399208
399178
399149
399111
399110
399105
399104
399102
399092
399081
399065
399062
399046
399030
398992
398991
398939
398935
398862
398846
398846
398833
398816
398813
398796
398761
398759
398759
398724
398708
398658
398610
398583
398571
398558
398545
398533
398504
398495
398447
398410
398410
398379
398357
398224
398213
398212
398149
398141
398133
398116
398074
398056
398038
398029
398018
398010
397985
397983
397972
397967
397940
397917
397902
397890
397890
397878
397867
397866
397837
397815
397757
397756
397740
397739
397704
397703
397687
397678
397658
397655
397639
397634
397613
397568
397559
397522
397515
397512
397499
397460
397448
397435
397420
397404
397383
397379
397374
397355
397340
397284
397248
397235
397235
397209
397198
397174
397159
397129
397123
397117
397106
397093
397066
397064
397063
397047
397035
397014
396965
396944
396923
396918
396899
396895
396880
396879
396843
396805
396756
396702
396695
396673
396668
396632
396629
396598
396563
396558
396554
396551
396524
396448
396445
396421
396415
396413
396401
396386
396377
396368
396366
396335
396317
396309
396253
396251
396237
396235
396200
396190
396125
396089
396088
396027
396020
396002
395997
395977
395963
395861
395849
395844
395836
395830
395810
395807
395778
395707
395705
395660
395647
395562
395557
395547
395528
395484
395450
395434
395421
395411
395408
395406
395404
395390
395384
395337
395330
395272
395251
395187
395159
395158
395156
395152
395133
395127
395113
395105
395101
395099
395090
395046
394985
394948
394941
394933
394865
394830
394829
394823
394809
394808
394807
394775
394740
394735
394704
394693
394672
394660
394635
394620
394599
394593
394589
394539
394536
394517
394513
394504
394492
394477
394466
394456
394452
394443
394440
394407
394398
394369
394352
394351
394332
394271
394242
394226
394219
394158
394144
394135
394129
394127
394110
394103
394101
394087
394070
394062
394042
393955
393952
393912
393893
393853
393851
393846
393830
393828
393807
393806
393801
393767
393741
393682
393665
393657
393652
393641
393628
393559
393540
393501
393480
393463
393423
393413
393407
393398
393392
393386
393375
393352
393295
393245
393228
393208
393207
393206
393197
393180
393117
393104
393061
393054
392996
392989
392947
392944
392938
392928
392916
392904
392896
392739
392726
392725
392671
392649
392642
392609
392544
392486
392477
392469
392458
392453
392443
392384
392381
392379
392377
392376
392360
392301
392292
392282
392257
392254
392253
392198
392153
392149
392129
392110
392104
392050
392019
392017
392001
391956
391931
391928
391926
391912
391883
391877
391856
391847
391834
391804
391737
391709
391684
391674
391662
391628
391610
391607
391603
391600
391598
391591
391589
391585
391556
391536
391527
391493
391487
391460
391456
391426
391422
391422
391416
391324
391304
391212
391209
391199
391187
391173
391161
391161
391158
391153
391142
391097
391090
391083
391064
391056
391047
391027
391016
390973
390949
390932
390932
390930
390914
390913
390896
390873
390868
390838
390813
390788
390780
390773
390768
390706
390698
390658
390645
390631
390602
390599
390569
390561
390556
390481
390477
390475
390419
390396
390328
390325
390293
390275
390253
390222
390206
390197
390183
390177
390177
390170
390162
390153
390129
390100
390089
390063
390030
390024
390016
390003
389985
389974
389971
389914
389893
389872
389843
389820
389774
389772
389737
389711
389705
389671
389655
389638
389636
389605
389590
389572
389567
389536
389489
389468
389450
389447
389417
389340
389317
389305
389288
389267
389254
389241
389240
389234
389230
389184
389170
389111
389099
389097
389065
389016
389016
389007
388990
388910
388902
388873
388869
388807
388801
388770
388763
388745
388741
388706
388683
388678
388660
388652
388620
388614
388612
388556
388551
388549
388549
388488
388477
388474
388459
388434
388413
388397
388372
388246
388242
388211
388209
388205
388197
388193
388178
388110
388074
388063
388048
388037
388006
387988
387987
387979
387978
387945
387938
387937
387910
387906
387892
387888
387750
387734
387732
387721
387716
387694
387679
387673
387662
387638
387624
387616
387616
387613
387603
387601
387575
387569
387568
387560
387522
387489
387489
387456
387411
387407
387406
387369
387358
387349
387327
387313
387264
387196
387189
387186
387154
387133
387120
387119
387081
387081
387076
386996
386992
386979
386979
386957
386949
386938
386910
386902
386882
386872
386870
386825
386823
386818
386805
386791
386779
386754
386728
386710
386702
386701
386699
386678
386675
386665
386583
386579
386570
386567
386565
386563
386511
386493
386445
386423
386418
386413
386401
386400
386398
386390
386387
386376
386336
386292
386262
386260
386212
386163
386138
386128
386109
386109
386095
386033
386016
386014
386009
386005
385978
385957
385945
385913
385911
385883
385873
385851
385827
385813
385812
385721
385720
385707
385702
385699
385696
385686
385667
385664
385655
385654
385649
385642
385618
385618
385607
385593
385566
385541
385512
385492
385480
385366
385360
385349
385337
385337
385333
385308
385290
385267
385248
385246
385235
385234
385223
385222
385213
385155
385117
385100
385097
385042
385042
384997
384980
384964
384938
384898
384850
384819
384731
384696
384670
384650
384629
384625
384606
384587
384518
384513
384497
384491
384488
384455
384397
384378
384358
384246
384212
384169
384166
384147
384118
384109
384105
384104
384079
384039
384034
384033
384033
384023
384008
384007
383973
383966
383960
383946
383936
383923
383921
383899
383893
383882
383782
383744
383725
383703
383699
383683
383664
383627
383626
383595
383582
383531
383511
383469
383404
383388
383388
383379
383356
383332
383306
383292
383265
383251
383200
383188
383158
383139
383133
383113
383106
383092
383071
383067
383041
383038
383003
382940
382920
382903
382901
382858
382848
382829
382756
382716
382711
382703
382681
382679
382673
382673
382672
382667
382666
382604
382576
382552
382526
382505
382502
382501
382498
382495
382470
382414
382411
382301
382264
382261
382235
382235
382227
382224
382201
382199
382196
382146
382145
382145
382140
382118
381923
381919
381892
381864
381852
381851
381844
381827
381770
381755
381729
381708
381698
381672
381671
381659
381650
381609
381602
381559
381557
381550
381544
381535
381534
381520
381487
381479
381474
381452
381449
381440
381438
381437
381429
381427
381401
381400
381385
381360
381277
381258
381254
381236
381227
381210
381189
381188
381149
381071
381063
381056
381052
381004
380959
380958
380948
380918
380876
380856
380845
380839
380830
380820
380803
380800
380733
380724
380713
380707
380661
380657
380655
380654
380630
380616
380590
380582
380575
380523
380462
380436
380416
380409
380385
380352
380340
380296
380276
380271
380265
380256
380199
380191
380135
380121
380051
380046
380042
380025
380004
380002
379959
379933
379913
379857
379854
379853
379852
379851
379817
379802
379775
379749
379735
379729
379671
379630
379604
379444
379439
379426
379418
379403
379401
379396
379329
379309
379300
379274
379237
379233
379220
379212
379205
379203
379160
379141
379105
379101
379093
379090
379084
379065
379044
379035
379030
379001
378995
378994
378992
378979
378964
378950
378940
378939
378889
378888
378880
378853
378836
378780
378771
378740
378721
378716
378703
378699
378687
378681
378674
378656
378586
378585
378548
378529
378492
378486
378480
378449
378440
378394
378388
378365
378362
378350
378350
378346
378328
378296
378268
378243
378212
378207
378204
378182
378161
378153
378133
378118
378117
378090
378089
378068
378059
378037
378030
378003
377992
377981
377964
377920
377822
377807
377757
377751
377727
377707
377706
377608
377605
377600
377597
377556
377551
377550
377544
377539
377518
377500
377493
377479
377477
377438
377429
377418
377400
377399
377376
377371
377305
377303
377301
377286
377278
377236
377225
377205
377204
377143
377136
377103
377101
377081
377044
376931
376897
376878
376867
376848
376837
376805
376762
376760
376753
376748
376724
376704
376673
376640
376634
376618
376613
376604
376594
376584
376578
376560
376537
376482
376433
376368
376359
376342
376298
376291
376280
376271
376267
376261
376260
376244
376232
376216
376194
376177
376142
376111
376085
376072
376072
376067
376036
376011
375992
375992
375987
375972
375969
375965
375963
375923
375913
375905
375894
375867
375864
375837
375836
375821
375791
375789
375785
375779
375739
375728
375706
375706
375693
375649
375648
375635
375627
375627
375625
375597
375593
375581
375573
375563
375526
375524
375500
375481
375480
375437
375419
375415
375400
375386
375345
375308
375304
375291
375256
375255
375221
375218
375213
375200
375172
375129
375089
375077
375038
374983
374964
374955
374911
374906
374864
374863
374860
374859
374856
374774
374772
374759
374755
374690
374680
374673
374660
374653
374644
374615
374611
374600
374596
374576
374563
374553
374550
374545
374533
374529
374506
374468
374468
374440
374424
374408
374399
374312
374310
374288
374272
374246
374228
374175
374163
374154
374125
374095
374075
374063
374032
374029
373997
373939
373895
373876
373868
373817
373815
373718
373714
373698
373691
373684
373671
373655
373553
373549
373536
373486
373478
373476
373467
373453
373450
373436
373329
373307
373293
373289
373232
373219
373215
373213
373175
373143
373132
373093
373083
373081
373079
373078
373025
372997
372994
372968
372955
372951
372939
372914
372914
372862
372862
372859
372831
372798
372766
372724
372720
372707
372705
372695
372694
372679
372665
372664
372641
372614
372607
372584
372580
372550
372541
372526
372506
372497
372497
372496
372386
372382
372365
372355
372342
372311
372293
372257
372245
372194
372140
372138
372133
372119
372097
372059
372056
372039
372034
372033
372013
371986
371934
371928
371926
371889
371889
371861
371858
371855
371848
371845
371844
371834
371828
371817
371815
371801
371788
371783
371680
371644
371626
371622
371585
371575
371560
371543
371541
371528
371526
371516
371505
371493
371490
371486
371464
371456
371434
371384
371358
371338
371330
371305
371295
371290
371261
371260
371254
371228
371190
371154
371119
371111
371110
371098
371079
371068
371046
371046
371033
371022
370976
370960
370931
370900
370885
370846
370830
370816
370792
370764
370763
370723
370716
370713
370711
370702
370697
370694
370626
370621
370614
370564
370555
370543
370528
370528
370487
370480
370480
370472
370465
370462
370440
370414
370397
370377
370372
370372
370302
370271
370250
370249
370235
370225
370217
370120
370075
370059
370051
370038
369974
369956
369855
369851
369805
369767
369758
369757
369752
369728
369722
369716
369684
369671
369663
369656
369655
369614
369602
369540
369521
369519
369506
369476
369474
369456
369357
369336
369325
369294
369265
369214
369208
369194
369141
369137
369086
369055
368995
368920
368887
368885
368867
368847
368841
368832
368831
368818
368764
368757
368749
368746
368733
368711
368703
368698
368684
368669
368572
368547
368544
368528
368527
368522
368504
368470
368470
368448
368423
368346
368338
368321
368320
368307
368304
368177
368167
368124
368082
368077
368063
368014
367999
367998
367974
367974
367973
367955
367936
367934
367879
367866
367856
367828
367821
367814
367809
367805
367761
367754
367721
367703
367703
367701
367638
367575
367560
367545
367542
367518
367514
367493
367488
367462
367458
367335
367331
367328
367298
367270
367252
367241
367203
367167
367153
367098
367080
367077
367053
367009
366998
366935
366922
366922
366915
366902
366895
366895
366887
366881
366880
366851
366829
366818
366813
366811
366798
366782
366779
366773
366769
366758
366753
366744
366709
366684
366582
366507
366463
366463
366459
366398
366390
366374
366337
366335
366316
366302
366300
366299
366273
366273
366251
366247
366245
366212
366168
366165
366164
366157
366146
366118
366077
366067
366064
366055
366054
366034
366014
366009
365988
365964
365948
365925
365924
365923
365872
365853
365852
365847
365844
365804
365800
365751
365745
365733
365717
365692
365682
365615
365612
365607
365587
365525
365517
365516
365509
365498
365498
365401
365338
365335
365273
365273
365263
365252
365246
365239
365227
365208
365208
365132
365130
365129
365097
365076
365052
365047
364952
364938
364893
364889
364885
364882
364855
364807
364807
364803
364765
364755
364751
364750
364722
364666
364605
364595
364590
364586
364583
364583
364555
364553
364495
364481
364441
364432
364398
364397
364347
364343
364342
364339
364308
364306
364304
364297
364293
364292
364290
364256
364246
364210
364198
364187
364151
364143
364143
364135
364118
364113
364096
364067
364061
364054
364023
364016
363998
363996
363987
363961
363952
363946
363940
363914
363903
363874
363870
363849
363847
363846
363827
363822
363821
363800
363699
363686
363680
363673
363652
363600
363593
363570
363551
363506
363503
363488
363351
363338
363290
363232
363224
363207
363196
363191
363188
363179
363164
363128
363074
363030
363028
363026
362968
362966
362962
362950
362948
362914
362899
362887
362877
362865
362857
362855
362829
362777
362765
362737
362701
362661
362639
362626
362607
362599
362579
362541
362513
362492
362484
362477
362471
362460
362451
362438
362435
362422
362406
362405
362366
362357
362336
362325
362320
362315
362283
362277
362276
362244
362233
362222
362214
362205
362193
362183
362177
362168
362161
362130
362106
362098
362088
362057
362053
362035
361966
361955
361953
361948
361937
361928
361915
361813
361786
361779
361698
361694
361685
361683
361676
361674
361666
361655
361643
361614
361611
361571
361559
361544
361541
361526
361473
361400
361374
361324
361296
361284
361228
361207
361194
361149
361148
361122
361086
361065
361028
361027
361020
360961
360956
360900
360892
360833
360826
360817
360776
360764
360760
360743
360742
360704
360663
360655
360648
360640
360638
360636
360594
360592
360569
360567
360567
360556
360542
360486
360478
360476
360373
360368
360352
360314
360293
360288
360278
360271
360238
360223
360215
360167
360165
360150
360145
360125
360122
360118
360076
360072
360070
360050
360048
360021
360013
359981
359955
359949
359934
359913
359881
359862
359845
359810
359767
359750
359745
359718
359695
359678
359673
359589
359558
359558
359549
359546
359532
359497
359483
359476
359449
359420
359348
359340
359250
359238
359235
359229
359228
359223
359194
359178
359178
359151
359139
359122
359120
359113
359106
359106
359089
359076
359075
359065
359049
358996
358990
358955
358944
358942
358923
358912
358873
358851
358822
358799
358752
358730
358726
358703
358659
358612
358584
358560
358551
358527
358520
358506
358485
358417
358402
358401
358390
358384
358383
358372
358364
358359
358349
358333
358321
358316
358314
358304
358258
358195
358193
358174
358150
358146
358069
358066
358048
358029
357983
357966
357953
357945
357940
357937
357915
357910
357892
357884
357880
357878
357849
357843
357843
357837
357829
357809
357794
357792
357786
357769
357760
357736
357725
357694
357676
357656
357646
357602
357572
357565
357514
357502
357492
357489
357449
357432
357363
357305
357295
357279
357263
357235
357233
357232
357229
357206
357169
357165
357164
357151
357131
357124
357093
357089
357016
356965
356947
356923
356889
356878
356873
356859
356826
356779
356754
356749
356748
356728
356693
356688
356654
356628
356574
356570
356551
356513
356479
356450
356435
356424
356420
356412
356358
356300
356286
356203
356191
356148
356146
356141
356134
356085
356039
356015
355987
355972
355959
355958
355954
355949
355907
355898
355893
355849
355836
355835
355833
355809
355796
355791
355788
355726
355721
355695
355680
355678
355651
355612
355541
355519
355441
355436
355434
355416
355386
355382
355358
355351
355332
355324
355277
355226
355217
355214
355204
355192
355181
355167
355159
355134
355134
355117
355043
355026
355019
355018
355001
354964
354950
354940
354938
354934
354932
354918
354918
354884
354874
354872
354828
354824
354822
354820
354808
354787
354749
354719
354711
354667
354664
354662
354649
354636
354614
354571
354546
354498
354459
354434
354423
354415
354408
354391
354375
354339
354270
354270
354258
354252
354231
354223
354154
354149
354134
354112
354064
354037
354014
354007
353942
353939
353928
353905
353904
353896
353883
353877
353862
353858
353846
353841
353836
353812
353764
353745
353721
353720
353703
353697
353649
353593
353588
353588
353564
353494
353475
353416
353346
353302
353265
353228
353195
353165
353105
353098
353063
353052
352971
352964
352914
352899
352898
352883
352876
352875
352838
352825
352803
352784
352761
352756
352734
352730
352702
352686
352653
352645
352616
352549
352478
352471
352468
352461
352449
352449
352446
352438
352436
352415
352350
352346
352302
352296
352274
352246
352221
352216
352172
352168
352157
352099
352065
352060
352032
352017
352016
351985
351933
351929
351921
351907
351902
351893
351870
351801
351796
351794
351793
351768
351757
351745
351715
351709
351703
351687
351629
351585
351573
351555
351534
351518
351496
351483
351461
351458
351410
351398
351374
351361
351343
351340
351337
351337
351291
351281
351278
351275
351256
351244
351237
351219
351207
351170
351112
351105
351088
351083
351066
351063
351021
350984
350968
350956
350947
350944
350921
350906
350905
350895
350888
350887
350816
350806
350792
350789
350781
350753
350731
350690
350659
350617
350583
350528
350498
350488
350481
350481
350464
350452
350337
350324
350319
350298
350294
350290
350288
350258
350241
350221
350164
350163
350157
350148
350142
350129
350111
350103
350091
350064
350053
350030
350019
350018
349998
349996
349986
349978
349963
349960
349957
349956
349953
349952
349937
349935
349881
349844
349834
349815
349806
349801
349800
349772
349768
349759
349747
349739
349703
349687
349677
349659
349652
349647
349629
349623
349622
349614
349575
349531
349498
349471
349396
349386
349340
349331
349309
349259
349257
349213
349120
349077
349055
349021
349016
348998
348978
348928
348905
348902
348874
348872
348871
348809
348783
348748
348712
348704
348690
348683
348659
348650
348647
348597
348583
348559
348530
348523
348521
348491
348481
348473
348469
348445
348431
348417
348412
348389
348375
348370
348330
348299
348293
348290
348271
348260
348246
348235
348221
348195
348191
348187
348179
348154
348100
348064
348029
347963
347958
347946
347933
347917
347895
347888
347880
347880
347873
347849
347810
347780
347756
347686
347659
347631
347624
347623
347608
347605
347588
347557
347549
347540
347535
347528
347504
347496
347482
347434
347426
347405
347401
347397
347396
347393
347356
347355
347329
347309
347289
347289
347284
347274
347260
347258
347257
347200
347189
347180
347178
347145
347107
347071
347070
347059
347042
347000
346991
346984
346976
346969
346924
346880
346860
346848
346843
346806
346792
346773
346757
346735
346713
346702
346691
346681
346649
346642
346638
346610
346577
346519
346478
346469
346457
346434
346432
346373
346263
346256
346214
346199
346194
346187
346166
346156
346137
346130
346116
346108
346102
346091
346061
346035
346015
345974
345940
345932
345875
345829
345815
345725
345722
345664
345647
345637
345613
345591
345581
345576
345550
345549
345501
345499
345489
345454
345453
345408
345390
345375
345375
345368
345349
345325
345282
345282
345270
345249
345247
345233
345203
345202
345191
345184
345178
345137
345100
345095
345078
345063
345045
345030
345012
344997
344988
344971
344969
344920
344916
344893
344703
344665
344609
344553
344542
344527
344524
344504
344498
344438
344428
344419
344406
344401
344387
344380
344368
344349
344294
344285
344255
344242
344235
344202
344178
344176
344146
344122
344077
344071
344071
344050
344046
344043
344034
344033
344013
343998
343981
343956
343953
343953
343948
343942
343934
343905
343896
343895
343884
343854
343849
343795
343792
343780
343751
343748
343716
343714
343700
343697
343692
343682
343681
343667
343662
343662
343656
343638
343596
343590
343549
343539
343516
343469
343445
343441
343438
343436
343393
343387
343383
343365
343365
343312
343280
343269
343242
343232
343222
343180
343164
343163
343145
343145
343141
343120
343107
343093
343083
343047
342958
342935
342892
342849
342846
342803
342796
342785
342781
342777
342766
342701
342673
342673
342668
342658
342658
342586
342544
342539
342484
342474
342467
342408
342371
342335
342335
342318
342243
342208
342199
342160
342159
342131
342095
342091
342078
342034
341962
341959
341915
341909
341861
341849
341841
341837
341835
341826
341814
341791
341727
341684
341682
341682
341669
341626
341610
341601
341544
341529
341520
341520
341510
341481
341480
341476
341464
341449
341449
341440
341410
341406
341350
341345
341344
341328
341277
341271
341233
341204
341186
341175
341165
341161
341146
341143
341140
341112
341103
341059
341026
340981
340950
340942
340940
340897
340867
340861
340844
340837
340796
340730
340720
340657
340631
340631
340622
340619
340582
340571
340559
340520
340512
340460
340423
340386
340351
340345
340316
340306
340288
340288
340285
340262
340257
340234
340230
340177
340141
340114
340094
340072
340063
340062
340043
340008
339986
339959
339933
339920
339891
339890
339870
339869
339860
339819
339797
339779
339778
339777
339777
339768
339760
339707
339685
339685
339670
339669
339663
339650
339640
339623
339593
339559
339525
339522
339519
339508
339503
339497
339488
339478
339430
339386
339324
339322
339300
339287
339286
339267
339267
339248
339239
339214
339169
339109
339082
339037
338944
338893
338854
338834
338832
338805
338768
338755
338727
338721
338720
338719
338689
338668
338634
338625
338624
338593
338570
338470
338463
338421
338381
338376
338375
338340
338310
338296
338286
338285
338168
338164
338157
338098
338080
338076
338074
338038
338004
337990
337978
337978
337973
337959
337941
337934
337930
337921
337919
337919
337919
337914
337893
337827
337814
337798
337794
337722
337692
337690
337628
337613
337593
337575
337563
337538
337535
337500
337491
337469
337463
337444
337432
337429
337421
337406
337398
337377
337375
337357
337345
337340
337338
337328
337308
337284
337280
337278
337261
337254
337187
337124
337105
337075
337055
337054
337031
337030
337029
336968
336965
336954
336908
336871
336852
336846
336843
336837
336804
336797
336768
336744
336694
336691
336653
336626
336592
336558
336552
336547
336547
336509
336508
336477
336457
336449
336423
336366
336359
336294
336284
336198
336189
336158
336126
336110
336094
336094
336081
336079
336069
336039
335990
335989
335989
335923
335885
335803
335792
335752
335733
335724
335708
335706
335674
335673
335659
335637
335619
335576
335571
335553
335519
335464
335423
335416
335409
335399
335356
335327
335318
335240
335230
335224
335207
335196
335181
335179
335152
335151
335149
335149
335058
335038
335036
335031
335024
334992
334960
334867
334853
334848
334835
334783
334724
334709
334705
334659
334659
334519
334518
334518
334497
334474
334438
334434
334417
334380
334298
334296
334260
334250
334217
334191
334187
334185
334181
334165
334164
334161
334158
334146
334146
334115
334054
334037
334022
334014
334000
333969
333967
333954
333936
333935
333917
333915
333861
333838
333819
333799
333790
333782
333778
333761
333759
333754
333751
333749
333744
333726
333723
333721
333714
333712
333687
333684
333659
333650
333642
333631
333599
333583
333522
333517
333507
333499
333499
333484
333351
333341
333339
333327
333320
333278
333274
333262
333251
333250
333249
333244
333213
333174
333165
333131
333130
333112
333079
333063
333062
333054
333053
333041
333030
333019
333018
333014
332998
332991
332976
332970
332953
332913
332907
332866
332862
332856
332830
332828
332825
332804
332766
332707
332682
332672
332637
332631
332631
332619
332602
332561
332557
332556
332539
332528
332520
332518
332516
332504
332455
332452
332435
332360
332314
332279
332259
332240
332218
332216
332187
332177
332162
332149
332144
332142
332109
332104
332075
332056
332052
331995
331992
331954
331942
331937
331928
331924
331908
331838
331816
331809
331772
331735
331720
331667
331664
331663
331652
331634
331620
331581
331546
331390
331385
331366
331352
331339
331318
331314
331304
331300
331277
331266
331240
331230
331192
331187
331183
331182
331182
331181
331162
331132
331104
331098
331055
331036
331036
331031
330951
330945
330933
330928
330916
330909
330893
330835
330817
330816
330792
330768
330754
330733
330730
330705
330686
330679
330670
330597
330581
330578
330567
330559
330504
330487
330486
330469
330434
330403
330384
330358
330348
330343
330343
330323
330291
330284
330265
330244
330239
330152
330147
330125
330089
330074
330063
330058
330052
330001
329986
329975
329966
329965
329959
329930
329925
329890
329884
329841
329824
329821
329809
329792
329775
329758
329755
329726
329700
329665
329653
329623
329590
329571
329564
329562
329556
329548
329540
329525
329499
329409
329404
329375
329342
329332
329313
329288
329284
329238
329226
329215
329197
329167
329106
329056
329007
329000
328959
328956
328934
328923
328882
328860
328859
328841
328840
328830
328806
328797
328790
328776
328762
328749
328671
328622
328614
328591
328564
328492
328478
328430
328412
328352
328303
328302
328300
328283
328264
328229
328219
328197
328197
328196
328168
328141
328111
328106
328070
328058
328048
328037
328022
328001
327999
327990
327982
327946
327943
327912
327898
327850
327842
327819
327814
327808
327803
327799
327750
327749
327741
327732
327632
327632
327631
327629
327613
327601
327581
327581
327570
327567
327542
327520
327511
327503
327474
327462
327432
327361
327361
327337
327247
327235
327226
327206
327155
327147
327126
327104
327098
327077
327075
327061
327055
327046
327044
327026
327002
326983
326967
326950
326934
326916
326904
326889
326866
326811
326790
326776
326752
326729
326657
326657
326627
326621
326565
326563
326546
326541
326540
326528
326523
326508
326494
326480
326470
326469
326410
326410
326407
326398
326343
326336
326310
326298
326285
326242
326210
326198
326197
326185
326183
326162
326100
326083
326067
326062
326037
326034
326032
326024
326008
325982
325950
325923
325920
325910
325898
325845
325818
325816
325778
325776
325771
325769
325733
325649
325597
325590
325590
325583
325559
325530
325523
325483
325464
325432
325398
325389
325379
325370
325343
325322
325312
325309
325302
325301
325295
325286
325272
325258
325258
325200
325191
325189
325160
325130
325126
325088
325085
325084
325075
325049
324985
324963
324952
324926
324909
324900
324851
324827
324806
324798
324790
324781
324778
324777
324682
324672
324670
324645
324644
324609
324606
324599
324581
324534
324518
324479
324468
324450
324425
324422
324416
324384
324365
324333
324314
324308
324308
324307
324299
324243
324239
324215
324213
324207
324118
324064
324050
324023
324011
323994
323974
323969
323948
323914
323913
323903
323899
323891
323877
323875
323858
323850
323773
323756
323747
323718
323687
323647
323638
323621
323602
323597
323582
323576
323563
323559
323547
323510
323510
323492
323483
323410
323398
323270
323225
323225
323195
323156
323127
323122
323095
323092
323089
323045
323045
323021
322991
322959
322953
322927
322905
322897
322861
322841
322829
322783
322727
322715
322709
322689
322678
322656
322641
322638
322598
322586
322578
322562
322516
322511
322500
322484
322429
322424
322383
322358
322331
322310
322296
322284
322281
322253
322240
322238
322162
322124
322123
322062
322036
322031
322013
321996
321982
321920
321913
321909
321894
321892
321842
321830
321828
321816
321807
321769
321752
321742
321711
321704
321565
321564
321563
321554
321529
321528
321506
321483
321480
321448
321427
321416
321404
321401
321373
321361
321355
321347
321270
321253
321233
321226
321167
321110
321105
321079
321069
321067
321063
321057
321047
321022
320977
320975
320962
320954
320944
320941
320935
320923
320915
320892
320881
320852
320840
320834
320811
320806
320783
320782
320779
320779
320766
320752
320741
320712
320711
320642
320635
320630
320616
320614
320605
320578
320533
320527
320517
320515
320508
320504
320478
320470
320467
320455
320448
320424
320408
320403
320398
320395
320353
320347
320326
320313
320297
320257
320234
320202
320182
320175
320169
320149
320144
320126
320106
320103
320098
320054
320054
320041
319967
319956
319914
319904
319854
319846
319818
319818
319802
319757
319694
319617
319564
319555
319498
319493
319476
319471
319471
319454
319443
319441
319437
319391
319390
319387
319378
319372
319370
319370
319358
319271
319224
319198
319197
319183
319182
319177
319159
319156
319111
319091
319069
319049
319044
319022
319013
319009
319009
319006
319003
318910
318825
318825
318795
318794
318776
318773
318755
318747
318712
318677
318644
318600
318573
318559
318552
318529
318512
318507
318503
318495
318487
318471
318469
318469
318420
318383
318367
318319
318239
318236
318221
318177
318175
318162
318142
318111
318099
318087
318077
318066
318045
318031
318024
317997
317993
317978
317973
317970
317958
317950
317920
317902
317899
317893
317887
317868
317867
317829
317812
317798
317761
317687
317677
317663
317650
317637
317591
317587
317573
317554
317540
317533
317518
317496
317493
317492
317474
317457
317454
317439
317433
317428
317374
317371
317369
317362
317354
317306
317254
317249
317241
317234
317226
317217
317177
317105
317098
317093
317063
317052
317009
317008
316998
316957
316957
316948
316927
316918
316916
316908
316862
316817
316783
316780
316777
316759
316753
316736
316732
316646
316644
316601
316586
316585
316550
316528
316520
316491
316476
316464
316448
316440
316432
316428
316388
316383
316379
316335
316325
316316
316263
316236
316211
316206
316204
316204
316184
316181
316094
316071
316042
316040
316038
316000
315998
315994
315971
315956
315952
315934
315915
315897
315897
315885
315859
315854
315824
315808
315783
315740
315717
315711
315685
315674
315619
315617
315594
315577
315577
315567
315558
315556
315552
315549
315531
315517
315495
315436
315412
315397
315371
315303
315293
315238
315231
315225
315220
315191
315172
315166
315141
315081
315042
315042
315041
314993
314992
314925
314905
314876
314865
314849
314811
314803
314798
314783
314720
314705
314697
314676
314675
314616
314606
314604
314463
314446
314446
314428
314368
314314
314314
314261
314239
314239
314216
314135
314127
314123
314117
314106
314037
314021
314003
313959
313946
313902
313899
313861
313815
313775
313751
313663
313658
313652
313651
313634
313613
313605
313599
313564
313562
313548
313514
313514
313511
313502
313461
313459
313457
313442
313418
313381
313381
313367
313364
313358
313315
313293
313226
313220
313213
313207
313207
313206
313204
313163
313147
313139
313134
313129
313122
313115
313099
313055
313046
313037
312986
312985
312941
312937
312900
312879
312861
312856
312851
312847
312809
312808
312801
312741
312692
312668
312657
312654
312636
312615
312612
312591
312588
312587
312573
312571
312571
312563
312541
312488
312486
312474
312426
312418
312385
312381
312361
312311
312307
312298
312277
312261
312248
312227
312203
312188
312162
312082
312058
312049
312017
312011
311961
311957
311939
311904
311895
311880
311879
311852
311824
311817
311755
311741
311721
311719
311710
311702
311683
311671
311671
311642
311616
311615
311605
311577
311535
311506
311499
311481
311444
311443
311419
311401
311336
311334
311329
311274
311273
311262
311254
311232
311211
311143
311141
311113
311090
311082
311075
311074
311067
311053
311046
311044
311038
311023
310977
310977
310957
310951
310909
310898
310847
310844
310799
310781
310750
310740
310738
310736
310720
310718
310683
310674
310673
310661
310637
310636
310602
310581
310555
310550
310533
310526
310524
310519
310514
310480
310476
310410
310355
310355
310301
310295
310292
310255
310223
310155
310102
310100
310077
310035
309976
309941
309906
309896
309896
309860
309850
309835
309825
309809
309758
309747
309728
309698
309694
309673
309656
309650
309641
309625
309561
309553
309541
309521
309501
309476
309467
309444
309431
309419
309397
309391
309326
309294
309294
309293
309292
309249
309214
309199
309195
309183
309112
309110
309090
309087
309076
309067
309050
309046
309042
308999
308988
308974
308967
308876
308823
308796
308780
308749
308737
308715
308630
308613
308573
308566
308560
308560
308525
308515
308503
308483
308467
308445
308433
308432
308427
308419
308418
308415
308405
308380
308366
308356
308343
308326
308296
308268
308222
308217
308216
308192
308076
308074
308061
308023
307992
307955
307946
307937
307907
307902
307894
307841
307802
307788
307772
307752
307721
307691
307689
307684
307653
307604
307589
307586
307570
307563
307553
307511
307504
307429
307368
307358
307339
307328
307326
307324
307304
307289
307280
307274
307264
307263
307224
307210
307179
307178
307149
307144
307143
307128
307108
307108
307055
306982
306974
306966
306965
306935
306930
306927
306889
306877
306865
306851
306847
306813
306810
306804
306781
306767
306763
306760
306757
306743
306726
306667
306661
306645
306635
306618
306606
306579
306547
306508
306491
306489
306487
306347
306332
306308
306307
306296
306245
306234
306218
306194
306179
306179
306176
306166
306128
306119
306088
306077
306069
306046
306019
306005
305997
305982
305960
305956
305946
305927
305922
305892
305843
305840
305826
305796
305796
305783
305730
305713
305676
305674
305584
305562
305535
305528
305524
305505
305499
305499
305466
305464
305427
305382
305370
305328
305300
305296
305259
305243
305225
305212
305210
305207
305176
305161
305158
305133
305132
305103
305103
305034
305028
304980
304939
304921
304903
304899
304871
304869
304831
304801
304799
304712
304705
304698
304693
304691
304685
304628
304583
304580
304570
304509
304491
304484
304475
304474
304410
304387
304376
304375
304312
304305
304271
304231
304201
304198
304196
304181
304149
304129
304121
304055
304032
304031
303988
303984
303935
303918
303915
303904
303903
303871
303859
303820
303819
303797
303792
303770
303748
303696
303654
303649
303648
303633
303619
303603
303601
303593
303560
303525
303519
303503
303499
303480
303411
303394
303367
303352
303319
303310
303283
303265
303251
303238
303225
303224
303224
303207
303201
303196
303140
303133
303133
303091
303091
303058
303044
303021
303016
302987
302970
302960
302959
302949
302931
302911
302908
302888
302868
302868
302800
302798
302786
302784
302773
302759
302687
302679
302648
302614
302610
302604
302591
302585
302576
302568
302560
302558
302555
302551
302539
302527
302518
302515
302506
302481
302480
302381
302372
302356
302341
302335
302323
302308
302300
302297
302181
302163
302139
302137
302120
302066
301979
301946
301938
301850
301836
301820
301809
301804
301798
301792
301776
301776
301774
301757
301750
301746
301724
301724
301710
301658
301642
301629
301594
301562
301540
301519
301512
301504
301500
301464
301449
301438
301436
301419
301396
301390
301370
301361
301341
301296
301273
301253
301249
301233
301185
301169
301120
301102
301067
301060
301056
301040
301005
300994
300985
300972
300962
300960
300945
300914
300907
300903
300888
300879
300818
300718
300716
300695
300674
300671
300612
300596
300583
300577
300569
300545
300507
300489
300488
300485
300475
300475
300472
300462
300459
300458
300411
300409
300408
300402
300389
300340
300327
300310
300283
300280
300272
300255
300242
300222
300155
300142
300141
300044
300032
300024
299992
299972
299960
299957
299955
299954
299929
299903
299877
299829
299824
299823
299748
299747
299729
299678
299661
299642
299634
299630
299627
299589
299580
299544
299529
299514
299454
299436
299435
299387
299386
299374
299352
299328
299327
299324
299309
299273
299240
299203
299181
299144
299121
299054
299015
298979
298949
298940
298909
298897
298828
298800
298758
298735
298702
298662
298645
298582
298581
298559
298489
298453
298403
298380
298371
298314
298297
298276
298265
298197
298168
298161
298134
298113
298068
298068
298061
298039
298028
298021
297990
297987
297928
297897
297809
297791
297785
297741
297741
297703
297699
297679
297664
297664
297658
297641
297640
297628
297618
297606
297550
297547
297526
297494
297484
297445
297442
297410
297408
297395
297390
297358
297327
297296
297268
297258
297238
297206
297203
297189
297144
297142
297136
297121
297113
297110
297055
297048
297035
297027
297008
297004
296993
296988
296987
296974
296966
296943
296938
296935
296922
296912
296899
296874
296867
296837
296826
296797
296783
296757
296750
296715
296695
296693
296604
296586
296548
296522
296510
296506
296505
296485
296479
296477
296470
296432
296391
296370
296349
296297
296238
296223
296217
296201
296190
296190
296172
296144
296123
296121
296102
296068
296053
296041
296028
295979
295969
295963
295963
295953
295901
295885
295877
295870
295852
295849
295831
295827
295822
295780
295779
295777
295758
295721
295646
295609
295557
295483
295469
295440
295426
295411
295374
295359
295356
295355
295353
295295
295294
295277
295237
295207
295189
295182
295174
295167
295129
295126
295087
295072
295060
295037
295027
295017
294984
294958
294925
294911
294905
294888
294861
294853
294853
294794
294790
294786
294775
294745
294701
294700
294699
294697
294654
294636
294628
294623
294605
294598
294593
294593
294586
294579
294553
294547
294540
294528
294512
294503
294448
294427
294425
294408
294393
294384
294360
294358
294322
294294
294285
294278
294254
294247
294240
294221
294179
294174
294163
294151
294137
294125
294120
294057
294021
294019
294019
294016
294007
294004
293995
293962
293943
293911
293909
293895
293894
293874
293873
293837
293797
293790
293787
293755
293689
293685
293681
293661
293660
293610
293548
293538
293528
293493
293469
293462
293449
293424
293411
293369
293367
293360
293359
293358
293346
293342
293333
293277
293273
293262
293230
293188
293184
293105
293104
293059
293054
293052
293035
292978
292940
292913
292896
292884
292878
292796
292775
292773
292769
292701
292677
292668
292654
292639
292626
292601
292580
292570
292567
292540
292521
292510
292501
292442
292436
292435
292429
292424
292418
292407
292404
292366
292355
292326
292319
292304
292265
292222
292212
292209
292188
292113
292112
292108
292076
292066
292048
292036
292012
291905
291885
291868
291837
291833
291832
291828
291823
291795
291784
291747
291712
291692
291678
291677
291674
291665
291641
291634
291601
291590
291482
291455
291429
291402
291395
291377
291371
291329
291308
291295
291286
291277
291272
291247
291238
291228
291225
291216
291178
291168
291154
291107
291092
291078
291060
291055
291044
291035
291025
291025
290997
290994
290988
290981
290969
290932
290903
290898
290896
290870
290809
290806
290778
290776
290695
290636
290636
290618
290594
290567
290539
290514
290508
290504
290497
290482
290464
290428
290424
290370
290347
290309
290307
290270
290238
290237
290163
290163
290162
290161
290123
290070
290068
290041
290007
289998
289982
289955
289955
289934
289928
289902
289895
289885
289873
289801
289790
289776
289764
289753
289731
289729
289699
289687
289685
289667
289651
289646
289591
289499
289496
289448
289428
289413
289394
289323
289302
289285
289253
289249
289232
289195
289167
289162
289146
289108
289102
289097
289088
289056
289015
289007
288999
288967
288967
288963
288931
288877
288866
288827
288805
288774
288764
288763
288747
288742
288709
288706
288689
288672
288662
288653
288631
288627
288623
288608
288607
288582
288580
288580
288575
288566
288559
288556
288549
288540
288538
288537
288533
288504
288495
288480
288414
288398
288386
288378
288295
288261
288260
288239
288210
288209
288202
288171
288166
288159
288146
288093
288063
288023
287956
287930
287915
287883
287869
287862
287797
287768
287758
287734
287730
287670
287669
287662
287636
287594
287586
287540
287516
287494
287486
287475
287460
287442
287426
287365
287336
287316
287312
287304
287292
287289
287267
287239
287234
287200
287163
287098
287062
287050
287050
287000
286951
286951
286903
286884
286879
286879
286828
286826
286818
286815
286803
286752
286728
286726
286707
286694
286689
286662
286643
286643
286641
286613
286596
286572
286559
286486
286478
286466
286463
286456
286419
286412
286411
286377
286371
286370
286359
286320
286313
286281
286272
286260
286242
286187
286170
286161
286085
286058
286043
286038
286016
286008
285999
285993
285993
285975
285936
285905
285884
285882
285875
285871
285853
285839
285814
285767
285749
285732
285706
285691
285687
285672
285643
285562
285559
285545
285519
285499
285463
285460
285455
285449
285442
285388
285379
285370
285369
285339
285334
285334
285331
285281
285275
285274
285246
285233
285190
285171
285161
285137
285098
285089
285084
285060
285005
284939
284904
284904
284891
284876
284834
284717
284678
284590
284562
284549
284531
284523
284484
284406
284384
284379
284330
284305
284303
284264
284195
284187
284179
284175
284163
284157
284150
284127
284083
284042
283991
283982
283969
283955
283943
283936
283932
283889
283863
283793
283792
283774
283753
283751
283749
283731
283728
283722
283715
283715
283715
283675
283659
283658
283627
283615
283598
283527
283456
283429
283373
283361
283352
283351
283333
283328
283323
283308
283303
283270
283203
283178
283176
283169
283159
283156
283126
283095
283087
283083
283011
282996
282980
282923
282919
282898
282883
282814
282789
282785
282753
282735
282724
282685
282677
282666
282655
282610
282603
282536
282535
282518
282499
282478
282474
282470
282421
282417
282408
282406
282387
282351
282293
282281
282273
282273
282258
282248
282246
282245
282244
282224
282207
282206
282203
282187
282171
282171
282170
282137
282110
282092
282092
282070
282038
282021
282008
281988
281986
281985
281972
281941
281926
281907
281902
281757
281739
281705
281690
281624
281616
281574
281535
281527
281474
281458
281440
281399
281391
281381
281322
281318
281300
281285
281277
281270
281262
281260
281256
281246
281225
281180
281158
281132
281115
281090
281083
281074
281065
281045
281027
281018
281014
280982
280947
280940
280923
280918
280906
280893
280835
280823
280814
280778
280775
280703
280684
280679
280625
280612
280548
280527
280516
280516
280492
280489
280467
280438
280437
280437
280432
280406
280400
280397
280348
280297
280295
280260
280238
280219
280197
280174
280169
280153
280151
280121
280115
280097
280065
280022
280021
280016
279989
279957
279835
279786
279769
279758
279743
279708
279703
279703
279583
279576
279575
279530
279524
279522
279507
279491
279485
279462
279458
279450
279449
279425
279391
279376
279366
279306
279288
279243
279234
279193
279156
279124
279121
279111
279098
279090
279070
279062
279007
278987
278964
278957
278949
278945
278914
278904
278866
278859
278856
278840
278830
278824
278814
278812
278808
278807
278805
278801
278790
278781
278749
278732
278731
278729
278715
278622
278609
278597
278594
278593
278590
278535
278515
278508
278500
278490
278467
278435
278428
278427
278426
278384
278369
278352
278316
278306
278304
278235
278232
278216
278215
278206
278201
278192
278190
278120
278117
278108
278101
278087
278074
278064
278032
278026
278025
277974
277922
277920
277919
277917
277872
277871
277869
277869
277856
277854
277844
277840
277830
277801
277774
277768
277756
277714
277712
277687
277632
277611
277608
277551
277548
277533
277505
277484
277460
277456
277444
277443
277422
277392
277360
277342
277340
277334
277313
277305
277299
277278
277248
277224
277194
277139
277138
277121
277108
277102
277101
277064
277063
277054
277052
277033
277033
277028
277023
276997
276979
276962
276953
276930
276924
276916
276907
276848
276845
276805
276685
276648
276639
276601
276592
276582
276561
276548
276533
276507
276500
276433
276431
276421
276377
276353
276338
276314
276295
276286
276270
276266
276257
276256
276237
276192
276170
276113
276109
276107
276107
276107
276105
276040
276039
276038
276026
276002
275949
275943
275934
275912
275891
275854
275845
275803
275802
275788
275770
275767
275758
275751
275750
275709
275679
275679
275664
275661
275563
275529
275526
275520
275504
275501
275500
275476
275476
275467
275411
275333
275294
275282
275274
275262
275254
275252
275232
275200
275198
275193
275183
275183
275177
275097
275071
275065
275044
275042
274986
274973
274910
274906
274841
274838
274823
274773
274771
274711
274704
274701
274655
274645
274628
274617
274583
274572
274552
274527
274514
274505
274441
274433
274411
274410
274383
274373
274364
274211
274205
274186
274182
274134
274121
274095
274092
274090
274077
274068
274053
274029
274009
274008
273969
273956
273946
273889
273837
273837
273826
273825
273806
273766
273757
273737
273735
273693
273672
273624
273602
273588
273552
273551
273542
273541
273535
273529
273521
273504
273478
273453
273451
273425
273411
273386
273354
273318
273314
273265
273252
273221
273169
273161
273135
273121
273116
273083
272981
272959
272954
272904
272901
272897
272894
272813
272812
272777
272766
272738
272736
272698
272696
272687
272675
272661
272656
272629
272620
272527
272494
272475
272459
272439
272408
272407
272404
272399
272364
272329
272307
272290
272272
272266
272258
272215
272211
272170
272145
272140
272105
272103
272090
272076
272070
272041
272022
272012
271994
271962
271921
271900
271888
271859
271842
271822
271737
271724
271650
271616
271606
271588
271582
271580
271575
271569
271562
271561
271540
271529
271524
271515
271488
271458
271446
271431
271423
271419
271409
271397
271374
271353
271351
271337
271292
271290
271278
271275
271267
271213
271207
271202
271197
271180
271143
271135
271091
271089
271054
271042
271033
270939
270897
270896
270895
270884
270882
270854
270834
270817
270814
270730
270712
270703
270702
270676
270668
270663
270660
270630
270588
270583
270578
270571
270490
270401
270364
270318
270307
270307
270295
270261
270219
270206
270199
270111
270072
270031
270023
270017
270007
270002
269969
269958
269924
269857
269830
269825
269800
269786
269777
269755
269740
269713
269666
269648
269635
269633
269607
269600
269575
269545
269536
269529
269470
269453
269446
269440
269431
269430
269418
269396
269374
269373
269364
269332
269292
269284
269282
269249
269248
269228
269219
269149
269147
269128
269118
269102
269098
269085
269074
269062
269050
269024
269010
269000
268984
268977
268957
268950
268929
268895
268877
268841
268812
268805
268741
268730
268729
268721
268670
268656
268589
268588
268553
268546
268495
268492
268483
268466
268450
268432
268375
268369
268367
268356
268330
268323
268286
268284
268274
268265
268252
268214
268182
268135
268087
268069
268064
268025
268020
268016
268006
267973
267973
267972
267964
267942
267938
267938
267914
267882
267852
267848
267805
267786
267756
267746
267720
267712
267679
267592
267572
267561
267560
267559
267549
267515
267501
267483
267482
267481
267463
267463
267390
267367
267365
267361
267356
267355
267324
267317
267311
267298
267288
267250
267221
267213
267212
267199
267198
267196
267186
267173
267156
267146
267142
267140
267064
266990
266981
266951
266942
266911
266801
266694
266694
266692
266684
266675
266671
266669
266663
266628
266594
266568
266499
266489
266485
266483
266426
266396
266385
266385
266358
266355
266351
266342
266297
266292
266257
266243
266216
266198
266191
266141
266140
266108
266077
266057
266025
266007
265999
265994
265992
265976
265972
265947
265946
265945
265933
265928
265900
265898
265896
265896
265876
265873
265868
265867
265864
265847
265804
265801
265797
265794
265707
265704
265700
265682
265644
265619
265610
265598
265595
265569
265551
265548
265540
265515
265501
265492
265485
265484
265405
265396
265370
265347
265345
265328
265294
265250
265224
265219
265203
265169
265149
265142
265140
265136
265135
265135
265133
265128
265125
265120
265090
265083
265065
265059
265051
265043
265025
265023
264997
264993
264985
264970
264963
264963
264860
264851
264816
264798
264798
264783
264783
264762
264743
264742
264736
264677
264672
264671
264633
264625
264554
264544
264535
264533
264515
264500
264489
264459
264455
264440
264379
264334
264327
264315
264301
264282
264268
264268
264267
264265
264250
264231
264222
264193
264183
264159
264147
264146
264114
264112
264110
264077
264056
264036
264021
264018
264014
264001
263985
263983
263983
263930
263917
263899
263821
263786
263754
263739
263739
263695
263689
263670
263668
263638
263624
263585
263574
263541
263541
263529
263505
263490
263454
263450
263405
263359
263333
263319
263276
263249
263230
263224
263222
263214
263180
263163
263134
263133
263095
263049
263033
263033
263032
262977
262962
262946
262944
262944
262904
262869
262868
262833
262817
262810
262810
262802
262786
262782
262760
262747
262732
262724
262690
262685
262664
262645
262640
262625
262605
262589
262588
262566
262558
262524
262516
262504
262495
262485
262482
262475
262446
262430
262429
262408
262392
262360
262339
262336
262294
262265
262245
262230
262193
262187
262142
262139
262105
262104
262094
262074
262071
262063
262051
262042
262027
261998
261962
261959
261957
261924
261914
261851
261812
261757
261733
261728
261703
261695
261684
261667
261664
261648
261639
261635
261632
261566
261565
261539
261537
261527
261510
261505
261481
261472
261463
261456
261427
261421
261404
261386
261359
261327
261322
261307
261280
261225
261218
261218
261195
261172
261163
261160
261141
261115
261086
261080
261031
261026
261015
260996
260987
260986
260976
260968
260925
260924
260921
260872
260871
260869
260858
260791
260773
260772
260739
260718
260701
260696
260688
260667
260657
260653
260641
260627
260625
260620
260589
260511
260501
260497
260496
260491
260475
260458
260453
260450
260443
260440
260384
260353
260335
260302
260302
260297
260293
260281
260255
260240
260209
260209
260152
260151
260151
260151
260142
260136
260129
260113
260077
260071
260011
260004
259982
259977
259971
259939
259936
259929
259924
259901
259868
259858
259816
259796
259792
259752
259698
259691
259644
259535
259521
259516
259446
259409
259405
259374
259368
259332
259325
259322
259291
259289
259268
259257
259242
259207
259188
259182
259179
259162
259140
259076
259070
259067
259040
259016
259011
259004
258978
258970
258935
258907
258865
258832
258827
258817
258808
258775
258733
258722
258721
258714
258709
258673
258608
258584
258558
258544
258539
258524
258519
258513
258498
258494
258445
258425
258384
258334
258297
258248
258190
258161
258144
258113
258082
258075
258044
258029
258001
257992
257983
257958
257950
257884
257842
257840
257823
257809
257792
257791
257791
257781
257746
257735
257728
257717
257710
257697
257688
257656
257652
257639
257609
257600
257574
257554
257541
257526
257506
257506
257503
257465
257458
257444
257409
257401
257396
257367
257346
257333
257332
257327
257296
257294
257236
257231
257210
257206
257205
257204
257194
257185
257163
257154
257144
257140
257111
257079
257071
257056
257044
256998
256991
256990
256972
256955
256954
256935
256933
256933
256926
256918
256904
256903
256880
256856
256848
256819
256798
256779
256754
256737
256708
256699
256688
256680
256647
256620
256594
256572
256562
256528
256518
256510
256505
256501
256489
256484
256475
256459
256422
256417
256351
256322
256320
256318
256300
256294
256285
256260
256218
256165
256161
256147
256144
256116
256087
256085
256077
256070
256058
256051
256036
256006
256006
255979
255967
255953
255950
255949
255945
255905
255900
255882
255875
255864
255856
255855
255845
255840
255805
255795
255780
255778
255776
255758
255755
255725
255716
255676
255654
255637
255592
255566
255556
255542
255541
255476
255457
255446
255436
255423
255417
255402
255402
255402
255383
255370
255353
255315
255300
255291
255267
255253
255246
255205
255195
255177
255162
255140
255134
255109
255097
254991
254942
254921
254919
254919
254899
254896
254886
254851
254834
254820
254814
254813
254803
254767
254758
254756
254753
254752
254744
254738
254733
254727
254707
254616
254560
254531
254496
254473
254466
254460
254420
254408
254343
254312
254273
254270
254259
254247
254241
254209
254193
254186
254117
254098
254090
254062
253966
253937
253915
253865
253817
253799
253783
253742
253739
253683
253675
253652
253634
253625
253502
253484
253463
253446
253442
253426
253406
253378
253365
253350
253337
253330
253305
253304
253267
253227
253213
253160
253131
253095
253087
253068
253055
253016
253001
252984
252983
252971
252967
252966
252942
252940
252932
252922
252871
252855
252803
252794
252789
252747
252742
252706
252675
252671
252671
252624
252623
252606
252597
252558
252531
252530
252527
252525
252497
252492
252484
252441
252429
252425
252412
252396
252386
252309
252258
252221
252170
252156
252141
252130
252129
252125
252115
252113
252065
252062
252047
252041
252026
252020
251998
251995
251995
251986
251977
251976
251966
251954
251950
251900
251899
251852
251826
251805
251717
251637
251624
251611
251579
251567
251559
251523
251520
251519
251479
251440
251431
251424
251416
251400
251391
251387
251367
251347
251340
251337
251335
251317
251312
251307
251282
251275
251271
251248
251247
251245
251239
251165
251123
251105
251096
251091
251086
251044
251024
251013
251007
250991
250990
250967
250935
250905
250895
250825
250785
250779
250772
250757
250730
250688
250647
250614
250611
250591
250591
250591
250577
250531
250523
250497
250492
250485
250472
250469
250449
250419
250419
250400
250382
250359
250339
250332
250321
250282
250275
250221
250186
250169
250157
250157
250096
250095
250037
250036
250005
249999
249977
249938
249937
249875
249865
249849
249849
249841
249810
249796
249790
249781
249776
249773
249740
249719
249690
249656
249590
249580
249561
249558
249553
249551
249546
249533
249532
249521
249521
249493
249472
249458
249425
249409
249407
249381
249366
249323
249294
249290
249278
249249
249219
249202
249099
249058
249040
249040
249017
249009
249002
248939
248923
248888
248877
248877
248793
248781
248773
248768
248765
248696
248691
248690
248685
248680
248665
248662
248622
248592
248548
248546
248454
248447
248431
248371
248357
248353
248351
248328
248326
248283
248281
248222
248202
248191
248129
248113
248065
248043
248029
248023
248019
248018
248017
247999
247988
247980
247930
247925
247917
247909
247898
247823
247814
247809
247794
247753
247748
247742
247734
247726
247675
247611
247608
247569
247555
247534
247507
247497
247493
247472
247433
247419
247412
247402
247369
247369
247365
247335
247319
247308
247308
247256
247238
247228
247141
247106
247066
247065
247054
247049
247039
247034
247013
247001
246995
246987
246981
246966
246945
246944
246943
246936
246932
246907
246874
246807
246786
246786
246745
246742
246718
246681
246645
246627
246576
246544
246542
246519
246508
246497
246486
246463
246453
246430
246409
246389
246387
246374
246341
246336
246313
246310
246298
246289
246282
246269
246248
246233
246216
246193
246171
246165
246141
246129
246128
246124
246122
246113
246035
246034
246013
245968
245927
245927
245917
245714
245711
245694
245684
245666
245603
245572
245543
245496
245482
245452
245421
245379
245375
245347
245333
245325
245314
245312
245299
245297
245289
245253
245241
245212
245190
245189
245180
245137
245134
245129
245126
245124
245124
245114
245096
245089
245036
245013
245005
244963
244955
244949
244946
244919
244903
244899
244885
244853
244834
244828
244822
244821
244751
244747
244744
244706
244679
244677
244671
244656
244632
244632
244626
244581
244573
244559
244558
244553
244549
244545
244540
244461
244453
244444
244429
244397
244347
244318
244303
244303
244252
244235
244226
244193
244189
244187
244161
244137
244136
244109
244089
244079
244074
244031
244021
244019
243998
243977
243963
243957
243952
243893
243881
243859
243846
243821
243788
243762
243715
243662
243661
243657
243572
243570
243548
243480
243474
243466
243457
243453
243452
243422
243421
243385
243383
243374
243367
243365
243334
243327
243284
243261
243234
243211
243172
243152
243133
243074
243068
243059
243049
242980
242976
242970
242967
242961
242942
242918
242895
242874
242861
242830
242820
242751
242694
242693
242617
242589
242497
242487
242466
242463
242439
242439
242422
242416
242393
242371
242337
242273
242253
242251
242217
242213
242208
242204
242195
242189
242186
242177
242139
242102
242099
242080
242063
242063
242053
242047
242046
242044
242008
242006
241989
241978
241969
241937
241936
241936
241913
241909
241902
241878
241869
241864
241834
241825
241824
241821
241778
241763
241750
241738
241643
241615
241596
241577
241568
241562
241559
241553
241496
241496
241470
241448
241448
241368
241360
241350
241303
241292
241265
241237
241224
241194
241191
241190
241168
241166
241162
241156
241103
241092
241085
241079
241074
241060
241020
241018
240998
240992
240978
240967
240950
240945
240925
240921
240917
240889
240831
240792
240785
240785
240770
240689
240687
240677
240664
240647
240642
240632
240589
240542
240530
240486
240449
240444
240428
240411
240393
240385
240317
240305
240299
240297
240296
240291
240224
240212
240195
240114
240100
240068
240063
240056
240053
240047
240043
240008
239998
239981
239979
239961
239959
239937
239886
239883
239877
239864
239854
239835
239788
239757
239741
239725
239643
239634
239602
239601
239576
239570
239566
239552
239551
239516
239479
239463
239462
239447
239406
239405
239402
239394
239372
239348
239341
239302
239294
239280
239261
239206
239205
239164
239122
239121
239097
239092
239054
239047
239030
239028
239013
239007
238973
238936
238922
238893
238877
238842
238813
238793
238751
238743
238702
238698
238698
238694
238685
238625
238617
238596
238570
238556
238538
238479
238466
238455
238429
238423
238378
238352
238347
238309
238268
238228
238180
238146
238144
238133
238095
238094
238078
238021
238015
237979
237958
237912
237910
237895
237876
237870
237859
237853
237843
237841
237839
237836
237819
237729
237726
237687
237672
237592
237577
237572
237523
237519
237518
237486
237483
237474
237404
237396
237391
237366
237350
237321
237277
237259
237245
237178
237175
237171
237126
237117
237077
237065
237057
237049
237044
237032
236964
236940
236915
236914
236909
236893
236855
236845
236834
236785
236762
236733
236690
236690
236681
236656
236643
236635
236585
236558
236507
236490
236483
236477
236459
236361
236355
236342
236303
236232
236229
236198
236162
236149
236130
236116
236095
236095
236026
236014
235995
235986
235984
235955
235931
235901
235901
235833
235820
235796
235785
235781
235727
235710
235696
235683
235655
235653
235640
235630
235621
235615
235579
235555
235554
235536
235515
235503
235492
235486
235457
235425
235423
235416
235405
235372
235239
235189
235177
235167
235165
235115
235101
235085
235081
235065
235058
235020
234984
234981
234964
234962
234906
234848
234840
234833
234833
234783
234765
234742
234708
234704
234657
234657
234641
234618
234608
234605
234601
234596
234521
234500
234489
234448
234400
234388
234374
234362
234353
234308
234307
234253
234252
234250
234213
234187
234174
234173
234167
234159
234137
234135
234131
234097
234087
234063
234022
233991
233983
233914
233876
233857
233857
233843
233822
233813
233769
233761
233741
233740
233739
233736
233718
233699
233677
233673
233667
233664
233658
233652
233580
233574
233539
233537
233498
233464
233458
233457
233454
233426
233421
233408
233397
233337
233313
233313
233306
233276
233247
233246
233238
233234
233220
233211
233175
233171
233143
233131
233058
233058
233056
232954
232944
232903
232891
232866
232851
232850
232837
232824
232795
232778
232777
232743
232714
232704
232700
232698
232668
232637
232625
232607
232578
232552
232539
232529
232494
232481
232476
232445
232429
232421
232385
232375
232368
232350
232346
232334
232302
232285
232271
232271
232217
232173
232116
232104
232086
232078
231992
231970
231944
231913
231909
231863
231836
231807
231801
231789
231779
231764
231764
231726
231667
231663
231646
231646
231638
231632
231623
231613
231551
231550
231541
231528
231527
231520
231513
231503
231455
231454
231429
231410
231408
231406
231386
231353
231336
231324
231314
231300
231273
231212
231182
231179
231175
231174
231146
231145
231123
231058
231044
231040
231001
230987
230949
230930
230919
230914
230878
230868
230868
230867
230863
230855
230846
230842
230782
230771
230735
230733
230716
230714
230695
230685
230673
230670
230663
230623
230620
230619
230615
230590
230570
230547
230510
230502
230478
230468
230456
230425
230411
230402
230385
230296
230233
230232
230227
230225
230224
230209
230205
230166
230143
230118
230076
230050
230007
229993
229985
229889
229885
229881
229880
229847
229832
229807
229802
229799
229777
229748
229744
229654
229644
229631
229631
229622
229592
229591
229565
229556
229529
229473
229470
229469
229453
229364
229327
229317
229311
229275
229275
229169
229152
229142
229123
229123
229118
229083
229048
229034
229020
228986
228949
228914
228913
228911
228849
228778
228774
228763
228723
228714
228639
228593
228586
228582
228580
228549
228529
228455
228446
228440
228433
228430
228332
228292
228250
228236
228216
228212
228207
228192
228190
228175
228172
228163
228143
228119
228108
228039
228032
228026
227933
227927
227907
227855
227781
227769
227762
227745
227743
227718
227708
227665
227623
227614
227560
227533
227491
227466
227406
227386
227385
227385
227352
227344
227343
227323
227323
227314
227304
227276
227269
227232
227222
227215
227213
227143
227141
227139
227112
227096
227054
227042
226999
226970
226950
226946
226913
226837
226833
226830
226816
226811
226784
226771
226768
226758
226753
226677
226666
226662
226649
226639
226637
226606
226606
226595
226578
226551
226535
226530
226524
226517
226501
226462
226445
226436
226426
226422
226407
226392
226379
226361
226328
226325
226313
226311
226291
226275
226267
226248
226222
226220
226214
226191
226166
226154
226088
226037
226029
225887
225885
225884
225868
225851
225814
225746
225746
225692
225674
225580
225538
225537
225472
225441
225438
225432
225425
225421
225403
225395
225378
225367
225342
225317
225284
225269
225262
225239
225232
225221
225218
225213
225187
225185
225184
225175
225137
225122
225081
225076
225045
225037
225010
224990
224976
224957
224937
224920
224908
224903
224838
224810
224803
224790
224764
224763
224751
224718
224711
224697
224670
224661
224651
224586
224576
224574
224532
224521
224435
224427
224421
224419
224406
224374
224325
224318
224299
224289
224232
224225
224190
224177
224154
224146
224128
224128
224119
224114
224062
224060
224045
224011
223996
223971
223967
223947
223943
223936
223892
223886
223868
223860
223852
223834
223793
223782
223782
223763
223707
223695
223663
223658
223648
223635
223615
223593
223591
223588
223554
223536
223536
223525
223464
223459
223423
223386
223386
223382
223366
223352
223350
223345
223319
223278
223274
223258
223187
223185
223167
223124
223122
223107
223092
223086
223058
223056
223045
223045
223031
223021
223000
222996
222941
222909
222897
222895
222818
222812
222786
222769
222764
222758
222739
222737
222736
222730
222726
222712
222704
222690
222675
222665
222617
222600
222594
222586
222582
222571
222566
222531
222517
222464
222458
222457
222386
222301
222250
222245
222244
222243
222219
222218
222206
222185
222181
222158
222145
222115
222091
222088
222085
222078
222060
222053
222041
222020
222008
221960
221921
221901
221846
221838
221814
221803
221794
221651
221634
221630
221600
221580
221576
221548
221510
221504
221491
221490
221488
221444
221444
221418
221370
221357
221337
221276
221267
221249
221233
221230
221226
221225
221206
221184
221144
221130
221121
221057
221056
221052
221007
220999
220987
220968
220945
220943
220866
220859
220846
220844
220827
220825
220773
220750
220745
220733
220712
220691
220691
220686
220664
220650
220620
220613
220606
220585
220579
220560
220545
220535
220520
220513
220507
220504
220492
220479
220470
220467
220439
220432
220421
220411
220406
220344
220341
220338
220335
220324
220313
220301
220288
220277
220275
220271
220224
220222
220200
220200
220199
220189
220175
220166
220162
220157
220155
220138
220112
220109
220007
220007
220005
220000
219997
219986
219983
219977
219970
219940
219938
219938
219903
219902
219843
219835
219810
219799
219791
219763
219751
219720
219706
219675
219623
219593
219588
219541
219539
219517
219504
219476
219462
219457
219447
219443
219429
219429
219402
219391
219381
219380
219355
219287
219286
219282
219265
219243
219207
219198
219188
219165
219135
219114
219068
219034
219002
218975
218971
218899
218891
218888
218887
218878
218853
218849
218846
218837
218756
218751
218748
218739
218733
218729
218672
218634
218629
218623
218608
218581
218518
218511
218478
218478
218476
218472
218455
218405
218402
218385
218383
218375
218345
218341
218328
218325
218298
218289
218284
218255
218242
218157
218112
218107
218102
218100
218081
218064
218036
218030
217925
217899
217871
217867
217852
217835
217831
217821
217811
217797
217788
217782
217739
217737
217726
217707
217696
217673
217634
217612
217611
217604
217602
217598
217568
217562
217557
217538
217524
217499
217499
217482
217466
217458
217408
217396
217394
217390
217383
217379
217377
217366
217356
217340
217320
217308
217297
217280
217225
217220
217218
217203
217187
217184
217161
217113
217085
217054
217020
217011
217004
217003
216957
216923
216920
216915
216908
216896
216843
216809
216783
216743
216738
216710
216709
216682
216676
216671
216653
216617
216616
216587
216582
216575
216571
216567
216442
216429
216410
216408
216320
216309
216306
216304
216301
216300
216297
216292
216290
216279
216264
216252
216234
216220
216188
216183
216170
216158
216145
216143
216131
216130
216045
216040
216002
215990
215954
215949
215943
215875
215862
215861
215857
215795
215791
215777
215768
215703
215702
215693
215690
215687
215671
215573
215549
215549
215529
215524
215522
215502
215497
215459
215451
215445
215434
215429
215397
215388
215358
215349
215345
215340
215340
215333
215324
215312
215309
215300
215275
215265
215260
215229
215229
215206
215202
215187
215151
215104
215082
215062
215033
215010
215006
214992
214987
214977
214973
214933
214906
214866
214855
214814
214760
214755
214745
214742
214737
214685
214651
214593
214560
214557
214551
214549
214542
214520
214511
214498
214492
214486
214475
214442
214404
214401
214399
214364
214338
214303
214295
214285
214277
214271
214262
214213
214206
214186
214176
214154
214134
214090
214088
214072
214052
214036
214027
213982
213927
213914
213897
213888
213866
213831
213827
213815
213815
213803
213793
213788
213754
213747
213738
213728
213699
213689
213676
213675
213672
213663
213646
213645
213607
213592
213590
213552
213549
213544
213543
213538
213537
213535
213506
213447
213426
213422
213385
213361
213347
213326
213314
213292
213286
213275
213273
213259
213251
213240
213231
213220
213202
213192
213174
213153
213131
213126
213122
213113
213093
213092
213073
213061
213053
213042
213040
213035
213033
212989
212971
212971
212900
212874
212862
212854
212850
212832
212803
212773
212760
212756
212741
212705
212703
212700
212679
212671
212647
212643
212616
212604
212481
212466
212451
212445
212436
212418
212413
212410
212391
212370
212369
212368
212360
212358
212342
212341
212278
212265
212245
212221
212218
212214
212201
212185
212153
212134
212130
212062
212055
212049
212002
211998
211965
211863
211848
211817
211753
211720
211695
211679
211671
211669
211633
211617
211563
211559
211549
211453
211444
211431
211411
211388
211375
211339
211327
211305
211299
211275
211267
211256
211255
211253
211186
211178
211130
211121
211072
211038
211038
210997
210986
210940
210936
210935
210932
210921
210903
210876
210865
210802
210796
210758
210735
210724
210699
210699
210685
210679
210604
210508
210468
210466
210460
210456
210450
210431
210398
210378
210359
210356
210355
210312
210309
210287
210282
210273
210268
210264
210261
210259
210245
210237
210230
210188
210167
210153
210127
210120
210099
210080
210078
210069
210067
210047
210022
210009
210002
209992
209950
209942
209920
209893
209802
209801
209798
209797
209771
209760
209755
209711
209707
209694
209690
209644
209620
209591
209576
209569
209560
209543
209541
209526
209489
209464
209464
209394
209363
209312
209299
209290
209289
209279
209259
209221
209136
209100
209088
209087
209073
209059
209046
208965
208948
208917
208902
208892
208887
208879
208866
208861
208845
208812
208805
208803
208776
208763
208747
208726
208699
208687
208670
208657
208654
208634
208606
208595
208569
208564
208548
208527
208490
208490
208466
208466
208463
208462
208424
208417
208408
208400
208324
208314
208296
208246
208229
208228
208203
208189
208186
208168
208124
208093
208059
208053
208045
208044
207961
207947
207938
207918
207897
207896
207880
207845
207841
207830
207828
207806
207791
207787
207784
207767
207718
207713
207706
207684
207683
207635
207599
207575
207572
207565
207556
207517
207489
207460
207439
207428
207418
207364
207335
207333
207316
207240
207223
207194
207189
207159
207150
207140
207090
207073
207033
206916
206898
206892
206881
206868
206851
206754
206746
206741
206702
206696
206652
206559
206553
206546
206529
206512
206511
206510
206459
206430
206367
206363
206330
206325
206318
206280
206263
206256
206249
206237
206182
206172
206149
206112
206040
206029
206022
206002
205969
205959
205953
205942
205865
205847
205841
205808
205800
205799
205774
205733
205716
205698
205594
205593
205585
205575
205567
205557
205542
205536
205531
205520
205506
205437
205420
205388
205366
205361
205334
205326
205313
205296
205293
205291
205263
205254
205251
205248
205239
205223
205216
205167
205152
205130
205091
205032
205027
205001
204981
204946
204908
204887
204872
204863
204852
204847
204836
204803
204789
204789
204754
204753
204746
204742
204734
204718
204672
204671
204660
204633
204625
204613
204598
204526
204483
204477
204472
204471
204456
204448
204431
204421
204400
204399
204362
204352
204302
204294
204250
204236
204227
204213
204180
204170
204135
204117
204116
204054
203991
203963
203954
203925
203925
203881
203878
203837
203807
203763
203753
203731
203723
203706
203687
203667
203626
203617
203564
203562
203542
203541
203501
203391
203389
203379
203377
203309
203308
203241
203240
203239
203233
203221
203213
203204
203196
203193
203191
203188
203149
203118
203094
203084
203060
203007
203005
203001
202953
202920
202910
202904
202902
202900
202884
202879
202844
202842
202820
202814
202812
202811
202809
202809
202788
202729
202726
202667
202658
202645
202632
202626
202613
202594
202589
202588
202581
202540
202525
202520
202514
202488
202450
202411
202376
202376
202365
202340
202296
202281
202255
202248
202234
202206
202184
202148
202123
202071
202053
202030
201995
201993
201969
201959
201956
201932
201885
201846
201810
201776
201761
201749
201742
201741
201729
201719
201661
201652
201621
201612
201609
201601
201587
201564
201556
201540
201523
201494
201490
201477
201455
201433
201422
201391
201387
201339
201320
201276
201271
201270
201260
201251
201251
201238
201234
201222
201212
201162
201150
201100
201090
201063
201021
200946
200946
200945
200940
200929
200925
200902
200866
200855
200850
200769
200760
200743
200733
200704
200702
200693
200685
200629
200587
200569
200544
200530
200522
200503
200485
200465
200436
200401
200389
200365
200358
200353
200328
200324
200321
200282
200221
200196
200179
200160
200144
200142
200126
200104
200093
200070
200042
200011
199988
199960
199955
199938
199908
199886
199877
199859
199848
199819
199782
199763
199752
199727
199713
199696
199686
199663
199622
199609
199607
199606
199604
199594
199585
199560
199543
199533
199530
199501
199451
199427
199425
199401
199391
199385
199375
199373
199352
199317
199315
199309
199288
199284
199262
199255
199236
199229
199228
199228
199228
199200
199173
199169
199133
199132
199101
199066
199064
199047
199010
198969
198902
198879
198860
198851
198826
198814
198796
198772
198761
198737
198726
198717
198705
198704
198700
198690
198690
198681
198676
198629
198616
198600
198582
198516
198515
198500
198499
198463
198460
198443
198419
198399
198384
198375
198316
198306
198296
198291
198244
198205
198198
198147
198141
198139
198129
198127
198116
198098
198093
198082
198073
198066
198028
198023
198020
198010
198001
197988
197959
197937
197937
197931
197910
197879
197876
197849
197832
197799
197789
197782
197779
197710
197708
197685
197673
197652
197637
197625
197566
197556
197493
197486
197445
197414
197412
197411
197410
197409
197347
197345
197325
197301
197292
197288
197262
197245
197192
197183
197181
197178
197164
197159
197158
197157
197129
197127
197124
197104
197091
197011
196992
196986
196982
196981
196979
196974
196966
196953
196927
196917
196906
196887
196881
196839
196821
196798
196791
196771
196739
196709
196584
196536
196531
196504
196479
196450
196430
196422
196412
196387
196349
196336
196327
196327
196318
196223
196208
196206
196201
196186
196170
196116
196103
196060
196058
196013
195954
195941
195938
195923
195923
195915
195907
195898
195873
195865
195845
195828
195786
195752
195744
195737
195726
195714
195708
195684
195675
195657
195640
195639
195629
195623
195607
195571
195549
195548
195539
195529
195516
195510
195490
195484
195459
195452
195411
195394
195367
195361
195359
195345
195314
195254
195227
195213
195176
195157
195149
195145
195105
195061
195040
195019
194979
194956
194919
194875
194868
194854
194840
194817
194768
194752
194741
194724
194722
194659
194631
194611
194585
194575
194524
194475
194472
194439
194417
194413
194357
194322
194280
194252
194224
194207
194191
194172
194104
194063
194056
194040
194039
194022
193990
193979
193927
193906
193849
193825
193820
193722
193719
193704
193702
193690
193664
193658
193658
193504
193439
193412
193404
193394
193358
193347
193334
193327
193304
193298
193279
193250
193246
193245
193241
193241
193200
193183
193173
193158
193133
193094
193094
193093
193074
193062
193051
193048
193028
192993
192987
192987
192983
192974
192971
192956
192946
192922
192921
192905
192902
192900
192890
192875
192854
192821
192778
192740
192720
192710
192709
192657
192592
192537
192476
192470
192460
192356
192340
192309
192307
192286
192283
192264
192207
192202
192172
192167
192153
192150
192147
192094
192066
192066
192018
192003
191992
191987
191981
191976
191965
191933
191863
191852
191846
191813
191782
191737
191708
191699
191690
191681
191660
191653
191639
191621
191602
191555
191544
191523
191428
191395
191377
191363
191344
191331
191328
191324
191314
191289
191284
191283
191281
191280
191273
191256
191252
191249
191247
191166
191164
191068
191060
191059
191054
191033
191023
190978
190911
190898
190869
190868
190783
190757
190729
190687
190674
190669
190648
190638
190586
190567
190512
190451
190449
190443
190425
190421
190396
190389
190380
190365
190351
190336
190325
190314
190312
190266
190249
190230
190191
190145
190138
190103
190075
190075
190001
189993
189984
189977
189956
189951
189918
189914
189876
189862
189858
189826
189812
189784
189773
189756
189743
189726
189715
189688
189661
189658
189657
189639
189628
189608
189581
189539
189527
189523
189519
189516
189514
189500
189458
189457
189392
189337
189222
189181
189160
189155
189154
189152
189122
189119
189114
189112
189098
189047
189022
189012
188975
188974
188973
188961
188947
188909
188905
188886
188883
188853
188846
188798
188786
188761
188753
188740
188692
188662
188611
188606
188599
188571
188539
188525
188510
188435
188420
188416
188403
188270
188254
188232
188192
188185
188172
188112
188108
188100
188063
188044
188028
188015
187995
187980
187979
187969
187934
187924
187916
187895
187864
187847
187830
187828
187821
187798
187781
187749
187732
187690
187688
187632
187593
187570
187502
187493
187480
187445
187436
187423
187422
187418
187418
187408
187400
187380
187369
187339
187289
187246
187242
187233
187211
187210
187187
187154
187150
187093
187088
187056
187052
187040
187040
187022
187004
186997
186989
186968
186953
186934
186927
186915
186890
186887
186879
186874
186870
186867
186856
186845
186842
186836
186834
186825
186816
186801
186771
186764
186751
186746
186710
186682
186679
186646
186633
186623
186623
186617
186591
186590
186579
186549
186535
186532
186527
186491
186448
186396
186393
186392
186390
186339
186303
186289
186275
186260
186258
186256
186244
186243
186200
186195
186172
186146
186140
186135
186108
186097
186074
186051
186021
186012
185996
185978
185959
185947
185940
185939
185886
185885
185844
185803
185784
185766
185718
185698
185676
185676
185581
185578
185568
185556
185537
185537
185459
185444
185390
185356
185338
185317
185310
185301
185229
185205
185189
185152
185133
185126
185103
185101
185022
185006
185005
184931
184915
184900
184898
184887
184878
184861
184856
184821
184816
184810
184805
184797
184746
184728
184683
184680
184656
184639
184635
184609
184601
184560
184524
184508
184505
184463
184444
184440
184431
184386
184385
184369
184345
184336
184290
184177
184172
184163
184093
184085
184058
184056
184050
184050
184042
184029
184024
184024
184013
184002
183989
183988
183943
183933
183914
183912
183859
183859
183845
183768
183748
183705
183675
183670
183665
183611
183604
183564
183550
183527
183503
183467
183446
183437
183417
183414
183386
183385
183340
183332
183301
183285
183252
183246
183210
183208
183165
183114
183099
183059
183020
182975
182973
182961
182957
182948
182940
182900
182886
182831
182783
182758
182716
182687
182680
182651
182638
182608
182599
182573
182566
182523
182497
182436
182424
182420
182408
182395
182355
182338
182333
182309
182269
182260
182195
182169
182132
182102
182084
182062
182034
181971
181962
181943
181932
181919
181907
181896
181869
181864
181861
181842
181842
181805
181795
181758
181756
181729
181702
181681
181680
181646
181634
181612
181602
181588
181558
181439
181427
181406
181393
181381
181362
181353
181349
181340
181318
181295
181294
181292
181280
181255
181245
181240
181223
181208
181172
181155
181147
181104
181102
181095
181069
181067
181049
181037
181028
180998
180995
180985
180914
180879
180868
180863
180797
180788
180737
180714
180675
180660
180625
180592
180560
180533
180519
180518
180451
180439
180437
180416
180412
180412
180358
180335
180317
180307
180305
180270
180220
180219
180184
180169
180150
180136
180102
180091
180058
180017
179968
179948
179932
179901
179895
179865
179844
179835
179812
179716
179713
179700
179694
179682
179672
179660
179645
179642
179612
179586
179573
179502
179431
179417
179402
179378
179333
179325
179311
179306
179298
179266
179235
179234
179211
179201
179187
179185
179183
179106
179077
179040
179034
179029
179025
179012
178991
178989
178987
178986
178951
178948
178907
178898
178895
178881
178851
178837
178816
178762
178662
178644
178623
178519
178517
178515
178496
178488
178474
178348
178330
178325
178319
178284
178249
178249
178231
178203
178183
178180
178176
178138
178126
178117
178094
178024
178017
178011
177996
177919
177894
177888
177830
177805
177803
177796
177792
177792
177791
177768
177729
177720
177717
177693
177689
177679
177672
177655
177655
177639
177638
177625
177622
177592
177588
177581
177564
177546
177542
177528
177525
177524
177501
177485
177482
177479
177459
177456
177428
177421
177416
177373
177352
177300
177263
177237
177205
177204
177190
177127
177105
177102
177052
177002
176990
176989
176983
176979
176963
176943
176933
176929
176917
176916
176892
176846
176828
176761
176739
176717
176706
176702
176674
176674
176662
176629
176624
176608
176586
176558
176540
176538
176507
176499
176491
176457
176454
176433
176390
176352
176341
176305
176301
176292
176261
176246
176208
176159
176158
176157
176139
176132
176098
176087
176080
176073
176054
176043
176042
176002
175986
175961
175958
175944
175940
175905
175868
175861
175860
175856
175854
175836
175749
175738
175719
175718
175708
175702
175700
175677
175673
175646
175597
175575
175536
175528
175509
175491
175484
175429
175420
175399
175377
175352
175335
175299
175295
175270
175221
175216
175179
175179
175144
175142
175133
174991
174975
174951
174936
174922
174916
174890
174885
174877
174868
174865
174809
174808
174798
174796
174777
174755
174749
174745
174732
174674
174668
174636
174619
174604
174597
174566
174553
174531
174529
174487
174481
174467
174444
174435
174424
174408
174408
174359
174308
174261
174260
174259
174232
174211
174192
174160
174155
174143
174131
174118
174103
174056
174040
174019
173988
173960
173939
173935
173934
173923
173891
173884
173878
173729
173683
173626
173622
173577
173574
173556
173538
173538
173498
173446
173443
173436
173425
173421
173411
173383
173364
173334
173298
173281
173239
173219
173218
173199
173184
173176
173154
173140
173123
173086
173023
172972
172971
172953
172944
172942
172932
172844
172829
172802
172796
172761
172756
172753
172735
172711
172707
172702
172637
172630
172607
172564
172528
172520
172516
172493
172488
172454
172425
172401
172341
172335
172320
172302
172284
172275
172233
172221
172180
172179
172176
172147
172081
172076
172054
172040
172036
172032
171954
171901
171867
171800
171798
171746
171696
171695
171669
171664
171656
171654
171644
171604
171552
171536
171527
171472
171444
171424
171407
171390
171386
171371
171338
171293
171283
171278
171266
171248
171210
171208
171190
171140
171131
171122
171112
171045
171011
171009
170987
170943
170937
170930
170928
170918
170914
170896
170895
170814
170774
170756
170733
170712
170710
170702
170670
170660
170652
170647
170642
170640
170624
170605
170581
170579
170573
170540
170524
170496
170487
170467
170463
170454
170452
170447
170440
170428
170428
170410
170302
170265
170247
170226
170200
170187
170168
170130
170126
170118
170103
170097
170095
170040
170025
170025
170011
170002
169982
169954
169938
169931
169930
169902
169902
169894
169883
169881
169853
169835
169823
169816
169809
169798
169744
169729
169728
169723
169720
169691
169684
169679
169657
169656
169603
169594
169557
169509
169509
169461
169461
169458
169432
169373
169346
169335
169330
169323
169269
169256
169247
169239
169199
169161
169142
169124
169109
169091
169081
169069
169032
169008
168961
168946
168934
168907
168898
168894
168887
168872
168781
168778
168766
168759
168753
168724
168691
168677
168661
168632
168625
168601
168547
168534
168528
168502
168475
168461
168453
168421
168395
168348
168334
168330
168324
168275
168251
168245
168227
168225
168198
168190
168185
168178
168166
168160
168148
168134
168131
168125
168117
168105
168052
168039
168031
168011
168002
167833
167756
167711
167664
167651
167640
167628
167567
167544
167458
167434
167419
167403
167403
167392
167365
167355
167336
167335
167276
167276
167244
167242
167226
167207
167104
167086
167086
167081
167063
167046
167025
167020
167012
166966
166962
166950
166916
166902
166901
166898
166890
166880
166825
166821
166803
166788
166730
166712
166690
166670
166627
166593
166560
166529
166496
166491
166488
166476
166473
166472
166463
166449
166426
166420
166420
166405
166401
166396
166386
166386
166379
166379
166336
166333
166309
166285
166251
166243
166232
166215
166197
166142
166141
166135
166100
166088
166081
166067
166051
165995
165977
165966
165913
165903
165888
165870
165856
165847
165836
165761
165727
165720
165713
165703
165701
165685
165672
165657
165655
165635
165606
165578
165562
165548
165519
165476
165470
165454
165443
165432
165396
165353
165307
165275
165273
165219
165205
165204
165167
165117
165074
165073
165060
165000
164981
164974
164973
164949
164904
164902
164902
164896
164884
164876
164856
164852
164835
164808
164798
164778
164736
164693
164692
164579
164559
164534
164531
164510
164502
164499
164493
164490
164453
164446
164439
164426
164419
164418
164417
164351
164349
164344
164342
164322
164274
164271
164243
164225
164225
164128
164117
164089
164085
164075
164067
164057
164050
164046
164041
164040
164027
164026
164016
164014
163982
163974
163971
163950
163938
163890
163882
163882
163857
163823
163805
163792
163780
163776
163770
163760
163744
163723
163685
163682
163677
163658
163653
163650
163649
163612
163598
163573
163553
163540
163499
163498
163460
163457
163449
163449
163443
163431
163399
163396
163346
163342
163317
163287
163281
163254
163234
163217
163203
163155
163133
163130
163128
163128
163124
163101
163099
163075
163052
163047
162992
162950
162941
162938
162938
162937
162909
162896
162875
162869
162834
162829
162798
162776
162763
162710
162698
162690
162685
162684
162636
162631
162630
162609
162601
162580
162560
162525
162523
162523
162516
162510
162447
162354
162353
162300
162245
162235
162232
162211
162188
162151
162139
162134
162117
162090
162065
162046
162017
162004
161970
161970
161937
161921
161896
161889
161887
161885
161821
161787
161772
161752
161735
161703
161701
161697
161694
161679
161655
161623
161613
161590
161568
161556
161552
161512
161507
161490
161481
161479
161474
161445
161352
161343
161339
161316
161300
161297
161289
161286
161271
161183
161182
161173
161167
161141
161112
161076
161071
161062
161048
161046
161027
161024
161004
160989
160961
160961
160915
160901
160881
160863
160825
160803
160801
160740
160690
160655
160575
160568
160548
160543
160527
160499
160458
160450
160438
160410
160377
160372
160368
160365
160330
160316
160306
160278
160233
160225
160224
160204
160183
160178
160174
160170
160168
160150
160150
160115
160060
160051
160027
160026
160013
160000
159996
159980
159925
159913
159894
159880
159864
159862
159856
159852
159794
159779
159762
159761
159729
159720
159717
159709
159698
159690
159685
159658
159647
159638
159626
159593
159571
159561
159545
159536
159535
159529
159507
159505
159503
159482
159481
159479
159466
159451
159445
159430
159385
159254
159225
159182
159148
159123
159111
159041
159034
159003
158997
158986
158947
158926
158899
158889
158881
158863
158857
158845
158841
158810
158809
158809
158800
158781
158746
158745
158742
158739
158716
158700
158672
158658
158647
158647
158537
158513
158494
158469
158424
158422
158360
158356
158348
158337
158325
158318
158312
158283
158275
158271
158250
158216
158184
158168
158130
158122
158117
158114
158114
158113
158110
158104
158103
158073
158042
158002
157958
157923
157918
157895
157892
157882
157880
157874
157864
157860
157859
157822
157779
157764
157762
157736
157734
157734
157715
157654
157626
157592
157589
157584
157567
157542
157528
157526
157466
157459
157315
157304
157302
157295
157253
157244
157237
157170
157152
157145
157107
157075
157054
157037
157028
157004
156996
156948
156823
156793
156776
156769
156710
156707
156706
156681
156644
156617
156589
156560
156560
156500
156497
156492
156420
156399
156395
156382
156349
156309
156230
156224
156215
156211
156192
156175
156165
156164
156107
156105
156099
156004
155992
155974
155943
155943
155898
155878
155866
155857
155768
155737
155717
155697
155657
155619
155604
155591
155582
155558
155544
155541
155534
155525
155476
155470
155405
155403
155391
155355
155334
155293
155274
155248
155220
155189
155179
155175
155171
155119
155096
155043
155036
155020
155007
154994
154931
154927
154839
154828
154821
154815
154795
154783
154774
154771
154752
154748
154700
154691
154533
154473
154461
154457
154425
154421
154297
154280
154229
154219
154211
154211
154209
154200
154190
154188
154143
154143
154078
154007
154001
153920
153892
153871
153860
153840
153838
153822
153815
153813
153810
153805
153782
153774
153761
153729
153725
153702
153689
153678
153678
153645
153643
153624
153618
153594
153586
153585
153565
153508
153505
153420
153418
153399
153362
153358
153304
153262
153254
153250
153241
153238
153226
153224
153209
153117
153101
153084
153080
153071
153035
153032
153029
153026
153017
153004
152992
152968
152915
152892
152880
152874
152849
152847
152811
152802
152790
152775
152735
152726
152709
152708
152706
152701
152694
152694
152663
152604
152598
152594
152572
152533
152529
152471
152442
152413
152402
152400
152377
152366
152320
152319
152312
152220
152212
152192
152168
152164
152137
152129
152087
152073
152012
151988
151934
151933
151933
151931
151928
151916
151906
151841
151829
151804
151790
151782
151774
151737
151723
151686
151672
151669
151648
151646
151624
151620
151541
151528
151466
151444
151442
151427
151423
151384
151373
151334
151331
151283
151260
151258
151254
151213
151203
151200
151200
151195
151191
151185
151180
151166
151161
151141
151092
151065
151056
151047
151027
151009
150986
150956
150951
150914
150910
150898
150889
150871
150840
150823
150818
150807
150790
150782
150775
150734
150725
150718
150667
150609
150600
150571
150532
150532
150516
150506
150488
150462
150456
150430
150429
150426
150415
150414
150392
150385
150371
150349
150345
150320
150295
150295
150294
150247
150242
150221
150215
150153
150122
150109
150085
150063
150047
150045
150024
149996
149984
149971
149965
149938
149921
149904
149900
149896
149891
149857
149857
149851
149806
149791
149743
149710
149693
149688
149660
149556
149554
149549
149535
149534
149502
149490
149442
149431
149424
149419
149397
149380
149378
149329
149327
149273
149253
149229
149197
149147
149126
149124
149123
149098
149081
149072
149044
149042
149031
149008
149006
148966
148963
148961
148934
148912
148908
148903
148901
148898
148892
148841
148737
148726
148721
148702
148701
148696
148662
148661
148654
148636
148620
148618
148574
148560
148553
148549
148520
148519
148515
148472
148443
148432
148419
148418
148415
148406
148364
148293
148287
148278
148273
148260
148256
148253
148230
148195
148154
148111
148021
148014
147992
147958
147949
147916
147911
147873
147871
147863
147862
147837
147820
147787
147756
147746
147740
147733
147696
147674
147668
147657
147635
147603
147584
147583
147559
147550
147533
147508
147466
147401
147386
147347
147341
147331
147326
147310
147298
147293
147282
147234
147234
147233
147219
147211
147194
147178
147157
147100
147068
147064
147059
147045
147032
147022
146985
146960
146954
146952
146951
146931
146927
146901
146886
146873
146847
146833
146818
146799
146766
146735
146662
146645
146563
146557
146512
146509
146491
146488
146472
146408
146389
146383
146309
146307
146304
146275
146270
146221
146211
146207
146200
146199
146179
146146
146144
146126
146121
146095
146083
146082
146076
145991
145961
145960
145917
145904
145877
145853
145777
145757
145699
145698
145642
145629
145626
145605
145561
145544
145540
145512
145496
145471
145433
145428
145417
145398
145383
145378
145348
145311
145310
145304
145289
145273
145261
145258
145233
145230
145211
145145
145114
145107
145090
145060
145047
145040
145035
145010
144983
144971
144970
144968
144967
144948
144948
144908
144847
144832
144807
144785
144766
144755
144738
144732
144726
144698
144675
144652
144583
144555
144538
144499
144495
144447
144427
144422
144417
144414
144392
144386
144375
144362
144339
144308
144283
144240
144211
144197
144183
144120
144105
144097
144077
144021
144000
143992
143977
143960
143934
143908
143907
143880
143855
143851
143850
143849
143793
143775
143770
143761
143748
143707
143686
143643
143628
143616
143608
143603
143539
143524
143472
143467
143456
143445
143441
143415
143402
143352
143348
143331
143299
143257
143251
143226
143222
143190
143178
143155
143153
143132
143131
143116
143086
143066
143047
142998
142992
142962
142950
142942
142920
142917
142883
142868
142852
142838
142825
142822
142820
142818
142785
142775
142760
142725
142691
142661
142655
142655
142638
142617
142602
142581
142560
142550
142523
142522
142492
142487
142458
142428
142428
142393
142389
142389
142378
142377
142322
142313
142259
142226
142224
142212
142211
142197
142186
142138
142133
142092
142065
142027
142019
142008
142006
141994
141968
141968
141946
141935
141878
141877
141862
141848
141846
141839
141772
141761
141751
141740
141709
141637
141636
141603
141595
141568
141545
141510
141509
141498
141487
141425
141412
141392
141360
141305
141288
141276
141253
141239
141189
141180
141176
141163
141156
141136
141112
141100
141092
141055
141046
141040
141017
140999
140979
140974
140961
140895
140891
140885
140879
140831
140825
140820
140800
140793
140784
140783
140765
140751
140740
140709
140696
140692
140690
140665
140645
140637
140624
140555
140523
140518
140506
140428
140420
140390
140384
140288
140280
140257
140248
140220
140208
140195
140190
140096
140096
140088
140086
140085
140077
140064
139993
139981
139976
139949
139915
139907
139898
139895
139878
139870
139867
139844
139843
139842
139841
139776
139774
139734
139714
139693
139687
139679
139667
139659
139653
139651
139621
139611
139603
139574
139492
139454
139446
139444
139429
139413
139407
139394
139385
139384
139375
139371
139361
139315
139314
139305
139286
139258
139219
139193
139187
139178
139176
139169
139117
139106
139104
139096
139085
139079
139066
139053
139052
139043
139008
138979
138952
138919
138919
138910
138840
138833
138831
138818
138799
138795
138787
138731
138723
138710
138708
138696
138689
138629
138532
138517
138509
138495
138482
138441
138432
138427
138423
138414
138377
138364
138359
138340
138331
138281
138190
138099
138075
138056
138046
138023
137999
137988
137951
137940
137905
137904
137904
137892
137868
137868
137866
137863
137856
137856
137819
137747
137736
137732
137730
137691
137610
137554
137538
137537
137536
137519
137486
137469
137469
137407
137388
137375
137342
137340
137338
137331
137314
137308
137277
137230
137221
137205
137174
137120
137118
137113
137108
137093
137090
137084
137082
137080
137076
137071
137047
137039
137012
137005
136985
136955
136938
136933
136913
136907
136904
136898
136891
136884
136859
136846
136832
136830
136808
136784
136773
136753
136738
136724
136713
136702
136665
136634
136622
136614
136608
136598
136516
136442
136409
136405
136390
136389
136383
136379
136370
136363
136312
136286
136271
136257
136242
136191
136151
136134
136098
136091
136051
136033
136022
136021
136012
135977
135974
135969
135832
135784
135781
135778
135769
135752
135732
135728
135725
135714
135635
135634
135634
135633
135601
135597
135587
135575
135525
135518
135492
135487
135464
135444
135438
135423
135414
135321
135311
135306
135293
135254
135241
135236
135191
135147
135094
135072
135044
135041
135035
135033
135028
135018
135009
134984
134981
134976
134974
134942
134928
134890
134879
134877
134871
134866
134845
134794
134779
134776
134755
134744
134738
134731
134711
134711
134660
134655
134629
134602
134601
134594
134588
134587
134551
134533
134526
134516
134490
134484
134483
134480
134384
134379
134367
134365
134345
134340
134333
134331
134290
134270
134261
134249
134239
134200
134193
134179
134177
134166
134114
134099
134062
134044
133962
133930
133929
133920
133912
133891
133879
133837
133822
133819
133801
133794
133781
133753
133728
133721
133683
133681
133679
133651
133643
133622
133622
133617
133615
133606
133581
133541
133539
133529
133524
133508
133485
133467
133410
133386
133375
133352
133330
133325
133294
133279
133255
133236
133227
133202
133196
133186
133179
133161
133145
133115
133106
133083
133067
133049
133038
133016
133015
132976
132929
132913
132841
132832
132795
132788
132745
132725
132720
132659
132642
132635
132626
132607
132604
132593
132591
132582
132513
132488
132474
132458
132453
132442
132394
132392
132331
132330
132321
132316
132314
132289
132267
132233
132229
132204
132193
132192
132185
132178
132166
132162
132161
132152
132143
132113
132093
132082
132069
132060
132047
132025
131995
131974
131969
131966
131964
131911
131891
131853
131847
131793
131785
131747
131726
131723
131689
131684
131675
131674
131665
131590
131583
131579
131577
131543
131503
131498
131417
131395
131357
131326
131321
131281
131269
131231
131168
131168
131166
131082
131075
131060
131060
131000
130942
130938
130885
130872
130869
130866
130865
130847
130836
130813
130809
130804
130783
130765
130709
130683
130646
130638
130628
130625
130621
130610
130592
130580
130571
130563
130551
130549
130528
130417
130415
130391
130391
130388
130365
130361
130357
130354
130341
130333
130322
130310
130299
130272
130263
130228
130207
130192
130189
130183
130163
130162
130157
130155
130087
130069
130055
130051
130040
130023
129988
129977
129936
129902
129870
129847
129844
129833
129816
129809
129799
129793
129782
129780
129776
129775
129758
129753
129714
129692
129677
129671
129623
129607
129601
129592
129523
129486
129485
129471
129470
129448
129433
129403
129389
129356
129342
129330
129312
129307
129303
129290
129284
129262
129261
129258
129252
129245
129244
129231
129214
129206
129202
129174
129165
129101
129099
129097
129090
129076
129074
129054
129042
129033
128969
128968
128965
128938
128936
128911
128899
128867
128843
128842
128811
128805
128785
128766
128762
128739
128711
128662
128638
128631
128626
128624
128562
128550
128508
128464
128460
128421
128417
128367
128364
128361
128354
128352
128325
128318
128288
128270
128263
128245
128238
128220
128218
128209
128191
128124
128077
128073
128068
128053
128012
127964
127818
127765
127728
127712
127692
127673
127639
127634
127633
127629
127620
127614
127605
127585
127550
127542
127513
127511
127477
127468
127462
127434
127421
127386
127382
127382
127343
127315
127304
127293
127248
127237
127215
127175
127149
127108
127108
127102
127091
127080
127059
127041
127033
127024
127007
127005
126995
126955
126951
126916
126916
126910
126902
126876
126863
126847
126836
126823
126812
126810
126801
126780
126740
126718
126612
126612
126582
126511
126506
126504
126496
126459
126424
126414
126411
126400
126386
126382
126374
126366
126345
126317
126309
126276
126268
126178
126166
126161
126147
126119
126110
126096
126084
126062
126056
126034
126014
125980
125974
125972
125944
125928
125914
125914
125893
125891
125844
125836
125825
125814
125812
125795
125763
125761
125704
125701
125691
125645
125638
125634
125615
125600
125592
125590
125576
125565
125532
125525
125480
125473
125469
125457
125419
125402
125396
125382
125346
125333
125327
125310
125298
125281
125251
125246
125210
125205
125195
125188
125166
125128
125123
125115
125114
125113
125077
124976
124962
124937
124933
124895
124893
124890
124887
124885
124874
124859
124859
124853
124853
124843
124818
124817
124803
124801
124796
124790
124754
124725
124720
124683
124611
124566
124562
124544
124529
124520
124509
124503
124488
124469
124452
124418
124384
124379
124277
124266
124218
124217
124216
124206
124205
124193
124154
124145
124136
124080
124067
124015
124005
124001
123982
123971
123941
123941
123910
123906
123814
123802
123792
123761
123739
123732
123720
123695
123687
123625
123613
123605
123594
123587
123560
123492
123451
123435
123434
123407
123405
123404
123382
123370
123266
123245
123232
123184
123177
123176
123154
123151
123100
123071
123062
123048
123023
123006
122997
122995
122945
122924
122920
122889
122854
122844
122843
122829
122827
122780
122762
122748
122740
122724
122723
122718
122716
122698
122681
122655
122642
122596
122587
122575
122564
122517
122507
122498
122385
122344
122285
122266
122246
122245
122231
122222
122222
122196
122193
122185
122178
122131
122123
122109
122101
122092
122088
122074
122060
122045
122036
122011
121988
121952
121931
121919
121918
121917
121901
121867
121844
121820
121818
121739
121737
121736
121726
121723
121711
121686
121658
121634
121627
121621
121604
121501
121491
121487
121486
121475
121410
121391
121381
121367
121348
121293
121292
121286
121285
121282
121281
121277
121276
121235
121221
121199
121172
121171
121148
121123
121093
121092
121079
120998
120977
120961
120946
120929
120926
120914
120866
120862
120856
120826
120802
120800
120747
120744
120717
120681
120660
120657
120483
120476
120463
120448
120396
120384
120380
120378
120329
120287
120269
120236
120199
120189
120184
120172
120150
120130
120089
120060
120033
120027
120024
119988
119984
119974
119946
119943
119924
119897
119881
119872
119846
119846
119835
119798
119792
119770
119766
119744
119697
119692
119672
119619
119597
119589
119580
119564
119560
119539
119529
119521
119493
119490
119459
119433
119410
119386
119383
119365
119341
119336
119269
119230
119182
119111
119077
119064
119060
119052
119015
119003
118970
118959
118943
118901
118875
118859
118824
118754
118741
118706
118693
118682
118668
118659
118645
118643
118564
118464
118452
118444
118428
118421
118396
118393
118392
118384
118372
118278
118264
118198
118161
118144
118143
118125
118106
118090
118010
118003
117992
117961
117932
117929
117906
117899
117862
117849
117815
117807
117806
117730
117728
117724
117709
117695
117645
117637
117623
117620
117580
117577
117520
117482
117466
117440
117386
117305
117305
117303
117282
117280
117270
117253
117246
117212
117212
117204
117201
117188
117177
117170
117170
117088
117048
117024
116989
116978
116957
116909
116896
116895
116881
116874
116834
116827
116821
116819
116802
116758
116751
116748
116748
116668
116659
116659
116650
116607
116577
116571
116539
116519
116505
116501
116485
116464
116460
116393
116372
116368
116344
116332
116320
116313
116313
116310
116308
116285
116278
116273
116272
116270
116242
116229
116203
116187
116156
116151
116151
116139
116116
116096
116085
116075
116051
116030
116028
115998
115996
115996
115987
115983
115982
115850
115848
115835
115806
115794
115790
115769
115767
115761
115740
115736
115732
115715
115709
115705
115660
115645
115611
115555
115539
115532
115513
115503
115479
115474
115395
115377
115373
115352
115340
115329
115282
115278
115256
115225
115215
115210
115189
115138
115126
115084
115084
115071
115028
115020
115007
115002
114989
114961
114945
114939
114936
114931
114926
114917
114894
114883
114852
114847
114843
114824
114801
114768
114743
114713
114675
114675
114632
114621
114615
114606
114579
114572
114569
114555
114513
114485
114472
114439
114418
114375
114352
114342
114282
114271
114262
114247
114216
114202
114199
114154
114140
114119
114090
114046
114045
114039
114028
114024
113989
113982
113979
113968
113928
113865
113836
113827
113803
113713
113713
113706
113697
113677
113672
113670
113668
113660
113648
113633
113581
113574
113569
113564
113562
113549
113544
113534
113503
113501
113459
113425
113400
113382
113364
113362
113337
113326
113324
113305
113288
113259
113219
113218
113186
113185
113185
113182
113169
113164
113150
113144
113139
113119
113094
113077
113071
113066
113064
113047
113020
112979
112975
112951
112923
112914
112903
112872
112858
112854
112832
112829
112803
112763
112744
112741
112729
112698
112697
112694
112675
112672
112657
112627
112614
112611
112605
112580
112569
112551
112546
112437
112434
112423
112421
112419
112418
112413
112411
112400
112378
112367
112345
112333
112333
112325
112295
112284
112278
112240
112224
112213
112197
112186
112184
112140
112131
112112
112110
112094
112072
112069
112047
112025
112013
112001
111974
111961
111958
111927
111922
111906
111871
111868
111856
111835
111806
111787
111774
111728
111672
111648
111636
111615
111606
111589
111577
111555
111526
111518
111516
111489
111455
111442
111433
111426
111404
111380
111354
111341
111314
111294
111288
111282
111262
111240
111198
111195
111191
111137
111112
111102
111088
111081
111067
111057
111018
111003
111000
110999
110994
110969
110911
110909
110901
110874
110852
110845
110842
110820
110760
110756
110749
110695
110681
110660
110659
110653
110597
110597
110568
110558
110548
110545
110520
110519
110494
110484
110470
110460
110445
110426
110358
110287
110287
110273
110241
110237
110198
110173
110148
110119
110075
110067
109992
109960
109956
109945
109911
109881
109834
109833
109825
109810
109795
109787
109770
109767
109762
109746
109715
109696
109672
109661
109658
109649
109637
109553
109532
109519
109460
109460
109438
109407
109407
109402
109399
109395
109361
109303
109257
109247
109240
109208
109206
109205
109191
109166
109122
109117
109060
109045
109034
109007
108996
108987
108962
108938
108932
108906
108904
108899
108880
108855
108790
108779
108752
108728
108725
108714
108713
108597
108551
108550
108537
108535
108511
108508
108471
108469
108443
108431
108425
108420
108419
108389
108387
108383
108377
108365
108354
108333
108329
108326
108304
108295
108262
108261
108231
108229
108226
108132
108104
108099
108082
108064
108044
107990
107988
107980
107972
107965
107951
107913
107899
107881
107852
107828
107814
107761
107742
107739
107733
107712
107687
107667
107661
107659
107599
107590
107587
107557
107532
107519
107444
107441
107426
107423
107388
107369
107356
107338
107329
107295
107251
107232
107205
107204
107195
107183
107180
107159
107158
107143
107120
107113
107090
107069
107058
107040
106988
106953
106947
106920
106870
106860
106846
106813
106813
106811
106809
106730
106716
106710
106709
106684
106651
106632
106631
106608
106568
106567
106560
106556
106529
106519
106507
106492
106486
106475
106456
106451
106450
106432
106362
106362
106351
106314
106308
106303
106264
106254
106250
106212
106176
106133
106114
106112
106110
106087
106081
106060
106046
106035
106010
105980
105980
105968
105967
105936
105931
105902
105885
105878
105848
105847
105795
105781
105734
105650
105614
105606
105591
105559
105547
105525
105519
105468
105451
105433
105402
105389
105380
105377
105375
105369
105352
105341
105326
105264
105234
105185
105184
105175
105138
105111
105102
105088
105075
105070
105034
105030
105023
104974
104971
104911
104898
104887
104880
104831
104830
104822
104815
104773
104771
104765
104745
104744
104736
104694
104689
104647
104604
104580
104576
104572
104542
104539
104524
104515
104506
104502
104470
104456
104454
104447
104418
104376
104333
104330
104328
104318
104302
104272
104250
104247
104245
104233
104229
104184
104168
104162
104146
104137
104076
104004
103950
103922
103919
103915
103910
103906
103895
103881
103829
103812
103789
103754
103747
103689
103663
103661
103657
103648
103643
103635
103616
103601
103591
103589
103565
103563
103557
103527
103440
103439
103423
103419
103397
103394
103382
103375
103356
103328
103319
103311
103210
103205
103169
103134
103127
103105
103079
103076
103074
103074
103045
103044
103043
103039
103012
102963
102948
102924
102890
102870
102870
102862
102859
102845
102844
102842
102840
102837
102829
102808
102793
102791
102759
102749
102733
102729
102699
102682
102613
102602
102594
102593
102531
102428
102425
102415
102387
102364
102342
102275
102257
102250
102228
102224
102202
102108
102100
102092
102080
102078
102064
102063
102060
102039
102033
102027
101987
101984
101963
101951
101947
101944
101905
101881
101861
101849
101835
101834
101833
101833
101818
101817
101814
101766
101695
101662
101604
101599
101590
101575
101568
101563
101542
101538
101523
101518
101517
101511
101509
101475
101472
101444
101443
101437
101390
101340
101321
101304
101291
101242
101210
101207
101175
101157
101155
101148
101113
101108
101073
101048
101001
100981
100917
100891
100884
100879
100858
100852
100847
100831
100824
100822
100807
100790
100781
100744
100725
100660
100658
100645
100630
100629
100624
100615
100608
100591
100588
100575
100573
100552
100550
100548
100516
100489
100470
100465
100451
100424
100384
100377
100317
100304
100292
100276
100194
100183
100181
100180
100179
100178
100163
100161
100161
100145
100133
100075
99991
99931
99832
99813
99792
99752
99727
99644
99622
99615
99605
99567
99565
99518
99504
99494
99436
99386
99379
99365
99348
99347
99345
99342
99321
99310
99308
99296
99296
99285
99281
99261
99226
99225
99205
99204
99186
99168
99160
99119
99112
99104
99084
99071
99070
99063
99053
99035
99014
99009
99003
98983
98948
98902
98870
98818
98785
98760
98742
98716
98695
98694
98688
98682
98672
98629
98582
98574
98563
98557
98537
98534
98532
98519
98490
98425
98410
98409
98344
98267
98257
98229
98224
98222
98215
98204
98180
98167
98110
98106
98012
98002
97990
97988
97961
97923
97874
97857
97841
97841
97834
97823
97798
97766
97752
97732
97706
97685
97650
97626
97611
97605
97565
97564
97517
97500
97480
97478
97445
97406
97377
97343
97331
97309
97293
97245
97227
97189
97159
97121
97118
97111
97101
97100
97081
97036
97013
97000
96997
96932
96907
96904
96893
96854
96840
96807
96806
96794
96786
96758
96738
96723
96711
96701
96687
96674
96626
96478
96452
96442
96432
96424
96421
96409
96386
96383
96333
96332
96295
96253
96223
96220
96189
96185
96183
96166
96161
96158
96158
96136
96125
96123
96121
95989
95975
95974
95973
95967
95956
95946
95938
95910
95910
95908
95886
95881
95859
95859
95840
95838
95836
95831
95816
95812
95800
95795
95748
95721
95715
95694
95692
95679
95648
95641
95638
95626
95617
95550
95528
95525
95514
95505
95486
95402
95340
95325
95323
95300
95292
95243
95238
95237
95213
95195
95190
95190
95172
95162
95160
95155
95153
95126
95124
95119
95113
95104
95085
95029
95016
94945
94907
94883
94871
94864
94826
94821
94817
94735
94720
94698
94639
94635
94622
94587
94572
94543
94535
94489
94479
94465
94437
94377
94363
94333
94324
94306
94277
94272
94251
94220
94210
94190
94135
94114
94106
94081
94068
94025
94014
94009
94006
94004
93990
93983
93975
93965
93952
93912
93911
93885
93875
93864
93820
93784
93769
93748
93748
93713
93690
93689
93677
93659
93635
93608
93578
93577
93560
93554
93545
93509
93476
93465
93410
93405
93389
93389
93365
93348
93344
93263
93249
93225
93204
93165
93136
93110
93099
93076
93065
93064
93049
93015
93012
92936
92928
92910
92836
92800
92794
92768
92746
92741
92712
92697
92669
92667
92660
92638
92624
92616
92549
92511
92502
92491
92469
92469
92460
92457
92445
92429
92420
92405
92391
92371
92358
92357
92354
92344
92343
92341
92309
92282
92250
92248
92246
92234
92221
92220
92200
92195
92191
92181
92152
92069
92060
92057
92044
92041
92041
92040
92035
92032
92025
92015
91997
91951
91946
91921
91916
91846
91833
91816
91808
91731
91728
91706
91644
91643
91589
91581
91570
91541
91536
91534
91520
91511
91490
91470
91466
91458
91434
91423
91416
91413
91406
91382
91381
91301
91300
91295
91282
91278
91276
91259
91199
91178
91169
91165
91156
91125
91112
91093
91078
91042
91039
90998
90976
90963
90955
90947
90938
90908
90901
90897
90891
90888
90873
90854
90837
90781
90773
90756
90752
90744
90734
90702
90672
90628
90612
90591
90570
90559
90547
90530
90529
90528
90515
90505
90485
90478
90469
90455
90423
90423
90420
90387
90382
90379
90350
90320
90315
90277
90239
90207
90202
90198
90197
90149
90148
90138
90136
90120
90116
90040
90039
90021
89999
89992
89984
89972
89949
89939
89917
89863
89858
89821
89820
89816
89770
89767
89761
89757
89746
89712
89685
89629
89615
89608
89587
89576
89553
89549
89524
89490
89476
89437
89390
89389
89373
89364
89345
89339
89331
89326
89325
89321
89298
89260
89224
89223
89217
89182
89174
89172
89143
89114
89089
89043
89039
89032
89028
89021
89019
88970
88945
88935
88903
88899
88894
88850
88809
88769
88729
88728
88681
88668
88665
88643
88629
88627
88580
88558
88552
88542
88493
88467
88437
88411
88409
88397
88374
88363
88319
88269
88264
88264
88243
88234
88207
88200
88193
88176
88173
88168
88149
88144
88137
88120
88096
87997
87991
87973
87930
87920
87901
87898
87890
87862
87838
87778
87767
87679
87664
87658
87584
87502
87455
87422
87417
87407
87384
87356
87351
87350
87338
87320
87266
87264
87250
87198
87178
87159
87131
87088
87087
87080
87054
87034
87020
86997
86997
86969
86963
86961
86956
86948
86940
86937
86933
86914
86876
86841
86829
86817
86780
86775
86757
86757
86750
86737
86723
86715
86709
86696
86691
86679
86585
86518
86488
86464
86463
86460
86455
86448
86445
86405
86399
86393
86350
86341
86321
86318
86264
86257
86216
86211
86205
86201
86169
86097
86086
86082
86074
86065
86053
86002
85996
85991
85985
85947
85945
85939
85932
85918
85913
85910
85877
85876
85871
85867
85845
85844
85774
85760
85740
85723
85717
85716
85715
85660
85655
85645
85638
85616
85541
85524
85498
85480
85463
85444
85441
85405
85391
85378
85370
85350
85340
85328
85327
85324
85308
85302
85296
85280
85276
85245
85144
85097
85085
85073
85072
85048
85033
85031
84988
84977
84967
84937
84919
84881
84878
84876
84863
84846
84824
84796
84749
84728
84721
84714
84702
84687
84608
84587
84470
84428
84420
84418
84359
84358
84252
84188
84174
84141
84121
84115
84107
84098
84086
84078
84077
84072
84069
84015
84006
83980
83979
83945
83906
83899
83886
83873
83867
83849
83834
83825
83819
83794
83773
83753
83745
83745
83737
83673
83651
83639
83636
83627
83614
83610
83604
83603
83575
83568
83532
83525
83521
83503
83499
83463
83454
83411
83365
83319
83297
83289
83274
83273
83237
83204
83195
83191
83191
83158
83155
83120
83074
83072
83066
83034
82974
82967
82947
82942
82934
82927
82917
82890
82831
82814
82809
82795
82794
82793
82754
82752
82747
82744
82737
82720
82695
82686
82680
82622
82578
82573
82509
82462
82453
82447
82433
82425
82422
82388
82367
82361
82345
82334
82317
82314
82261
82261
82245
82228
82211
82201
82155
82150
82100
82095
82095
82060
82058
82023
82023
82017
81991
81975
81917
81910
81871
81863
81858
81829
81810
81789
81782
81773
81765
81746
81734
81699
81695
81683
81581
81571
81560
81553
81507
81468
81390
81383
81380
81338
81303
81276
81276
81263
81244
81212
81158
81140
81129
81128
81114
81063
81058
80972
80964
80947
80943
80923
80907
80898
80887
80854
80851
80836
80790
80784
80762
80731
80722
80692
80617
80579
80573
80567
80545
80543
80516
80498
80483
80462
80460
80434
80414
80395
80395
80358
80313
80288
80286
80286
80282
80272
80257
80222
80192
80177
80175
80172
80168
80134
80109
80094
80088
80043
80020
80008
79956
79953
79942
79928
79891
79890
79886
79849
79801
79787
79779
79774
79760
79758
79738
79735
79729
79708
79703
79671
79658
79639
79635
79625
79624
79584
79583
79575
79526
79515
79502
79502
79501
79495
79475
79414
79414
79337
79317
79266
79240
79222
79214
79205
79144
79117
79087
79077
79034
79022
79000
78991
78960
78936
78926
78913
78851
78842
78818
78784
78755
78728
78717
78686
78677
78672
78670
78656
78620
78612
78577
78562
78560
78522
78520
78490
78489
78471
78471
78470
78465
78433
78420
78411
78406
78401
78400
78328
78327
78269
78269
78268
78250
78221
78190
78189
78172
78153
78129
78126
78107
78089
78056
78049
78039
78012
78004
77980
77969
77931
77926
77920
77899
77807
77769
77765
77763
77751
77722
77695
77665
77636
77634
77625
77616
77554
77510
77486
77461
77443
77431
77406
77405
77392
77376
77373
77367
77340
77315
77290
77202
77190
77167
77164
77148
77131
77125
77080
77029
77022
77011
76978
76942
76938
76921
76917
76907
76905
76896
76886
76876
76844
76808
76766
76705
76696
76694
76683
76680
76627
76627
76602
76584
76572
76562
76535
76505
76501
76495
76448
76394
76370
76319
76308
76296
76291
76283
76272
76257
76224
76208
76200
76169
76157
76152
76150
76134
76080
76056
76055
76029
76005
75994
75965
75918
75915
75875
75859
75852
75823
75814
75798
75768
75764
75757
75749
75747
75726
75720
75696
75686
75676
75672
75659
75624
75519
75461
75456
75455
75453
75376
75338
75320
75281
75269
75264
75239
75176
75171
75163
75151
75112
75109
75097
75074
75034
75004
74995
74981
74866
74858
74818
74810
74790
74769
74766
74765
74758
74751
74744
74731
74721
74720
74713
74633
74615
74544
74526
74481
74472
74436
74429
74418
74404
74350
74348
74345
74332
74328
74325
74308
74307
74289
74284
74272
74259
74252
74161
74147
74119
74107
74094
74090
74085
74083
73997
73991
73981
73960
73956
73956
73944
73926
73907
73870
73866
73853
73853
73848
73839
73830
73773
73754
73749
73741
73740
73725
73712
73686
73680
73629
73584
73576
73551
73550
73526
73520
73501
73498
73467
73427
73422
73408
73368
73357
73339
73329
73278
73241
73238
73189
73169
73160
73154
73152
73139
73129
73049
73005
72968
72945
72943
72849
72841
72826
72819
72797
72767
72756
72752
72715
72713
72700
72698
72696
72690
72613
72569
72562
72557
72545
72541
72539
72539
72532
72528
72523
72490
72416
72411
72404
72382
72355
72352
72332
72323
72285
72268
72252
72251
72246
72220
72184
72139
72134
72113
72098
72069
72042
71970
71953
71920
71891
71877
71844
71817
71814
71807
71776
71720
71705
71692
71633
71616
71611
71594
71576
71491
71489
71480
71475
71473
71453
71446
71433
71426
71421
71405
71375
71370
71364
71318
71227
71212
71203
71194
71153
71148
71132
71102
71069
71002
71001
70996
70980
70961
70957
70932
70924
70920
70900
70897
70885
70794
70705
70704
70695
70665
70660
70656
70619
70618
70596
70592
70567
70567
70563
70507
70460
70437
70419
70416
70400
70361
70348
70341
70299
70284
70242
70205
70201
70179
70163
70149
70127
70126
70091
70081
70055
70017
69995
69984
69968
69966
69960
69954
69909
69864
69803
69789
69787
69786
69783
69751
69749
69707
69700
69693
69668
69655
69627
69622
69619
69617
69546
69520
69456
69360
69339
69332
69322
69310
69294
69292
69275
69265
69262
69260
69255
69218
69192
69177
69174
69144
69105
69088
69075
69072
69067
69035
69010
68998
68958
68939
68911
68852
68831
68823
68794
68788
68746
68743
68697
68678
68636
68630
68582
68566
68549
68515
68499
68492
68473
68460
68451
68401
68376
68361
68317
68267
68265
68255
68222
68198
68173
68165
68164
68129
68109
68032
67950
67932
67928
67903
67899
67883
67870
67847
67846
67844
67834
67783
67767
67733
67714
67712
67710
67697
67676
67667
67661
67646
67637
67630
67596
67522
67507
67491
67490
67482
67480
67453
67448
67429
67425
67408
67396
67386
67379
67368
67337
67336
67331
67306
67285
67261
67257
67247
67236
67218
67182
67145
67118
67104
67100
67085
67082
67081
67068
67048
67043
67039
67006
66957
66945
66944
66899
66880
66831
66806
66785
66753
66647
66619
66591
66575
66563
66559
66537
66482
66477
66464
66412
66371
66342
66321
66302
66291
66274
66244
66226
66218
66195
66185
66158
66157
66153
66147
66133
66130
66104
66093
66049
66021
66015
65993
65989
65984
65903
65890
65886
65844
65828
65819
65819
65784
65768
65762
65758
65737
65731
65675
65670
65629
65621
65617
65600
65580
65564
65530
65523
65518
65510
65510
65508
65502
65469
65463
65443
65440
65424
65374
65372
65360
65342
65324
65309
65298
65291
65269
65253
65161
65153
65133
65130
65078
65045
65039
65014
65012
64985
64974
64974
64972
64950
64945
64921
64899
64897
64884
64834
64824
64786
64784
64755
64751
64743
64726
64721
64716
64715
64714
64711
64697
64695
64646
64631
64601
64596
64594
64584
64577
64569
64568
64566
64549
64526
64491
64484
64472
64461
64450
64430
64404
64341
64328
64326
64310
64288
64283
64269
64223
64212
64194
64191
64173
64110
64108
64079
64049
64046
63990
63869
63866
63855
63844
63843
63843
63827
63788
63758
63738
63726
63722
63713
63709
63671
63595
63591
63591
63535
63493
63492
63492
63487
63479
63445
63428
63420
63398
63394
63318
63304
63285
63274
63234
63227
63222
63204
63158
63137
63048
63038
63019
63012
63000
62970
62940
62936
62922
62879
62846
62762
62731
62715
62674
62642
62638
62610
62605
62601
62588
62578
62577
62533
62511
62492
62465
62463
62456
62441
62424
62406
62365
62359
62328
62311
62217
62178
62160
62131
62109
62075
61982
61960
61952
61927
61882
61873
61843
61840
61803
61762
61655
61599
61558
61556
61534
61529
61522
61514
61437
61415
61409
61328
61321
61306
61278
61268
61241
61203
61178
61151
61136
61107
61089
61057
61009
60991
60987
60964
60922
60907
60876
60843
60811
60784
60784
60784
60751
60711
60697
60654
60586
60583
60555
60545
60526
60525
60513
60511
60413
60411
60398
60347
60299
60298
60268
60264
60221
60202
60195
60184
60184
60162
60153
60149
60135
60125
60119
60107
60096
60089
60065
60030
59998
59968
59960
59958
59947
59921
59912
59906
59856
59843
59816
59801
59797
59785
59754
59753
59748
59608
59574
59561
59559
59514
59513
59480
59454
59451
59449
59360
59309
59293
59265
59264
59249
59240
59232
59188
59179
59144
59141
59099
59095
59067
59063
59037
59024
59008
58993
58989
58970
58970
58952
58906
58893
58888
58881
58859
58790
58784
58756
58731
58710
58707
58693
58678
58675
58674
58665
58658
58651
58632
58618
58617
58604
58594
58552
58550
58549
58531
58516
58503
58494
58447
58319
58306
58304
58298
58284
58131
58059
58043
58029
58016
58005
57991
57955
57946
57946
57927
57899
57893
57792
57784
57764
57744
57740
57737
57732
57713
57695
57667
57638
57630
57624
57622
57611
57597
57576
57500
57500
57499
57493
57472
57356
57326
57301
57283
57256
57255
57232
57165
57161
57154
57133
57131
57097
57068
57062
57060
57057
57029
57000
56995
56889
56879
56875
56865
56861
56819
56817
56802
56797
56787
56739
56732
56724
56715
56691
56689
56672
56669
56662
56661
56649
56646
56640
56624
56621
56602
56598
56572
56568
56554
56535
56510
56484
56446
56407
56377
56376
56339
56320
56311
56268
56242
56221
56218
56189
56186
56178
56174
56126
56119
56096
56073
56051
56039
55996
55981
55953
55951
55942
55938
55912
55910
55877
55866
55846
55819
55813
55799
55789
55768
55650
55621
55618
55596
55559
55550
55531
55522
55505
55503
55473
55420
55379
55359
55298
55286
55243
55235
55225
55218
55194
55179
55162
55152
55129
55097
55084
55066
55062
54994
54991
54984
54949
54943
54942
54922
54913
54911
54886
54863
54824
54817
54800
54780
54750
54750
54745
54729
54726
54720
54714
54681
54662
54659
54613
54581
54575
54571
54542
54453
54451
54444
54439
54431
54373
54356
54337
54252
54247
54239
54214
54212
54200
54196
54140
54126
54087
54072
54065
54045
54036
54010
53971
53954
53881
53879
53866
53851
53834
53826
53803
53796
53756
53750
53743
53696
53690
53675
53671
53669
53648
53609
53609
53598
53563
53533
53516
53497
53486
53482
53471
53469
53466
53449
53436
53433
53428
53419
53388
53377
53370
53369
53333
53247
53231
53192
53179
53116
53086
53080
53063
53060
53038
52977
52936
52914
52817
52791
52758
52752
52738
52717
52703
52679
52663
52656
52612
52610
52609
52602
52589
52569
52562
52551
52544
52537
52531
52523
52522
52505
52504
52485
52479
52424
52401
52401
52393
52348
52313
52308
52243
52243
52225
52225
52214
52205
52190
52178
52175
52170
52140
52106
52081
51988
51967
51956
51900
51873
51871
51870
51859
51825
51785
51782
51770
51730
51690
51644
51625
51571
51557
51546
51524
51516
51397
51381
51377
51343
51334
51333
51321
51305
51242
51221
51187
51177
51166
51134
51126
51092
51091
51043
51039
50995
50945
50917
50868
50856
50856
50804
50782
50752
50732
50678
50657
50656
50652
50647
50625
50617
50605
50582
50576
50546
50520
50518
50477
50448
50420
50387
50375
50375
50281
50236
50217
50145
50134
50133
50046
50031
50002
49994
49980
49963
49911
49902
49825
49796
49769
49731
49717
49710
49708
49706
49685
49656
49634
49625
49620
49604
49583
49558
49552
49515
49511
49504
49503
49455
49437
49421
49404
49388
49387
49334
49331
49328
49322
49312
49306
49304
49280
49239
49205
49201
49196
49189
49157
49154
49133
49123
49103
49090
49027
49021
48914
48886
48886
48855
48817
48760
48756
48750
48742
48703
48681
48652
48651
48643
48637
48594
48592
48585
48580
48544
48539
48534
48534
48491
48484
48478
48472
48355
48324
48317
48271
48246
48232
48198
48149
48143
48142
48116
48105
48079
48063
48063
48056
48045
48030
47991
47988
47964
47957
47954
47921
47921
47917
47862
47845
47839
47837
47820
47812
47798
47794
47783
47734
47722
47718
47717
47712
47711
47704
47702
47685
47682
47658
47656
47605
47593
47579
47577
47548
47515
47503
47497
47493
47478
47447
47421
47401
47396
47378
47359
47325
47318
47311
47297
47295
47259
47250
47246
47235
47218
47199
47144
47128
47121
47120
47107
47092
47086
47086
47070
47063
47038
46948
46917
46916
46901
46866
46803
46779
46770
46763
46759
46758
46751
46741
46727
46709
46709
46705
46654
46616
46616
46616
46598
46588
46567
46552
46542
46541
46480
46471
46418
46386
46345
46251
46227
46224
46216
46205
46175
46160
46158
46136
46118
46115
46091
46076
46029
46000
45992
45979
45962
45949
45926
45900
45889
45887
45877
45860
45838
45823
45801
45793
45743
45724
45699
45660
45628
45598
45589
45557
45549
45540
45537
45525
45517
45508
45484
45469
45386
45361
45360
45283
45274
45245
45233
45232
45224
45222
45197
45189
45186
45168
45139
45129
45099
45096
45091
45089
45077
45075
45012
44999
44993
44974
44958
44934
44903
44887
44865
44854
44824
44813
44803
44796
44738
44722
44707
44702
44690
44690
44689
44681
44679
44674
44664
44648
44645
44639
44628
44623
44572
44572
44551
44485
44468
44453
44416
44414
44376
44351
44341
44340
44318
44281
44276
44270
44264
44237
44233
44208
44203
44155
44142
44121
44119
44115
44105
44100
44090
44054
44035
44020
44008
43967
43954
43939
43920
43920
43907
43898
43826
43808
43785
43773
43752
43733
43728
43719
43679
43651
43642
43640
43627
43622
43615
43600
43556
43530
43528
43494
43479
43393
43387
43327
43288
43276
43275
43261
43233
43203
43198
43177
43152
43122
43089
43079
43068
42993
42953
42949
42895
42862
42842
42816
42803
42793
42790
42780
42776
42757
42737
42714
42692
42599
42597
42595
42588
42546
42504
42502
42490
42465
42440
42418
42365
42346
42315
42285
42273
42248
42242
42235
42225
42216
42205
42197
42148
42105
42052
42041
41976
41963
41923
41916
41907
41905
41846
41791
41784
41767
41725
41719
41707
41682
41643
41611
41597
41584
41580
41576
41573
41553
41548
41479
41463
41454
41448
41445
41438
41426
41415
41414
41400
41398
41355
41336
41323
41273
41259
41255
41203
41181
41176
41175
41175
41168
41111
41110
41086
41049
41049
41045
41039
40973
40973
40928
40882
40794
40781
40741
40712
40680
40679
40634
40633
40589
40566
40485
40460
40381
40380
40357
40346
40344
40328
40253
40248
40231
40216
40195
40173
40163
40150
40088
40078
40043
40016
40002
39987
39963
39955
39942
39931
39923
39881
39848
39839
39834
39815
39784
39784
39741
39699
39686
39665
39658
39655
39642
39635
39612
39610
39607
39554
39542
39526
39510
39480
39450
39420
39396
39390
39359
39321
39310
39304
39298
39270
39261
39261
39258
39195
39135
39132
39127
39106
39077
39070
39065
39057
38992
38939
38935
38897
38895
38861
38852
38833
38801
38799
38728
38713
38708
38687
38682
38679
38677
38668
38660
38658
38638
38620
38608
38584
38561
38553
38541
38518
38498
38488
38481
38464
38445
38441
38423
38410
38408
38386
38372
38359
38340
38324
38315
38267
38251
38249
38237
38229
38200
38166
38124
38064
38050
38028
38023
38019
38011
37982
37968
37963
37911
37902
37896
37875
37869
37859
37859
37855
37844
37818
37811
37741
37722
37711
37676
37646
37611
37580
37552
37529
37491
37481
37462
37431
37421
37403
37361
37352
37327
37299
37296
37291
37279
37271
37265
37262
37255
37250
37248
37247
37246
37238
37216
37204
37200
37160
37153
37112
37104
37097
37094
37049
37030
37028
37020
37000
36997
36993
36986
36929
36903
36848
36847
36796
36787
36781
36769
36759
36755
36707
36688
36685
36596
36593
36571
36569
36569
36567
36564
36523
36521
36519
36497
36492
36419
36396
36363
36349
36300
36293
36234
36222
36216
36214
36207
36150
36124
36081
36073
36066
36024
36015
36000
35996
35989
35984
35978
35944
35896
35890
35882
35868
35844
35823
35765
35734
35723
35695
35676
35665
35661
35615
35607
35601
35584
35579
35574
35546
35544
35543
35532
35523
35419
35414
35396
35353
35339
35300
35296
35295
35286
35281
35240
35206
35193
35163
35156
35152
35142
35141
35109
35075
35070
35052
35006
35006
34999
34993
34914
34907
34900
34896
34869
34850
34821
34809
34793
34728
34725
34719
34702
34689
34683
34660
34628
34620
34596
34584
34581
34558
34548
34518
34514
34422
34389
34383
34371
34315
34240
34236
34157
34147
34139
34128
34119
34084
34067
34056
34036
33993
33981
33977
33972
33969
33962
33941
33906
33888
33877
33832
33814
33793
33787
33757
33727
33700
33680
33677
33659
33658
33657
33632
33606
33561
33476
33438
33417
33412
33405
33405
33396
33356
33336
33321
33317
33305
33278
33273
33264
33193
33169
33107
33098
33088
33087
33078
33056
33019
33018
33014
33013
33004
33004
33001
32976
32953
32901
32884
32825
32809
32769
32759
32750
32707
32702
32684
32681
32638
32637
32636
32593
32565
32557
32514
32499
32485
32484
32440
32435
32427
32406
32403
32377
32307
32287
32284
32263
32242
32217
32210
32198
32179
32152
32148
32139
32122
32110
32100
32078
32076
32073
32056
32054
32046
32037
32018
31934
31883
31880
31866
31849
31835
31812
31807
31802
31801
31784
31773
31743
31728
31713
31710
31703
31683
31665
31654
31623
31622
31598
31584
31583
31543
31538
31507
31490
31480
31468
31445
31441
31421
31403
31402
31388
31362
31327
31318
31316
31289
31263
31216
31212
31187
31138
31094
31087
31087
31054
31037
31035
31015
31000
30938
30921
30895
30883
30878
30865
30854
30830
30820
30792
30782
30768
30766
30751
30735
30712
30687
30673
30653
30645
30643
30628
30627
30602
30593
30580
30568
30543
30540
30534
30521
30513
30479
30475
30460
30454
30450
30431
30391
30373
30331
30329
30323
30280
30259
30249
30210
30184
30183
30174
30142
30064
30052
30012
30003
30003
30002
29992
29987
29986
29978
29970
29886
29882
29879
29816
29816
29810
29776
29748
29725
29712
29661
29656
29634
29592
29592
29569
29541
29533
29512
29484
29456
29431
29396
29390
29390
29372
29367
29343
29327
29324
29318
29298
29292
29261
29259
29220
29211
29184
29159
29112
29026
29006
29005
28990
28951
28923
28910
28838
28800
28775
28757
28746
28740
28725
28677
28616
28610
28607
28604
28594
28593
28567
28508
28477
28451
28425
28420
28413
28378
28366
28358
28348
28340
28317
28315
28266
28238
28220
28209
28179
28170
28127
28098
28083
28080
28072
28072
28069
28049
28040
28029
28020
27972
27943
27940
27939
27936
27907
27874
27859
27810
27794
27767
27751
27734
27724
27673
27672
27642
27642
27623
27619
27599
27569
27542
27535
27529
27481
27475
27449
27432
27407
27372
27371
27346
27337
27328
27286
27271
27260
27216
27215
27204
27203
27172
27140
27139
27137
27131
27125
27114
27106
27106
27049
27030
27018
27009
27007
26994
26982
26922
26847
26825
26806
26752
26737
26734
26657
26653
26612
26604
26548
26533
26532
26512
26493
26476
26457
26453
26437
26420
26418
26400
26377
26377
26337
26304
26302
26284
26281
26260
26259
26257
26167
26159
26154
26151
26144
26126
26115
26100
26072
26065
25994
25975
25939
25928
25891
25836
25808
25754
25738
25709
25682
25653
25627
25623
25621
25595
25592
25551
25544
25540
25538
25509
25505
25495
25428
25427
25412
25376
25331
25297
25287
25240
25217
25215
25211
25195
25163
25091
25071
25049
25044
25027
24991
24990
24914
24897
24854
24835
24800
24755
24688
24666
24666
24643
24627
24554
24538
24523
24521
24518
24508
24487
24458
24428
24410
24409
24399
24396
24389
24371
24358
24355
24344
24307
24294
24273
24255
24232
24163
24098
24072
24055
24017
23989
23953
23940
23934
23918
23907
23905
23881
23858
23845
23828
23816
23814
23778
23777
23750
23749
23728
23685
23671
23666
23664
23653
23608
23604
23596
23565
23544
23540
23539
23527
23503
23486
23430
23400
23398
23393
23383
23369
23364
23327
23323
23302
23276
23215
23203
23198
23191
23186
23173
23154
23149
23131
23019
23014
23005
22951
22939
22903
22877
22848
22840
22808
22760
22750
22728
22721
22719
22699
22676
22641
22629
22622
22609
22580
22574
22562
22554
22513
22511
22503
22460
22448
22439
22424
22399
22386
22348
22337
22336
22284
22271
22250
22247
22222
22222
22176
22157
22150
22142
22136
22134
22132
22117
22110
22103
22098
22062
22055
22035
21988
21965
21964
21943
21925
21877
21799
21787
21782
21743
21694
21637
21627
21625
21614
21608
21584
21572
21562
21559
21536
21490
21475
21452
21423
21406
21396
21396
21391
21384
21348
21343
21342
21331
21274
21244
21236
21218
21218
21185
21179
21178
21171
21160
21140
21117
21116
21106
21083
21065
21054
21007
20978
20966
20965
20960
20889
20809
20800
20786
20783
20780
20742
20740
20737
20734
20728
20728
20693
20681
20650
20632
20631
20542
20525
20512
20454
20429
20417
20415
20410
20385
20381
20362
20354
20344
20340
20337
20319
20308
20290
20285
20274
20269
20257
20253
20239
20217
20212
20210
20205
20161
20110
20095
20076
20066
20063
20048
20043
20042
20033
19987
19969
19959
19956
19924
19903
19892
19885
19872
19861
19846
19828
19793
19788
19762
19741
19715
19653
19583
19566
19564
19557
19548
19548
19486
19449
19445
19416
19383
19379
19375
19359
19359
19357
19312
19309
19303
19236
19231
19222
19199
19168
19140
19129
19080
19055
19042
19034
18965
18942
18937
18892
18860
18844
18838
18762
18760
18753
18715
18691
18655
18638
18628
18622
18608
18555
18458
18430
18415
18361
18300
18280
18274
18272
18214
18213
18211
18155
18142
18129
18124
18119
18105
18104
18098
18084
18082
18078
18066
18060
18050
18047
18037
18037
18030
18004
18001
17988
17987
17979
17958
17955
17903
17896
17883
17849
17798
17791
17790
17771
17760
17732
17699
17687
17670
17630
17581
17545
17511
17413
17392
17331
17328
17315
17296
17294
17282
17275
17269
17238
17236
17229
17207
17201
17160
17138
17124
17098
17078
17045
16944
16928
16903
16813
16803
16800
16798
16775
16763
16732
16672
16669
16641
16594
16590
16577
16539
16537
16529
16413
16412
16405
16365
16253
16252
16188
16174
16158
16154
16098
16079
16076
16055
16050
15962
15932
15915
15907
15766
15732
15714
15712
15672
15642
15603
15527
15526
15495
15485
15484
15461
15446
15406
15390
15377
15341
15276
15256
15210
15152
15137
15116
15025
15018
15002
14972
14964
14953
14928
14926
14859
14849
14816
14811
14788
14777
14775
14771
14764
14743
14736
14724
14689
14681
14662
14652
14615
14561
14495
14461
14412
14411
14402
14399
14363
14352
14344
14313
14308
14294
14285
14260
14246
14215
14208
14202
14192
14188
14177
14166
14141
14127
14112
14110
14076
14051
14045
14017
13963
13950
13897
13895
13872
13817
13815
13801
13789
13787
13754
13753
13717
13696
13669
13624
13615
13546
13515
13497
13476
13446
13424
13401
13399
13370
13354
13352
13352
13263
13242
13235
13234
13222
13198
13192
13161
13128
13101
13090
13075
13029
13020
13003
12999
12965
12953
12947
12895
12872
12817
12807
12801
12767
12720
12697
12678
12641
12641
12623
12615
12553
12533
12528
12524
12517
12516
12493
12490
12468
12467
12389
12376
12354
12346
12324
12314
12302
12296
12272
12258
12245
12211
12196
12182
12168
12160
12160
12150
12114
12111
12082
12054
12036
11962
11956
11953
11931
11905
11853
11807
11735
11719
11708
11642
11636
11621
11616
11575
11565
11552
11548
11459
11447
11444
11422
11406
11378
11350
11340
11337
11336
11335
11327
11254
11246
11215
11211
11206
11202
11197
11164
11147
11115
11082
11028
10992
10965
10922
10912
10797
10789
10740
10739
10724
10682
10663
10618
10583
10579
10543
10530
10524
10518
10511
10455
10447
10438
10436
10403
10385
10375
10352
10328
10323
10317
10313
10303
10275
10259
10188
10181
10171
10126
10091
10052
10028
10023
9978
9973
9965
9863
9860
9854
9851
9845
9830
9817
9803
9792
9786
9779
9759
9752
9732
9721
9711
9710
9692
9638
9634
9606
9588
9582
9578
9552
9531
9522
9517
9495
9484
9482
9480
9473
9461
9454
9432
9425
9395
9307
9284
9275
9272
9266
9264
9261
9240
9203
9203
9184
9180
9178
9178
9148
9136
9132
9131
9129
9112
9097
9052
9044
9040
9033
9005
8966
8951
8949
8946
8939
8918
8912
8911
8895
8881
8819
8812
8810
8803
8786
8772
8750
8744
8698
8662
8622
8619
8587
8483
8435
8284
8283
8279
8248
8230
8213
8209
8205
8192
8171
8165
8131
8089
8049
8046
7995
7982
7975
7974
7970
7956
7955
7949
7946
7935
7885
7885
7868
7852
7849
7847
7844
7815
7794
7694
7681
7663
7656
7591
7580
7568
7531
7530
7523
7503
7491
7480
7459
7441
7389
7369
7329
7325
7319
7276
7252
7235
7203
7199
7192
7175
7172
7167
7166
7162
7146
7143
7101
7079
7078
7077
7061
7060
7060
6990
6935
6933
6874
6867
6859
6857
6820
6788
6785
6779
6762
6753
6731
6686
6629
6582
6555
6543
6533
6524
6497
6488
6479
6468
6466
6463
6431
6427
6426
6425
6414
6411
6407
6375
6366
6352
6342
6336
6328
6322
6320
6308
6307
6296
6290
6281
6261
6258
6238
6236
6231
6200
6189
6170
6137
6111
6095
6083
6078
6064
6046
6044
6039
6039
6030
6025
6013
5985
5965
5935
5925
5915
5882
5873
5862
5849
5842
5841
5815
5793
5769
5768
5746
5741
5725
5592
5563
5561
5534
5525
5515
5494
5476
5467
5417
5411
5404
5392
5380
5365
5351
5342
5333
5275
5254
5240
5216
5215
5192
5136
5134
5116
5112
5100
5092
5089
5080
5079
5074
5073
5065
5059
5051
5044
5043
4989
4983
4982
4981
4972
4941
4939
4938
4895
4855
4825
4804
4802
4788
4765
4761
4748
4731
4722
4693
4691
4673
4659
4625
4587
4564
4489
4486
4435
4433
4399
4388
4381
4379
4375
4371
4339
4325
4300
4295
4287
4271
4249
4246
4244
4243
4234
4231
4228
4216
4208
4193
4192
4175
4157
4142
4133
4107
4107
4095
4081
4073
4070
4064
4058
4036
4035
4007
3988
3961
3952
3945
3941
3940
3922
3909
3900
3898
3892
3871
3834
3822
3804
3803
3793
3780
3773
3764
3752
3653
3629
3621
3607
3569
3521
3504
3472
3442
3409
3407
3383
3336
3314
3302
3294
3271
3269
3249
3242
3239
3236
3215
3203
3183
3159
3156
3142
3016
2971
2948
2930
2927
2918
2863
2834
2824
2816
2803
2798
2778
2763
2736
2731
2730
2724
2705
2702
2666
2625
2581
2563
2558
2515
2514
2483
2471
2464
2433
2409
2376
2360
2292
2281
2278
2237
2230
2212
2205
2191
2161
2118
2088
2075
2074
2023
2003
1930
1923
1897
1893
1890
1847
1843
1833
1827
1792
1725
1715
1715
1680
1677
1650
1630
1621
1619
1614
1605
1591
1589
1588
1586
1586
1583
1568
1565
1535
1534
1523
1509
1503
1492
1489
1444
1436
1409
1409
1402
1400
1347
1344
1318
1315
1308
1278
1243
1236
1234
1231
1194
1165
1130
1128
1051
986
979
953
933
916
797
794
792
774
771
755
733
697
674
668
655
648
617
587
587
573
569
556
549
527
525
493
477
473
468
402
377
373
369
356
337
327
292
277
271
271
264
256
249
228
206
182
146
142
115
99
90
52
-30
-56
-86
-108
-160
-171
-176
-202
-239
-245
-276
-286
-291
-313
-313
-345
-349
-394
-420
-427
-451
-461
-469
-485
-500
-555
-586
-597
-663
-667
-680
-729
-729
-738
-752
-789
-796
-803
-839
-840
-845
-879
-889
-899
-899
-957
-959
-977
-1001
-1032
-1049
-1076
-1086
-1103
-1119
-1129
-1133
-1211
-1227
-1227
-1280
-1284
-1311
-1317
-1326
-1337
-1341
-1353
-1514
-1586
-1605
-1622
-1646
-1648
-1653
-1684
-1693
-1703
-1736
-1755
-1771
-1789
-1852
-1907
-1918
-1920
-1935
-1935
-1943
-1956
-1981
-2026
-2041
-2044
-2045
-2046
-2050
-2109
-2110
-2117
-2120
-2144
-2157
-2171
-2186
-2215
-2215
-2217
-2240
-2249
-2259
-2274
-2291
-2291
-2351
-2363
-2404
-2410
-2411
-2422
-2453
-2489
-2494
-2501
-2510
-2521
-2551
-2555
-2564
-2584
-2593
-2597
-2617
-2638
-2660
-2690
-2703
-2742
-2768
-2789
-2793
-2835
-2837
-2855
-2882
-2914
-2943
-2961
-2989
-3006
-3029
-3031
-3035
-3045
-3074
-3076
-3097
-3100
-3115
-3115
-3127
-3164
-3185
-3251
-3312
-3333
-3370
-3373
-3399
-3410
-3438
-3439
-3466
-3492
-3496
-3520
-3580
-3580
-3638
-3665
-3666
-3696
-3702
-3702
-3715
-3726
-3727
-3764
-3772
-3793
-3799
-3802
-3806
-3811
-3824
-3848
-3876
-3887
-3902
-3919
-3928
-3951
-3954
-3962
-3979
-4044
-4061
-4072
-4072
-4103
-4106
-4162
-4165
-4165
-4165
-4173
-4176
-4200
-4203
-4216
-4228
-4230
-4247
-4250
-4251
-4261
-4269
-4333
-4364
-4375
-4385
-4388
-4401
-4437
-4457
-4460
-4463
-4468
-4480
-4495
-4534
-4534
-4538
-4543
-4558
-4609
-4679
-4700
-4709
-4716
-4720
-4776
-4778
-4785
-4786
-4819
-4824
-4863
-4894
-4906
-4940
-4965
-4972
-5005
-5017
-5057
-5102
-5151
-5178
-5182
-5223
-5237
-5243
-5251
-5292
-5324
-5332
-5338
-5345
-5390
-5397
-5413
-5444
-5530
-5550
-5603
-5667
-5671
-5671
-5682
-5696
-5723
-5755
-5762
-5768
-5831
-5892
-5910
-5924
-5932
-5949
-5953
-6020
-6061
-6067
-6092
-6112
-6114
-6123
-6126
-6126
-6200
-6236
-6250
-6323
-6338
-6357
-6368
-6372
-6381
-6388
-6408
-6417
-6481
-6523
-6525
-6560
-6622
-6628
-6638
-6669
-6698
-6716
-6744
-6767
-6788
-6792
-6794
-6806
-6808
-6850
-6856
-6857
-6878
-6885
-6916
-6928
-6974
-6990
-7004
-7029
-7060
-7111
-7128
-7131
-7139
-7153
-7155
-7160
-7175
-7180
-7193
-7201
-7207
-7216
-7221
-7232
-7257
-7260
-7285
-7331
-7344
-7366
-7385
-7437
-7462
-7493
-7522
-7524
-7527
-7533
-7547
-7608
-7621
-7670
-7671
-7692
-7722
-7760
-7826
-7852
-7859
-7861
-7869
-7869
-7939
-7978
-7990
-7991
-8010
-8027
-8040
-8045
-8065
-8090
-8120
-8139
-8154
-8163
-8169
-8191
-8210
-8226
-8261
-8290
-8328
-8349
-8352
-8398
-8404
-8409
-8410
-8422
-8423
-8431
-8460
-8510
-8552
-8556
-8570
-8570
-8615
-8618
-8662
-8676
-8682
-8683
-8720
-8724
-8754
-8762
-8779
-8790
-8815
-8823
-8823
-8824
-8833
-8846
-8850
-8850
-8863
-8866
-8884
-8889
-8946
-8988
-8989
-9021
-9027
-9031
-9131
-9137
-9143
-9152
-9162
-9255
-9283
-9295
-9298
-9323
-9404
-9413
-9417
-9443
-9447
-9454
-9483
-9494
-9499
-9530
-9530
-9536
-9666
-9705
-9710
-9809
-9815
-9832
-9849
-9854
-9880
-9889
-9982
-9990
-10005
-10030
-10069
-10071
-10075
-10076
-10084
-10116
-10130
-10163
-10175
-10204
-10227
-10236
-10239
-10240
-10255
-10287
-10350
-10358
-10370
-10371
-10437
-10456
-10484
-10533
-10544
-10548
-10557
-10605
-10608
-10610
-10620
-10622
-10668
-10675
-10693
-10737
-10740
-10741
-10798
-10819
-10839
-10914
-10963
-10974
-10979
-11021
-11035
-11103
-11113
-11142
-11166
-11228
-11240
-11255
-11260
-11261
-11261
-11292
-11303
-11338
-11359
-11373
-11382
-11388
-11399
-11405
-11422
-11454
-11491
-11554
-11558
-11579
-11588
-11611
-11616
-11638
-11657
-11663
-11677
-11696
-11706
-11731
-11733
-11742
-11781
-11791
-11793
-11801
-11808
-11809
-11820
-11825
-11826
-11856
-11871
-11893
-11925
-11931
-11960
-11967
-11987
-12014
-12016
-12034
-12063
-12081
-12111
-12118
-12135
-12144
-12148
-12199
-12311
-12322
-12322
-12332
-12336
-12358
-12367
-12387
-12396
-12397
-12426
-12453
-12459
-12465
-12480
-12542
-12588
-12589
-12652
-12680
-12684
-12727
-12770
-12777
-12781
-12785
-12814
-12837
-12849
-12867
-12876
-12894
-12902
-12935
-12940
-12960
-12962
-13042
-13049
-13112
-13131
-13168
-13175
-13222
-13239
-13243
-13263
-13302
-13304
-13324
-13348
-13361
-13371
-13411
-13432
-13433
-13448
-13463
-13471
-13513
-13525
-13533
-13561
-13627
-13629
-13639
-13642
-13703
-13729
-13731
-13744
-13755
-13765
-13771
-13816
-13816
-13827
-13848
-13864
-13897
-13933
-13938
-13952
-13956
-13969
-13975
-14003
-14011
-14016
-14032
-14088
-14126
-14127
-14134
-14180
-14181
-14193
-14194
-14218
-14227
-14233
-14248
-14289
-14291
-14328
-14328
-14343
-14344
-14346
-14358
-14411
-14439
-14444
-14445
-14446
-14457
-14459
-14467
-14472
-14473
-14485
-14524
-14532
-14558
-14572
-14582
-14582
-14609
-14622
-14624
-14629
-14698
-14710
-14712
-14715
-14732
-14736
-14848
-14873
-14880
-14898
-14976
-15002
-15009
-15056
-15071
-15077
-15081
-15119
-15131
-15137
-15159
-15160
-15165
-15172
-15224
-15232
-15255
-15266
-15280
-15302
-15333
-15405
-15409
-15417
-15463
-15473
-15499
-15508
-15555
-15577
-15588
-15606
-15613
-15639
-15647
-15655
-15715
-15775
-15776
-15781
-15782
-15827
-15827
-15852
-15857
-15895
-15924
-15933
-15952
-15996
-16008
-16030
-16043
-16050
-16123
-16125
-16150
-16187
-16219
-16227
-16245
-16250
-16257
-16259
-16278
-16329
-16350
-16352
-16362
-16364
-16402
-16421
-16429
-16457
-16458
-16488
-16498
-16528
-16530
-16557
-16610
-16629
-16690
-16703
-16725
-16727
-16730
-16762
-16774
-16779
-16795
-16803
-16810
-16819
-16852
-16899
-16910
-16944
-16960
-16980
-17021
-17052
-17060
-17063
-17071
-17166
-17176
-17176
-17179
-17239
-17269
-17280
-17281
-17281
-17325
-17339
-17386
-17397
-17401
-17402
-17448
-17468
-17502
-17589
-17647
-17651
-17654
-17655
-17661
-17689
-17711
-17727
-17738
-17743
-17763
-17763
-17778
-17792
-17827
-17838
-17852
-17854
-17887
-17894
-17978
-17998
-17998
-18013
-18019
-18021
-18025
-18030
-18041
-18062
-18099
-18133
-18144
-18164
-18186
-18193
-18259
-18273
-18277
-18289
-18296
-18309
-18375
-18380
-18410
-18412
-18420
-18427
-18441
-18453
-18478
-18479
-18495
-18505
-18534
-18541
-18554
-18564
-18565
-18572
-18588
-18605
-18608
-18610
-18615
-18617
-18634
-18634
-18635
-18638
-18640
-18643
-18651
-18668
-18680
-18683
-18683
-18687
-18698
-18718
-18731
-18755
-18769
-18857
-18876
-18890
-18894
-18920
-18976
-18991
-18991
-18994
-19015
-19016
-19022
-19041
-19071
-19105
-19118
-19119
-19157
-19177
-19190
-19194
-19243
-19244
-19259
-19272
-19277
-19283
-19318
-19354
-19355
-19357
-19361
-19372
-19384
-19421
-19423
-19432
-19456
-19535
-19540
-19560
-19607
-19612
-19618
-19626
-19651
-19658
-19667
-19668
-19720
-19819
-19826
-19862
-19955
-20004
-20065
-20134
-20151
-20166
-20177
-20198
-20211
-20233
-20280
-20304
-20308
-20336
-20365
-20421
-20422
-20441
-20445
-20467
-20491
-20515
-20539
-20543
-20552
-20572
-20575
-20606
-20614
-20620
-20621
-20626
-20628
-20659
-20687
-20707
-20753
-20777
-20822
-20847
-20866
-20869
-20874
-20878
-20911
-20953
-20975
-21001
-21002
-21021
-21025
-21048
-21049
-21059
-21128
-21140
-21146
-21153
-21175
-21193
-21194
-21226
-21238
-21262
-21288
-21309
-21346
-21354
-21362
-21401
-21416
-21440
-21443
-21446
-21495
-21527
-21531
-21540
-21569
-21578
-21600
-21602
-21609
-21612
-21633
-21679
-21692
-21711
-21739
-21741
-21750
-21756
-21772
-21795
-21824
-21826
-21834
-21839
-21860
-21861
-21869
-21892
-21894
-21910
-21930
-21977
-22021
-22023
-22024
-22042
-22044
-22057
-22065
-22082
-22085
-22092
-22118
-22118
-22168
-22173
-22184
-22205
-22242
-22254
-22257
-22289
-22295
-22309
-22352
-22371
-22395
-22590
-22590
-22596
-22613
-22624
-22647
-22660
-22718
-22730
-22734
-22735
-22754
-22783
-22792
-22802
-22826
-22833
-22836
-22844
-22846
-22873
-22880
-22899
-22917
-22933
-22937
-22940
-22962
-22976
-23172
-23178
-23181
-23204
-23279
-23281
-23286
-23288
-23292
-23320
-23336
-23355
-23358
-23391
-23411
-23420
-23421
-23499
-23521
-23578
-23646
-23672
-23686
-23696
-23712
-23719
-23744
-23749
-23755
-23761
-23762
-23813
-23821
-23830
-23838
-23855
-23868
-23875
-23931
-23953
-23959
-23966
-23971
-23979
-23986
-24011
-24017
-24032
-24074
-24090
-24111
-24225
-24237
-24238
-24248
-24255
-24278
-24285
-24305
-24307
-24312
-24312
-24343
-24372
-24426
-24523
-24553
-24573
-24590
-24606
-24607
-24618
-24628
-24636
-24664
-24681
-24694
-24696
-24708
-24710
-24733
-24735
-24738
-24791
-24814
-24820
-24858
-24861
-24883
-24887
-24928
-24933
-24946
-24950
-24968
-24973
-24983
-24999
-25020
-25027
-25055
-25080
-25099
-25110
-25122
-25128
-25162
-25177
-25184
-25190
-25196
-25222
-25234
-25275
-25308
-25333
-25335
-25341
-25342
-25384
-25406
-25413
-25448
-25455
-25466
-25524
-25546
-25573
-25593
-25612
-25629
-25642
-25661
-25684
-25689
-25711
-25757
-25777
-25792
-25797
-25809
-25810
-25811
-25835
-25840
-25876
-25888
-25890
-25896
-25896
-25905
-25919
-25925
-25935
-25936
-25975
-25985
-25987
-26014
-26033
-26060
-26087
-26105
-26142
-26142
-26149
-26160
-26172
-26176
-26190
-26235
-26262
-26270
-26325
-26339
-26351
-26363
-26382
-26408
-26436
-26444
-26486
-26518
-26565
-26577
-26585
-26586
-26590
-26600
-26623
-26638
-26638
-26706
-26707
-26731
-26801
-26808
-26823
-26825
-26829
-26832
-26847
-26860
-26880
-26884
-26921
-26930
-26962
-26975
-26992
-27000
-27002
-27038
-27047
-27049
-27072
-27079
-27091
-27096
-27097
-27112
-27167
-27189
-27203
-27228
-27229
-27230
-27232
-27240
-27250
-27262
-27287
-27291
-27292
-27327
-27342
-27344
-27381
-27415
-27487
-27499
-27517
-27519
-27536
-27592
-27636
-27638
-27640
-27682
-27683
-27684
-27686
-27693
-27696
-27712
-27717
-27729
-27731
-27749
-27766
-27783
-27786
-27794
-27811
-27867
-27868
-27876
-27889
-27901
-27937
-27938
-27969
-27992
-28007
-28022
-28060
-28065
-28084
-28089
-28171
-28177
-28177
-28189
-28207
-28225
-28241
-28262
-28336
-28392
-28420
-28433
-28475
-28477
-28485
-28493
-28497
-28562
-28624
-28627
-28641
-28662
-28673
-28676
-28697
-28718
-28729
-28775
-28777
-28779
-28780
-28802
-28832
-28872
-28899
-28910
-28980
-28990
-29016
-29092
-29112
-29125
-29130
-29180
-29182
-29202
-29207
-29216
-29228
-29230
-29247
-29273
-29301
-29338
-29367
-29373
-29430
-29438
-29462
-29478
-29479
-29482
-29496
-29537
-29539
-29561
-29578
-29599
-29600
-29641
-29665
-29686
-29702
-29705
-29737
-29766
-29821
-29832
-29836
-29862
-29910
-29914
-29975
-30000
-30023
-30030
-30050
-30060
-30106
-30121
-30130
-30141
-30154
-30173
-30183
-30193
-30228
-30247
-30247
-30277
-30330
-30343
-30345
-30352
-30355
-30358
-30367
-30439
-30457
-30557
-30559
-30572
-30599
-30609
-30613
-30653
-30701
-30824
-30841
-30855
-30865
-30898
-30952
-30963
-30994
-30997
-31005
-31006
-31016
-31017
-31023
-31031
-31036
-31036
-31040
-31069
-31078
-31134
-31162
-31171
-31176
-31201
-31247
-31374
-31383
-31404
-31420
-31431
-31517
-31519
-31519
-31538
-31570
-31571
-31675
-31683
-31684
-31704
-31709
-31771
-31860
-31862
-31894
-31904
-31923
-31962
-31962
-31977
-31985
-32003
-32030
-32074
-32110
-32134
-32146
-32177
-32267
-32271
-32327
-32334
-32345
-32360
-32368
-32412
-32445
-32456
-32470
-32475
-32478
-32511
-32580
-32596
-32614
-32620
-32640
-32667
-32668
-32679
-32679
-32697
-32698
-32719
-32780
-32783
-32793
-32822
-32849
-32863
-32906
-32938
-32992
-32995
-33054
-33069
-33071
-33074
-33087
-33108
-33118
-33174
-33291
-33299
-33320
-33341
-33367
-33415
-33451
-33474
-33489
-33514
-33533
-33552
-33558
-33567
-33583
-33587
-33601
-33631
-33660
-33681
-33767
-33782
-33802
-33818
-33822
-33824
-33836
-33855
-33872
-33891
-33922
-33926
-33961
-33975
-33988
-34012
-34014
-34027
-34031
-34038
-34063
-34074
-34098
-34110
-34129
-34137
-34140
-34164
-34177
-34230
-34239
-34260
-34268
-34306
-34318
-34330
-34352
-34368
-34374
-34383
-34412
-34419
-34422
-34437
-34455
-34467
-34470
-34472
-34502
-34508
-34537
-34538
-34553
-34569
-34618
-34627
-34644
-34662
-34672
-34691
-34698
-34731
-34801
-34819
-34840
-34861
-34926
-34931
-34938
-34941
-34965
-34978
-34982
-35020
-35022
-35027
-35031
-35054
-35065
-35068
-35076
-35078
-35109
-35134
-35140
-35202
-35211
-35277
-35285
-35288
-35291
-35296
-35332
-35341
-35383
-35453
-35458
-35493
-35505
-35512
-35558
-35572
-35582
-35588
-35591
-35602
-35608
-35609
-35628
-35640
-35652
-35654
-35660
-35704
-35715
-35726
-35741
-35759
-35765
-35771
-35781
-35800
-35927
-35932
-35973
-35977
-36035
-36037
-36075
-36158
-36213
-36238
-36258
-36266
-36318
-36322
-36328
-36354
-36365
-36397
-36437
-36460
-36478
-36488
-36510
-36542
-36561
-36579
-36626
-36639
-36650
-36652
-36660
-36712
-36761
-36763
-36783
-36792
-36794
-36796
-36799
-36799
-36805
-36806
-36841
-36855
-36865
-36865
-36891
-36893
-36914
-36914
-36937
-36961
-36963
-36981
-37013
-37014
-37022
-37038
-37048
-37175
-37195
-37201
-37214
-37255
-37280
-37324
-37349
-37356
-37358
-37371
-37394
-37442
-37448
-37505
-37550
-37556
-37602
-37604
-37609
-37610
-37631
-37635
-37657
-37667
-37715
-37722
-37735
-37743
-37749
-37751
-37753
-37810
-37813
-37813
-37859
-37864
-37866
-37867
-37868
-37869
-37884
-37892
-37946
-37946
-37959
-37983
-37986
-38001
-38003
-38038
-38048
-38056
-38062
-38099
-38117
-38129
-38156
-38161
-38166
-38178
-38197
-38203
-38228
-38239
-38244
-38276
-38287
-38297
-38307
-38341
-38373
-38374
-38405
-38411
-38446
-38449
-38453
-38487
-38506
-38507
-38560
-38565
-38574
-38595
-38606
-38630
-38655
-38657
-38683
-38695
-38699
-38735
-38737
-38744
-38748
-38754
-38773
-38787
-38791
-38831
-38851
-38895
-38896
-38970
-39012
-39038
-39094
-39123
-39166
-39166
-39169
-39171
-39193
-39222
-39241
-39259
-39278
-39280
-39310
-39313
-39363
-39370
-39375
-39391
-39392
-39404
-39412
-39426
-39435
-39449
-39458
-39473
-39509
-39535
-39537
-39538
-39546
-39548
-39565
-39576
-39590
-39612
-39617
-39620
-39624
-39627
-39627
-39640
-39661
-39665
-39668
-39681
-39681
-39703
-39710
-39735
-39755
-39790
-39797
-39853
-39863
-39924
-39941
-39970
-39983
-40006
-40041
-40063
-40083
-40090
-40093
-40100
-40114
-40121
-40134
-40144
-40198
-40245
-40253
-40287
-40293
-40298
-40319
-40361
-40379
-40427
-40459
-40481
-40491
-40525
-40533
-40577
-40594
-40611
-40637
-40643
-40645
-40659
-40665
-40671
-40692
-40698
-40705
-40793
-40793
-40805
-40820
-40825
-40835
-40862
-40915
-40925
-40931
-40991
-41007
-41039
-41053
-41066
-41081
-41089
-41109
-41111
-41121
-41133
-41141
-41143
-41180
-41184
-41185
-41237
-41240
-41241
-41250
-41289
-41329
-41352
-41353
-41377
-41387
-41404
-41500
-41529
-41542
-41545
-41546
-41562
-41576
-41598
-41608
-41624
-41634
-41636
-41641
-41641
-41656
-41687
-41693
-41694
-41706
-41720
-41756
-41780
-41783
-41783
-41807
-41815
-41824
-41835
-41841
-41862
-41878
-41894
-41898
-41921
-41962
-41982
-42028
-42039
-42044
-42050
-42065
-42087
-42126
-42134
-42146
-42154
-42225
-42250
-42258
-42275
-42286
-42286
-42312
-42356
-42358
-42363
-42379
-42423
-42436
-42456
-42501
-42503
-42531
-42537
-42541
-42542
-42615
-42632
-42640
-42644
-42651
-42660
-42697
-42700
-42711
-42724
-42736
-42763
-42829
-42934
-42971
-43003
-43005
-43033
-43045
-43047
-43052
-43058
-43074
-43099
-43151
-43157
-43172
-43236
-43300
-43329
-43384
-43407
-43445
-43530
-43552
-43555
-43612
-43652
-43679
-43681
-43704
-43705
-43737
-43780
-43814
-43820
-43828
-43853
-43867
-43920
-43939
-43955
-43975
-43998
-44013
-44076
-44100
-44119
-44120
-44226
-44242
-44254
-44302
-44377
-44425
-44426
-44450
-44459
-44505
-44529
-44544
-44581
-44583
-44593
-44601
-44620
-44636
-44653
-44665
-44752
-44795
-44813
-44825
-44829
-44834
-44850
-44857
-44900
-44904
-44917
-44954
-45009
-45045
-45055
-45070
-45094
-45116
-45130
-45137
-45150
-45170
-45189
-45206
-45237
-45238
-45263
-45295
-45310
-45313
-45346
-45355
-45364
-45402
-45409
-45427
-45434
-45475
-45476
-45483
-45494
-45497
-45518
-45571
-45597
-45598
-45607
-45614
-45646
-45708
-45748
-45758
-45766
-45797
-45816
-45834
-45835
-45881
-45887
-45918
-45925
-45938
-45986
-46022
-46085
-46096
-46121
-46190
-46261
-46310
-46325
-46326
-46328
-46346
-46392
-46415
-46444
-46488
-46495
-46503
-46509
-46513
-46536
-46537
-46542
-46622
-46633
-46640
-46713
-46735
-46771
-46783
-46791
-46812
-46824
-46895
-46900
-46911
-46914
-46967
-47006
-47012
-47029
-47030
-47045
-47050
-47054
-47060
-47061
-47070
-47072
-47099
-47132
-47136
-47148
-47149
-47169
-47175
-47187
-47216
-47240
-47261
-47273
-47318
-47321
-47332
-47342
-47349
-47372
-47405
-47409
-47437
-47456
-47459
-47476
-47488
-47552
-47553
-47554
-47616
-47634
-47640
-47645
-47646
-47649
-47711
-47736
-47742
-47772
-47842
-47843
-47885
-47914
-47925
-47931
-47980
-47985
-47997
-48026
-48035
-48053
-48101
-48104
-48190
-48209
-48236
-48250
-48256
-48286
-48293
-48324
-48338
-48425
-48432
-48440
-48446
-48460
-48461
-48466
-48471
-48491
-48512
-48535
-48587
-48610
-48630
-48632
-48635
-48638
-48666
-48683
-48693
-48726
-48731
-48750
-48757
-48759
-48763
-48780
-48826
-48831
-48871
-48933
-48949
-48959
-48964
-48967
-49016
-49080
-49134
-49144
-49148
-49164
-49193
-49197
-49230
-49261
-49266
-49375
-49393
-49409
-49476
-49479
-49506
-49525
-49554
-49579
-49601
-49609
-49616
-49698
-49719
-49746
-49757
-49759
-49770
-49773
-49774
-49775
-49780
-49840
-49853
-49876
-49880
-49893
-49894
-49897
-49905
-49921
-49948
-49964
-49992
-50003
-50006
-50022
-50025
-50106
-50110
-50142
-50148
-50152
-50168
-50178
-50189
-50204
-50241
-50328
-50332
-50341
-50386
-50393
-50416
-50421
-50487
-50488
-50509
-50551
-50616
-50619
-50633
-50656
-50674
-50689
-50699
-50734
-50741
-50744
-50764
-50807
-50822
-50838
-50884
-50918
-50923
-50946
-51001
-51024
-51063
-51098
-51104
-51106
-51119
-51175
-51217
-51265
-51301
-51371
-51384
-51441
-51519
-51551
-51579
-51607
-51620
-51620
-51624
-51624
-51630
-51675
-51708
-51718
-51769
-51781
-51833
-51874
-51899
-51909
-51941
-51962
-51990
-51994
-51997
-52035
-52036
-52122
-52131
-52133
-52149
-52201
-52203
-52207
-52219
-52250
-52255
-52263
-52267
-52279
-52288
-52319
-52323
-52326
-52330
-52334
-52343
-52346
-52411
-52431
-52446
-52447
-52462
-52477
-52479
-52489
-52505
-52506
-52510
-52537
-52549
-52567
-52655
-52704
-52721
-52740
-52804
-52807
-52807
-52832
-52860
-52861
-52871
-52908
-52923
-52926
-52949
-52962
-53055
-53088
-53090
-53096
-53105
-53118
-53119
-53130
-53142
-53146
-53148
-53176
-53202
-53207
-53215
-53241
-53242
-53308
-53328
-53330
-53340
-53420
-53431
-53432
-53446
-53543
-53560
-53562
-53565
-53573
-53585
-53592
-53595
-53610
-53655
-53703
-53708
-53713
-53730
-53759
-53808
-53817
-53823
-53849
-53859
-53886
-53917
-53923
-54017
-54030
-54073
-54090
-54090
-54123
-54126
-54180
-54204
-54226
-54228
-54231
-54239
-54246
-54283
-54300
-54325
-54337
-54347
-54350
-54357
-54357
-54358
-54364
-54383
-54409
-54431
-54441
-54525
-54545
-54572
-54576
-54603
-54622
-54636
-54640
-54645
-54668
-54668
-54694
-54751
-54783
-54817
-54826
-54850
-54886
-54948
-54949
-54966
-54972
-54981
-55033
-55039
-55158
-55190
-55199
-55203
-55232
-55249
-55304
-55308
-55318
-55329
-55336
-55338
-55341
-55419
-55422
-55507
-55523
-55525
-55525
-55534
-55545
-55556
-55630
-55633
-55657
-55662
-55714
-55716
-55736
-55745
-55775
-55786
-55786
-55854
-55885
-55901
-55927
-55945
-55967
-55972
-56003
-56040
-56044
-56057
-56064
-56089
-56096
-56131
-56140
-56149
-56212
-56223
-56246
-56248
-56259
-56306
-56308
-56313
-56338
-56383
-56411
-56424
-56437
-56469
-56488
-56519
-56525
-56544
-56548
-56596
-56606
-56609
-56610
-56635
-56637
-56654
-56683
-56691
-56695
-56708
-56745
-56753
-56764
-56815
-56855
-56856
-56890
-56903
-56910
-56927
-56930
-56941
-56946
-56956
-56975
-57001
-57024
-57027
-57033
-57048
-57055
-57071
-57073
-57094
-57109
-57172
-57181
-57234
-57246
-57274
-57282
-57294
-57299
-57330
-57362
-57366
-57386
-57416
-57430
-57448
-57456
-57474
-57482
-57502
-57504
-57509
-57520
-57538
-57575
-57589
-57610
-57636
-57664
-57676
-57683
-57725
-57751
-57780
-57796
-57804
-57815
-57819
-57856
-57857
-57929
-57963
-57965
-57968
-57974
-58007
-58056
-58057
-58101
-58102
-58126
-58131
-58135
-58170
-58186
-58198
-58204
-58245
-58287
-58301
-58318
-58326
-58355
-58356
-58387
-58410
-58423
-58426
-58476
-58494
-58542
-58557
-58575
-58592
-58647
-58663
-58681
-58682
-58683
-58695
-58739
-58784
-58811
-58822
-58889
-58889
-58896
-58909
-58916
-58948
-59003
-59013
-59031
-59045
-59052
-59052
-59055
-59060
-59069
-59074
-59080
-59098
-59123
-59138
-59153
-59167
-59303
-59313
-59322
-59334
-59391
-59406
-59408
-59447
-59478
-59501
-59502
-59547
-59564
-59577
-59578
-59583
-59633
-59639
-59650
-59688
-59691
-59700
-59737
-59799
-59814
-59833
-59851
-59905
-59924
-59929
-59970
-59970
-60021
-60023
-60048
-60056
-60084
-60087
-60090
-60106
-60120
-60120
-60207
-60215
-60226
-60245
-60277
-60309
-60318
-60319
-60337
-60351
-60355
-60356
-60368
-60402
-60442
-60500
-60523
-60541
-60606
-60640
-60663
-60665
-60683
-60704
-60722
-60729
-60733
-60745
-60749
-60753
-60766
-60773
-60778
-60786
-60792
-60802
-60863
-60888
-60893
-60899
-60906
-60915
-60915
-60920
-60943
-60996
-61027
-61055
-61055
-61058
-61063
-61090
-61098
-61102
-61120
-61127
-61144
-61145
-61179
-61180
-61223
-61255
-61320
-61322
-61324
-61331
-61351
-61382
-61444
-61451
-61473
-61491
-61503
-61520
-61549
-61605
-61621
-61657
-61670
-61721
-61741
-61772
-61815
-61832
-61841
-61854
-61859
-61890
-61891
-61902
-61903
-61925
-61928
-61935
-61950
-61954
-61983
-62036
-62064
-62103
-62106
-62112
-62119
-62128
-62138
-62187
-62222
-62297
-62304
-62324
-62329
-62347
-62406
-62421
-62458
-62474
-62475
-62487
-62489
-62494
-62495
-62519
-62544
-62571
-62653
-62667
-62728
-62735
-62761
-62801
-62805
-62823
-62951
-62954
-62959
-63067
-63072
-63100
-63127
-63136
-63150
-63181
-63198
-63202
-63212
-63359
-63362
-63363
-63388
-63438
-63455
-63484
-63530
-63548
-63573
-63578
-63586
-63595
-63607
-63610
-63610
-63645
-63647
-63651
-63655
-63695
-63738
-63740
-63770
-63791
-63804
-63807
-63828
-63835
-63848
-63853
-63859
-63870
-63876
-63930
-63941
-63951
-63954
-64010
-64052
-64064
-64065
-64115
-64130
-64139
-64146
-64150
-64167
-64193
-64196
-64208
-64215
-64239
-64246
-64250
-64252
-64253
-64261
-64289
-64298
-64308
-64345
-64431
-64449
-64451
-64453
-64461
-64474
-64490
-64492
-64507
-64508
-64526
-64569
-64581
-64581
-64635
-64635
-64658
-64728
-64760
-64765
-64774
-64798
-64803
-64804
-64815
-64848
-64852
-64854
-64858
-64884
-64923
-64932
-64964
-64977
-64984
-64997
-65029
-65033
-65057
-65058
-65073
-65122
-65143
-65163
-65164
-65193
-65222
-65274
-65283
-65296
-65300
-65302
-65311
-65312
-65330
-65351
-65368
-65410
-65428
-65440
-65448
-65483
-65488
-65500
-65501
-65517
-65535
-65586
-65599
-65612
-65641
-65696
-65713
-65728
-65738
-65751
-65778
-65789
-65855
-65863
-65866
-65866
-65879
-65885
-65899
-65904
-65925
-65945
-65951
-65971
-66029
-66031
-66042
-66046
-66085
-66123
-66177
-66193
-66197
-66216
-66256
-66261
-66277
-66288
-66290
-66321
-66341
-66342
-66361
-66378
-66390
-66392
-66405
-66431
-66432
-66433
-66437
-66440
-66479
-66480
-66519
-66520
-66530
-66611
-66648
-66662
-66745
-66751
-66765
-66799
-66826
-66831
-66845
-66861
-66882
-66884
-66927
-66934
-66939
-66993
-67022
-67030
-67036
-67048
-67064
-67103
-67116
-67124
-67151
-67157
-67158
-67161
-67211
-67212
-67216
-67238
-67299
-67330
-67333
-67356
-67378
-67383
-67391
-67417
-67422
-67452
-67458
-67476
-67481
-67495
-67503
-67681
-67728
-67737
-67740
-67747
-67772
-67773
-67807
-67812
-67832
-67862
-67864
-67877
-67913
-67973
-67977
-67989
-68003
-68017
-68021
-68043
-68044
-68053
-68078
-68102
-68110
-68112
-68127
-68127
-68128
-68128
-68142
-68162
-68167
-68175
-68211
-68243
-68257
-68266
-68272
-68315
-68324
-68339
-68341
-68345
-68380
-68388
-68399
-68412
-68431
-68441
-68465
-68508
-68540
-68542
-68579
-68584
-68609
-68609
-68618
-68621
-68625
-68657
-68667
-68725
-68732
-68732
-68741
-68753
-68765
-68774
-68786
-68836
-68848
-68886
-68902
-68929
-68940
-68941
-68948
-68965
-68972
-68991
-68996
-69020
-69033
-69104
-69109
-69142
-69155
-69166
-69174
-69197
-69211
-69230
-69246
-69252
-69272
-69280
-69280
-69288
-69300
-69308
-69323
-69329
-69331
-69343
-69360
-69405
-69412
-69414
-69415
-69445
-69471
-69499
-69520
-69527
-69544
-69560
-69570
-69632
-69644
-69669
-69669
-69682
-69717
-69739
-69760
-69768
-69817
-69865
-69952
-69953
-69973
-69989
-70011
-70054
-70066
-70069
-70091
-70093
-70104
-70107
-70150
-70199
-70210
-70229
-70233
-70239
-70259
-70280
-70291
-70299
-70305
-70318
-70336
-70363
-70381
-70382
-70512
-70525
-70542
-70601
-70642
-70659
-70670
-70698
-70716
-70787
-70845
-70867
-70899
-70903
-70905
-70922
-70947
-70948
-70958
-70992
-71067
-71076
-71079
-71100
-71102
-71114
-71222
-71228
-71260
-71290
-71295
-71320
-71322
-71328
-71375
-71444
-71447
-71468
-71473
-71475
-71480
-71483
-71508
-71535
-71596
-71617
-71644
-71683
-71686
-71688
-71718
-71741
-71760
-71779
-71807
-71834
-71845
-71858
-71860
-71886
-71887
-71900
-71902
-71911
-71912
-71986
-71994
-72006
-72012
-72028
-72064
-72085
-72112
-72119
-72131
-72137
-72163
-72170
-72175
-72178
-72219
-72235
-72238
-72267
-72296
-72297
-72334
-72359
-72391
-72430
-72436
-72472
-72476
-72507
-72510
-72521
-72530
-72548
-72559
-72560
-72570
-72578
-72599
-72610
-72650
-72678
-72706
-72714
-72721
-72771
-72773
-72775
-72776
-72785
-72788
-72818
-72828
-72843
-72844
-72845
-72917
-72924
-72946
-72977
-73000
-73013
-73083
-73086
-73098
-73099
-73114
-73140
-73162
-73174
-73175
-73182
-73200
-73204
-73224
-73234
-73240
-73244
-73281
-73281
-73384
-73412
-73459
-73475
-73477
-73482
-73514
-73521
-73523
-73559
-73559
-73586
-73608
-73618
-73664
-73722
-73729
-73749
-73752
-73761
-73807
-73810
-73815
-73845
-73874
-73890
-73892
-73918
-73921
-73937
-73940
-73946
-73949
-74006
-74023
-74069
-74073
-74083
-74104
-74112
-74121
-74129
-74141
-74141
-74166
-74170
-74174
-74211
-74223
-74242
-74245
-74320
-74326
-74338
-74344
-74347
-74358
-74370
-74380
-74401
-74403
-74404
-74412
-74459
-74470
-74471
-74536
-74569
-74581
-74600
-74622
-74635
-74651
-74688
-74729
-74733
-74788
-74835
-74856
-74878
-74890
-74922
-74960
-74972
-74972
-74985
-75041
-75051
-75052
-75067
-75068
-75078
-75088
-75088
-75123
-75154
-75156
-75198
-75205
-75223
-75257
-75326
-75329
-75356
-75371
-75410
-75508
-75515
-75535
-75539
-75550
-75554
-75560
-75565
-75582
-75583
-75584
-75586
-75592
-75597
-75600
-75612
-75644
-75645
-75654
-75675
-75680
-75688
-75690
-75691
-75698
-75705
-75705
-75727
-75745
-75754
-75765
-75807
-75820
-75826
-75850
-75860
-75891
-75910
-75924
-75931
-75938
-75956
-75969
-75981
-75982
-76002
-76014
-76062
-76068
-76069
-76092
-76118
-76192
-76227
-76237
-76284
-76306
-76310
-76386
-76408
-76408
-76434
-76447
-76462
-76486
-76501
-76552
-76555
-76561
-76648
-76662
-76667
-76707
-76710
-76711
-76721
-76789
-76793
-76831
-76865
-76873
-76882
-76886
-76896
-76897
-76897
-76981
-76982
-77017
-77031
-77071
-77082
-77097
-77133
-77177
-77183
-77188
-77216
-77228
-77233
-77266
-77286
-77295
-77298
-77416
-77447
-77450
-77482
-77512
-77572
-77612
-77626
-77664
-77672
-77734
-77757
-77775
-77778
-77794
-77807
-77841
-77866
-77868
-77892
-77948
-77949
-77964
-77976
-77998
-78056
-78102
-78110
-78127
-78158
-78194
-78252
-78277
-78287
-78326
-78349
-78364
-78377
-78387
-78445
-78467
-78480
-78482
-78495
-78522
-78607
-78616
-78628
-78635
-78654
-78714
-78753
-78784
-78815
-78838
-78844
-78861
-78888
-78924
-78938
-78957
-78967
-79011
-79013
-79057
-79070
-79081
-79090
-79093
-79094
-79129
-79133
-79140
-79175
-79192
-79207
-79209
-79234
-79237
-79259
-79331
-79337
-79352
-79355
-79360
-79364
-79384
-79400
-79409
-79415
-79433
-79437
-79466
-79475
-79497
-79517
-79524
-79544
-79551
-79630
-79663
-79666
-79680
-79739
-79739
-79746
-79776
-79787
-79793
-79800
-79804
-79804
-79806
-79828
-79860
-79862
-79862
-79875
-79886
-79904
-79905
-79936
-79955
-79974
-80007
-80013
-80046
-80071
-80099
-80105
-80175
-80179
-80196
-80229
-80242
-80248
-80251
-80253
-80318
-80326
-80330
-80343
-80386
-80410
-80421
-80423
-80438
-80458
-80466
-80475
-80477
-80629
-80636
-80646
-80687
-80720
-80737
-80750
-80768
-80770
-80819
-80833
-80843
-80852
-80858
-80896
-80901
-80966
-80983
-81017
-81093
-81101
-81110
-81128
-81155
-81167
-81170
-81173
-81180
-81194
-81208
-81244
-81247
-81330
-81343
-81358
-81360
-81396
-81412
-81423
-81425
-81466
-81467
-81481
-81494
-81498
-81502
-81517
-81524
-81529
-81536
-81576
-81577
-81587
-81591
-81611
-81614
-81623
-81625
-81645
-81650
-81652
-81702
-81729
-81735
-81839
-81840
-81877
-81902
-81948
-81962
-81968
-81991
-82010
-82024
-82029
-82053
-82131
-82132
-82154
-82206
-82251
-82274
-82297
-82306
-82313
-82339
-82353
-82360
-82366
-82399
-82418
-82421
-82423
-82424
-82433
-82436
-82436
-82442
-82478
-82510
-82520
-82549
-82569
-82590
-82650
-82677
-82688
-82728
-82802
-82826
-82874
-82908
-82908
-82944
-82951
-82970
-82971
-82975
-82992
-83021
-83044
-83068
-83077
-83085
-83136
-83142
-83143
-83143
-83154
-83186
-83195
-83232
-83246
-83275
-83317
-83333
-83341
-83350
-83391
-83397
-83397
-83403
-83437
-83517
-83530
-83534
-83541
-83612
-83640
-83646
-83729
-83743
-83754
-83766
-83780
-83797
-83800
-83806
-83832
-83837
-83860
-83862
-83865
-83867
-83877
-83932
-83946
-84005
-84011
-84016
-84019
-84025
-84028
-84048
-84093
-84104
-84124
-84130
-84132
-84199
-84266
-84321
-84334
-84395
-84421
-84422
-84455
-84473
-84491
-84505
-84532
-84563
-84565
-84584
-84595
-84597
-84607
-84626
-84648
-84670
-84675
-84684
-84688
-84719
-84759
-84781
-84797
-84826
-84833
-84834
-84849
-84871
-84877
-84906
-84916
-84922
-84944
-84951
-84966
-84995
-85004
-85023
-85057
-85079
-85100
-85144
-85156
-85161
-85186
-85199
-85202
-85218
-85230
-85266
-85274
-85330
-85360
-85369
-85370
-85415
-85416
-85433
-85473
-85494
-85498
-85522
-85536
-85577
-85612
-85624
-85643
-85648
-85684
-85709
-85725
-85769
-85807
-85808
-85837
-85841
-85850
-85869
-85870
-85879
-85913
-85923
-85962
-86022
-86027
-86077
-86117
-86120
-86125
-86142
-86148
-86152
-86153
-86155
-86183
-86190
-86204
-86230
-86241
-86245
-86251
-86276
-86277
-86336
-86379
-86407
-86410
-86442
-86452
-86456
-86482
-86483
-86500
-86501
-86516
-86539
-86554
-86587
-86587
-86609
-86619
-86651
-86664
-86668
-86683
-86700
-86725
-86729
-86738
-86748
-86767
-86781
-86783
-86801
-86842
-86863
-86870
-86898
-86914
-86950
-86973
-86975
-87008
-87009
-87017
-87030
-87037
-87099
-87132
-87145
-87157
-87158
-87161
-87174
-87199
-87201
-87211
-87237
-87239
-87265
-87290
-87309
-87311
-87312
-87327
-87360
-87384
-87433
-87437
-87498
-87502
-87508
-87528
-87574
-87574
-87626
-87645
-87660
-87694
-87714
-87737
-87755
-87755
-87761
-87769
-87784
-87824
-87825
-87830
-87832
-87834
-87884
-87898
-87900
-87914
-87936
-87939
-87941
-87958
-87960
-87965
-87971
-87977
-88012
-88014
-88018
-88051
-88060
-88063
-88065
-88104
-88143
-88153
-88198
-88208
-88283
-88289
-88362
-88387
-88407
-88429
-88439
-88489
-88491
-88500
-88505
-88509
-88511
-88516
-88529
-88532
-88545
-88549
-88579
-88597
-88606
-88648
-88693
-88728
-88733
-88749
-88753
-88789
-88809
-88811
-88825
-88828
-88865
-88880
-88908
-88977
-88980
-88996
-89003
-89056
-89082
-89088
-89107
-89109
-89127
-89139
-89151
-89157
-89269
-89293
-89298
-89399
-89445
-89458
-89458
-89484
-89492
-89529
-89547
-89548
-89561
-89566
-89569
-89583
-89609
-89663
-89707
-89716
-89731
-89757
-89762
-89769
-89784
-89791
-89815
-89835
-89856
-89864
-89899
-89950
-89954
-89959
-89986
-89988
-89989
-89994
-89994
-89997
-90000
-90018
-90043
-90065
-90084
-90130
-90135
-90154
-90170
-90184
-90189
-90202
-90222
-90235
-90254
-90276
-90299
-90342
-90345
-90369
-90383
-90391
-90418
-90423
-90470
-90495
-90496
-90499
-90511
-90646
-90647
-90650
-90659
-90666
-90678
-90685
-90709
-90713
-90721
-90738
-90759
-90764
-90784
-90784
-90786
-90815
-90818
-90820
-90840
-90843
-90862
-90871
-90893
-90897
-90906
-90972
-91007
-91017
-91020
-91031
-91076
-91134
-91215
-91248
-91276
-91277
-91306
-91339
-91344
-91359
-91360
-91373
-91394
-91411
-91489
-91507
-91534
-91576
-91712
-91746
-91792
-91846
-91863
-91865
-91890
-91936
-91945
-91964
-91976
-91986
-91988
-92026
-92041
-92097
-92130
-92130
-92151
-92159
-92160
-92194
-92212
-92213
-92234
-92267
-92293
-92306
-92343
-92350
-92375
-92405
-92421
-92461
-92505
-92506
-92567
-92586
-92596
-92616
-92618
-92657
-92659
-92667
-92689
-92693
-92726
-92756
-92762
-92804
-92818
-92843
-92852
-92890
-92926
-92926
-92928
-92937
-92957
-92973
-92977
-93034
-93035
-93057
-93078
-93126
-93134
-93152
-93173
-93177
-93185
-93186
-93212
-93221
-93242
-93251
-93282
-93320
-93353
-93373
-93382
-93414
-93460
-93476
-93488
-93525
-93532
-93556
-93560
-93561
-93569
-93570
-93602
-93638
-93653
-93670
-93673
-93700
-93700
-93701
-93773
-93861
-93863
-93874
-93905
-93928
-93929
-93939
-93965
-93976
-94041
-94046
-94065
-94066
-94083
-94095
-94104
-94110
-94169
-94170
-94200
-94228
-94261
-94263
-94298
-94299
-94318
-94380
-94403
-94414
-94555
-94560
-94570
-94587
-94663
-94689
-94729
-94763
-94773
-94802
-94812
-94817
-94865
-94879
-94879
-94888
-94939
-94942
-94955
-94956
-94974
-94986
-95001
-95006
-95008
-95033
-95035
-95063
-95084
-95097
-95098
-95151
-95151
-95181
-95192
-95192
-95202
-95239
-95240
-95266
-95276
-95277
-95280
-95294
-95300
-95300
-95312
-95324
-95328
-95355
-95365
-95381
-95386
-95392
-95406
-95416
-95442
-95455
-95539
-95558
-95618
-95646
-95659
-95666
-95682
-95695
-95709
-95710
-95712
-95717
-95752
-95752
-95859
-95861
-95901
-95934
-95959
-95961
-95961
-96021
-96083
-96111
-96153
-96187
-96216
-96243
-96252
-96271
-96293
-96306
-96327
-96329
-96332
-96358
-96419
-96469
-96469
-96479
-96502
-96535
-96578
-96586
-96694
-96702
-96746
-96770
-96792
-96804
-96851
-96887
-96887
-96921
-96935
-96971
-96983
-97002
-97021
-97039
-97054
-97062
-97066
-97069
-97084
-97100
-97101
-97116
-97138
-97162
-97164
-97165
-97227
-97238
-97261
-97264
-97276
-97279
-97328
-97330
-97352
-97405
-97414
-97417
-97427
-97439
-97469
-97474
-97489
-97511
-97515
-97557
-97585
-97597
-97623
-97657
-97667
-97676
-97678
-97695
-97705
-97712
-97712
-97737
-97754
-97759
-97787
-97791
-97792
-97822
-97867
-97942
-97942
-97980
-97991
-97991
-98042
-98056
-98059
-98074
-98082
-98088
-98096
-98114
-98153
-98232
-98280
-98298
-98307
-98315
-98354
-98355
-98374
-98381
-98386
-98417
-98442
-98450
-98475
-98481
-98484
-98494
-98496
-98499
-98506
-98520
-98526
-98610
-98615
-98634
-98647
-98652
-98655
-98670
-98687
-98687
-98707
-98728
-98739
-98790
-98819
-98850
-98851
-98859
-98867
-98873
-98886
-98954
-98974
-98983
-99026
-99052
-99053
-99062
-99120
-99172
-99183
-99265
-99268
-99338
-99351
-99388
-99395
-99419
-99435
-99450
-99461
-99466
-99517
-99533
-99533
-99572
-99590
-99601
-99602
-99611
-99617
-99646
-99671
-99742
-99762
-99775
-99779
-99783
-99819
-99828
-99839
-99849
-99857
-99876
-99887
-99899
-99930
-99934
-99943
-99953
-99969
-99987
-100038
-100040
-100042
-100046
-100071
-100091
-100092
-100104
-100121
-100131
-100200
-100256
-100259
-100289
-100310
-100339
-100353
-100371
-100389
-100410
-100423
-100451
-100455
-100457
-100490
-100509
-100513
-100521
-100522
-100569
-100569
-100578
-100640
-100654
-100697
-100707
-100718
-100721
-100724
-100731
-100739
-100760
-100795
-100806
-100812
-100821
-100847
-100853
-100897
-100899
-100938
-100948
-100951
-100990
-101078
-101082
-101097
-101100
-101154
-101154
-101156
-101190
-101191
-101205
-101215
-101225
-101252
-101260
-101275
-101294
-101294
-101315
-101338
-101344
-101363
-101380
-101414
-101463
-101484
-101487
-101498
-101499
-101499
-101532
-101535
-101543
-101548
-101599
-101633
-101649
-101653
-101654
-101659
-101666
-101668
-101680
-101694
-101724
-101737
-101754
-101756
-101771
-101774
-101791
-101815
-101821
-101827
-101827
-101838
-101847
-101856
-101857
-101868
-101887
-101892
-101907
-101948
-101958
-101965
-101979
-101987
-101999
-102000
-102015
-102052
-102065
-102088
-102091
-102107
-102113
-102116
-102143
-102176
-102221
-102269
-102318
-102339
-102350
-102362
-102399
-102406
-102417
-102428
-102440
-102497
-102518
-102541
-102544
-102549
-102613
-102614
-102616
-102623
-102644
-102674
-102694
-102778
-102785
-102799
-102844
-102852
-102900
-102940
-102949
-102956
-102957
-102973
-102989
-102994
-103035
-103047
-103063
-103073
-103104
-103110
-103114
-103133
-103136
-103136
-103201
-103201
-103205
-103210
-103224
-103291
-103316
-103322
-103351
-103369
-103372
-103425
-103450
-103452
-103459
-103472
-103481
-103536
-103579
-103612
-103613
-103624
-103630
-103699
-103709
-103709
-103709
-103726
-103750
-103753
-103797
-103818
-103840
-103870
-103872
-103901
-103916
-103928
-103932
-103934
-103940
-103973
-104001
-104024
-104028
-104038
-104053
-104062
-104067
-104102
-104106
-104121
-104146
-104148
-104157
-104158
-104175
-104180
-104206
-104207
-104207
-104217
-104231
-104238
-104276
-104285
-104290
-104293
-104309
-104339
-104377
-104378
-104399
-104420
-104432
-104471
-104473
-104510
-104531
-104533
-104575
-104577
-104582
-104591
-104626
-104633
-104636
-104654
-104676
-104684
-104703
-104706
-104719
-104725
-104735
-104761
-104774
-104792
-104818
-104899
-104955
-104970
-104983
-104988
-105014
-105057
-105066
-105069
-105074
-105078
-105088
-105094
-105097
-105164
-105173
-105186
-105198
-105265
-105305
-105306
-105322
-105353
-105372
-105373
-105417
-105420
-105448
-105498
-105507
-105509
-105511
-105526
-105547
-105560
-105595
-105612
-105616
-105622
-105631
-105651
-105662
-105691
-105694
-105713
-105718
-105727
-105814
-105825
-105865
-105899
-105909
-105919
-105920
-105923
-105926
-105931
-105937
-105970
-105985
-106022
-106034
-106043
-106059
-106060
-106081
-106102
-106138
-106152
-106156
-106159
-106171
-106213
-106234
-106237
-106270
-106286
-106292
-106294
-106299
-106305
-106349
-106384
-106385
-106425
-106462
-106532
-106584
-106608
-106616
-106626
-106651
-106676
-106693
-106695
-106727
-106743
-106745
-106748
-106784
-106786
-106796
-106819
-106829
-106859
-106870
-106895
-106898
-107025
-107025
-107041
-107043
-107045
-107078
-107122
-107146
-107154
-107203
-107237
-107245
-107247
-107264
-107281
-107309
-107335
-107360
-107469
-107533
-107570
-107608
-107624
-107656
-107663
-107673
-107694
-107712
-107729
-107734
-107768
-107774
-107852
-107909
-107917
-107925
-107965
-107994
-108037
-108058
-108091
-108139
-108149
-108185
-108217
-108240
-108244
-108272
-108289
-108334
-108353
-108366
-108394
-108403
-108424
-108432
-108438
-108472
-108482
-108498
-108498
-108506
-108538
-108563
-108566
-108576
-108580
-108600
-108607
-108609
-108611
-108629
-108636
-108654
-108656
-108700
-108722
-108726
-108749
-108753
-108756
-108771
-108829
-108857
-108905
-108912
-108927
-108930
-108968
-108980
-108988
-108993
-109034
-109035
-109038
-109055
-109055
-109064
-109146
-109151
-109166
-109180
-109199
-109224
-109244
-109251
-109289
-109310
-109311
-109344
-109347
-109395
-109399
-109418
-109422
-109430
-109432
-109473
-109498
-109548
-109549
-109612
-109689
-109690
-109698
-109725
-109741
-109785
-109790
-109832
-109869
-109872
-109876
-109891
-109903
-109923
-109925
-109929
-109936
-109939
-109963
-109971
-109971
-109996
-110007
-110023
-110050
-110071
-110105
-110132
-110147
-110177
-110204
-110212
-110214
-110220
-110236
-110259
-110291
-110309
-110314
-110329
-110404
-110460
-110471
-110479
-110490
-110506
-110514
-110533
-110539
-110606
-110634
-110643
-110658
-110682
-110698
-110701
-110790
-110793
-110805
-110830
-110844
-110921
-110937
-110939
-110969
-110986
-110991
-111024
-111060
-111083
-111091
-111112
-111127
-111183
-111184
-111198
-111225
-111247
-111255
-111265
-111320
-111331
-111334
-111367
-111368
-111389
-111410
-111415
-111431
-111453
-111469
-111471
-111474
-111485
-111497
-111510
-111519
-111537
-111580
-111604
-111632
-111697
-111706
-111709
-111753
-111769
-111809
-111817
-111861
-111889
-111891
-111899
-111920
-111929
-111937
-111947
-111972
-111988
-112005
-112036
-112056
-112056
-112062
-112072
-112102
-112107
-112167
-112169
-112193
-112202
-112217
-112272
-112280
-112286
-112288
-112297
-112309
-112320
-112342
-112348
-112351
-112355
-112412
-112415
-112426
-112426
-112433
-112433
-112440
-112468
-112475
-112491
-112493
-112502
-112504
-112516
-112521
-112562
-112570
-112615
-112656
-112672
-112687
-112806
-112813
-112821
-112860
-112934
-112937
-112944
-112960
-112973
-112976
-112989
-112991
-112995
-113059
-113073
-113075
-113077
-113085
-113112
-113127
-113168
-113177
-113183
-113197
-113212
-113231
-113239
-113247
-113276
-113292
-113351
-113375
-113407
-113443
-113464
-113481
-113496
-113506
-113516
-113602
-113602
-113625
-113664
-113671
-113673
-113686
-113699
-113717
-113719
-113725
-113734
-113757
-113770
-113777
-113835
-113853
-113890
-113904
-113906
-113942
-113943
-113947
-113986
-114002
-114024
-114051
-114052
-114060
-114093
-114104
-114161
-114167
-114229
-114232
-114238
-114250
-114257
-114297
-114318
-114342
-114382
-114394
-114401
-114418
-114421
-114519
-114538
-114568
-114593
-114684
-114734
-114744
-114744
-114773
-114777
-114783
-114783
-114834
-114896
-114924
-114928
-114931
-114937
-114944
-115049
-115086
-115089
-115111
-115120
-115158
-115181
-115206
-115220
-115248
-115277
-115304
-115307
-115316
-115340
-115348
-115355
-115365
-115366
-115375
-115386
-115407
-115407
-115449
-115454
-115478
-115492
-115493
-115510
-115523
-115539
-115574
-115597
-115612
-115629
-115637
-115640
-115648
-115655
-115655
-115672
-115696
-115726
-115731
-115788
-115790
-115802
-115812
-115815
-115828
-115850
-115864
-115891
-115909
-115932
-115943
-115973
-115979
-115996
-116043
-116080
-116109
-116109
-116178
-116223
-116224
-116225
-116241
-116273
-116296
-116300
-116302
-116330
-116363
-116373
-116407
-116421
-116431
-116459
-116473
-116588
-116600
-116600
-116653
-116663
-116666
-116687
-116762
-116780
-116789
-116836
-116882
-116891
-116908
-116910
-116953
-116970
-117004
-117006
-117033
-117051
-117070
-117125
-117141
-117170
-117212
-117215
-117218
-117260
-117264
-117268
-117275
-117282
-117291
-117361
-117385
-117393
-117409
-117453
-117463
-117478
-117499
-117519
-117538
-117540
-117548
-117548
-117552
-117564
-117578
-117613
-117637
-117644
-117671
-117675
-117686
-117697
-117734
-117765
-117802
-117830
-117836
-117861
-117870
-117872
-117971
-117998
-118011
-118013
-118032
-118076
-118103
-118109
-118144
-118151
-118155
-118175
-118180
-118192
-118216
-118278
-118286
-118293
-118339
-118342
-118347
-118356
-118442
-118448
-118458
-118489
-118494
-118494
-118518
-118540
-118566
-118581
-118587
-118593
-118618
-118618
-118621
-118623
-118646
-118652
-118652
-118653
-118655
-118681
-118701
-118705
-118720
-118726
-118756
-118773
-118777
-118822
-118851
-118943
-118971
-118975
-118992
-119007
-119015
-119019
-119022
-119029
-119045
-119052
-119064
-119080
-119086
-119094
-119110
-119120
-119132
-119170
-119202
-119204
-119205
-119227
-119232
-119251
-119273
-119277
-119313
-119314
-119315
-119318
-119410
-119429
-119437
-119468
-119490
-119510
-119579
-119588
-119596
-119625
-119628
-119635
-119637
-119713
-119768
-119773
-119834
-119869
-119922
-119923
-119931
-119945
-119988
-120006
-120066
-120076
-120078
-120084
-120103
-120160
-120203
-120207
-120208
-120233
-120251
-120253
-120266
-120273
-120283
-120324
-120332
-120334
-120341
-120351
-120388
-120391
-120455
-120469
-120490
-120490
-120500
-120502
-120505
-120511
-120593
-120596
-120659
-120673
-120807
-120832
-120833
-120896
-120938
-120944
-120970
-120991
-121008
-121018
-121021
-121026
-121032
-121038
-121040
-121044
-121057
-121063
-121095
-121104
-121104
-121109
-121177
-121181
-121193
-121205
-121215
-121221
-121226
-121263
-121277
-121277
-121281
-121360
-121363
-121387
-121434
-121454
-121456
-121470
-121475
-121499
-121543
-121547
-121579
-121583
-121590
-121624
-121626
-121645
-121662
-121673
-121678
-121707
-121713
-121726
-121740
-121759
-121820
-121858
-121870
-121889
-121893
-121943
-121978
-121983
-121984
-121988
-121997
-122038
-122047
-122052
-122054
-122054
-122142
-122230
-122240
-122257
-122271
-122303
-122310
-122326
-122361
-122369
-122379
-122380
-122383
-122390
-122390
-122452
-122462
-122504
-122548
-122572
-122704
-122718
-122761
-122765
-122775
-122824
-122839
-122875
-122889
-122891
-122893
-122904
-122910
-123038
-123044
-123055
-123060
-123062
-123090
-123092
-123097
-123106
-123136
-123139
-123162
-123175
-123221
-123236
-123286
-123290
-123323
-123355
-123381
-123393
-123399
-123414
-123417
-123418
-123419
-123425
-123465
-123470
-123489
-123490
-123492
-123502
-123502
-123503
-123515
-123522
-123524
-123533
-123537
-123555
-123559
-123568
-123570
-123576
-123596
-123602
-123606
-123617
-123654
-123668
-123697
-123733
-123744
-123760
-123783
-123783
-123846
-123857
-123897
-123899
-123936
-124004
-124014
-124066
-124114
-124139
-124141
-124170
-124173
-124182
-124186
-124191
-124194
-124219
-124233
-124250
-124259
-124264
-124266
-124275
-124304
-124327
-124383
-124384
-124421
-124436
-124516
-124519
-124534
-124548
-124603
-124611
-124683
-124710
-124716
-124742
-124774
-124780
-124786
-124803
-124808
-124830
-124838
-124846
-124847
-124863
-124876
-124895
-124949
-125000
-125020
-125029
-125038
-125040
-125094
-125114
-125114
-125114
-125120
-125131
-125149
-125156
-125163
-125165
-125198
-125205
-125208
-125212
-125214
-125227
-125348
-125356
-125372
-125382
-125403
-125405
-125437
-125445
-125451
-125456
-125469
-125513
-125534
-125555
-125566
-125578
-125592
-125594
-125604
-125607
-125616
-125630
-125638
-125645
-125669
-125675
-125730
-125747
-125754
-125762
-125793
-125813
-125819
-125824
-125838
-125854
-125933
-125975
-126004
-126022
-126053
-126075
-126099
-126099
-126100
-126103
-126113
-126118
-126184
-126201
-126226
-126236
-126278
-126301
-126310
-126330
-126336
-126363
-126445
-126457
-126507
-126547
-126566
-126629
-126639
-126665
-126667
-126677
-126679
-126707
-126713
-126717
-126725
-126725
-126732
-126737
-126747
-126755
-126792
-126797
-126817
-126840
-126892
-126899
-126902
-126912
-126937
-126941
-126971
-127009
-127009
-127057
-127090
-127126
-127142
-127144
-127162
-127173
-127221
-127244
-127290
-127299
-127303
-127307
-127308
-127319
-127330
-127342
-127375
-127419
-127428
-127451
-127457
-127467
-127491
-127498
-127505
-127521
-127521
-127552
-127557
-127562
-127603
-127611
-127642
-127672
-127672
-127702
-127704
-127712
-127712
-127724
-127728
-127734
-127738
-127743
-127759
-127766
-127807
-127812
-127839
-127840
-127846
-127855
-127862
-127864
-127907
-127948
-127965
-127976
-128003
-128018
-128032
-128091
-128125
-128156
-128160
-128238
-128278
-128280
-128297
-128329
-128375
-128428
-128464
-128479
-128498
-128521
-128530
-128536
-128551
-128609
-128629
-128631
-128669
-128669
-128677
-128735
-128743
-128746
-128763
-128763
-128771
-128850
-128853
-128873
-128884
-128892
-128916
-128962
-128979
-128996
-129000
-129007
-129013
-129017
-129051
-129053
-129056
-129057
-129067
-129076
-129085
-129110
-129111
-129112
-129164
-129169
-129194
-129219
-129221
-129233
-129244
-129279
-129287
-129296
-129310
-129318
-129339
-129339
-129342
-129346
-129364
-129369
-129377
-129391
-129429
-129430
-129433
-129444
-129492
-129498
-129552
-129555
-129565
-129589
-129598
-129613
-129617
-129620
-129697
-129718
-129753
-129768
-129797
-129811
-129813
-129819
-129834
-129859
-129864
-129879
-129882
-129892
-129909
-129936
-130014
-130028
-130069
-130083
-130114
-130118
-130118
-130129
-130173
-130183
-130200
-130233
-130268
-130280
-130311
-130317
-130319
-130332
-130336
-130340
-130344
-130364
-130406
-130413
-130414
-130438
-130442
-130461
-130469
-130481
-130488
-130491
-130518
-130523
-130613
-130667
-130686
-130713
-130791
-130809
-130829
-130839
-130852
-130867
-130895
-130901
-130905
-130952
-130976
-131005
-131008
-131043
-131072
-131090
-131115
-131118
-131125
-131137
-131139
-131164
-131230
-131311
-131317
-131323
-131337
-131361
-131367
-131371
-131441
-131453
-131458
-131461
-131481
-131484
-131565
-131590
-131603
-131615
-131621
-131628
-131628
-131657
-131722
-131742
-131747
-131812
-131825
-131828
-131843
-131844
-131850
-131853
-131875
-131881
-131898
-131900
-131903
-131939
-131940
-132003
-132008
-132017
-132017
-132020
-132029
-132051
-132080
-132092
-132092
-132125
-132139
-132176
-132182
-132183
-132211
-132242
-132263
-132314
-132323
-132327
-132331
-132332
-132344
-132369
-132382
-132384
-132415
-132463
-132484
-132504
-132506
-132509
-132528
-132551
-132554
-132562
-132598
-132661
-132673
-132678
-132690
-132732
-132752
-132761
-132783
-132785
-132806
-132821
-132841
-132848
-132849
-132851
-132854
-132926
-132949
-132982
-132989
-133023
-133042
-133060
-133122
-133138
-133261
-133317
-133318
-133359
-133369
-133373
-133390
-133419
-133439
-133440
-133453
-133485
-133514
-133549
-133549
-133553
-133580
-133603
-133613
-133616
-133621
-133637
-133654
-133675
-133683
-133699
-133707
-133763
-133787
-133794
-133821
-133840
-133857
-133897
-133911
-133935
-134020
-134032
-134043
-134045
-134052
-134054
-134059
-134068
-134097
-134105
-134105
-134133
-134151
-134154
-134202
-134208
-134210
-134216
-134269
-134278
-134278
-134287
-134303
-134304
-134338
-134341
-134358
-134388
-134390
-134400
-134402
-134430
-134441
-134452
-134460
-134463
-134509
-134535
-134548
-134554
-134563
-134582
-134633
-134649
-134661
-134668
-134670
-134671
-134682
-134694
-134717
-134722
-134730
-134739
-134742
-134748
-134748
-134800
-134817
-134858
-134888
-134899
-134944
-134949
-134962
-134999
-135008
-135044
-135067
-135119
-135125
-135157
-135188
-135192
-135193
-135202
-135265
-135299
-135362
-135384
-135393
-135410
-135414
-135421
-135435
-135517
-135555
-135568
-135575
-135593
-135605
-135609
-135623
-135626
-135634
-135639
-135681
-135686
-135687
-135688
-135697
-135705
-135770
-135828
-135834
-135842
-135894
-135896
-135901
-135934
-135939
-135963
-136000
-136030
-136036
-136049
-136066
-136077
-136109
-136126
-136174
-136180
-136209
-136214
-136231
-136243
-136245
-136249
-136251
-136255
-136258
-136258
-136268
-136273
-136291
-136326
-136338
-136359
-136364
-136369
-136386
-136464
-136468
-136505
-136514
-136519
-136553
-136571
-136589
-136605
-136627
-136631
-136640
-136651
-136658
-136677
-136693
-136702
-136709
-136747
-136793
-136795
-136840
-136842
-136843
-136870
-136903
-136916
-136929
-136929
-136935
-136942
-137027
-137031
-137034
-137035
-137064
-137066
-137085
-137087
-137102
-137104
-137119
-137136
-137164
-137281
-137284
-137295
-137295
-137318
-137326
-137335
-137339
-137360
-137390
-137443
-137446
-137491
-137518
-137627
-137631
-137703
-137712
-137770
-137781
-137818
-137823
-137873
-137880
-137915
-137947
-137947
-138004
-138011
-138017
-138072
-138077
-138106
-138135
-138143
-138143
-138144
-138175
-138179
-138192
-138198
-138204
-138234
-138244
-138296
-138300
-138320
-138321
-138330
-138354
-138357
-138358
-138408
-138459
-138468
-138506
-138511
-138516
-138539
-138552
-138580
-138618
-138630
-138634
-138640
-138665
-138682
-138690
-138690
-138716
-138732
-138780
-138831
-138837
-138853
-138872
-138933
-138949
-138958
-138986
-139015
-139021
-139033
-139046
-139051
-139081
-139088
-139109
-139116
-139126
-139130
-139136
-139155
-139173
-139180
-139185
-139189
-139215
-139217
-139249
-139296
-139307
-139311
-139328
-139363
-139369
-139415
-139427
-139458
-139461
-139475
-139495
-139510
-139515
-139529
-139582
-139593
-139610
-139611
-139617
-139638
-139646
-139657
-139676
-139684
-139739
-139765
-139794
-139798
-139800
-139814
-139831
-139905
-139935
-139945
-139951
-139986
-140009
-140023
-140052
-140062
-140104
-140193
-140242
-140251
-140252
-140254
-140254
-140275
-140300
-140307
-140307
-140321
-140350
-140378
-140442
-140469
-140495
-140521
-140526
-140548
-140567
-140602
-140670
-140675
-140678
-140693
-140706
-140753
-140765
-140798
-140830
-140843
-140851
-140853
-140865
-140873
-140879
-140920
-140936
-140942
-140978
-140986
-140986
-140992
-141003
-141024
-141043
-141056
-141060
-141080
-141148
-141169
-141174
-141174
-141183
-141192
-141208
-141216
-141260
-141271
-141287
-141322
-141414
-141421
-141455
-141482
-141505
-141511
-141530
-141556
-141567
-141578
-141581
-141594
-141608
-141650
-141657
-141685
-141703
-141796
-141797
-141812
-141831
-141841
-141887
-141898
-141904
-141905
-141908
-141924
-141925
-141929
-141933
-141939
-141940
-141962
-141982
-141988
-142049
-142061
-142063
-142074
-142077
-142113
-142116
-142127
-142158
-142168
-142179
-142314
-142334
-142361
-142398
-142433
-142434
-142464
-142528
-142535
-142553
-142601
-142648
-142661
-142665
-142705
-142708
-142738
-142756
-142766
-142787
-142789
-142791
-142817
-142850
-142869
-142882
-142891
-142900
-142902
-142910
-142918
-142924
-142957
-142970
-143011
-143045
-143056
-143065
-143184
-143197
-143200
-143231
-143233
-143243
-143255
-143257
-143260
-143274
-143310
-143318
-143351
-143358
-143362
-143402
-143439
-143465
-143473
-143495
-143496
-143515
-143529
-143538
-143549
-143598
-143611
-143622
-143628
-143642
-143659
-143660
-143660
-143762
-143772
-143861
-143867
-143872
-143923
-143941
-143996
-144017
-144035
-144036
-144051
-144125
-144134
-144150
-144152
-144194
-144204
-144223
-144238
-144251
-144265
-144284
-144297
-144310
-144311
-144315
-144353
-144361
-144367
-144388
-144413
-144416
-144419
-144429
-144439
-144466
-144477
-144496
-144525
-144527
-144597
-144621
-144648
-144659
-144675
-144702
-144713
-144716
-144739
-144765
-144767
-144771
-144775
-144788
-144801
-144822
-144824
-144835
-144870
-144877
-144897
-144902
-144920
-144938
-144977
-144981
-144984
-144987
-144989
-145012
-145038
-145042
-145046
-145050
-145065
-145113
-145132
-145155
-145177
-145194
-145195
-145222
-145300
-145320
-145346
-145351
-145372
-145384
-145385
-145393
-145409
-145462
-145512
-145523
-145548
-145570
-145577
-145600
-145617
-145617
-145625
-145647
-145648
-145651
-145655
-145682
-145693
-145749
-145828
-145833
-145887
-145903
-145906
-145923
-145962
-145969
-146098
-146123
-146127
-146127
-146149
-146170
-146175
-146217
-146230
-146233
-146247
-146277
-146281
-146288
-146295
-146306
-146308
-146315
-146319
-146333
-146340
-146395
-146408
-146418
-146431
-146432
-146470
-146537
-146552
-146576
-146583
-146593
-146594
-146603
-146603
-146632
-146659
-146702
-146702
-146717
-146732
-146737
-146762
-146829
-146860
-146862
-146883
-146909
-146917
-146923
-146948
-146993
-147001
-147054
-147057
-147096
-147139
-147143
-147150
-147165
-147166
-147180
-147199
-147218
-147226
-147245
-147252
-147396
-147402
-147455
-147464
-147487
-147495
-147505
-147549
-147554
-147566
-147583
-147609
-147614
-147657
-147732
-147760
-147761
-147785
-147785
-147790
-147808
-147831
-147860
-147868
-147880
-147915
-147929
-147934
-147938
-147962
-147975
-147987
-147999
-148032
-148036
-148039
-148054
-148079
-148102
-148110
-148128
-148137
-148158
-148158
-148159
-148181
-148190
-148229
-148237
-148282
-148287
-148304
-148338
-148345
-148360
-148372
-148373
-148380
-148427
-148465
-148465
-148479
-148484
-148512
-148527
-148542
-148554
-148566
-148588
-148618
-148633
-148638
-148658
-148683
-148690
-148736
-148750
-148762
-148779
-148796
-148876
-148917
-148931
-148952
-148954
-148977
-149002
-149020
-149052
-149069
-149103
-149110
-149111
-149136
-149162
-149193
-149205
-149211
-149243
-149261
-149270
-149286
-149322
-149361
-149396
-149403
-149408
-149423
-149434
-149436
-149440
-149481
-149481
-149482
-149582
-149619
-149624
-149647
-149669
-149677
-149685
-149718
-149745
-149750
-149772
-149775
-149803
-149805
-149811
-149818
-149839
-149850
-149888
-149913
-149935
-149938
-149980
-149981
-149982
-150004
-150029
-150036
-150044
-150050
-150089
-150090
-150099
-150103
-150139
-150179
-150181
-150221
-150242
-150273
-150289
-150297
-150297
-150344
-150379
-150386
-150423
-150446
-150452
-150453
-150462
-150472
-150476
-150498
-150549
-150602
-150614
-150746
-150746
-150791
-150817
-150826
-150837
-150853
-150869
-150891
-150915
-150919
-150950
-150985
-150988
-151001
-151079
-151098
-151114
-151146
-151148
-151152
-151156
-151157
-151209
-151220
-151263
-151279
-151280
-151281
-151283
-151315
-151331
-151348
-151404
-151458
-151464
-151479
-151555
-151561
-151580
-151604
-151615
-151620
-151659
-151663
-151671
-151688
-151689
-151715
-151744
-151765
-151787
-151792
-151797
-151803
-151816
-151836
-151840
-151850
-151865
-151896
-151917
-151936
-151944
-152022
-152038
-152044
-152064
-152087
-152097
-152100
-152219
-152269
-152273
-152276
-152282
-152297
-152301
-152336
-152349
-152417
-152452
-152502
-152523
-152535
-152596
-152669
-152702
-152749
-152753
-152790
-152812
-152837
-152878
-152932
-152939
-152942
-152954
-152958
-152958
-152993
-153002
-153076
-153084
-153094
-153102
-153106
-153153
-153155
-153166
-153187
-153230
-153245
-153266
-153313
-153370
-153376
-153392
-153426
-153452
-153465
-153489
-153494
-153500
-153549
-153551
-153593
-153610
-153612
-153661
-153664
-153667
-153673
-153734
-153793
-153828
-153838
-153888
-153896
-153904
-153929
-153936
-153961
-153997
-153999
-154008
-154018
-154050
-154074
-154110
-154122
-154139
-154223
-154232
-154302
-154317
-154324
-154332
-154336
-154344
-154351
-154421
-154450
-154542
-154561
-154563
-154563
-154570
-154571
-154583
-154650
-154663
-154668
-154715
-154739
-154752
-154781
-154804
-154839
-154844
-154879
-154900
-154906
-154908
-154913
-154916
-154925
-154936
-154993
-155007
-155016
-155049
-155066
-155074
-155093
-155121
-155140
-155158
-155167
-155200
-155243
-155259
-155278
-155305
-155341
-155350
-155363
-155402
-155406
-155439
-155461
-155469
-155489
-155500
-155532
-155555
-155557
-155598
-155600
-155620
-155639
-155645
-155672
-155684
-155691
-155708
-155741
-155744
-155757
-155775
-155787
-155824
-155827
-155902
-155917
-155946
-155960
-156005
-156031
-156045
-156056
-156068
-156074
-156079
-156106
-156125
-156142
-156217
-156240
-156257
-156270
-156290
-156293
-156300
-156326
-156357
-156361
-156386
-156422
-156469
-156530
-156535
-156536
-156559
-156560
-156584
-156604
-156624
-156667
-156675
-156713
-156743
-156760
-156773
-156778
-156778
-156806
-156827
-156854
-156897
-156935
-156955
-156957
-156960
-156974
-156980
-157058
-157104
-157122
-157165
-157194
-157217
-157259
-157270
-157287
-157317
-157319
-157326
-157372
-157377
-157383
-157407
-157420
-157443
-157457
-157499
-157509
-157510
-157513
-157520
-157589
-157601
-157616
-157629
-157645
-157654
-157665
-157671
-157679
-157691
-157713
-157726
-157735
-157772
-157774
-157827
-157834
-157854
-157891
-157895
-157904
-157917
-157924
-157931
-157950
-157966
-157993
-158001
-158033
-158036
-158066
-158071
-158078
-158078
-158121
-158138
-158202
-158215
-158245
-158272
-158285
-158309
-158356
-158375
-158426
-158429
-158437
-158440
-158442
-158452
-158516
-158553
-158574
-158580
-158606
-158623
-158630
-158640
-158695
-158758
-158769
-158773
-158797
-158815
-158818
-158855
-158857
-158859
-158876
-158881
-158886
-158979
-158980
-158982
-158994
-159003
-159015
-159027
-159051
-159080
-159094
-159095
-159105
-159107
-159129
-159134
-159154
-159195
-159216
-159223
-159253
-159296
-159327
-159328
-159347
-159350
-159351
-159462
-159473
-159523
-159526
-159533
-159557
-159558
-159591
-159600
-159616
-159656
-159659
-159773
-159814
-159833
-159856
-159864
-159869
-159877
-159921
-159986
-159989
-160063
-160064
-160115
-160131
-160142
-160170
-160202
-160235
-160254
-160294
-160299
-160305
-160312
-160313
-160340
-160382
-160401
-160439
-160470
-160473
-160498
-160499
-160561
-160573
-160576
-160590
-160592
-160602
-160618
-160661
-160720
-160730
-160731
-160750
-160785
-160821
-160825
-160867
-160873
-160916
-160960
-160975
-160984
-161003
-161012
-161015
-161039
-161053
-161054
-161097
-161107
-161113
-161123
-161128
-161142
-161142
-161185
-161206
-161210
-161226
-161234
-161249
-161263
-161266
-161268
-161276
-161289
-161289
-161326
-161407
-161454
-161483
-161497
-161498
-161509
-161512
-161514
-161528
-161530
-161550
-161569
-161592
-161614
-161630
-161633
-161633
-161658
-161682
-161682
-161699
-161718
-161733
-161741
-161747
-161758
-161764
-161776
-161777
-161858
-161914
-161941
-161951
-162000
-162014
-162048
-162058
-162075
-162086
-162098
-162119
-162143
-162172
-162198
-162251
-162277
-162279
-162293
-162297
-162328
-162329
-162380
-162454
-162515
-162559
-162571
-162581
-162586
-162653
-162673
-162731
-162756
-162794
-162803
-162825
-162831
-162834
-162907
-162914
-162976
-162991
-163007
-163016
-163049
-163064
-163079
-163097
-163107
-163132
-163147
-163152
-163155
-163163
-163200
-163210
-163220
-163262
-163275
-163307
-163325
-163332
-163337
-163354
-163361
-163372
-163498
-163503
-163533
-163542
-163567
-163595
-163603
-163610
-163614
-163635
-163647
-163650
-163682
-163697
-163721
-163735
-163767
-163785
-163817
-163834
-163860
-163860
-163875
-163882
-163979
-163993
-164055
-164097
-164100
-164135
-164142
-164147
-164154
-164159
-164174
-164179
-164189
-164210
-164236
-164289
-164336
-164379
-164384
-164416
-164463
-164514
-164537
-164560
-164578
-164594
-164595
-164630
-164666
-164681
-164684
-164709
-164725
-164742
-164742
-164764
-164794
-164800
-164801
-164827
-164837
-164840
-164853
-164855
-164860
-164888
-164915
-164952
-164952
-164981
-164981
-164982
-165030
-165057
-165073
-165073
-165096
-165128
-165136
-165145
-165173
-165184
-165186
-165186
-165191
-165219
-165247
-165265
-165272
-165339
-165347
-165362
-165371
-165376
-165444
-165465
-165546
-165556
-165634
-165654
-165720
-165739
-165750
-165752
-165756
-165778
-165780
-165824
-165858
-165922
-165943
-165949
-166014
-166017
-166034
-166044
-166069
-166104
-166113
-166130
-166183
-166202
-166257
-166271
-166279
-166281
-166302
-166343
-166353
-166354
-166372
-166419
-166429
-166443
-166464
-166479
-166524
-166530
-166533
-166574
-166598
-166625
-166642
-166654
-166671
-166720
-166734
-166741
-166751
-166764
-166787
-166788
-166806
-166809
-166837
-166865
-166868
-166903
-166904
-166908
-166949
-166992
-167014
-167015
-167033
-167109
-167124
-167152
-167214
-167240
-167249
-167257
-167261
-167295
-167375
-167394
-167420
-167442
-167456
-167463
-167463
-167475
-167484
-167516
-167527
-167565
-167597
-167607
-167618
-167622
-167630
-167640
-167657
-167736
-167748
-167750
-167756
-167763
-167776
-167788
-167833
-167834
-167836
-167853
-167857
-167858
-167880
-167907
-167938
-167943
-168059
-168132
-168136
-168183
-168183
-168188
-168241
-168260
-168278
-168285
-168336
-168380
-168524
-168534
-168544
-168555
-168597
-168607
-168616
-168621
-168622
-168656
-168684
-168697
-168710
-168723
-168734
-168745
-168750
-168754
-168764
-168813
-168818
-168858
-168864
-168892
-168930
-169007
-169013
-169022
-169026
-169045
-169072
-169162
-169173
-169204
-169208
-169378
-169428
-169444
-169447
-169457
-169459
-169476
-169479
-169487
-169523
-169527
-169534
-169544
-169564
-169577
-169579
-169581
-169590
-169624
-169666
-169801
-169802
-169814
-169825
-169859
-169882
-169887
-169894
-169897
-169901
-169909
-169970
-169982
-169987
-170008
-170035
-170065
-170129
-170160
-170307
-170392
-170445
-170463
-170487
-170497
-170566
-170588
-170679
-170693
-170749
-170756
-170767
-170783
-170812
-170817
-170832
-170920
-170926
-170932
-170969
-170971
-171027
-171032
-171056
-171057
-171149
-171151
-171175
-171185
-171189
-171191
-171198
-171199
-171205
-171241
-171244
-171304
-171308
-171370
-171418
-171431
-171432
-171477
-171509
-171510
-171515
-171524
-171535
-171594
-171596
-171603
-171611
-171656
-171709
-171748
-171770
-171795
-171806
-171823
-171851
-171874
-171877
-171879
-171898
-171944
-171973
-171976
-171988
-172005
-172008
-172085
-172132
-172135
-172172
-172177
-172183
-172184
-172189
-172266
-172279
-172282
-172284
-172285
-172308
-172311
-172311
-172323
-172326
-172345
-172348
-172353
-172371
-172398
-172417
-172462
-172488
-172528
-172594
-172617
-172625
-172648
-172657
-172662
-172665
-172667
-172725
-172755
-172766
-172783
-172790
-172855
-172860
-172860
-172866
-172867
-172891
-172916
-172923
-172931
-172934
-172940
-172964
-172982
-172987
-172997
-173012
-173105
-173122
-173159
-173171
-173182
-173209
-173222
-173235
-173247
-173252
-173271
-173296
-173298
-173338
-173340
-173349
-173420
-173421
-173428
-173434
-173440
-173478
-173521
-173542
-173552
-173564
-173586
-173594
-173604
-173607
-173620
-173634
-173638
-173640
-173669
-173684
-173712
-173766
-173771
-173781
-173800
-173834
-173856
-173866
-173867
-173883
-173919
-173921
-173929
-173935
-173944
-173974
-173984
-174007
-174031
-174034
-174037
-174042
-174045
-174054
-174059
-174063
-174076
-174101
-174111
-174126
-174150
-174156
-174169
-174177
-174189
-174231
-174251
-174304
-174357
-174413
-174453
-174468
-174489
-174521
-174544
-174554
-174560
-174575
-174585
-174625
-174635
-174660
-174717
-174772
-174790
-174851
-174859
-174888
-174904
-174929
-174931
-174952
-174994
-175009
-175072
-175076
-175087
-175104
-175107
-175117
-175120
-175162
-175170
-175175
-175183
-175228
-175230
-175235
-175259
-175264
-175265
-175285
-175325
-175334
-175335
-175366
-175380
-175409
-175432
-175508
-175515
-175520
-175529
-175538
-175542
-175542
-175552
-175574
-175583
-175590
-175606
-175648
-175669
-175697
-175720
-175822
-175905
-175936
-175979
-175994
-176007
-176044
-176060
-176118
-176127
-176131
-176152
-176153
-176160
-176176
-176180
-176199
-176208
-176210
-176217
-176250
-176276
-176322
-176365
-176372
-176373
-176376
-176399
-176426
-176427
-176497
-176518
-176528
-176537
-176556
-176571
-176618
-176619
-176656
-176675
-176693
-176730
-176751
-176751
-176752
-176754
-176767
-176833
-176835
-176838
-176845
-176864
-176880
-176891
-176905
-176949
-176961
-176965
-176968
-176980
-177003
-177107
-177123
-177141
-177169
-177198
-177306
-177321
-177340
-177359
-177374
-177376
-177379
-177397
-177420
-177421
-177434
-177449
-177459
-177459
-177504
-177512
-177568
-177571
-177576
-177583
-177590
-177594
-177597
-177608
-177630
-177644
-177671
-177672
-177696
-177699
-177709
-177742
-177748
-177748
-177751
-177756
-177758
-177770
-177805
-177812
-177826
-177858
-177879
-177888
-177891
-177895
-177907
-177947
-177950
-177984
-178039
-178058
-178098
-178134
-178149
-178163
-178179
-178181
-178199
-178221
-178263
-178264
-178268
-178293
-178306
-178315
-178317
-178317
-178318
-178323
-178331
-178362
-178374
-178388
-178394
-178402
-178411
-178440
-178450
-178453
-178489
-178499
-178504
-178508
-178560
-178578
-178602
-178602
-178605
-178640
-178663
-178684
-178687
-178698
-178737
-178748
-178785
-178786
-178841
-178847
-178850
-178852
-178865
-178867
-178873
-178883
-178898
-178939
-178973
-178997
-179044
-179052
-179077
-179094
-179112
-179170
-179233
-179234
-179240
-179342
-179348
-179352
-179360
-179362
-179377
-179406
-179436
-179524
-179562
-179569
-179580
-179630
-179635
-179677
-179704
-179748
-179760
-179848
-179864
-179883
-179887
-179933
-179956
-179957
-179961
-179990
-180018
-180070
-180078
-180138
-180167
-180169
-180188
-180191
-180247
-180255
-180257
-180275
-180279
-180320
-180400
-180439
-180487
-180490
-180492
-180500
-180579
-180610
-180623
-180643
-180647
-180656
-180691
-180733
-180749
-180823
-180848
-180908
-180922
-180941
-180957
-180959
-180964
-180994
-180998
-181002
-181008
-181010
-181012
-181022
-181032
-181046
-181054
-181069
-181075
-181142
-181147
-181180
-181195
-181196
-181263
-181293
-181300
-181310
-181355
-181362
-181363
-181392
-181458
-181463
-181480
-181529
-181529
-181556
-181584
-181644
-181647
-181656
-181706
-181771
-181799
-181802
-181805
-181890
-181902
-181921
-181937
-181986
-182051
-182056
-182058
-182062
-182087
-182129
-182133
-182146
-182148
-182160
-182206
-182206
-182226
-182243
-182246
-182260
-182293
-182307
-182311
-182312
-182323
-182325
-182358
-182364
-182375
-182400
-182408
-182429
-182430
-182459
-182487
-182530
-182583
-182584
-182592
-182614
-182662
-182718
-182724
-182731
-182738
-182780
-182784
-182828
-182876
-182939
-183024
-183043
-183051
-183060
-183075
-183104
-183131
-183134
-183134
-183150
-183213
-183221
-183236
-183239
-183247
-183277
-183293
-183335
-183382
-183386
-183386
-183390
-183424
-183427
-183430
-183462
-183498
-183519
-183548
-183569
-183569
-183603
-183618
-183641
-183683
-183702
-183703
-183707
-183710
-183729
-183749
-183749
-183756
-183789
-183793
-183801
-183840
-183873
-183897
-183905
-183964
-183967
-183969
-183985
-183988
-184001
-184011
-184026
-184040
-184042
-184059
-184070
-184092
-184135
-184182
-184196
-184209
-184220
-184220
-184241
-184254
-184262
-184278
-184294
-184328
-184348
-184399
-184400
-184420
-184424
-184427
-184463
-184500
-184517
-184523
-184611
-184624
-184642
-184650
-184657
-184700
-184704
-184751
-184778
-184811
-184813
-184856
-184860
-184924
-184938
-184953
-184959
-185023
-185035
-185054
-185069
-185072
-185141
-185162
-185231
-185235
-185254
-185259
-185262
-185296
-185297
-185304
-185306
-185326
-185372
-185391
-185392
-185403
-185405
-185451
-185452
-185460
-185556
-185560
-185569
-185584
-185588
-185602
-185606
-185692
-185755
-185770
-185772
-185799
-185842
-185855
-185904
-185905
-185940
-185966
-185969
-185975
-185998
-186006
-186032
-186065
-186066
-186070
-186079
-186128
-186161
-186168
-186176
-186183
-186226
-186234
-186243
-186244
-186253
-186258
-186261
-186263
-186334
-186403
-186465
-186466
-186486
-186503
-186519
-186521
-186540
-186573
-186578
-186586
-186596
-186613
-186614
-186660
-186686
-186693
-186719
-186789
-186796
-186818
-186862
-186870
-186888
-186910
-186912
-186924
-186924
-186941
-187049
-187067
-187071
-187096
-187147
-187168
-187170
-187248
-187263
-187264
-187334
-187351
-187384
-187417
-187427
-187435
-187468
-187500
-187509
-187546
-187559
-187585
-187620
-187634
-187659
-187687
-187691
-187695
-187771
-187774
-187793
-187811
-187837
-187923
-187931
-187936
-187948
-187960
-187960
-187976
-187987
-188003
-188057
-188060
-188104
-188136
-188149
-188168
-188189
-188213
-188226
-188286
-188295
-188305
-188318
-188332
-188336
-188352
-188357
-188397
-188431
-188490
-188498
-188503
-188517
-188522
-188522
-188524
-188527
-188531
-188532
-188595
-188611
-188629
-188634
-188698
-188705
-188767
-188795
-188796
-188861
-188863
-188866
-188893
-188894
-188895
-188910
-188916
-188928
-188959
-188979
-189048
-189072
-189072
-189074
-189103
-189141
-189232
-189262
-189292
-189295
-189323
-189335
-189352
-189378
-189387
-189423
-189451
-189452
-189463
-189493
-189500
-189507
-189532
-189589
-189593
-189611
-189644
-189645
-189679
-189681
-189714
-189724
-189739
-189750
-189804
-189812
-189829
-189833
-189921
-189935
-189967
-189973
-189973
-189994
-190022
-190022
-190060
-190089
-190089
-190091
-190112
-190116
-190150
-190158
-190179
-190205
-190215
-190218
-190223
-190232
-190236
-190262
-190276
-190300
-190362
-190369
-190381
-190383
-190388
-190431
-190479
-190505
-190540
-190548
-190552
-190560
-190574
-190579
-190613
-190659
-190672
-190677
-190681
-190708
-190716
-190720
-190722
-190734
-190755
-190775
-190778
-190785
-190799
-190816
-190876
-190890
-190900
-190905
-190924
-190926
-190973
-191003
-191010
-191026
-191027
-191069
-191084
-191086
-191099
-191111
-191118
-191124
-191129
-191136
-191178
-191236
-191267
-191275
-191315
-191329
-191342
-191360
-191385
-191406
-191411
-191496
-191528
-191556
-191584
-191591
-191609
-191614
-191633
-191648
-191670
-191677
-191684
-191700
-191781
-191788
-191795
-191798
-191832
-191863
-191892
-191903
-191907
-191911
-191914
-191960
-191969
-191993
-192003
-192007
-192018
-192028
-192057
-192062
-192114
-192114
-192141
-192166
-192169
-192176
-192183
-192193
-192205
-192216
-192217
-192229
-192234
-192263
-192276
-192286
-192301
-192304
-192331
-192354
-192358
-192362
-192379
-192395
-192412
-192450
-192451
-192461
-192466
-192476
-192491
-192503
-192531
-192532
-192545
-192609
-192625
-192637
-192671
-192675
-192676
-192703
-192709
-192822
-192848
-192849
-192851
-192877
-192911
-192911
-192939
-192953
-192973
-192990
-193000
-193004
-193029
-193037
-193043
-193232
-193248
-193261
-193261
-193263
-193266
-193272
-193278
-193297
-193304
-193333
-193335
-193355
-193382
-193392
-193392
-193450
-193451
-193456
-193500
-193529
-193548
-193552
-193583
-193617
-193626
-193638
-193639
-193641
-193699
-193699
-193737
-193743
-193751
-193771
-193786
-193802
-193866
-193895
-193919
-193930
-193960
-193971
-193974
-193983
-194013
-194018
-194018
-194043
-194059
-194062
-194078
-194078
-194139
-194161
-194198
-194203
-194210
-194218
-194242
-194281
-194341
-194357
-194367
-194392
-194409
-194439
-194487
-194494
-194518
-194586
-194607
-194613
-194628
-194659
-194706
-194713
-194718
-194723
-194752
-194771
-194783
-194797
-194817
-194830
-194838
-194842
-194850
-194874
-194884
-194898
-194961
-194966
-195018
-195054
-195070
-195116
-195175
-195177
-195205
-195229
-195258
-195271
-195285
-195308
-195343
-195351
-195387
-195394
-195401
-195401
-195402
-195406
-195409
-195413
-195443
-195468
-195482
-195566
-195569
-195572
-195574
-195580
-195628
-195638
-195661
-195744
-195757
-195763
-195841
-195843
-195873
-195880
-195892
-195905
-195907
-195916
-195928
-195951
-195970
-196007
-196018
-196021
-196026
-196030
-196036
-196077
-196087
-196106
-196165
-196228
-196230
-196299
-196306
-196324
-196334
-196354
-196361
-196378
-196385
-196414
-196441
-196456
-196462
-196471
-196471
-196489
-196532
-196539
-196575
-196582
-196598
-196638
-196657
-196719
-196749
-196796
-196801
-196805
-196815
-196825
-196854
-196863
-196875
-196882
-196889
-196913
-196957
-196971
-197003
-197004
-197019
-197045
-197053
-197116
-197117
-197117
-197123
-197140
-197200
-197215
-197225
-197283
-197285
-197302
-197321
-197327
-197340
-197365
-197381
-197395
-197468
-197506
-197565
-197582
-197606
-197628
-197647
-197656
-197673
-197696
-197722
-197753
-197834
-197861
-197880
-197893
-197903
-197930
-197930
-197938
-197943
-197964
-197967
-197969
-198000
-198000
-198032
-198083
-198100
-198104
-198112
-198138
-198196
-198213
-198235
-198241
-198272
-198311
-198354
-198383
-198396
-198404
-198439
-198497
-198512
-198525
-198548
-198552
-198567
-198570
-198577
-198594
-198598
-198602
-198643
-198674
-198682
-198758
-198793
-198874
-198877
-198907
-198937
-198948
-199048
-199087
-199101
-199115
-199135
-199159
-199209
-199218
-199237
-199243
-199296
-199316
-199363
-199389
-199395
-199404
-199413
-199414
-199421
-199428
-199466
-199467
-199483
-199489
-199489
-199529
-199576
-199598
-199598
-199617
-199622
-199643
-199669
-199676
-199693
-199702
-199711
-199734
-199756
-199756
-199757
-199760
-199764
-199774
-199781
-199819
-199830
-199877
-199890
-199895
-200060
-200060
-200063
-200092
-200127
-200143
-200145
-200178
-200188
-200209
-200219
-200237
-200242
-200242
-200256
-200341
-200361
-200386
-200391
-200442
-200445
-200483
-200484
-200486
-200494
-200513
-200514
-200523
-200542
-200577
-200644
-200649
-200654
-200659
-200663
-200676
-200677
-200682
-200709
-200739
-200783
-200793
-200806
-200822
-200828
-200835
-200847
-200859
-200862
-200883
-200889
-200906
-200929
-200951
-200964
-200966
-200986
-201001
-201002
-201017
-201025
-201074
-201101
-201107
-201115
-201124
-201134
-201188
-201189
-201211
-201232
-201267
-201291
-201321
-201356
-201372
-201394
-201398
-201407
-201409
-201430
-201434
-201445
-201471
-201490
-201523
-201541
-201543
-201567
-201587
-201589
-201591
-201611
-201626
-201640
-201648
-201677
-201696
-201729
-201754
-201813
-201854
-201903
-201922
-201963
-201977
-201998
-202000
-202020
-202029
-202078
-202106
-202111
-202130
-202153
-202160
-202180
-202193
-202194
-202241
-202241
-202258
-202260
-202271
-202278
-202295
-202320
-202350
-202362
-202368
-202392
-202406
-202439
-202486
-202488
-202508
-202539
-202563
-202620
-202621
-202624
-202626
-202635
-202647
-202653
-202661
-202672
-202673
-202674
-202674
-202694
-202696
-202697
-202698
-202705
-202706
-202713
-202717
-202752
-202798
-202801
-202835
-202860
-202904
-202915
-202930
-202944
-202961
-202999
-203053
-203068
-203097
-203115
-203116
-203132
-203140
-203193
-203201
-203218
-203262
-203328
-203338
-203359
-203365
-203368
-203373
-203388
-203416
-203419
-203433
-203449
-203457
-203506
-203523
-203533
-203595
-203610
-203614
-203668
-203681
-203696
-203731
-203743
-203758
-203800
-203807
-203829
-203856
-203916
-203964
-203989
-204027
-204029
-204033
-204042
-204078
-204088
-204098
-204114
-204139
-204170
-204177
-204199
-204253
-204286
-204297
-204299
-204322
-204331
-204356
-204397
-204416
-204471
-204494
-204507
-204517
-204524
-204549
-204594
-204632
-204641
-204649
-204662
-204669
-204699
-204722
-204742
-204764
-204777
-204780
-204790
-204816
-204821
-204842
-204849
-204855
-204863
-204875
-204875
-204889
-204900
-204905
-204951
-205074
-205077
-205077
-205083
-205086
-205086
-205133
-205137
-205142
-205210
-205211
-205216
-205218
-205223
-205234
-205264
-205266
-205290
-205293
-205299
-205316
-205320
-205334
-205349
-205350
-205368
-205392
-205435
-205464
-205481
-205482
-205506
-205528
-205529
-205573
-205582
-205595
-205596
-205600
-205629
-205629
-205699
-205707
-205746
-205747
-205791
-205813
-205817
-205836
-205867
-205883
-205899
-205906
-205922
-205927
-205927
-205929
-205978
-206016
-206019
-206022
-206030
-206048
-206082
-206115
-206141
-206153
-206160
-206167
-206171
-206210
-206213
-206232
-206236
-206255
-206281
-206290
-206325
-206328
-206345
-206407
-206418
-206472
-206498
-206515
-206518
-206535
-206540
-206552
-206561
-206583
-206586
-206589
-206617
-206629
-206632
-206651
-206677
-206698
-206743
-206745
-206745
-206748
-206752
-206753
-206784
-206795
-206809
-206811
-206851
-206863
-206877
-206947
-206964
-207061
-207124
-207126
-207208
-207218
-207251
-207295
-207300
-207316
-207322
-207333
-207365
-207378
-207380
-207424
-207435
-207448
-207475
-207477
-207492
-207494
-207502
-207515
-207553
-207574
-207591
-207597
-207608
-207646
-207651
-207688
-207701
-207711
-207737
-207738
-207757
-207785
-207794
-207798
-207816
-207825
-207842
-207846
-207869
-207870
-207877
-207891
-207941
-207960
-207974
-207983
-207988
-208044
-208073
-208139
-208141
-208167
-208178
-208191
-208204
-208250
-208258
-208326
-208359
-208360
-208376
-208407
-208422
-208430
-208442
-208444
-208465
-208485
-208493
-208539
-208612
-208663
-208679
-208738
-208756
-208769
-208780
-208783
-208796
-208846
-208871
-208877
-208885
-208911
-208956
-208957
-208965
-209005
-209023
-209026
-209032
-209035
-209099
-209124
-209128
-209152
-209202
-209212
-209239
-209285
-209294
-209295
-209308
-209327
-209357
-209364
-209370
-209372
-209403
-209435
-209460
-209463
-209505
-209509
-209534
-209607
-209608
-209636
-209653
-209692
-209700
-209734
-209745
-209768
-209771
-209825
-209838
-209850
-209852
-209862
-209875
-209899
-209902
-209912
-209920
-209973
-209988
-209998
-210050
-210069
-210071
-210107
-210110
-210160
-210179
-210227
-210234
-210305
-210321
-210396
-210454
-210472
-210495
-210502
-210512
-210539
-210567
-210577
-210581
-210603
-210613
-210613
-210677
-210683
-210694
-210787
-210805
-210820
-210821
-210827
-210841
-210871
-210877
-210881
-210909
-210910
-210929
-210929
-210944
-210966
-210984
-210984
-210985
-210995
-211066
-211067
-211095
-211191
-211259
-211283
-211313
-211331
-211338
-211340
-211361
-211363
-211423
-211484
-211493
-211495
-211499
-211520
-211558
-211644
-211695
-211714
-211725
-211732
-211737
-211739
-211743
-211744
-211787
-211881
-211884
-211885
-211901
-211924
-211924
-211937
-211943
-211956
-211958
-211962
-211971
-211975
-211981
-211986
-212009
-212011
-212012
-212031
-212032
-212034
-212036
-212076
-212092
-212115
-212148
-212162
-212194
-212195
-212205
-212209
-212214
-212235
-212246
-212269
-212281
-212283
-212304
-212307
-212320
-212331
-212335
-212454
-212470
-212478
-212485
-212511
-212517
-212551
-212608
-212614
-212617
-212628
-212648
-212652
-212665
-212747
-212819
-212840
-212861
-212865
-212870
-212881
-212887
-212944
-212978
-212986
-213002
-213027
-213034
-213063
-213066
-213089
-213101
-213113
-213123
-213148
-213170
-213172
-213184
-213200
-213220
-213355
-213373
-213392
-213394
-213395
-213414
-213431
-213454
-213467
-213473
-213586
-213613
-213618
-213620
-213671
-213684
-213699
-213709
-213713
-213714
-213722
-213724
-213730
-213734
-213748
-213761
-213833
-213843
-213848
-213876
-213892
-213895
-213927
-213937
-213973
-214003
-214008
-214074
-214091
-214131
-214145
-214168
-214170
-214174
-214187
-214188
-214254
-214256
-214265
-214270
-214278
-214286
-214294
-214305
-214312
-214339
-214347
-214372
-214383
-214427
-214434
-214446
-214458
-214468
-214497
-214517
-214551
-214563
-214564
-214566
-214581
-214624
-214635
-214639
-214654
-214671
-214673
-214675
-214693
-214754
-214755
-214765
-214794
-214798
-214811
-214820
-214824
-214837
-214846
-214849
-214867
-214900
-214901
-214905
-214911
-214926
-214994
-215021
-215030
-215031
-215063
-215096
-215228
-215229
-215244
-215251
-215264
-215275
-215286
-215302
-215314
-215332
-215369
-215391
-215458
-215469
-215475
-215491
-215529
-215567
-215593
-215606
-215623
-215635
-215705
-215727
-215759
-215761
-215770
-215785
-215843
-215861
-215891
-215913
-215935
-215968
-215971
-215991
-216048
-216093
-216112
-216142
-216143
-216144
-216150
-216161
-216171
-216177
-216201
-216201
-216203
-216234
-216246
-216247
-216252
-216255
-216255
-216273
-216275
-216292
-216296
-216330
-216344
-216348
-216352
-216364
-216382
-216392
-216413
-216452
-216475
-216497
-216499
-216530
-216569
-216572
-216586
-216607
-216632
-216645
-216667
-216713
-216745
-216759
-216772
-216800
-216863
-216888
-216895
-216918
-216922
-216962
-216992
-217026
-217041
-217047
-217065
-217074
-217107
-217145
-217172
-217200
-217209
-217210
-217216
-217229
-217244
-217271
-217276
-217283
-217297
-217320
-217330
-217377
-217384
-217425
-217431
-217434
-217510
-217511
-217520
-217522
-217604
-217703
-217713
-217716
-217729
-217745
-217755
-217765
-217768
-217772
-217806
-217861
-217863
-217886
-217921
-217953
-217976
-217980
-217990
-218016
-218027
-218057
-218075
-218078
-218084
-218132
-218139
-218158
-218160
-218167
-218169
-218176
-218197
-218200
-218225
-218248
-218250
-218250
-218255
-218266
-218290
-218326
-218333
-218354
-218385
-218404
-218414
-218418
-218421
-218452
-218492
-218495
-218500
-218531
-218541
-218543
-218601
-218633
-218677
-218685
-218688
-218703
-218720
-218723
-218725
-218743
-218744
-218745
-218774
-218857
-218862
-218869
-218895
-218931
-218939
-219006
-219008
-219008
-219051
-219052
-219062
-219082
-219100
-219126
-219134
-219141
-219165
-219203
-219223
-219230
-219238
-219252
-219256
-219263
-219287
-219306
-219313
-219318
-219328
-219329
-219335
-219362
-219372
-219383
-219391
-219399
-219415
-219450
-219462
-219474
-219494
-219505
-219527
-219544
-219564
-219612
-219626
-219633
-219647
-219665
-219677
-219680
-219706
-219726
-219756
-219773
-219809
-219811
-219813
-219840
-219845
-219848
-219862
-219890
-219921
-219937
-219946
-219954
-220002
-220022
-220040
-220042
-220077
-220092
-220168
-220196
-220209
-220252
-220273
-220316
-220324
-220333
-220342
-220342
-220353
-220362
-220365
-220370
-220375
-220403
-220422
-220448
-220476
-220492
-220512
-220608
-220619
-220644
-220667
-220681
-220699
-220708
-220717
-220751
-220773
-220796
-220799
-220837
-220841
-220853
-220856
-220857
-220921
-220924
-220928
-220937
-220939
-221002
-221072
-221073
-221083
-221085
-221114
-221149
-221151
-221155
-221158
-221168
-221188
-221199
-221202
-221212
-221239
-221268
-221275
-221327
-221331
-221360
-221363
-221370
-221373
-221415
-221464
-221474
-221490
-221521
-221554
-221559
-221590
-221596
-221602
-221614
-221614
-221620
-221649
-221668
-221726
-221742
-221749
-221754
-221772
-221781
-221784
-221814
-221824
-221851
-221866
-221873
-221951
-221951
-221976
-222036
-222039
-222065
-222076
-222091
-222144
-222165
-222165
-222166
-222234
-222257
-222276
-222305
-222339
-222393
-222396
-222410
-222430
-222439
-222443
-222448
-222484
-222490
-222547
-222553
-222556
-222584
-222590
-222604
-222654
-222670
-222677
-222742
-222744
-222779
-222798
-222855
-222881
-222891
-222896
-222912
-222947
-222955
-222955
-222959
-222969
-222972
-222998
-223010
-223035
-223062
-223078
-223079
-223081
-223125
-223145
-223197
-223199
-223205
-223213
-223252
-223277
-223280
-223293
-223316
-223357
-223382
-223387
-223411
-223551
-223551
-223582
-223650
-223654
-223656
-223665
-223670
-223673
-223690
-223699
-223701
-223709
-223722
-223761
-223832
-223860
-223868
-223892
-223952
-223994
-224004
-224008
-224017
-224076
-224120
-224124
-224162
-224242
-224256
-224262
-224325
-224331
-224360
-224361
-224367
-224395
-224412
-224415
-224429
-224451
-224518
-224529
-224533
-224580
-224581
-224607
-224616
-224679
-224684
-224734
-224751
-224770
-224782
-224810
-224815
-224828
-224840
-224844
-224904
-224945
-224975
-224999
-225000
-225015
-225019
-225033
-225035
-225064
-225099
-225101
-225104
-225139
-225142
-225149
-225182
-225183
-225190
-225200
-225201
-225227
-225235
-225252
-225346
-225349
-225381
-225396
-225401
-225401
-225446
-225448
-225451
-225458
-225461
-225464
-225466
-225470
-225473
-225494
-225500
-225528
-225538
-225588
-225599
-225602
-225628
-225637
-225663
-225676
-225713
-225736
-225769
-225787
-225836
-225893
-225924
-225928
-225945
-225961
-226000
-226009
-226009
-226020
-226026
-226060
-226073
-226108
-226120
-226129
-226152
-226163
-226194
-226222
-226278
-226278
-226288
-226302
-226355
-226378
-226388
-226389
-226406
-226456
-226488
-226548
-226560
-226591
-226598
-226605
-226621
-226643
-226670
-226681
-226688
-226703
-226703
-226716
-226743
-226790
-226794
-226812
-226855
-226858
-226859
-226886
-226895
-226905
-226946
-226987
-226987
-226992
-226997
-227001
-227012
-227085
-227113
-227147
-227190
-227227
-227230
-227281
-227292
-227338
-227342
-227367
-227370
-227383
-227405
-227434
-227449
-227456
-227493
-227495
-227498
-227522
-227530
-227546
-227564
-227565
-227601
-227644
-227655
-227662
-227683
-227694
-227704
-227710
-227715
-227731
-227744
-227754
-227762
-227767
-227780
-227819
-227870
-227873
-227876
-227914
-227920
-227927
-228007
-228046
-228073
-228073
-228108
-228122
-228134
-228162
-228173
-228215
-228230
-228240
-228266
-228273
-228283
-228288
-228309
-228321
-228328
-228349
-228357
-228380
-228383
-228384
-228397
-228408
-228456
-228463
-228472
-228510
-228514
-228554
-228573
-228580
-228592
-228639
-228651
-228724
-228764
-228783
-228802
-228819
-228819
-228863
-228867
-228885
-228891
-228920
-228927
-228940
-229057
-229110
-229179
-229215
-229225
-229254
-229261
-229274
-229336
-229354
-229377
-229389
-229389
-229403
-229418
-229447
-229459
-229460
-229465
-229481
-229508
-229514
-229570
-229583
-229585
-229629
-229634
-229634
-229667
-229688
-229727
-229729
-229769
-229776
-229781
-229815
-229857
-229879
-229884
-229890
-229897
-229934
-229949
-229958
-229970
-230094
-230105
-230109
-230122
-230123
-230127
-230179
-230226
-230294
-230332
-230363
-230374
-230389
-230404
-230412
-230412
-230427
-230434
-230436
-230443
-230483
-230513
-230526
-230534
-230560
-230578
-230593
-230613
-230626
-230627
-230719
-230739
-230759
-230792
-230795
-230833
-230851
-230870
-230874
-230885
-230923
-230926
-230945
-230947
-230970
-230983
-231003
-231034
-231041
-231065
-231098
-231111
-231126
-231132
-231150
-231181
-231185
-231192
-231208
-231237
-231313
-231326
-231328
-231329
-231354
-231365
-231374
-231378
-231385
-231394
-231468
-231510
-231527
-231536
-231541
-231549
-231581
-231596
-231598
-231610
-231645
-231654
-231666
-231675
-231709
-231737
-231765
-231797
-231809
-231829
-231832
-231838
-231865
-231892
-231895
-231907
-231914
-231940
-231957
-231961
-231970
-231978
-231989
-232022
-232037
-232049
-232071
-232073
-232099
-232119
-232131
-232146
-232152
-232169
-232180
-232192
-232220
-232253
-232266
-232298
-232319
-232323
-232374
-232388
-232400
-232408
-232416
-232454
-232465
-232471
-232505
-232525
-232560
-232562
-232591
-232598
-232655
-232680
-232682
-232693
-232702
-232704
-232704
-232710
-232716
-232778
-232785
-232791
-232834
-232839
-232846
-232858
-232876
-232889
-232901
-232917
-232937
-232940
-232942
-232953
-233002
-233013
-233027
-233047
-233096
-233123
-233140
-233153
-233153
-233162
-233174
-233216
-233232
-233238
-233256
-233362
-233375
-233383
-233395
-233399
-233434
-233457
-233472
-233525
-233529
-233535
-233561
-233576
-233583
-233617
-233660
-233671
-233706
-233724
-233727
-233730
-233746
-233754
-233792
-233816
-233818
-233829
-233834
-233841
-233843
-233854
-233871
-233871
-233905
-233940
-233962
-234006
-234006
-234034
-234081
-234082
-234124
-234133
-234144
-234147
-234148
-234171
-234235
-234240
-234260
-234268
-234273
-234275
-234276
-234305
-234368
-234421
-234444
-234457
-234458
-234475
-234542
-234594
-234605
-234614
-234627
-234641
-234652
-234660
-234671
-234761
-234803
-234819
-234859
-234890
-234891
-234998
-235002
-235039
-235082
-235115
-235122
-235154
-235157
-235175
-235190
-235232
-235240
-235242
-235256
-235282
-235291
-235292
-235309
-235327
-235346
-235362
-235371
-235377
-235402
-235451
-235475
-235494
-235499
-235556
-235599
-235609
-235634
-235635
-235656
-235659
-235667
-235675
-235697
-235699
-235707
-235709
-235725
-235773
-235785
-235794
-235805
-235820
-235836
-235870
-235874
-235911
-235924
-235951
-235983
-236008
-236017
-236035
-236047
-236063
-236069
-236069
-236094
-236116
-236124
-236124
-236136
-236204
-236265
-236267
-236267
-236281
-236293
-236308
-236313
-236316
-236340
-236360
-236374
-236391
-236431
-236433
-236439
-236449
-236473
-236479
-236565
-236565
-236612
-236613
-236618
-236628
-236629
-236648
-236658
-236688
-236713
-236730
-236738
-236758
-236765
-236774
-236833
-236853
-236869
-236873
-236892
-236939
-237008
-237027
-237097
-237191
-237196
-237217
-237233
-237250
-237273
-237294
-237326
-237334
-237377
-237380
-237383
-237387
-237436
-237438
-237439
-237480
-237531
-237535
-237591
-237634
-237644
-237654
-237685
-237689
-237697
-237736
-237750
-237758
-237764
-237798
-237801
-237820
-237908
-237920
-237942
-237981
-237988
-237993
-238048
-238062
-238091
-238161
-238192
-238204
-238224
-238227
-238228
-238242
-238257
-238267
-238269
-238304
-238309
-238334
-238362
-238379
-238387
-238411
-238412
-238425
-238457
-238478
-238488
-238497
-238497
-238509
-238517
-238517
-238517
-238526
-238532
-238537
-238557
-238599
-238637
-238644
-238663
-238675
-238706
-238759
-238832
-238843
-238845
-238856
-238877
-238888
-238910
-238919
-238924
-238928
-238930
-238933
-238933
-238934
-238974
-238990
-239005
-239007
-239073
-239249
-239282
-239284
-239297
-239331
-239371
-239396
-239397
-239407
-239425
-239425
-239427
-239434
-239490
-239543
-239546
-239548
-239550
-239550
-239553
-239568
-239571
-239577
-239607
-239675
-239676
-239688
-239764
-239813
-239819
-239824
-239860
-239868
-239927
-239931
-239932
-239939
-239942
-239942
-239986
-239996
-240007
-240029
-240054
-240156
-240162
-240201
-240276
-240294
-240307
-240320
-240345
-240370
-240396
-240413
-240497
-240499
-240503
-240545
-240557
-240560
-240560
-240593
-240624
-240668
-240675
-240690
-240731
-240769
-240771
-240811
-240881
-240903
-240940
-240959
-240981
-241026
-241031
-241044
-241049
-241058
-241066
-241107
-241148
-241157
-241170
-241193
-241210
-241227
-241324
-241330
-241333
-241341
-241351
-241408
-241438
-241451
-241451
-241488
-241491
-241539
-241544
-241572
-241575
-241627
-241633
-241634
-241635
-241652
-241659
-241726
-241728
-241746
-241749
-241754
-241763
-241797
-241809
-241832
-241912
-241915
-241931
-241934
-241936
-241960
-241986
-242000
-242004
-242028
-242036
-242052
-242083
-242085
-242115
-242128
-242137
-242138
-242145
-242153
-242183
-242192
-242225
-242230
-242239
-242262
-242300
-242342
-242356
-242390
-242446
-242487
-242504
-242535
-242537
-242551
-242554
-242598
-242606
-242612
-242644
-242692
-242732
-242739
-242749
-242770
-242804
-242805
-242822
-242838
-242870
-242973
-243009
-243069
-243101
-243130
-243141
-243160
-243166
-243188
-243191
-243203
-243228
-243229
-243253
-243298
-243303
-243332
-243335
-243355
-243365
-243369
-243379
-243383
-243398
-243412
-243444
-243465
-243469
-243539
-243544
-243549
-243550
-243563
-243603
-243628
-243637
-243638
-243659
-243697
-243697
-243701
-243711
-243751
-243767
-243771
-243785
-243800
-243803
-243836
-243853
-243866
-243916
-243928
-243943
-244046
-244081
-244089
-244108
-244119
-244126
-244197
-244220
-244227
-244241
-244243
-244245
-244264
-244300
-244310
-244331
-244341
-244384
-244385
-244411
-244469
-244494
-244502
-244528
-244561
-244602
-244604
-244611
-244617
-244633
-244656
-244689
-244708
-244738
-244771
-244777
-244794
-244802
-244823
-244834
-244866
-244871
-244882
-244897
-244901
-244951
-244961
-245007
-245010
-245016
-245024
-245085
-245135
-245141
-245148
-245168
-245172
-245223
-245225
-245246
-245254
-245257
-245276
-245329
-245371
-245400
-245415
-245437
-245500
-245527
-245551
-245554
-245558
-245562
-245569
-245572
-245580
-245593
-245594
-245619
-245629
-245633
-245649
-245679
-245720
-245737
-245816
-245855
-245857
-245905
-245941
-245942
-245947
-245966
-245967
-246023
-246033
-246033
-246116
-246134
-246137
-246148
-246189
-246268
-246270
-246278
-246289
-246307
-246361
-246376
-246386
-246395
-246434
-246434
-246475
-246504
-246518
-246537
-246538
-246602
-246644
-246653
-246735
-246750
-246767
-246784
-246795
-246833
-246863
-246884
-246920
-246928
-246938
-246939
-246943
-246944
-246982
-247009
-247017
-247042
-247106
-247119
-247151
-247184
-247196
-247252
-247256
-247262
-247273
-247296
-247302
-247346
-247351
-247364
-247383
-247385
-247393
-247399
-247407
-247417
-247426
-247469
-247552
-247571
-247592
-247601
-247603
-247612
-247617
-247623
-247626
-247641
-247650
-247708
-247746
-247750
-247789
-247798
-247817
-247821
-247826
-247847
-247854
-247864
-247867
-247887
-247895
-247900
-247901
-247901
-247925
-247946
-247966
-247988
-248001
-248033
-248039
-248063
-248064
-248068
-248100
-248106
-248123
-248138
-248180
-248209
-248288
-248293
-248307
-248333
-248339
-248350
-248378
-248422
-248441
-248490
-248530
-248537
-248579
-248598
-248624
-248625
-248632
-248632
-248633
-248671
-248671
-248683
-248695
-248709
-248771
-248786
-248798
-248805
-248808
-248810
-248816
-248846
-248858
-249118
-249120
-249129
-249272
-249274
-249278
-249292
-249300
-249315
-249337
-249351
-249376
-249403
-249440
-249467
-249470
-249484
-249486
-249509
-249514
-249527
-249528
-249540
-249540
-249572
-249589
-249599
-249608
-249624
-249654
-249664
-249695
-249698
-249703
-249751
-249763
-249767
-249774
-249785
-249789
-249800
-249830
-249834
-249842
-249859
-249869
-249884
-249892
-249918
-249932
-249985
-249986
-250046
-250069
-250087
-250099
-250132
-250145
-250151
-250161
-250164
-250194
-250219
-250285
-250294
-250295
-250301
-250306
-250306
-250392
-250413
-250475
-250506
-250581
-250618
-250626
-250639
-250663
-250664
-250670
-250685
-250699
-250699
-250719
-250742
-250745
-250788
-250794
-250839
-250843
-250870
-250878
-250902
-250905
-250927
-250945
-250978
-251018
-251031
-251052
-251058
-251069
-251083
-251104
-251121
-251124
-251131
-251133
-251160
-251160
-251166
-251181
-251192
-251211
-251218
-251229
-251263
-251269
-251343
-251367
-251424
-251441
-251463
-251502
-251548
-251552
-251565
-251584
-251614
-251639
-251668
-251680
-251686
-251698
-251775
-251777
-251794
-251796
-251864
-251890
-251908
-251932
-251970
-251971
-251984
-252014
-252049
-252063
-252068
-252071
-252089
-252134
-252149
-252159
-252167
-252186
-252209
-252238
-252255
-252300
-252300
-252303
-252328
-252328
-252402
-252407
-252442
-252450
-252452
-252455
-252457
-252474
-252565
-252566
-252582
-252589
-252599
-252613
-252615
-252644
-252651
-252671
-252674
-252681
-252733
-252772
-252783
-252790
-252799
-252866
-252867
-252873
-252893
-252895
-252896
-252897
-252909
-252944
-252976
-252985
-253016
-253070
-253099
-253138
-253195
-253200
-253208
-253218
-253225
-253255
-253288
-253317
-253322
-253334
-253335
-253337
-253345
-253359
-253388
-253407
-253446
-253487
-253499
-253500
-253508
-253536
-253549
-253561
-253659
-253659
-253662
-253666
-253691
-253696
-253710
-253723
-253725
-253751
-253786
-253787
-253792
-253817
-253824
-253831
-253862
-253879
-253925
-253927
-253933
-253969
-253981
-254025
-254033
-254039
-254055
-254071
-254123
-254142
-254165
-254192
-254247
-254253
-254261
-254283
-254326
-254331
-254360
-254440
-254449
-254463
-254472
-254478
-254514
-254528
-254568
-254596
-254612
-254631
-254637
-254668
-254724
-254727
-254730
-254737
-254749
-254821
-254855
-254862
-254895
-254901
-254929
-254940
-254964
-254991
-254993
-255016
-255022
-255069
-255074
-255076
-255085
-255097
-255097
-255098
-255116
-255152
-255178
-255187
-255216
-255218
-255257
-255293
-255306
-255315
-255320
-255338
-255391
-255424
-255453
-255455
-255467
-255487
-255497
-255508
-255513
-255543
-255579
-255601
-255614
-255655
-255664
-255675
-255699
-255708
-255735
-255776
-255792
-255803
-255820
-255861
-255864
-255882
-255885
-255909
-255931
-255954
-255954
-255956
-256021
-256051
-256077
-256091
-256092
-256104
-256175
-256203
-256205
-256232
-256298
-256380
-256396
-256427
-256431
-256436
-256446
-256455
-256477
-256507
-256514
-256521
-256534
-256541
-256650
-256653
-256688
-256709
-256794
-256818
-256849
-256864
-256875
-256910
-256928
-256958
-256969
-256984
-257036
-257037
-257071
-257098
-257113
-257130
-257166
-257184
-257199
-257203
-257204
-257242
-257280
-257286
-257338
-257353
-257354
-257411
-257474
-257482
-257484
-257530
-257532
-257538
-257562
-257567
-257570
-257584
-257588
-257616
-257617
-257621
-257696
-257713
-257715
-257718
-257738
-257745
-257774
-257779
-257780
-257783
-257789
-257860
-257890
-257924
-257945
-257954
-257967
-257975
-257977
-257997
-258027
-258051
-258085
-258101
-258109
-258117
-258119
-258124
-258124
-258143
-258179
-258189
-258201
-258222
-258283
-258286
-258300
-258305
-258319
-258335
-258348
-258387
-258406
-258424
-258445
-258475
-258505
-258506
-258538
-258552
-258588
-258605
-258608
-258625
-258633
-258634
-258690
-258710
-258722
-258749
-258782
-258782
-258791
-258797
-258808
-258868
-258904
-258941
-258951
-258998
-258999
-259063
-259077
-259077
-259083
-259102
-259110
-259111
-259140
-259172
-259185
-259190
-259219
-259253
-259296
-259303
-259307
-259308
-259311
-259326
-259378
-259429
-259479
-259483
-259505
-259585
-259605
-259606
-259626
-259667
-259732
-259743
-259765
-259780
-259864
-259870
-259883
-259892
-259899
-259905
-259938
-259951
-259970
-259988
-259997
-260028
-260066
-260075
-260088
-260098
-260109
-260169
-260175
-260191
-260222
-260240
-260248
-260332
-260333
-260353
-260356
-260358
-260370
-260390
-260410
-260429
-260438
-260456
-260472
-260472
-260497
-260503
-260506
-260527
-260568
-260585
-260680
-260687
-260700
-260702
-260736
-260769
-260780
-260781
-260795
-260809
-260811
-260827
-260839
-260953
-260972
-260973
-261002
-261003
-261010
-261021
-261053
-261065
-261091
-261091
-261096
-261101
-261119
-261120
-261123
-261124
-261134
-261142
-261163
-261166
-261183
-261187
-261206
-261222
-261225
-261258
-261278
-261306
-261320
-261321
-261325
-261342
-261368
-261416
-261423
-261427
-261427
-261463
-261480
-261512
-261547
-261553
-261562
-261570
-261579
-261596
-261597
-261602
-261632
-261658
-261684
-261702
-261722
-261733
-261752
-261758
-261789
-261802
-261836
-261878
-261899
-261921
-261934
-261935
-261938
-261942
-261954
-261958
-262087
-262087
-262129
-262136
-262189
-262212
-262212
-262212
-262245
-262344
-262381
-262383
-262385
-262389
-262492
-262509
-262529
-262530
-262562
-262589
-262595
-262616
-262642
-262655
-262657
-262665
-262671
-262681
-262685
-262718
-262719
-262753
-262768
-262785
-262789
-262867
-262880
-262891
-262900
-262965
-262967
-262983
-263137
-263142
-263165
-263177
-263207
-263233
-263286
-263295
-263321
-263323
-263329
-263389
-263400
-263426
-263427
-263434
-263460
-263482
-263490
-263491
-263497
-263512
-263525
-263537
-263555
-263556
-263565
-263598
-263603
-263619
-263623
-263653
-263685
-263706
-263724
-263735
-263742
-263777
-263785
-263791
-263824
-263864
-263872
-263902
-263913
-263927
-263930
-263950
-263958
-263977
-263985
-263986
-264003
-264010
-264011
-264016
-264016
-264038
-264068
-264069
-264092
-264101
-264129
-264139
-264171
-264191
-264203
-264213
-264259
-264275
-264293
-264318
-264396
-264446
-264456
-264476
-264478
-264493
-264569
-264593
-264599
-264660
-264661
-264670
-264672
-264696
-264735
-264777
-264805
-264851
-264851
-264896
-264920
-264956
-264976
-264980
-264981
-264982
-265023
-265046
-265050
-265066
-265101
-265109
-265136
-265220
-265283
-265296
-265336
-265384
-265412
-265422
-265427
-265428
-265433
-265440
-265469
-265528
-265550
-265550
-265560
-265584
-265586
-265605
-265612
-265707
-265727
-265754
-265764
-265773
-265778
-265864
-265867
-265874
-265909
-265929
-266000
-266071
-266079
-266126
-266147
-266228
-266245
-266278
-266299
-266313
-266318
-266331
-266336
-266358
-266381
-266382
-266404
-266407
-266410
-266476
-266498
-266515
-266529
-266529
-266557
-266565
-266582
-266609
-266629
-266648
-266671
-266671
-266692
-266695
-266751
-266816
-266823
-266843
-266865
-266868
-266868
-266902
-266955
-266972
-266976
-266981
-267001
-267029
-267030
-267033
-267061
-267094
-267108
-267120
-267131
-267149
-267154
-267155
-267172
-267173
-267207
-267235
-267243
-267249
-267260
-267269
-267277
-267280
-267287
-267312
-267340
-267342
-267396
-267404
-267417
-267426
-267450
-267457
-267458
-267464
-267471
-267484
-267487
-267503
-267531
-267561
-267630
-267659
-267662
-267682
-267712
-267751
-267775
-267798
-267811
-267815
-267822
-267830
-267849
-267924
-267934
-267949
-267955
-267967
-268046
-268067
-268073
-268103
-268130
-268156
-268167
-268168
-268170
-268181
-268211
-268211
-268240
-268245
-268359
-268385
-268423
-268423
-268456
-268527
-268530
-268534
-268548
-268563
-268566
-268573
-268581
-268618
-268653
-268665
-268711
-268732
-268746
-268809
-268813
-268835
-268871
-268873
-268874
-268892
-268894
-268894
-268911
-268914
-268935
-268940
-268972
-269012
-269043
-269057
-269109
-269117
-269147
-269173
-269203
-269208
-269212
-269226
-269236
-269286
-269310
-269328
-269370
-269372
-269393
-269455
-269504
-269536
-269569
-269572
-269591
-269605
-269637
-269694
-269802
-269816
-269818
-269825
-269828
-269854
-269927
-269936
-269941
-269949
-269968
-269972
-269982
-270001
-270018
-270062
-270076
-270095
-270100
-270107
-270145
-270149
-270165
-270215
-270248
-270263
-270282
-270284
-270290
-270320
-270447
-270472
-270476
-270523
-270536
-270561
-270632
-270646
-270646
-270661
-270703
-270713
-270714
-270751
-270760
-270762
-270810
-270853
-270873
-270874
-270917
-270927
-271005
-271039
-271080
-271122
-271149
-271155
-271181
-271198
-271201
-271243
-271246
-271258
-271258
-271264
-271298
-271309
-271321
-271325
-271337
-271339
-271357
-271377
-271382
-271396
-271431
-271441
-271446
-271452
-271464
-271523
-271527
-271545
-271570
-271572
-271582
-271586
-271595
-271599
-271615
-271632
-271650
-271691
-271711
-271720
-271724
-271728
-271729
-271751
-271776
-271809
-271865
-271928
-271928
-271943
-271956
-271977
-272041
-272061
-272076
-272079
-272082
-272115
-272140
-272147
-272160
-272222
-272224
-272286
-272300
-272304
-272322
-272323
-272328
-272329
-272349
-272354
-272375
-272395
-272418
-272444
-272453
-272516
-272528
-272547
-272549
-272564
-272597
-272620
-272621
-272687
-272688
-272747
-272757
-272779
-272782
-272788
-272904
-272910
-272926
-272929
-272929
-272931
-272944
-272949
-272954
-272972
-272974
-273035
-273045
-273063
-273071
-273096
-273112
-273126
-273147
-273151
-273152
-273161
-273168
-273201
-273207
-273210
-273227
-273231
-273261
-273270
-273280
-273352
-273361
-273370
-273389
-273404
-273427
-273448
-273580
-273601
-273603
-273615
-273635
-273636
-273678
-273721
-273734
-273738
-273740
-273751
-273756
-273775
-273807
-273817
-273840
-273854
-273869
-273898
-273913
-273916
-273938
-273950
-273954
-274021
-274032
-274044
-274052
-274085
-274093
-274094
-274133
-274152
-274156
-274175
-274211
-274267
-274332
-274337
-274347
-274352
-274413
-274445
-274446
-274457
-274482
-274482
-274563
-274578
-274607
-274612
-274621
-274621
-274632
-274640
-274671
-274676
-274682
-274684
-274688
-274714
-274729
-274780
-274800
-274820
-274827
-274855
-274925
-274939
-274944
-274984
-275027
-275040
-275065
-275113
-275115
-275126
-275159
-275176
-275192
-275213
-275233
-275251
-275254
-275265
-275270
-275296
-275331
-275331
-275333
-275360
-275363
-275366
-275436
-275469
-275524
-275556
-275591
-275646
-275657
-275668
-275733
-275787
-275799
-275802
-275829
-275872
-275884
-275889
-275910
-275947
-275979
-275992
-276004
-276088
-276114
-276114
-276144
-276149
-276219
-276219
-276234
-276252
-276285
-276317
-276343
-276438
-276467
-276497
-276528
-276532
-276542
-276548
-276551
-276553
-276561
-276564
-276579
-276602
-276648
-276675
-276676
-276685
-276704
-276779
-276797
-276800
-276802
-276835
-276896
-276909
-276928
-276973
-276978
-277006
-277012
-277041
-277047
-277066
-277088
-277094
-277108
-277146
-277152
-277209
-277230
-277266
-277322
-277343
-277348
-277383
-277387
-277417
-277446
-277446
-277490
-277493
-277525
-277545
-277557
-277571
-277613
-277615
-277642
-277643
-277680
-277696
-277747
-277772
-277781
-277783
-277783
-277787
-277822
-277837
-277859
-277862
-277890
-277892
-277894
-277906
-277910
-277982
-277983
-277984
-278047
-278053
-278104
-278108
-278120
-278134
-278138
-278142
-278162
-278169
-278179
-278189
-278190
-278193
-278258
-278260
-278265
-278310
-278312
-278332
-278340
-278363
-278380
-278407
-278429
-278438
-278461
-278485
-278508
-278518
-278529
-278569
-278588
-278596
-278620
-278670
-278677
-278685
-278702
-278716
-278737
-278752
-278768
-278772
-278779
-278802
-278868
-278904
-278909
-278947
-278956
-278961
-278970
-278974
-278983
-278983
-279002
-279036
-279045
-279098
-279100
-279110
-279120
-279125
-279167
-279221
-279294
-279300
-279320
-279320
-279367
-279390
-279418
-279444
-279451
-279454
-279458
-279489
-279499
-279513
-279525
-279576
-279608
-279610
-279614
-279627
-279636
-279664
-279666
-279727
-279739
-279764
-279791
-279802
-279804
-279807
-279814
-279856
-279919
-279925
-279940
-279943
-279946
-279985
-279996
-280010
-280052
-280061
-280101
-280107
-280115
-280166
-280177
-280186
-280247
-280291
-280318
-280356
-280420
-280437
-280455
-280461
-280464
-280540
-280543
-280546
-280546
-280585
-280594
-280644
-280654
-280689
-280693
-280728
-280754
-280800
-280803
-280807
-280820
-280829
-280836
-280840
-280840
-280849
-280887
-280919
-281045
-281087
-281108
-281144
-281156
-281165
-281191
-281207
-281233
-281237
-281250
-281254
-281254
-281261
-281342
-281347
-281358
-281359
-281376
-281381
-281415
-281430
-281471
-281561
-281577
-281577
-281582
-281613
-281616
-281616
-281632
-281635
-281725
-281729
-281758
-281773
-281812
-281815
-281884
-281914
-281919
-281947
-281955
-281956
-281990
-282008
-282052
-282083
-282100
-282108
-282164
-282177
-282210
-282233
-282236
-282237
-282254
-282273
-282284
-282289
-282313
-282395
-282447
-282462
-282527
-282529
-282536
-282578
-282599
-282623
-282625
-282629
-282640
-282646
-282692
-282701
-282705
-282732
-282746
-282794
-282830
-282875
-282883
-282921
-282926
-282993
-283016
-283032
-283042
-283045
-283046
-283076
-283087
-283109
-283143
-283182
-283195
-283195
-283207
-283215
-283230
-283230
-283231
-283236
-283261
-283266
-283305
-283330
-283345
-283356
-283382
-283388
-283400
-283412
-283413
-283432
-283438
-283444
-283447
-283465
-283527
-283536
-283603
-283615
-283621
-283624
-283636
-283654
-283662
-283668
-283680
-283713
-283713
-283716
-283736
-283739
-283739
-283782
-283879
-283902
-283902
-283906
-283910
-283931
-283974
-284009
-284042
-284061
-284098
-284103
-284221
-284268
-284288
-284291
-284297
-284319
-284366
-284381
-284398
-284401
-284416
-284418
-284421
-284469
-284532
-284566
-284572
-284609
-284610
-284627
-284653
-284666
-284761
-284785
-284789
-284851
-284864
-284874
-284875
-284881
-284945
-284977
-285004
-285016
-285021
-285030
-285037
-285051
-285058
-285098
-285158
-285185
-285212
-285221
-285234
-285257
-285268
-285278
-285305
-285310
-285332
-285335
-285367
-285368
-285369
-285388
-285403
-285410
-285432
-285439
-285454
-285454
-285474
-285476
-285493
-285503
-285634
-285653
-285656
-285701
-285703
-285733
-285743
-285805
-285812
-285827
-285853
-285856
-285888
-285889
-285907
-285917
-285922
-285940
-285952
-285966
-285978
-285983
-285994
-286033
-286041
-286052
-286053
-286055
-286066
-286079
-286119
-286144
-286148
-286197
-286254
-286306
-286320
-286347
-286353
-286360
-286376
-286402
-286407
-286429
-286434
-286462
-286468
-286501
-286518
-286539
-286591
-286611
-286633
-286637
-286668
-286673
-286687
-286705
-286714
-286719
-286744
-286744
-286781
-286884
-286936
-286945
-286979
-287000
-287005
-287033
-287038
-287040
-287046
-287052
-287072
-287100
-287121
-287139
-287190
-287220
-287222
-287239
-287269
-287281
-287294
-287299
-287313
-287380
-287403
-287453
-287486
-287555
-287593
-287608
-287616
-287620
-287643
-287684
-287773
-287785
-287801
-287810
-287825
-287846
-287847
-287894
-287936
-287940
-287952
-287960
-287962
-287966
-287968
-287980
-288035
-288039
-288061
-288062
-288070
-288072
-288115
-288160
-288222
-288236
-288236
-288248
-288268
-288293
-288305
-288339
-288340
-288343
-288412
-288438
-288456
-288479
-288488
-288510
-288516
-288565
-288576
-288598
-288616
-288617
-288684
-288693
-288701
-288709
-288712
-288720
-288786
-288807
-288810
-288812
-288824
-288866
-288877
-288878
-288909
-288915
-288920
-288931
-288954
-288960
-288999
-289001
-289006
-289009
-289026
-289039
-289057
-289073
-289075
-289093
-289117
-289130
-289147
-289190
-289198
-289211
-289221
-289223
-289224
-289227
-289230
-289264
-289279
-289312
-289327
-289332
-289336
-289343
-289366
-289441
-289451
-289459
-289480
-289508
-289509
-289520
-289523
-289525
-289530
-289535
-289592
-289600
-289664
-289685
-289688
-289689
-289704
-289705
-289719
-289735
-289739
-289745
-289769
-289808
-289840
-289885
-289904
-289941
-289958
-289959
-289964
-289966
-289978
-290005
-290014
-290020
-290035
-290044
-290072
-290080
-290124
-290126
-290141
-290162
-290165
-290206
-290221
-290243
-290264
-290287
-290310
-290313
-290353
-290355
-290376
-290417
-290418
-290425
-290425
-290425
-290458
-290476
-290501
-290509
-290526
-290575
-290617
-290640
-290645
-290648
-290672
-290694
-290711
-290758
-290763
-290765
-290789
-290790
-290814
-290823
-290848
-290860
-290880
-290887
-290902
-290917
-290933
-290944
-290950
-290951
-290954
-290963
-290963
-290972
-290973
-290980
-290994
-291001
-291015
-291028
-291051
-291060
-291076
-291086
-291134
-291137
-291145
-291153
-291155
-291195
-291202
-291206
-291235
-291243
-291247
-291295
-291328
-291337
-291343
-291344
-291355
-291391
-291396
-291398
-291406
-291407
-291430
-291447
-291474
-291489
-291505
-291505
-291505
-291507
-291534
-291585
-291588
-291620
-291625
-291651
-291672
-291680
-291690
-291708
-291714
-291720
-291736
-291798
-291800
-291818
-291870
-291871
-291899
-291901
-291905
-291935
-291969
-291971
-291982
-291994
-292056
-292067
-292093
-292110
-292113
-292171
-292194
-292203
-292205
-292216
-292240
-292244
-292266
-292266
-292269
-292284
-292314
-292324
-292353
-292418
-292430
-292446
-292485
-292485
-292498
-292516
-292518
-292523
-292533
-292563
-292563
-292582
-292594
-292596
-292597
-292601
-292613
-292650
-292677
-292701
-292728
-292736
-292740
-292744
-292752
-292755
-292792
-292808
-292833
-292902
-292903
-292945
-292953
-293020
-293024
-293042
-293046
-293062
-293068
-293090
-293096
-293101
-293114
-293121
-293147
-293148
-293208
-293221
-293224
-293272
-293305
-293341
-293355
-293365
-293400
-293419
-293421
-293422
-293448
-293449
-293463
-293481
-293494
-293509
-293523
-293530
-293531
-293580
-293606
-293626
-293631
-293654
-293678
-293681
-293691
-293698
-293707
-293764
-293767
-293787
-293857
-293880
-293890
-293893
-293899
-293917
-293958
-293966
-293988
-294067
-294078
-294109
-294116
-294127
-294151
-294209
-294238
-294284
-294317
-294324
-294375
-294396
-294472
-294486
-294490
-294526
-294546
-294568
-294590
-294605
-294623
-294629
-294630
-294642
-294718
-294723
-294763
-294808
-294811
-294825
-294866
-294876
-294930
-294937
-294958
-294968
-294968
-294975
-295020
-295033
-295055
-295122
-295124
-295128
-295157
-295255
-295267
-295277
-295287
-295308
-295310
-295322
-295340
-295346
-295352
-295368
-295393
-295394
-295404
-295412
-295422
-295444
-295449
-295498
-295557
-295573
-295595
-295600
-295662
-295670
-295673
-295757
-295768
-295786
-295808
-295826
-295841
-295848
-295851
-295874
-295894
-295929
-295951
-296003
-296055
-296060
-296061
-296062
-296076
-296078
-296143
-296170
-296192
-296263
-296265
-296268
-296346
-296346
-296352
-296358
-296363
-296372
-296384
-296386
-296418
-296429
-296437
-296439
-296442
-296451
-296469
-296482
-296485
-296514
-296608
-296612
-296646
-296664
-296688
-296696
-296700
-296713
-296716
-296721
-296739
-296740
-296747
-296753
-296772
-296807
-296880
-296897
-296912
-296914
-296939
-296942
-296944
-296961
-296970
-296971
-297012
-297099
-297103
-297171
-297208
-297251
-297261
-297269
-297295
-297332
-297351
-297367
-297375
-297410
-297415
-297464
-297480
-297482
-297506
-297518
-297527
-297557
-297563
-297575
-297583
-297585
-297590
-297598
-297605
-297632
-297642
-297687
-297689
-297746
-297766
-297818
-297837
-297845
-297852
-297853
-297883
-297932
-297967
-298012
-298044
-298058
-298083
-298156
-298206
-298220
-298237
-298239
-298263
-298331
-298384
-298384
-298393
-298393
-298404
-298418
-298454
-298462
-298478
-298497
-298503
-298511
-298516
-298550
-298555
-298579
-298634
-298657
-298660
-298710
-298746
-298761
-298768
-298778
-298789
-298799
-298803
-298812
-298865
-298880
-298907
-298970
-298998
-299001
-299079
-299088
-299096
-299113
-299119
-299122
-299175
-299179
-299180
-299248
-299275
-299280
-299288
-299304
-299307
-299321
-299344
-299355
-299402
-299404
-299488
-299489
-299492
-299499
-299506
-299526
-299540
-299556
-299558
-299589
-299606
-299773
-299899
-299913
-299933
-299962
-299977
-299982
-299989
-299993
-300047
-300049
-300090
-300094
-300100
-300106
-300126
-300129
-300134
-300139
-300148
-300167
-300182
-300185
-300259
-300352
-300373
-300386
-300389
-300392
-300399
-300420
-300425
-300440
-300475
-300484
-300539
-300551
-300566
-300582
-300605
-300620
-300664
-300675
-300687
-300710
-300748
-300759
-300764
-300800
-300810
-300823
-300834
-300897
-300914
-300917
-300918
-300980
-301002
-301004
-301006
-301024
-301061
-301088
-301094
-301099
-301113
-301137
-301149
-301172
-301201
-301203
-301204
-301204
-301250
-301251
-301276
-301312
-301314
-301324
-301389
-301403
-301420
-301440
-301440
-301444
-301464
-301474
-301524
-301547
-301568
-301616
-301666
-301677
-301728
-301732
-301760
-301787
-301812
-301831
-301843
-301883
-301906
-301919
-301965
-301982
-301989
-301996
-302022
-302029
-302044
-302063
-302070
-302152
-302183
-302216
-302233
-302267
-302290
-302291
-302354
-302357
-302387
-302397
-302400
-302430
-302443
-302447
-302448
-302449
-302457
-302473
-302476
-302512
-302513
-302559
-302565
-302588
-302610
-302616
-302619
-302621
-302621
-302627
-302645
-302663
-302670
-302695
-302713
-302722
-302739
-302743
-302786
-302790
-302798
-302804
-302805
-302844
-302848
-302876
-302899
-302914
-302938
-302940
-302956
-302990
-303007
-303018
-303029
-303029
-303067
-303105
-303117
-303151
-303207
-303215
-303220
-303245
-303278
-303280
-303282
-303282
-303315
-303321
-303324
-303330
-303334
-303344
-303359
-303456
-303463
-303475
-303492
-303516
-303517
-303545
-303552
-303568
-303587
-303594
-303616
-303674
-303675
-303750
-303760
-303769
-303770
-303795
-303895
-303903
-303958
-303996
-303996
-303997
-304035
-304053
-304059
-304101
-304106
-304123
-304134
-304134
-304192
-304229
-304241
-304242
-304242
-304260
-304270
-304273
-304336
-304379
-304385
-304394
-304415
-304427
-304443
-304477
-304501
-304523
-304532
-304541
-304562
-304593
-304622
-304648
-304684
-304708
-304814
-304837
-304842
-304894
-304902
-304923
-304957
-304969
-304976
-304992
-305010
-305012
-305076
-305081
-305093
-305110
-305127
-305156
-305162
-305213
-305223
-305227
-305235
-305251
-305259
-305265
-305308
-305315
-305343
-305379
-305386
-305420
-305429
-305434
-305434
-305468
-305491
-305502
-305515
-305518
-305518
-305538
-305542
-305567
-305590
-305594
-305594
-305597
-305612
-305615
-305631
-305657
-305665
-305679
-305693
-305697
-305712
-305734
-305761
-305785
-305794
-305814
-305835
-305856
-305872
-305890
-305924
-305941
-305995
-306006
-306023
-306095
-306102
-306102
-306132
-306143
-306156
-306217
-306230
-306230
-306260
-306285
-306287
-306314
-306337
-306340
-306356
-306359
-306409
-306419
-306441
-306452
-306509
-306546
-306551
-306554
-306576
-306602
-306607
-306620
-306632
-306643
-306675
-306692
-306715
-306735
-306747
-306747
-306750
-306753
-306760
-306770
-306778
-306781
-306787
-306801
-306861
-306886
-306916
-306944
-306958
-307002
-307022
-307025
-307070
-307083
-307167
-307250
-307255
-307263
-307332
-307341
-307363
-307398
-307401
-307406
-307444
-307529
-307570
-307573
-307619
-307623
-307631
-307641
-307670
-307700
-307711
-307713
-307715
-307728
-307766
-307768
-307776
-307781
-307783
-307784
-307885
-307901
-307902
-307964
-308015
-308038
-308135
-308147
-308161
-308169
-308202
-308208
-308235
-308243
-308244
-308246
-308260
-308293
-308298
-308302
-308351
-308399
-308409
-308422
-308426
-308436
-308463
-308468
-308544
-308560
-308568
-308599
-308600
-308708
-308733
-308775
-308815
-308835
-308836
-308886
-308888
-308944
-308950
-309014
-309034
-309061
-309082
-309105
-309126
-309211
-309217
-309234
-309284
-309330
-309351
-309387
-309401
-309409
-309412
-309429
-309444
-309451
-309474
-309477
-309478
-309502
-309506
-309512
-309520
-309614
-309649
-309651
-309657
-309689
-309708
-309710
-309727
-309736
-309745
-309748
-309758
-309772
-309778
-309886
-309908
-309918
-309924
-309928
-309935
-309957
-309974
-309978
-310014
-310020
-310032
-310083
-310113
-310123
-310161
-310190
-310194
-310202
-310253
-310276
-310319
-310325
-310331
-310346
-310351
-310411
-310423
-310425
-310431
-310451
-310479
-310498
-310521
-310531
-310542
-310550
-310558
-310562
-310599
-310606
-310619
-310650
-310673
-310679
-310711
-310749
-310751
-310758
-310761
-310772
-310793
-310808
-310810
-310822
-310824
-310828
-310829
-310846
-310851
-310851
-310859
-310884
-310899
-310927
-310931
-310949
-310958
-310986
-310987
-311005
-311013
-311019
-311035
-311039
-311042
-311053
-311079
-311087
-311089
-311096
-311123
-311147
-311297
-311299
-311324
-311360
-311395
-311405
-311509
-311533
-311534
-311593
-311610
-311667
-311708
-311721
-311776
-311822
-311833
-311849
-311849
-311864
-311896
-312000
-312016
-312028
-312029
-312096
-312101
-312108
-312110
-312121
-312141
-312165
-312336
-312384
-312388
-312407
-312419
-312459
-312465
-312520
-312532
-312537
-312540
-312540
-312577
-312624
-312647
-312669
-312724
-312754
-312792
-312803
-312806
-312846
-312857
-312877
-312882
-312891
-312907
-312911
-312912
-312919
-312946
-312947
-312955
-312970
-313005
-313038
-313049
-313050
-313064
-313077
-313100
-313121
-313124
-313183
-313199
-313211
-313219
-313222
-313254
-313276
-313334
-313341
-313341
-313407
-313407
-313511
-313570
-313628
-313670
-313708
-313722
-313722
-313733
-313740
-313764
-313777
-313790
-313799
-313833
-313873
-313897
-313898
-313904
-313908
-313916
-313917
-313922
-313951
-314001
-314039
-314056
-314060
-314060
-314083
-314098
-314102
-314139
-314147
-314153
-314174
-314214
-314218
-314220
-314224
-314229
-314268
-314322
-314339
-314372
-314372
-314381
-314419
-314503
-314518
-314532
-314557
-314565
-314579
-314628
-314640
-314714
-314757
-314822
-314865
-314882
-314934
-314978
-314978
-314999
-315046
-315050
-315063
-315077
-315080
-315095
-315103
-315109
-315116
-315146
-315156
-315183
-315188
-315203
-315241
-315282
-315290
-315291
-315309
-315349
-315409
-315411
-315411
-315437
-315447
-315459
-315459
-315476
-315501
-315527
-315547
-315572
-315580
-315639
-315682
-315719
-315726
-315844
-315876
-315950
-315971
-315973
-315989
-316010
-316027
-316063
-316064
-316076
-316081
-316087
-316154
-316196
-316251
-316253
-316264
-316266
-316268
-316282
-316307
-316315
-316327
-316373
-316381
-316395
-316409
-316445
-316445
-316456
-316458
-316467
-316506
-316527
-316544
-316565
-316566
-316579
-316582
-316654
-316689
-316736
-316756
-316780
-316783
-316817
-316834
-316908
-316919
-316927
-316945
-316952
-316986
-317049
-317051
-317060
-317075
-317090
-317101
-317104
-317121
-317142
-317164
-317175
-317211
-317221
-317266
-317272
-317294
-317314
-317353
-317360
-317397
-317397
-317403
-317405
-317417
-317418
-317444
-317460
-317467
-317472
-317515
-317557
-317596
-317604
-317619
-317642
-317689
-317695
-317703
-317718
-317721
-317742
-317749
-317767
-317768
-317819
-317839
-317842
-317873
-317895
-317932
-317950
-317986
-317996
-318009
-318031
-318070
-318080
-318084
-318120
-318124
-318163
-318180
-318197
-318234
-318240
-318257
-318286
-318312
-318313
-318337
-318359
-318398
-318407
-318409
-318416
-318456
-318528
-318543
-318548
-318575
-318578
-318616
-318616
-318636
-318639
-318681
-318723
-318743
-318758
-318774
-318774
-318786
-318822
-318831
-318833
-318837
-318839
-318850
-318863
-318896
-318909
-318914
-318966
-318977
-319031
-319106
-319111
-319129
-319134
-319175
-319187
-319214
-319247
-319261
-319290
-319297
-319313
-319332
-319354
-319369
-319390
-319413
-319421
-319461
-319463
-319465
-319476
-319510
-319565
-319617
-319617
-319631
-319634
-319644
-319650
-319666
-319678
-319727
-319728
-319728
-319733
-319746
-319753
-319755
-319781
-319801
-319822
-319823
-319857
-319862
-319889
-319894
-319909
-319913
-319949
-319966
-319980
-319998
-320009
-320039
-320070
-320073
-320086
-320097
-320101
-320105
-320124
-320143
-320163
-320169
-320181
-320182
-320212
-320279
-320366
-320452
-320458
-320460
-320478
-320485
-320493
-320496
-320526
-320553
-320571
-320593
-320616
-320666
-320667
-320695
-320698
-320721
-320727
-320727
-320734
-320735
-320739
-320742
-320771
-320841
-320854
-320864
-320865
-320877
-320879
-320914
-320916
-320918
-320927
-320957
-320963
-321017
-321073
-321084
-321085
-321109
-321110
-321136
-321149
-321151
-321195
-321203
-321205
-321236
-321237
-321247
-321270
-321286
-321301
-321302
-321319
-321323
-321326
-321339
-321348
-321356
-321382
-321395
-321410
-321418
-321419
-321429
-321438
-321470
-321481
-321502
-321514
-321533
-321538
-321556
-321565
-321566
-321606
-321609
-321630
-321632
-321642
-321647
-321659
-321664
-321664
-321678
-321683
-321693
-321698
-321703
-321708
-321713
-321723
-321741
-321754
-321797
-321804
-321825
-321839
-321905
-321920
-321929
-321937
-321947
-321955
-321979
-322011
-322018
-322026
-322033
-322034
-322053
-322063
-322075
-322162
-322217
-322232
-322241
-322244
-322246
-322264
-322293
-322310
-322324
-322363
-322406
-322424
-322444
-322446
-322450
-322458
-322507
-322531
-322541
-322541
-322547
-322548
-322549
-322636
-322656
-322663
-322702
-322751
-322777
-322782
-322796
-322802
-322804
-322813
-322825
-322856
-322861
-322862
-322862
-322917
-322928
-322949
-322964
-322973
-322976
-322990
-323029
-323038
-323062
-323075
-323137
-323162
-323182
-323228
-323231
-323295
-323304
-323306
-323314
-323329
-323392
-323412
-323415
-323416
-323438
-323445
-323447
-323449
-323470
-323489
-323503
-323517
-323521
-323536
-323584
-323591
-323634
-323640
-323640
-323649
-323657
-323669
-323675
-323688
-323690
-323695
-323696
-323701
-323713
-323736
-323741
-323753
-323760
-323822
-323827
-323954
-323971
-323993
-324003
-324048
-324084
-324091
-324094
-324101
-324120
-324153
-324191
-324210
-324235
-324243
-324243
-324260
-324272
-324325
-324341
-324354
-324361
-324369
-324393
-324468
-324478
-324478
-324496
-324516
-324561
-324563
-324591
-324606
-324626
-324660
-324662
-324699
-324726
-324779
-324788
-324803
-324811
-324818
-324829
-324836
-324925
-324937
-324957
-325054
-325107
-325128
-325147
-325186
-325186
-325187
-325195
-325199
-325210
-325224
-325252
-325280
-325288
-325323
-325328
-325331
-325337
-325358
-325415
-325460
-325466
-325487
-325489
-325509
-325530
-325565
-325577
-325611
-325642
-325672
-325699
-325703
-325703
-325756
-325757
-325764
-325777
-325783
-325809
-325809
-325819
-325862
-325869
-325873
-325884
-325899
-325943
-325958
-325989
-326074
-326111
-326121
-326178
-326202
-326206
-326218
-326234
-326236
-326257
-326275
-326282
-326317
-326322
-326355
-326368
-326372
-326382
-326386
-326390
-326426
-326426
-326437
-326472
-326491
-326507
-326523
-326533
-326561
-326588
-326603
-326616
-326632
-326665
-326687
-326744
-326752
-326803
-326834
-326843
-326865
-326894
-326919
-326922
-326933
-326940
-326960
-326984
-327015
-327020
-327033
-327035
-327080
-327086
-327096
-327139
-327143
-327167
-327191
-327212
-327222
-327232
-327240
-327241
-327273
-327296
-327311
-327312
-327367
-327400
-327407
-327434
-327434
-327468
-327483
-327487
-327491
-327522
-327536
-327538
-327549
-327574
-327620
-327635
-327643
-327680
-327703
-327713
-327732
-327829
-327836
-327902
-327928
-327938
-327964
-327989
-328003
-328030
-328044
-328048
-328061
-328126
-328148
-328161
-328187
-328222
-328259
-328261
-328268
-328290
-328310
-328313
-328327
-328329
-328361
-328387
-328430
-328437
-328440
-328446
-328473
-328510
-328521
-328544
-328581
-328585
-328595
-328617
-328639
-328646
-328676
-328687
-328706
-328709
-328714
-328715
-328722
-328727
-328763
-328775
-328791
-328806
-328827
-328837
-328845
-328856
-328872
-328907
-328917
-328930
-328931
-328945
-328954
-328975
-328978
-328978
-328987
-328994
-329013
-329017
-329023
-329039
-329054
-329078
-329085
-329110
-329193
-329194
-329200
-329213
-329258
-329259
-329267
-329282
-329299
-329303
-329303
-329311
-329313
-329333
-329364
-329368
-329372
-329389
-329407
-329416
-329424
-329436
-329437
-329446
-329468
-329474
-329485
-329488
-329502
-329507
-329524
-329536
-329542
-329553
-329572
-329608
-329611
-329666
-329706
-329726
-329733
-329735
-329739
-329817
-329828
-329865
-329955
-330013
-330030
-330055
-330079
-330139
-330150
-330151
-330155
-330157
-330163
-330187
-330215
-330220
-330242
-330246
-330299
-330304
-330313
-330327
-330365
-330420
-330425
-330426
-330472
-330526
-330547
-330616
-330617
-330628
-330632
-330637
-330663
-330680
-330702
-330725
-330744
-330757
-330763
-330767
-330769
-330817
-330903
-330907
-331009
-331038
-331039
-331049
-331050
-331080
-331093
-331097
-331127
-331175
-331194
-331199
-331201
-331238
-331272
-331279
-331315
-331321
-331336
-331368
-331384
-331408
-331419
-331463
-331464
-331467
-331468
-331477
-331477
-331478
-331516
-331564
-331565
-331573
-331582
-331589
-331694
-331707
-331711
-331714
-331715
-331733
-331743
-331755
-331766
-331799
-331825
-331866
-331875
-331907
-331947
-331954
-331982
-331984
-332005
-332006
-332032
-332077
-332112
-332116
-332164
-332258
-332261
-332273
-332282
-332284
-332309
-332317
-332322
-332352
-332366
-332382
-332399
-332428
-332462
-332514
-332548
-332553
-332556
-332564
-332576
-332588
-332588
-332669
-332673
-332690
-332699
-332731
-332732
-332737
-332740
-332813
-332814
-332817
-332906
-333052
-333068
-333083
-333088
-333090
-333117
-333125
-333128
-333159
-333176
-333191
-333193
-333229
-333246
-333255
-333277
-333300
-333301
-333361
-333378
-333396
-333419
-333454
-333455
-333458
-333477
-333483
-333486
-333500
-333526
-333546
-333569
-333597
-333603
-333610
-333616
-333658
-333675
-333680
-333694
-333697
-333790
-333790
-333807
-333818
-333831
-333852
-333881
-333894
-333903
-333924
-333950
-333962
-333969
-333970
-334021
-334022
-334058
-334069
-334075
-334123
-334131
-334145
-334151
-334174
-334196
-334225
-334232
-334250
-334276
-334279
-334301
-334310
-334320
-334353
-334354
-334362
-334374
-334387
-334422
-334444
-334480
-334485
-334485
-334494
-334495
-334510
-334532
-334533
-334623
-334625
-334639
-334639
-334653
-334666
-334685
-334710
-334739
-334754
-334764
-334779
-334787
-334806
-334813
-334861
-334864
-334877
-334888
-334939
-334952
-334990
-334994
-334996
-334999
-335004
-335006
-335027
-335027
-335028
-335051
-335097
-335118
-335133
-335153
-335166
-335179
-335181
-335188
-335198
-335202
-335207
-335208
-335229
-335297
-335307
-335309
-335315
-335333
-335360
-335368
-335371
-335375
-335387
-335395
-335406
-335438
-335505
-335512
-335597
-335643
-335668
-335713
-335752
-335755
-335762
-335773
-335822
-335825
-335844
-335865
-335872
-335884
-335963
-335998
-336014
-336028
-336057
-336081
-336112
-336134
-336144
-336166
-336177
-336191
-336192
-336204
-336204
-336214
-336251
-336260
-336278
-336286
-336308
-336320
-336324
-336336
-336369
-336372
-336387
-336432
-336444
-336464
-336469
-336482
-336508
-336536
-336578
-336584
-336618
-336626
-336631
-336647
-336653
-336669
-336669
-336721
-336733
-336746
-336773
-336775
-336799
-336807
-336856
-336896
-336939
-336967
-336974
-336981
-337002
-337061
-337063
-337071
-337075
-337086
-337087
-337101
-337103
-337112
-337122
-337126
-337131
-337135
-337165
-337170
-337187
-337196
-337203
-337207
-337218
-337249
-337251
-337259
-337283
-337287
-337299
-337307
-337344
-337366
-337384
-337389
-337394
-337456
-337472
-337472
-337474
-337526
-337530
-337533
-337541
-337559
-337565
-337567
-337597
-337611
-337630
-337634
-337652
-337667
-337682
-337686
-337703
-337720
-337732
-337775
-337791
-337806
-337823
-337838
-337842
-337862
-337874
-337944
-337949
-337968
-338022
-338045
-338061
-338062
-338063
-338065
-338091
-338093
-338098
-338101
-338102
-338120
-338122
-338124
-338139
-338147
-338180
-338201
-338227
-338252
-338257
-338265
-338273
-338289
-338296
-338300
-338307
-338321
-338367
-338380
-338401
-338428
-338477
-338491
-338495
-338513
-338526
-338539
-338547
-338549
-338553
-338574
-338600
-338611
-338668
-338672
-338757
-338757
-338776
-338784
-338796
-338844
-338853
-338879
-338885
-338901
-338912
-338994
-339007
-339018
-339032
-339056
-339065
-339096
-339120
-339121
-339137
-339145
-339148
-339152
-339153
-339169
-339203
-339244
-339246
-339255
-339268
-339281
-339301
-339351
-339358
-339416
-339416
-339443
-339454
-339458
-339463
-339471
-339475
-339489
-339500
-339516
-339522
-339523
-339551
-339553
-339594
-339619
-339654
-339723
-339734
-339743
-339745
-339827
-339845
-339859
-339877
-339902
-339909
-339910
-339946
-339961
-339967
-339970
-339971
-339990
-340002
-340008
-340039
-340042
-340054
-340058
-340071
-340081
-340105
-340108
-340110
-340173
-340183
-340183
-340184
-340194
-340202
-340220
-340247
-340284
-340313
-340317
-340349
-340379
-340384
-340409
-340410
-340415
-340415
-340429
-340452
-340503
-340520
-340520
-340589
-340597
-340601
-340607
-340639
-340649
-340654
-340658
-340675
-340692
-340694
-340717
-340740
-340744
-340760
-340774
-340799
-340809
-340833
-340887
-340892
-340915
-340929
-340932
-340947
-340952
-340956
-340957
-340964
-340981
-340992
-341000
-341052
-341062
-341114
-341122
-341122
-341132
-341145
-341162
-341172
-341172
-341177
-341220
-341230
-341290
-341294
-341315
-341343
-341344
-341361
-341414
-341436
-341442
-341526
-341558
-341601
-341632
-341644
-341654
-341665
-341714
-341732
-341762
-341793
-341809
-341882
-341887
-341928
-341944
-341945
-341968
-341984
-341990
-342010
-342040
-342047
-342048
-342208
-342274
-342275
-342286
-342293
-342303
-342324
-342338
-342378
-342383
-342400
-342410
-342425
-342433
-342442
-342443
-342449
-342451
-342483
-342500
-342513
-342528
-342539
-342585
-342609
-342612
-342631
-342670
-342713
-342714
-342717
-342744
-342804
-342836
-342839
-342864
-342874
-342888
-342915
-342916
-342954
-342974
-343003
-343010
-343015
-343023
-343028
-343046
-343078
-343088
-343111
-343164
-343205
-343216
-343230
-343263
-343267
-343271
-343286
-343287
-343297
-343325
-343329
-343368
-343375
-343408
-343410
-343413
-343433
-343446
-343448
-343453
-343460
-343494
-343542
-343545
-343560
-343576
-343615
-343623
-343642
-343653
-343674
-343685
-343704
-343713
-343760
-343773
-343775
-343782
-343785
-343804
-343812
-343830
-343843
-343857
-343869
-343925
-343946
-343948
-343949
-343954
-343958
-343960
-343978
-343993
-344022
-344045
-344066
-344103
-344117
-344139
-344167
-344179
-344197
-344208
-344235
-344249
-344262
-344270
-344322
-344332
-344338
-344339
-344341
-344363
-344392
-344433
-344452
-344517
-344531
-344592
-344612
-344644
-344666
-344670
-344701
-344705
-344706
-344712
-344781
-344783
-344783
-344786
-344790
-344793
-344808
-344809
-344825
-344826
-344832
-344871
-344876
-344889
-344898
-344924
-344960
-344991
-344992
-345011
-345022
-345034
-345089
-345126
-345239
-345240
-345259
-345292
-345330
-345357
-345360
-345385
-345396
-345404
-345418
-345421
-345443
-345450
-345458
-345482
-345519
-345573
-345613
-345620
-345622
-345632
-345640
-345661
-345747
-345799
-345823
-345864
-345884
-345898
-345900
-345923
-345958
-346023
-346080
-346110
-346149
-346169
-346181
-346190
-346223
-346235
-346245
-346257
-346273
-346281
-346321
-346322
-346326
-346407
-346413
-346451
-346480
-346485
-346488
-346537
-346543
-346557
-346696
-346709
-346751
-346798
-346871
-346884
-346905
-346919
-346927
-346928
-346933
-346972
-347024
-347031
-347044
-347045
-347094
-347097
-347134
-347137
-347144
-347150
-347161
-347199
-347208
-347208
-347233
-347236
-347307
-347319
-347346
-347378
-347380
-347423
-347470
-347501
-347504
-347514
-347562
-347612
-347623
-347632
-347665
-347671
-347717
-347736
-347741
-347751
-347756
-347764
-347766
-347773
-347787
-347789
-347791
-347797
-347869
-347871
-347880
-347922
-347924
-347931
-347967
-347978
-348009
-348070
-348086
-348140
-348158
-348186
-348231
-348238
-348250
-348279
-348302
-348306
-348335
-348362
-348365
-348380
-348417
-348424
-348434
-348440
-348452
-348454
-348455
-348459
-348476
-348494
-348498
-348518
-348531
-348547
-348549
-348554
-348569
-348581
-348656
-348675
-348698
-348778
-348796
-348807
-348811
-348832
-348842
-348863
-348866
-348879
-348906
-348920
-348932
-348952
-348968
-348968
-349000
-349016
-349033
-349034
-349054
-349072
-349089
-349096
-349097
-349114
-349208
-349217
-349223
-349263
-349268
-349277
-349280
-349284
-349287
-349336
-349338
-349351
-349374
-349390
-349434
-349477
-349507
-349531
-349534
-349544
-349548
-349557
-349573
-349589
-349615
-349649
-349681
-349721
-349721
-349727
-349773
-349792
-349794
-349805
-349839
-349845
-349847
-349852
-349863
-349872
-349887
-349889
-349891
-349891
-349914
-349935
-349969
-349992
-350059
-350062
-350082
-350123
-350135
-350144
-350165
-350178
-350201
-350218
-350251
-350255
-350255
-350277
-350327
-350349
-350372
-350412
-350443
-350479
-350520
-350520
-350555
-350644
-350697
-350697
-350715
-350725
-350757
-350826
-350830
-350864
-350910
-350920
-350925
-350939
-350969
-350996
-351010
-351022
-351023
-351036
-351049
-351054
-351070
-351089
-351096
-351128
-351137
-351141
-351156
-351203
-351218
-351280
-351359
-351375
-351377
-351385
-351404
-351411
-351416
-351426
-351433
-351470
-351472
-351498
-351505
-351518
-351540
-351549
-351551
-351585
-351609
-351650
-351670
-351686
-351701
-351710
-351724
-351756
-351762
-351768
-351769
-351790
-351823
-351826
-351828
-351831
-351843
-351846
-351847
-351940
-352000
-352008
-352012
-352029
-352057
-352127
-352152
-352153
-352163
-352181
-352186
-352225
-352246
-352250
-352274
-352278
-352295
-352382
-352428
-352445
-352497
-352505
-352509
-352527
-352548
-352555
-352563
-352611
-352619
-352629
-352643
-352665
-352672
-352673
-352689
-352699
-352720
-352735
-352781
-352783
-352787
-352802
-352816
-352824
-352853
-352940
-352992
-353004
-353035
-353043
-353063
-353071
-353071
-353084
-353137
-353161
-353175
-353179
-353207
-353332
-353389
-353396
-353464
-353464
-353484
-353515
-353529
-353531
-353536
-353536
-353543
-353556
-353574
-353614
-353617
-353623
-353656
-353723
-353731
-353741
-353753
-353803
-353811
-353884
-353897
-353899
-353905
-353916
-353916
-353923
-353971
-353980
-353988
-353999
-354023
-354037
-354052
-354065
-354097
-354106
-354108
-354110
-354140
-354142
-354172
-354207
-354253
-354286
-354313
-354318
-354324
-354344
-354353
-354354
-354355
-354363
-354382
-354384
-354385
-354411
-354481
-354504
-354515
-354528
-354533
-354569
-354578
-354592
-354600
-354606
-354652
-354715
-354741
-354752
-354804
-354804
-354805
-354841
-354859
-354864
-354866
-354873
-354875
-354889
-354898
-354911
-354916
-354922
-354940
-354947
-354963
-354965
-354970
-354983
-354993
-355025
-355030
-355037
-355042
-355062
-355076
-355102
-355110
-355132
-355135
-355143
-355148
-355172
-355176
-355179
-355191
-355211
-355233
-355236
-355245
-355253
-355273
-355284
-355314
-355357
-355405
-355459
-355497
-355503
-355561
-355562
-355567
-355666
-355686
-355755
-355767
-355769
-355802
-355819
-355827
-355871
-355890
-355912
-355917
-355919
-355928
-355958
-356041
-356057
-356059
-356079
-356088
-356138
-356142
-356147
-356147
-356148
-356150
-356161
-356171
-356201
-356204
-356218
-356229
-356240
-356253
-356254
-356260
-356339
-356343
-356353
-356407
-356435
-356459
-356459
-356467
-356476
-356506
-356540
-356563
-356570
-356656
-356657
-356675
-356714
-356717
-356718
-356779
-356810
-356831
-356858
-356871
-356879
-356920
-356949
-356970
-357045
-357046
-357080
-357082
-357092
-357122
-357171
-357174
-357176
-357195
-357200
-357221
-357223
-357247
-357271
-357359
-357365
-357384
-357390
-357401
-357410
-357417
-357421
-357442
-357500
-357506
-357514
-357519
-357549
-357553
-357612
-357650
-357665
-357720
-357756
-357777
-357825
-357826
-357830
-357835
-357891
-357912
-357929
-357956
-357978
-358018
-358047
-358047
-358061
-358109
-358124
-358132
-358139
-358150
-358155
-358162
-358173
-358174
-358184
-358206
-358221
-358221
-358225
-358231
-358259
-358260
-358314
-358314
-358326
-358356
-358360
-358364
-358389
-358424
-358432
-358447
-358473
-358473
-358483
-358517
-358536
-358568
-358578
-358612
-358641
-358658
-358727
-358740
-358762
-358766
-358769
-358839
-358851
-358878
-358902
-358903
-358908
-358912
-358925
-358931
-358968
-359011
-359016
-359026
-359056
-359155
-359159
-359159
-359172
-359178
-359221
-359239
-359244
-359270
-359274
-359302
-359337
-359347
-359359
-359367
-359375
-359391
-359413
-359420
-359438
-359465
-359511
-359512
-359519
-359528
-359531
-359540
-359546
-359563
-359578
-359618
-359628
-359671
-359672
-359680
-359744
-359745
-359752
-359783
-359790
-359795
-359804
-359805
-359810
-359829
-359856
-359862
-359864
-359873
-359878
-359885
-359888
-359901
-359907
-359918
-359927
-359951
-359971
-359982
-360002
-360024
-360031
-360057
-360066
-360072
-360072
-360077
-360080
-360108
-360119
-360123
-360190
-360249
-360282
-360298
-360302
-360348
-360351
-360467
-360525
-360526
-360588
-360661
-360662
-360680
-360711
-360766
-360790
-360848
-360853
-360870
-360885
-360928
-360931
-360983
-361034
-361073
-361097
-361134
-361164
-361199
-361218
-361235
-361268
-361309
-361357
-361392
-361393
-361398
-361399
-361425
-361438
-361462
-361486
-361486
-361490
-361521
-361526
-361536
-361577
-361599
-361606
-361620
-361671
-361678
-361678
-361698
-361706
-361763
-361770
-361771
-361781
-361820
-361861
-361879
-361880
-361909
-361988
-362013
-362017
-362020
-362020
-362070
-362072
-362103
-362110
-362122
-362124
-362141
-362143
-362155
-362162
-362221
-362243
-362252
-362256
-362263
-362268
-362290
-362296
-362333
-362338
-362342
-362346
-362383
-362386
-362391
-362391
-362408
-362410
-362433
-362439
-362453
-362456
-362473
-362485
-362487
-362542
-362559
-362565
-362566
-362570
-362589
-362616
-362616
-362627
-362651
-362665
-362713
-362717
-362730
-362744
-362745
-362764
-362833
-362841
-362865
-362870
-362877
-362880
-362900
-362929
-362936
-363001
-363001
-363043
-363083
-363096
-363103
-363144
-363171
-363172
-363187
-363227
-363270
-363285
-363290
-363292
-363305
-363306
-363330
-363343
-363372
-363374
-363423
-363490
-363491
-363565
-363580
-363603
-363608
-363611
-363668
-363671
-363684
-363716
-363719
-363720
-363731
-363750
-363757
-363769
-363775
-363818
-363819
-363864
-363873
-363881
-363941
-363942
-363947
-363966
-363994
-364001
-364021
-364027
-364073
-364105
-364115
-364120
-364135
-364140
-364150
-364177
-364223
-364240
-364334
-364344
-364348
-364350
-364386
-364421
-364426
-364441
-364465
-364471
-364473
-364507
-364521
-364553
-364558
-364604
-364615
-364633
-364644
-364697
-364805
-364832
-364841
-364854
-364903
-364925
-364925
-364930
-364932
-364945
-364963
-364970
-364995
-365018
-365067
-365086
-365107
-365124
-365134
-365141
-365229
-365247
-365258
-365278
-365336
-365345
-365376
-365391
-365400
-365448
-365522
-365546
-365570
-365595
-365595
-365624
-365651
-365654
-365678
-365682
-365689
-365716
-365738
-365744
-365752
-365765
-365790
-365800
-365807
-365834
-365850
-365856
-365902
-365918
-365923
-365930
-365953
-365954
-365975
-365976
-366026
-366045
-366048
-366073
-366092
-366100
-366121
-366125
-366147
-366150
-366151
-366173
-366177
-366201
-366213
-366261
-366274
-366277
-366319
-366323
-366328
-366343
-366344
-366350
-366358
-366379
-366409
-366413
-366480
-366481
-366503
-366561
-366571
-366620
-366630
-366636
-366637
-366646
-366682
-366719
-366721
-366750
-366783
-366799
-366808
-366811
-366819
-366826
-366831
-366838
-366840
-366843
-366866
-366890
-366896
-366915
-366927
-366927
-366933
-366961
-366972
-366982
-367003
-367042
-367095
-367133
-367155
-367157
-367162
-367185
-367198
-367204
-367214
-367214
-367230
-367232
-367241
-367247
-367252
-367276
-367324
-367345
-367379
-367379
-367405
-367425
-367437
-367440
-367489
-367504
-367515
-367517
-367590
-367596
-367598
-367606
-367629
-367633
-367642
-367651
-367690
-367695
-367728
-367730
-367792
-367798
-367806
-367830
-367838
-367858
-367887
-367898
-367915
-367918
-367918
-367928
-367939
-367943
-367950
-367952
-368027
-368053
-368059
-368079
-368080
-368102
-368120
-368128
-368131
-368148
-368157
-368166
-368201
-368231
-368240
-368255
-368265
-368286
-368291
-368313
-368362
-368372
-368376
-368385
-368444
-368465
-368521
-368555
-368597
-368609
-368630
-368672
-368678
-368705
-368716
-368864
-368867
-368867
-368897
-368948
-368948
-368976
-368981
-368984
-369000
-369016
-369027
-369032
-369056
-369065
-369065
-369082
-369094
-369099
-369099
-369105
-369115
-369119
-369135
-369154
-369174
-369185
-369200
-369200
-369237
-369265
-369285
-369288
-369328
-369341
-369350
-369357
-369398
-369450
-369461
-369475
-369479
-369543
-369583
-369603
-369619
-369620
-369620
-369628
-369629
-369640
-369654
-369665
-369677
-369678
-369755
-369800
-369850
-369889
-369919
-369921
-369931
-369934
-369942
-369949
-369999
-370013
-370057
-370076
-370077
-370103
-370121
-370143
-370192
-370257
-370262
-370272
-370274
-370312
-370318
-370359
-370360
-370381
-370394
-370407
-370428
-370453
-370462
-370524
-370597
-370626
-370641
-370650
-370652
-370653
-370662
-370663
-370665
-370668
-370679
-370731
-370732
-370737
-370745
-370774
-370784
-370789
-370818
-370884
-370901
-370915
-370962
-371004
-371014
-371024
-371034
-371067
-371082
-371110
-371118
-371139
-371145
-371150
-371158
-371168
-371191
-371245
-371279
-371369
-371376
-371385
-371390
-371395
-371405
-371416
-371425
-371445
-371476
-371482
-371483
-371519
-371662
-371671
-371709
-371721
-371749
-371751
-371818
-371834
-371838
-371879
-371902
-371918
-371969
-371971
-371974
-372010
-372022
-372031
-372045
-372100
-372127
-372229
-372230
-372246
-372319
-372345
-372352
-372356
-372372
-372401
-372427
-372458
-372473
-372480
-372489
-372516
-372550
-372555
-372570
-372570
-372573
-372575
-372576
-372578
-372718
-372730
-372736
-372789
-372816
-372844
-372848
-372854
-372951
-372952
-372975
-372977
-372981
-372997
-373005
-373024
-373027
-373043
-373044
-373053
-373059
-373173
-373188
-373228
-373237
-373252
-373260
-373274
-373294
-373341
-373393
-373394
-373408
-373419
-373427
-373440
-373457
-373503
-373515
-373517
-373520
-373521
-373529
-373563
-373623
-373650
-373660
-373758
-373765
-373845
-373846
-373848
-373866
-373879
-373901
-373936
-373942
-373948
-373967
-373982
-373999
-374026
-374044
-374050
-374053
-374054
-374057
-374059
-374120
-374126
-374128
-374137
-374216
-374239
-374239
-374279
-374331
-374339
-374346
-374398
-374401
-374402
-374405
-374432
-374501
-374505
-374505
-374508
-374532
-374538
-374565
-374567
-374580
-374584
-374586
-374623
-374636
-374638
-374639
-374641
-374658
-374659
-374676
-374680
-374680
-374690
-374693
-374737
-374756
-374768
-374773
-374776
-374781
-374784
-374789
-374808
-374817
-374818
-374821
-374846
-374848
-374858
-374885
-374912
-374937
-374941
-374942
-374948
-374974
-374982
-374994
-374995
-375018
-375044
-375047
-375059
-375060
-375101
-375106
-375118
-375147
-375159
-375213
-375215
-375259
-375260
-375266
-375280
-375283
-375289
-375291
-375296
-375312
-375323
-375369
-375423
-375439
-375477
-375495
-375508
-375526
-375534
-375585
-375587
-375613
-375629
-375644
-375644
-375706
-375739
-375786
-375803
-375823
-375849
-375852
-375856
-375892
-375912
-375922
-375931
-375948
-376010
-376014
-376046
-376067
-376075
-376080
-376084
-376093
-376104
-376104
-376115
-376117
-376121
-376127
-376143
-376148
-376159
-376201
-376206
-376216
-376219
-376249
-376271
-376309
-376335
-376340
-376370
-376391
-376395
-376396
-376403
-376431
-376443
-376454
-376478
-376482
-376489
-376529
-376563
-376580
-376597
-376642
-376642
-376677
-376687
-376710
-376715
-376742
-376771
-376777
-376817
-376846
-376891
-376895
-376973
-377001
-377018
-377055
-377058
-377082
-377106
-377110
-377132
-377146
-377161
-377171
-377213
-377287
-377293
-377304
-377318
-377319
-377328
-377349
-377351
-377355
-377358
-377360
-377380
-377394
-377405
-377411
-377447
-377491
-377501
-377531
-377543
-377543
-377546
-377567
-377600
-377627
-377633
-377694
-377696
-377732
-377737
-377742
-377765
-377773
-377774
-377810
-377844
-377845
-377864
-377886
-377890
-377911
-377923
-377982
-378046
-378107
-378110
-378169
-378201
-378207
-378221
-378240
-378278
-378285
-378300
-378317
-378359
-378369
-378408
-378426
-378464
-378487
-378488
-378518
-378540
-378541
-378548
-378582
-378661
-378677
-378684
-378687
-378689
-378702
-378705
-378712
-378720
-378720
-378739
-378754
-378780
-378789
-378810
-378852
-378853
-378898
-378901
-378907
-378940
-378957
-378959
-378997
-379016
-379036
-379101
-379112
-379145
-379149
-379154
-379212
-379218
-379235
-379235
-379347
-379375
-379387
-379409
-379434
-379495
-379502
-379508
-379509
-379529
-379541
-379561
-379574
-379598
-379642
-379661
-379685
-379696
-379719
-379769
-379781
-379785
-379795
-379815
-379820
-379820
-379821
-379824
-379836
-379861
-379864
-379867
-379884
-379891
-379928
-379987
-380007
-380010
-380020
-380077
-380089
-380097
-380104
-380116
-380133
-380167
-380176
-380177
-380203
-380205
-380207
-380213
-380232
-380245
-380262
-380304
-380328
-380337
-380368
-380433
-380500
-380501
-380507
-380537
-380563
-380580
-380597
-380597
-380620
-380624
-380631
-380661
-380686
-380707
-380714
-380715
-380725
-380729
-380765
-380767
-380782
-380793
-380854
-380882
-380906
-380937
-380964
-380981
-381092
-381118
-381143
-381163
-381172
-381185
-381216
-381219
-381220
-381222
-381273
-381279
-381282
-381290
-381305
-381332
-381356
-381364
-381386
-381401
-381414
-381418
-381436
-381436
-381437
-381455
-381478
-381482
-381491
-381533
-381541
-381563
-381589
-381635
-381667
-381681
-381706
-381715
-381723
-381807
-381842
-381844
-381870
-381890
-381960
-382048
-382050
-382081
-382086
-382110
-382112
-382126
-382190
-382198
-382199
-382212
-382247
-382323
-382327
-382350
-382361
-382368
-382394
-382449
-382473
-382477
-382493
-382495
-382496
-382506
-382545
-382597
-382610
-382725
-382732
-382776
-382796
-382864
-382909
-382912
-382913
-382914
-382920
-382923
-382956
-382980
-382990
-383000
-383042
-383046
-383056
-383180
-383216
-383232
-383234
-383252
-383255
-383282
-383364
-383399
-383406
-383421
-383425
-383454
-383458
-383479
-383480
-383488
-383525
-383548
-383553
-383596
-383606
-383615
-383617
-383626
-383655
-383656
-383673
-383733
-383733
-383747
-383850
-383858
-383876
-383881
-383902
-383928
-383999
-384010
-384033
-384042
-384068
-384097
-384116
-384169
-384201
-384211
-384219
-384276
-384310
-384432
-384442
-384509
-384511
-384524
-384563
-384624
-384625
-384644
-384728
-384749
-384827
-384860
-384895
-384908
-384942
-384955
-384958
-384961
-384973
-384976
-385003
-385013
-385023
-385054
-385075
-385103
-385116
-385144
-385208
-385208
-385308
-385342
-385363
-385392
-385394
-385435
-385458
-385462
-385497
-385508
-385595
-385604
-385609
-385612
-385634
-385637
-385646
-385699
-385706
-385722
-385737
-385743
-385747
-385760
-385811
-385857
-385884
-385895
-385917
-385925
-385938
-385941
-385953
-385960
-385971
-385983
-386007
-386016
-386050
-386066
-386080
-386099
-386137
-386153
-386157
-386249
-386257
-386270
-386293
-386294
-386304
-386325
-386346
-386352
-386360
-386378
-386399
-386403
-386407
-386447
-386454
-386455
-386457
-386496
-386505
-386517
-386560
-386567
-386568
-386574
-386579
-386593
-386626
-386641
-386794
-386811
-386828
-386835
-386853
-386856
-386863
-386863
-386874
-386886
-386892
-386921
-386931
-387001
-387004
-387010
-387021
-387033
-387080
-387093
-387113
-387127
-387169
-387208
-387230
-387244
-387256
-387289
-387320
-387320
-387402
-387461
-387466
-387534
-387557
-387562
-387602
-387631
-387636
-387680
-387692
-387714
-387767
-387775
-387787
-387800
-387801
-387850
-387886
-387977
-387977
-387991
-387992
-388061
-388067
-388075
-388076
-388083
-388090
-388119
-388141
-388155
-388157
-388167
-388168
-388177
-388182
-388236
-388276
-388310
-388316
-388337
-388381
-388394
-388396
-388430
-388459
-388539
-388543
-388558
-388593
-388605
-388609
-388619
-388631
-388670
-388696
-388752
-388782
-388827
-388862
-388937
-388937
-389025
-389040
-389049
-389064
-389088
-389093
-389132
-389144
-389167
-389183
-389190
-389235
-389249
-389264
-389274
-389290
-389301
-389305
-389309
-389424
-389432
-389433
-389438
-389509
-389543
-389546
-389548
-389567
-389638
-389664
-389675
-389715
-389741
-389868
-389903
-389942
-389942
-389951
-390001
-390029
-390050
-390058
-390062
-390094
-390112
-390119
-390144
-390198
-390209
-390215
-390216
-390217
-390230
-390234
-390270
-390278
-390291
-390313
-390330
-390372
-390392
-390427
-390427
-390469
-390470
-390502
-390533
-390540
-390561
-390567
-390570
-390574
-390581
-390598
-390673
-390680
-390695
-390702
-390764
-390803
-390807
-390815
-390860
-390889
-390909
-390927
-391012
-391058
-391083
-391101
-391127
-391141
-391159
-391231
-391254
-391271
-391283
-391285
-391333
-391419
-391466
-391516
-391523
-391542
-391546
-391591
-391676
-391697
-391704
-391739
-391761
-391764
-391799
-391811
-391831
-391834
-391834
-391857
-391891
-391903
-391922
-391962
-391975
-391997
-392030
-392034
-392041
-392060
-392060
-392070
-392071
-392100
-392121
-392162
-392236
-392238
-392265
-392265
-392286
-392290
-392310
-392334
-392353
-392354
-392361
-392386
-392401
-392423
-392429
-392432
-392442
-392451
-392463
-392495
-392537
-392562
-392597
-392602
-392697
-392720
-392755
-392828
-392829
-392839
-392855
-392856
-392878
-392887
-392900
-392900
-392904
-392941
-392945
-392949
-392951
-392989
-392995
-393010
-393012
-393081
-393109
-393113
-393136
-393138
-393220
-393226
-393226
-393229
-393229
-393284
-393300
-393303
-393363
-393367
-393452
-393463
-393481
-393500
-393557
-393594
-393606
-393606
-393620
-393620
-393627
-393631
-393653
-393750
-393765
-393796
-393804
-393821
-393822
-393859
-393869
-393879
-393905
-393923
-393959
-394012
-394021
-394035
-394063
-394071
-394088
-394091
-394110
-394118
-394122
-394149
-394154
-394208
-394249
-394256
-394274
-394286
-394286
-394287
-394315
-394316
-394360
-394415
-394418
-394439
-394496
-394502
-394507
-394530
-394567
-394592
-394606
-394612
-394624
-394639
-394689
-394697
-394704
-394718
-394727
-394737
-394764
-394786
-394788
-394802
-394805
-394818
-394849
-394861
-394868
-394934
-394954
-394981
-394985
-394987
-394994
-395045
-395067
-395087
-395104
-395113
-395124
-395139
-395159
-395171
-395172
-395188
-395293
-395293
-395302
-395355
-395371
-395375
-395376
-395402
-395431
-395457
-395480
-395505
-395508
-395529
-395540
-395555
-395558
-395596
-395604
-395609
-395621
-395646
-395651
-395652
-395673
-395687
-395710
-395713
-395714
-395729
-395801
-395832
-395843
-395865
-395878
-395905
-395934
-395952
-396035
-396060
-396078
-396132
-396135
-396164
-396186
-396196
-396230
-396232
-396262
-396267
-396267
-396330
-396341
-396346
-396366
-396383
-396415
-396421
-396421
-396450
-396454
-396461
-396489
-396543
-396579
-396592
-396592
-396666
-396670
-396694
-396709
-396738
-396774
-396779
-396824
-396830
-396859
-396880
-396887
-396893
-396922
-396992
-396992
-396994
-397040
-397067
-397075
-397083
-397100
-397110
-397121
-397122
-397147
-397153
-397158
-397169
-397184
-397206
-397305
-397356
-397358
-397379
-397388
-397406
-397450
-397461
-397487
-397505
-397524
-397552
-397584
-397606
-397606
-397635
-397637
-397645
-397684
-397731
-397736
-397747
-397765
-397798
-397801
-397841
-397860
-397881
-397977
-397993
-397998
-398023
-398025
-398040
-398045
-398056
-398089
-398090
-398113
-398140
-398196
-398208
-398239
-398284
-398297
-398303
-398346
-398353
-398359
-398361
-398365
-398384
-398401
-398406
-398418
-398432
-398445
-398459
-398497
-398500
-398547
-398559
-398572
-398605
-398633
-398641
-398661
-398663
-398674
-398740
-398744
-398748
-398798
-398811
-398816
-398854
-398856
-398867
-398921
-398953
-398980
-399019
-399020
-399028
-399056
-399076
-399093
-399110
-399125
-399142
-399144
-399145
-399170
-399183
-399183
-399197
-399200
-399201
-399213
-399215
-399220
-399234
-399237
-399265
-399300
-399335
-399344
-399348
-399368
-399370
-399410
-399435
-399437
-399484
-399490
-399519
-399521
-399530
-399531
-399547
-399551
-399559
-399580
-399586
-399606
-399613
-399617
-399618
-399625
-399713
-399733
-399797
-399832
-399845
-399850
-399862
-399874
-399901
-399934
-399949
-400016
-400042
-400046
-400060
-400078
-400093
-400107
-400112
-400117
-400188
-400213
-400261
-400263
-400265
-400275
-400295
-400328
-400345
-400381
-400388
-400408
-400411
-400417
-400419
-400460
-400466
-400480
-400549
-400565
-400565
-400581
-400628
-400657
-400709
-400734
-400812
-400822
-400829
-400851
-400888
-400931
-400958
-400966
-400991
-401014
-401028
-401030
-401032
-401078
-401136
-401190
-401211
-401213
-401263
-401263
-401274
-401313
-401313
-401324
-401327
-401359
-401383
-401417
-401444
-401482
-401483
-401492
-401497
-401559
-401561
-401571
-401576
-401578
-401588
-401638
-401662
-401679
-401703
-401736
-401767
-401773
-401787
-401802
-401811
-401821
-401829
-401830
-401856
-401874
-401884
-401888
-401926
-401943
-401968
-401982
-401999
-402051
-402103
-402109
-402118
-402188
-402192
-402196
-402240
-402246
-402275
-402290
-402328
-402337
-402339
-402340
-402351
-402362
-402399
-402415
-402438
-402471
-402523
-402529
-402535
-402569
-402572
-402595
-402626
-402678
-402694
-402731
-402741
-402741
-402747
-402761
-402764
-402775
-402783
-402793
-402793
-402825
-402850
-402863
-402984
-402998
-403043
-403047
-403047
-403053
-403058
-403099
-403113
-403191
-403196
-403218
-403219
-403229
-403248
-403258
-403267
-403274
-403282
-403314
-403333
-403383
-403390
-403419
-403423
-403461
-403479
-403508
-403535
-403537
-403544
-403578
-403621
-403623
-403629
-403666
-403679
-403687
-403692
-403700
-403722
-403725
-403728
-403732
-403750
-403758
-403782
-403821
-403826
-403829
-403829
-403917
-403994
-404000
-404043
-404079
-404101
-404109
-404138
-404142
-404153
-404161
-404171
-404183
-404214
-404264
-404284
-404322
-404340
-404342
-404343
-404408
-404430
-404465
-404466
-404474
-404499
-404510
-404519
-404539
-404560
-404580
-404618
-404640
-404657
-404668
-404678
-404685
-404699
-404714
-404721
-404736
-404748
-404751
-404773
-404776
-404794
-404801
-404802
-404806
-404818
-404849
-404869
-404883
-404883
-404891
-404902
-404904
-404955
-404983
-405001
-405018
-405052
-405079
-405102
-405113
-405113
-405125
-405157
-405164
-405177
-405194
-405223
-405227
-405283
-405327
-405350
-405361
-405397
-405399
-405409
-405435
-405435
-405462
-405466
-405522
-405538
-405562
-405591
-405600
-405626
-405628
-405650
-405760
-405760
-405813
-405823
-405829
-405851
-405855
-405872
-405899
-405931
-405954
-405955
-405962
-406032
-406047
-406080
-406080
-406083
-406086
-406111
-406144
-406171
-406200
-406207
-406209
-406210
-406233
-406246
-406271
-406284
-406303
-406371
-406381
-406382
-406404
-406420
-406448
-406454
-406477
-406516
-406576
-406620
-406629
-406641
-406672
-406696
-406701
-406702
-406708
-406742
-406744
-406762
-406765
-406793
-406802
-406810
-406848
-406853
-406859
-406877
-406877
-406881
-406892
-406902
-406906
-406911
-406913
-406919
-406925
-406934
-406949
-406968
-406978
-406982
-407010
-407012
-407087
-407090
-407092
-407164
-407172
-407196
-407264
-407314
-407340
-407354
-407361
-407366
-407371
-407406
-407426
-407435
-407458
-407466
-407468
-407482
-407521
-407576
-407589
-407636
-407676
-407708
-407714
-407733
-407736
-407737
-407754
-407754
-407763
-407768
-407791
-407798
-407826
-407842
-407855
-407870
-407886
-407911
-407938
-407968
-407977
-407988
-408016
-408019
-408155
-408155
-408169
-408187
-408207
-408253
-408287
-408357
-408398
-408412
-408437
-408450
-408454
-408462
-408477
-408478
-408487
-408504
-408505
-408535
-408541
-408548
-408561
-408596
-408600
-408612
-408621
-408641
-408663
-408770
-408775
-408790
-408800
-408801
-408808
-408822
-408862
-408916
-408917
-408927
-408938
-408948
-408957
-408958
-408980
-408988
-409000
-409040
-409088
-409113
-409146
-409161
-409185
-409215
-409223
-409253
-409259
-409317
-409325
-409348
-409365
-409374
-409385
-409397
-409427
-409449
-409451
-409475
-409496
-409497
-409500
-409504
-409513
-409554
-409558
-409563
-409589
-409591
-409598
-409610
-409628
-409636
-409684
-409849
-409857
-409924
-409971
-409992
-409993
-409996
-410024
-410050
-410061
-410080
-410081
-410099
-410119
-410132
-410135
-410222
-410230
-410231
-410244
-410244
-410245
-410270
-410284
-410308
-410439
-410507
-410560
-410561
-410595
-410640
-410648
-410650
-410713
-410716
-410746
-410777
-410779
-410803
-410806
-410845
-410873
-410887
-410889
-410935
-410958
-410965
-411014
-411050
-411089
-411127
-411128
-411149
-411163
-411180
-411185
-411192
-411253
-411327
-411371
-411374
-411408
-411447
-411494
-411513
-411534
-411536
-411588
-411592
-411607
-411610
-411632
-411645
-411659
-411670
-411675
-411679
-411680
-411685
-411705
-411707
-411741
-411794
-411806
-411828
-411859
-411865
-411869
-411871
-411885
-411909
-411951
-411979
-411981
-412004
-412004
-412010
-412093
-412131
-412167
-412191
-412232
-412248
-412249
-412258
-412272
-412300
-412301
-412309
-412313
-412316
-412323
-412342
-412347
-412361
-412368
-412390
-412393
-412421
-412439
-412488
-412518
-412545
-412573
-412603
-412610
-412642
-412673
-412687
-412756
-412763
-412765
-412775
-412779
-412814
-412819
-412832
-412862
-412864
-412874
-412877
-412877
-412879
-412900
-412913
-412945
-412948
-412966
-413012
-413017
-413052
-413072
-413096
-413158
-413173
-413183
-413239
-413256
-413262
-413268
-413270
-413301
-413342
-413365
-413384
-413408
-413415
-413422
-413453
-413454
-413465
-413474
-413475
-413518
-413549
-413565
-413587
-413613
-413645
-413647
-413650
-413690
-413693
-413696
-413704
-413723
-413726
-413745
-413752
-413755
-413759
-413793
-413809
-413875
-413927
-413987
-414003
-414056
-414075
-414079
-414102
-414128
-414138
-414139
-414159
-414174
-414176
-414196
-414211
-414221
-414248
-414260
-414263
-414267
-414285
-414289
-414320
-414385
-414397
-414451
-414490
-414498
-414519
-414527
-414535
-414551
-414554
-414576
-414586
-414607
-414616
-414645
-414651
-414663
-414665
-414682
-414685
-414703
-414708
-414774
-414802
-414807
-414832
-414841
-414849
-414888
-414899
-414961
-414972
-414975
-414989
-415015
-415060
-415074
-415123
-415159
-415164
-415168
-415170
-415215
-415256
-415268
-415287
-415292
-415361
-415387
-415402
-415451
-415462
-415472
-415497
-415503
-415587
-415613
-415613
-415622
-415650
-415687
-415727
-415728
-415734
-415743
-415750
-415764
-415774
-415832
-415866
-415875
-415884
-415886
-415897
-415949
-415951
-415954
-415982
-415993
-416024
-416080
-416105
-416107
-416120
-416137
-416176
-416184
-416186
-416192
-416223
-416274
-416295
-416307
-416308
-416309
-416327
-416335
-416353
-416357
-416443
-416456
-416458
-416459
-416466
-416476
-416498
-416516
-416522
-416548
-416570
-416576
-416607
-416633
-416650
-416661
-416672
-416672
-416672
-416700
-416722
-416733
-416757
-416796
-416812
-416824
-416846
-416850
-416858
-416895
-416944
-416966
-416996
-417021
-417023
-417030
-417068
-417096
-417125
-417168
-417186
-417216
-417225
-417249
-417290
-417296
-417302
-417308
-417318
-417343
-417361
-417433
-417448
-417495
-417523
-417557
-417574
-417619
-417632
-417635
-417669
-417677
-417705
-417773
-417795
-417814
-417854
-417862
-417872
-417872
-417926
-417972
-418006
-418018
-418022
-418032
-418053
-418078
-418092
-418095
-418114
-418116
-418129
-418160
-418186
-418204
-418224
-418239
-418252
-418254
-418263
-418274
-418290
-418303
-418345
-418377
-418382
-418382
-418383
-418391
-418432
-418450
-418498
-418507
-418535
-418539
-418540
-418584
-418599
-418645
-418648
-418662
-418730
-418732
-418739
-418779
-418793
-418812
-418845
-418853
-418877
-418933
-418974
-418980
-418999
-419007
-419032
-419037
-419042
-419059
-419076
-419079
-419084
-419090
-419090
-419094
-419148
-419150
-419168
-419172
-419185
-419207
-419211
-419216
-419256
-419275
-419281
-419282
-419322
-419405
-419435
-419448
-419473
-419484
-419487
-419502
-419534
-419542
-419542
-419550
-419564
-419588
-419616
-419616
-419621
-419623
-419644
-419673
-419688
-419712
-419759
-419763
-419767
-419770
-419778
-419792
-419795
-419814
-419817
-419819
-419831
-419907
-419914
-419996
-420010
-420012
-420033
-420037
-420049
-420079
-420112
-420185
-420242
-420253
-420254
-420273
-420300
-420309
-420318
-420331
-420332
-420334
-420336
-420370
-420374
-420378
-420386
-420408
-420459
-420466
-420513
-420514
-420542
-420597
-420616
-420634
-420646
-420739
-420744
-420744
-420760
-420780
-420794
-420804
-420812
-420829
-420897
-420902
-420917
-420932
-420967
-420988
-420990
-421006
-421012
-421021
-421029
-421040
-421042
-421129
-421131
-421166
-421180
-421191
-421192
-421196
-421237
-421269
-421283
-421307
-421364
-421374
-421379
-421393
-421421
-421424
-421430
-421437
-421452
-421478
-421534
-421567
-421580
-421601
-421614
-421615
-421616
-421623
-421634
-421704
-421712
-421746
-421746
-421749
-421756
-421775
-421819
-421824
-421828
-421832
-421860
-421870
-421899
-421903
-421948
-421951
-421983
-422013
-422028
-422057
-422080
-422084
-422089
-422233
-422244
-422280
-422293
-422302
-422319
-422343
-422344
-422383
-422403
-422408
-422422
-422445
-422448
-422467
-422498
-422580
-422602
-422607
-422614
-422643
-422685
-422688
-422715
-422717
-422795
-422814
-422825
-422844
-422853
-422853
-422862
-422865
-422865
-422884
-422885
-422887
-422888
-422893
-422905
-422912
-422941
-422944
-422951
-422964
-422987
-422999
-423000
-423037
-423069
-423113
-423120
-423120
-423122
-423127
-423205
-423251
-423266
-423293
-423302
-423306
-423322
-423355
-423406
-423414
-423445
-423466
-423469
-423500
-423533
-423555
-423582
-423602
-423610
-423619
-423684
-423695
-423710
-423723
-423765
-423797
-423802
-423854
-423869
-423877
-423901
-423902
-423907
-423920
-423950
-423957
-423970
-423970
-423989
-424061
-424070
-424071
-424101
-424114
-424125
-424146
-424202
-424206
-424311
-424349
-424366
-424371
-424432
-424463
-424497
-424514
-424566
-424570
-424582
-424603
-424649
-424672
-424690
-424704
-424729
-424736
-424746
-424750
-424883
-424886
-424932
-425022
-425025
-425045
-425073
-425079
-425087
-425092
-425116
-425172
-425174
-425183
-425188
-425192
-425232
-425235
-425260
-425325
-425332
-425334
-425366
-425381
-425387
-425407
-425442
-425452
-425456
-425546
-425554
-425592
-425612
-425657
-425678
-425721
-425729
-425751
-425758
-425762
-425762
-425766
-425772
-425777
-425827
-425864
-425878
-425963
-426011
-426018
-426221
-426245
-426252
-426267
-426281
-426344
-426378
-426387
-426414
-426470
-426486
-426503
-426512
-426520
-426525
-426528
-426539
-426585
-426590
-426607
-426625
-426639
-426649
-426656
-426664
-426664
-426668
-426678
-426687
-426692
-426715
-426729
-426760
-426778
-426802
-426807
-426822
-426846
-426867
-426896
-426899
-426900
-426923
-426935
-426963
-426970
-426981
-427023
-427025
-427027
-427060
-427077
-427083
-427101
-427105
-427108
-427174
-427179
-427208
-427237
-427269
-427270
-427274
-427309
-427311
-427320
-427365
-427372
-427375
-427379
-427397
-427400
-427434
-427448
-427483
-427484
-427489
-427491
-427514
-427520
-427537
-427552
-427558
-427561
-427580
-427583
-427630
-427670
-427672
-427704
-427716
-427730
-427811
-427815
-427830
-427830
-427850
-427855
-427870
-427887
-427917
-427925
-427941
-427954
-427958
-427964
-428000
-428011
-428057
-428089
-428127
-428153
-428195
-428226
-428230
-428231
-428290
-428293
-428295
-428305
-428344
-428347
-428362
-428380
-428407
-428429
-428477
-428478
-428480
-428487
-428497
-428573
-428588
-428612
-428635
-428640
-428650
-428662
-428676
-428692
-428732
-428739
-428745
-428782
-428794
-428822
-428823
-428858
-428869
-428882
-428931
-429000
-429018
-429036
-429038
-429064
-429108
-429164
-429209
-429210
-429216
-429219
-429225
-429238
-429239
-429251
-429337
-429369
-429377
-429392
-429398
-429405
-429409
-429418
-429420
-429462
-429466
-429467
-429470
-429471
-429540
-429609
-429614
-429614
-429669
-429675
-429713
-429725
-429737
-429760
-429771
-429776
-429782
-429834
-429856
-429902
-429902
-429919
-429923
-429926
-429957
-429969
-429971
-429973
-430032
-430057
-430064
-430072
-430086
-430104
-430189
-430201
-430206
-430213
-430215
-430269
-430277
-430294
-430295
-430317
-430339
-430348
-430365
-430370
-430408
-430490
-430515
-430541
-430550
-430563
-430563
-430567
-430581
-430590
-430616
-430630
-430636
-430647
-430670
-430671
-430731
-430782
-430800
-430800
-430824
-430841
-430872
-430921
-430928
-430944
-430950
-430963
-430971
-431021
-431030
-431044
-431052
-431061
-431065
-431152
-431153
-431259
-431306
-431351
-431362
-431389
-431393
-431397
-431433
-431455
-431469
-431473
-431567
-431601
-431636
-431645
-431658
-431676
-431730
-431746
-431794
-431865
-431887
-431892
-431926
-431930
-431946
-432019
-432025
-432027
-432038
-432082
-432108
-432155
-432168
-432178
-432179
-432183
-432195
-432205
-432285
-432323
-432325
-432332
-432353
-432369
-432372
-432393
-432427
-432427
-432440
-432477
-432503
-432505
-432527
-432535
-432536
-432565
-432633
-432662
-432687
-432688
-432723
-432767
-432769
-432773
-432796
-432813
-432827
-432828
-432836
-432844
-432915
-432933
-432966
-433051
-433059
-433106
-433113
-433114
-433124
-433127
-433128
-433180
-433183
-433190
-433199
-433205
-433242
-433242
-433242
-433250
-433254
-433298
-433328
-433352
-433353
-433368
-433376
-433380
-433398
-433420
-433439
-433475
-433496
-433510
-433519
-433554
-433590
-433603
-433689
-433711
-433740
-433749
-433759
-433763
-433778
-433814
-433839
-433844
-433857
-433872
-433911
-433912
-433925
-433957
-434048
-434135
-434181
-434191
-434204
-434220
-434245
-434286
-434287
-434300
-434302
-434311
-434312
-434341
-434363
-434374
-434392
-434408
-434410
-434444
-434453
-434469
-434477
-434496
-434536
-434540
-434542
-434553
-434569
-434594
-434699
-434716
-434784
-434838
-434867
-434870
-434874
-434891
-434899
-434920
-434924
-434958
-434960
-434973
-434977
-435001
-435004
-435043
-435044
-435044
-435124
-435124
-435140
-435145
-435164
-435183
-435214
-435239
-435255
-435273
-435315
-435325
-435359
-435369
-435372
-435393
-435413
-435455
-435460
-435460
-435466
-435536
-435575
-435586
-435595
-435600
-435603
-435633
-435637
-435677
-435716
-435742
-435743
-435760
-435763
-435791
-435797
-435811
-435823
-435859
-435903
-435933
-435945
-435956
-435967
-435974
-435976
-435993
-436015
-436030
-436053
-436056
-436069
-436100
-436120
-436137
-436138
-436149
-436157
-436157
-436194
-436211
-436219
-436244
-436349
-436362
-436405
-436470
-436473
-436474
-436499
-436558
-436559
-436564
-436573
-436585
-436618
-436630
-436637
-436639
-436642
-436656
-436656
-436744
-436754
-436769
-436820
-436842
-436846
-436852
-436859
-436875
-436883
-436899
-436909
-436915
-436926
-436933
-436935
-436935
-436940
-436953
-436957
-436988
-437002
-437004
-437006
-437042
-437048
-437102
-437104
-437116
-437151
-437176
-437184
-437195
-437197
-437202
-437205
-437266
-437271
-437276
-437279
-437291
-437291
-437351
-437359
-437376
-437377
-437398
-437422
-437433
-437441
-437462
-437473
-437486
-437500
-437510
-437535
-437576
-437588
-437592
-437672
-437683
-437700
-437732
-437741
-437771
-437776
-437786
-437842
-437859
-437897
-437897
-437912
-437913
-437949
-437952
-437952
-437963
-437988
-437991
-437994
-438032
-438043
-438055
-438074
-438076
-438079
-438102
-438113
-438140
-438186
-438221
-438248
-438264
-438317
-438345
-438345
-438385
-438407
-438467
-438483
-438486
-438532
-438559
-438560
-438612
-438657
-438665
-438702
-438708
-438748
-438771
-438790
-438804
-438804
-438867
-438879
-438892
-438898
-438937
-438953
-438983
-439012
-439034
-439037
-439042
-439054
-439057
-439084
-439085
-439160
-439182
-439182
-439183
-439192
-439195
-439334
-439342
-439355
-439367
-439418
-439468
-439476
-439483
-439486
-439509
-439542
-439545
-439560
-439613
-439632
-439662
-439676
-439697
-439699
-439780
-439801
-439801
-439813
-439830
-439840
-439850
-439854
-439874
-439901
-439914
-439945
-439951
-439978
-439999
-440000
-440034
-440076
-440152
-440175
-440180
-440185
-440190
-440204
-440211
-440227
-440228
-440237
-440265
-440275
-440278
-440287
-440293
-440315
-440318
-440325
-440340
-440372
-440403
-440414
-440419
-440443
-440487
-440504
-440511
-440513
-440529
-440534
-440535
-440571
-440609
-440643
-440696
-440754
-440788
-440794
-440805
-440805
-440818
-440827
-440884
-440935
-440943
-440944
-440961
-440963
-440972
-440975
-440996
-441023
-441037
-441054
-441061
-441062
-441081
-441088
-441098
-441165
-441167
-441202
-441207
-441214
-441279
-441305
-441317
-441327
-441348
-441388
-441458
-441471
-441479
-441482
-441490
-441511
-441519
-441528
-441540
-441543
-441545
-441549
-441567
-441590
-441603
-441606
-441609
-441617
-441617
-441623
-441644
-441656
-441666
-441689
-441698
-441699
-441740
-441742
-441744
-441751
-441753
-441755
-441777
-441784
-441787
-441817
-441831
-441840
-441861
-441865
-441868
-441885
-441897
-441916
-441927
-441946
-441960
-441961
-441983
-441987
-441992
-442013
-442023
-442034
-442038
-442055
-442055
-442060
-442096
-442122
-442154
-442211
-442286
-442293
-442321
-442325
-442346
-442350
-442352
-442395
-442410
-442414
-442427
-442438
-442440
-442450
-442461
-442467
-442478
-442478
-442494
-442517
-442517
-442530
-442544
-442564
-442574
-442594
-442595
-442620
-442630
-442642
-442686
-442705
-442710
-442740
-442774
-442793
-442795
-442817
-442819
-442828
-442830
-442831
-442833
-442861
-442861
-442891
-442928
-442958
-443007
-443007
-443018
-443078
-443112
-443152
-443166
-443189
-443205
-443227
-443241
-443248
-443270
-443309
-443326
-443381
-443381
-443396
-443407
-443436
-443440
-443455
-443459
-443472
-443509
-443517
-443523
-443539
-443542
-443572
-443575
-443580
-443582
-443586
-443598
-443637
-443648
-443649
-443663
-443680
-443687
-443708
-443712
-443802
-443826
-443830
-443871
-443889
-443907
-443925
-443941
-443965
-444020
-444020
-444068
-444078
-444103
-444113
-444113
-444142
-444163
-444163
-444242
-444275
-444280
-444293
-444299
-444333
-444336
-444350
-444387
-444405
-444415
-444420
-444422
-444455
-444495
-444503
-444532
-444534
-444540
-444570
-444599
-444740
-444816
-444835
-444913
-444913
-444925
-444963
-444970
-444980
-444983
-445075
-445105
-445108
-445185
-445185
-445208
-445210
-445230
-445238
-445252
-445266
-445268
-445280
-445282
-445371
-445371
-445392
-445393
-445394
-445412
-445419
-445451
-445451
-445464
-445511
-445519
-445534
-445534
-445544
-445554
-445560
-445579
-445592
-445657
-445665
-445683
-445683
-445712
-445781
-445801
-445807
-445830
-445832
-445850
-445935
-445974
-445989
-446046
-446049
-446088
-446121
-446123
-446164
-446193
-446204
-446212
-446220
-446255
-446259
-446320
-446360
-446364
-446368
-446375
-446407
-446413
-446461
-446482
-446488
-446492
-446513
-446519
-446592
-446602
-446650
-446689
-446732
-446740
-446758
-446759
-446775
-446794
-446818
-446844
-446861
-446869
-446877
-446887
-446914
-446934
-446944
-446957
-446973
-446983
-446999
-447013
-447033
-447047
-447068
-447076
-447095
-447105
-447105
-447137
-447146
-447148
-447153
-447159
-447178
-447183
-447199
-447207
-447213
-447224
-447233
-447284
-447304
-447313
-447318
-447334
-447367
-447379
-447387
-447389
-447404
-447415
-447426
-447470
-447493
-447512
-447518
-447563
-447570
-447577
-447627
-447656
-447659
-447669
-447677
-447680
-447680
-447690
-447725
-447729
-447754
-447779
-447784
-447789
-447803
-447812
-447817
-447994
-448026
-448031
-448045
-448076
-448088
-448114
-448124
-448135
-448177
-448184
-448197
-448224
-448232
-448256
-448352
-448356
-448364
-448430
-448440
-448480
-448493
-448501
-448543
-448555
-448584
-448586
-448597
-448597
-448689
-448696
-448698
-448698
-448707
-448720
-448772
-448871
-448894
-448894
-448907
-448926
-448929
-448931
-448980
-448986
-448992
-448997
-449011
-449013
-449024
-449052
-449059
-449066
-449082
-449084
-449085
-449111
-449138
-449138
-449139
-449144
-449220
-449226
-449246
-449273
-449274
-449286
-449300
-449344
-449354
-449377
-449384
-449390
-449394
-449405
-449443
-449485
-449509
-449561
-449584
-449585
-449595
-449596
-449653
-449682
-449716
-449719
-449727
-449748
-449749
-449752
-449778
-449789
-449844
-449845
-449916
-449919
-450002
-450002
-450019
-450023
-450025
-450036
-450050
-450087
-450093
-450111
-450118
-450144
-450178
-450190
-450226
-450232
-450254
-450254
-450256
-450262
-450265
-450266
-450277
-450286
-450291
-450311
-450324
-450377
-450474
-450475
-450484
-450502
-450525
-450564
-450571
-450572
-450586
-450591
-450597
-450671
-450677
-450702
-450728
-450748
-450752
-450760
-450766
-450775
-450806
-450817
-450818
-450852
-450882
-450910
-450947
-450950
-450957
-450963
-450976
-450982
-451024
-451049
-451055
-451056
-451075
-451091
-451113
-451170
-451261
-451267
-451267
-451271
-451281
-451285
-451311
-451317
-451342
-451347
-451371
-451394
-451396
-451399
-451406
-451408
-451418
-451430
-451463
-451499
-451532
-451535
-451573
-451634
-451636
-451649
-451667
-451670
-451697
-451711
-451716
-451717
-451767
-451786
-451854
-451870
-451907
-451923
-451930
-451933
-451990
-451993
-452020
-452042
-452074
-452119
-452126
-452139
-452147
-452149
-452162
-452184
-452228
-452230
-452250
-452299
-452309
-452313
-452317
-452378
-452403
-452405
-452429
-452476
-452509
-452509
-452516
-452519
-452538
-452540
-452543
-452565
-452583
-452593
-452635
-452679
-452752
-452779
-452781
-452803
-452815
-452825
-452854
-452864
-452875
-452878
-452928
-452931
-452940
-452956
-452958
-453001
-453024
-453036
-453039
-453059
-453076
-453085
-453090
-453103
-453107
-453107
-453145
-453163
-453169
-453190
-453210
-453285
-453309
-453317
-453388
-453390
-453391
-453391
-453402
-453444
-453456
-453491
-453503
-453508
-453529
-453549
-453555
-453558
-453592
-453612
-453614
-453674
-453684
-453730
-453793
-453826
-453831
-453847
-453848
-453856
-453869
-453886
-453919
-453968
-453986
-453996
-454030
-454089
-454104
-454111
-454112
-454114
-454121
-454130
-454152
-454204
-454221
-454254
-454285
-454304
-454315
-454395
-454410
-454436
-454453
-454554
-454603
-454604
-454616
-454664
-454685
-454692
-454708
-454739
-454760
-454779
-454809
-454819
-454853
-454871
-454886
-454900
-454994
-454999
-455008
-455013
-455039
-455041
-455051
-455089
-455091
-455120
-455157
-455218
-455243
-455249
-455258
-455306
-455333
-455347
-455352
-455371
-455382
-455421
-455450
-455457
-455463
-455494
-455505
-455532
-455532
-455582
-455597
-455599
-455605
-455651
-455672
-455683
-455715
-455719
-455738
-455751
-455767
-455769
-455772
-455773
-455778
-455783
-455794
-455805
-455807
-455829
-455834
-455836
-455848
-455862
-455923
-455933
-455953
-455969
-455972
-455994
-455999
-456051
-456052
-456063
-456068
-456123
-456134
-456198
-456202
-456251
-456254
-456269
-456275
-456289
-456313
-456313
-456364
-456408
-456436
-456443
-456449
-456570
-456612
-456664
-456686
-456706
-456716
-456720
-456795
-456839
-456839
-456885
-456889
-456917
-456924
-456940
-456950
-456972
-456990
-456995
-457020
-457067
-457074
-457093
-457100
-457111
-457118
-457124
-457128
-457128
-457145
-457166
-457173
-457185
-457186
-457204
-457278
-457304
-457325
-457342
-457365
-457406
-457416
-457423
-457457
-457483
-457531
-457536
-457561
-457585
-457598
-457598
-457614
-457632
-457666
-457678
-457692
-457695
-457712
-457715
-457725
-457730
-457734
-457741
-457747
-457755
-457762
-457772
-457777
-457786
-457789
-457843
-457880
-457915
-457946
-457946
-457968
-457969
-458013
-458033
-458063
-458072
-458076
-458091
-458126
-458138
-458169
-458174
-458229
-458236
-458259
-458289
-458300
-458374
-458379
-458401
-458402
-458462
-458472
-458504
-458505
-458519
-458521
-458588
-458598
-458608
-458626
-458652
-458655
-458669
-458678
-458714
-458747
-458778
-458780
-458790
-458843
-458856
-458888
-458893
-458910
-458913
-458945
-459019
-459051
-459073
-459108
-459155
-459183
-459185
-459195
-459206
-459216
-459262
-459265
-459278
-459282
-459327
-459338
-459343
-459350
-459373
-459378
-459413
-459418
-459442
-459462
-459514
-459529
-459544
-459547
-459563
-459606
-459636
-459646
-459687
-459693
-459715
-459745
-459791
-459803
-459803
-459864
-459881
-459884
-459918
-459938
-459944
-459954
-459958
-459962
-459969
-459970
-459971
-459976
-459988
-459996
-460011
-460028
-460068
-460074
-460115
-460116
-460126
-460133
-460145
-460146
-460176
-460183
-460208
-460235
-460262
-460269
-460273
-460276
-460290
-460300
-460366
-460430
-460489
-460496
-460497
-460503
-460547
-460568
-460573
-460576
-460588
-460618
-460618
-460657
-460658
-460670
-460673
-460699
-460707
-460714
-460741
-460773
-460796
-460842
-460846
-460850
-460855
-460865
-460868
-460879
-460884
-460895
-460896
-460900
-460901
-460902
-460919
-460944
-460975
-461040
-461041
-461044
-461055
-461069
-461075
-461088
-461125
-461157
-461157
-461162
-461210
-461255
-461301
-461318
-461334
-461358
-461383
-461411
-461440
-461442
-461446
-461450
-461454
-461461
-461473
-461482
-461485
-461485
-461506
-461517
-461524
-461532
-461580
-461585
-461587
-461594
-461598
-461600
-461635
-461661
-461711
-461719
-461744
-461805
-461809
-461842
-461875
-461878
-461888
-461905
-461916
-461927
-461928
-461932
-461940
-461953
-461968
-461996
-461996
-462028
-462030
-462127
-462138
-462181
-462199
-462209
-462210
-462215
-462221
-462257
-462257
-462273
-462280
-462292
-462293
-462329
-462343
-462379
-462383
-462388
-462399
-462441
-462443
-462448
-462465
-462579
-462591
-462607
-462609
-462654
-462669
-462671
-462746
-462755
-462755
-462756
-462778
-462809
-462818
-462829
-462872
-462896
-462906
-462922
-462958
-463029
-463048
-463118
-463164
-463228
-463250
-463257
-463279
-463313
-463314
-463315
-463337
-463340
-463341
-463381
-463422
-463438
-463449
-463469
-463479
-463517
-463641
-463686
-463691
-463702
-463707
-463738
-463771
-463818
-463832
-463847
-463853
-463862
-463892
-463922
-463945
-463956
-463990
-464087
-464113
-464129
-464159
-464179
-464187
-464197
-464212
-464235
-464241
-464246
-464277
-464280
-464287
-464307
-464342
-464357
-464364
-464373
-464387
-464417
-464417
-464425
-464440
-464475
-464505
-464516
-464523
-464550
-464561
-464584
-464591
-464667
-464685
-464686
-464693
-464695
-464736
-464738
-464781
-464818
-464846
-464889
-464925
-464956
-464963
-464966
-465020
-465115
-465121
-465129
-465149
-465167
-465167
-465174
-465177
-465181
-465240
-465246
-465261
-465264
-465267
-465269
-465269
-465271
-465324
-465375
-465378
-465391
-465392
-465394
-465399
-465471
-465486
-465486
-465512
-465518
-465527
-465543
-465547
-465549
-465563
-465593
-465612
-465624
-465627
-465638
-465670
-465702
-465724
-465742
-465744
-465746
-465763
-465773
-465773
-465778
-465806
-465827
-465835
-465836
-465839
-465872
-465889
-465891
-465927
-465990
-466000
-466001
-466034
-466061
-466098
-466115
-466166
-466229
-466262
-466276
-466288
-466329
-466331
-466371
-466386
-466415
-466450
-466503
-466521
-466541
-466545
-466614
-466626
-466651
-466725
-466761
-466795
-466807
-466835
-466857
-466885
-466910
-466942
-466981
-466999
-467024
-467082
-467140
-467231
-467238
-467280
-467281
-467310
-467335
-467343
-467361
-467367
-467372
-467387
-467393
-467451
-467488
-467495
-467515
-467521
-467546
-467598
-467604
-467661
-467668
-467702
-467711
-467728
-467769
-467792
-467798
-467802
-467807
-467811
-467824
-467846
-467865
-467878
-467922
-467938
-467945
-467946
-467964
-467986
-468007
-468010
-468032
-468040
-468062
-468075
-468091
-468101
-468149
-468158
-468186
-468195
-468221
-468221
-468240
-468242
-468302
-468313
-468324
-468339
-468354
-468398
-468409
-468420
-468444
-468452
-468473
-468495
-468515
-468531
-468561
-468604
-468640
-468642
-468671
-468689
-468704
-468720
-468733
-468779
-468831
-468832
-468839
-468846
-468847
-468848
-468858
-468859
-468863
-468888
-468925
-468953
-468991
-469005
-469007
-469038
-469103
-469114
-469146
-469178
-469184
-469202
-469214
-469228
-469233
-469237
-469267
-469287
-469288
-469291
-469324
-469333
-469356
-469364
-469417
-469422
-469435
-469442
-469449
-469474
-469478
-469496
-469510
-469535
-469556
-469566
-469577
-469596
-469606
-469638
-469656
-469661
-469679
-469683
-469695
-469714
-469729
-469751
-469819
-469823
-469844
-469855
-469880
-469897
-469902
-469909
-469944
-469964
-469986
-469998
-470003
-470009
-470021
-470043
-470044
-470088
-470098
-470101
-470134
-470153
-470158
-470161
-470165
-470168
-470174
-470192
-470197
-470211
-470217
-470218
-470219
-470245
-470256
-470257
-470268
-470300
-470300
-470318
-470329
-470340
-470353
-470420
-470420
-470462
-470511
-470518
-470533
-470564
-470568
-470587
-470592
-470604
-470612
-470614
-470626
-470627
-470678
-470714
-470772
-470776
-470811
-470813
-470844
-470849
-470871
-470878
-470889
-470918
-470937
-470945
-470954
-470984
-470984
-470996
-471045
-471050
-471080
-471092
-471097
-471113
-471123
-471126
-471135
-471145
-471149
-471158
-471176
-471206
-471206
-471239
-471241
-471251
-471251
-471271
-471277
-471277
-471281
-471308
-471340
-471354
-471370
-471373
-471422
-471483
-471490
-471578
-471597
-471602
-471640
-471656
-471663
-471675
-471702
-471727
-471727
-471775
-471793
-471825
-471828
-471859
-471864
-471879
-471908
-471908
-471910
-471929
-471930
-471947
-471957
-472044
-472054
-472056
-472089
-472106
-472127
-472134
-472145
-472180
-472188
-472243
-472279
-472293
-472332
-472374
-472425
-472429
-472439
-472490
-472496
-472513
-472527
-472567
-472572
-472576
-472583
-472584
-472634
-472638
-472653
-472656
-472675
-472676
-472697
-472709
-472713
-472744
-472745
-472746
-472750
-472758
-472780
-472785
-472836
-472842
-472868
-472870
-472884
-472954
-472974
-472980
-473019
-473019
-473043
-473049
-473054
-473055
-473094
-473124
-473125
-473145
-473153
-473159
-473174
-473189
-473211
-473269
-473270
-473293
-473314
-473316
-473317
-473319
-473348
-473355
-473406
-473436
-473441
-473449
-473469
-473492
-473492
-473495
-473496
-473512
-473513
-473566
-473574
-473590
-473610
-473618
-473656
-473715
-473745
-473766
-473782
-473790
-473821
-473925
-473927
-473939
-473948
-473952
-473967
-473973
-474022
-474061
-474069
-474080
-474132
-474136
-474156
-474180
-474207
-474240
-474281
-474286
-474345
-474368
-474372
-474380
-474384
-474393
-474443
-474454
-474470
-474508
-474525
-474533
-474533
-474534
-474609
-474614
-474636
-474696
-474697
-474708
-474719
-474728
-474741
-474774
-474796
-474811
-474863
-474883
-474962
-474965
-474973
-474989
-475012
-475046
-475131
-475145
-475155
-475173
-475174
-475176
-475216
-475228
-475229
-475233
-475236
-475245
-475252
-475265
-475274
-475285
-475319
-475323
-475375
-475379
-475388
-475414
-475456
-475474
-475475
-475512
-475513
-475514
-475555
-475562
-475563
-475589
-475600
-475641
-475662
-475675
-475692
-475698
-475707
-475727
-475739
-475761
-475776
-475784
-475786
-475835
-475836
-475873
-475883
-475908
-475962
-475995
-476008
-476019
-476021
-476042
-476045
-476069
-476110
-476122
-476137
-476206
-476286
-476299
-476307
-476323
-476330
-476340
-476368
-476374
-476402
-476402
-476404
-476412
-476420
-476435
-476459
-476461
-476472
-476485
-476491
-476525
-476552
-476577
-476592
-476606
-476613
-476624
-476641
-476675
-476703
-476725
-476757
-476783
-476825
-476834
-476840
-476854
-476866
-476895
-476911
-476925
-476936
-476941
-476947
-476953
-476978
-477054
-477061
-477074
-477108
-477121
-477123
-477124
-477138
-477178
-477196
-477199
-477237
-477247
-477280
-477306
-477315
-477317
-477320
-477363
-477381
-477383
-477418
-477433
-477466
-477471
-477484
-477490
-477525
-477588
-477594
-477613
-477686
-477708
-477756
-477756
-477800
-477831
-477831
-477857
-477871
-477899
-477908
-477912
-477913
-477927
-477957
-478034
-478045
-478099
-478132
-478156
-478168
-478170
-478180
-478197
-478248
-478265
-478286
-478295
-478320
-478324
-478341
-478347
-478382
-478405
-478422
-478463
-478518
-478521
-478539
-478546
-478595
-478603
-478634
-478665
-478684
-478685
-478702
-478713
-478732
-478743
-478797
-478805
-478822
-478833
-478836
-478874
-478903
-478944
-478963
-478965
-478968
-478990
-479011
-479067
-479079
-479083
-479090
-479099
-479115
-479128
-479130
-479180
-479190
-479226
-479231
-479238
-479254
-479267
-479271
-479279
-479280
-479294
-479296
-479297
-479299
-479308
-479333
-479345
-479346
-479358
-479359
-479382
-479398
-479469
-479469
-479478
-479480
-479488
-479574
-479612
-479630
-479630
-479638
-479704
-479720
-479733
-479747
-479759
-479786
-479850
-479854
-479889
-479943
-479984
-479985
-480029
-480030
-480047
-480121
-480122
-480129
-480132
-480173
-480194
-480196
-480210
-480218
-480222
-480272
-480313
-480314
-480328
-480355
-480418
-480421
-480430
-480463
-480467
-480476
-480541
-480552
-480561
-480580
-480589
-480594
-480608
-480612
-480637
-480699
-480719
-480738
-480755
-480762
-480847
-480848
-480850
-480882
-480886
-480907
-480907
-480939
-480951
-480970
-481014
-481015
-481039
-481067
-481077
-481097
-481109
-481119
-481133
-481162
-481196
-481198
-481204
-481210
-481222
-481232
-481244
-481249
-481257
-481265
-481272
-481293
-481308
-481318
-481343
-481413
-481414
-481419
-481425
-481461
-481536
-481630
-481634
-481649
-481649
-481651
-481651
-481655
-481657
-481671
-481697
-481712
-481734
-481737
-481764
-481765
-481795
-481807
-481856
-481870
-481871
-481885
-481891
-481920
-482008
-482019
-482023
-482042
-482058
-482062
-482101
-482111
-482181
-482192
-482222
-482224
-482256
-482263
-482299
-482345
-482363
-482374
-482404
-482406
-482411
-482422
-482427
-482444
-482455
-482461
-482473
-482529
-482540
-482548
-482560
-482577
-482615
-482615
-482634
-482645
-482649
-482650
-482656
-482663
-482674
-482684
-482691
-482750
-482766
-482767
-482777
-482792
-482814
-482819
-482850
-482854
-482856
-482865
-482883
-482886
-482886
-482889
-482892
-482893
-482932
-482952
-482972
-482975
-482997
-483001
-483024
-483049
-483062
-483063
-483074
-483084
-483090
-483108
-483116
-483121
-483141
-483172
-483192
-483240
-483250
-483254
-483292
-483298
-483301
-483314
-483317
-483372
-483396
-483412
-483412
-483413
-483415
-483419
-483428
-483434
-483437
-483463
-483483
-483487
-483511
-483515
-483549
-483566
-483610
-483631
-483677
-483681
-483707
-483764
-483777
-483782
-483807
-483815
-483830
-483840
-483867
-483884
-483904
-483915
-483918
-483920
-483940
-483957
-484000
-484000
-484059
-484121
-484137
-484144
-484163
-484168
-484186
-484190
-484270
-484274
-484281
-484293
-484307
-484328
-484330
-484369
-484463
-484513
-484521
-484523
-484527
-484533
-484568
-484597
-484602
-484633
-484645
-484679
-484696
-484734
-484761
-484828
-484857
-484864
-484867
-484868
-484899
-484947
-484978
-484982
-484992
-485009
-485026
-485028
-485035
-485038
-485059
-485066
-485067
-485069
-485081
-485083
-485098
-485099
-485121
-485125
-485131
-485135
-485169
-485186
-485210
-485217
-485256
-485268
-485307
-485318
-485332
-485352
-485410
-485410
-485453
-485462
-485472
-485480
-485502
-485515
-485545
-485570
-485588
-485602
-485603
-485617
-485673
-485674
-485716
-485770
-485790
-485795
-485812
-485814
-485818
-485820
-485833
-485837
-485844
-485869
-485951
-485980
-485999
-486011
-486018
-486034
-486037
-486057
-486126
-486145
-486181
-486200
-486228
-486243
-486269
-486271
-486286
-486288
-486307
-486310
-486312
-486374
-486416
-486440
-486458
-486466
-486473
-486477
-486489
-486513
-486516
-486597
-486599
-486607
-486629
-486646
-486649
-486655
-486671
-486691
-486734
-486790
-486832
-486835
-486853
-486864
-486869
-486916
-486949
-486966
-486984
-487000
-487049
-487060
-487074
-487084
-487105
-487107
-487134
-487135
-487208
-487214
-487214
-487227
-487243
-487275
-487298
-487326
-487348
-487359
-487376
-487378
-487386
-487386
-487416
-487450
-487450
-487452
-487455
-487473
-487495
-487522
-487584
-487627
-487655
-487663
-487690
-487707
-487725
-487757
-487790
-487838
-487841
-487841
-487852
-487960
-487986
-488009
-488017
-488024
-488027
-488036
-488036
-488044
-488052
-488057
-488065
-488101
-488120
-488170
-488177
-488180
-488187
-488203
-488241
-488295
-488331
-488347
-488386
-488413
-488413
-488417
-488419
-488430
-488436
-488498
-488500
-488529
-488541
-488547
-488552
-488557
-488646
-488668
-488672
-488705
-488713
-488723
-488746
-488775
-488801
-488843
-488861
-488866
-488926
-488988
-489063
-489105
-489108
-489139
-489140
-489143
-489149
-489219
-489228
-489232
-489254
-489299
-489313
-489332
-489338
-489343
-489373
-489378
-489382
-489405
-489407
-489419
-489420
-489421
-489424
-489453
-489482
-489532
-489558
-489573
-489576
-489612
-489630
-489633
-489640
-489655
-489660
-489687
-489699
-489714
-489746
-489770
-489781
-489785
-489877
-489880
-489893
-489940
-489989
-490017
-490022
-490062
-490119
-490139
-490152
-490167
-490184
-490199
-490204
-490209
-490242
-490273
-490279
-490295
-490302
-490313
-490358
-490362
-490362
-490378
-490416
-490428
-490449
-490460
-490483
-490483
-490492
-490504
-490595
-490608
-490630
-490681
-490709
-490722
-490723
-490731
-490733
-490735
-490739
-490739
-490765
-490781
-490797
-490827
-490828
-490830
-490832
-490847
-490850
-490863
-490873
-490896
-490932
-490984
-491046
-491074
-491090
-491124
-491127
-491130
-491187
-491206
-491208
-491220
-491222
-491292
-491309
-491316
-491320
-491331
-491358
-491394
-491426
-491489
-491526
-491609
-491632
-491656
-491681
-491699
-491709
-491726
-491779
-491848
-491865
-491869
-491920
-491922
-491925
-491955
-492006
-492024
-492025
-492050
-492069
-492071
-492072
-492084
-492117
-492160
-492173
-492174
-492190
-492203
-492320
-492353
-492366
-492393
-492397
-492434
-492442
-492448
-492451
-492471
-492474
-492476
-492489
-492498
-492504
-492555
-492579
-492579
-492607
-492638
-492640
-492647
-492672
-492689
-492704
-492707
-492724
-492735
-492738
-492746
-492751
-492777
-492779
-492826
-492832
-492838
-492857
-492875
-492886
-492899
-492912
-492923
-492928
-492939
-492963
-492965
-493000
-493014
-493040
-493103
-493109
-493119
-493230
-493250
-493250
-493284
-493287
-493293
-493315
-493316
-493376
-493381
-493395
-493402
-493417
-493426
-493448
-493495
-493521
-493526
-493527
-493541
-493553
-493608
-493622
-493624
-493705
-493735
-493753
-493765
-493780
-493802
-493839
-493882
-493884
-493885
-493892
-493900
-493970
-494006
-494035
-494046
-494058
-494101
-494108
-494126
-494139
-494170
-494187
-494205
-494211
-494256
-494261
-494300
-494303
-494320
-494327
-494342
-494344
-494427
-494450
-494459
-494468
-494471
-494492
-494507
-494524
-494592
-494616
-494677
-494695
-494697
-494711
-494719
-494724
-494726
-494766
-494782
-494784
-494792
-494871
-494898
-494906
-494933
-494976
-494989
-495030
-495058
-495093
-495127
-495150
-495184
-495187
-495196
-495207
-495215
-495248
-495304
-495307
-495329
-495388
-495437
-495456
-495468
-495581
-495584
-495618
-495711
-495758
-495761
-495798
-495802
-495838
-495854
-495866
-495888
-495892
-495914
-495926
-495936
-495943
-495958
-495961
-495999
-496001
-496003
-496025
-496058
-496059
-496070
-496086
-496087
-496088
-496137
-496147
-496170
-496178
-496185
-496190
-496193
-496203
-496230
-496233
-496239
-496239
-496251
-496306
-496319
-496327
-496420
-496430
-496455
-496479
-496508
-496542
-496542
-496602
-496622
-496639
-496644
-496673
-496696
-496711
-496801
-496828
-496846
-496846
-496874
-496884
-496932
-496941
-496950
-496971
-496997
-497024
-497035
-497055
-497126
-497135
-497141
-497146
-497176
-497191
-497212
-497222
-497237
-497243
-497272
-497279
-497344
-497360
-497370
-497375
-497386
-497398
-497427
-497429
-497430
-497442
-497456
-497467
-497474
-497523
-497527
-497534
-497558
-497559
-497569
-497598
-497599
-497626
-497705
-497709
-497720
-497730
-497737
-497741
-497746
-497776
-497776
-497838
-497872
-497873
-497889
-497926
-497931
-497958
-497978
-497979
-497988
-498026
-498033
-498034
-498044
-498074
-498088
-498093
-498101
-498218
-498220
-498235
-498253
-498264
-498287
-498309
-498315
-498344
-498357
-498378
-498379
-498384
-498400
-498411
-498421
-498436
-498443
-498491
-498509
-498530
-498551
-498551
-498574
-498578
-498596
-498604
-498616
-498640
-498647
-498660
-498674
-498680
-498682
-498684
-498692
-498783
-498840
-498844
-498867
-498889
-498891
-498892
-498898
-498913
-498936
-498949
-498981
-498997
-499001
-499012
-499029
-499031
-499039
-499064
-499103
-499134
-499140
-499150
-499168
-499170
-499185
-499201
-499204
-499240
-499245
-499261
-499264
-499299
-499337
-499340
-499340
-499344
-499354
-499382
-499402
-499446
-499471
-499480
-499486
-499560
-499560
-499600
-499601
-499606
-499621
-499639
-499643
-499654
-499686
-499698
-499700
-499701
-499716
-499731
-499736
-499772
-499809
-499914
-499915
-499921
-499934
-499958
-499974
-500025
-500029
-500057
-500095
-500107
-500117
-500118
-500124
-500152
-500187
-500250
-500265
-500294
-500312
-500352
-500377
-500395
-500398
-500403
-500416
-500533
-500562
-500670
-500713
-500747
-500762
-500796
-500826
-500863
-500871
-500876
-500880
-500890
-500906
-500913
-500920
-500922
-500961
-500969
-500970
-500995
-501019
-501095
-501124
-501203
-501214
-501257
-501266
-501271
-501272
-501328
-501328
-501366
-501380
-501392
-501392
-501419
-501501
-501519
-501554
-501576
-501587
-501598
-501621
-501651
-501694
-501704
-501706
-501730
-501733
-501750
-501762
-501767
-501798
-501798
-501821
-501845
-501874
-501886
-501940
-501952
-501986
-501999
-502003
-502034
-502035
-502043
-502045
-502099
-502104
-502108
-502125
-502128
-502144
-502148
-502152
-502165
-502188
-502207
-502218
-502277
-502288
-502311
-502318
-502325
-502385
-502508
-502508
-502526
-502535
-502565
-502573
-502613
-502635
-502645
-502661
-502666
-502686
-502705
-502706
-502708
-502710
-502728
-502778
-502826
-502830
-502843
-502874
-502886
-502900
-502909
-502938
-502941
-502954
-502957
-502978
-503015
-503045
-503091
-503093
-503113
-503113
-503125
-503140
-503143
-503154
-503169
-503201
-503203
-503216
-503228
-503230
-503257
-503282
-503295
-503329
-503345
-503354
-503389
-503431
-503477
-503484
-503500
-503504
-503510
-503530
-503544
-503569
-503587
-503646
-503663
-503670
-503672
-503696
-503696
-503726
-503726
-503733
-503822
-503837
-503840
-503891
-503938
-503945
-503957
-503982
-503995
-503997
-504018
-504020
-504028
-504032
-504036
-504059
-504082
-504116
-504122
-504189
-504207
-504222
-504238
-504285
-504312
-504313
-504357
-504391
-504405
-504420
-504433
-504440
-504470
-504503
-504513
-504513
-504534
-504578
-504584
-504586
-504591
-504641
-504641
-504684
-504685
-504693
-504734
-504819
-504884
-504900
-504928
-504947
-504959
-505012
-505041
-505051
-505062
-505068
-505071
-505116
-505127
-505138
-505169
-505186
-505190
-505266
-505277
-505297
-505300
-505306
-505309
-505340
-505404
-505426
-505429
-505459
-505503
-505534
-505540
-505547
-505616
-505664
-505672
-505693
-505719
-505731
-505749
-505766
-505787
-505800
-505831
-505832
-505882
-505894
-505918
-505953
-505961
-505962
-506038
-506040
-506053
-506058
-506062
-506073
-506082
-506092
-506120
-506128
-506141
-506162
-506181
-506199
-506220
-506225
-506231
-506261
-506326
-506329
-506344
-506350
-506367
-506367
-506379
-506386
-506423
-506424
-506436
-506448
-506457
-506465
-506470
-506487
-506487
-506520
-506521
-506560
-506580
-506583
-506585
-506638
-506678
-506679
-506707
-506732
-506739
-506749
-506792
-506794
-506809
-506809
-506816
-506835
-506836
-506848
-506864
-506910
-506911
-506956
-506967
-506979
-506998
-507034
-507043
-507050
-507081
-507097
-507098
-507120
-507132
-507133
-507138
-507149
-507185
-507219
-507224
-507246
-507273
-507300
-507305
-507310
-507315
-507317
-507331
-507356
-507358
-507366
-507374
-507378
-507418
-507435
-507454
-507483
-507489
-507490
-507499
-507508
-507534
-507568
-507629
-507702
-507711
-507756
-507773
-507789
-507789
-507797
-507810
-507825
-507844
-507855
-507928
-507938
-507940
-507946
-507960
-507975
-508001
-508003
-508006
-508023
-508086
-508107
-508128
-508131
-508153
-508163
-508170
-508173
-508189
-508192
-508196
-508217
-508237
-508240
-508250
-508273
-508309
-508341
-508357
-508390
-508407
-508407
-508417
-508429
-508444
-508475
-508515
-508516
-508585
-508603
-508604
-508610
-508617
-508673
-508698
-508734
-508736
-508745
-508753
-508761
-508800
-508820
-508839
-508848
-508862
-508925
-508964
-508987
-509024
-509038
-509082
-509106
-509144
-509175
-509189
-509220
-509232
-509260
-509262
-509284
-509293
-509308
-509310
-509337
-509358
-509389
-509428
-509433
-509439
-509449
-509459
-509477
-509489
-509512
-509516
-509528
-509553
-509553
-509557
-509569
-509576
-509577
-509657
-509667
-509751
-509760
-509764
-509776
-509807
-509811
-509811
-509823
-509825
-509831
-509866
-509897
-509898
-509904
-509913
-509923
-509929
-509952
-509969
-510011
-510012
-510026
-510064
-510098
-510157
-510207
-510257
-510259
-510305
-510320
-510326
-510385
-510391
-510430
-510438
-510463
-510471
-510517
-510521
-510546
-510563
-510592
-510601
-510627
-510674
-510691
-510697
-510701
-510704
-510725
-510741
-510800
-510820
-510855
-510861
-510876
-510880
-510911
-510918
-510926
-510946
-510956
-511036
-511119
-511123
-511123
-511136
-511143
-511144
-511191
-511201
-511203
-511231
-511235
-511244
-511281
-511289
-511300
-511301
-511302
-511324
-511352
-511364
-511386
-511401
-511406
-511423
-511447
-511448
-511496
-511553
-511575
-511650
-511673
-511681
-511686
-511691
-511703
-511771
-511771
-511809
-511818
-511822
-511835
-511837
-511872
-511895
-511921
-511940
-511965
-511975
-512088
-512090
-512104
-512105
-512126
-512130
-512133
-512166
-512174
-512186
-512186
-512206
-512211
-512264
-512297
-512320
-512362
-512365
-512370
-512374
-512377
-512384
-512420
-512440
-512441
-512455
-512467
-512472
-512510
-512594
-512633
-512643
-512650
-512651
-512673
-512705
-512723
-512726
-512752
-512791
-512800
-512845
-512858
-512859
-512866
-512932
-512946
-512972
-513017
-513019
-513084
-513102
-513107
-513108
-513110
-513123
-513150
-513173
-513178
-513204
-513208
-513209
-513210
-513218
-513224
-513276
-513283
-513288
-513308
-513335
-513356
-513360
-513365
-513398
-513432
-513470
-513479
-513483
-513494
-513538
-513552
-513564
-513573
-513681
-513752
-513754
-513789
-513800
-513804
-513864
-513883
-513889
-514016
-514032
-514035
-514050
-514120
-514156
-514173
-514180
-514203
-514216
-514226
-514231
-514297
-514309
-514335
-514420
-514424
-514427
-514431
-514487
-514489
-514513
-514530
-514572
-514576
-514582
-514611
-514616
-514644
-514644
-514660
-514672
-514674
-514698
-514730
-514772
-514783
-514842
-514886
-514902
-514932
-514940
-514961
-514973
-514990
-515004
-515009
-515031
-515039
-515043
-515055
-515072
-515092
-515097
-515150
-515153
-515157
-515159
-515197
-515207
-515224
-515264
-515279
-515321
-515330
-515331
-515340
-515361
-515440
-515472
-515478
-515481
-515481
-515522
-515525
-515601
-515631
-515644
-515650
-515662
-515693
-515709
-515728
-515749
-515762
-515774
-515778
-515851
-515855
-515863
-515889
-515923
-515924
-515927
-515971
-516003
-516060
-516081
-516097
-516123
-516145
-516146
-516169
-516210
-516212
-516223
-516235
-516263
-516323
-516343
-516349
-516392
-516412
-516425
-516468
-516471
-516478
-516486
-516487
-516498
-516499
-516502
-516540
-516554
-516556
-516590
-516600
-516623
-516645
-516657
-516686
-516716
-516728
-516744
-516765
-516774
-516811
-516822
-516842
-516891
-516899
-516899
-516901
-516915
-516958
-516984
-516991
-517001
-517011
-517015
-517035
-517059
-517087
-517091
-517114
-517119
-517123
-517127
-517191
-517204
-517216
-517255
-517265
-517273
-517275
-517297
-517301
-517308
-517309
-517309
-517337
-517338
-517353
-517356
-517378
-517396
-517396
-517411
-517423
-517429
-517429
-517430
-517439
-517473
-517482
-517512
-517534
-517567
-517630
-517659
-517678
-517710
-517714
-517725
-517756
-517771
-517822
-517826
-517835
-517839
-517860
-517885
-517901
-517907
-517918
-517934
-517938
-517943
-517952
-517996
-518009
-518018
-518151
-518157
-518206
-518209
-518213
-518222
-518224
-518314
-518316
-518353
-518397
-518430
-518434
-518437
-518476
-518477
-518493
-518506
-518513
-518531
-518564
-518571
-518577
-518597
-518638
-518652
-518710
-518744
-518768
-518831
-518944
-518951
-518965
-518990
-518996
-519004
-519038
-519056
-519079
-519098
-519106
-519111
-519117
-519147
-519150
-519205
-519230
-519239
-519245
-519317
-519334
-519357
-519359
-519392
-519440
-519453
-519512
-519531
-519537
-519539
-519545
-519590
-519618
-519630
-519677
-519679
-519700
-519701
-519715
-519732
-519745
-519762
-519796
-519836
-519836
-519844
-519848
-519864
-519883
-519897
-519899
-519970
-519974
-519984
-519985
-519990
-520008
-520059
-520060
-520062
-520081
-520095
-520116
-520116
-520117
-520145
-520157
-520159
-520178
-520184
-520199
-520221
-520242
-520291
-520303
-520323
-520348
-520400
-520406
-520430
-520438
-520440
-520473
-520485
-520510
-520560
-520588
-520598
-520610
-520620
-520630
-520647
-520672
-520687
-520689
-520712
-520723
-520802
-520807
-520844
-520868
-520893
-520921
-520926
-520971
-520986
-520988
-521004
-521008
-521021
-521026
-521035
-521085
-521093
-521108
-521117
-521124
-521176
-521193
-521198
-521242
-521289
-521293
-521299
-521303
-521304
-521316
-521366
-521395
-521400
-521410
-521411
-521428
-521434
-521444
-521475
-521478
-521500
-521505
-521508
-521539
-521557
-521644
-521664
-521667
-521678
-521694
-521754
-521777
-521843
-521893
-521904
-521937
-521947
-521957
-521987
-522031
-522045
-522067
-522067
-522106
-522159
-522170
-522182
-522189
-522209
-522210
-522220
-522264
-522265
-522299
-522329
-522331
-522350
-522383
-522405
-522412
-522428
-522457
-522481
-522495
-522530
-522560
-522573
-522626
-522689
-522692
-522713
-522713
-522728
-522757
-522765
-522769
-522783
-522789
-522799
-522802
-522845
-522846
-522854
-522872
-522907
-522925
-522947
-522948
-523045
-523053
-523057
-523064
-523092
-523098
-523104
-523181
-523185
-523188
-523192
-523196
-523203
-523214
-523221
-523245
-523270
-523273
-523282
-523283
-523319
-523329
-523342
-523376
-523378
-523390
-523399
-523408
-523424
-523433
-523470
-523471
-523526
-523559
-523570
-523570
-523578
-523581
-523591
-523633
-523645
-523647
-523648
-523673
-523694
-523705
-523750
-523752
-523761
-523763
-523770
-523792
-523799
-523820
-523836
-523846
-523850
-523856
-523892
-523907
-523980
-523985
-523994
-523996
-524002
-524038
-524039
-524089
-524092
-524105
-524141
-524175
-524179
-524181
-524193
-524229
-524256
-524264
-524276
-524354
-524366
-524373
-524384
-524413
-524438
-524491
-524516
-524546
-524569
-524569
-524575
-524583
-524609
-524638
-524639
-524697
-524714
-524716
-524721
-524725
-524743
-524761
-524790
-524795
-524806
-524819
-524887
-524888
-524895
-524903
-524910
-524919
-524922
-524927
-524957
-524966
-524990
-524993
-525002
-525030
-525032
-525043
-525061
-525073
-525108
-525129
-525137
-525143
-525165
-525182
-525183
-525193
-525214
-525276
-525281
-525287
-525289
-525293
-525299
-525299
-525300
-525302
-525309
-525331
-525332
-525341
-525343
-525355
-525380
-525382
-525387
-525393
-525395
-525434
-525435
-525445
-525451
-525457
-525525
-525533
-525548
-525566
-525572
-525572
-525578
-525579
-525623
-525634
-525654
-525693
-525707
-525752
-525762
-525768
-525772
-525809
-525810
-525822
-525827
-525858
-525864
-525944
-525968
-526008
-526009
-526011
-526012
-526016
-526021
-526029
-526046
-526047
-526062
-526112
-526118
-526119
-526121
-526182
-526184
-526241
-526243
-526258
-526293
-526299
-526343
-526412
-526414
-526494
-526496
-526537
-526547
-526549
-526563
-526603
-526615
-526653
-526672
-526673
-526693
-526718
-526754
-526762
-526764
-526778
-526801
-526835
-526839
-526870
-526939
-526998
-527029
-527050
-527055
-527055
-527078
-527084
-527098
-527134
-527141
-527145
-527160
-527162
-527193
-527257
-527284
-527289
-527297
-527307
-527340
-527352
-527353
-527368
-527416
-527427
-527443
-527450
-527477
-527481
-527492
-527498
-527540
-527555
-527582
-527607
-527638
-527678
-527683
-527685
-527697
-527740
-527742
-527784
-527802
-527823
-527857
-527879
-527933
-527967
-527984
-527987
-527995
-528024
-528027
-528087
-528087
-528099
-528181
-528186
-528226
-528259
-528284
-528297
-528297
-528318
-528329
-528341
-528346
-528365
-528369
-528405
-528408
-528462
-528462
-528472
-528503
-528518
-528644
-528648
-528675
-528687
-528689
-528726
-528756
-528759
-528790
-528802
-528821
-528871
-528922
-528927
-528932
-528935
-528962
-529015
-529017
-529018
-529026
-529038
-529053
-529084
-529096
-529129
-529130
-529156
-529157
-529179
-529199
-529225
-529246
-529247
-529287
-529292
-529325
-529328
-529362
-529378
-529385
-529420
-529426
-529458
-529464
-529502
-529507
-529523
-529530
-529562
-529667
-529668
-529749
-529755
-529755
-529767
-529796
-529802
-529803
-529856
-529883
-529892
-529894
-529896
-529944
-529950
-529996
-530076
-530089
-530126
-530144
-530150
-530156
-530205
-530219
-530224
-530229
-530232
-530233
-530263
-530267
-530285
-530298
-530308
-530314
-530349
-530352
-530375
-530382
-530402
-530434
-530485
-530518
-530537
-530546
-530561
-530589
-530601
-530608
-530638
-530648
-530658
-530719
-530758
-530768
-530785
-530788
-530813
-530814
-530819
-530823
-530836
-530849
-530872
-530917
-530936
-530985
-531008
-531008
-531012
-531031
-531037
-531046
-531047
-531048
-531148
-531210
-531261
-531271
-531305
-531332
-531334
-531334
-531339
-531350
-531351
-531353
-531371
-531399
-531408
-531446
-531448
-531458
-531492
-531509
-531520
-531532
-531539
-531566
-531568
-531573
-531623
-531629
-531630
-531649
-531688
-531702
-531703
-531706
-531735
-531805
-531827
-531829
-531832
-531852
-531872
-531898
-531925
-531938
-531942
-531952
-531979
-531994
-531997
-531997
-532008
-532024
-532058
-532096
-532105
-532112
-532129
-532149
-532170
-532183
-532192
-532198
-532199
-532201
-532203
-532246
-532253
-532254
-532277
-532289
-532306
-532319
-532338
-532364
-532417
-532418
-532450
-532486
-532491
-532493
-532527
-532531
-532533
-532563
-532596
-532606
-532628
-532646
-532703
-532703
-532721
-532723
-532774
-532783
-532783
-532832
-532846
-532919
-532929
-532937
-532988
-533007
-533015
-533062
-533083
-533110
-533130
-533134
-533178
-533185
-533209
-533239
-533285
-533305
-533317
-533342
-533396
-533408
-533433
-533437
-533443
-533454
-533469
-533478
-533490
-533507
-533516
-533521
-533543
-533584
-533642
-533681
-533726
-533760
-533779
-533823
-533828
-533845
-533859
-533860
-533865
-533892
-533904
-533917
-533917
-533950
-533954
-533956
-533974
-534001
-534034
-534070
-534096
-534140
-534157
-534164
-534218
-534267
-534287
-534355
-534401
-534456
-534497
-534497
-534498
-534516
-534519
-534522
-534541
-534591
-534604
-534608
-534637
-534641
-534658
-534669
-534678
-534693
-534726
-534744
-534776
-534787
-534847
-534849
-534875
-534912
-534945
-534961
-534964
-535008
-535022
-535067
-535138
-535148
-535175
-535189
-535190
-535218
-535286
-535287
-535314
-535353
-535364
-535417
-535462
-535468
-535474
-535475
-535484
-535493
-535497
-535500
-535514
-535538
-535543
-535550
-535551
-535620
-535665
-535669
-535682
-535693
-535702
-535752
-535752
-535793
-535856
-535881
-535883
-535912
-535921
-535931
-535938
-535993
-536077
-536104
-536115
-536125
-536172
-536182
-536184
-536204
-536204
-536209
-536263
-536264
-536332
-536377
-536424
-536498
-536508
-536537
-536583
-536592
-536625
-536640
-536713
-536772
-536810
-536830
-536850
-536851
-536859
-536911
-536942
-536953
-537021
-537084
-537092
-537098
-537141
-537150
-537150
-537164
-537178
-537219
-537235
-537258
-537268
-537287
-537328
-537365
-537369
-537386
-537479
-537503
-537525
-537526
-537535
-537556
-537568
-537579
-537585
-537591
-537620
-537625
-537633
-537708
-537765
-537815
-537825
-537828
-537851
-537855
-537917
-537948
-537954
-537962
-538003
-538012
-538036
-538052
-538078
-538104
-538106
-538108
-538110
-538117
-538169
-538183
-538205
-538316
-538363
-538373
-538389
-538442
-538445
-538473
-538479
-538491
-538493
-538501
-538503
-538512
-538551
-538579
-538592
-538621
-538623
-538625
-538640
-538659
-538702
-538733
-538739
-538756
-538784
-538812
-538822
-538825
-538827
-538860
-538870
-538871
-538877
-538882
-538916
-538934
-538939
-538948
-538960
-538962
-538967
-538970
-538970
-538993
-539008
-539009
-539020
-539034
-539055
-539067
-539079
-539079
-539089
-539092
-539098
-539146
-539153
-539153
-539159
-539178
-539234
-539257
-539260
-539262
-539270
-539272
-539352
-539361
-539380
-539391
-539395
-539402
-539406
-539417
-539447
-539514
-539518
-539521
-539582
-539587
-539638
-539644
-539647
-539663
-539681
-539682
-539683
-539689
-539692
-539806
-539848
-539852
-539905
-539941
-539945
-539950
-539953
-539959
-540001
-540066
-540079
-540109
-540117
-540146
-540153
-540195
-540196
-540220
-540224
-540226
-540231
-540235
-540263
-540276
-540301
-540325
-540361
-540363
-540408
-540434
-540493
-540531
-540537
-540565
-540582
-540627
-540659
-540660
-540667
-540680
-540687
-540693
-540724
-540725
-540772
-540797
-540801
-540814
-540832
-540832
-540883
-540888
-540902
-540923
-540941
-540954
-540959
-541037
-541077
-541149
-541191
-541191
-541243
-541245
-541273
-541300
-541326
-541408
-541419
-541425
-541434
-541463
-541475
-541475
-541501
-541511
-541519
-541539
-541574
-541602
-541619
-541632
-541664
-541666
-541689
-541712
-541750
-541768
-541770
-541789
-541821
-541856
-541910
-541911
-541914
-541986
-541994
-542023
-542024
-542058
-542079
-542090
-542138
-542160
-542185
-542200
-542206
-542220
-542230
-542260
-542276
-542278
-542281
-542287
-542305
-542351
-542391
-542414
-542446
-542486
-542493
-542496
-542520
-542530
-542539
-542543
-542546
-542577
-542582
-542626
-542641
-542666
-542693
-542728
-542753
-542766
-542783
-542794
-542807
-542823
-542829
-542829
-542845
-542863
-542875
-542927
-542929
-542930
-542947
-542999
-543008
-543017
-543019
-543033
-543063
-543065
-543083
-543121
-543128
-543222
-543277
-543289
-543311
-543322
-543336
-543338
-543363
-543364
-543375
-543379
-543385
-543396
-543470
-543478
-543543
-543551
-543551
-543626
-543642
-543654
-543663
-543679
-543688
-543693
-543700
-543708
-543708
-543790
-543800
-543804
-543809
-543815
-543845
-543850
-543914
-543918
-543928
-543929
-543938
-543962
-543967
-544016
-544021
-544024
-544067
-544078
-544107
-544127
-544151
-544159
-544161
-544176
-544190
-544234
-544307
-544313
-544348
-544405
-544424
-544431
-544460
-544491
-544518
-544529
-544580
-544597
-544603
-544612
-544626
-544736
-544742
-544746
-544826
-544831
-544844
-544873
-544882
-544888
-544980
-544983
-545051
-545052
-545058
-545108
-545137
-545176
-545198
-545206
-545223
-545235
-545268
-545272
-545308
-545367
-545433
-545503
-545515
-545548
-545557
-545563
-545592
-545603
-545604
-545608
-545643
-545652
-545663
-545699
-545701
-545720
-545733
-545742
-545747
-545755
-545874
-545876
-545977
-546006
-546006
-546046
-546047
-546081
-546123
-546136
-546145
-546155
-546155
-546161
-546177
-546192
-546199
-546241
-546254
-546274
-546307
-546331
-546333
-546348
-546348
-546371
-546400
-546442
-546483
-546491
-546516
-546534
-546536
-546587
-546589
-546611
-546629
-546632
-546685
-546713
-546733
-546735
-546736
-546755
-546763
-546798
-546805
-546828
-546836
-546897
-546912
-546925
-546949
-546960
-546975
-546988
-547003
-547015
-547018
-547042
-547042
-547048
-547124
-547196
-547201
-547242
-547310
-547332
-547351
-547365
-547367
-547371
-547374
-547402
-547409
-547428
-547452
-547453
-547495
-547498
-547501
-547544
-547555
-547570
-547574
-547585
-547671
-547741
-547745
-547747
-547778
-547793
-547898
-547916
-547934
-547935
-548000
-548012
-548041
-548041
-548063
-548106
-548117
-548125
-548132
-548137
-548143
-548145
-548149
-548161
-548167
-548177
-548180
-548214
-548282
-548320
-548336
-548360
-548365
-548373
-548382
-548386
-548429
-548433
-548479
-548483
-548529
-548551
-548610
-548610
-548641
-548683
-548685
-548719
-548819
-548826
-548860
-548881
-548886
-548888
-548909
-548926
-548928
-548993
-549045
-549049
-549097
-549105
-549105
-549118
-549143
-549151
-549228
-549263
-549273
-549278
-549310
-549319
-549323
-549344
-549345
-549356
-549359
-549367
-549412
-549413
-549426
-549443
-549447
-549449
-549483
-549485
-549501
-549503
-549527
-549540
-549562
-549587
-549631
-549691
-549706
-549706
-549714
-549714
-549772
-549777
-549787
-549795
-549809
-549819
-549849
-549865
-549876
-549881
-549891
-549897
-549916
-549920
-549960
-549984
-549994
-550003
-550004
-550012
-550012
-550015
-550016
-550076
-550083
-550086
-550089
-550103
-550116
-550126
-550162
-550193
-550193
-550238
-550243
-550246
-550267
-550270
-550277
-550298
-550298
-550298
-550306
-550326
-550336
-550336
-550351
-550372
-550409
-550422
-550428
-550460
-550491
-550503
-550526
-550532
-550571
-550605
-550607
-550618
-550632
-550637
-550646
-550693
-550705
-550711
-550716
-550754
-550766
-550779
-550817
-550819
-550850
-550851
-550858
-550876
-550904
-550912
-550918
-550930
-550955
-551002
-551009
-551019
-551022
-551078
-551137
-551171
-551173
-551201
-551222
-551237
-551243
-551255
-551271
-551273
-551273
-551282
-551318
-551344
-551349
-551355
-551358
-551379
-551381
-551403
-551423
-551432
-551461
-551477
-551502
-551556
-551557
-551590
-551607
-551652
-551664
-551675
-551691
-551698
-551715
-551744
-551752
-551755
-551772
-551833
-551899
-551926
-551934
-551949
-551964
-552015
-552094
-552106
-552230
-552258
-552320
-552329
-552329
-552373
-552379
-552440
-552455
-552463
-552465
-552510
-552532
-552579
-552597
-552613
-552624
-552629
-552639
-552642
-552666
-552670
-552673
-552675
-552690
-552709
-552741
-552760
-552770
-552782
-552805
-552814
-552815
-552822
-552823
-552834
-552838
-552855
-552863
-552869
-552876
-552877
-552913
-552937
-552940
-552953
-552960
-552994
-553021
-553027
-553062
-553065
-553066
-553087
-553111
-553113
-553115
-553185
-553190
-553207
-553216
-553228
-553248
-553288
-553294
-553298
-553348
-553352
-553358
-553383
-553399
-553467
-553486
-553496
-553502
-553510
-553560
-553561
-553574
-553596
-553607
-553612
-553649
-553689
-553796
-553799
-553825
-553855
-553884
-553919
-553941
-553948
-553990
-554044
-554080
-554097
-554099
-554127
-554133
-554149
-554175
-554193
-554194
-554204
-554218
-554225
-554240
-554245
-554301
-554309
-554342
-554347
-554366
-554393
-554411
-554419
-554433
-554433
-554436
-554472
-554487
-554498
-554569
-554582
-554593
-554594
-554597
-554623
-554701
-554723
-554756
-554757
-554768
-554777
-554781
-554784
-554788
-554801
-554832
-554860
-554899
-554915
-554918
-554941
-554965
-555055
-555065
-555086
-555117
-555134
-555210
-555239
-555252
-555267
-555283
-555285
-555316
-555370
-555373
-555380
-555391
-555405
-555439
-555444
-555518
-555541
-555554
-555564
-555588
-555590
-555666
-555687
-555689
-555708
-555717
-555728
-555745
-555821
-555859
-555881
-555953
-555971
-556005
-556005
-556076
-556096
-556104
-556109
-556117
-556136
-556176
-556185
-556197
-556198
-556271
-556273
-556305
-556321
-556321
-556358
-556416
-556436
-556499
-556535
-556549
-556562
-556657
-556681
-556719
-556723
-556768
-556768
-556780
-556806
-556808
-556811
-556819
-556927
-556972
-556994
-556997
-557003
-557027
-557086
-557093
-557145
-557172
-557237
-557256
-557270
-557307
-557323
-557352
-557389
-557408
-557412
-557444
-557451
-557494
-557501
-557509
-557518
-557538
-557552
-557590
-557597
-557604
-557612
-557634
-557650
-557664
-557667
-557674
-557726
-557729
-557750
-557754
-557782
-557785
-557808
-557841
-557850
-557853
-557862
-557869
-557878
-557899
-557918
-557919
-557927
-557932
-557979
-557991
-558004
-558007
-558016
-558032
-558040
-558058
-558100
-558106
-558170
-558198
-558208
-558231
-558234
-558238
-558241
-558243
-558243
-558260
-558271
-558296
-558344
-558387
-558476
-558529
-558575
-558580
-558597
-558606
-558610
-558620
-558625
-558626
-558629
-558652
-558666
-558688
-558719
-558749
-558751
-558758
-558787
-558789
-558806
-558811
-558820
-558824
-558848
-558850
-558866
-558867
-558907
-558912
-558951
-558952
-558965
-558991
-558991
-559011
-559040
-559055
-559076
-559088
-559106
-559197
-559223
-559257
-559294
-559347
-559360
-559362
-559373
-559424
-559474
-559488
-559491
-559512
-559520
-559524
-559534
-559535
-559538
-559569
-559604
-559616
-559629
-559672
-559704
-559718
-559742
-559774
-559790
-559821
-559835
-559835
-559844
-559846
-559895
-559906
-559951
-559967
-559986
-560035
-560054
-560063
-560122
-560126
-560151
-560238
-560246
-560281
-560339
-560348
-560349
-560363
-560404
-560415
-560433
-560440
-560442
-560446
-560499
-560544
-560550
-560606
-560675
-560700
-560710
-560713
-560732
-560737
-560738
-560739
-560756
-560820
-560829
-560846
-560884
-560884
-560901
-560907
-560915
-560916
-560925
-560959
-560969
-560983
-560985
-560986
-561001
-561076
-561101
-561109
-561137
-561169
-561206
-561221
-561254
-561256
-561275
-561307
-561316
-561334
-561391
-561414
-561437
-561451
-561477
-561489
-561511
-561514
-561536
-561566
-561593
-561596
-561601
-561674
-561674
-561691
-561691
-561756
-561775
-561802
-561819
-561820
-561833
-561841
-561866
-561866
-561867
-561895
-561897
-561917
-561930
-561934
-561936
-561967
-561973
-561982
-562008
-562031
-562040
-562043
-562103
-562127
-562152
-562154
-562154
-562157
-562192
-562204
-562211
-562270
-562284
-562317
-562358
-562367
-562407
-562469
-562477
-562508
-562547
-562558
-562570
-562578
-562623
-562705
-562723
-562773
-562791
-562828
-562843
-562859
-562864
-562877
-562884
-562887
-562916
-562967
-562975
-562985
-562990
-562992
-563025
-563049
-563050
-563098
-563122
-563153
-563168
-563183
-563190
-563201
-563203
-563210
-563264
-563306
-563313
-563316
-563336
-563347
-563374
-563407
-563408
-563431
-563433
-563464
-563569
-563600
-563603
-563657
-563700
-563735
-563746
-563773
-563788
-563805
-563842
-563857
-563866
-563876
-563885
-563886
-563910
-563991
-563992
-564064
-564091
-564138
-564155
-564158
-564208
-564228
-564235
-564236
-564266
-564268
-564273
-564279
-564320
-564329
-564340
-564340
-564364
-564368
-564386
-564393
-564395
-564398
-564444
-564464
-564467
-564471
-564498
-564509
-564521
-564531
-564546
-564554
-564569
-564582
-564617
-564624
-564676
-564688
-564723
-564750
-564770
-564791
-564816
-564866
-564900
-564941
-564974
-564984
-564999
-565049
-565052
-565053
-565085
-565088
-565123
-565137
-565206
-565214
-565241
-565256
-565279
-565295
-565304
-565343
-565381
-565403
-565407
-565427
-565455
-565459
-565497
-565497
-565505
-565525
-565559
-565601
-565615
-565629
-565653
-565654
-565657
-565673
-565688
-565692
-565749
-565766
-565788
-565798
-565835
-565840
-565847
-565855
-565896
-565913
-565919
-565931
-565948
-565975
-565996
-566009
-566035
-566042
-566099
-566120
-566123
-566150
-566164
-566203
-566243
-566259
-566263
-566267
-566285
-566313
-566319
-566363
-566383
-566398
-566411
-566440
-566459
-566491
-566527
-566575
-566605
-566727
-566786
-566801
-566842
-566845
-566850
-566863
-566880
-566914
-566920
-566925
-566944
-566955
-567033
-567042
-567065
-567099
-567168
-567168
-567170
-567201
-567252
-567253
-567274
-567275
-567305
-567310
-567314
-567378
-567411
-567413
-567420
-567422
-567486
-567491
-567492
-567507
-567600
-567618
-567640
-567679
-567685
-567714
-567757
-567768
-567797
-567825
-567849
-567859
-567884
-567889
-567926
-567928
-567930
-568008
-568042
-568048
-568054
-568055
-568079
-568097
-568118
-568123
-568129
-568181
-568194
-568205
-568209
-568224
-568273
-568292
-568305
-568348
-568426
-568442
-568443
-568455
-568512
-568599
-568607
-568613
-568630
-568636
-568648
-568666
-568700
-568710
-568726
-568756
-568757
-568799
-568801
-568823
-568825
-568835
-568850
-568856
-568857
-568889
-568913
-568952
-568981
-568987
-568993
-569017
-569048
-569086
-569090
-569128
-569144
-569211
-569218
-569230
-569235
-569335
-569344
-569353
-569376
-569392
-569405
-569408
-569421
-569495
-569502
-569576
-569610
-569635
-569662
-569670
-569735
-569755
-569767
-569781
-569837
-569844
-569848
-569865
-569873
-569875
-569884
-569893
-569899
-569941
-569941
-569946
-569966
-569978
-569985
-570015
-570027
-570050
-570051
-570055
-570072
-570079
-570111
-570121
-570131
-570139
-570146
-570176
-570184
-570187
-570279
-570284
-570304
-570314
-570383
-570386
-570403
-570441
-570469
-570508
-570509
-570538
-570574
-570590
-570610
-570621
-570642
-570643
-570674
-570680
-570682
-570762
-570787
-570814
-570828
-570844
-570893
-570904
-570925
-570948
-570968
-570973
-570982
-571019
-571042
-571044
-571044
-571059
-571104
-571116
-571150
-571187
-571217
-571251
-571254
-571267
-571268
-571296
-571328
-571330
-571337
-571352
-571357
-571374
-571389
-571396
-571419
-571428
-571484
-571532
-571542
-571546
-571569
-571587
-571601
-571615
-571621
-571641
-571655
-571692
-571720
-571743
-571779
-571789
-571797
-571837
-571843
-571847
-571857
-571916
-571926
-571933
-571972
-572002
-572028
-572038
-572057
-572057
-572157
-572164
-572225
-572285
-572299
-572301
-572427
-572433
-572503
-572522
-572548
-572567
-572575
-572599
-572629
-572634
-572660
-572663
-572664
-572671
-572673
-572677
-572700
-572703
-572712
-572717
-572732
-572745
-572774
-572796
-572809
-572824
-572824
-572844
-572892
-572898
-572906
-572932
-572940
-572961
-572966
-572977
-572991
-573004
-573020
-573052
-573053
-573062
-573068
-573071
-573096
-573099
-573154
-573156
-573174
-573228
-573238
-573287
-573288
-573292
-573295
-573318
-573329
-573338
-573339
-573362
-573408
-573413
-573439
-573508
-573541
-573556
-573570
-573581
-573610
-573623
-573629
-573630
-573674
-573720
-573736
-573744
-573792
-573796
-573835
-573871
-573889
-573897
-573898
-573921
-573926
-573933
-573935
-573957
-574011
-574072
-574073
-574117
-574118
-574135
-574234
-574248
-574260
-574319
-574321
-574328
-574345
-574403
-574417
-574420
-574421
-574466
-574466
-574503
-574534
-574564
-574583
-574619
-574633
-574636
-574650
-574670
-574676
-574695
-574716
-574738
-574801
-574832
-574865
-574870
-574918
-574920
-575038
-575066
-575090
-575102
-575168
-575179
-575193
-575204
-575242
-575242
-575249
-575267
-575270
-575271
-575280
-575298
-575327
-575346
-575367
-575408
-575422
-575434
-575476
-575489
-575519
-575546
-575594
-575614
-575622
-575630
-575649
-575670
-575687
-575711
-575726
-575728
-575770
-575774
-575781
-575805
-575813
-575841
-575893
-575925
-575968
-575996
-576012
-576050
-576082
-576174
-576185
-576195
-576221
-576231
-576235
-576246
-576258
-576278
-576294
-576377
-576397
-576400
-576420
-576431
-576439
-576507
-576508
-576517
-576530
-576573
-576626
-576653
-576670
-576689
-576709
-576731
-576807
-576810
-576812
-576820
-576865
-576870
-576877
-576877
-576882
-576889
-576894
-576901
-576927
-576933
-576972
-576972
-576978
-576982
-576991
-577037
-577047
-577063
-577124
-577125
-577130
-577182
-577201
-577201
-577218
-577229
-577247
-577289
-577291
-577331
-577343
-577467
-577468
-577471
-577500
-577538
-577547
-577563
-577571
-577593
-577619
-577645
-577654
-577687
-577714
-577717
-577726
-577736
-577741
-577745
-577754
-577757
-577759
-577770
-577817
-577818
-577830
-577848
-577860
-577910
-577912
-577935
-577936
-577952
-577953
-577958
-577978
-578030
-578077
-578119
-578127
-578132
-578142
-578149
-578246
-578253
-578303
-578304
-578353
-578370
-578386
-578389
-578463
-578483
-578506
-578521
-578553
-578554
-578561
-578591
-578593
-578595
-578607
-578628
-578658
-578667
-578693
-578696
-578732
-578741
-578768
-578778
-578793
-578833
-578861
-578875
-578885
-578906
-578928
-578941
-578949
-578969
-578971
-578979
-578990
-578993
-579032
-579044
-579046
-579053
-579068
-579088
-579100
-579120
-579128
-579137
-579159
-579218
-579236
-579273
-579292
-579294
-579311
-579315
-579323
-579351
-579376
-579404
-579424
-579449
-579487
-579506
-579521
-579531
-579544
-579556
-579583
-579586
-579595
-579603
-579610
-579612
-579639
-579643
-579672
-579705
-579713
-579727
-579743
-579764
-579767
-579768
-579774
-579802
-579832
-579860
-579870
-579885
-579928
-580077
-580107
-580109
-580137
-580140
-580154
-580156
-580160
-580161
-580199
-580251
-580271
-580287
-580367
-580374
-580375
-580428
-580438
-580483
-580496
-580523
-580547
-580606
-580641
-580646
-580654
-580672
-580732
-580775
-580817
-580818
-580839
-580842
-580859
-580877
-580906
-580921
-580932
-580934
-580949
-580950
-580966
-580968
-580970
-581000
-581009
-581061
-581147
-581183
-581191
-581193
-581215
-581221
-581281
-581326
-581329
-581386
-581393
-581474
-581491
-581495
-581501
-581510
-581514
-581531
-581531
-581556
-581595
-581599
-581608
-581633
-581656
-581659
-581673
-581696
-581703
-581708
-581711
-581807
-581812
-581852
-581900
-581907
-581916
-581928
-582001
-582004
-582053
-582087
-582089
-582107
-582108
-582113
-582134
-582169
-582173
-582179
-582189
-582209
-582243
-582270
-582271
-582344
-582349
-582351
-582354
-582363
-582385
-582438
-582493
-582495
-582509
-582539
-582545
-582558
-582572
-582645
-582656
-582657
-582677
-582685
-582719
-582727
-582732
-582741
-582764
-582797
-582819
-582824
-582830
-582830
-582857
-582861
-582861
-582871
-582872
-582878
-582885
-582898
-582898
-582923
-582944
-582963
-582976
-582987
-582999
-583027
-583050
-583061
-583094
-583121
-583149
-583166
-583167
-583169
-583181
-583212
-583213
-583218
-583227
-583303
-583305
-583327
-583352
-583364
-583384
-583409
-583410
-583415
-583440
-583467
-583516
-583545
-583574
-583590
-583611
-583647
-583672
-583682
-583704
-583719
-583841
-583862
-583890
-583894
-583895
-583929
-583935
-583947
-583960
-583972
-583986
-584049
-584053
-584064
-584081
-584100
-584119
-584121
-584137
-584144
-584152
-584216
-584218
-584231
-584246
-584260
-584266
-584277
-584279
-584325
-584367
-584373
-584385
-584398
-584456
-584459
-584460
-584495
-584547
-584574
-584637
-584656
-584671
-584680
-584719
-584721
-584758
-584762
-584768
-584777
-584785
-584815
-584818
-584851
-584853
-584893
-584952
-584957
-584964
-584971
-584983
-584985
-584997
-585007
-585011
-585016
-585032
-585052
-585099
-585105
-585122
-585164
-585177
-585189
-585194
-585213
-585223
-585234
-585244
-585254
-585255
-585272
-585297
-585300
-585300
-585310
-585313
-585343
-585352
-585363
-585419
-585439
-585474
-585477
-585487
-585498
-585525
-585527
-585562
-585565
-585607
-585621
-585647
-585664
-585724
-585792
-585806
-585833
-585846
-585862
-585873
-585880
-585896
-585907
-585931
-585932
-585975
-586003
-586007
-586156
-586159
-586165
-586166
-586169
-586226
-586235
-586241
-586253
-586282
-586302
-586302
-586319
-586325
-586348
-586349
-586351
-586371
-586386
-586408
-586417
-586422
-586426
-586433
-586436
-586448
-586469
-586480
-586498
-586501
-586533
-586535
-586542
-586561
-586574
-586602
-586672
-586673
-586674
-586677
-586678
-586683
-586686
-586705
-586727
-586732
-586744
-586754
-586754
-586789
-586796
-586805
-586812
-586813
-586821
-586847
-586870
-586870
-586890
-586901
-586915
-586916
-586956
-586981
-586991
-587078
-587155
-587167
-587174
-587237
-587248
-587252
-587286
-587308
-587320
-587323
-587330
-587418
-587472
-587479
-587492
-587495
-587545
-587547
-587573
-587608
-587625
-587626
-587646
-587676
-587699
-587710
-587723
-587724
-587728
-587731
-587795
-587806
-587817
-587826
-587841
-587844
-587889
-587924
-587928
-587933
-587936
-587956
-587956
-587975
-587979
-587987
-587997
-588014
-588038
-588040
-588045
-588079
-588100
-588117
-588190
-588203
-588218
-588239
-588242
-588251
-588305
-588340
-588352
-588373
-588421
-588426
-588429
-588463
-588518
-588531
-588545
-588570
-588634
-588640
-588665
-588709
-588713
-588750
-588760
-588782
-588786
-588804
-588811
-588822
-588832
-588840
-588847
-588874
-588938
-588948
-588950
-588955
-588968
-589019
-589026
-589038
-589050
-589065
-589081
-589081
-589082
-589094
-589102
-589127
-589136
-589154
-589158
-589164
-589251
-589294
-589312
-589320
-589419
-589487
-589559
-589576
-589595
-589612
-589628
-589633
-589637
-589648
-589657
-589686
-589693
-589704
-589720
-589727
-589752
-589754
-589762
-589767
-589835
-589890
-589898
-589898
-589909
-589911
-589937
-590022
-590025
-590068
-590096
-590119
-590121
-590132
-590154
-590199
-590211
-590217
-590233
-590236
-590268
-590289
-590379
-590380
-590422
-590437
-590437
-590491
-590494
-590510
-590521
-590555
-590564
-590567
-590584
-590595
-590623
-590626
-590633
-590638
-590650
-590692
-590709
-590737
-590753
-590753
-590803
-590817
-590850
-590869
-590914
-590923
-590936
-590938
-590943
-590945
-590958
-590975
-591005
-591009
-591029
-591035
-591047
-591142
-591150
-591155
-591158
-591186
-591192
-591202
-591203
-591231
-591233
-591246
-591265
-591292
-591311
-591350
-591361
-591410
-591417
-591432
-591452
-591453
-591458
-591483
-591499
-591509
-591510
-591530
-591599
-591617
-591631
-591633
-591654
-591664
-591675
-591676
-591704
-591742
-591795
-591800
-591807
-591822
-591825
-591880
-591908
-591911
-591912
-591990
-591991
-591993
-591998
-592008
-592010
-592043
-592078
-592154
-592155
-592157
-592167
-592170
-592185
-592185
-592228
-592239
-592241
-592268
-592285
-592306
-592314
-592317
-592337
-592343
-592343
-592348
-592351
-592363
-592369
-592383
-592497
-592499
-592529
-592532
-592534
-592549
-592560
-592565
-592569
-592586
-592592
-592599
-592660
-592699
-592744
-592745
-592750
-592786
-592790
-592861
-592864
-592883
-592886
-592899
-592957
-592988
-593052
-593053
-593068
-593091
-593114
-593119
-593132
-593141
-593153
-593183
-593212
-593230
-593230
-593247
-593253
-593257
-593266
-593322
-593325
-593337
-593339
-593341
-593385
-593386
-593414
-593436
-593448
-593454
-593462
-593484
-593532
-593569
-593576
-593599
-593609
-593629
-593636
-593648
-593678
-593719
-593737
-593758
-593785
-593787
-593815
-593826
-593862
-593881
-593886
-593896
-593911
-593929
-593933
-593949
-593974
-594004
-594014
-594041
-594059
-594064
-594076
-594082
-594099
-594122
-594126
-594131
-594189
-594203
-594248
-594282
-594309
-594316
-594336
-594376
-594377
-594391
-594397
-594398
-594402
-594439
-594450
-594453
-594486
-594489
-594526
-594540
-594550
-594557
-594557
-594558
-594565
-594566
-594608
-594646
-594710
-594723
-594753
-594781
-594799
-594828
-594844
-594878
-594887
-594898
-594934
-594979
-595001
-595043
-595058
-595088
-595094
-595101
-595128
-595148
-595150
-595152
-595156
-595166
-595249
-595276
-595313
-595326
-595329
-595360
-595367
-595396
-595448
-595452
-595464
-595479
-595479
-595500
-595553
-595555
-595595
-595599
-595621
-595632
-595649
-595659
-595676
-595693
-595716
-595737
-595752
-595774
-595820
-595823
-595844
-595860
-595874
-595877
-595959
-595976
-595977
-595978
-595983
-596093
-596105
-596110
-596114
-596122
-596139
-596158
-596159
-596167
-596170
-596174
-596192
-596217
-596232
-596241
-596251
-596265
-596267
-596278
-596281
-596329
-596385
-596415
-596439
-596443
-596451
-596557
-596562
-596596
-596633
-596660
-596689
-596738
-596743
-596766
-596767
-596792
-596797
-596798
-596810
-596850
-596873
-596877
-596880
-596912
-596913
-596958
-596963
-596985
-596998
-597018
-597031
-597041
-597042
-597048
-597054
-597062
-597085
-597092
-597097
-597103
-597124
-597145
-597148
-597178
-597197
-597224
-597249
-597284
-597286
-597294
-597312
-597339
-597395
-597400
-597412
-597429
-597438
-597459
-597483
-597489
-597537
-597578
-597641
-597643
-597682
-597688
-597757
-597780
-597820
-597837
-597863
-597899
-597903
-597925
-597952
-597971
-597990
-597995
-598008
-598019
-598059
-598081
-598101
-598126
-598159
-598193
-598233
-598234
-598249
-598277
-598292
-598304
-598312
-598323
-598330
-598334
-598356
-598359
-598359
-598366
-598379
-598385
-598401
-598423
-598436
-598450
-598461
-598547
-598564
-598574
-598613
-598635
-598655
-598676
-598698
-598765
-598795
-598798
-598810
-598815
-598865
-598870
-598877
-598899
-598905
-598913
-598914
-598920
-598920
-598932
-598937
-598967
-599005
-599033
-599038
-599072
-599133
-599172
-599190
-599192
-599202
-599223
-599229
-599247
-599253
-599263
-599294
-599300
-599332
-599358
-599373
-599442
-599446
-599463
-599470
-599485
-599487
-599512
-599537
-599638
-599650
-599656
-599688
-599695
-599711
-599738
-599745
-599764
-599793
-599811
-599822
-599962
-599963
-599969
-599982
-600002
-600041
-600049
-600071
-600071
-600098
-600150
-600186
-600188
-600221
-600244
-600255
-600274
-600295
-600302
-600305
-600316
-600338
-600338
-600381
-600418
-600450
-600462
-600511
-600522
-600555
-600556
-600562
-600584
-600585
-600659
-600673
-600676
-600722
-600735
-600739
-600754
-600759
-600764
-600772
-600820
-600825
-600828
-600859
-600860
-600884
-600885
-600936
-600951
-600953
-600983
-601020
-601020
-601038
-601043
-601060
-601084
-601085
-601085
-601112
-601138
-601178
-601194
-601210
-601216
-601236
-601277
-601282
-601293
-601320
-601354
-601359
-601368
-601369
-601370
-601379
-601384
-601399
-601407
-601417
-601440
-601445
-601458
-601463
-601480
-601507
-601514
-601526
-601528
-601572
-601582
-601653
-601661
-601662
-601723
-601734
-601738
-601750
-601751
-601780
-601812
-601819
-601873
-601893
-601942
-601956
-601989
-602010
-602041
-602044
-602110
-602131
-602155
-602162
-602234
-602261
-602318
-602323
-602341
-602344
-602348
-602379
-602395
-602398
-602420
-602424
-602433
-602443
-602454
-602487
-602521
-602581
-602607
-602612
-602647
-602706
-602714
-602736
-602744
-602761
-602784
-602790
-602835
-602847
-602869
-602871
-602921
-602925
-602971
-603011
-603030
-603048
-603064
-603075
-603076
-603076
-603081
-603130
-603148
-603175
-603189
-603204
-603216
-603217
-603237
-603310
-603346
-603348
-603349
-603385
-603406
-603460
-603570
-603575
-603587
-603605
-603630
-603643
-603648
-603655
-603657
-603675
-603720
-603730
-603757
-603780
-603836
-603843
-603852
-603862
-603864
-603875
-603898
-603955
-603975
-603976
-604001
-604029
-604056
-604115
-604126
-604127
-604143
-604182
-604199
-604204
-604292
-604297
-604304
-604316
-604336
-604342
-604353
-604359
-604376
-604443
-604456
-604470
-604483
-604541
-604559
-604577
-604583
-604591
-604606
-604631
-604654
-604676
-604680
-604691
-604702
-604713
-604721
-604731
-604739
-604741
-604757
-604760
-604768
-604780
-604790
-604792
-604804
-604808
-604851
-604911
-604923
-604943
-604964
-604970
-604983
-605019
-605024
-605032
-605060
-605071
-605077
-605079
-605101
-605113
-605114
-605119
-605121
-605162
-605170
-605185
-605201
-605226
-605253
-605276
-605306
-605338
-605349
-605350
-605394
-605409
-605422
-605426
-605437
-605490
-605495
-605537
-605542
-605570
-605590
-605597
-605613
-605613
-605645
-605660
-605700
-605701
-605722
-605723
-605793
-605804
-605806
-605843
-605843
-605856
-605861
-605893
-605894
-605900
-605926
-605928
-605944
-605954
-605977
-606001
-606038
-606076
-606091
-606092
-606092
-606109
-606136
-606149
-606225
-606238
-606263
-606290
-606315
-606358
-606365
-606370
-606380
-606404
-606415
-606467
-606470
-606471
-606573
-606583
-606605
-606639
-606654
-606706
-606713
-606722
-606730
-606741
-606743
-606766
-606772
-606779
-606783
-606799
-606809
-606839
-606840
-606844
-606871
-606893
-606894
-606917
-606922
-606953
-606961
-606975
-607032
-607049
-607070
-607082
-607083
-607129
-607141
-607147
-607207
-607225
-607248
-607251
-607358
-607377
-607396
-607406
-607419
-607443
-607443
-607452
-607466
-607540
-607601
-607605
-607611
-607649
-607675
-607689
-607690
-607700
-607717
-607737
-607763
-607772
-607788
-607789
-607800
-607819
-607851
-607856
-607861
-607877
-607881
-607882
-607918
-607931
-607948
-608010
-608023
-608041
-608050
-608056
-608149
-608206
-608232
-608252
-608252
-608262
-608266
-608285
-608320
-608326
-608405
-608410
-608415
-608445
-608461
-608464
-608466
-608515
-608518
-608532
-608550
-608581
-608599
-608617
-608624
-608670
-608710
-608730
-608732
-608740
-608780
-608805
-608855
-608855
-608858
-608876
-608881
-608887
-608892
-608912
-608916
-608930
-608982
-609026
-609031
-609075
-609106
-609124
-609132
-609156
-609203
-609208
-609251
-609291
-609308
-609326
-609388
-609464
-609484
-609528
-609558
-609577
-609630
-609675
-609694
-609714
-609734
-609738
-609802
-609828
-609831
-609832
-609847
-609854
-609868
-609894
-609898
-609914
-609940
-609978
-609993
-610010
-610038
-610055
-610060
-610094
-610113
-610148
-610154
-610161
-610168
-610191
-610211
-610257
-610269
-610325
-610348
-610367
-610404
-610410
-610424
-610424
-610455
-610464
-610465
-610489
-610521
-610528
-610602
-610646
-610653
-610669
-610722
-610734
-610737
-610761
-610804
-610809
-610838
-610858
-610918
-610931
-610976
-610997
-611009
-611027
-611037
-611080
-611135
-611148
-611152
-611167
-611204
-611229
-611230
-611265
-611290
-611318
-611322
-611353
-611413
-611464
-611472
-611478
-611503
-611535
-611539
-611539
-611596
-611603
-611604
-611617
-611619
-611641
-611650
-611654
-611658
-611687
-611687
-611713
-611751
-611771
-611775
-611798
-611809
-611829
-611835
-611850
-611851
-611930
-611934
-611952
-611966
-611988
-611997
-611999
-612001
-612010
-612041
-612066
-612082
-612085
-612133
-612171
-612191
-612206
-612210
-612219
-612279
-612279
-612298
-612372
-612381
-612417
-612430
-612447
-612482
-612493
-612501
-612561
-612566
-612576
-612589
-612593
-612656
-612674
-612685
-612686
-612750
-612750
-612758
-612812
-612812
-612814
-612831
-612844
-612863
-612885
-612904
-612924
-612931
-612935
-612989
-612996
-613002
-613012
-613040
-613098
-613113
-613113
-613124
-613131
-613131
-613147
-613167
-613177
-613183
-613184
-613191
-613227
-613236
-613263
-613331
-613381
-613382
-613394
-613400
-613400
-613468
-613490
-613491
-613587
-613602
-613612
-613663
-613678
-613690
-613710
-613732
-613742
-613742
-613812
-613823
-613832
-613924
-613936
-613944
-614005
-614021
-614032
-614044
-614082
-614106
-614115
-614150
-614180
-614181
-614195
-614199
-614203
-614205
-614216
-614233
-614244
-614256
-614278
-614312
-614327
-614351
-614374
-614379
-614382
-614388
-614389
-614390
-614425
-614448
-614479
-614514
-614557
-614560
-614599
-614604
-614626
-614635
-614649
-614668
-614670
-614685
-614701
-614713
-614728
-614744
-614750
-614776
-614787
-614833
-614835
-614841
-614894
-614919
-614929
-614932
-614945
-614994
-615042
-615053
-615055
-615067
-615078
-615086
-615089
-615132
-615148
-615154
-615190
-615214
-615220
-615233
-615278
-615289
-615292
-615293
-615296
-615314
-615348
-615396
-615402
-615404
-615418
-615439
-615461
-615489
-615498
-615504
-615520
-615523
-615532
-615536
-615545
-615570
-615593
-615601
-615675
-615693
-615697
-615698
-615871
-615888
-615904
-615924
-615932
-615953
-615967
-616017
-616061
-616068
-616124
-616126
-616138
-616200
-616202
-616204
-616222
-616241
-616249
-616277
-616277
-616293
-616297
-616320
-616321
-616389
-616398
-616399
-616400
-616411
-616422
-616437
-616473
-616485
-616541
-616557
-616597
-616602
-616607
-616625
-616645
-616710
-616711
-616729
-616758
-616771
-616839
-616854
-616862
-616896
-616918
-616921
-616934
-616935
-616962
-616996
-617025
-617031
-617060
-617074
-617093
-617112
-617116
-617140
-617143
-617179
-617195
-617207
-617227
-617276
-617307
-617387
-617404
-617406
-617417
-617439
-617473
-617478
-617505
-617546
-617572
-617577
-617577
-617650
-617691
-617702
-617708
-617709
-617719
-617735
-617764
-617789
-617790
-617806
-617822
-617827
-617831
-617840
-617850
-617884
-617922
-618027
-618043
-618059
-618070
-618075
-618086
-618101
-618101
-618103
-618113
-618121
-618139
-618139
-618162
-618209
-618219
-618232
-618248
-618305
-618318
-618355
-618372
-618376
-618391
-618428
-618458
-618512
-618512
-618514
-618560
-618566
-618573
-618576
-618591
-618596
-618622
-618630
-618637
-618650
-618652
-618654
-618701
-618711
-618733
-618740
-618770
-618795
-618805
-618810
-618812
-618813
-618816
-618817
-618837
-618840
-618905
-618917
-618936
-618951
-618955
-618959
-618975
-618992
-619012
-619013
-619022
-619055
-619071
-619073
-619075
-619098
-619106
-619106
-619119
-619125
-619133
-619140
-619160
-619164
-619185
-619191
-619194
-619207
-619224
-619276
-619283
-619283
-619286
-619313
-619320
-619334
-619357
-619389
-619393
-619408
-619416
-619451
-619491
-619561
-619579
-619650
-619663
-619672
-619728
-619742
-619764
-619776
-619785
-619835
-619845
-619895
-619897
-619898
-619933
-619974
-619983
-619990
-619999
-620003
-620009
-620013
-620029
-620040
-620048
-620067
-620099
-620101
-620109
-620117
-620145
-620199
-620204
-620230
-620283
-620304
-620311
-620320
-620328
-620361
-620375
-620376
-620401
-620405
-620439
-620456
-620460
-620493
-620551
-620598
-620609
-620613
-620616
-620638
-620721
-620721
-620740
-620746
-620761
-620777
-620792
-620795
-620803
-620826
-620830
-620842
-620874
-620918
-621004
-621039
-621066
-621077
-621084
-621155
-621166
-621171
-621185
-621192
-621210
-621217
-621265
-621277
-621290
-621380
-621382
-621403
-621464
-621474
-621483
-621544
-621544
-621551
-621576
-621594
-621622
-621625
-621627
-621664
-621677
-621689
-621741
-621761
-621789
-621816
-621831
-621845
-621853
-621861
-621863
-621871
-621876
-621891
-621928
-621950
-621985
-621989
-621999
-622016
-622018
-622053
-622099
-622114
-622114
-622130
-622136
-622144
-622178
-622212
-622314
-622351
-622364
-622400
-622410
-622488
-622504
-622534
-622545
-622566
-622585
-622585
-622604
-622608
-622619
-622622
-622650
-622688
-622744
-622783
-622835
-622882
-622894
-622917
-622952
-622979
-622980
-623019
-623041
-623047
-623052
-623061
-623068
-623083
-623086
-623104
-623128
-623159
-623179
-623240
-623285
-623285
-623309
-623326
-623355
-623366
-623465
-623465
-623468
-623476
-623521
-623528
-623543
-623548
-623565
-623602
-623618
-623656
-623684
-623701
-623730
-623778
-623790
-623807
-623824
-623916
-623926
-623947
-623956
-624013
-624014
-624059
-624100
-624140
-624158
-624190
-624211
-624211
-624244
-624249
-624263
-624264
-624283
-624332
-624361
-624387
-624425
-624439
-624449
-624460
-624462
-624502
-624506
-624540
-624544
-624549
-624578
-624580
-624613
-624628
-624633
-624649
-624652
-624654
-624658
-624660
-624678
-624686
-624710
-624714
-624748
-624757
-624777
-624810
-624858
-624870
-624894
-624939
-624945
-624950
-624973
-624977
-624981
-624994
-624999
-625044
-625064
-625075
-625121
-625124
-625134
-625150
-625156
-625210
-625213
-625225
-625302
-625311
-625311
-625329
-625331
-625334
-625354
-625355
-625371
-625378
-625397
-625435
-625456
-625460
-625478
-625496
-625505
-625623
-625644
-625656
-625685
-625697
-625698
-625710
-625712
-625720
-625722
-625767
-625774
-625786
-625817
-625820
-625891
-625903
-625913
-625913
-625959
-625964
-626017
-626070
-626077
-626115
-626166
-626240
-626253
-626259
-626294
-626297
-626312
-626407
-626453
-626485
-626562
-626597
-626626
-626627
-626663
-626682
-626703
-626707
-626708
-626792
-626820
-626844
-626879
-626881
-626889
-626947
-626969
-626973
-626993
-626993
-626998
-627033
-627049
-627064
-627070
-627088
-627089
-627089
-627130
-627173
-627205
-627249
-627276
-627327
-627338
-627339
-627349
-627355
-627371
-627406
-627412
-627426
-627446
-627447
-627479
-627502
-627516
-627518
-627533
-627538
-627564
-627592
-627593
-627602
-627615
-627620
-627623
-627649
-627680
-627695
-627751
-627760
-627815
-627829
-627862
-627894
-627896
-627935
-627939
-627945
-627946
-627948
-627986
-627991
-628053
-628155
-628175
-628200
-628211
-628212
-628228
-628229
-628233
-628269
-628327
-628368
-628390
-628407
-628426
-628450
-628459
-628463
-628500
-628575
-628586
-628611
-628637
-628642
-628649
-628669
-628699
-628700
-628716
-628773
-628774
-628780
-628825
-628836
-628856
-628865
-628884
-628888
-628890
-628902
-628927
-628960
-628965
-628986
-628997
-629030
-629065
-629077
-629133
-629161
-629169
-629187
-629218
-629232
-629261
-629277
-629281
-629293
-629318
-629321
-629331
-629337
-629349
-629357
-629451
-629453
-629455
-629463
-629469
-629478
-629498
-629585
-629614
-629622
-629636
-629661
-629678
-629697
-629697
-629723
-629728
-629760
-629782
-629830
-629863
-629884
-629923
-629928
-629940
-629941
-629953
-629956
-630019
-630047
-630051
-630077
-630085
-630088
-630088
-630091
-630095
-630164
-630173
-630198
-630208
-630228
-630245
-630253
-630270
-630275
-630321
-630356
-630393
-630394
-630406
-630415
-630437
-630458
-630464
-630499
-630572
-630574
-630590
-630610
-630627
-630635
-630645
-630680
-630684
-630703
-630725
-630752
-630812
-630813
-630836
-630868
-630872
-630875
-630892
-631054
-631061
-631068
-631078
-631121
-631136
-631154
-631165
-631173
-631186
-631189
-631197
-631249
-631301
-631303
-631310
-631310
-631322
-631328
-631333
-631370
-631375
-631407
-631412
-631482
-631487
-631521
-631566
-631575
-631586
-631587
-631665
-631684
-631693
-631700
-631740
-631750
-631756
-631769
-631788
-631813
-631817
-631820
-631853
-631859
-631906
-631908
-631917
-631925
-631926
-631955
-632000
-632029
-632030
-632050
-632075
-632096
-632098
-632102
-632161
-632169
-632180
-632182
-632185
-632196
-632212
-632218
-632221
-632238
-632253
-632256
-632269
-632295
-632296
-632303
-632320
-632374
-632384
-632426
-632439
-632454
-632557
-632567
-632581
-632583
-632625
-632654
-632682
-632719
-632729
-632749
-632760
-632762
-632791
-632803
-632832
-632883
-632892
-632922
-632934
-632941
-632946
-632963
-633024
-633026
-633035
-633055
-633090
-633091
-633099
-633161
-633162
-633163
-633167
-633177
-633193
-633199
-633201
-633231
-633237
-633249
-633274
-633282
-633294
-633316
-633322
-633340
-633382
-633398
-633423
-633429
-633429
-633450
-633513
-633513
-633514
-633534
-633583
-633616
-633618
-633631
-633640
-633640
-633652
-633670
-633691
-633692
-633752
-633797
-633815
-633816
-633817
-633820
-633831
-633836
-633895
-633901
-633917
-633925
-633925
-633943
-633970
-633984
-633996
-634068
-634116
-634170
-634204
-634232
-634264
-634269
-634287
-634305
-634332
-634338
-634364
-634381
-634390
-634416
-634447
-634462
-634474
-634575
-634583
-634618
-634700
-634726
-634770
-634803
-634811
-634827
-634846
-634876
-634928
-634933
-634942
-634942
-634956
-634957
-634970
-635027
-635029
-635106
-635133
-635137
-635141
-635172
-635179
-635217
-635256
-635259
-635327
-635344
-635416
-635439
-635468
-635469
-635469
-635474
-635476
-635501
-635525
-635549
-635632
-635672
-635675
-635683
-635698
-635732
-635746
-635758
-635770
-635841
-635841
-635869
-635875
-635881
-636004
-636035
-636057
-636062
-636065
-636071
-636080
-636116
-636143
-636199
-636236
-636247
-636266
-636289
-636303
-636308
-636375
-636413
-636426
-636434
-636438
-636443
-636514
-636543
-636704
-636738
-636745
-636758
-636766
-636767
-636776
-636839
-636864
-636881
-636904
-636936
-636962
-636993
-637017
-637022
-637042
-637043
-637060
-637082
-637085
-637101
-637130
-637137
-637172
-637191
-637202
-637213
-637215
-637216
-637280
-637336
-637338
-637341
-637341
-637347
-637371
-637375
-637382
-637397
-637401
-637445
-637451
-637453
-637512
-637559
-637586
-637625
-637649
-637654
-637656
-637657
-637664
-637701
-637709
-637727
-637737
-637746
-637746
-637746
-637764
-637780
-637842
-637842
-637856
-637856
-637858
-637859
-637873
-637932
-637978
-638002
-638011
-638031
-638052
-638064
-638125
-638158
-638187
-638201
-638203
-638214
-638227
-638255
-638299
-638299
-638343
-638350
-638449
-638462
-638476
-638503
-638509
-638511
-638536
-638538
-638550
-638554
-638564
-638576
-638585
-638597
-638604
-638608
-638625
-638625
-638633
-638646
-638648
-638650
-638652
-638666
-638669
-638669
-638701
-638721
-638724
-638728
-638748
-638804
-638814
-638950
-638968
-638972
-638980
-638992
-639021
-639048
-639072
-639079
-639082
-639096
-639099
-639196
-639202
-639227
-639268
-639280
-639293
-639308
-639320
-639351
-639375
-639390
-639411
-639469
-639479
-639487
-639535
-639555
-639566
-639669
-639750
-639839
-639856
-639866
-639998
-640005
-640024
-640087
-640090
-640091
-640105
-640128
-640167
-640172
-640181
-640224
-640269
-640272
-640365
-640384
-640414
-640423
-640431
-640440
-640441
-640442
-640446
-640485
-640486
-640497
-640533
-640560
-640613
-640621
-640636
-640636
-640637
-640643
-640717
-640752
-640782
-640783
-640784
-640864
-640867
-640884
-640887
-640910
-640916
-640972
-641000
-641022
-641055
-641060
-641073
-641138
-641154
-641184
-641219
-641256
-641294
-641335
-641369
-641377
-641391
-641421
-641422
-641452
-641495
-641503
-641548
-641584
-641599
-641656
-641657
-641658
-641669
-641702
-641716
-641723
-641776
-641786
-641795
-641812
-641814
-641839
-641849
-641857
-641880
-641889
-641907
-641930
-641960
-642001
-642042
-642060
-642086
-642092
-642109
-642111
-642147
-642148
-642152
-642166
-642199
-642200
-642211
-642222
-642281
-642291
-642318
-642318
-642326
-642425
-642425
-642449
-642453
-642467
-642502
-642517
-642583
-642617
-642651
-642666
-642672
-642682
-642690
-642692
-642698
-642701
-642717
-642718
-642724
-642741
-642763
-642769
-642787
-642788
-642790
-642797
-642813
-642834
-642851
-642861
-642862
-642870
-642884
-642937
-642946
-642946
-642955
-642955
-642965
-643021
-643053
-643059
-643083
-643118
-643163
-643212
-643219
-643249
-643283
-643295
-643332
-643340
-643380
-643383
-643405
-643439
-643467
-643484
-643488
-643513
-643531
-643545
-643585
-643627
-643631
-643646
-643653
-643713
-643726
-643772
-643800
-643808
-643828
-643842
-643853
-643858
-643885
-643905
-643925
-643943
-643951
-643974
-643987
-644007
-644009
-644014
-644014
-644015
-644048
-644081
-644101
-644110
-644110
-644123
-644135
-644148
-644148
-644158
-644191
-644225
-644236
-644241
-644248
-644249
-644268
-644294
-644327
-644349
-644366
-644382
-644391
-644400
-644423
-644446
-644471
-644495
-644539
-644574
-644616
-644625
-644635
-644650
-644669
-644676
-644682
-644732
-644740
-644787
-644794
-644843
-644896
-644900
-644917
-644926
-644963
-644977
-644987
-645001
-645027
-645058
-645063
-645075
-645080
-645092
-645093
-645096
-645114
-645167
-645198
-645198
-645224
-645231
-645241
-645269
-645286
-645301
-645308
-645335
-645387
-645416
-645422
-645454
-645467
-645481
-645516
-645573
-645583
-645636
-645650
-645662
-645678
-645693
-645715
-645722
-645735
-645739
-645742
-645784
-645816
-645831
-645848
-645860
-645907
-645923
-645942
-645956
-645959
-645981
-646017
-646097
-646228
-646273
-646286
-646334
-646335
-646339
-646341
-646347
-646362
-646363
-646369
-646379
-646385
-646422
-646434
-646439
-646441
-646467
-646471
-646489
-646492
-646501
-646574
-646586
-646595
-646610
-646636
-646646
-646698
-646698
-646709
-646720
-646754
-646772
-646800
-646821
-646843
-646877
-646894
-646919
-646978
-647068
-647068
-647081
-647096
-647105
-647110
-647112
-647127
-647128
-647135
-647146
-647152
-647159
-647174
-647190
-647196
-647198
-647234
-647235
-647236
-647268
-647318
-647334
-647335
-647335
-647361
-647376
-647398
-647413
-647434
-647438
-647440
-647464
-647479
-647482
-647513
-647518
-647520
-647527
-647540
-647552
-647557
-647583
-647597
-647601
-647617
-647624
-647634
-647645
-647669
-647686
-647696
-647709
-647743
-647743
-647763
-647779
-647785
-647843
-647878
-647885
-647907
-647954
-647984
-648002
-648008
-648052
-648077
-648105
-648108
-648113
-648163
-648163
-648172
-648195
-648221
-648255
-648315
-648323
-648324
-648351
-648359
-648361
-648404
-648473
-648480
-648487
-648503
-648503
-648511
-648557
-648564
-648576
-648591
-648646
-648663
-648687
-648730
-648753
-648759
-648818
-648896
-648903
-648916
-648925
-648928
-648976
-648996
-649021
-649037
-649040
-649050
-649053
-649068
-649117
-649143
-649147
-649153
-649230
-649263
-649287
-649302
-649328
-649358
-649358
-649372
-649376
-649379
-649379
-649432
-649530
-649585
-649593
-649602
-649603
-649603
-649619
-649641
-649649
-649662
-649671
-649672
-649696
-649722
-649748
-649763
-649773
-649780
-649793
-649800
-649802
-649804
-649817
-649827
-649830
-649844
-649849
-649872
-649875
-649937
-649938
-649949
-649989
-650036
-650062
-650073
-650127
-650153
-650157
-650186
-650188
-650194
-650206
-650237
-650257
-650263
-650318
-650331
-650333
-650334
-650340
-650357
-650364
-650384
-650386
-650486
-650490
-650527
-650528
-650529
-650530
-650553
-650592
-650599
-650608
-650627
-650631
-650641
-650644
-650650
-650655
-650690
-650731
-650731
-650754
-650769
-650822
-650837
-650839
-650860
-650934
-650978
-650994
-650997
-650998
-651033
-651049
-651051
-651063
-651083
-651084
-651090
-651121
-651150
-651150
-651172
-651175
-651209
-651216
-651227
-651228
-651235
-651280
-651293
-651319
-651352
-651363
-651368
-651376
-651406
-651432
-651436
-651453
-651461
-651521
-651539
-651549
-651566
-651571
-651595
-651597
-651603
-651607
-651663
-651672
-651675
-651692
-651719
-651735
-651752
-651805
-651827
-651832
-651840
-651888
-651896
-651949
-651965
-651994
-652017
-652024
-652029
-652043
-652051
-652072
-652076
-652081
-652108
-652184
-652197
-652201
-652224
-652228
-652232
-652270
-652287
-652298
-652330
-652336
-652365
-652367
-652390
-652391
-652395
-652405
-652410
-652415
-652431
-652468
-652497
-652533
-652623
-652632
-652646
-652648
-652679
-652694
-652738
-652769
-652779
-652781
-652784
-652789
-652834
-652846
-652858
-652867
-652872
-652878
-652912
-652915
-652920
-652935
-652970
-652984
-653039
-653181
-653187
-653209
-653220
-653297
-653309
-653348
-653359
-653363
-653368
-653412
-653416
-653458
-653470
-653496
-653496
-653497
-653498
-653503
-653554
-653573
-653598
-653600
-653636
-653640
-653652
-653679
-653701
-653712
-653738
-653759
-653762
-653770
-653800
-653816
-653825
-653851
-653872
-653938
-653945
-653951
-653953
-653963
-654016
-654037
-654038
-654061
-654101
-654117
-654129
-654156
-654173
-654179
-654260
-654284
-654293
-654309
-654350
-654353
-654362
-654370
-654379
-654406
-654414
-654455
-654466
-654486
-654509
-654520
-654567
-654570
-654575
-654582
-654593
-654599
-654608
-654640
-654666
-654698
-654748
-654751
-654753
-654768
-654773
-654791
-654792
-654795
-654813
-654850
-654852
-654881
-654883
-654959
-654961
-654968
-654968
-655009
-655155
-655159
-655228
-655242
-655266
-655271
-655316
-655388
-655406
-655429
-655441
-655465
-655469
-655491
-655552
-655563
-655586
-655596
-655615
-655635
-655697
-655698
-655731
-655759
-655775
-655799
-655805
-655825
-655833
-655870
-655881
-655906
-655916
-655926
-655990
-656003
-656012
-656013
-656033
-656050
-656052
-656058
-656098
-656106
-656140
-656160
-656169
-656174
-656174
-656200
-656204
-656229
-656230
-656241
-656249
-656265
-656291
-656324
-656331
-656337
-656367
-656379
-656420
-656437
-656453
-656475
-656475
-656481
-656483
-656525
-656529
-656585
-656605
-656607
-656609
-656637
-656641
-656647
-656671
-656689
-656737
-656760
-656769
-656784
-656805
-656839
-656861
-656876
-656883
-656920
-656947
-656963
-656980
-656986
-656987
-657022
-657044
-657058
-657070
-657074
-657090
-657101
-657104
-657115
-657141
-657151
-657175
-657212
-657223
-657268
-657295
-657303
-657312
-657314
-657358
-657374
-657389
-657513
-657548
-657554
-657573
-657621
-657633
-657667
-657713
-657727
-657730
-657762
-657768
-657770
-657841
-657864
-657881
-657950
-657960
-657965
-657993
-658031
-658072
-658083
-658088
-658098
-658105
-658111
-658112
-658133
-658152
-658153
-658179
-658206
-658226
-658244
-658292
-658313
-658338
-658351
-658366
-658376
-658391
-658400
-658405
-658412
-658468
-658479
-658487
-658512
-658527
-658548
-658553
-658561
-658565
-658567
-658589
-658612
-658632
-658664
-658679
-658683
-658686
-658690
-658693
-658724
-658745
-658776
-658784
-658805
-658823
-658842
-658843
-658845
-658849
-658849
-658870
-658890
-658906
-658944
-658986
-658988
-658991
-659075
-659119
-659119
-659121
-659134
-659143
-659146
-659243
-659276
-659377
-659384
-659413
-659421
-659439
-659467
-659507
-659516
-659524
-659540
-659542
-659547
-659549
-659559
-659614
-659621
-659625
-659633
-659636
-659662
-659665
-659729
-659761
-659773
-659942
-659966
-660001
-660004
-660012
-660048
-660069
-660078
-660089
-660091
-660096
-660100
-660109
-660112
-660155
-660156
-660160
-660201
-660219
-660221
-660237
-660248
-660277
-660328
-660336
-660353
-660387
-660411
-660417
-660417
-660434
-660498
-660507
-660515
-660566
-660568
-660609
-660617
-660625
-660672
-660681
-660690
-660692
-660693
-660722
-660738
-660765
-660774
-660780
-660783
-660823
-660825
-660828
-660862
-660923
-660929
-660935
-660967
-660974
-660977
-660995
-661009
-661015
-661058
-661067
-661080
-661095
-661099
-661100
-661121
-661144
-661155
-661198
-661218
-661230
-661258
-661278
-661282
-661286
-661297
-661302
-661324
-661327
-661340
-661343
-661365
-661391
-661407
-661421
-661432
-661433
-661478
-661480
-661482
-661484
-661491
-661544
-661546
-661591
-661597
-661624
-661664
-661669
-661707
-661721
-661735
-661780
-661783
-661801
-661850
-661859
-661860
-661871
-661875
-661941
-661977
-662041
-662047
-662070
-662112
-662131
-662183
-662209
-662212
-662234
-662261
-662274
-662322
-662330
-662331
-662335
-662341
-662352
-662366
-662368
-662449
-662452
-662501
-662522
-662539
-662542
-662561
-662562
-662623
-662624
-662653
-662712
-662732
-662776
-662821
-662852
-662862
-662882
-662895
-662905
-662946
-662961
-662987
-663026
-663037
-663044
-663085
-663108
-663115
-663117
-663119
-663181
-663197
-663235
-663256
-663259
-663263
-663300
-663303
-663304
-663370
-663376
-663412
-663418
-663431
-663470
-663560
-663580
-663597
-663604
-663649
-663684
-663704
-663766
-663776
-663777
-663795
-663817
-663822
-663845
-663847
-663904
-663966
-663969
-663978
-663983
-663992
-664004
-664005
-664033
-664038
-664053
-664078
-664110
-664111
-664138
-664172
-664188
-664189
-664196
-664201
-664245
-664266
-664269
-664300
-664300
-664315
-664349
-664391
-664402
-664414
-664415
-664440
-664505
-664508
-664514
-664607
-664647
-664668
-664676
-664692
-664758
-664761
-664777
-664779
-664806
-664821
-664839
-664865
-664866
-664873
-664883
-664903
-664906
-664919
-664923
-664939
-664943
-664944
-664950
-664988
-664999
-665029
-665086
-665118
-665122
-665125
-665144
-665179
-665195
-665211
-665220
-665224
-665226
-665240
-665245
-665261
-665300
-665309
-665325
-665327
-665367
-665386
-665410
-665433
-665439
-665459
-665460
-665466
-665476
-665483
-665519
-665553
-665572
-665574
-665575
-665588
-665590
-665591
-665591
-665605
-665627
-665627
-665649
-665689
-665714
-665720
-665744
-665751
-665761
-665778
-665788
-665790
-665862
-665871
-665881
-665916
-665943
-665946
-665994
-666006
-666013
-666063
-666079
-666097
-666128
-666145
-666183
-666237
-666258
-666303
-666353
-666353
-666405
-666413
-666420
-666475
-666479
-666507
-666541
-666549
-666603
-666604
-666625
-666640
-666651
-666683
-666687
-666691
-666694
-666760
-666774
-666814
-666831
-666880
-666907
-666907
-666950
-666968
-666976
-666996
-667009
-667065
-667078
-667079
-667113
-667132
-667135
-667149
-667158
-667172
-667181
-667186
-667192
-667198
-667202
-667239
-667291
-667293
-667297
-667314
-667321
-667322
-667354
-667368
-667383
-667404
-667443
-667445
-667475
-667500
-667543
-667543
-667544
-667550
-667574
-667583
-667589
-667608
-667621
-667643
-667673
-667678
-667682
-667701
-667726
-667748
-667762
-667778
-667837
-667855
-667861
-667882
-667890
-667909
-667912
-667949
-667963
-667984
-667991
-668017
-668036
-668039
-668114
-668123
-668132
-668162
-668182
-668235
-668251
-668273
-668331
-668335
-668347
-668356
-668368
-668372
-668399
-668404
-668447
-668451
-668493
-668521
-668523
-668544
-668590
-668596
-668618
-668631
-668637
-668663
-668678
-668688
-668719
-668722
-668751
-668784
-668797
-668799
-668823
-668917
-668933
-668943
-668945
-668967
-668978
-669012
-669034
-669149
-669181
-669194
-669223
-669225
-669229
-669241
-669242
-669242
-669246
-669276
-669277
-669279
-669281
-669290
-669308
-669319
-669323
-669330
-669401
-669419
-669436
-669437
-669463
-669488
-669511
-669516
-669522
-669571
-669625
-669626
-669682
-669705
-669709
-669747
-669779
-669811
-669828
-669832
-669834
-669836
-669837
-669842
-669867
-669910
-669930
-669957
-669958
-669959
-669970
-669997
-670001
-670002
-670022
-670032
-670049
-670049
-670071
-670077
-670097
-670108
-670142
-670185
-670192
-670235
-670236
-670257
-670282
-670287
-670288
-670288
-670297
-670301
-670314
-670323
-670343
-670353
-670436
-670455
-670468
-670482
-670496
-670513
-670540
-670677
-670682
-670685
-670720
-670768
-670798
-670801
-670818
-670833
-670837
-670845
-670852
-670853
-670877
-670999
-671002
-671039
-671122
-671127
-671134
-671142
-671158
-671161
-671171
-671174
-671184
-671221
-671232
-671238
-671254
-671305
-671309
-671340
-671361
-671387
-671416
-671458
-671470
-671490
-671491
-671518
-671530
-671537
-671546
-671548
-671560
-671591
-671598
-671599
-671608
-671610
-671623
-671625
-671631
-671646
-671746
-671756
-671771
-671772
-671780
-671842
-671849
-671880
-671920
-671929
-671931
-671959
-671964
-672024
-672045
-672057
-672076
-672081
-672127
-672153
-672216
-672248
-672249
-672275
-672333
-672361
-672378
-672385
-672414
-672419
-672433
-672453
-672455
-672468
-672483
-672484
-672581
-672623
-672709
-672725
-672732
-672737
-672777
-672789
-672799
-672807
-672817
-672832
-672847
-672887
-672904
-672945
-672953
-672954
-672976
-672998
-673010
-673010
-673016
-673018
-673058
-673064
-673066
-673068
-673086
-673088
-673135
-673166
-673176
-673193
-673230
-673240
-673274
-673292
-673332
-673340
-673358
-673366
-673383
-673409
-673472
-673491
-673497
-673502
-673514
-673572
-673614
-673636
-673650
-673699
-673705
-673726
-673747
-673753
-673776
-673792
-673811
-673819
-673868
-673879
-673910
-673921
-673969
-673970
-673984
-674014
-674035
-674040
-674071
-674081
-674086
-674118
-674122
-674122
-674135
-674139
-674170
-674191
-674195
-674212
-674215
-674215
-674216
-674220
-674242
-674284
-674285
-674331
-674348
-674359
-674365
-674396
-674426
-674434
-674448
-674476
-674484
-674551
-674554
-674567
-674610
-674637
-674660
-674672
-674681
-674695
-674760
-674770
-674787
-674821
-674902
-674935
-674956
-674973
-675014
-675028
-675042
-675053
-675085
-675094
-675112
-675117
-675139
-675154
-675177
-675178
-675178
-675187
-675200
-675209
-675246
-675250
-675300
-675326
-675344
-675395
-675418
-675425
-675429
-675438
-675459
-675465
-675529
-675557
-675562
-675624
-675725
-675727
-675728
-675733
-675740
-675741
-675766
-675789
-675789
-675812
-675824
-675835
-675841
-675868
-675872
-675875
-675890
-675913
-675940
-675978
-676017
-676027
-676027
-676057
-676062
-676072
-676133
-676141
-676179
-676185
-676194
-676206
-676215
-676221
-676258
-676298
-676307
-676314
-676340
-676382
-676389
-676408
-676411
-676416
-676436
-676447
-676451
-676467
-676533
-676548
-676554
-676599
-676623
-676650
-676672
-676676
-676686
-676688
-676697
-676719
-676796
-676804
-676817
-676826
-676851
-676854
-676883
-676905
-676910
-676960
-676999
-677015
-677025
-677062
-677116
-677123
-677145
-677249
-677259
-677267
-677274
-677305
-677330
-677338
-677360
-677362
-677401
-677406
-677417
-677418
-677530
-677553
-677565
-677587
-677593
-677602
-677609
-677615
-677632
-677633
-677637
-677638
-677659
-677671
-677707
-677712
-677740
-677808
-677814
-677880
-677885
-677918
-677965
-678013
-678023
-678034
-678067
-678086
-678087
-678129
-678138
-678165
-678165
-678175
-678183
-678183
-678184
-678200
-678232
-678289
-678307
-678319
-678320
-678323
-678337
-678347
-678352
-678370
-678378
-678398
-678398
-678436
-678489
-678498
-678509
-678566
-678593
-678674
-678704
-678753
-678777
-678861
-678870
-678883
-678925
-678942
-678958
-678966
-679001
-679027
-679041
-679041
-679054
-679074
-679088
-679091
-679123
-679146
-679151
-679155
-679167
-679167
-679207
-679223
-679287
-679324
-679398
-679420
-679433
-679513
-679515
-679524
-679528
-679536
-679543
-679554
-679588
-679593
-679596
-679649
-679667
-679685
-679695
-679720
-679732
-679831
-679848
-679860
-679861
-679879
-679879
-679923
-679984
-680021
-680038
-680049
-680074
-680100
-680102
-680141
-680169
-680171
-680174
-680214
-680246
-680260
-680321
-680330
-680340
-680341
-680371
-680392
-680420
-680467
-680468
-680476
-680477
-680484
-680490
-680499
-680502
-680510
-680517
-680524
-680525
-680536
-680541
-680620
-680663
-680671
-680696
-680746
-680747
-680752
-680768
-680771
-680797
-680806
-680849
-680874
-680921
-680937
-680937
-680940
-681018
-681026
-681115
-681143
-681146
-681160
-681192
-681195
-681227
-681229
-681303
-681304
-681305
-681309
-681338
-681361
-681370
-681437
-681463
-681469
-681501
-681511
-681539
-681543
-681569
-681594
-681598
-681614
-681627
-681629
-681633
-681635
-681662
-681691
-681698
-681737
-681744
-681786
-681806
-681879
-681898
-681899
-681909
-681920
-681952
-681962
-681973
-681988
-682034
-682055
-682137
-682143
-682152
-682157
-682173
-682200
-682211
-682219
-682257
-682289
-682339
-682379
-682397
-682401
-682411
-682418
-682434
-682439
-682472
-682480
-682481
-682481
-682529
-682531
-682567
-682587
-682594
-682632
-682657
-682658
-682664
-682681
-682691
-682800
-682812
-682829
-682850
-682855
-682862
-682895
-682913
-682966
-682990
-683000
-683007
-683024
-683025
-683043
-683049
-683146
-683169
-683177
-683276
-683331
-683347
-683396
-683401
-683415
-683421
-683447
-683460
-683476
-683488
-683491
-683507
-683544
-683560
-683568
-683572
-683597
-683632
-683633
-683635
-683640
-683643
-683676
-683695
-683696
-683700
-683726
-683787
-683793
-683816
-683829
-683839
-683859
-683859
-683908
-683918
-683941
-683947
-683978
-683982
-684004
-684079
-684136
-684137
-684156
-684158
-684205
-684213
-684217
-684273
-684282
-684303
-684316
-684317
-684332
-684369
-684395
-684416
-684428
-684444
-684507
-684521
-684539
-684554
-684561
-684564
-684607
-684609
-684618
-684631
-684639
-684650
-684658
-684671
-684707
-684712
-684719
-684790
-684797
-684885
-684907
-684910
-684910
-684911
-684928
-684968
-684973
-685005
-685024
-685034
-685053
-685066
-685079
-685099
-685110
-685115
-685123
-685139
-685159
-685182
-685186
-685191
-685221
-685241
-685263
-685267
-685270
-685273
-685290
-685319
-685329
-685330
-685357
-685359
-685388
-685425
-685471
-685471
-685473
-685527
-685568
-685598
-685624
-685686
-685695
-685706
-685711
-685713
-685716
-685725
-685751
-685769
-685786
-685803
-685819
-685827
-685831
-685843
-685860
-685886
-685915
-685945
-685949
-685967
-685967
-685992
-686001
-686004
-686006
-686031
-686043
-686079
-686125
-686144
-686148
-686170
-686189
-686202
-686228
-686245
-686250
-686296
-686350
-686374
-686402
-686444
-686495
-686532
-686536
-686550
-686561
-686611
-686620
-686664
-686669
-686761
-686763
-686770
-686799
-686810
-686820
-686878
-686882
-686883
-686907
-686921
-686923
-686943
-686948
-686974
-686976
-686998
-687021
-687047
-687086
-687182
-687194
-687233
-687234
-687255
-687331
-687337
-687359
-687368
-687370
-687386
-687406
-687445
-687468
-687511
-687544
-687595
-687610
-687689
-687705
-687831
-687859
-687884
-687915
-687918
-687928
-687949
-687952
-687960
-687970
-687984
-688008
-688048
-688055
-688059
-688069
-688152
-688163
-688218
-688223
-688269
-688282
-688287
-688292
-688293
-688300
-688306
-688324
-688351
-688367
-688374
-688376
-688391
-688396
-688425
-688429
-688448
-688499
-688507
-688508
-688520
-688556
-688579
-688586
-688618
-688675
-688676
-688714
-688754
-688772
-688796
-688806
-688825
-688966
-688993
-689022
-689037
-689040
-689061
-689064
-689066
-689089
-689090
-689100
-689131
-689144
-689166
-689168
-689168
-689193
-689198
-689242
-689244
-689245
-689245
-689248
-689282
-689295
-689328
-689340
-689366
-689485
-689501
-689529
-689583
-689597
-689634
-689650
-689661
-689662
-689665
-689673
-689675
-689700
-689734
-689800
-689848
-689861
-689876
-689907
-689922
-689946
-689947
-689949
-689960
-689972
-690001
-690007
-690042
-690099
-690100
-690104
-690110
-690114
-690121
-690125
-690141
-690176
-690196
-690201
-690223
-690324
-690345
-690429
-690440
-690485
-690501
-690535
-690537
-690609
-690612
-690627
-690636
-690658
-690669
-690689
-690695
-690702
-690705
-690706
-690747
-690817
-690828
-690855
-690869
-690882
-690884
-690935
-690949
-690951
-690961
-690976
-691007
-691050
-691074
-691080
-691108
-691145
-691160
-691209
-691219
-691233
-691238
-691280
-691281
-691284
-691290
-691325
-691339
-691354
-691356
-691399
-691428
-691431
-691440
-691470
-691482
-691506
-691517
-691531
-691533
-691546
-691547
-691573
-691580
-691613
-691627
-691638
-691668
-691668
-691702
-691737
-691744
-691762
-691763
-691783
-691790
-691793
-691832
-691860
-691881
-691884
-691916
-691917
-691918
-691918
-691956
-691989
-692009
-692036
-692065
-692066
-692137
-692152
-692158
-692176
-692226
-692237
-692244
-692273
-692292
-692304
-692325
-692327
-692361
-692406
-692411
-692413
-692417
-692429
-692453
-692455
-692471
-692481
-692508
-692513
-692516
-692541
-692583
-692583
-692584
-692595
-692599
-692636
-692640
-692645
-692678
-692682
-692694
-692705
-692716
-692758
-692869
-692875
-692902
-692907
-692939
-693013
-693024
-693046
-693057
-693114
-693127
-693138
-693166
-693177
-693181
-693188
-693207
-693224
-693224
-693258
-693266
-693299
-693317
-693323
-693338
-693356
-693373
-693390
-693397
-693416
-693457
-693486
-693510
-693520
-693536
-693543
-693548
-693563
-693574
-693614
-693664
-693695
-693699
-693720
-693722
-693732
-693740
-693771
-693780
-693790
-693815
-693824
-693838
-693895
-693898
-693913
-693963
-693981
-694066
-694079
-694096
-694108
-694162
-694181
-694217
-694218
-694247
-694250
-694270
-694271
-694275
-694284
-694304
-694344
-694387
-694415
-694453
-694471
-694472
-694665
-694672
-694736
-694736
-694743
-694777
-694783
-694789
-694820
-694838
-694846
-694849
-694855
-694883
-694903
-694971
-694985
-694986
-694989
-694998
-695007
-695012
-695016
-695043
-695056
-695061
-695074
-695162
-695172
-695173
-695178
-695187
-695192
-695250
-695263
-695285
-695305
-695326
-695332
-695332
-695355
-695357
-695363
-695370
-695443
-695457
-695457
-695461
-695504
-695521
-695522
-695549
-695580
-695582
-695591
-695656
-695676
-695678
-695680
-695704
-695761
-695797
-695800
-695820
-695833
-695835
-695840
-695856
-695861
-695886
-695892
-695901
-695911
-695918
-695921
-695947
-695971
-695975
-695984
-696023
-696067
-696076
-696094
-696095
-696098
-696123
-696129
-696148
-696174
-696204
-696210
-696235
-696246
-696288
-696297
-696306
-696314
-696316
-696317
-696319
-696331
-696332
-696359
-696373
-696376
-696379
-696403
-696413
-696460
-696489
-696493
-696504
-696532
-696533
-696551
-696556
-696571
-696572
-696614
-696677
-696681
-696758
-696809
-696859
-696862
-696936
-696974
-696974
-697020
-697031
-697054
-697072
-697088
-697091
-697099
-697099
-697124
-697139
-697184
-697185
-697206
-697217
-697232
-697235
-697262
-697279
-697281
-697284
-697330
-697368
-697387
-697398
-697400
-697408
-697409
-697413
-697437
-697449
-697478
-697495
-697545
-697578
-697583
-697624
-697658
-697661
-697672
-697678
-697681
-697693
-697793
-697794
-697798
-697806
-697818
-697862
-697864
-697895
-697948
-697974
-697980
-697980
-697996
-698095
-698135
-698210
-698249
-698266
-698281
-698288
-698307
-698312
-698341
-698342
-698414
-698418
-698420
-698422
-698441
-698463
-698476
-698497
-698501
-698539
-698560
-698605
-698631
-698651
-698657
-698659
-698683
-698689
-698720
-698722
-698725
-698778
-698788
-698802
-698810
-698828
-698861
-698882
-698886
-698897
-698914
-698914
-698946
-698988
-699019
-699028
-699029
-699043
-699055
-699067
-699089
-699199
-699223
-699233
-699235
-699250
-699285
-699323
-699368
-699401
-699456
-699456
-699463
-699464
-699478
-699496
-699503
-699514
-699540
-699542
-699547
-699552
-699555
-699566
-699598
-699607
-699622
-699676
-699679
-699696
-699725
-699765
-699769
-699797
-699819
-699872
-699891
-699951
-699954
-699956
-699971
-699972
-699973
-699976
-699976
-699978
-700000
-700042
-700055
-700058
-700065
-700071
-700083
-700091
-700145
-700146
-700170
-700177
-700205
-700220
-700232
-700260
-700261
-700361
-700378
-700386
-700438
-700498
-700537
-700549
-700552
-700594
-700603
-700612
-700623
-700623
-700730
-700755
-700790
-700875
-700880
-700898
-700902
-700927
-700946
-700997
-701016
-701041
-701084
-701104
-701112
-701121
-701122
-701136
-701152
-701167
-701174
-701188
-701203
-701332
-701336
-701340
-701391
-701413
-701463
-701468
-701481
-701553
-701557
-701567
-701596
-701628
-701646
-701712
-701712
-701718
-701730
-701777
-701780
-701781
-701841
-701907
-701937
-701941
-701968
-701985
-701987
-701989
-702032
-702035
-702055
-702056
-702058
-702100
-702116
-702136
-702176
-702223
-702321
-702340
-702394
-702395
-702402
-702412
-702464
-702468
-702474
-702480
-702502
-702504
-702517
-702529
-702529
-702537
-702559
-702569
-702600
-702643
-702669
-702675
-702693
-702699
-702712
-702722
-702727
-702745
-702772
-702774
-702823
-702837
-702846
-702849
-702877
-702878
-702906
-702915
-702918
-702952
-702956
-702977
-703028
-703032
-703035
-703037
-703092
-703095
-703108
-703110
-703153
-703174
-703191
-703194
-703197
-703224
-703249
-703287
-703291
-703292
-703343
-703349
-703352
-703414
-703418
-703425
-703442
-703508
-703508
-703553
-703587
-703614
-703617
-703647
-703661
-703685
-703729
-703731
-703735
-703756
-703791
-703816
-703831
-703835
-703877
-703891
-703891
-703906
-703916
-703944
-703980
-703984
-704016
-704078
-704082
-704143
-704167
-704185
-704213
-704219
-704225
-704300
-704319
-704330
-704382
-704384
-704400
-704407
-704447
-704448
-704450
-704463
-704472
-704498
-704507
-704522
-704523
-704547
-704550
-704584
-704623
-704629
-704693
-704695
-704710
-704736
-704741
-704749
-704783
-704798
-704831
-704872
-704889
-704896
-704938
-704958
-704962
-704963
-704976
-704983
-705044
-705074
-705081
-705115
-705150
-705180
-705180
-705188
-705189
-705193
-705241
-705259
-705289
-705294
-705297
-705304
-705320
-705326
-705333
-705341
-705372
-705389
-705399
-705408
-705421
-705432
-705433
-705451
-705452
-705464
-705484
-705504
-705541
-705556
-705566
-705595
-705657
-705668
-705679
-705734
-705836
-705840
-705859
-705920
-705920
-705921
-705925
-705934
-705941
-705949
-705964
-705991
-706024
-706067
-706098
-706107
-706130
-706130
-706176
-706185
-706185
-706200
-706257
-706264
-706272
-706272
-706275
-706297
-706307
-706330
-706422
-706438
-706472
-706502
-706505
-706507
-706517
-706525
-706527
-706595
-706596
-706620
-706642
-706665
-706668
-706682
-706715
-706734
-706746
-706753
-706754
-706760
-706769
-706773
-706800
-706851
-706854
-706862
-706912
-706925
-706925
-706928
-706954
-706994
-707003
-707011
-707094
-707120
-707151
-707153
-707162
-707171
-707178
-707185
-707187
-707196
-707215
-707219
-707250
-707263
-707270
-707276
-707293
-707298
-707341
-707354
-707357
-707386
-707410
-707414
-707424
-707435
-707451
-707476
-707487
-707495
-707495
-707507
-707513
-707534
-707566
-707570
-707599
-707601
-707675
-707677
-707717
-707741
-707743
-707752
-707761
-707765
-707811
-707857
-707862
-707881
-707964
-707979
-707990
-707991
-708047
-708048
-708064
-708077
-708088
-708117
-708156
-708180
-708197
-708204
-708245
-708264
-708267
-708280
-708288
-708292
-708307
-708320
-708327
-708397
-708397
-708406
-708425
-708443
-708450
-708455
-708476
-708476
-708492
-708498
-708556
-708574
-708583
-708616
-708658
-708700
-708701
-708706
-708707
-708774
-708802
-708814
-708815
-708838
-708867
-708901
-708915
-708928
-708942
-708946
-708965
-708981
-708994
-709010
-709013
-709031
-709092
-709152
-709174
-709236
-709249
-709269
-709275
-709301
-709336
-709356
-709395
-709401
-709440
-709482
-709501
-709506
-709507
-709512
-709517
-709524
-709534
-709536
-709543
-709560
-709593
-709595
-709624
-709629
-709700
-709718
-709751
-709760
-709769
-709809
-709820
-709838
-709850
-709861
-709897
-709906
-709914
-709918
-709977
-710041
-710054
-710060
-710082
-710115
-710120
-710125
-710161
-710173
-710174
-710259
-710270
-710287
-710329
-710332
-710336
-710337
-710371
-710378
-710403
-710434
-710436
-710437
-710442
-710475
-710518
-710528
-710561
-710661
-710682
-710712
-710756
-710771
-710774
-710780
-710782
-710787
-710791
-710805
-710814
-710822
-710889
-710900
-710901
-710909
-710917
-710945
-710955
-710965
-711001
-711002
-711012
-711021
-711041
-711085
-711136
-711138
-711143
-711149
-711158
-711164
-711164
-711166
-711166
-711177
-711190
-711198
-711218
-711243
-711248
-711249
-711249
-711290
-711291
-711292
-711298
-711305
-711311
-711318
-711323
-711326
-711339
-711345
-711376
-711392
-711405
-711420
-711427
-711524
-711525
-711537
-711546
-711565
-711587
-711588
-711609
-711615
-711630
-711633
-711705
-711716
-711728
-711733
-711765
-711785
-711817
-711823
-711910
-711927
-711993
-711995
-712004
-712016
-712016
-712026
-712035
-712071
-712098
-712107
-712120
-712140
-712216
-712226
-712259
-712268
-712277
-712277
-712298
-712302
-712307
-712326
-712338
-712358
-712369
-712381
-712386
-712396
-712403
-712443
-712449
-712471
-712473
-712474
-712482
-712498
-712567
-712581
-712609
-712617
-712635
-712658
-712674
-712692
-712700
-712751
-712777
-712784
-712823
-712839
-712898
-712920
-712923
-712978
-713015
-713030
-713063
-713121
-713122
-713137
-713147
-713152
-713156
-713176
-713183
-713189
-713196
-713220
-713231
-713259
-713300
-713302
-713309
-713325
-713334
-713335
-713338
-713374
-713385
-713414
-713423
-713425
-713429
-713454
-713482
-713494
-713500
-713526
-713529
-713533
-713559
-713626
-713643
-713655
-713656
-713729
-713789
-713796
-713807
-713812
-713827
-713919
-713932
-713946
-713947
-713958
-714017
-714035
-714063
-714065
-714077
-714113
-714115
-714117
-714147
-714158
-714191
-714203
-714206
-714221
-714222
-714243
-714258
-714262
-714288
-714304
-714344
-714346
-714407
-714408
-714420
-714453
-714475
-714503
-714513
-714526
-714548
-714586
-714619
-714645
-714656
-714669
-714701
-714703
-714825
-714826
-714863
-714881
-714890
-714893
-714900
-714922
-714945
-714976
-714978
-714983
-714997
-715004
-715029
-715040
-715086
-715087
-715110
-715140
-715158
-715207
-715238
-715281
-715302
-715313
-715373
-715386
-715407
-715410
-715418
-715432
-715437
-715443
-715445
-715462
-715469
-715475
-715544
-715551
-715554
-715554
-715582
-715601
-715609
-715611
-715617
-715631
-715637
-715723
-715744
-715746
-715763
-715771
-715786
-715800
-715815
-715824
-715845
-715871
-715900
-715910
-715929
-715956
-715970
-715986
-715990
-716034
-716041
-716048
-716054
-716058
-716071
-716101
-716114
-716138
-716159
-716207
-716232
-716243
-716276
-716300
-716316
-716331
-716342
-716359
-716372
-716372
-716384
-716392
-716395
-716431
-716443
-716457
-716464
-716468
-716498
-716539
-716559
-716612
-716614
-716651
-716698
-716758
-716770
-716772
-716785
-716786
-716793
-716793
-716794
-716883
-716921
-716923
-716942
-716945
-716954
-716955
-716977
-716979
-716998
-717014
-717018
-717026
-717054
-717066
-717070
-717074
-717092
-717112
-717129
-717146
-717159
-717163
-717169
-717210
-717258
-717264
-717294
-717323
-717335
-717338
-717342
-717349
-717352
-717420
-717441
-717441
-717457
-717503
-717505
-717519
-717544
-717552
-717578
-717618
-717638
-717649
-717682
-717689
-717706
-717721
-717722
-717771
-717787
-717795
-717807
-717807
-717825
-717835
-717844
-717855
-717862
-717870
-717883
-717898
-717904
-717924
-717936
-717965
-717982
-717995
-717997
-718010
-718034
-718053
-718084
-718094
-718103
-718111
-718148
-718160
-718171
-718207
-718256
-718271
-718273
-718318
-718350
-718391
-718423
-718427
-718433
-718444
-718489
-718493
-718533
-718557
-718564
-718579
-718582
-718592
-718593
-718649
-718692
-718695
-718709
-718733
-718768
-718772
-718782
-718813
-718854
-718921
-718926
-718946
-718948
-718953
-718972
-718984
-718984
-718992
-719012
-719012
-719031
-719038
-719074
-719074
-719079
-719086
-719117
-719131
-719162
-719167
-719222
-719226
-719235
-719276
-719291
-719300
-719305
-719380
-719380
-719398
-719437
-719444
-719468
-719469
-719478
-719489
-719498
-719508
-719512
-719554
-719577
-719595
-719596
-719606
-719618
-719637
-719640
-719645
-719662
-719682
-719704
-719718
-719783
-719844
-719856
-719861
-719868
-719884
-719937
-719948
-719960
-719969
-719983
-720013
-720016
-720033
-720038
-720048
-720073
-720101
-720150
-720165
-720203
-720249
-720261
-720271
-720326
-720356
-720388
-720390
-720499
-720503
-720505
-720525
-720549
-720583
-720651
-720654
-720656
-720677
-720682
-720701
-720712
-720714
-720739
-720776
-720802
-720803
-720820
-720870
-720904
-720920
-720949
-720971
-720979
-721005
-721010
-721021
-721036
-721049
-721050
-721053
-721055
-721071
-721085
-721108
-721143
-721153
-721182
-721190
-721225
-721234
-721261
-721267
-721280
-721292
-721306
-721318
-721329
-721333
-721385
-721407
-721480
-721494
-721514
-721545
-721568
-721579
-721595
-721600
-721611
-721624
-721636
-721650
-721695
-721696
-721746
-721772
-721791
-721803
-721818
-721846
-721856
-721893
-721917
-721965
-721979
-721996
-722021
-722064
-722071
-722090
-722093
-722119
-722149
-722191
-722236
-722237
-722242
-722253
-722279
-722282
-722306
-722324
-722338
-722352
-722354
-722425
-722429
-722485
-722486
-722496
-722541
-722575
-722580
-722582
-722585
-722618
-722620
-722624
-722665
-722676
-722688
-722780
-722784
-722786
-722813
-722826
-722891
-722910
-722925
-722949
-722954
-722996
-723049
-723053
-723064
-723137
-723195
-723199
-723215
-723271
-723308
-723319
-723374
-723377
-723386
-723386
-723388
-723401
-723405
-723412
-723420
-723429
-723431
-723446
-723491
-723627
-723636
-723675
-723700
-723720
-723739
-723744
-723783
-723802
-723806
-723814
-723814
-723826
-723855
-723865
-723869
-723870
-723885
-723894
-723895
-723907
-723977
-723986
-724011
-724016
-724044
-724058
-724082
-724137
-724157
-724162
-724206
-724224
-724240
-724241
-724257
-724278
-724313
-724330
-724342
-724346
-724374
-724382
-724399
-724487
-724494
-724500
-724539
-724553
-724566
-724570
-724580
-724584
-724584
-724586
-724595
-724608
-724615
-724646
-724680
-724713
-724717
-724771
-724774
-724819
-724849
-724868
-724872
-724890
-724907
-724912
-724957
-724987
-725009
-725012
-725067
-725075
-725077
-725082
-725140
-725147
-725233
-725247
-725273
-725371
-725409
-725411
-725427
-725439
-725467
-725497
-725530
-725532
-725544
-725563
-725581
-725600
-725609
-725621
-725632
-725650
-725660
-725697
-725712
-725722
-725772
-725807
-725834
-725867
-725909
-725910
-725916
-725916
-725925
-725933
-725950
-725954
-725956
-725976
-726026
-726027
-726051
-726061
-726069
-726103
-726105
-726118
-726137
-726151
-726169
-726203
-726231
-726235
-726258
-726281
-726303
-726304
-726312
-726324
-726348
-726350
-726363
-726400
-726404
-726408
-726422
-726440
-726468
-726547
-726566
-726586
-726590
-726596
-726640
-726656
-726675
-726742
-726840
-726848
-726879
-726898
-726906
-726914
-726916
-726918
-726931
-726963
-726964
-727030
-727037
-727047
-727061
-727088
-727121
-727146
-727164
-727192
-727220
-727231
-727238
-727242
-727280
-727290
-727338
-727348
-727363
-727364
-727368
-727386
-727397
-727399
-727412
-727420
-727427
-727432
-727476
-727513
-727515
-727521
-727572
-727590
-727602
-727614
-727632
-727634
-727671
-727717
-727719
-727720
-727799
-727832
-727839
-727858
-727904
-727941
-727968
-728015
-728019
-728023
-728037
-728069
-728070
-728126
-728144
-728150
-728173
-728193
-728203
-728230
-728244
-728295
-728366
-728373
-728394
-728414
-728446
-728514
-728518
-728531
-728560
-728568
-728594
-728607
-728610
-728616
-728629
-728640
-728649
-728674
-728683
-728717
-728750
-728761
-728762
-728795
-728800
-728866
-728884
-728896
-728922
-728934
-728943
-728971
-729001
-729002
-729008
-729011
-729015
-729015
-729021
-729066
-729066
-729073
-729104
-729115
-729121
-729125
-729183
-729198
-729225
-729246
-729262
-729293
-729295
-729332
-729359
-729360
-729407
-729413
-729443
-729484
-729498
-729500
-729517
-729535
-729536
-729553
-729563
-729618
-729620
-729658
-729664
-729670
-729676
-729677
-729684
-729696
-729751
-729753
-729794
-729844
-729852
-729895
-729895
-729908
-729931
-729936
-729950
-729972
-730006
-730063
-730087
-730092
-730112
-730116
-730157
-730170
-730172
-730178
-730199
-730201
-730201
-730240
-730244
-730252
-730262
-730291
-730309
-730315
-730317
-730321
-730328
-730352
-730361
-730445
-730469
-730495
-730526
-730528
-730552
-730555
-730576
-730597
-730600
-730688
-730695
-730769
-730782
-730791
-730802
-730822
-730831
-730854
-730890
-730897
-730926
-730980
-730998
-731076
-731087
-731087
-731094
-731108
-731113
-731180
-731239
-731261
-731285
-731310
-731322
-731353
-731423
-731424
-731431
-731434
-731455
-731503
-731523
-731544
-731569
-731581
-731611
-731618
-731626
-731637
-731672
-731688
-731749
-731762
-731790
-731827
-731840
-731856
-731874
-731874
-731894
-731901
-731911
-731928
-731933
-731949
-731964
-731992
-732006
-732059
-732074
-732074
-732106
-732130
-732182
-732282
-732289
-732301
-732314
-732336
-732383
-732409
-732424
-732455
-732460
-732466
-732484
-732502
-732528
-732546
-732549
-732557
-732613
-732620
-732646
-732658
-732660
-732664
-732665
-732693
-732693
-732767
-732780
-732786
-732884
-732902
-732926
-732982
-732984
-732984
-733012
-733053
-733082
-733083
-733084
-733098
-733156
-733187
-733212
-733253
-733256
-733280
-733317
-733378
-733382
-733383
-733391
-733394
-733402
-733413
-733415
-733452
-733453
-733468
-733511
-733517
-733526
-733546
-733570
-733617
-733667
-733707
-733716
-733746
-733768
-733769
-733817
-733818
-733822
-733873
-733895
-733911
-733923
-733951
-733959
-733966
-733977
-734005
-734018
-734019
-734035
-734044
-734052
-734064
-734068
-734069
-734075
-734101
-734113
-734113
-734123
-734170
-734195
-734215
-734251
-734271
-734321
-734413
-734423
-734431
-734448
-734461
-734550
-734577
-734585
-734622
-734646
-734648
-734659
-734666
-734674
-734702
-734706
-734707
-734713
-734717
-734767
-734771
-734774
-734779
-734816
-734845
-734851
-734869
-734900
-734937
-734947
-735027
-735055
-735127
-735162
-735164
-735195
-735213
-735235
-735238
-735239
-735241
-735248
-735252
-735266
-735307
-735342
-735362
-735389
-735416
-735422
-735424
-735439
-735453
-735467
-735546
-735549
-735567
-735621
-735715
-735729
-735754
-735844
-735857
-735908
-735916
-735920
-735922
-735924
-735924
-735945
-735953
-735987
-735988
-736029
-736037
-736063
-736066
-736076
-736096
-736112
-736113
-736117
-736128
-736135
-736164
-736201
-736231
-736241
-736251
-736277
-736291
-736334
-736351
-736395
-736405
-736437
-736494
-736499
-736522
-736535
-736561
-736587
-736602
-736625
-736628
-736628
-736634
-736639
-736667
-736670
-736681
-736734
-736743
-736743
-736750
-736757
-736766
-736781
-736797
-736872
-736882
-736899
-736906
-736909
-736919
-736975
-736977
-736992
-737049
-737050
-737055
-737062
-737127
-737194
-737221
-737233
-737256
-737262
-737285
-737299
-737310
-737325
-737377
-737390
-737391
-737401
-737409
-737410
-737428
-737447
-737537
-737590
-737610
-737630
-737656
-737677
-737765
-737789
-737798
-737798
-737866
-737877
-737877
-737883
-737908
-737934
-737944
-737992
-738012
-738022
-738050
-738059
-738088
-738090
-738115
-738131
-738163
-738168
-738172
-738181
-738210
-738237
-738277
-738292
-738309
-738324
-738352
-738355
-738358
-738365
-738387
-738397
-738472
-738490
-738496
-738511
-738521
-738522
-738596
-738605
-738659
-738699
-738720
-738727
-738767
-738852
-738859
-738879
-738947
-738958
-738983
-739006
-739014
-739044
-739052
-739065
-739089
-739110
-739151
-739183
-739189
-739196
-739205
-739220
-739222
-739223
-739231
-739234
-739241
-739255
-739256
-739259
-739265
-739308
-739324
-739340
-739375
-739383
-739402
-739403
-739420
-739429
-739433
-739454
-739468
-739487
-739537
-739540
-739553
-739631
-739633
-739642
-739675
-739678
-739684
-739712
-739722
-739738
-739739
-739759
-739760
-739777
-739779
-739812
-739864
-739890
-739919
-739960
-739970
-739971
-739989
-739994
-740003
-740025
-740039
-740077
-740102
-740104
-740105
-740124
-740127
-740165
-740176
-740206
-740209
-740210
-740217
-740225
-740232
-740257
-740260
-740269
-740275
-740280
-740306
-740318
-740337
-740342
-740344
-740348
-740357
-740373
-740378
-740425
-740452
-740489
-740499
-740503
-740527
-740547
-740553
-740554
-740607
-740629
-740640
-740654
-740729
-740743
-740746
-740752
-740769
-740779
-740837
-740857
-740863
-740873
-740928
-740971
-740975
-740982
-740986
-740995
-740999
-741017
-741030
-741039
-741041
-741087
-741097
-741122
-741164
-741170
-741250
-741269
-741274
-741275
-741277
-741277
-741306
-741315
-741325
-741335
-741363
-741381
-741396
-741485
-741521
-741523
-741528
-741538
-741539
-741551
-741553
-741558
-741609
-741638
-741639
-741657
-741677
-741710
-741714
-741727
-741749
-741754
-741766
-741789
-741793
-741839
-741868
-741872
-741912
-741942
-741959
-741974
-741975
-742004
-742022
-742035
-742061
-742104
-742108
-742113
-742119
-742121
-742141
-742153
-742201
-742210
-742223
-742236
-742241
-742284
-742285
-742286
-742316
-742343
-742347
-742354
-742377
-742404
-742425
-742461
-742466
-742474
-742530
-742541
-742561
-742572
-742574
-742586
-742595
-742621
-742732
-742781
-742794
-742812
-742827
-742857
-742857
-742861
-742874
-742875
-742891
-742908
-742929
-742955
-742986
-742990
-743032
-743032
-743055
-743100
-743112
-743119
-743168
-743189
-743219
-743269
-743303
-743328
-743347
-743371
-743376
-743402
-743411
-743432
-743466
-743467
-743497
-743567
-743593
-743606
-743647
-743671
-743699
-743725
-743729
-743733
-743744
-743749
-743762
-743764
-743775
-743780
-743815
-743901
-743955
-743962
-743973
-743976
-743983
-743993
-744002
-744017
-744059
-744075
-744222
-744253
-744258
-744263
-744278
-744294
-744328
-744366
-744400
-744408
-744457
-744493
-744495
-744538
-744628
-744694
-744746
-744771
-744781
-744799
-744801
-744816
-744822
-744823
-744851
-744851
-744858
-744861
-744862
-744863
-744892
-744897
-744898
-744898
-744926
-744941
-744942
-745015
-745110
-745129
-745149
-745162
-745175
-745181
-745190
-745226
-745260
-745294
-745305
-745325
-745342
-745342
-745382
-745404
-745407
-745407
-745414
-745415
-745424
-745426
-745447
-745486
-745560
-745570
-745576
-745609
-745617
-745628
-745677
-745698
-745708
-745723
-745727
-745756
-745836
-745844
-745862
-745867
-745867
-745870
-745964
-745968
-745985
-745988
-746011
-746021
-746025
-746043
-746072
-746073
-746076
-746080
-746103
-746109
-746129
-746135
-746181
-746193
-746258
-746264
-746301
-746323
-746325
-746342
-746366
-746445
-746461
-746526
-746537
-746549
-746570
-746598
-746621
-746679
-746685
-746710
-746749
-746769
-746795
-746857
-746887
-746926
-746951
-746962
-746962
-746967
-746978
-747011
-747013
-747033
-747036
-747045
-747059
-747107
-747110
-747190
-747192
-747203
-747212
-747229
-747240
-747241
-747255
-747255
-747275
-747318
-747339
-747346
-747353
-747361
-747378
-747398
-747406
-747412
-747414
-747425
-747429
-747467
-747507
-747564
-747586
-747613
-747616
-747626
-747629
-747630
-747643
-747647
-747657
-747685
-747696
-747706
-747744
-747762
-747793
-747807
-747816
-747818
-747841
-747868
-747971
-747977
-747989
-748003
-748016
-748032
-748040
-748075
-748097
-748102
-748117
-748126
-748131
-748134
-748148
-748171
-748190
-748215
-748231
-748270
-748288
-748297
-748303
-748336
-748374
-748390
-748397
-748443
-748461
-748475
-748531
-748552
-748556
-748557
-748561
-748597
-748612
-748639
-748643
-748648
-748688
-748701
-748729
-748730
-748772
-748791
-748806
-748813
-748820
-748845
-748853
-748898
-748924
-748925
-748931
-748996
-749000
-749026
-749058
-749074
-749098
-749103
-749146
-749150
-749234
-749240
-749247
-749266
-749275
-749284
-749338
-749425
-749436
-749437
-749516
-749517
-749555
-749570
-749570
-749575
-749645
-749655
-749686
-749717
-749741
-749781
-749787
-749799
-749835
-749846
-749903
-749905
-749924
-749943
-749951
-749971
-749972
-749975
-749988
-750060
-750073
-750125
-750147
-750152
-750170
-750187
-750238
-750248
-750290
-750293
-750295
-750309
-750313
-750314
-750320
-750356
-750370
-750379
-750402
-750406
-750464
-750466
-750478
-750484
-750500
-750517
-750534
-750611
-750691
-750728
-750729
-750742
-750777
-750795
-750907
-750926
-750928
-750936
-750942
-750960
-750974
-750986
-750989
-751082
-751107
-751170
-751285
-751289
-751298
-751309
-751315
-751358
-751381
-751430
-751454
-751460
-751490
-751511
-751534
-751567
-751586
-751594
-751597
-751620
-751632
-751635
-751638
-751654
-751713
-751719
-751732
-751734
-751761
-751769
-751771
-751792
-751814
-751854
-751858
-751867
-751935
-751958
-752039
-752056
-752058
-752085
-752154
-752163
-752199
-752229
-752236
-752249
-752250
-752263
-752274
-752286
-752288
-752299
-752349
-752373
-752382
-752433
-752437
-752469
-752492
-752492
-752550
-752561
-752575
-752579
-752594
-752603
-752633
-752690
-752723
-752728
-752747
-752749
-752749
-752784
-752833
-752839
-752937
-753014
-753042
-753045
-753047
-753061
-753063
-753068
-753071
-753087
-753112
-753146
-753194
-753235
-753259
-753262
-753268
-753270
-753280
-753367
-753385
-753389
-753394
-753394
-753413
-753445
-753451
-753468
-753512
-753566
-753572
-753576
-753584
-753615
-753624
-753692
-753711
-753744
-753763
-753776
-753781
-753781
-753786
-753809
-753819
-753837
-753846
-753851
-753852
-753949
-753963
-754024
-754062
-754070
-754073
-754082
-754115
-754148
-754149
-754152
-754168
-754178
-754247
-754254
-754261
-754283
-754288
-754317
-754358
-754380
-754400
-754467
-754501
-754506
-754518
-754543
-754543
-754572
-754594
-754608
-754621
-754645
-754657
-754665
-754687
-754696
-754721
-754747
-754748
-754789
-754840
-754879
-754886
-754889
-754914
-754922
-754923
-754924
-754927
-754967
-754969
-754971
-754975
-754979
-754984
-755024
-755057
-755065
-755070
-755100
-755131
-755131
-755132
-755172
-755203
-755232
-755236
-755250
-755253
-755257
-755286
-755395
-755406
-755407
-755435
-755471
-755501
-755511
-755520
-755531
-755552
-755581
-755604
-755609
-755634
-755643
-755655
-755657
-755690
-755709
-755728
-755770
-755788
-755814
-755822
-755826
-755831
-755839
-755859
-755866
-755886
-755909
-755924
-755939
-755940
-755974
-755989
-756004
-756007
-756028
-756039
-756076
-756080
-756089
-756110
-756114
-756143
-756153
-756158
-756168
-756207
-756273
-756292
-756311
-756321
-756386
-756397
-756406
-756413
-756419
-756433
-756473
-756508
-756594
-756594
-756595
-756602
-756640
-756656
-756692
-756698
-756710
-756724
-756736
-756794
-756824
-756849
-756869
-756946
-756959
-756963
-756976
-756982
-756987
-757040
-757043
-757046
-757048
-757055
-757096
-757112
-757121
-757139
-757157
-757172
-757206
-757237
-757272
-757347
-757349
-757356
-757367
-757387
-757391
-757452
-757467
-757476
-757503
-757557
-757560
-757581
-757585
-757592
-757634
-757637
-757651
-757662
-757666
-757694
-757707
-757711
-757720
-757728
-757735
-757749
-757751
-757768
-757805
-757808
-757809
-757859
-757888
-757890
-757895
-757930
-757947
-757982
-757993
-758003
-758005
-758021
-758028
-758029
-758039
-758054
-758070
-758154
-758171
-758177
-758203
-758233
-758250
-758259
-758264
-758271
-758288
-758302
-758365
-758367
-758384
-758409
-758451
-758451
-758490
-758498
-758519
-758521
-758525
-758547
-758554
-758576
-758587
-758592
-758598
-758608
-758667
-758691
-758748
-758788
-758811
-758813
-758824
-758835
-758845
-758845
-758868
-758881
-758900
-758999
-759030
-759045
-759063
-759076
-759099
-759101
-759131
-759136
-759153
-759165
-759210
-759224
-759249
-759253
-759254
-759271
-759280
-759315
-759332
-759334
-759348
-759362
-759372
-759374
-759391
-759399
-759412
-759419
-759425
-759449
-759586
-759616
-759619
-759628
-759670
-759734
-759749
-759764
-759782
-759870
-759890
-759994
-760045
-760061
-760076
-760080
-760081
-760083
-760091
-760100
-760158
-760158
-760195
-760203
-760221
-760241
-760265
-760282
-760286
-760287
-760294
-760300
-760300
-760318
-760439
-760471
-760503
-760504
-760508
-760589
-760597
-760621
-760648
-760665
-760708
-760713
-760722
-760728
-760781
-760785
-760789
-760796
-760844
-760853
-760884
-760886
-760900
-760912
-760916
-760922
-760928
-760928
-760930
-760934
-760964
-760984
-760987
-760999
-761013
-761034
-761064
-761070
-761075
-761091
-761117
-761134
-761171
-761181
-761202
-761203
-761264
-761265
-761272
-761300
-761301
-761305
-761325
-761362
-761362
-761373
-761374
-761406
-761432
-761469
-761529
-761537
-761537
-761552
-761554
-761565
-761585
-761587
-761589
-761615
-761668
-761685
-761688
-761694
-761745
-761770
-761805
-761807
-761807
-761851
-761860
-761861
-761862
-761862
-761875
-761936
-761938
-761978
-761992
-762001
-762026
-762042
-762056
-762093
-762099
-762101
-762119
-762124
-762130
-762144
-762178
-762189
-762207
-762210
-762274
-762285
-762287
-762300
-762308
-762315
-762323
-762332
-762346
-762351
-762368
-762402
-762403
-762411
-762413
-762427
-762435
-762454
-762457
-762458
-762458
-762476
-762497
-762503
-762513
-762536
-762581
-762589
-762600
-762622
-762626
-762631
-762666
-762678
-762698
-762770
-762780
-762799
-762808
-762810
-762824
-762826
-762851
-762860
-762861
-762882
-762953
-762962
-763025
-763030
-763036
-763060
-763095
-763119
-763143
-763154
-763165
-763208
-763219
-763227
-763253
-763261
-763278
-763300
-763320
-763333
-763336
-763338
-763361
-763386
-763390
-763402
-763412
-763412
-763424
-763428
-763471
-763542
-763550
-763560
-763600
-763626
-763635
-763639
-763687
-763689
-763692
-763713
-763724
-763732
-763750
-763760
-763762
-763766
-763812
-763812
-763839
-763891
-763901
-763959
-763994
-764018
-764103
-764189
-764189
-764239
-764260
-764260
-764287
-764292
-764336
-764338
-764355
-764360
-764365
-764371
-764379
-764383
-764396
-764412
-764418
-764434
-764486
-764496
-764496
-764502
-764526
-764542
-764546
-764573
-764584
-764622
-764634
-764666
-764685
-764688
-764749
-764762
-764789
-764795
-764818
-764823
-764834
-764846
-764847
-764903
-764931
-765016
-765034
-765035
-765040
-765041
-765047
-765058
-765070
-765093
-765113
-765220
-765220
-765258
-765282
-765287
-765315
-765325
-765341
-765343
-765343
-765355
-765429
-765468
-765472
-765474
-765512
-765532
-765537
-765540
-765543
-765611
-765616
-765633
-765634
-765645
-765651
-765663
-765669
-765679
-765690
-765701
-765719
-765727
-765751
-765780
-765828
-765862
-765871
-765881
-765925
-765957
-765961
-765968
-765987
-766022
-766067
-766089
-766091
-766108
-766110
-766150
-766211
-766243
-766255
-766301
-766372
-766384
-766387
-766427
-766429
-766438
-766450
-766461
-766502
-766570
-766588
-766606
-766617
-766637
-766638
-766644
-766684
-766689
-766717
-766722
-766746
-766776
-766794
-766802
-766806
-766813
-766827
-766841
-766869
-766872
-766879
-766887
-766912
-766921
-766942
-766953
-766965
-766975
-766981
-766997
-767026
-767043
-767049
-767054
-767056
-767084
-767102
-767130
-767138
-767139
-767155
-767168
-767222
-767241
-767247
-767274
-767316
-767443
-767459
-767559
-767588
-767609
-767638
-767645
-767648
-767656
-767681
-767683
-767701
-767704
-767732
-767746
-767757
-767789
-767815
-767835
-767848
-767859
-767868
-767876
-767920
-767927
-768005
-768035
-768036
-768054
-768084
-768094
-768133
-768138
-768139
-768142
-768155
-768179
-768189
-768205
-768236
-768260
-768261
-768303
-768316
-768319
-768323
-768337
-768412
-768414
-768452
-768460
-768461
-768462
-768474
-768480
-768482
-768484
-768533
-768537
-768546
-768553
-768611
-768616
-768639
-768654
-768687
-768702
-768710
-768716
-768717
-768718
-768722
-768737
-768756
-768762
-768763
-768773
-768791
-768795
-768800
-768810
-768814
-768835
-768850
-768853
-768867
-768868
-768873
-768887
-768888
-768919
-768923
-768932
-768960
-768969
-769010
-769015
-769015
-769020
-769032
-769037
-769056
-769106
-769111
-769126
-769131
-769182
-769182
-769225
-769231
-769232
-769288
-769354
-769381
-769411
-769432
-769446
-769453
-769480
-769498
-769503
-769538
-769558
-769587
-769641
-769649
-769653
-769665
-769701
-769765
-769792
-769878
-769887
-769891
-769938
-769964
-769966
-769978
-769991
-770017
-770022
-770044
-770068
-770068
-770087
-770092
-770115
-770119
-770150
-770152
-770152
-770228
-770238
-770269
-770297
-770312
-770342
-770358
-770373
-770410
-770426
-770462
-770487
-770494
-770539
-770545
-770549
-770583
-770591
-770616
-770637
-770640
-770668
-770694
-770722
-770733
-770762
-770767
-770772
-770777
-770804
-770809
-770820
-770873
-770916
-770989
-770995
-771000
-771002
-771014
-771022
-771091
-771146
-771149
-771151
-771185
-771201
-771210
-771211
-771214
-771223
-771239
-771272
-771283
-771286
-771290
-771291
-771292
-771341
-771390
-771406
-771422
-771467
-771474
-771483
-771492
-771514
-771535
-771589
-771639
-771646
-771655
-771662
-771662
-771678
-771698
-771707
-771707
-771756
-771768
-771793
-771822
-771824
-771876
-771881
-771885
-771928
-771960
-771999
-772006
-772017
-772034
-772061
-772077
-772097
-772147
-772156
-772163
-772165
-772172
-772272
-772277
-772319
-772337
-772448
-772456
-772464
-772476
-772489
-772491
-772492
-772494
-772496
-772506
-772530
-772541
-772543
-772552
-772553
-772564
-772621
-772626
-772652
-772682
-772685
-772713
-772734
-772798
-772820
-772837
-772851
-772857
-772877
-772891
-772904
-772910
-772916
-772943
-772950
-772959
-772967
-772979
-772990
-772991
-773003
-773042
-773098
-773112
-773113
-773117
-773124
-773140
-773202
-773241
-773288
-773332
-773336
-773383
-773440
-773477
-773488
-773504
-773517
-773518
-773528
-773556
-773646
-773651
-773704
-773734
-773771
-773788
-773788
-773806
-773834
-773853
-773862
-773863
-773905
-773940
-773979
-773996
-774048
-774061
-774078
-774096
-774103
-774124
-774140
-774146
-774151
-774178
-774182
-774217
-774226
-774226
-774247
-774249
-774276
-774282
-774286
-774301
-774302
-774346
-774356
-774421
-774444
-774446
-774457
-774503
-774518
-774522
-774571
-774581
-774589
-774593
-774654
-774657
-774666
-774689
-774699
-774701
-774714
-774750
-774760
-774782
-774786
-774807
-774821
-774831
-774856
-774859
-774870
-774870
-774898
-774900
-774948
-774977
-774986
-774987
-775016
-775060
-775076
-775078
-775090
-775091
-775092
-775094
-775096
-775141
-775149
-775150
-775161
-775169
-775180
-775182
-775228
-775236
-775275
-775277
-775292
-775305
-775331
-775428
-775431
-775439
-775453
-775487
-775539
-775545
-775573
-775600
-775611
-775633
-775648
-775671
-775680
-775684
-775742
-775772
-775783
-775791
-775854
-775933
-775955
-775987
-776000
-776024
-776093
-776100
-776109
-776120
-776125
-776128
-776146
-776157
-776163
-776178
-776229
-776323
-776330
-776346
-776354
-776368
-776400
-776408
-776408
-776417
-776442
-776463
-776533
-776569
-776571
-776583
-776592
-776596
-776603
-776643
-776647
-776654
-776659
-776660
-776685
-776688
-776701
-776718
-776726
-776732
-776754
-776787
-776879
-776898
-776936
-776947
-776949
-776964
-776974
-777000
-777005
-777018
-777058
-777081
-777092
-777101
-777106
-777145
-777154
-777164
-777175
-777180
-777181
-777183
-777183
-777208
-777222
-777223
-777230
-777264
-777293
-777307
-777316
-777335
-777345
-777359
-777370
-777373
-777396
-777402
-777428
-777434
-777447
-777487
-777547
-777577
-777584
-777600
-777625
-777688
-777725
-777725
-777739
-777743
-777744
-777765
-777782
-777782
-777833
-777852
-777878
-777880
-777890
-777892
-777899
-777907
-777916
-777931
-777965
-777978
-778008
-778034
-778059
-778122
-778189
-778190
-778227
-778246
-778274
-778285
-778318
-778348
-778356
-778365
-778416
-778423
-778448
-778453
-778456
-778467
-778482
-778492
-778501
-778523
-778536
-778537
-778556
-778600
-778601
-778616
-778633
-778635
-778637
-778647
-778661
-778671
-778701
-778706
-778707
-778734
-778750
-778756
-778775
-778791
-778827
-778828
-778855
-778995
-779039
-779041
-779044
-779052
-779065
-779066
-779123
-779127
-779141
-779151
-779168
-779170
-779175
-779199
-779201
-779230
-779237
-779239
-779240
-779248
-779279
-779298
-779320
-779360
-779362
-779381
-779410
-779415
-779454
-779455
-779472
-779472
-779519
-779563
-779640
-779672
-779679
-779682
-779690
-779732
-779733
-779735
-779755
-779757
-779771
-779791
-779806
-779884
-779892
-779919
-779949
-779958
-779970
-779976
-780006
-780012
-780014
-780029
-780037
-780085
-780091
-780116
-780180
-780180
-780197
-780205
-780225
-780253
-780326
-780334
-780393
-780405
-780462
-780469
-780493
-780513
-780536
-780585
-780596
-780599
-780646
-780684
-780695
-780732
-780742
-780749
-780759
-780776
-780802
-780838
-780854
-780879
-780908
-780915
-780927
-780939
-781008
-781090
-781114
-781129
-781174
-781188
-781201
-781205
-781206
-781286
-781288
-781313
-781318
-781363
-781368
-781387
-781400
-781407
-781416
-781457
-781461
-781468
-781475
-781476
-781529
-781529
-781532
-781567
-781567
-781609
-781650
-781661
-781662
-781672
-781683
-781683
-781687
-781763
-781774
-781779
-781785
-781787
-781791
-781826
-781847
-781874
-781895
-781903
-781912
-781913
-781914
-781937
-781957
-781982
-782006
-782010
-782046
-782070
-782072
-782073
-782100
-782127
-782129
-782134
-782176
-782184
-782216
-782235
-782265
-782273
-782313
-782314
-782380
-782388
-782410
-782507
-782511
-782527
-782530
-782531
-782545
-782550
-782566
-782573
-782575
-782580
-782615
-782648
-782663
-782680
-782687
-782702
-782704
-782752
-782755
-782781
-782818
-782823
-782827
-782839
-782897
-782910
-782910
-782913
-782967
-782984
-783056
-783057
-783080
-783091
-783118
-783120
-783166
-783180
-783203
-783214
-783223
-783252
-783254
-783273
-783284
-783285
-783286
-783314
-783316
-783430
-783432
-783436
-783483
-783493
-783497
-783549
-783549
-783553
-783591
-783633
-783655
-783691
-783707
-783723
-783741
-783743
-783750
-783763
-783769
-783782
-783810
-783848
-783848
-783892
-783900
-783912
-783916
-783921
-783964
-783965
-783996
-784007
-784007
-784008
-784010
-784019
-784031
-784039
-784110
-784135
-784169
-784205
-784250
-784261
-784275
-784307
-784314
-784343
-784367
-784387
-784417
-784424
-784430
-784436
-784442
-784449
-784485
-784493
-784501
-784527
-784540
-784545
-784567
-784611
-784627
-784640
-784642
-784746
-784754
-784811
-784902
-784917
-784921
-784926
-784958
-784966
-785010
-785043
-785045
-785049
-785084
-785096
-785099
-785119
-785128
-785159
-785215
-785219
-785254
-785273
-785295
-785308
-785335
-785346
-785364
-785364
-785385
-785438
-785439
-785462
-785463
-785484
-785511
-785592
-785623
-785624
-785717
-785721
-785756
-785758
-785774
-785850
-785854
-785883
-785917
-785919
-785934
-785939
-785945
-785967
-785993
-786053
-786057
-786071
-786103
-786111
-786124
-786130
-786132
-786154
-786163
-786225
-786231
-786232
-786252
-786254
-786279
-786285
-786286
-786303
-786340
-786346
-786351
-786367
-786368
-786380
-786384
-786401
-786408
-786427
-786443
-786447
-786454
-786459
-786502
-786529
-786560
-786633
-786645
-786657
-786682
-786683
-786693
-786713
-786738
-786784
-786787
-786871
-786877
-786910
-786967
-786971
-786977
-787122
-787143
-787149
-787179
-787204
-787214
-787233
-787291
-787310
-787336
-787338
-787346
-787386
-787389
-787395
-787426
-787429
-787432
-787477
-787511
-787561
-787589
-787604
-787664
-787672
-787677
-787689
-787718
-787722
-787749
-787806
-787809
-787810
-787810
-787827
-787830
-787850
-787864
-787868
-787932
-787934
-787940
-787951
-787983
-787986
-787993
-788011
-788041
-788060
-788095
-788099
-788103
-788119
-788126
-788143
-788158
-788162
-788165
-788166
-788182
-788190
-788195
-788209
-788214
-788215
-788241
-788263
-788299
-788312
-788323
-788326
-788336
-788375
-788378
-788433
-788437
-788482
-788541
-788550
-788558
-788561
-788578
-788588
-788590
-788592
-788633
-788657
-788703
-788767
-788778
-788793
-788799
-788804
-788806
-788871
-788884
-788887
-788920
-788924
-788944
-788961
-788974
-788982
-788989
-788992
-789000
-789001
-789004
-789022
-789059
-789083
-789089
-789125
-789136
-789156
-789193
-789201
-789233
-789242
-789281
-789289
-789297
-789307
-789320
-789340
-789347
-789404
-789428
-789432
-789461
-789474
-789527
-789527
-789537
-789547
-789593
-789598
-789640
-789654
-789726
-789728
-789772
-789779
-789794
-789803
-789804
-789816
-789865
-789879
-789903
-789915
-789922
-789930
-789938
-789981
-789982
-790002
-790007
-790010
-790021
-790032
-790034
-790045
-790090
-790096
-790099
-790122
-790140
-790165
-790183
-790194
-790246
-790289
-790308
-790335
-790385
-790388
-790422
-790451
-790491
-790499
-790518
-790534
-790578
-790652
-790744
-790796
-790831
-790833
-790835
-790858
-790863
-790866
-790870
-790881
-790933
-790970
-790981
-791019
-791024
-791049
-791056
-791072
-791074
-791092
-791128
-791239
-791250
-791270
-791271
-791305
-791310
-791356
-791363
-791377
-791397
-791433
-791439
-791452
-791463
-791473
-791473
-791473
-791476
-791493
-791506
-791512
-791515
-791528
-791558
-791575
-791586
-791619
-791630
-791639
-791649
-791668
-791671
-791715
-791729
-791731
-791762
-791768
-791777
-791786
-791822
-791848
-791873
-791885
-791960
-791984
-791988
-792015
-792023
-792035
-792084
-792094
-792096
-792109
-792157
-792161
-792179
-792185
-792192
-792212
-792242
-792247
-792278
-792341
-792347
-792371
-792420
-792442
-792468
-792495
-792508
-792516
-792521
-792547
-792559
-792565
-792576
-792604
-792628
-792660
-792677
-792689
-792689
-792721
-792786
-792825
-792856
-792912
-792922
-792944
-792946
-792969
-792992
-793001
-793003
-793128
-793184
-793206
-793236
-793242
-793278
-793302
-793322
-793326
-793331
-793362
-793389
-793394
-793417
-793511
-793514
-793543
-793550
-793653
-793708
-793722
-793745
-793766
-793766
-793787
-793815
-793816
-793817
-793825
-793832
-793841
-793853
-793921
-793921
-793936
-793952
-793963
-793978
-793979
-793982
-794003
-794004
-794006
-794008
-794061
-794108
-794110
-794160
-794166
-794201
-794222
-794228
-794233
-794276
-794292
-794299
-794324
-794386
-794443
-794445
-794486
-794500
-794506
-794508
-794531
-794535
-794538
-794577
-794613
-794637
-794716
-794742
-794761
-794800
-794821
-794842
-794864
-794889
-794920
-794940
-794960
-794973
-795003
-795052
-795055
-795060
-795070
-795090
-795097
-795121
-795151
-795188
-795252
-795280
-795284
-795291
-795303
-795320
-795368
-795385
-795416
-795418
-795437
-795453
-795456
-795458
-795493
-795502
-795526
-795537
-795542
-795545
-795567
-795568
-795587
-795595
-795624
-795633
-795634
-795667
-795669
-795682
-795684
-795820
-795834
-795838
-795860
-795879
-795882
-795885
-795893
-795896
-795898
-795914
-795973
-795982
-795998
-796020
-796024
-796033
-796068
-796095
-796108
-796150
-796162
-796163
-796171
-796183
-796184
-796195
-796196
-796207
-796215
-796234
-796244
-796260
-796268
-796298
-796299
-796330
-796331
-796334
-796345
-796470
-796488
-796515
-796543
-796574
-796598
-796611
-796662
-796671
-796672
-796748
-796750
-796777
-796778
-796787
-796825
-796846
-796848
-796864
-796885
-796897
-796916
-796949
-796952
-796961
-797006
-797009
-797017
-797025
-797048
-797074
-797076
-797077
-797100
-797105
-797106
-797110
-797122
-797132
-797134
-797140
-797215
-797232
-797277
-797298
-797303
-797308
-797363
-797370
-797377
-797380
-797430
-797433
-797445
-797449
-797454
-797460
-797534
-797540
-797543
-797559
-797569
-797591
-797598
-797649
-797710
-797728
-797749
-797758
-797775
-797782
-797816
-797825
-797837
-797842
-797862
-797877
-797882
-797889
-797891
-797905
-797924
-797932
-797933
-797953
-797981
-797984
-797984
-798071
-798084
-798109
-798109
-798120
-798124
-798127
-798145
-798164
-798170
-798173
-798207
-798220
-798224
-798244
-798250
-798258
-798259
-798285
-798300
-798330
-798344
-798368
-798393
-798400
-798401
-798410
-798417
-798424
-798425
-798457
-798516
-798545
-798558
-798563
-798567
-798609
-798611
-798634
-798645
-798645
-798703
-798713
-798738
-798751
-798807
-798815
-798836
-798871
-798895
-798913
-798918
-798919
-798968
-799024
-799038
-799051
-799057
-799085
-799111
-799131
-799148
-799153
-799166
-799175
-799260
-799278
-799286
-799303
-799312
-799313
-799314
-799352
-799373
-799376
-799406
-799487
-799492
-799518
-799522
-799526
-799531
-799538
-799540
-799542
-799543
-799562
-799598
-799660
-799673
-799695
-799712
-799713
-799728
-799739
-799776
-799820
-799824
-799854
-799854
-799890
-799927
-799935
-799963
-799970
-799975
-799986
-799991
-800021
-800055
-800061
-800069
-800079
-800088
-800120
-800123
-800124
-800146
-800180
-800183
-800227
-800248
-800285
-800292
-800306
-800318
-800344
-800349
-800381
-800406
-800467
-800473
-800521
-800538
-800557
-800564
-800597
-800607
-800617
-800617
-800635
-800636
-800643
-800723
-800742
-800761
-800772
-800776
-800789
-800830
-800878
-800905
-800938
-800943
-800945
-800981
-801003
-801009
-801039
-801057
-801058
-801070
-801090
-801118
-801122
-801161
-801171
-801213
-801229
-801260
-801272
-801280
-801305
-801322
-801332
-801360
-801420
-801428
-801428
-801430
-801444
-801448
-801459
-801476
-801488
-801509
-801521
-801550
-801592
-801602
-801639
-801670
-801673
-801725
-801732
-801736
-801747
-801787
-801803
-801808
-801814
-801830
-801864
-801875
-801879
-801909
-801936
-801946
-801956
-801968
-801998
-802019
-802043
-802066
-802090
-802095
-802096
-802097
-802126
-802135
-802157
-802162
-802177
-802201
-802218
-802232
-802244
-802246
-802269
-802321
-802381
-802394
-802413
-802433
-802468
-802474
-802475
-802481
-802530
-802557
-802564
-802572
-802575
-802594
-802595
-802607
-802609
-802610
-802648
-802649
-802665
-802680
-802685
-802686
-802692
-802727
-802747
-802807
-802808
-802811
-802830
-802833
-802836
-802907
-802921
-802929
-802955
-802959
-802989
-802997
-803024
-803033
-803060
-803112
-803118
-803130
-803163
-803163
-803214
-803214
-803288
-803348
-803380
-803445
-803445
-803448
-803463
-803468
-803560
-803586
-803591
-803699
-803712
-803796
-803896
-803907
-803913
-803916
-803926
-803951
-803989
-803989
-803993
-804002
-804006
-804009
-804025
-804032
-804083
-804084
-804087
-804111
-804113
-804118
-804140
-804156
-804169
-804177
-804183
-804186
-804203
-804224
-804231
-804246
-804262
-804276
-804334
-804342
-804358
-804364
-804384
-804398
-804413
-804442
-804445
-804466
-804494
-804495
-804500
-804505
-804521
-804532
-804559
-804572
-804576
-804587
-804610
-804630
-804637
-804644
-804664
-804671
-804676
-804712
-804715
-804732
-804757
-804764
-804787
-804790
-804805
-804832
-804835
-804852
-804856
-804882
-804883
-804929
-804931
-804942
-804996
-804999
-805034
-805038
-805091
-805095
-805137
-805139
-805155
-805169
-805175
-805183
-805229
-805283
-805287
-805303
-805310
-805343
-805362
-805378
-805414
-805419
-805432
-805465
-805472
-805476
-805497
-805522
-805555
-805559
-805562
-805593
-805603
-805610
-805700
-805745
-805770
-805777
-805789
-805821
-805851
-805861
-805866
-805907
-805925
-805929
-805954
-805973
-805989
-806052
-806088
-806098
-806118
-806176
-806205
-806234
-806248
-806282
-806297
-806299
-806313
-806350
-806359
-806374
-806374
-806378
-806389
-806424
-806443
-806446
-806513
-806522
-806523
-806536
-806538
-806554
-806598
-806599
-806638
-806656
-806657
-806658
-806688
-806720
-806727
-806732
-806734
-806765
-806824
-806848
-806886
-806896
-806904
-806913
-806943
-806948
-806992
-807050
-807062
-807068
-807092
-807105
-807115
-807121
-807134
-807148
-807148
-807149
-807151
-807152
-807166
-807212
-807226
-807228
-807239
-807271
-807273
-807297
-807309
-807346
-807354
-807408
-807415
-807478
-807499
-807624
-807656
-807665
-807672
-807678
-807743
-807786
-807791
-807808
-807818
-807836
-807842
-807858
-807873
-807926
-807952
-807961
-807981
-807983
-807992
-808055
-808071
-808171
-808181
-808202
-808204
-808220
-808235
-808247
-808297
-808327
-808329
-808333
-808348
-808371
-808372
-808379
-808397
-808440
-808488
-808490
-808517
-808523
-808535
-808556
-808567
-808623
-808647
-808672
-808675
-808680
-808688
-808692
-808743
-808744
-808749
-808750
-808781
-808817
-808832
-808862
-808863
-808869
-808870
-808899
-808908
-808908
-808910
-808949
-808964
-808992
-809006
-809017
-809024
-809032
-809040
-809045
-809068
-809070
-809072
-809115
-809205
-809208
-809228
-809260
-809276
-809282
-809284
-809358
-809359
-809398
-809410
-809452
-809461
-809470
-809478
-809489
-809521
-809555
-809557
-809579
-809600
-809615
-809623
-809639
-809664
-809665
-809702
-809731
-809745
-809756
-809831
-809870
-809885
-809905
-809907
-809928
-809931
-809935
-809936
-809941
-809941
-809954
-809957
-809972
-809997
-810003
-810013
-810054
-810055
-810067
-810099
-810126
-810153
-810167
-810189
-810273
-810299
-810318
-810329
-810361
-810377
-810419
-810447
-810456
-810481
-810488
-810508
-810525
-810550
-810573
-810576
-810587
-810606
-810606
-810621
-810666
-810744
-810768
-810812
-810839
-810869
-810873
-810908
-810926
-810988
-810993
-810993
-811038
-811038
-811049
-811095
-811121
-811134
-811221
-811227
-811247
-811260
-811273
-811284
-811310
-811323
-811359
-811378
-811389
-811398
-811413
-811427
-811432
-811440
-811461
-811483
-811484
-811486
-811506
-811524
-811540
-811542
-811547
-811551
-811579
-811588
-811614
-811624
-811676
-811680
-811706
-811750
-811762
-811768
-811778
-811786
-811818
-811831
-811858
-811875
-811882
-811916
-811944
-811954
-811958
-811982
-812017
-812036
-812070
-812071
-812098
-812193
-812222
-812240
-812244
-812264
-812277
-812293
-812309
-812337
-812349
-812416
-812418
-812431
-812465
-812625
-812630
-812641
-812707
-812727
-812762
-812805
-812835
-812839
-812850
-812882
-812907
-812910
-812923
-812933
-812936
-812966
-813011
-813029
-813084
-813088
-813094
-813096
-813096
-813118
-813147
-813147
-813173
-813215
-813224
-813232
-813252
-813254
-813258
-813265
-813266
-813275
-813277
-813288
-813348
-813352
-813365
-813366
-813396
-813422
-813424
-813425
-813427
-813437
-813439
-813465
-813468
-813485
-813502
-813516
-813520
-813531
-813538
-813566
-813605
-813606
-813612
-813631
-813665
-813700
-813713
-813729
-813733
-813748
-813781
-813781
-813811
-813821
-813829
-813861
-813894
-813915
-813928
-813947
-813982
-813986
-813994
-813998
-814002
-814069
-814166
-814176
-814218
-814234
-814261
-814265
-814270
-814273
-814289
-814314
-814348
-814384
-814395
-814411
-814414
-814421
-814439
-814457
-814476
-814535
-814570
-814601
-814606
-814658
-814756
-814763
-814763
-814778
-814782
-814820
-814822
-814828
-814829
-814853
-814858
-814882
-814928
-814931
-814934
-814942
-814944
-814978
-814994
-815031
-815035
-815053
-815055
-815055
-815082
-815086
-815106
-815127
-815137
-815150
-815155
-815156
-815302
-815324
-815347
-815362
-815368
-815382
-815429
-815431
-815442
-815466
-815498
-815554
-815578
-815657
-815669
-815697
-815714
-815726
-815764
-815807
-815818
-815836
-815844
-815853
-815854
-815858
-815880
-815888
-815890
-815896
-815925
-815930
-815932
-815941
-815946
-815957
-815968
-815990
-815993
-816035
-816040
-816049
-816066
-816124
-816164
-816170
-816172
-816190
-816198
-816225
-816248
-816250
-816273
-816301
-816331
-816341
-816382
-816387
-816414
-816422
-816453
-816471
-816505
-816526
-816526
-816533
-816546
-816574
-816579
-816605
-816605
-816663
-816680
-816733
-816762
-816823
-816856
-816881
-816888
-816918
-816922
-816923
-816931
-817004
-817004
-817015
-817031
-817048
-817066
-817087
-817099
-817127
-817161
-817168
-817229
-817232
-817252
-817262
-817262
-817299
-817385
-817388
-817389
-817409
-817441
-817462
-817467
-817467
-817494
-817496
-817524
-817534
-817549
-817550
-817576
-817600
-817636
-817668
-817673
-817684
-817726
-817744
-817757
-817760
-817765
-817811
-817837
-817885
-817892
-817892
-817900
-817917
-817934
-817971
-818047
-818073
-818077
-818111
-818111
-818114
-818165
-818186
-818207
-818219
-818274
-818277
-818361
-818371
-818371
-818384
-818436
-818456
-818461
-818476
-818486
-818492
-818494
-818507
-818654
-818659
-818678
-818684
-818696
-818714
-818726
-818735
-818744
-818768
-818770
-818789
-818791
-818799
-818843
-818880
-818897
-818908
-818918
-818971
-818986
-819003
-819011
-819028
-819035
-819043
-819044
-819067
-819083
-819095
-819263
-819283
-819343
-819352
-819393
-819420
-819556
-819576
-819631
-819661
-819676
-819687
-819689
-819738
-819768
-819770
-819777
-819813
-819824
-819853
-819869
-819871
-819889
-819963
-819966
-819981
-819985
-819989
-819990
-820043
-820090
-820091
-820114
-820124
-820234
-820307
-820313
-820331
-820345
-820397
-820412
-820418
-820425
-820476
-820545
-820547
-820642
-820646
-820663
-820663
-820664
-820683
-820686
-820687
-820694
-820704
-820766
-820771
-820801
-820824
-820843
-820886
-820897
-820947
-820951
-820954
-820956
-820965
-820979
-821012
-821014
-821052
-821059
-821084
-821085
-821086
-821101
-821112
-821157
-821214
-821230
-821232
-821331
-821393
-821433
-821433
-821463
-821464
-821491
-821495
-821527
-821539
-821562
-821562
-821566
-821583
-821609
-821623
-821689
-821694
-821759
-821763
-821816
-821825
-821844
-821848
-821861
-821922
-821922
-821950
-822022
-822060
-822064
-822090
-822164
-822181
-822187
-822213
-822221
-822225
-822298
-822300
-822305
-822327
-822333
-822349
-822361
-822373
-822426
-822478
-822504
-822533
-822584
-822629
-822634
-822635
-822696
-822697
-822706
-822721
-822723
-822764
-822776
-822784
-822801
-822807
-822832
-822842
-822842
-822843
-822883
-822896
-822908
-822939
-822997
-823032
-823033
-823038
-823103
-823104
-823145
-823155
-823158
-823159
-823186
-823194
-823254
-823258
-823261
-823322
-823347
-823387
-823396
-823421
-823456
-823499
-823504
-823533
-823557
-823561
-823563
-823565
-823613
-823643
-823650
-823658
-823708
-823729
-823756
-823763
-823766
-823767
-823795
-823801
-823802
-823849
-823854
-823867
-823872
-823887
-823919
-823921
-823937
-823974
-824003
-824040
-824061
-824120
-824176
-824184
-824204
-824219
-824235
-824252
-824252
-824281
-824286
-824299
-824312
-824331
-824340
-824341
-824397
-824404
-824441
-824475
-824491
-824500
-824509
-824524
-824524
-824533
-824566
-824580
-824632
-824635
-824695
-824699
-824703
-824704
-824722
-824738
-824756
-824771
-824790
-824796
-824851
-824855
-824883
-824898
-824900
-824936
-824939
-824947
-824948
-824957
-824989
-825007
-825041
-825059
-825116
-825168
-825218
-825222
-825226
-825227
-825246
-825277
-825290
-825301
-825318
-825326
-825392
-825404
-825405
-825431
-825434
-825458
-825463
-825484
-825525
-825529
-825537
-825552
-825554
-825575
-825608
-825618
-825643
-825652
-825667
-825667
-825677
-825688
-825695
-825696
-825707
-825756
-825768
-825780
-825785
-825787
-825794
-825796
-825805
-825820
-825826
-825834
-825842
-825861
-825867
-825897
-825898
-825943
-825989
-825990
-826002
-826094
-826097
-826114
-826150
-826162
-826201
-826203
-826231
-826234
-826236
-826236
-826238
-826244
-826251
-826327
-826344
-826351
-826359
-826366
-826375
-826377
-826380
-826442
-826463
-826466
-826518
-826533
-826535
-826649
-826656
-826676
-826692
-826707
-826753
-826774
-826776
-826781
-826789
-826799
-826850
-826884
-826946
-826950
-826971
-826981
-827001
-827003
-827004
-827035
-827068
-827070
-827088
-827094
-827108
-827135
-827144
-827179
-827186
-827193
-827227
-827267
-827269
-827271
-827281
-827284
-827319
-827328
-827372
-827458
-827470
-827514
-827516
-827520
-827614
-827622
-827664
-827696
-827732
-827740
-827752
-827796
-827802
-827821
-827844
-827900
-827937
-827973
-827981
-827983
-828061
-828087
-828112
-828161
-828162
-828205
-828210
-828211
-828223
-828245
-828256
-828258
-828261
-828272
-828328
-828332
-828419
-828453
-828457
-828459
-828469
-828475
-828476
-828490
-828492
-828512
-828541
-828552
-828578
-828580
-828584
-828590
-828641
-828653
-828657
-828683
-828688
-828691
-828736
-828749
-828788
-828789
-828799
-828837
-828892
-828905
-828924
-828946
-828977
-828981
-828984
-828985
-829017
-829031
-829035
-829070
-829087
-829091
-829092
-829106
-829150
-829162
-829179
-829187
-829255
-829260
-829260
-829275
-829324
-829329
-829357
-829394
-829414
-829425
-829427
-829472
-829473
-829481
-829564
-829572
-829612
-829622
-829627
-829655
-829667
-829669
-829673
-829719
-829752
-829791
-829825
-829834
-829878
-829881
-829928
-829936
-829949
-829952
-829957
-829958
-829994
-829995
-830010
-830040
-830082
-830088
-830090
-830092
-830097
-830118
-830145
-830196
-830232
-830241
-830250
-830269
-830376
-830412
-830415
-830424
-830442
-830471
-830481
-830491
-830502
-830505
-830516
-830539
-830543
-830598
-830631
-830655
-830690
-830746
-830751
-830751
-830808
-830815
-830818
-830824
-830826
-830839
-830866
-830869
-830873
-830887
-830889
-830901
-830909
-830912
-830992
-830995
-831005
-831032
-831053
-831053
-831072
-831081
-831082
-831087
-831098
-831119
-831120
-831120
-831139
-831178
-831187
-831188
-831202
-831206
-831220
-831229
-831240
-831242
-831263
-831292
-831302
-831305
-831305
-831305
-831323
-831329
-831368
-831377
-831507
-831508
-831513
-831513
-831524
-831588
-831600
-831618
-831619
-831626
-831645
-831738
-831745
-831764
-831772
-831841
-831849
-831865
-831897
-831897
-831901
-831916
-831931
-831935
-831940
-831945
-831951
-831956
-832012
-832020
-832041
-832084
-832102
-832109
-832167
-832172
-832191
-832212
-832235
-832240
-832246
-832247
-832268
-832303
-832323
-832323
-832334
-832338
-832345
-832384
-832404
-832430
-832446
-832455
-832458
-832458
-832466
-832467
-832471
-832505
-832561
-832572
-832610
-832617
-832627
-832643
-832653
-832661
-832671
-832678
-832690
-832720
-832727
-832734
-832755
-832787
-832812
-832833
-832849
-832851
-832868
-832894
-832894
-832931
-832935
-832974
-832996
-833014
-833048
-833059
-833062
-833067
-833131
-833133
-833157
-833168
-833176
-833176
-833212
-833218
-833284
-833301
-833330
-833341
-833377
-833380
-833408
-833432
-833458
-833492
-833500
-833502
-833521
-833523
-833527
-833551
-833566
-833600
-833620
-833640
-833650
-833664
-833724
-833745
-833750
-833752
-833773
-833777
-833792
-833857
-833905
-833911
-833943
-833972
-834001
-834051
-834075
-834086
-834139
-834171
-834176
-834190
-834210
-834243
-834269
-834281
-834296
-834347
-834384
-834408
-834413
-834423
-834438
-834447
-834456
-834490
-834495
-834501
-834502
-834519
-834535
-834541
-834548
-834583
-834590
-834592
-834596
-834611
-834619
-834644
-834689
-834689
-834731
-834751
-834752
-834762
-834812
-834821
-834845
-834896
-834905
-834957
-834961
-834974
-835056
-835077
-835109
-835110
-835115
-835125
-835129
-835134
-835171
-835173
-835173
-835187
-835199
-835206
-835209
-835242
-835248
-835307
-835360
-835386
-835422
-835487
-835525
-835542
-835561
-835588
-835640
-835673
-835715
-835721
-835758
-835811
-835822
-835844
-835854
-835900
-835916
-835922
-835930
-835933
-835940
-835965
-836013
-836028
-836037
-836071
-836077
-836092
-836113
-836146
-836148
-836175
-836189
-836200
-836205
-836218
-836222
-836241
-836244
-836260
-836281
-836295
-836324
-836334
-836340
-836355
-836395
-836423
-836442
-836448
-836449
-836488
-836494
-836558
-836574
-836599
-836632
-836639
-836662
-836700
-836738
-836740
-836744
-836761
-836771
-836876
-836878
-836888
-836909
-836910
-836996
-836998
-837020
-837031
-837034
-837045
-837057
-837080
-837084
-837138
-837185
-837213
-837274
-837284
-837297
-837312
-837337
-837394
-837417
-837435
-837437
-837449
-837462
-837587
-837628
-837659
-837662
-837691
-837729
-837734
-837749
-837785
-837799
-837826
-837845
-837856
-837894
-837896
-837908
-837916
-837960
-837984
-838003
-838013
-838016
-838021
-838039
-838084
-838109
-838122
-838129
-838134
-838153
-838184
-838186
-838243
-838278
-838279
-838309
-838311
-838329
-838342
-838349
-838355
-838358
-838360
-838364
-838375
-838392
-838425
-838425
-838429
-838458
-838481
-838518
-838523
-838524
-838538
-838543
-838566
-838660
-838661
-838682
-838701
-838727
-838740
-838753
-838762
-838762
-838795
-838851
-838854
-838927
-838968
-838977
-839042
-839047
-839061
-839090
-839092
-839107
-839138
-839146
-839148
-839172
-839189
-839248
-839297
-839319
-839335
-839341
-839344
-839394
-839417
-839433
-839460
-839470
-839491
-839492
-839548
-839550
-839615
-839628
-839641
-839673
-839682
-839692
-839701
-839706
-839724
-839727
-839756
-839771
-839791
-839831
-839911
-839926
-839968
-839970
-839973
-839974
-840047
-840052
-840067
-840171
-840179
-840189
-840211
-840235
-840256
-840261
-840315
-840341
-840347
-840357
-840399
-840401
-840436
-840456
-840458
-840459
-840469
-840502
-840525
-840526
-840574
-840575
-840581
-840596
-840596
-840615
-840650
-840656
-840700
-840706
-840718
-840734
-840745
-840777
-840809
-840821
-840825
-840857
-840867
-840874
-840882
-840913
-840924
-840932
-840963
-840980
-841004
-841034
-841034
-841036
-841041
-841067
-841161
-841168
-841195
-841197
-841223
-841242
-841338
-841347
-841360
-841378
-841390
-841420
-841431
-841470
-841482
-841485
-841538
-841544
-841561
-841588
-841600
-841600
-841606
-841644
-841653
-841680
-841690
-841719
-841720
-841727
-841778
-841813
-841814
-841854
-841854
-841915
-841939
-841952
-841967
-841968
-841970
-842045
-842046
-842046
-842059
-842091
-842098
-842141
-842164
-842171
-842183
-842231
-842269
-842277
-842312
-842320
-842345
-842349
-842367
-842376
-842394
-842405
-842414
-842416
-842424
-842456
-842463
-842524
-842527
-842606
-842627
-842629
-842667
-842704
-842704
-842710
-842750
-842756
-842760
-842760
-842769
-842775
-842785
-842802
-842859
-842869
-842881
-842930
-842949
-842950
-842956
-842959
-842989
-843011
-843015
-843036
-843064
-843089
-843090
-843103
-843111
-843144
-843174
-843181
-843183
-843183
-843208
-843211
-843294
-843301
-843341
-843356
-843356
-843363
-843363
-843409
-843451
-843471
-843481
-843520
-843579
-843586
-843591
-843615
-843639
-843655
-843688
-843697
-843707
-843761
-843764
-843767
-843773
-843780
-843781
-843795
-843822
-843829
-843832
-843838
-843855
-843868
-843882
-843903
-843931
-843941
-843949
-843959
-843964
-843997
-844009
-844022
-844029
-844058
-844066
-844068
-844076
-844087
-844146
-844146
-844202
-844206
-844209
-844228
-844258
-844275
-844293
-844336
-844346
-844360
-844368
-844372
-844390
-844422
-844434
-844438
-844442
-844490
-844500
-844516
-844538
-844547
-844575
-844583
-844594
-844594
-844608
-844653
-844679
-844683
-844694
-844700
-844728
-844787
-844812
-844822
-844845
-844848
-844895
-844990
-844997
-845001
-845028
-845096
-845107
-845108
-845153
-845198
-845215
-845303
-845321
-845328
-845329
-845339
-845356
-845389
-845453
-845467
-845468
-845521
-845594
-845616
-845642
-845643
-845661
-845661
-845691
-845694
-845726
-845793
-845824
-845846
-845859
-845863
-845868
-845976
-845983
-846002
-846015
-846093
-846131
-846146
-846148
-846177
-846196
-846218
-846224
-846254
-846292
-846298
-846333
-846342
-846343
-846350
-846356
-846357
-846370
-846373
-846410
-846445
-846451
-846475
-846496
-846517
-846573
-846577
-846590
-846611
-846633
-846675
-846737
-846754
-846763
-846773
-846801
-846836
-846869
-846870
-846905
-846926
-846948
-846958
-847001
-847051
-847052
-847059
-847065
-847076
-847083
-847084
-847090
-847103
-847106
-847134
-847165
-847188
-847205
-847219
-847259
-847267
-847281
-847290
-847311
-847362
-847370
-847372
-847373
-847420
-847433
-847449
-847452
-847469
-847484
-847488
-847504
-847525
-847549
-847575
-847575
-847597
-847600
-847600
-847638
-847658
-847671
-847711
-847727
-847735
-847739
-847740
-847784
-847787
-847788
-847816
-847910
-847921
-847928
-847939
-847958
-848001
-848008
-848029
-848041
-848061
-848065
-848122
-848146
-848153
-848156
-848227
-848320
-848334
-848355
-848386
-848386
-848390
-848417
-848462
-848463
-848463
-848472
-848477
-848480
-848482
-848503
-848529
-848550
-848557
-848580
-848580
-848589
-848600
-848601
-848636
-848641
-848655
-848664
-848679
-848688
-848722
-848747
-848794
-848797
-848798
-848809
-848819
-848825
-848852
-848867
-848887
-848901
-848917
-848938
-848941
-848951
-849057
-849065
-849067
-849120
-849133
-849136
-849170
-849190
-849248
-849250
-849269
-849270
-849273
-849281
-849331
-849351
-849373
-849396
-849460
-849545
-849545
-849596
-849623
-849685
-849710
-849715
-849718
-849722
-849726
-849747
-849810
-849815
-849911
-849930
-849932
-849938
-849975
-849992
-850014
-850021
-850131
-850151
-850177
-850184
-850191
-850203
-850205
-850209
-850210
-850218
-850236
-850286
-850312
-850316
-850323
-850357
-850369
-850398
-850445
-850465
-850480
-850512
-850564
-850591
-850591
-850608
-850662
-850673
-850689
-850695
-850707
-850710
-850729
-850745
-850761
-850778
-850799
-850815
-850832
-850845
-850851
-850863
-850885
-850894
-850922
-850928
-850939
-850983
-851009
-851042
-851044
-851058
-851067
-851086
-851105
-851118
-851208
-851243
-851276
-851295
-851298
-851315
-851434
-851437
-851439
-851464
-851524
-851565
-851571
-851580
-851599
-851600
-851628
-851632
-851633
-851660
-851704
-851714
-851718
-851763
-851799
-851836
-851839
-851850
-851885
-851894
-851897
-851931
-851938
-851995
-852015
-852031
-852038
-852040
-852058
-852069
-852085
-852098
-852102
-852109
-852114
-852124
-852163
-852189
-852195
-852195
-852198
-852205
-852215
-852226
-852232
-852247
-852270
-852278
-852279
-852289
-852304
-852333
-852397
-852398
-852417
-852476
-852505
-852519
-852521
-852544
-852552
-852583
-852601
-852613
-852619
-852622
-852667
-852696
-852701
-852723
-852755
-852768
-852793
-852813
-852841
-852955
-852966
-852977
-852991
-852995
-853025
-853030
-853048
-853059
-853099
-853104
-853114
-853120
-853128
-853135
-853154
-853160
-853161
-853172
-853187
-853257
-853286
-853299
-853306
-853312
-853315
-853316
-853344
-853346
-853359
-853418
-853427
-853427
-853435
-853464
-853470
-853513
-853540
-853550
-853555
-853560
-853560
-853587
-853618
-853647
-853666
-853668
-853724
-853752
-853770
-853771
-853796
-853814
-853833
-853852
-853876
-853877
-853934
-853959
-853967
-854002
-854018
-854038
-854048
-854048
-854125
-854140
-854165
-854170
-854180
-854220
-854256
-854284
-854355
-854362
-854383
-854431
-854440
-854464
-854468
-854481
-854503
-854548
-854585
-854611
-854612
-854633
-854641
-854687
-854722
-854756
-854760
-854767
-854787
-854790
-854805
-854820
-854821
-854835
-854844
-854863
-854876
-854895
-854925
-854929
-854942
-854945
-854951
-855055
-855069
-855099
-855106
-855132
-855162
-855179
-855217
-855217
-855276
-855330
-855365
-855372
-855379
-855385
-855386
-855392
-855396
-855504
-855528
-855555
-855583
-855584
-855611
-855643
-855692
-855728
-855737
-855760
-855813
-855825
-855838
-855854
-855881
-855912
-855913
-855997
-856022
-856025
-856055
-856061
-856109
-856127
-856158
-856180
-856185
-856211
-856226
-856257
-856272
-856290
-856301
-856325
-856327
-856365
-856448
-856459
-856480
-856484
-856495
-856497
-856502
-856507
-856508
-856519
-856523
-856553
-856573
-856625
-856637
-856638
-856663
-856685
-856685
-856693
-856723
-856744
-856759
-856807
-856809
-856831
-856866
-856882
-856937
-856940
-856945
-856945
-856953
-856971
-856993
-857001
-857002
-857014
-857014
-857054
-857082
-857109
-857138
-857170
-857181
-857182
-857213
-857214
-857221
-857230
-857244
-857247
-857252
-857303
-857310
-857328
-857339
-857347
-857384
-857390
-857405
-857427
-857455
-857465
-857539
-857551
-857555
-857635
-857636
-857651
-857667
-857675
-857700
-857712
-857747
-857763
-857813
-857831
-857841
-857867
-857867
-857876
-857891
-857891
-857893
-857894
-857902
-857910
-857913
-857915
-857915
-857927
-857971
-857987
-858054
-858060
-858092
-858118
-858158
-858163
-858173
-858189
-858207
-858210
-858247
-858278
-858285
-858291
-858322
-858359
-858376
-858387
-858402
-858410
-858624
-858656
-858662
-858674
-858742
-858752
-858757
-858856
-858872
-858882
-858899
-858962
-858975
-858975
-858988
-858992
-859020
-859042
-859050
-859071
-859073
-859077
-859155
-859171
-859182
-859191
-859201
-859210
-859212
-859214
-859230
-859257
-859280
-859291
-859302
-859352
-859386
-859398
-859414
-859414
-859429
-859466
-859496
-859523
-859526
-859544
-859572
-859576
-859583
-859595
-859653
-859663
-859672
-859717
-859746
-859753
-859761
-859778
-859780
-859792
-859802
-859838
-859902
-859930
-859932
-859944
-859978
-859988
-860016
-860029
-860052
-860062
-860099
-860112
-860117
-860199
-860206
-860210
-860212
-860222
-860251
-860278
-860311
-860338
-860374
-860386
-860388
-860401
-860408
-860419
-860431
-860465
-860532
-860544
-860548
-860548
-860550
-860553
-860566
-860569
-860607
-860638
-860652
-860668
-860726
-860756
-860758
-860797
-860798
-860810
-860810
-860819
-860822
-860861
-860900
-861004
-861005
-861018
-861023
-861095
-861096
-861105
-861114
-861121
-861127
-861127
-861131
-861161
-861213
-861218
-861233
-861247
-861248
-861328
-861341
-861357
-861379
-861384
-861403
-861438
-861445
-861468
-861546
-861549
-861576
-861583
-861597
-861598
-861629
-861641
-861667
-861743
-861773
-861809
-861812
-861821
-861854
-861910
-861927
-861970
-862004
-862009
-862020
-862027
-862089
-862093
-862093
-862120
-862139
-862146
-862172
-862186
-862192
-862217
-862275
-862293
-862311
-862319
-862390
-862401
-862444
-862474
-862482
-862507
-862509
-862512
-862526
-862527
-862535
-862538
-862551
-862552
-862577
-862591
-862609
-862628
-862631
-862689
-862717
-862731
-862744
-862748
-862773
-862781
-862818
-862885
-862911
-862919
-862923
-862926
-862928
-862960
-862983
-863037
-863040
-863041
-863058
-863062
-863109
-863109
-863171
-863195
-863235
-863240
-863246
-863247
-863278
-863283
-863304
-863313
-863335
-863342
-863346
-863347
-863349
-863365
-863379
-863385
-863403
-863412
-863420
-863486
-863490
-863523
-863525
-863546
-863547
-863553
-863566
-863578
-863622
-863623
-863648
-863665
-863676
-863685
-863710
-863715
-863742
-863771
-863850
-863888
-863900
-863924
-863947
-864018
-864021
-864043
-864055
-864078
-864080
-864095
-864119
-864182
-864191
-864200
-864203
-864208
-864234
-864246
-864256
-864281
-864317
-864322
-864324
-864349
-864368
-864383
-864444
-864458
-864557
-864566
-864576
-864592
-864594
-864623
-864640
-864667
-864690
-864696
-864726
-864728
-864767
-864792
-864807
-864829
-864838
-864847
-864850
-864859
-864868
-864881
-864905
-864915
-864916
-864938
-864953
-864971
-864977
-864979
-864988
-865027
-865043
-865047
-865056
-865065
-865088
-865199
-865214
-865254
-865261
-865309
-865324
-865333
-865359
-865363
-865381
-865407
-865424
-865444
-865450
-865450
-865462
-865479
-865482
-865489
-865489
-865489
-865553
-865565
-865577
-865601
-865612
-865618
-865642
-865683
-865694
-865706
-865710
-865715
-865770
-865772
-865787
-865792
-865832
-865840
-865859
-865876
-865896
-865948
-865976
-865993
-866000
-866024
-866024
-866043
-866052
-866124
-866135
-866141
-866162
-866162
-866165
-866173
-866177
-866183
-866277
-866328
-866409
-866415
-866423
-866458
-866458
-866488
-866493
-866512
-866519
-866527
-866536
-866637
-866656
-866678
-866685
-866698
-866753
-866754
-866758
-866778
-866790
-866812
-866825
-866840
-866860
-866862
-866863
-866874
-866886
-866917
-866918
-866923
-866959
-866991
-866992
-867033
-867135
-867135
-867162
-867188
-867208
-867225
-867248
-867258
-867278
-867293
-867377
-867389
-867402
-867403
-867422
-867425
-867452
-867457
-867515
-867554
-867558
-867587
-867610
-867639
-867644
-867794
-867869
-867913
-867928
-867930
-867985
-868024
-868120
-868174
-868235
-868242
-868255
-868260
-868260
-868295
-868320
-868359
-868395
-868415
-868468
-868516
-868569
-868578
-868651
-868665
-868707
-868717
-868722
-868740
-868780
-868797
-868816
-868839
-868843
-868904
-868904
-868929
-868929
-868950
-868954
-868978
-868989
-869024
-869028
-869045
-869050
-869051
-869077
-869079
-869100
-869113
-869170
-869209
-869255
-869275
-869288
-869306
-869357
-869449
-869451
-869465
-869473
-869485
-869517
-869547
-869631
-869635
-869644
-869665
-869665
-869666
-869679
-869690
-869732
-869740
-869774
-869783
-869873
-869912
-869913
-869919
-869951
-869999
-870047
-870065
-870105
-870112
-870122
-870148
-870150
-870151
-870213
-870244
-870257
-870286
-870294
-870307
-870331
-870370
-870398
-870462
-870498
-870517
-870531
-870538
-870543
-870554
-870564
-870624
-870660
-870695
-870841
-870851
-870879
-870920
-870990
-871015
-871016
-871068
-871111
-871149
-871162
-871179
-871280
-871293
-871324
-871330
-871332
-871337
-871340
-871355
-871373
-871445
-871471
-871480
-871494
-871498
-871502
-871572
-871581
-871582
-871603
-871651
-871673
-871674
-871675
-871705
-871751
-871827
-871842
-871850
-871866
-871980
-872009
-872012
-872025
-872068
-872077
-872086
-872110
-872112
-872123
-872133
-872150
-872156
-872156
-872190
-872229
-872232
-872242
-872290
-872296
-872340
-872364
-872393
-872447
-872448
-872483
-872496
-872507
-872510
-872534
-872536
-872553
-872559
-872588
-872600
-872604
-872648
-872651
-872683
-872685
-872710
-872740
-872741
-872765
-872775
-872781
-872781
-872808
-872847
-872849
-872883
-872895
-872944
-872948
-872950
-872954
-872955
-873080
-873081
-873084
-873085
-873089
-873094
-873143
-873248
-873250
-873312
-873317
-873327
-873352
-873355
-873365
-873389
-873391
-873471
-873504
-873542
-873565
-873568
-873583
-873583
-873597
-873619
-873664
-873796
-873798
-873817
-873837
-873849
-873849
-873856
-873881
-873890
-873895
-873917
-873938
-873940
-873942
-873957
-873968
-873984
-873997
-874009
-874030
-874058
-874064
-874072
-874090
-874140
-874225
-874226
-874241
-874255
-874284
-874309
-874328
-874349
-874363
-874378
-874402
-874424
-874480
-874604
-874620
-874627
-874636
-874667
-874693
-874711
-874714
-874717
-874718
-874718
-874780
-874799
-874804
-874812
-874815
-874834
-874859
-874885
-874888
-874892
-874912
-874925
-874927
-874935
-874943
-875053
-875081
-875082
-875090
-875093
-875103
-875113
-875146
-875152
-875156
-875204
-875214
-875227
-875231
-875234
-875237
-875238
-875242
-875278
-875315
-875333
-875341
-875345
-875352
-875375
-875381
-875395
-875400
-875442
-875452
-875544
-875552
-875569
-875612
-875640
-875654
-875658
-875664
-875666
-875686
-875689
-875707
-875708
-875710
-875729
-875730
-875757
-875764
-875770
-875774
-875800
-875803
-875852
-875878
-875925
-875930
-875977
-875999
-876003
-876008
-876017
-876021
-876041
-876047
-876060
-876078
-876080
-876083
-876166
-876166
-876212
-876216
-876225
-876287
-876309
-876340
-876395
-876403
-876404
-876410
-876423
-876430
-876458
-876469
-876470
-876471
-876472
-876507
-876519
-876553
-876587
-876589
-876601
-876639
-876648
-876658
-876662
-876665
-876668
-876672
-876681
-876694
-876694
-876703
-876708
-876741
-876759
-876775
-876807
-876948
-876972
-876973
-876976
-876979
-877010
-877046
-877051
-877076
-877076
-877098
-877106
-877110
-877146
-877183
-877237
-877237
-877238
-877239
-877248
-877312
-877351
-877360
-877378
-877383
-877406
-877438
-877444
-877501
-877508
-877604
-877610
-877678
-877682
-877717
-877758
-877822
-877854
-877860
-877863
-877886
-877893
-877896
-877898
-877945
-877960
-877968
-877971
-877999
-878014
-878016
-878023
-878027
-878034
-878036
-878070
-878076
-878092
-878124
-878213
-878237
-878244
-878256
-878276
-878343
-878345
-878365
-878407
-878427
-878480
-878491
-878532
-878612
-878623
-878625
-878667
-878709
-878712
-878721
-878753
-878766
-878769
-878774
-878806
-878808
-878825
-878835
-878894
-878909
-878953
-878989
-879002
-879008
-879058
-879071
-879082
-879083
-879102
-879105
-879152
-879207
-879264
-879318
-879340
-879357
-879358
-879359
-879361
-879420
-879457
-879505
-879511
-879517
-879528
-879536
-879552
-879554
-879557
-879598
-879605
-879637
-879639
-879715
-879721
-879727
-879732
-879761
-879775
-879804
-879811
-879818
-879919
-879923
-879948
-879977
-879988
-879996
-880026
-880035
-880064
-880069
-880071
-880134
-880155
-880167
-880186
-880210
-880227
-880231
-880254
-880312
-880322
-880350
-880387
-880387
-880395
-880406
-880427
-880431
-880442
-880469
-880470
-880503
-880532
-880537
-880597
-880603
-880646
-880663
-880697
-880699
-880717
-880725
-880733
-880751
-880757
-880768
-880796
-880802
-880808
-880822
-880830
-880855
-880877
-880929
-880963
-880971
-880987
-881024
-881037
-881068
-881088
-881090
-881111
-881113
-881113
-881118
-881167
-881178
-881215
-881222
-881259
-881263
-881264
-881316
-881320
-881322
-881324
-881341
-881360
-881365
-881367
-881392
-881436
-881472
-881507
-881509
-881514
-881521
-881536
-881544
-881557
-881562
-881580
-881595
-881602
-881612
-881613
-881663
-881726
-881733
-881759
-881767
-881781
-881857
-881882
-881932
-881945
-881958
-882001
-882008
-882015
-882022
-882131
-882152
-882176
-882181
-882202
-882202
-882213
-882215
-882240
-882243
-882326
-882330
-882333
-882447
-882466
-882481
-882550
-882584
-882598
-882615
-882621
-882631
-882644
-882654
-882656
-882674
-882690
-882707
-882732
-882758
-882793
-882814
-882846
-882847
-882897
-882918
-882985
-882992
-882998
-883027
-883028
-883055
-883075
-883081
-883102
-883109
-883116
-883204
-883207
-883258
-883302
-883315
-883336
-883362
-883367
-883383
-883403
-883416
-883439
-883506
-883511
-883519
-883539
-883543
-883559
-883562
-883606
-883632
-883639
-883689
-883718
-883737
-883749
-883760
-883771
-883778
-883812
-883849
-883855
-883892
-883912
-883920
-883938
-883939
-883996
-884011
-884082
-884088
-884094
-884125
-884203
-884271
-884285
-884350
-884361
-884395
-884401
-884479
-884509
-884515
-884524
-884552
-884569
-884579
-884584
-884586
-884604
-884621
-884631
-884634
-884645
-884651
-884686
-884697
-884710
-884722
-884733
-884737
-884841
-884881
-884883
-884889
-884939
-884965
-885008
-885038
-885080
-885092
-885100
-885126
-885191
-885198
-885214
-885219
-885234
-885237
-885241
-885246
-885246
-885250
-885330
-885412
-885412
-885425
-885425
-885426
-885461
-885543
-885563
-885564
-885593
-885597
-885622
-885632
-885657
-885694
-885774
-885780
-885788
-885821
-885832
-885861
-885881
-885899
-885920
-885926
-885927
-885944
-885946
-885960
-885961
-885970
-885986
-885993
-885995
-885997
-886038
-886083
-886096
-886098
-886103
-886111
-886118
-886128
-886146
-886169
-886173
-886186
-886187
-886244
-886269
-886270
-886291
-886328
-886405
-886417
-886517
-886518
-886519
-886537
-886545
-886566
-886569
-886577
-886593
-886609
-886648
-886711
-886746
-886746
-886748
-886766
-886768
-886778
-886795
-886796
-886832
-886833
-886843
-886876
-886922
-886929
-886931
-886946
-886955
-886959
-886961
-886987
-886989
-886991
-886996
-887015
-887025
-887030
-887040
-887057
-887062
-887077
-887106
-887195
-887234
-887245
-887349
-887362
-887463
-887503
-887523
-887575
-887600
-887660
-887710
-887730
-887735
-887744
-887748
-887791
-887795
-887868
-887883
-887888
-887889
-887893
-887907
-887941
-887987
-888004
-888057
-888096
-888118
-888146
-888150
-888153
-888155
-888222
-888247
-888248
-888344
-888377
-888404
-888409
-888452
-888473
-888483
-888505
-888539
-888558
-888562
-888585
-888621
-888666
-888671
-888676
-888699
-888702
-888742
-888748
-888781
-888799
-888805
-888808
-888908
-888913
-888925
-888940
-888941
-888952
-888961
-889012
-889040
-889046
-889078
-889084
-889089
-889093
-889095
-889139
-889183
-889204
-889301
-889343
-889360
-889368
-889381
-889395
-889429
-889449
-889481
-889499
-889507
-889526
-889543
-889568
-889594
-889675
-889684
-889697
-889705
-889782
-889792
-889795
-889797
-889803
-889812
-889833
-889861
-889999
-890037
-890037
-890043
-890046
-890056
-890093
-890101
-890103
-890104
-890109
-890115
-890120
-890131
-890136
-890162
-890171
-890179
-890187
-890199
-890249
-890273
-890282
-890317
-890329
-890333
-890394
-890438
-890448
-890465
-890478
-890523
-890596
-890609
-890618
-890638
-890643
-890645
-890665
-890682
-890719
-890721
-890722
-890733
-890735
-890757
-890791
-890806
-890850
-890865
-890894
-890896
-890901
-890922
-890947
-890949
-890954
-891006
-891021
-891041
-891055
-891068
-891077
-891122
-891148
-891149
-891155
-891161
-891177
-891196
-891205
-891220
-891296
-891313
-891323
-891402
-891421
-891426
-891445
-891477
-891491
-891513
-891527
-891543
-891571
-891582
-891587
-891596
-891635
-891650
-891652
-891665
-891680
-891682
-891695
-891698
-891703
-891714
-891727
-891732
-891732
-891832
-891841
-891854
-891862
-891872
-891878
-891881
-891887
-891894
-891920
-891924
-891942
-891946
-891956
-891979
-891989
-892002
-892028
-892049
-892059
-892079
-892100
-892105
-892118
-892142
-892145
-892152
-892156
-892166
-892178
-892186
-892201
-892267
-892271
-892307
-892317
-892347
-892348
-892378
-892411
-892417
-892445
-892457
-892513
-892523
-892585
-892609
-892648
-892667
-892685
-892702
-892712
-892761
-892768
-892787
-892797
-892801
-892810
-892836
-892863
-892880
-892887
-892888
-892893
-892912
-892925
-892934
-892936
-892952
-892976
-892994
-893046
-893086
-893092
-893094
-893095
-893126
-893126
-893142
-893176
-893178
-893187
-893215
-893286
-893294
-893328
-893337
-893343
-893380
-893390
-893392
-893417
-893426
-893444
-893445
-893488
-893491
-893502
-893510
-893542
-893560
-893600
-893601
-893630
-893639
-893686
-893691
-893691
-893698
-893704
-893705
-893722
-893730
-893756
-893802
-893816
-893828
-893837
-893861
-893866
-893866
-893892
-894063
-894106
-894110
-894114
-894123
-894139
-894205
-894219
-894243
-894247
-894248
-894257
-894259
-894286
-894305
-894332
-894375
-894382
-894399
-894422
-894423
-894425
-894438
-894462
-894462
-894513
-894551
-894565
-894623
-894628
-894640
-894644
-894666
-894701
-894720
-894732
-894732
-894759
-894793
-894798
-894810
-894844
-894847
-894865
-894888
-894901
-894915
-894923
-894943
-894948
-894985
-895001
-895014
-895022
-895122
-895153
-895174
-895215
-895217
-895257
-895258
-895261
-895291
-895330
-895356
-895358
-895379
-895392
-895407
-895409
-895424
-895434
-895453
-895462
-895545
-895630
-895650
-895651
-895681
-895704
-895713
-895749
-895756
-895775
-895817
-895844
-895846
-895924
-895927
-895934
-895968
-895989
-895989
-896014
-896058
-896061
-896066
-896072
-896073
-896079
-896080
-896082
-896084
-896139
-896152
-896155
-896163
-896166
-896169
-896172
-896181
-896202
-896215
-896233
-896236
-896242
-896265
-896283
-896291
-896306
-896309
-896333
-896402
-896408
-896409
-896422
-896428
-896457
-896519
-896535
-896536
-896579
-896621
-896629
-896633
-896689
-896710
-896725
-896726
-896731
-896734
-896735
-896769
-896791
-896806
-896819
-896883
-896883
-896890
-896922
-897022
-897041
-897069
-897102
-897155
-897162
-897220
-897226
-897263
-897270
-897270
-897278
-897290
-897299
-897304
-897305
-897349
-897377
-897409
-897415
-897427
-897458
-897465
-897509
-897542
-897587
-897637
-897643
-897647
-897769
-897788
-897795
-897803
-897905
-897907
-897911
-897936
-898051
-898071
-898091
-898142
-898157
-898178
-898207
-898212
-898217
-898237
-898238
-898247
-898251
-898271
-898289
-898293
-898304
-898337
-898379
-898391
-898405
-898408
-898411
-898484
-898484
-898520
-898533
-898599
-898655
-898680
-898728
-898738
-898758
-898759
-898759
-898768
-898786
-898797
-898829
-898844
-898940
-898942
-898948
-898950
-898964
-898984
-899028
-899063
-899117
-899128
-899223
-899240
-899324
-899379
-899390
-899420
-899444
-899479
-899516
-899522
-899533
-899543
-899552
-899562
-899562
-899618
-899619
-899622
-899634
-899648
-899692
-899706
-899712
-899742
-899744
-899807
-899817
-899843
-899845
-899847
-899852
-899907
-899929
-899940
-899961
-899967
-899990
-900012
-900024
-900025
-900039
-900052
-900068
-900097
-900101
-900113
-900146
-900149
-900171
-900178
-900178
-900188
-900217
-900271
-900303
-900309
-900337
-900405
-900408
-900414
-900437
-900439
-900509
-900518
-900518
-900523
-900556
-900570
-900575
-900589
-900590
-900608
-900613
-900694
-900721
-900728
-900769
-900777
-900810
-900818
-900827
-900837
-900849
-900854
-900863
-900868
-900880
-900896
-900934
-900947
-900958
-900966
-900990
-900991
-901003
-901005
-901012
-901041
-901057
-901072
-901088
-901095
-901104
-901112
-901121
-901129
-901130
-901141
-901141
-901159
-901170
-901170
-901203
-901231
-901253
-901277
-901282
-901303
-901305
-901323
-901329
-901339
-901343
-901388
-901402
-901418
-901483
-901499
-901567
-901597
-901600
-901629
-901629
-901636
-901640
-901647
-901648
-901650
-901656
-901657
-901683
-901699
-901700
-901715
-901747
-901796
-901807
-901846
-901847
-901859
-901887
-901903
-901927
-901943
-901963
-901964
-901981
-902007
-902009
-902014
-902018
-902035
-902036
-902043
-902052
-902082
-902099
-902126
-902135
-902172
-902172
-902210
-902225
-902238
-902282
-902288
-902300
-902360
-902366
-902374
-902378
-902395
-902415
-902417
-902464
-902465
-902471
-902481
-902485
-902489
-902493
-902500
-902517
-902527
-902553
-902582
-902589
-902619
-902633
-902656
-902669
-902677
-902681
-902699
-902771
-902772
-902780
-902825
-902868
-902872
-902884
-902886
-902948
-903013
-903047
-903091
-903091
-903099
-903108
-903129
-903131
-903162
-903179
-903185
-903193
-903226
-903239
-903257
-903269
-903281
-903304
-903365
-903383
-903389
-903437
-903465
-903477
-903504
-903509
-903518
-903533
-903534
-903544
-903586
-903600
-903604
-903604
-903677
-903694
-903694
-903703
-903721
-903750
-903752
-903757
-903773
-903797
-903800
-903821
-903830
-903859
-903954
-903961
-904069
-904097
-904123
-904146
-904187
-904207
-904217
-904250
-904275
-904296
-904302
-904308
-904308
-904356
-904364
-904371
-904382
-904388
-904393
-904410
-904484
-904497
-904519
-904547
-904566
-904577
-904584
-904599
-904618
-904642
-904642
-904697
-904697
-904713
-904751
-904761
-904792
-904794
-904800
-904801
-904815
-904832
-904832
-904832
-904845
-904875
-904901
-904909
-904911
-904932
-904933
-904937
-904966
-904993
-905027
-905049
-905075
-905159
-905171
-905188
-905246
-905257
-905266
-905267
-905281
-905282
-905312
-905319
-905361
-905363
-905370
-905407
-905415
-905426
-905442
-905454
-905477
-905494
-905494
-905499
-905500
-905508
-905516
-905517
-905542
-905551
-905551
-905613
-905617
-905630
-905636
-905647
-905669
-905687
-905695
-905715
-905727
-905736
-905737
-905758
-905762
-905785
-905786
-905792
-905818
-905824
-905842
-905850
-905852
-905859
-905874
-905875
-905924
-905931
-905958
-905994
-905997
-906003
-906017
-906024
-906031
-906043
-906052
-906122
-906151
-906197
-906202
-906205
-906207
-906214
-906215
-906280
-906320
-906344
-906344
-906349
-906352
-906422
-906429
-906470
-906478
-906478
-906505
-906522
-906523
-906544
-906556
-906558
-906576
-906588
-906596
-906602
-906614
-906647
-906655
-906668
-906681
-906683
-906749
-906786
-906802
-906821
-906843
-906847
-906880
-906883
-906912
-906934
-906954
-906955
-906973
-907036
-907044
-907046
-907050
-907071
-907093
-907095
-907103
-907115
-907136
-907138
-907244
-907258
-907259
-907301
-907306
-907313
-907316
-907318
-907356
-907357
-907363
-907367
-907390
-907445
-907455
-907464
-907473
-907479
-907497
-907512
-907533
-907594
-907612
-907634
-907685
-907688
-907722
-907740
-907753
-907766
-907782
-907797
-907806
-907818
-907852
-907866
-907894
-907931
-907979
-907983
-908022
-908062
-908112
-908124
-908156
-908204
-908222
-908247
-908274
-908302
-908302
-908331
-908335
-908369
-908373
-908393
-908405
-908441
-908465
-908468
-908502
-908543
-908545
-908572
-908618
-908660
-908677
-908738
-908748
-908754
-908762
-908773
-908779
-908868
-908911
-908917
-908944
-908952
-908954
-908971
-908991
-908995
-909029
-909033
-909053
-909059
-909080
-909094
-909112
-909114
-909116
-909121
-909129
-909159
-909170
-909170
-909177
-909179
-909215
-909229
-909260
-909276
-909288
-909314
-909318
-909335
-909341
-909354
-909362
-909388
-909408
-909423
-909438
-909441
-909446
-909464
-909509
-909567
-909617
-909621
-909634
-909654
-909692
-909700
-909735
-909831
-909843
-909846
-909861
-909877
-909917
-909926
-909937
-909939
-909994
-910025
-910032
-910084
-910126
-910175
-910207
-910212
-910218
-910280
-910306
-910381
-910400
-910401
-910462
-910474
-910507
-910511
-910516
-910518
-910542
-910568
-910624
-910632
-910654
-910741
-910742
-910747
-910762
-910868
-910870
-910890
-910893
-910918
-910976
-910976
-910978
-910982
-910983
-911005
-911022
-911041
-911079
-911083
-911085
-911092
-911094
-911099
-911129
-911134
-911144
-911168
-911172
-911196
-911218
-911237
-911244
-911295
-911297
-911306
-911350
-911378
-911381
-911388
-911395
-911404
-911413
-911445
-911460
-911467
-911476
-911483
-911492
-911509
-911512
-911549
-911604
-911607
-911619
-911635
-911682
-911699
-911736
-911740
-911744
-911745
-911752
-911760
-911767
-911789
-911800
-911803
-911811
-911857
-911872
-911899
-911905
-911974
-911984
-912057
-912111
-912146
-912152
-912157
-912166
-912184
-912208
-912217
-912267
-912293
-912333
-912335
-912438
-912438
-912441
-912441
-912459
-912475
-912483
-912557
-912572
-912586
-912610
-912617
-912634
-912671
-912675
-912684
-912693
-912705
-912708
-912727
-912729
-912752
-912760
-912765
-912788
-912795
-912863
-912954
-912983
-912996
-913034
-913036
-913046
-913061
-913101
-913130
-913144
-913148
-913152
-913156
-913157
-913197
-913221
-913233
-913257
-913293
-913350
-913353
-913368
-913382
-913405
-913415
-913444
-913451
-913478
-913504
-913507
-913567
-913580
-913583
-913588
-913622
-913651
-913674
-913675
-913682
-913710
-913723
-913749
-913775
-913780
-913799
-913817
-913846
-913861
-913869
-913899
-913924
-913925
-913930
-913950
-913991
-913998
-914022
-914024
-914025
-914026
-914046
-914057
-914083
-914102
-914134
-914134
-914155
-914160
-914163
-914168
-914192
-914228
-914248
-914255
-914282
-914307
-914338
-914340
-914354
-914362
-914371
-914380
-914386
-914398
-914453
-914502
-914510
-914514
-914558
-914569
-914577
-914581
-914581
-914584
-914608
-914614
-914618
-914666
-914680
-914698
-914707
-914740
-914752
-914768
-914774
-914789
-914790
-914795
-914806
-914815
-914840
-914870
-914871
-914872
-914874
-914906
-914930
-914947
-914970
-915013
-915016
-915018
-915026
-915043
-915057
-915088
-915118
-915147
-915155
-915163
-915173
-915216
-915243
-915248
-915249
-915263
-915280
-915286
-915297
-915298
-915364
-915394
-915413
-915440
-915458
-915493
-915501
-915503
-915524
-915526
-915579
-915583
-915597
-915625
-915657
-915658
-915662
-915688
-915688
-915715
-915724
-915769
-915781
-915788
-915833
-915840
-915846
-915861
-915875
-915907
-915935
-915963
-915966
-915986
-915987
-916020
-916040
-916073
-916087
-916102
-916153
-916195
-916197
-916198
-916203
-916209
-916217
-916238
-916259
-916282
-916288
-916306
-916309
-916406
-916440
-916445
-916446
-916457
-916458
-916462
-916499
-916522
-916546
-916590
-916600
-916630
-916727
-916730
-916771
-916777
-916820
-916823
-916839
-916860
-916884
-916921
-916969
-916973
-916999
-917015
-917018
-917059
-917068
-917104
-917126
-917128
-917172
-917181
-917183
-917242
-917245
-917263
-917280
-917307
-917315
-917323
-917326
-917331
-917342
-917349
-917352
-917442
-917488
-917495
-917511
-917523
-917531
-917550
-917593
-917615
-917616
-917621
-917629
-917646
-917649
-917655
-917703
-917717
-917752
-917774
-917797
-917814
-917820
-917824
-917852
-917882
-917902
-917915
-917948
-918001
-918005
-918009
-918020
-918028
-918039
-918044
-918084
-918116
-918127
-918138
-918211
-918227
-918245
-918257
-918264
-918268
-918269
-918277
-918282
-918298
-918331
-918344
-918360
-918363
-918399
-918423
-918424
-918434
-918436
-918453
-918474
-918503
-918517
-918527
-918531
-918553
-918553
-918563
-918580
-918604
-918611
-918627
-918696
-918746
-918748
-918763
-918775
-918788
-918817
-918829
-918858
-918871
-918878
-918903
-918907
-918946
-918978
-919013
-919065
-919073
-919076
-919093
-919113
-919132
-919143
-919181
-919188
-919194
-919195
-919227
-919260
-919262
-919343
-919347
-919420
-919437
-919448
-919467
-919531
-919608
-919636
-919648
-919659
-919664
-919669
-919690
-919694
-919759
-919768
-919845
-919850
-919854
-919872
-919913
-919920
-919959
-919960
-919990
-919998
-920032
-920037
-920050
-920051
-920055
-920057
-920064
-920080
-920087
-920089
-920126
-920132
-920133
-920176
-920197
-920209
-920215
-920226
-920240
-920252
-920264
-920264
-920286
-920300
-920300
-920322
-920351
-920367
-920374
-920376
-920380
-920413
-920432
-920449
-920463
-920468
-920486
-920505
-920509
-920517
-920527
-920617
-920645
-920645
-920679
-920699
-920699
-920717
-920724
-920763
-920765
-920794
-920797
-920804
-920804
-920845
-920895
-920944
-920966
-920991
-920997
-921015
-921095
-921098
-921155
-921178
-921221
-921249
-921259
-921270
-921280
-921282
-921282
-921315
-921338
-921341
-921425
-921455
-921464
-921492
-921522
-921572
-921584
-921606
-921638
-921646
-921647
-921663
-921708
-921723
-921725
-921732
-921741
-921771
-921779
-921795
-921797
-921803
-921824
-921828
-921846
-921859
-921866
-921866
-921866
-921876
-921882
-921902
-921907
-921914
-921975
-921987
-921990
-921999
-922003
-922021
-922064
-922068
-922070
-922077
-922087
-922132
-922150
-922165
-922174
-922182
-922184
-922207
-922209
-922242
-922250
-922253
-922266
-922288
-922326
-922327
-922376
-922419
-922445
-922470
-922471
-922482
-922484
-922521
-922531
-922536
-922563
-922567
-922582
-922591
-922606
-922609
-922638
-922659
-922660
-922704
-922732
-922779
-922823
-922859
-922861
-922862
-922884
-922919
-922964
-922972
-923000
-923015
-923027
-923028
-923041
-923067
-923083
-923102
-923118
-923152
-923183
-923204
-923223
-923229
-923235
-923247
-923255
-923275
-923291
-923300
-923336
-923351
-923368
-923368
-923370
-923423
-923430
-923432
-923466
-923468
-923473
-923479
-923487
-923488
-923502
-923524
-923524
-923541
-923548
-923567
-923571
-923574
-923579
-923631
-923639
-923672
-923686
-923710
-923725
-923730
-923739
-923741
-923756
-923771
-923774
-923784
-923787
-923796
-923878
-923900
-923934
-923937
-923951
-923960
-923974
-924013
-924023
-924038
-924123
-924141
-924144
-924151
-924158
-924160
-924183
-924184
-924208
-924240
-924256
-924257
-924261
-924273
-924296
-924348
-924358
-924364
-924370
-924387
-924441
-924443
-924446
-924454
-924460
-924509
-924526
-924559
-924581
-924634
-924639
-924653
-924702
-924708
-924708
-924716
-924721
-924760
-924767
-924833
-924849
-924878
-924884
-924907
-924932
-924952
-924981
-924984
-925024
-925080
-925083
-925106
-925114
-925117
-925177
-925241
-925246
-925274
-925283
-925306
-925358
-925363
-925379
-925407
-925422
-925428
-925448
-925468
-925488
-925490
-925524
-925579
-925604
-925616
-925627
-925631
-925636
-925691
-925704
-925716
-925738
-925752
-925763
-925856
-925860
-925912
-925961
-925983
-925986
-925993
-926020
-926023
-926062
-926100
-926103
-926108
-926117
-926129
-926133
-926148
-926153
-926154
-926187
-926236
-926255
-926286
-926288
-926337
-926382
-926414
-926454
-926460
-926473
-926520
-926540
-926597
-926693
-926715
-926725
-926748
-926769
-926790
-926792
-926802
-926811
-926811
-926868
-926884
-926963
-926995
-927003
-927011
-927016
-927033
-927052
-927118
-927143
-927150
-927168
-927169
-927195
-927233
-927234
-927257
-927263
-927316
-927319
-927346
-927349
-927369
-927370
-927382
-927382
-927433
-927452
-927461
-927467
-927475
-927494
-927509
-927536
-927552
-927553
-927577
-927585
-927587
-927597
-927619
-927622
-927627
-927650
-927657
-927664
-927669
-927676
-927734
-927744
-927770
-927801
-927805
-927819
-927848
-927893
-927902
-927954
-927990
-927996
-928008
-928011
-928026
-928057
-928108
-928113
-928126
-928147
-928154
-928174
-928185
-928201
-928205
-928208
-928294
-928305
-928306
-928321
-928322
-928359
-928365
-928375
-928436
-928488
-928489
-928499
-928551
-928552
-928567
-928595
-928640
-928713
-928722
-928778
-928791
-928856
-928931
-928939
-928953
-928964
-928976
-928980
-928990
-928992
-929009
-929051
-929053
-929064
-929095
-929117
-929148
-929215
-929266
-929273
-929284
-929314
-929346
-929366
-929391
-929423
-929446
-929447
-929467
-929470
-929490
-929519
-929548
-929552
-929563
-929581
-929614
-929616
-929622
-929623
-929667
-929669
-929677
-929682
-929708
-929765
-929773
-929773
-929778
-929791
-929801
-929804
-929845
-929881
-929882
-929897
-929915
-929944
-929963
-929964
-929971
-929992
-929996
-930008
-930034
-930121
-930189
-930193
-930218
-930228
-930229
-930233
-930235
-930263
-930298
-930302
-930314
-930329
-930330
-930339
-930357
-930360
-930363
-930375
-930393
-930409
-930464
-930473
-930499
-930501
-930526
-930566
-930595
-930653
-930658
-930694
-930705
-930740
-930741
-930770
-930837
-930845
-930872
-930892
-930909
-930911
-930911
-930915
-930924
-930942
-930958
-930964
-930972
-930973
-930991
-930993
-931005
-931015
-931031
-931032
-931040
-931042
-931048
-931064
-931078
-931086
-931109
-931142
-931149
-931162
-931164
-931192
-931193
-931203
-931262
-931304
-931319
-931356
-931357
-931360
-931364
-931376
-931388
-931411
-931411
-931450
-931493
-931507
-931544
-931572
-931585
-931615
-931661
-931661
-931663
-931664
-931691
-931695
-931703
-931711
-931748
-931761
-931771
-931773
-931780
-931814
-931865
-931884
-931890
-931892
-931909
-931913
-931925
-931965
-931967
-932006
-932014
-932032
-932033
-932081
-932095
-932115
-932115
-932147
-932168
-932224
-932256
-932272
-932317
-932318
-932347
-932395
-932423
-932466
-932466
-932478
-932503
-932507
-932508
-932532
-932537
-932560
-932578
-932587
-932592
-932728
-932734
-932769
-932772
-932780
-932808
-932812
-932847
-932859
-932861
-932876
-932884
-932897
-932906
-932912
-932927
-932933
-932980
-932985
-932985
-932991
-933017
-933070
-933072
-933081
-933088
-933104
-933106
-933115
-933179
-933184
-933214
-933258
-933262
-933351
-933414
-933427
-933449
-933474
-933539
-933612
-933681
-933726
-933766
-933775
-933784
-933793
-933806
-933851
-933894
-933903
-933977
-933979
-934006
-934060
-934077
-934103
-934148
-934159
-934166
-934183
-934202
-934207
-934216
-934220
-934232
-934277
-934323
-934339
-934354
-934393
-934400
-934416
-934421
-934450
-934517
-934518
-934529
-934535
-934560
-934571
-934575
-934598
-934603
-934606
-934606
-934609
-934610
-934612
-934682
-934687
-934735
-934764
-934769
-934778
-934804
-934820
-934830
-934832
-934844
-934846
-934854
-934868
-934881
-934895
-934918
-934921
-934930
-934939
-934953
-934979
-934991
-935041
-935071
-935081
-935095
-935100
-935101
-935108
-935112
-935134
-935154
-935169
-935170
-935186
-935214
-935230
-935233
-935329
-935337
-935357
-935545
-935553
-935625
-935649
-935691
-935701
-935701
-935774
-935787
-935793
-935803
-935824
-935830
-935836
-935897
-935902
-935921
-935991
-936016
-936016
-936026
-936040
-936053
-936072
-936077
-936089
-936115
-936119
-936135
-936151
-936159
-936166
-936192
-936216
-936219
-936277
-936319
-936321
-936322
-936339
-936342
-936364
-936374
-936411
-936413
-936415
-936541
-936552
-936572
-936607
-936618
-936628
-936680
-936723
-936749
-936765
-936773
-936776
-936778
-936797
-936801
-936830
-936831
-936876
-936896
-936918
-936946
-937001
-937016
-937045
-937061
-937077
-937103
-937118
-937124
-937150
-937163
-937173
-937174
-937209
-937218
-937250
-937285
-937305
-937308
-937361
-937366
-937378
-937391
-937417
-937431
-937433
-937442
-937481
-937495
-937502
-937506
-937517
-937562
-937579
-937582
-937585
-937597
-937597
-937608
-937616
-937619
-937646
-937648
-937652
-937698
-937741
-937745
-937754
-937766
-937778
-937784
-937802
-937810
-937811
-937832
-937834
-937846
-937850
-937855
-937888
-937935
-937981
-937982
-937983
-937995
-938000
-938013
-938020
-938025
-938038
-938057
-938070
-938077
-938096
-938106
-938173
-938174
-938191
-938226
-938235
-938255
-938262
-938280
-938283
-938294
-938354
-938394
-938420
-938437
-938452
-938453
-938472
-938478
-938488
-938490
-938511
-938537
-938583
-938595
-938616
-938641
-938642
-938667
-938725
-938753
-938767
-938779
-938788
-938798
-938814
-938819
-938906
-938925
-938934
-938935
-938997
-939037
-939040
-939056
-939061
-939084
-939088
-939092
-939104
-939110
-939190
-939211
-939221
-939230
-939237
-939247
-939254
-939296
-939334
-939341
-939341
-939371
-939378
-939381
-939411
-939416
-939421
-939447
-939451
-939511
-939545
-939596
-939617
-939627
-939718
-939757
-939776
-939790
-939802
-939803
-939810
-939838
-939847
-939848
-939908
-939925
-939926
-939932
-939947
-939976
-939983
-939990
-939996
-940043
-940052
-940063
-940092
-940102
-940108
-940128
-940128
-940131
-940133
-940135
-940161
-940220
-940251
-940252
-940266
-940348
-940376
-940405
-940417
-940424
-940535
-940537
-940548
-940559
-940584
-940642
-940642
-940696
-940696
-940706
-940718
-940733
-940757
-940759
-940767
-940771
-940806
-940825
-940829
-940836
-940870
-940911
-940925
-940940
-940988
-940990
-941036
-941050
-941112
-941113
-941118
-941123
-941143
-941199
-941238
-941264
-941266
-941272
-941289
-941292
-941293
-941298
-941311
-941356
-941397
-941408
-941455
-941461
-941466
-941478
-941530
-941561
-941575
-941610
-941615
-941633
-941636
-941652
-941660
-941670
-941733
-941742
-941767
-941790
-941827
-941855
-941880
-941933
-941936
-941937
-941938
-941981
-941982
-941989
-941998
-942007
-942015
-942019
-942047
-942070
-942091
-942094
-942099
-942118
-942171
-942175
-942191
-942191
-942211
-942240
-942247
-942261
-942262
-942270
-942285
-942301
-942311
-942313
-942323
-942372
-942401
-942417
-942420
-942426
-942437
-942498
-942540
-942564
-942578
-942585
-942609
-942629
-942634
-942648
-942672
-942749
-942791
-942806
-942808
-942815
-942817
-942843
-942853
-942866
-942893
-942941
-942956
-943017
-943039
-943039
-943041
-943055
-943086
-943089
-943099
-943124
-943141
-943148
-943175
-943181
-943181
-943209
-943215
-943290
-943309
-943337
-943340
-943351
-943374
-943387
-943387
-943401
-943441
-943442
-943486
-943488
-943495
-943524
-943549
-943555
-943555
-943557
-943579
-943588
-943600
-943634
-943642
-943645
-943693
-943702
-943731
-943732
-943777
-943791
-943812
-943816
-943852
-943881
-943894
-943905
-943914
-943920
-943922
-943930
-943945
-943965
-943979
-944042
-944067
-944081
-944100
-944109
-944111
-944129
-944174
-944210
-944249
-944289
-944304
-944354
-944361
-944366
-944367
-944391
-944394
-944403
-944441
-944446
-944460
-944480
-944489
-944499
-944534
-944557
-944558
-944576
-944611
-944616
-944663
-944676
-944799
-944824
-944830
-944835
-944839
-944853
-944866
-944873
-944885
-944901
-944909
-944926
-944931
-944938
-944945
-944949
-944995
-945046
-945055
-945113
-945125
-945172
-945204
-945243
-945252
-945257
-945261
-945303
-945358
-945366
-945375
-945395
-945474
-945486
-945487
-945494
-945507
-945572
-945573
-945589
-945596
-945625
-945646
-945657
-945669
-945681
-945692
-945696
-945698
-945699
-945718
-945728
-945739
-945755
-945767
-945775
-945780
-945785
-945797
-945807
-945813
-945828
-945839
-945893
-945894
-945896
-945903
-945926
-945930
-945933
-945936
-945940
-945962
-945994
-946005
-946016
-946032
-946084
-946092
-946111
-946130
-946151
-946154
-946168
-946179
-946197
-946228
-946269
-946285
-946304
-946358
-946372
-946388
-946408
-946410
-946428
-946433
-946434
-946449
-946472
-946539
-946562
-946599
-946624
-946625
-946641
-946649
-946691
-946704
-946728
-946745
-946775
-946793
-946796
-946817
-946818
-946849
-946858
-946861
-946875
-946884
-946887
-946901
-946901
-946920
-946925
-946931
-946932
-946978
-946979
-946983
-946987
-946995
-947005
-947042
-947055
-947061
-947068
-947120
-947138
-947144
-947162
-947181
-947195
-947198
-947204
-947238
-947244
-947250
-947318
-947323
-947376
-947378
-947404
-947414
-947417
-947439
-947439
-947440
-947452
-947463
-947467
-947532
-947546
-947555
-947557
-947571
-947604
-947605
-947620
-947669
-947786
-947791
-947794
-947847
-947850
-947881
-947911
-947911
-947921
-947927
-947952
-947991
-948017
-948044
-948057
-948072
-948123
-948144
-948153
-948164
-948198
-948204
-948217
-948227
-948227
-948230
-948258
-948262
-948265
-948281
-948326
-948366
-948369
-948372
-948384
-948392
-948414
-948415
-948458
-948623
-948652
-948653
-948687
-948702
-948709
-948733
-948749
-948750
-948761
-948790
-948790
-948839
-948840
-948845
-948854
-948858
-948897
-948906
-948916
-948918
-948946
-948962
-948966
-948987
-948998
-949023
-949028
-949034
-949080
-949088
-949165
-949181
-949198
-949288
-949302
-949347
-949397
-949397
-949401
-949405
-949457
-949460
-949464
-949469
-949489
-949497
-949514
-949529
-949537
-949554
-949610
-949633
-949647
-949684
-949700
-949701
-949739
-949740
-949744
-949748
-949758
-949768
-949779
-949792
-949796
-949812
-949821
-949826
-949837
-949844
-949861
-949862
-949878
-949890
-949960
-949979
-949982
-949984
-949997
-950046
-950085
-950094
-950118
-950137
-950170
-950182
-950214
-950231
-950282
-950293
-950294
-950335
-950356
-950441
-950458
-950460
-950464
-950497
-950498
-950544
-950561
-950562
-950582
-950596
-950658
-950678
-950683
-950708
-950756
-950765
-950768
-950769
-950781
-950822
-950834
-950878
-950894
-950895
-950895
-950896
-950908
-950928
-950947
-950971
-950982
-950995
-951029
-951034
-951034
-951040
-951066
-951095
-951108
-951140
-951175
-951211
-951264
-951296
-951360
-951361
-951383
-951433
-951467
-951491
-951493
-951535
-951537
-951549
-951582
-951614
-951625
-951655
-951663
-951673
-951703
-951725
-951739
-951780
-951786
-951920
-951950
-951974
-952023
-952039
-952042
-952048
-952063
-952085
-952092
-952113
-952154
-952189
-952189
-952226
-952241
-952271
-952336
-952340
-952348
-952400
-952424
-952437
-952440
-952482
-952523
-952525
-952535
-952555
-952555
-952558
-952563
-952578
-952589
-952646
-952694
-952726
-952732
-952736
-952763
-952820
-952858
-952860
-952861
-952883
-952935
-952947
-952965
-952974
-952990
-952991
-953013
-953017
-953018
-953039
-953047
-953062
-953097
-953101
-953158
-953204
-953257
-953326
-953329
-953331
-953352
-953380
-953395
-953399
-953454
-953476
-953495
-953506
-953513
-953525
-953589
-953601
-953606
-953609
-953612
-953613
-953622
-953628
-953638
-953647
-953647
-953684
-953706
-953718
-953744
-953788
-953790
-953793
-953856
-953886
-953890
-953891
-953897
-953899
-953936
-953945
-953964
-953976
-953991
-954013
-954018
-954024
-954026
-954036
-954090
-954175
-954208
-954221
-954223
-954224
-954237
-954240
-954252
-954252
-954294
-954296
-954323
-954332
-954335
-954343
-954344
-954370
-954441
-954457
-954498
-954608
-954609
-954618
-954665
-954689
-954724
-954736
-954766
-954793
-954812
-954814
-954816
-954817
-954829
-954830
-954845
-954871
-954878
-954897
-954899
-954903
-954943
-954969
-954985
-955015
-955029
-955039
-955077
-955146
-955166
-955176
-955181
-955218
-955225
-955330
-955368
-955373
-955380
-955410
-955419
-955452
-955457
-955482
-955516
-955548
-955556
-955583
-955585
-955636
-955703
-955705
-955715
-955744
-955789
-955850
-955860
-955860
-955906
-955910
-955918
-955931
-955944
-955944
-955947
-955956
-955957
-955962
-955963
-955978
-955983
-955987
-956005
-956011
-956048
-956079
-956100
-956132
-956146
-956236
-956282
-956316
-956338
-956349
-956352
-956380
-956415
-956420
-956423
-956426
-956492
-956497
-956499
-956521
-956521
-956548
-956618
-956631
-956664
-956672
-956681
-956723
-956724
-956746
-956757
-956767
-956786
-956792
-956826
-956842
-956845
-956846
-956889
-956911
-956914
-956921
-956925
-956933
-956934
-956935
-956936
-956945
-956948
-956959
-956959
-956963
-956992
-957031
-957039
-957068
-957078
-957093
-957098
-957132
-957188
-957193
-957240
-957242
-957256
-957262
-957278
-957295
-957313
-957348
-957359
-957377
-957396
-957399
-957406
-957417
-957436
-957447
-957467
-957473
-957512
-957543
-957560
-957578
-957638
-957691
-957691
-957701
-957710
-957735
-957774
-957800
-957824
-957883
-957910
-957918
-957923
-957935
-957941
-957955
-957984
-958002
-958033
-958061
-958072
-958089
-958129
-958135
-958160
-958176
-958184
-958185
-958189
-958218
-958220
-958248
-958252
-958270
-958271
-958281
-958285
-958291
-958308
-958325
-958336
-958350
-958422
-958479
-958505
-958553
-958564
-958570
-958585
-958612
-958651
-958687
-958700
-958716
-958725
-958734
-958743
-958750
-958758
-958780
-958783
-958793
-958799
-958898
-958899
-958914
-958920
-958921
-958940
-958951
-958953
-958954
-958955
-958989
-958996
-959051
-959070
-959103
-959121
-959128
-959132
-959151
-959175
-959184
-959194
-959199
-959229
-959244
-959321
-959349
-959358
-959377
-959453
-959505
-959522
-959531
-959539
-959540
-959615
-959617
-959626
-959646
-959666
-959679
-959753
-959764
-959787
-959833
-959838
-959843
-959872
-959872
-959912
-959918
-960000
-960036
-960080
-960101
-960120
-960125
-960139
-960152
-960182
-960206
-960224
-960253
-960276
-960310
-960324
-960377
-960421
-960478
-960478
-960481
-960489
-960504
-960517
-960542
-960555
-960558
-960563
-960597
-960619
-960644
-960647
-960656
-960668
-960672
-960679
-960705
-960705
-960725
-960740
-960742
-960746
-960769
-960772
-960790
-960792
-960817
-960823
-960855
-960940
-960959
-960961
-960962
-960983
-960989
-960998
-961000
-961037
-961070
-961092
-961106
-961106
-961106
-961126
-961207
-961217
-961233
-961279
-961299
-961311
-961326
-961350
-961352
-961421
-961435
-961467
-961475
-961476
-961485
-961494
-961509
-961514
-961523
-961532
-961552
-961563
-961567
-961573
-961605
-961612
-961644
-961644
-961668
-961689
-961742
-961744
-961758
-961762
-961805
-961857
-961883
-961911
-961920
-961954
-961959
-961978
-961982
-962022
-962055
-962062
-962088
-962091
-962106
-962116
-962141
-962180
-962187
-962211
-962287
-962313
-962325
-962326
-962329
-962340
-962412
-962422
-962427
-962480
-962496
-962500
-962510
-962512
-962525
-962532
-962541
-962573
-962587
-962607
-962612
-962622
-962670
-962674
-962680
-962690
-962695
-962771
-962790
-962794
-962799
-962805
-962835
-962842
-962850
-962868
-962901
-962913
-962956
-962972
-963002
-963007
-963026
-963029
-963069
-963073
-963084
-963111
-963115
-963125
-963137
-963143
-963147
-963169
-963182
-963182
-963188
-963207
-963226
-963238
-963268
-963268
-963270
-963278
-963295
-963314
-963328
-963349
-963370
-963370
-963372
-963387
-963391
-963404
-963411
-963430
-963433
-963449
-963459
-963534
-963559
-963578
-963609
-963612
-963633
-963644
-963660
-963668
-963750
-963760
-963788
-963791
-963822
-963825
-963830
-963837
-963859
-963882
-963920
-963925
-963928
-963932
-963932
-963958
-963962
-963969
-963976
-963997
-963997
-964014
-964017
-964017
-964048
-964054
-964057
-964063
-964072
-964079
-964158
-964222
-964238
-964238
-964262
-964269
-964280
-964303
-964341
-964351
-964363
-964381
-964402
-964403
-964404
-964444
-964477
-964497
-964508
-964510
-964541
-964554
-964590
-964593
-964622
-964666
-964693
-964697
-964700
-964703
-964720
-964727
-964823
-964834
-964856
-964881
-964882
-964883
-964935
-964960
-964961
-964967
-964970
-964983
-964994
-964996
-965002
-965004
-965035
-965073
-965077
-965101
-965103
-965105
-965111
-965153
-965155
-965181
-965240
-965257
-965258
-965276
-965286
-965312
-965351
-965354
-965365
-965395
-965397
-965415
-965424
-965443
-965460
-965466
-965483
-965490
-965500
-965504
-965519
-965527
-965605
-965682
-965711
-965869
-965889
-965893
-965901
-965928
-965954
-965959
-965974
-965978
-965986
-966029
-966051
-966052
-966084
-966110
-966135
-966161
-966176
-966252
-966293
-966339
-966342
-966343
-966367
-966372
-966382
-966404
-966431
-966450
-966461
-966469
-966471
-966508
-966530
-966544
-966576
-966593
-966606
-966697
-966701
-966717
-966738
-966741
-966746
-966806
-966808
-966810
-966816
-966819
-966867
-966867
-966904
-966906
-966936
-967012
-967014
-967079
-967083
-967109
-967146
-967156
-967161
-967208
-967261
-967261
-967266
-967331
-967384
-967459
-967475
-967507
-967511
-967517
-967537
-967540
-967551
-967568
-967581
-967640
-967657
-967661
-967668
-967671
-967673
-967694
-967752
-967788
-967817
-967870
-967876
-967894
-967899
-967901
-967951
-967962
-967992
-968004
-968023
-968028
-968097
-968102
-968109
-968116
-968118
-968156
-968160
-968166
-968195
-968273
-968306
-968354
-968416
-968430
-968439
-968450
-968471
-968478
-968488
-968492
-968503
-968518
-968528
-968535
-968537
-968541
-968543
-968602
-968640
-968671
-968687
-968693
-968713
-968729
-968735
-968761
-968768
-968771
-968780
-968794
-968851
-968866
-968875
-968895
-968919
-968946
-968946
-968960
-968971
-969005
-969040
-969095
-969111
-969132
-969132
-969134
-969164
-969174
-969174
-969248
-969273
-969273
-969303
-969355
-969376
-969423
-969442
-969445
-969454
-969461
-969574
-969614
-969621
-969640
-969648
-969650
-969662
-969676
-969724
-969724
-969727
-969749
-969779
-969802
-969812
-969834
-969835
-969891
-969946
-969974
-970017
-970057
-970079
-970088
-970094
-970107
-970112
-970120
-970164
-970189
-970234
-970271
-970284
-970305
-970317
-970343
-970350
-970408
-970443
-970462
-970472
-970565
-970583
-970653
-970661
-970668
-970673
-970696
-970708
-970743
-970774
-970778
-970787
-970800
-970809
-970827
-970901
-970907
-970915
-970935
-970936
-970953
-970964
-970964
-970966
-970978
-970994
-970997
-971000
-971014
-971029
-971056
-971076
-971077
-971085
-971116
-971116
-971151
-971169
-971236
-971240
-971247
-971260
-971268
-971283
-971329
-971354
-971357
-971361
-971368
-971395
-971415
-971416
-971420
-971421
-971425
-971460
-971464
-971520
-971564
-971615
-971635
-971643
-971646
-971655
-971655
-971664
-971681
-971714
-971732
-971741
-971766
-971771
-971773
-971785
-971799
-971799
-971847
-971859
-971908
-971912
-971914
-971927
-972010
-972053
-972058
-972063
-972103
-972124
-972136
-972141
-972167
-972173
-972181
-972183
-972194
-972202
-972233
-972237
-972249
-972261
-972277
-972290
-972308
-972331
-972383
-972408
-972423
-972445
-972458
-972475
-972479
-972560
-972564
-972567
-972577
-972581
-972607
-972627
-972666
-972679
-972699
-972765
-972769
-972779
-972780
-972791
-972814
-972837
-972838
-972843
-972875
-972911
-972934
-972944
-972992
-972999
-973000
-973019
-973041
-973071
-973073
-973076
-973101
-973119
-973145
-973169
-973169
-973190
-973269
-973284
-973299
-973310
-973313
-973339
-973341
-973360
-973424
-973430
-973455
-973460
-973476
-973486
-973487
-973535
-973541
-973579
-973614
-973617
-973629
-973631
-973653
-973665
-973666
-973674
-973694
-973699
-973708
-973713
-973723
-973729
-973740
-973741
-973752
-973779
-973807
-973863
-973874
-973875
-973892
-973900
-973905
-973935
-973942
-973956
-973957
-973962
-973988
-974041
-974065
-974080
-974091
-974166
-974189
-974208
-974222
-974229
-974234
-974235
-974255
-974260
-974270
-974283
-974285
-974286
-974343
-974375
-974377
-974379
-974381
-974389
-974393
-974405
-974423
-974425
-974437
-974459
-974476
-974499
-974501
-974526
-974530
-974577
-974592
-974633
-974664
-974672
-974743
-974751
-974755
-974790
-974812
-974836
-974839
-974849
-974852
-974854
-974876
-974894
-974916
-974925
-975046
-975062
-975062
-975079
-975121
-975127
-975132
-975170
-975170
-975204
-975358
-975389
-975426
-975473
-975488
-975490
-975494
-975503
-975510
-975514
-975517
-975550
-975615
-975616
-975628
-975629
-975660
-975671
-975683
-975699
-975754
-975781
-975798
-975850
-975851
-975891
-975925
-975928
-975950
-975963
-975986
-976001
-976027
-976061
-976063
-976085
-976098
-976105
-976114
-976125
-976127
-976144
-976172
-976177
-976195
-976205
-976210
-976218
-976227
-976240
-976248
-976259
-976269
-976271
-976285
-976294
-976295
-976300
-976325
-976346
-976355
-976363
-976385
-976415
-976470
-976529
-976579
-976603
-976617
-976645
-976652
-976665
-976672
-976680
-976698
-976704
-976739
-976755
-976772
-976793
-976805
-976844
-976846
-976856
-976867
-976900
-976938
-976950
-976975
-976975
-976991
-977009
-977076
-977118
-977130
-977133
-977146
-977215
-977235
-977251
-977260
-977262
-977281
-977290
-977309
-977321
-977346
-977367
-977377
-977382
-977402
-977413
-977459
-977476
-977519
-977521
-977525
-977533
-977572
-977581
-977599
-977629
-977648
-977649
-977656
-977662
-977676
-977681
-977694
-977732
-977745
-977765
-977776
-977784
-977802
-977809
-977819
-977847
-977850
-977890
-977948
-977961
-977968
-977974
-978018
-978069
-978076
-978087
-978105
-978122
-978129
-978133
-978170
-978176
-978201
-978260
-978278
-978280
-978288
-978289
-978304
-978320
-978334
-978348
-978392
-978414
-978418
-978421
-978424
-978437
-978468
-978482
-978484
-978523
-978527
-978538
-978547
-978558
-978575
-978580
-978580
-978591
-978615
-978683
-978684
-978686
-978753
-978773
-978781
-978794
-978798
-978821
-978825
-978845
-978876
-978881
-978924
-978937
-978962
-978965
-978972
-978973
-978994
-978994
-979030
-979069
-979071
-979082
-979083
-979107
-979126
-979152
-979170
-979202
-979202
-979211
-979250
-979255
-979289
-979291
-979293
-979302
-979311
-979312
-979325
-979350
-979364
-979379
-979382
-979404
-979419
-979445
-979469
-979477
-979496
-979519
-979590
-979625
-979650
-979672
-979696
-979713
-979734
-979753
-979765
-979766
-979770
-979776
-979786
-979815
-979818
-979893
-979898
-979962
-979978
-979981
-979993
-979999
-980016
-980020
-980038
-980061
-980068
-980073
-980077
-980090
-980111
-980143
-980145
-980147
-980163
-980167
-980170
-980174
-980201
-980211
-980213
-980218
-980221
-980244
-980247
-980272
-980301
-980326
-980336
-980366
-980391
-980410
-980420
-980432
-980432
-980433
-980458
-980482
-980483
-980504
-980524
-980529
-980556
-980560
-980569
-980617
-980634
-980648
-980655
-980680
-980683
-980716
-980731
-980735
-980764
-980806
-980832
-980852
-980881
-980911
-980915
-980921
-980923
-980933
-980935
-980939
-980954
-980976
-981042
-981126
-981171
-981173
-981176
-981192
-981213
-981213
-981260
-981324
-981387
-981395
-981402
-981414
-981423
-981423
-981426
-981438
-981451
-981523
-981529
-981593
-981680
-981716
-981725
-981726
-981754
-981762
-981789
-981817
-981832
-981838
-981841
-981901
-981908
-981922
-981980
-982003
-982011
-982031
-982050
-982062
-982074
-982080
-982091
-982099
-982122
-982127
-982169
-982173
-982178
-982192
-982202
-982203
-982205
-982218
-982233
-982258
-982285
-982301
-982332
-982429
-982484
-982512
-982567
-982572
-982573
-982588
-982595
-982626
-982652
-982664
-982685
-982703
-982716
-982721
-982762
-982766
-982773
-982792
-982818
-982833
-982853
-982857
-982876
-982890
-982908
-982915
-982941
-982975
-983007
-983060
-983069
-983092
-983129
-983137
-983156
-983188
-983210
-983225
-983236
-983238
-983241
-983241
-983258
-983308
-983353
-983362
-983388
-983391
-983391
-983404
-983455
-983473
-983482
-983485
-983504
-983520
-983531
-983583
-983628
-983652
-983687
-983695
-983738
-983743
-983763
-983783
-983808
-983822
-983830
-983873
-983874
-983890
-983933
-983983
-983992
-984002
-984047
-984073
-984087
-984110
-984137
-984152
-984153
-984189
-984191
-984194
-984239
-984267
-984306
-984354
-984364
-984375
-984393
-984395
-984451
-984454
-984459
-984475
-984487
-984499
-984503
-984511
-984512
-984512
-984520
-984538
-984592
-984596
-984599
-984599
-984676
-984690
-984691
-984753
-984759
-984783
-984830
-984836
-984843
-984912
-984914
-984939
-984949
-984992
-985002
-985041
-985062
-985096
-985105
-985107
-985110
-985131
-985154
-985156
-985166
-985177
-985179
-985188
-985197
-985201
-985223
-985260
-985304
-985318
-985331
-985335
-985371
-985375
-985377
-985453
-985465
-985479
-985501
-985540
-985568
-985573
-985591
-985637
-985671
-985692
-985717
-985722
-985727
-985834
-985837
-985849
-985856
-985887
-985939
-985947
-985956
-985958
-986028
-986058
-986080
-986106
-986115
-986117
-986141
-986167
-986217
-986219
-986255
-986280
-986292
-986295
-986331
-986332
-986352
-986362
-986364
-986385
-986410
-986419
-986508
-986586
-986587
-986608
-986614
-986631
-986644
-986646
-986667
-986678
-986683
-986697
-986719
-986727
-986745
-986778
-986797
-986814
-986845
-986856
-986866
-986878
-986907
-986937
-986941
-986953
-986954
-986957
-986971
-987003
-987015
-987030
-987042
-987063
-987078
-987087
-987096
-987137
-987148
-987165
-987175
-987205
-987219
-987241
-987256
-987260
-987304
-987338
-987339
-987361
-987412
-987440
-987474
-987478
-987481
-987490
-987490
-987509
-987510
-987516
-987543
-987569
-987583
-987586
-987587
-987589
-987593
-987642
-987658
-987663
-987676
-987698
-987739
-987741
-987817
-987821
-987824
-987838
-987841
-987852
-987853
-987872
-987891
-987914
-987914
-988002
-988015
-988030
-988101
-988121
-988129
-988148
-988149
-988151
-988183
-988219
-988226
-988288
-988352
-988373
-988378
-988407
-988434
-988445
-988459
-988502
-988526
-988533
-988546
-988554
-988554
-988586
-988604
-988611
-988655
-988664
-988684
-988705
-988714
-988714
-988774
-988800
-988811
-988820
-988821
-988842
-988854
-988860
-988867
-988876
-988881
-988882
-988883
-988903
-988924
-988949
-989051
-989070
-989074
-989077
-989089
-989102
-989116
-989122
-989167
-989168
-989204
-989250
-989257
-989269
-989273
-989275
-989339
-989369
-989391
-989393
-989399
-989409
-989447
-989454
-989473
-989495
-989498
-989498
-989511
-989526
-989582
-989602
-989615
-989624
-989643
-989663
-989672
-989675
-989678
-989680
-989683
-989688
-989715
-989731
-989735
-989738
-989749
-989754
-989756
-989769
-989777
-989815
-989822
-989863
-989880
-989904
-989928
-989985
-989990
-990015
-990020
-990041
-990086
-990087
-990097
-990104
-990111
-990147
-990181
-990194
-990216
-990229
-990244
-990294
-990304
-990328
-990346
-990353
-990371
-990375
-990406
-990426
-990447
-990458
-990467
-990471
-990490
-990495
-990590
-990619
-990629
-990767
-990779
-990822
-990839
-990869
-990897
-990913
-990934
-990937
-990992
-991014
-991018
-991027
-991037
-991055
-991061
-991074
-991097
-991127
-991134
-991146
-991148
-991166
-991283
-991327
-991369
-991409
-991415
-991418
-991429
-991464
-991475
-991476
-991477
-991490
-991510
-991531
-991536
-991547
-991570
-991583
-991590
-991601
-991606
-991655
-991674
-991689
-991708
-991725
-991784
-991802
-991834
-991834
-991872
-991883
-991955
-991955
-991956
-991969
-991969
-991975
-991981
-991981
-991989
-992032
-992035
-992044
-992061
-992086
-992117
-992118
-992135
-992165
-992165
-992168
-992172
-992188
-992204
-992250
-992253
-992283
-992288
-992319
-992339
-992356
-992392
-992392
-992394
-992405
-992411
-992428
-992441
-992453
-992459
-992490
-992519
-992536
-992565
-992602
-992617
-992634
-992646
-992674
-992701
-992705
-992721
-992722
-992727
-992734
-992742
-992815
-992854
-992857
-992867
-992867
-992901
-992902
-992909
-992932
-992945
-992965
-992987
-993033
-993046
-993049
-993066
-993119
-993184
-993195
-993208
-993229
-993238
-993243
-993248
-993250
-993252
-993310
-993333
-993360
-993383
-993457
-993476
-993483
-993500
-993504
-993526
-993553
-993558
-993572
-993573
-993581
-993603
-993615
-993692
-993722
-993754
-993754
-993759
-993776
-993804
-993826
-993834
-993845
-993849
-993888
-993934
-993996
-993997
-994024
-994025
-994025
-994039
-994040
-994094
-994096
-994097
-994100
-994106
-994106
-994116
-994126
-994180
-994220
-994258
-994266
-994276
-994286
-994288
-994318
-994328
-994339
-994361
-994367
-994395
-994403
-994409
-994449
-994450
-994452
-994501
-994502
-994535
-994598
-994670
-994674
-994675
-994720
-994741
-994743
-994760
-994794
-994854
-994875
-994898
-994923
-994978
-994986
-995038
-995048
-995064
-995065
-995069
-995081
-995087
-995108
-995126
-995153
-995163
-995192
-995221
-995225
-995247
-995268
-995273
-995297
-995311
-995318
-995325
-995333
-995382
-995438
-995447
-995477
-995489
-995501
-995571
-995578
-995594
-995611
-995623
-995637
-995640
-995705
-995728
-995735
-995776
-995792
-995794
-995795
-995795
-995800
-995812
-995819
-995820
-995822
-995855
-995862
-995862
-995962
-995963
-995969
-995977
-995999
-996031
-996033
-996035
-996075
-996077
-996086
-996094
-996107
-996110
-996116
-996120
-996182
-996186
-996187
-996208
-996233
-996249
-996249
-996253
-996268
-996282
-996304
-996318
-996321
-996324
-996387
-996392
-996426
-996433
-996490
-996492
-996504
-996518
-996540
-996540
-996552
-996592
-996597
-996619
-996625
-996627
-996631
-996637
-996640
-996725
-996730
-996811
-996851
-996881
-996915
-996922
-996942
-996942
-996969
-996998
-997012
-997030
-997040
-997068
-997109
-997139
-997152
-997159
-997182
-997187
-997215
-997228
-997242
-997245
-997270
-997292
-997294
-997295
-997305
-997312
-997318
-997335
-997360
-997398
-997422
-997444
-997505
-997598
-997609
-997683
-997688
-997704
-997716
-997723
-997726
-997807
-997818
-997820
-997831
-997849
-997856
-997906
-997918
-997922
-997936
-997974
-998025
-998026
-998053
-998054
-998072
-998124
-998137
-998148
-998156
-998206
-998226
-998228
-998262
-998337
-998373
-998413
-998436
-998458
-998460
-998477
-998505
-998507
-998533
-998544
-998581
-998639
-998655
-998658
-998676
-998690
-998760
-998809
-998815
-998891
-998903
-999003
-999028
-999062
-999063
-999068
-999082
-999090
-999125
-999151
-999177
-999183
-999278
-999297
-999337
-999342
-999351
-999353
-999377
-999382
-999391
-999407
-999422
-999427
-999437
-999469
-999481
-999486
-999505
-999514
-999523
-999539
-999541
-999550
-999656
-999660
-999671
-999701
-999727
-999747
-999765
-999792
-999796
-999799
-999823
-999862
-999927
-999938
-999939
-999962
-999965
-999972
-999983
