-999974
-999886
-999857
-999806
-999725
-999610
-999576
-999546
-999509
-999488
-999472
-999470
-999441
-999422
-999394
-999328
-999237
-999225
-999188
-999149
-999119
-999067
-998808
-998656
-998519
-998485
-998334
-998285
-998216
-998202
-998089
-998082
-998079
-997947
-997858
-997811
-997703
-997683
-997659
-997390
-997373
-997341
-997185
-997000
-996955
-996921
-996870
-996816
-996800
-996768
-996745
-996721
-996663
-996543
-996423
-996350
-996201
-996186
-996163
-996000
-995981
-995973
-995926
-995761
-995748
-995726
-995719
-995544
-995544
-995515
-995428
-995419
-995293
-995178
-995142
-995021
-994862
-994781
-994724
-994580
-994577
-994528
-994471
-994446
-994375
-994329
-994320
-994252
-994113
-994062
-994021
-993971
-993913
-993820
-993782
-993757
-993740
-993711
-993696
-993690
-993676
-993598
-993571
-993547
-993536
-993506
-993494
-993462
-993397
-993237
-993210
-993196
-993191
-993077
-992980
-992972
-992908
-992839
-992768
-992731
-992632
-992541
-992430
-992414
-992412
-992378
-992315
-992314
-992209
-992182
-992001
-991632
-991539
-991378
-991358
-991330
-991321
-991298
-991233
-991180
-991176
-991009
-990897
-990833
-990823
-990806
-990798
-990751
-990740
-990569
-990531
-990481
-990392
-990377
-990310
-990299
-990251
-990208
-990194
-990183
-990120
-990100
-990093
-990081
-990060
-990014
-989904
-989748
-989683
-989672
-989606
-989479
-989409
-989098
-989032
-989026
-988900
-988854
-988743
-988717
-988696
-988473
-988451
-988194
-988118
-988083
-988052
-987867
-987735
-987690
-987595
-987530
-987471
-987443
-987029
-986952
-986706
-986663
-986655
-986554
-986516
-986490
-986393
-986392
-986234
-986185
-986115
-986081
-985890
-985861
-985734
-985700
-985645
-985506
-985232
-985164
-985018
-984991
-984886
-984842
-984824
-984792
-984779
-984700
-984655
-984620
-984619
-984601
-984497
-984394
-984353
-984174
-984135
-984117
-984116
-984054
-984037
-984029
-983886
-983843
-983792
-983772
-983624
-983599
-983543
-983501
-983479
-983423
-983377
-983256
-983133
-982982
-982982
-982959
-982902
-982850
-982832
-982713
-982520
-982519
-982443
-982384
-982218
-982051
-981943
-981884
-981831
-981783
-981583
-981542
-981541
-981419
-981383
-981325
-981134
-981111
-981078
-981009
-980992
-980973
-980935
-980924
-980739
-980738
-980671
-980636
-980517
-980516
-980454
-980452
-980342
-980332
-980306
-980299
-980224
-979940
-979923
-979853
-979849
-979801
-979706
-979706
-979629
-979523
-979496
-979380
-979257
-979246
-979163
-979127
-979070
-979009
-978779
-978679
-978665
-978621
-978502
-978497
-978472
-978445
-978380
-978359
-978348
-978208
-978186
-978168
-978103
-978089
-977987
-977959
-977955
-977756
-977661
-977588
-977542
-977490
-977367
-977294
-976969
-976805
-976430
-976281
-976250
-976184
-976141
-976119
-975937
-975845
-975837
-975811
-975804
-975669
-975628
-975620
-975609
-975600
-975519
-975455
-975432
-975404
-975398
-975264
-975235
-975233
-975131
-975111
-975066
-975008
-975006
-974950
-974871
-974765
-974675
-974595
-974562
-974451
-974414
-974370
-974358
-974345
-974310
-974258
-974209
-974169
-974160
-974081
-973955
-973947
-973880
-973878
-973870
-973815
-973811
-973682
-973593
-973580
-973252
-973118
-973013
-973008
-972843
-972843
-972804
-972725
-972717
-972689
-972470
-972459
-972459
-972384
-972321
-972164
-971847
-971842
-971784
-971671
-971588
-971555
-971495
-971454
-971245
-971243
-971235
-970976
-970942
-970937
-970616
-970596
-970557
-970495
-970414
-970362
-970303
-970283
-970225
-970201
-970165
-970120
-970120
-969982
-969961
-969949
-969902
-969901
-969853
-969777
-969771
-969716
-969645
-969247
-969168
-969156
-969091
-969067
-969000
-968992
-968949
-968886
-968884
-968848
-968787
-968664
-968626
-968506
-968424
-968398
-968393
-968354
-968315
-968300
-968283
-968153
-968046
-968011
-967958
-967907
-967877
-967851
-967846
-967721
-967378
-967348
-967344
-967290
-967254
-967159
-967132
-967104
-966931
-966901
-966618
-966530
-966490
-966469
-966358
-966291
-966257
-966256
-966163
-966127
-966105
-966102
-966047
-966021
-965836
-965836
-965817
-965715
-965681
-965551
-965497
-965453
-965408
-965208
-965178
-965054
-965054
-964965
-964932
-964853
-964797
-964709
-964709
-964525
-964490
-964327
-964217
-964129
-964088
-963956
-963888
-963792
-963786
-963766
-963731
-963609
-963302
-963252
-963200
-963164
-963056
-962925
-962869
-962868
-962816
-962714
-962668
-962640
-962624
-962518
-962465
-962438
-962383
-962333
-962243
-962208
-962193
-962168
-962156
-962148
-962075
-962047
-962032
-961997
-961865
-961802
-961756
-961565
-961531
-961397
-961392
-961100
-961046
-960954
-960813
-960746
-960725
-960721
-960715
-960706
-960651
-960638
-960586
-960558
-960510
-960377
-960331
-960119
-960091
-960054
-959949
-959912
-959705
-959592
-959550
-959437
-959247
-959220
-959053
-959050
-959010
-958981
-958916
-958879
-958874
-958855
-958827
-958789
-958763
-958676
-958639
-958638
-958613
-958566
-958366
-958358
-958187
-958166
-958042
-958012
-957829
-957803
-957746
-957718
-957690
-957650
-957637
-957630
-957614
-957553
-957519
-957511
-957511
-957489
-957470
-957453
-957410
-957329
-957326
-957283
-957256
-957227
-957138
-957102
-956917
-956912
-956765
-956435
-956372
-956371
-956223
-956200
-956183
-956143
-956109
-955871
-955868
-955760
-955723
-955599
-955558
-955550
-955460
-955455
-955409
-955408
-955213
-955116
-955045
-954908
-954883
-954869
-954801
-954568
-954484
-954446
-954381
-954329
-954248
-954158
-954110
-953992
-953902
-953891
-953748
-953569
-953554
-953445
-953426
-953295
-953292
-953190
-953186
-953127
-953097
-952991
-952984
-952694
-952673
-952588
-952555
-952536
-952374
-952209
-952122
-952088
-952053
-951951
-951871
-951821
-951712
-951688
-951580
-951401
-951370
-951370
-951342
-951241
-951182
-951169
-951145
-951126
-951100
-951019
-951011
-950998
-950994
-950960
-950709
-950694
-950642
-950627
-950567
-950527
-950526
-950400
-950354
-950348
-950203
-950202
-950117
-950044
-950037
-950016
-949906
-949881
-949785
-949413
-949411
-949331
-949299
-949286
-949193
-949120
-949106
-949087
-948862
-948832
-948540
-948504
-948410
-948405
-948315
-948265
-948258
-948252
-948032
-948028
-947649
-947609
-947605
-947583
-947471
-947390
-947380
-947334
-947319
-947304
-947139
-947101
-946991
-946985
-946815
-946543
-946453
-946413
-946160
-946130
-945960
-945954
-945922
-945846
-945784
-945777
-945765
-945710
-945702
-945665
-945445
-945399
-945393
-945354
-945195
-945036
-945019
-944983
-944964
-944954
-944942
-944904
-944866
-944840
-944829
-944769
-944765
-944740
-944554
-944348
-944229
-944199
-944109
-944088
-944014
-943981
-943951
-943770
-943732
-943687
-943672
-943644
-943586
-943576
-943524
-943411
-943286
-943279
-943216
-943065
-943065
-943047
-943011
-942924
-942876
-942778
-942776
-942353
-942310
-942290
-942270
-942255
-942084
-941999
-941955
-941928
-941902
-941876
-941821
-941806
-941772
-941758
-941669
-941626
-941538
-941445
-941396
-941234
-941094
-941039
-940959
-940914
-940860
-940799
-940707
-940703
-940684
-940630
-940628
-940487
-940479
-940471
-940460
-940441
-940431
-940376
-940309
-940158
-940118
-940023
-940022
-940001
-939929
-939921
-939920
-939862
-939785
-939778
-939633
-939604
-939503
-939454
-939422
-939415
-939388
-939360
-939301
-939283
-939229
-939120
-939038
-938877
-938830
-938753
-938713
-938648
-938534
-938518
-938481
-938388
-938353
-938298
-938290
-938278
-938271
-938257
-938241
-938179
-938123
-938076
-938068
-937972
-937957
-937947
-937864
-937862
-937856
-937796
-937725
-937665
-937650
-937379
-937377
-937275
-937171
-937038
-936959
-936879
-936527
-936479
-936334
-936334
-936315
-936217
-936148
-936124
-936112
-936103
-936065
-935992
-935948
-935903
-935641
-935379
-935316
-935057
-935021
-935003
-934923
-934919
-934846
-934772
-934662
-934627
-934584
-934486
-934464
-934332
-934329
-934303
-934167
-934142
-934079
-934052
-934050
-933866
-933863
-933861
-933807
-933776
-933761
-933705
-933682
-933678
-933651
-933614
-933605
-933537
-933530
-933413
-933178
-933157
-933101
-932835
-932720
-932630
-932522
-932482
-932378
-932320
-932231
-932210
-932141
-932064
-931869
-931782
-931719
-931693
-931559
-931515
-931397
-931348
-931330
-931279
-931236
-931218
-931162
-931140
-931133
-930873
-930864
-930774
-930736
-930644
-930630
-930566
-930557
-930475
-930464
-930399
-930242
-930117
-930102
-929994
-929868
-929864
-929842
-929831
-929625
-929519
-929483
-929478
-929451
-929369
-929349
-929227
-929143
-929021
-928924
-928895
-928794
-928738
-928713
-928618
-928575
-928514
-928439
-928411
-928379
-928337
-928239
-928230
-928208
-928180
-928144
-927951
-927930
-927914
-927767
-927767
-927709
-927689
-927680
-927505
-927444
-927441
-927358
-927278
-927082
-927053
-926795
-926734
-926705
-926609
-926499
-926270
-926243
-926214
-926151
-925969
-925840
-925806
-925737
-925546
-925538
-925496
-925470
-925368
-925358
-925343
-925308
-925275
-925179
-925039
-925006
-924834
-924795
-924677
-924559
-924540
-924501
-924407
-924343
-924293
-924289
-924142
-924079
-924015
-923931
-923896
-923852
-923840
-923831
-923707
-923565
-923564
-923549
-923541
-923471
-923445
-923345
-923343
-923223
-923205
-923182
-923102
-922804
-922646
-922641
-922478
-922395
-922388
-922319
-922228
-922217
-921982
-921958
-921894
-921856
-921755
-921710
-921707
-921696
-921634
-921589
-921573
-921508
-921403
-921383
-921367
-921356
-921316
-921174
-921118
-920870
-920832
-920759
-920753
-920752
-920626
-920597
-920444
-920416
-920382
-920281
-920167
-920150
-920149
-919953
-919910
-919716
-919636
-919627
-919576
-919560
-919559
-919492
-919343
-919302
-919268
-919188
-919180
-919115
-919073
-919002
-918899
-918866
-918727
-918706
-918660
-918625
-918617
-918566
-918560
-918535
-918506
-918428
-918347
-918105
-918024
-917890
-917884
-917846
-917844
-917797
-917753
-917542
-917465
-917443
-917435
-917407
-917347
-917330
-917258
-917172
-917162
-917035
-916924
-916884
-916784
-916634
-916621
-916594
-916563
-916534
-916528
-916400
-916274
-916071
-915906
-915856
-915843
-915577
-915577
-915533
-915516
-915465
-915427
-915337
-915295
-915187
-915185
-915086
-914984
-914918
-914902
-914863
-914852
-914755
-914679
-914635
-914606
-914518
-914458
-914424
-914297
-914197
-914181
-914136
-914085
-914026
-913838
-913825
-913768
-913741
-913653
-913649
-913565
-913467
-913389
-913380
-913372
-913275
-913265
-913222
-913185
-913149
-913109
-913105
-913066
-912952
-912934
-912840
-912705
-912705
-912475
-912448
-912342
-912281
-912161
-912155
-912153
-912132
-912084
-912074
-911963
-911939
-911903
-911895
-911711
-911706
-911581
-911531
-911512
-911504
-911492
-911233
-911208
-911141
-911097
-911077
-910964
-910791
-910779
-910768
-910699
-910635
-910630
-910549
-910544
-910448
-910379
-910358
-910290
-910286
-910029
-909928
-909847
-909782
-909754
-909695
-909625
-909616
-909604
-909573
-909507
-909477
-909437
-909268
-909200
-909151
-909104
-909065
-909064
-908954
-908944
-908446
-908437
-908404
-908367
-908350
-908327
-908308
-908247
-908190
-908162
-908077
-908049
-907863
-907851
-907849
-907831
-907765
-907724
-907723
-907716
-907666
-907659
-907649
-907592
-907502
-907403
-907380
-907178
-907048
-907040
-907007
-906923
-906880
-906866
-906731
-906695
-906690
-906678
-906670
-906608
-906568
-906559
-906531
-906525
-906423
-906358
-906337
-906317
-906231
-906093
-906083
-906080
-906005
-905915
-905840
-905821
-905754
-905551
-905398
-905367
-905359
-905299
-905286
-905267
-905236
-905160
-905119
-905059
-905013
-904957
-904924
-904890
-904840
-904823
-904757
-904750
-904728
-904676
-904666
-904481
-904430
-904371
-904179
-903979
-903966
-903949
-903912
-903840
-903644
-903642
-903514
-903435
-903404
-903367
-903351
-903261
-903257
-903167
-902959
-902914
-902885
-902795
-902750
-902574
-902542
-902500
-902481
-902453
-902358
-902197
-902178
-902087
-902026
-901925
-901863
-901820
-901560
-901540
-901532
-901517
-901503
-901288
-901198
-901093
-901078
-900997
-900974
-900831
-900823
-900749
-900748
-900726
-900702
-900657
-900603
-900596
-900585
-900540
-900507
-900335
-900289
-900286
-900246
-900093
-900089
-899888
-899684
-899677
-899651
-899645
-899564
-899554
-899550
-899536
-899426
-899346
-899167
-899110
-899073
-899049
-898888
-898885
-898806
-898735
-898568
-898551
-898481
-898465
-898260
-898115
-898093
-898004
-897950
-897900
-897891
-897535
-897483
-897420
-897184
-897128
-897120
-896595
-896588
-896511
-896511
-896362
-896314
-896306
-896217
-896171
-896144
-896099
-896061
-896033
-895926
-895886
-895818
-895811
-895807
-895509
-895484
-895416
-895395
-895390
-895310
-895287
-895280
-895275
-895227
-895154
-895012
-894990
-894969
-894967
-894908
-894820
-894803
-894732
-894713
-894495
-894340
-894334
-894333
-894323
-894236
-894205
-894131
-894123
-894105
-893876
-893844
-893662
-893631
-893454
-893227
-893197
-893148
-893129
-893119
-893048
-893043
-893036
-893018
-892930
-892861
-892775
-892621
-892614
-892573
-892551
-892528
-892509
-892370
-892210
-892157
-892155
-892128
-892112
-892080
-892040
-892000
-891974
-891949
-891856
-891618
-891587
-891467
-891273
-891080
-890912
-890821
-890737
-890647
-890508
-890451
-890433
-890336
-890332
-890230
-890156
-890154
-890098
-890046
-889905
-889838
-889668
-889662
-889654
-889454
-889432
-889357
-889226
-889173
-889090
-889047
-888906
-888836
-888803
-888779
-888704
-888640
-888640
-888599
-888577
-888573
-888530
-888418
-888378
-888328
-888285
-888217
-888164
-888079
-887916
-887873
-887846
-887679
-887659
-887613
-887607
-887555
-887552
-887495
-887468
-887464
-887453
-887316
-887257
-887218
-887196
-887186
-887166
-887104
-887083
-887024
-886970
-886881
-886829
-886756
-886727
-886716
-886715
-886693
-886650
-886644
-886592
-886442
-886295
-886232
-885991
-885864
-885765
-885727
-885721
-885671
-885665
-885629
-885618
-885597
-885543
-885484
-885467
-885261
-885121
-885050
-885030
-884991
-884937
-884632
-884501
-884373
-884294
-884284
-884128
-884072
-883992
-883917
-883902
-883790
-883611
-883474
-883463
-883436
-883361
-883315
-883237
-883090
-883034
-882951
-882933
-882917
-882915
-882880
-882755
-882753
-882748
-882724
-882702
-882571
-882506
-882480
-882374
-882252
-882066
-882008
-881897
-881846
-881786
-881695
-881552
-881439
-881327
-881283
-881280
-881274
-881254
-881221
-881163
-881109
-881012
-880972
-880968
-880939
-880903
-880898
-880829
-880810
-880777
-880730
-880645
-880546
-880372
-880330
-880319
-880273
-880218
-880107
-880043
-879960
-879857
-879841
-879834
-879829
-879643
-879596
-879551
-879544
-879533
-879492
-879470
-879453
-879330
-879261
-879200
-879022
-878765
-878688
-878520
-878442
-878113
-878058
-878049
-878004
-877876
-877858
-877829
-877780
-877723
-877707
-877695
-877615
-877598
-877562
-877558
-877423
-877340
-877239
-877097
-877070
-877050
-877045
-877015
-876886
-876830
-876710
-876682
-876637
-876606
-876502
-876480
-876411
-876334
-876331
-876287
-876238
-876054
-876046
-875965
-875886
-875740
-875715
-875705
-875638
-875551
-875353
-875335
-875287
-875276
-875021
-875000
-874936
-874921
-874906
-874846
-874804
-874791
-874757
-874680
-874658
-874651
-874640
-874542
-874491
-874438
-874396
-874379
-874340
-874289
-874073
-874013
-873795
-873754
-873739
-873588
-873523
-873510
-873467
-873445
-873434
-873403
-873356
-873238
-873159
-873100
-873076
-873073
-873073
-872982
-872978
-872936
-872834
-872801
-872608
-872599
-872574
-872440
-872424
-872375
-872366
-872335
-872333
-872273
-872261
-872155
-872007
-872001
-871931
-871576
-871542
-871537
-871483
-871408
-871302
-871254
-871218
-871196
-871073
-871031
-870987
-870883
-870680
-870650
-870627
-870611
-870578
-870571
-870556
-870511
-870494
-870096
-870092
-870073
-869970
-869720
-869701
-869689
-869668
-869548
-869491
-869429
-869359
-869237
-869230
-869213
-869212
-869152
-869142
-869123
-869087
-869030
-869020
-868966
-868911
-868820
-868773
-868535
-868534
-868499
-868486
-868474
-868438
-868373
-868369
-868298
-868121
-868040
-868012
-867597
-867551
-867538
-867368
-867006
-866976
-866947
-866826
-866770
-866726
-866703
-866571
-866561
-866425
-866361
-866294
-866250
-866077
-866075
-866022
-865965
-865876
-865875
-865853
-865719
-865630
-865625
-865471
-865340
-865334
-865269
-865251
-865197
-865159
-865108
-865077
-865058
-865039
-864904
-864890
-864882
-864726
-864584
-864580
-864464
-864340
-864284
-864186
-864157
-864134
-864099
-864018
-863985
-863983
-863804
-863705
-863629
-863618
-863614
-863561
-863517
-863473
-863367
-863271
-863246
-863242
-863212
-863197
-863000
-862834
-862701
-862678
-862676
-862667
-862597
-862417
-862382
-862330
-862306
-862178
-862072
-861992
-861987
-861958
-861919
-861904
-861838
-861716
-861706
-861330
-861087
-861065
-861005
-860999
-860998
-860959
-860942
-860937
-860819
-860793
-860633
-860611
-860578
-860558
-860403
-860304
-860098
-860079
-859935
-859906
-859898
-859868
-859701
-859646
-859559
-859504
-859483
-859297
-859159
-859067
-859051
-859028
-859023
-859000
-858749
-858688
-858684
-858640
-858614
-858555
-858491
-858475
-858337
-858294
-858271
-858270
-858154
-857996
-857938
-857870
-857859
-857819
-857741
-857729
-857644
-857500
-857382
-857333
-857313
-857254
-857231
-857072
-857043
-857001
-856836
-856737
-856639
-856625
-856591
-856585
-856570
-856487
-856464
-856455
-856419
-856408
-856285
-856260
-855814
-855733
-855675
-855646
-855641
-855616
-855390
-855344
-855254
-855237
-855204
-855159
-855131
-855099
-855090
-855073
-854953
-854890
-854877
-854808
-854763
-854642
-854601
-854579
-854571
-854511
-854490
-854399
-854264
-854210
-854209
-854206
-854055
-853997
-853955
-853950
-853937
-853823
-853817
-853757
-853728
-853681
-853656
-853644
-853609
-853560
-853533
-853363
-853356
-853172
-853094
-853048
-852918
-852886
-852844
-852841
-852697
-852653
-852647
-852503
-852481
-852470
-852467
-852286
-852255
-852228
-852224
-852163
-852148
-852041
-852019
-851872
-851780
-851700
-851694
-851663
-851481
-851401
-851310
-851271
-851112
-851063
-851031
-850999
-850824
-850807
-850658
-850641
-850482
-850452
-850270
-850168
-849988
-849973
-849937
-849881
-849811
-849742
-849742
-849718
-849690
-849664
-849586
-849515
-849502
-849498
-849404
-849398
-849378
-849200
-849046
-849019
-849002
-848841
-848799
-848755
-848724
-848700
-848693
-848636
-848578
-848562
-848425
-848394
-848336
-848178
-848146
-848045
-847985
-847856
-847815
-847725
-847708
-847692
-847390
-847367
-847094
-847057
-847037
-846939
-846852
-846689
-846635
-846626
-846620
-846553
-846549
-846452
-846450
-846235
-846107
-846075
-846073
-846056
-846050
-846047
-845982
-845893
-845724
-845668
-845489
-845478
-845335
-845285
-845250
-845216
-845204
-845176
-845036
-845021
-844837
-844600
-844572
-844568
-844491
-844451
-844441
-844430
-844377
-844365
-844209
-844164
-844153
-844058
-843971
-843944
-843919
-843883
-843842
-843784
-843664
-843645
-843540
-843504
-843474
-843447
-843441
-843431
-843308
-843305
-843214
-843116
-843097
-843070
-843052
-842942
-842868
-842839
-842834
-842728
-842705
-842581
-842285
-842185
-842025
-842010
-841927
-841891
-841831
-841809
-841793
-841764
-841723
-841455
-841421
-841349
-841344
-841323
-841296
-841249
-841248
-841192
-841149
-841118
-841109
-841095
-840875
-840788
-840773
-840736
-840585
-840518
-840393
-840360
-840327
-840281
-839941
-839914
-839884
-839802
-839734
-839689
-839536
-839225
-839181
-839147
-839135
-839130
-839124
-839113
-838998
-838992
-838858
-838820
-838798
-838765
-838647
-838617
-838615
-838566
-838545
-838439
-838313
-838298
-838074
-837902
-837885
-837848
-837807
-837797
-837744
-837627
-837560
-837453
-837398
-837241
-837177
-836986
-836918
-836840
-836805
-836802
-836593
-836536
-836453
-836332
-836276
-836155
-836082
-835763
-835732
-835692
-835656
-835382
-835381
-835260
-835200
-835196
-835130
-835118
-835101
-834980
-834834
-834799
-834714
-834674
-834637
-834596
-834492
-834434
-834276
-834262
-834176
-834012
-833736
-833732
-833644
-833457
-833364
-833363
-833256
-833245
-833211
-832922
-832890
-832800
-832761
-832742
-832641
-832550
-832307
-832108
-832015
-832008
-831948
-831768
-831735
-831683
-831646
-831624
-831426
-831226
-831207
-831173
-831170
-831129
-831087
-831023
-830986
-830943
-830844
-830803
-830576
-830545
-830405
-830222
-830198
-830182
-830090
-829944
-829849
-829676
-829608
-829555
-829530
-829437
-829227
-828961
-828923
-828851
-828836
-828835
-828565
-828563
-828508
-828471
-828429
-828411
-828344
-828279
-828208
-828159
-828033
-828029
-827924
-827914
-827889
-827851
-827815
-827617
-827611
-827583
-827569
-827550
-827531
-827509
-827508
-827426
-827382
-827359
-827279
-827135
-827120
-827082
-827065
-827055
-827004
-826896
-826762
-826761
-826746
-826564
-826522
-826433
-826301
-826274
-826149
-826074
-826026
-825958
-825905
-825765
-825669
-825633
-825623
-825612
-825585
-825554
-825533
-825503
-825421
-825183
-825175
-825171
-825158
-825090
-824978
-824879
-824765
-824722
-824602
-824568
-824544
-824399
-824398
-824255
-824216
-824169
-824088
-824009
-823884
-823854
-823698
-823673
-823515
-823424
-823339
-823261
-823164
-822908
-822860
-822666
-822517
-822432
-822426
-822352
-822326
-821656
-821587
-821478
-821412
-821377
-821360
-821303
-821190
-821097
-820958
-820951
-820941
-820747
-820717
-820708
-820598
-820583
-820494
-820433
-820258
-820255
-820239
-820210
-820105
-820009
-819915
-819899
-819854
-819688
-819532
-819485
-819363
-819319
-819314
-819284
-819277
-819271
-819207
-819088
-819054
-818991
-818904
-818837
-818633
-818616
-818608
-818545
-818513
-818456
-818443
-818442
-818355
-818346
-818335
-818304
-818302
-818197
-818112
-818044
-817976
-817936
-817924
-817846
-817825
-817788
-817672
-817442
-817402
-817359
-817299
-817079
-816966
-816767
-816757
-816724
-816721
-816652
-816492
-816440
-816412
-816350
-816343
-816273
-816237
-816183
-816049
-815984
-815900
-815870
-815737
-815670
-815660
-815608
-815572
-815547
-815518
-815468
-815171
-815149
-815107
-815063
-815004
-814999
-814891
-814862
-814801
-814770
-814728
-814675
-814546
-814473
-814437
-814398
-814336
-814302
-814237
-814149
-814131
-814081
-813880
-813831
-813828
-813785
-813591
-813564
-813463
-813401
-813384
-813332
-813291
-813279
-813186
-813015
-813011
-812863
-812851
-812829
-812824
-812781
-812768
-812661
-812623
-812585
-812538
-812511
-812431
-812283
-812280
-812249
-812110
-812093
-812070
-812048
-812042
-811879
-811762
-811754
-811744
-811500
-811425
-811409
-811393
-811245
-811196
-811143
-811007
-810894
-810837
-810796
-810793
-810773
-810604
-810577
-810520
-810395
-810337
-810302
-810287
-810095
-810071
-809820
-809794
-809746
-809746
-809665
-809658
-809604
-809508
-809498
-809484
-809475
-809413
-809117
-809088
-809051
-809010
-808944
-808930
-808770
-808628
-808489
-808472
-808348
-808209
-807502
-807452
-807450
-807422
-807334
-807318
-807309
-807150
-807038
-806853
-806805
-806763
-806664
-806578
-806532
-806491
-806478
-806445
-806358
-806297
-806192
-806172
-806082
-806039
-806030
-805994
-805929
-805926
-805900
-805856
-805782
-805745
-805730
-805705
-805701
-805679
-805567
-805531
-805330
-805312
-805233
-805184
-805003
-804982
-804966
-804966
-804903
-804894
-804856
-804671
-804579
-804458
-804412
-804368
-804331
-804324
-804207
-804173
-804164
-804103
-804052
-804021
-803806
-803708
-803620
-803583
-803517
-803497
-803480
-803398
-803397
-803300
-803282
-803278
-803275
-803183
-803178
-803135
-803034
-803018
-802991
-802912
-802905
-802784
-802780
-802760
-802744
-802701
-802658
-802571
-802430
-802415
-802408
-802375
-802317
-802242
-802162
-802148
-802008
-801962
-801909
-801899
-801899
-801872
-801846
-801807
-801770
-801766
-801737
-801734
-801661
-801651
-801395
-801309
-801298
-801225
-801178
-801162
-801150
-801150
-800981
-800913
-800908
-800904
-800866
-800612
-800493
-800440
-800430
-800364
-800117
-800007
-799996
-799993
-799839
-799694
-799652
-799609
-799598
-799541
-799418
-799397
-799384
-799305
-799166
-799155
-799006
-798892
-798828
-798759
-798720
-798654
-798642
-798582
-798564
-798521
-798439
-798438
-798436
-798267
-798052
-797977
-797956
-797762
-797747
-797556
-797553
-797514
-797486
-797429
-797426
-797369
-797349
-797308
-797306
-797152
-797131
-797112
-797002
-796988
-796983
-796983
-796922
-796818
-796811
-796803
-796752
-796671
-796670
-796565
-796340
-796290
-796243
-796215
-796207
-796155
-796114
-796080
-796065
-796061
-795875
-795808
-795795
-795724
-795485
-795406
-795395
-795346
-795265
-795133
-794946
-794810
-794792
-794789
-794751
-794597
-794508
-794349
-794338
-794319
-794296
-794295
-794278
-794254
-794232
-794165
-794143
-794050
-794029
-794027
-794002
-793922
-793892
-793814
-793750
-793745
-793729
-793446
-793379
-793345
-793200
-793162
-793122
-793030
-792973
-792906
-792884
-792784
-792686
-792443
-792415
-792407
-792401
-792378
-792329
-792245
-792181
-792160
-792115
-792109
-792097
-792058
-791967
-791908
-791834
-791622
-791590
-791580
-791510
-791463
-791453
-791447
-791347
-791332
-791214
-791186
-790992
-790984
-790976
-790880
-790698
-790614
-790601
-790587
-790554
-790539
-790508
-790442
-790434
-790403
-790139
-790124
-789925
-789921
-789904
-789886
-789716
-789713
-789706
-789594
-789532
-789525
-789508
-789506
-789494
-789433
-789370
-789328
-789321
-789249
-789232
-789014
-788974
-788970
-788955
-788931
-788878
-788845
-788748
-788626
-788591
-788451
-788445
-788442
-788356
-788308
-788295
-788275
-788270
-788261
-788251
-788128
-787994
-787793
-787764
-787746
-787730
-787669
-787644
-787478
-787353
-787345
-787187
-787184
-787167
-787117
-787044
-787037
-787005
-786977
-786835
-786737
-786736
-786636
-786578
-786546
-786534
-786481
-786366
-786363
-786267
-786264
-786261
-786241
-786220
-786219
-786184
-786144
-786127
-786058
-786058
-786014
-785963
-785882
-785848
-785816
-785807
-785683
-785613
-785539
-785426
-785409
-785269
-785259
-785156
-785105
-785071
-785057
-784879
-784875
-784818
-784638
-784582
-784554
-784540
-784528
-784484
-784453
-784425
-784187
-783957
-783950
-783943
-783843
-783836
-783824
-783800
-783619
-783605
-783560
-783532
-783330
-783171
-783148
-783114
-782896
-782825
-782816
-782735
-782643
-782642
-782456
-782425
-782402
-782324
-782309
-782247
-782168
-782112
-781955
-781830
-781708
-781697
-781591
-781494
-781340
-781241
-781206
-781167
-781091
-780990
-780990
-780959
-780952
-780916
-780812
-780805
-780785
-780770
-780611
-780339
-780339
-780288
-780272
-780105
-780093
-780047
-779940
-779807
-779727
-779672
-779615
-779550
-779456
-779414
-779302
-779293
-779206
-779082
-778996
-778964
-778903
-778889
-778860
-778849
-778839
-778705
-778570
-778541
-778513
-778436
-778246
-778234
-778229
-778222
-778039
-777898
-777876
-777860
-777791
-777752
-777709
-777707
-777611
-777456
-777436
-777267
-777265
-777247
-777232
-777231
-777195
-777180
-777153
-777142
-777110
-777005
-776961
-776957
-776939
-776867
-776863
-776850
-776827
-776690
-776630
-776599
-776592
-776541
-776437
-776366
-776316
-776162
-776133
-775800
-775777
-775639
-775509
-775493
-775482
-775445
-775416
-775384
-775371
-775356
-775258
-775256
-775244
-775244
-775132
-775128
-775043
-775041
-774991
-774989
-774979
-774979
-774916
-774873
-774805
-774749
-774599
-774562
-774544
-774530
-774526
-774376
-774327
-774268
-774202
-774086
-773994
-773947
-773812
-773772
-773662
-773530
-773478
-773427
-773277
-773258
-773209
-773207
-773159
-773139
-773104
-773020
-772993
-772887
-772781
-772724
-772721
-772611
-772499
-772496
-772474
-772472
-772382
-772342
-772217
-772150
-772147
-772132
-772112
-772068
-772043
-771871
-771824
-771785
-771769
-771754
-771681
-771629
-771623
-771612
-771602
-771601
-771588
-771548
-771525
-771521
-771486
-771458
-771259
-771243
-771176
-771113
-770895
-770880
-770809
-770775
-770764
-770689
-770678
-770620
-770616
-770595
-770592
-770564
-770534
-770507
-770475
-770383
-770377
-770185
-770176
-770139
-770114
-769972
-769963
-769857
-769852
-769747
-769735
-769731
-769676
-769594
-769543
-769512
-769495
-769481
-769411
-769391
-769362
-769348
-769237
-769217
-769211
-769157
-769146
-769074
-769057
-769047
-768832
-768711
-768697
-768644
-768591
-768590
-768563
-768528
-768512
-768427
-768351
-768343
-768313
-768138
-768118
-768044
-768016
-767779
-767716
-767672
-767613
-767556
-767412
-767383
-767382
-767352
-767191
-767185
-767175
-767012
-766994
-766875
-766850
-766771
-766747
-766596
-766440
-766292
-766282
-766203
-766140
-766118
-765976
-765974
-765956
-765952
-765885
-765885
-765884
-765705
-765620
-765545
-765492
-765488
-765406
-765280
-765245
-765152
-765148
-764905
-764844
-764764
-764750
-764738
-764733
-764664
-764596
-764555
-764402
-764379
-764357
-764305
-764268
-764156
-764104
-763976
-763969
-763857
-763652
-763634
-763575
-763366
-763335
-763324
-763178
-763079
-762950
-762946
-762900
-762879
-762864
-762753
-762662
-762602
-762592
-762581
-762449
-762352
-762341
-762289
-762042
-761961
-761814
-761799
-761785
-761739
-761736
-761734
-761568
-761553
-761528
-761511
-761485
-761475
-761453
-761436
-761416
-761194
-761119
-761083
-761020
-760910
-760887
-760821
-760800
-760697
-760637
-760629
-760627
-760571
-760548
-760468
-760449
-760426
-760417
-760262
-760250
-760245
-760143
-760091
-760073
-760062
-760041
-760030
-760021
-760018
-760013
-759981
-759963
-759926
-759778
-759711
-759647
-759568
-759474
-759389
-759273
-759130
-759092
-759082
-759007
-758955
-758948
-758806
-758718
-758667
-758666
-758591
-758500
-758393
-758371
-758354
-758344
-758298
-758262
-758176
-758085
-757768
-757723
-757582
-757494
-757435
-757431
-757371
-757355
-757348
-757322
-757286
-757283
-757204
-757164
-757078
-757053
-756999
-756981
-756903
-756875
-756828
-756814
-756752
-756749
-756748
-756701
-756678
-756647
-756577
-756571
-756564
-756554
-756530
-756522
-756493
-756460
-756433
-756250
-756157
-756140
-756085
-755989
-755888
-755866
-755849
-755794
-755776
-755597
-755562
-755545
-755516
-755450
-755305
-755210
-755074
-755014
-754978
-754956
-754907
-754882
-754831
-754814
-754804
-754791
-754704
-754618
-754577
-754540
-754388
-754337
-754300
-754240
-754223
-754158
-754143
-754085
-753877
-753736
-753671
-753585
-753563
-753450
-753333
-753294
-753225
-753209
-753017
-752958
-752871
-752866
-752859
-752855
-752766
-752759
-752688
-752635
-752594
-752548
-752535
-752479
-752470
-752425
-752361
-752109
-752099
-752097
-752071
-752001
-751927
-751823
-751783
-751772
-751718
-751703
-751475
-751420
-751413
-751379
-751352
-751285
-751277
-750998
-750989
-750721
-750654
-750508
-750442
-750384
-750337
-750196
-750168
-750148
-750037
-749938
-749748
-749691
-749677
-749581
-749548
-749534
-749449
-749418
-749396
-749332
-749298
-749214
-749122
-749077
-748958
-748885
-748848
-748740
-748680
-748580
-748491
-748454
-748335
-748239
-748144
-748114
-748069
-748056
-748041
-748017
-747921
-747879
-747751
-747741
-747705
-747696
-747682
-747644
-747644
-747602
-747586
-747575
-747501
-747348
-747332
-747296
-747249
-747196
-747176
-747100
-746991
-746930
-746841
-746838
-746702
-746696
-746601
-746588
-746580
-746535
-746469
-746276
-746221
-746121
-746084
-745957
-745828
-745684
-745662
-745652
-745605
-745520
-745462
-745436
-745362
-745305
-745228
-745041
-744983
-744804
-744565
-744104
-744090
-744069
-744028
-743990
-743957
-743929
-743896
-743876
-743862
-743761
-743746
-743628
-743620
-743609
-743459
-743417
-743374
-743344
-743317
-743237
-743224
-743176
-742893
-742834
-742607
-742569
-742549
-742489
-742386
-742363
-742282
-742271
-742258
-742254
-742097
-742034
-742028
-741958
-741918
-741915
-741884
-741758
-741733
-741714
-741658
-741578
-741571
-741484
-741481
-741480
-741446
-741296
-741277
-741256
-741169
-741119
-741099
-741002
-740997
-740783
-740780
-740701
-740490
-740333
-740291
-740287
-740208
-740006
-740006
-739986
-739963
-739952
-739936
-739906
-739904
-739889
-739818
-739706
-739495
-739367
-739253
-739210
-739183
-739143
-739049
-738983
-738982
-738974
-738922
-738890
-738838
-738831
-738807
-738793
-738785
-738753
-738678
-738646
-738564
-738534
-738510
-738395
-738289
-738258
-738237
-738221
-738124
-738124
-738118
-738079
-738015
-738003
-737925
-737902
-737850
-737791
-737780
-737712
-737676
-737577
-737543
-737521
-737322
-737097
-737022
-736945
-736917
-736868
-736846
-736811
-736702
-736670
-736486
-736430
-736374
-736291
-736222
-736089
-736079
-736071
-736060
-735996
-735980
-735941
-735780
-735705
-735610
-735353
-735339
-735321
-735321
-735263
-735207
-735197
-735095
-735054
-734881
-734881
-734842
-734777
-734684
-734563
-734559
-734549
-734538
-734451
-734442
-734390
-734327
-734278
-734208
-734158
-734138
-734072
-733995
-733964
-733807
-733791
-733771
-733761
-733756
-733529
-733500
-733436
-733423
-733370
-733300
-733265
-733125
-733078
-733074
-733062
-733046
-733002
-732889
-732880
-732878
-732722
-732470
-732461
-732415
-732143
-732121
-732039
-732003
-731894
-731884
-731732
-731730
-731728
-731652
-731563
-731453
-731245
-731190
-731019
-730931
-730886
-730878
-730871
-730810
-730656
-730478
-730437
-730370
-730309
-730282
-729852
-729832
-729748
-729672
-729642
-729496
-729413
-729395
-729374
-729364
-729293
-729067
-728882
-728808
-728789
-728690
-728685
-728670
-728605
-728557
-728395
-728254
-728120
-727986
-727582
-727569
-727408
-727363
-727310
-727231
-727181
-727176
-727153
-727063
-726947
-726848
-726796
-726791
-726786
-726741
-726736
-726633
-726530
-726463
-726275
-726192
-725962
-725956
-725902
-725827
-725719
-725681
-725673
-725665
-725626
-725459
-725459
-725453
-725125
-725064
-724842
-724749
-724702
-724676
-724665
-724592
-724539
-724486
-724384
-724304
-724148
-724125
-724042
-723953
-723809
-723793
-723687
-723616
-723563
-723551
-723526
-723465
-723312
-723102
-722952
-722888
-722836
-722758
-722672
-722571
-722549
-722532
-722511
-722482
-722344
-722238
-722114
-721931
-721918
-721892
-721859
-721817
-721816
-721779
-721770
-721633
-721626
-721555
-721539
-721455
-721415
-721348
-721275
-721128
-721036
-720997
-720881
-720870
-720786
-720776
-720748
-720748
-720715
-720633
-720631
-720465
-720407
-720299
-720271
-720263
-720246
-719934
-719920
-719908
-719813
-719578
-719339
-719235
-719150
-719144
-719134
-719127
-719064
-719052
-718968
-718764
-718757
-718671
-718587
-718577
-718537
-718513
-718506
-718470
-718367
-718350
-718233
-718222
-718197
-718175
-718066
-718041
-717874
-717861
-717575
-717364
-717354
-717294
-717254
-717244
-717223
-717207
-717113
-716961
-716830
-716821
-716796
-716756
-716489
-716391
-716357
-716343
-716296
-716207
-716157
-716130
-716073
-716028
-715814
-715712
-715657
-715647
-715607
-715562
-715540
-715516
-715494
-715405
-715292
-715187
-715155
-715018
-714764
-714748
-714733
-714679
-714672
-714665
-714567
-714560
-714538
-714447
-714419
-714415
-714331
-714106
-714008
-713997
-713865
-713830
-713803
-713768
-713731
-713648
-713623
-713619
-713527
-713495
-713457
-713363
-713207
-713104
-713072
-713049
-712967
-712890
-712792
-712695
-712490
-712477
-712308
-712186
-712173
-711830
-711762
-711758
-711715
-711706
-711645
-711568
-711511
-711503
-711464
-711452
-711420
-711115
-711115
-711019
-710982
-710956
-710926
-710875
-710864
-710699
-710696
-710408
-710406
-710062
-709941
-709936
-709746
-709646
-709578
-709548
-709517
-709511
-709500
-709271
-708993
-708924
-708728
-708724
-708680
-708663
-708566
-708555
-708548
-708454
-708349
-708310
-708256
-708253
-708225
-708132
-708122
-708014
-708010
-707895
-707878
-707781
-707698
-707673
-707655
-707590
-707590
-707426
-707397
-707358
-707179
-707120
-707115
-707050
-706953
-706942
-706913
-706878
-706807
-706801
-706652
-706627
-706594
-706336
-706289
-706060
-705979
-705965
-705960
-705851
-705814
-705762
-705702
-705604
-705527
-705379
-705286
-705189
-705129
-705127
-705032
-704946
-704917
-704878
-704865
-704850
-704492
-704464
-704319
-704174
-704044
-703810
-703610
-703502
-703469
-703336
-703328
-703190
-703186
-703050
-702879
-702806
-702798
-702787
-702717
-702639
-702614
-702587
-702580
-702562
-702466
-702454
-702421
-702415
-702294
-702267
-702095
-702067
-701665
-701386
-701367
-701291
-701240
-701046
-701026
-701006
-700990
-700845
-700837
-700798
-700791
-700738
-700720
-700716
-700710
-700426
-700221
-700204
-700115
-699919
-699882
-699801
-699797
-699755
-699753
-699689
-699666
-699657
-699655
-699470
-699283
-699258
-699188
-699063
-698842
-698805
-698708
-698546
-698540
-698529
-698402
-698371
-698346
-698301
-698213
-698159
-698101
-698063
-698046
-697926
-697829
-697808
-697676
-697544
-697519
-697438
-697416
-697256
-697211
-696914
-696750
-696745
-696696
-696549
-696542
-696502
-696325
-696265
-696232
-696176
-696067
-696000
-695927
-695880
-695837
-695829
-695712
-695523
-695357
-695350
-695099
-695058
-695013
-694994
-694963
-694876
-694861
-694835
-694813
-694667
-694519
-694508
-694459
-694341
-694288
-694180
-694092
-693836
-693747
-693705
-693458
-693416
-693300
-693264
-693203
-693075
-692943
-692877
-692876
-692860
-692656
-692426
-692423
-692314
-692253
-692160
-692106
-692092
-692090
-692080
-692040
-692008
-691852
-691850
-691839
-691823
-691792
-691787
-691639
-691608
-691500
-691455
-691445
-691086
-690966
-690947
-690926
-690906
-690879
-690824
-690773
-690747
-690631
-690622
-690579
-690420
-690397
-690394
-690379
-690360
-690330
-690295
-690052
-690028
-689947
-689894
-689886
-689525
-689408
-689172
-689068
-689036
-688983
-688956
-688888
-688853
-688772
-688661
-688538
-688509
-688485
-688427
-688403
-688385
-688362
-688281
-688269
-688129
-688115
-688112
-688070
-688009
-687944
-687884
-687875
-687802
-687781
-687775
-687754
-687710
-687696
-687695
-687593
-687520
-687389
-687150
-687122
-687079
-687029
-686913
-686896
-686861
-686856
-686131
-686081
-685936
-685917
-685865
-685803
-685720
-685708
-685563
-685448
-685425
-685338
-685195
-685146
-685142
-685126
-685090
-685078
-684769
-684744
-684731
-684699
-684677
-684674
-684628
-684621
-684568
-684253
-684248
-684181
-684170
-684107
-684050
-683971
-683800
-683705
-683664
-683632
-683611
-683599
-683491
-683451
-683418
-683401
-683364
-683277
-683274
-683270
-683193
-683105
-682872
-682787
-682753
-682717
-682673
-682585
-682498
-682399
-682204
-682146
-682146
-682104
-682068
-682032
-682020
-681968
-681866
-681697
-681668
-681521
-681503
-681440
-681109
-680968
-680885
-680834
-680732
-680677
-680633
-680627
-680474
-680298
-680165
-680152
-679987
-679921
-679700
-679686
-679668
-679646
-679458
-679352
-679316
-679121
-679080
-678642
-678574
-678538
-678523
-678516
-678370
-678317
-678292
-678280
-678269
-678260
-678225
-678089
-678030
-678029
-677966
-677800
-677789
-677716
-677536
-677498
-677383
-677364
-677335
-677234
-677231
-677186
-677160
-677158
-677137
-677034
-676991
-676925
-676824
-676821
-676805
-676663
-676571
-676505
-676487
-676342
-676216
-676124
-676059
-676004
-675991
-675901
-675655
-675597
-675528
-675501
-675492
-675479
-675313
-675223
-675166
-675142
-675028
-674991
-674985
-674939
-674933
-674882
-674694
-674637
-674577
-674558
-674555
-674345
-674330
-674070
-674039
-673936
-673850
-673756
-673670
-673651
-673568
-673546
-673537
-673518
-673247
-673197
-673069
-672977
-672902
-672895
-672778
-672637
-672539
-672503
-672481
-672379
-672377
-672354
-672353
-672302
-672294
-672283
-672282
-672227
-672126
-671960
-671868
-671839
-671823
-671806
-671767
-671637
-671535
-671516
-671515
-671484
-671411
-671295
-671159
-671086
-671066
-670719
-670683
-670609
-670526
-670456
-670420
-670379
-670335
-670200
-670129
-670108
-670106
-669828
-669823
-669778
-669726
-669678
-669593
-669570
-669493
-669434
-669374
-669216
-669183
-669124
-669046
-668981
-668883
-668709
-668692
-668674
-668664
-668653
-668577
-668352
-668028
-668027
-668007
-667863
-667717
-667399
-667396
-667379
-667219
-667095
-667086
-667006
-666986
-666971
-666932
-666853
-666695
-666678
-666555
-666549
-666525
-666469
-666419
-666418
-666396
-666342
-666258
-666045
-665971
-665834
-665764
-665686
-665669
-665638
-665552
-665532
-665509
-665366
-665325
-665316
-665162
-665158
-665152
-665104
-665077
-665062
-664984
-664966
-664857
-664848
-664746
-664713
-664633
-664519
-664515
-664404
-664387
-664351
-664338
-664135
-664108
-663989
-663973
-663972
-663959
-663723
-663635
-663501
-663483
-663300
-663161
-663131
-663003
-662803
-662686
-662590
-662557
-662530
-662406
-662380
-662346
-662339
-662334
-662328
-662310
-662256
-662183
-662153
-662133
-662125
-662072
-662033
-661968
-661838
-661637
-661619
-661542
-661533
-661437
-661422
-661323
-661175
-661096
-661085
-661037
-660970
-660937
-660739
-660711
-660672
-660542
-660521
-660485
-660424
-660350
-660214
-660014
-659945
-659751
-659750
-659398
-659371
-659359
-659300
-659259
-659234
-659139
-659130
-659106
-658984
-658982
-658961
-658920
-658832
-658638
-658580
-658487
-658471
-658366
-658365
-658218
-658152
-657990
-657944
-657926
-657851
-657849
-657819
-657814
-657792
-657790
-657727
-657696
-657647
-657629
-657550
-657536
-657520
-657400
-657176
-657156
-657080
-657069
-657064
-656998
-656950
-656947
-656933
-656879
-656829
-656808
-656782
-656743
-656703
-656614
-656593
-656559
-656454
-656315
-656302
-656254
-656175
-656062
-655952
-655931
-655906
-655890
-655818
-655800
-655785
-655717
-655622
-655389
-655356
-655346
-655142
-655110
-655095
-654963
-654903
-654774
-654763
-654722
-654707
-654691
-654642
-654635
-654616
-654591
-654567
-654551
-654504
-654498
-654492
-654330
-654251
-654194
-654091
-654019
-653943
-653928
-653885
-653878
-653847
-653762
-653698
-653652
-653646
-653571
-653506
-653481
-653459
-653401
-653390
-653343
-653314
-653312
-653294
-653234
-653205
-653161
-653076
-652855
-652743
-652670
-652434
-652255
-652227
-652224
-652037
-652010
-651927
-651910
-651836
-651823
-651535
-651520
-651399
-651353
-651296
-651159
-651018
-650909
-650865
-650823
-650801
-650800
-650774
-650702
-650576
-650504
-650452
-650414
-650380
-650368
-650336
-650193
-650188
-650183
-650182
-650155
-650114
-650028
-649991
-649754
-649526
-649468
-649399
-649386
-649361
-649318
-649303
-649233
-649110
-648990
-648982
-648953
-648842
-648809
-648794
-648782
-648745
-648627
-648627
-648483
-648453
-648413
-648408
-648395
-648346
-648315
-648301
-648298
-648240
-648098
-648071
-647932
-647829
-647735
-647407
-647398
-647381
-647252
-647238
-647195
-647171
-647049
-647012
-646958
-646882
-646871
-646820
-646796
-646694
-646682
-646587
-646518
-646492
-646451
-646420
-646409
-646357
-646275
-646130
-646041
-645834
-645833
-645785
-645759
-645741
-645728
-645687
-645608
-645536
-645523
-645367
-645362
-645330
-645310
-645294
-645264
-645195
-645121
-645006
-644849
-644794
-644737
-644698
-644577
-644564
-644548
-644530
-644373
-644334
-644295
-644279
-644273
-644115
-643929
-643885
-643870
-643858
-643833
-643779
-643677
-643535
-643461
-643455
-643262
-643228
-643223
-643190
-643062
-643059
-642987
-642985
-642980
-642953
-642946
-642921
-642919
-642892
-642852
-642794
-642787
-642707
-642528
-642500
-642484
-642409
-642376
-642370
-642346
-642249
-642106
-641619
-641563
-641486
-641434
-641431
-641359
-641292
-641281
-641199
-641098
-641085
-641070
-641059
-641015
-641002
-640775
-640707
-640639
-640537
-640481
-640469
-640413
-640364
-640122
-640038
-640001
-639987
-639942
-639940
-639886
-639820
-639808
-639775
-639599
-639443
-639424
-639395
-639138
-639125
-639023
-638880
-638764
-638598
-638420
-638403
-638314
-638191
-638049
-638031
-637830
-637792
-637688
-637670
-637478
-637391
-637367
-637269
-637259
-637244
-637055
-636916
-636867
-636740
-636680
-636627
-636616
-636604
-636443
-636397
-636253
-636233
-636195
-636170
-636145
-636139
-635943
-635931
-635927
-635904
-635798
-635748
-635592
-635570
-635533
-635305
-635173
-635096
-634978
-634864
-634492
-634464
-634457
-634430
-634338
-634276
-634164
-634085
-634074
-634062
-634040
-633916
-633828
-633772
-633735
-633727
-633442
-633441
-633421
-633336
-633324
-633289
-633266
-633178
-633162
-633121
-633121
-633066
-633011
-632892
-632818
-632735
-632712
-632677
-632636
-632632
-632509
-632485
-632483
-632481
-632384
-632205
-632177
-632123
-632112
-632103
-632023
-632017
-632001
-631931
-631907
-631901
-631826
-631805
-631733
-631529
-631516
-631513
-631491
-631461
-631459
-631442
-631362
-631194
-631178
-630925
-630841
-630758
-630641
-630632
-630495
-630488
-630465
-630452
-630264
-630246
-630139
-630114
-630063
-629999
-629954
-629735
-629661
-629324
-629273
-629222
-629174
-629171
-629134
-629116
-629027
-628972
-628907
-628868
-628786
-628529
-628515
-628498
-628465
-628464
-628456
-628201
-628071
-627835
-627589
-627578
-627183
-627157
-627146
-627137
-627131
-627126
-627004
-626997
-626925
-626911
-626848
-626781
-626758
-626543
-626501
-626427
-626386
-626317
-626192
-626058
-625898
-625785
-625733
-625723
-625710
-625613
-625552
-625501
-625463
-625390
-625379
-625369
-625342
-625249
-625215
-625198
-625073
-625010
-624763
-624761
-624701
-624661
-624531
-624510
-624444
-624443
-624352
-624249
-624158
-623963
-623849
-623595
-623520
-623348
-623321
-623296
-623291
-623258
-623187
-622981
-622975
-622950
-622860
-622849
-622829
-622799
-622549
-622544
-622538
-622365
-622103
-621986
-621962
-621881
-621877
-621811
-621806
-621795
-621705
-621637
-621604
-621596
-621455
-621412
-621214
-621079
-621047
-620982
-620829
-620641
-620622
-620448
-620179
-620079
-620074
-620048
-619899
-619853
-619705
-619603
-619502
-619499
-619491
-619456
-619395
-619302
-619290
-619222
-619075
-619044
-618858
-618839
-618812
-618803
-618756
-618621
-618612
-618547
-618534
-618493
-618447
-618436
-618223
-618172
-618153
-618138
-618071
-618060
-617918
-617915
-617863
-617616
-617445
-617363
-617298
-617282
-617236
-617178
-617146
-617142
-617082
-617037
-617004
-616929
-616917
-616903
-616617
-616589
-616586
-616562
-616533
-616530
-616458
-616437
-616427
-616362
-616311
-616252
-616044
-615955
-615834
-615828
-615818
-615815
-615738
-615602
-615580
-615560
-615461
-615192
-615147
-615060
-614988
-614973
-614920
-614771
-614697
-614693
-614611
-614569
-614521
-614472
-614422
-614414
-614378
-614357
-614324
-614179
-614129
-614125
-614037
-613995
-613984
-613969
-613908
-613854
-613752
-613706
-613699
-613659
-613657
-613657
-613617
-613430
-613336
-613234
-613178
-613177
-613168
-613116
-613050
-613041
-613028
-612955
-612931
-612832
-612756
-612702
-612502
-612485
-612472
-612434
-612242
-612215
-612203
-612008
-611971
-611922
-611831
-611796
-611642
-611641
-611638
-611519
-611474
-611466
-611449
-611288
-611272
-611194
-611043
-611032
-610929
-610791
-610790
-610782
-610731
-610718
-610712
-610698
-610498
-610328
-610255
-610230
-610225
-610159
-610136
-610045
-610043
-610034
-610031
-609982
-609931
-609906
-609842
-609709
-609616
-609578
-609571
-609556
-609524
-609519
-609502
-609348
-609205
-609204
-609169
-609162
-609095
-609058
-609022
-609004
-608948
-608922
-608918
-608861
-608838
-608718
-608613
-608593
-608474
-608430
-608413
-608404
-608087
-608062
-607977
-607942
-607878
-607833
-607797
-607736
-607602
-607589
-607509
-607502
-607500
-607493
-607302
-607254
-607078
-607022
-606993
-606984
-606963
-606856
-606601
-606593
-606586
-606509
-606475
-606470
-606115
-606046
-605959
-605853
-605720
-605700
-605629
-605570
-605462
-605458
-605456
-605401
-605303
-605169
-605125
-605018
-605016
-604973
-604921
-604899
-604894
-604884
-604825
-604731
-604691
-604624
-604591
-604587
-604560
-604481
-604480
-604477
-604467
-604459
-604456
-604432
-604306
-604298
-604274
-604271
-604242
-604223
-604203
-604180
-604179
-604036
-603973
-603945
-603869
-603670
-603653
-603644
-603638
-603410
-603361
-603346
-603345
-603344
-603294
-603231
-603211
-603183
-603128
-602961
-602935
-602911
-602811
-602777
-602713
-602645
-602573
-602556
-602489
-602487
-602475
-602361
-602297
-602219
-602196
-602036
-602035
-601988
-601971
-601736
-601665
-601591
-601452
-601294
-601245
-601242
-601175
-601143
-601107
-601099
-600996
-600964
-600852
-600811
-600726
-600709
-600603
-600598
-600557
-600460
-600457
-600363
-600318
-600315
-600248
-600177
-600155
-600070
-600065
-600049
-599951
-599833
-599831
-599796
-599784
-599744
-599722
-599561
-599553
-599543
-599525
-599501
-599488
-599235
-599147
-598956
-598943
-598924
-598899
-598876
-598766
-598716
-598686
-598673
-598625
-598597
-598575
-598512
-598500
-598367
-598287
-598277
-598260
-598143
-598035
-597876
-597835
-597715
-597669
-597589
-597490
-597486
-597304
-597197
-597122
-597112
-597075
-596907
-596894
-596889
-596716
-596595
-596580
-596499
-596498
-596441
-596367
-596329
-596183
-596077
-596061
-596039
-596020
-596002
-595967
-595918
-595630
-595550
-595442
-595293
-595280
-595262
-595236
-595224
-595207
-595032
-594916
-594900
-594894
-594883
-594806
-594803
-594675
-594627
-594548
-594373
-594111
-594075
-594074
-593973
-593933
-593856
-593803
-593612
-593583
-593552
-593292
-593283
-593224
-593076
-592868
-592861
-592783
-592739
-592595
-592589
-592548
-592537
-592494
-592439
-592415
-592155
-592119
-592052
-591848
-591808
-591758
-591747
-591689
-591566
-591549
-591406
-591325
-591233
-591091
-591067
-590929
-590875
-590656
-590529
-590447
-590443
-590427
-590373
-590341
-590267
-590257
-590225
-590209
-590174
-590020
-589922
-589829
-589680
-589645
-589621
-589481
-589447
-589354
-589294
-589256
-589216
-589086
-589020
-588854
-588763
-588610
-588445
-588426
-588300
-588287
-588279
-588097
-587977
-587814
-587813
-587802
-587776
-587618
-587577
-587506
-587452
-587330
-587228
-587071
-587048
-586967
-586810
-586785
-586783
-586745
-586730
-586619
-586602
-586602
-586590
-586462
-586324
-586125
-586105
-586050
-586038
-585976
-585960
-585955
-585916
-585835
-585823
-585811
-585733
-585677
-585646
-585534
-585380
-585283
-585247
-585243
-585230
-585227
-585190
-585104
-585082
-584970
-584909
-584899
-584885
-584811
-584789
-584684
-584672
-584652
-584506
-584489
-584423
-584405
-584303
-584295
-584144
-584101
-584098
-584084
-583990
-583905
-583716
-583713
-583687
-583664
-583632
-583618
-583589
-583511
-583431
-583421
-583266
-583266
-583234
-583221
-583206
-583202
-583189
-583149
-583097
-583091
-583055
-582981
-582969
-582825
-582818
-582754
-582658
-582657
-582554
-582546
-582408
-582345
-582322
-582141
-582059
-581994
-581987
-581947
-581865
-581828
-581816
-581713
-581700
-581492
-581489
-581489
-581460
-581376
-581186
-581186
-580924
-580883
-580829
-580678
-580623
-580567
-580494
-580305
-580142
-580127
-580088
-580027
-579982
-579840
-579729
-579683
-579622
-579516
-579491
-579442
-579330
-579308
-579281
-579234
-579199
-579050
-578987
-578861
-578776
-578766
-578539
-578276
-578059
-578027
-577938
-577852
-577851
-577835
-577676
-577637
-577487
-577455
-577287
-577193
-577160
-577124
-577105
-577105
-577047
-577036
-576997
-576772
-576715
-576700
-576674
-576652
-576643
-576606
-576572
-576505
-576445
-576435
-576403
-576105
-576070
-575946
-575897
-575879
-575859
-575695
-575401
-575378
-575367
-575361
-575016
-574892
-574804
-574790
-574682
-574568
-574425
-574347
-574301
-574246
-574239
-574206
-574184
-574055
-573992
-573734
-573716
-573652
-573630
-573596
-573580
-573351
-573204
-573129
-572950
-572944
-572905
-572786
-572777
-572711
-572423
-572249
-572246
-572240
-572207
-572190
-572128
-572074
-571728
-571725
-571723
-571687
-571682
-571666
-571653
-571624
-571496
-571495
-571485
-571466
-571407
-571382
-571370
-571369
-571217
-571202
-571189
-571121
-571018
-570980
-570942
-570879
-570876
-570812
-570695
-570658
-570638
-570600
-570581
-570562
-570553
-570531
-570515
-570475
-570451
-570423
-570362
-570307
-570284
-570100
-570029
-569909
-569814
-569531
-569454
-569373
-569280
-569192
-569046
-569010
-568816
-568689
-568665
-568662
-568624
-568571
-568522
-568489
-568489
-568475
-568437
-568396
-568198
-568029
-567888
-567701
-567663
-567624
-567552
-567538
-567498
-567483
-567425
-567346
-567241
-567148
-567021
-566966
-566812
-566800
-566576
-566506
-566452
-566310
-566207
-566199
-566177
-566175
-566156
-566067
-566026
-566025
-565995
-565972
-565951
-565939
-565743
-565718
-565472
-565464
-565045
-564935
-564923
-564868
-564862
-564860
-564831
-564755
-564662
-564592
-564575
-564554
-564519
-564391
-564371
-564348
-564117
-564059
-564007
-563869
-563831
-563831
-563812
-563763
-563740
-563737
-563531
-563521
-563456
-563340
-563251
-563130
-563037
-562984
-562709
-562665
-562533
-562374
-562353
-562302
-562292
-562208
-562191
-562167
-562017
-561997
-561941
-561923
-561850
-561596
-561471
-561250
-561213
-561204
-561131
-561022
-561007
-560930
-560757
-560756
-560561
-560513
-560317
-560264
-560114
-560102
-560098
-560033
-560027
-560000
-559899
-559857
-559819
-559742
-559741
-559594
-559568
-559541
-559530
-559338
-559254
-559242
-559224
-559153
-559127
-558989
-558985
-558979
-558923
-558844
-558838
-558596
-558593
-558583
-558582
-558513
-558380
-558367
-558352
-558195
-558113
-557998
-557966
-557908
-557903
-557795
-557710
-557650
-557605
-557600
-557599
-557534
-557434
-557338
-557320
-557267
-557265
-557221
-557122
-557016
-557010
-556962
-556870
-556838
-556837
-556836
-556817
-556759
-556678
-556502
-556384
-556345
-556325
-556322
-555789
-555773
-555723
-555467
-555337
-555327
-555136
-555064
-554759
-554732
-554673
-554604
-554593
-554518
-554387
-554243
-554181
-554162
-554143
-554098
-554072
-554022
-553991
-553893
-553875
-553846
-553845
-553843
-553708
-553627
-553586
-553537
-553217
-553102
-553082
-553023
-552968
-552902
-552832
-552760
-552746
-552722
-552652
-552611
-552585
-552529
-552512
-552492
-552384
-552377
-552296
-552284
-552261
-552077
-552030
-552014
-551990
-551960
-551957
-551844
-551838
-551776
-551768
-551638
-551577
-551458
-551105
-551078
-550974
-550921
-550911
-550810
-550794
-550485
-550452
-550322
-550225
-550175
-550162
-550137
-550113
-550096
-549745
-549699
-549418
-549388
-549361
-549348
-549340
-549265
-549197
-549183
-549152
-549140
-549039
-549019
-548995
-548790
-548744
-548679
-548468
-548380
-548374
-548351
-548302
-548229
-548218
-548058
-547895
-547841
-547810
-547747
-547707
-547666
-547634
-547601
-547519
-547201
-547163
-547109
-546987
-546925
-546801
-546672
-546662
-546656
-546534
-546494
-546486
-546396
-546386
-546347
-546326
-546315
-546231
-546071
-546067
-546048
-546011
-545988
-545903
-545717
-545616
-545605
-545512
-545426
-545399
-545335
-545317
-545203
-545125
-545088
-545083
-545068
-544948
-544825
-544824
-544787
-544745
-544696
-544425
-544186
-544129
-543973
-543882
-543801
-543667
-543448
-543347
-543278
-543196
-543194
-542948
-542918
-542882
-542811
-542805
-542743
-542724
-542715
-542699
-542694
-542689
-542668
-542649
-542597
-542573
-542492
-542441
-542418
-542378
-542231
-542172
-542035
-542000
-541911
-541809
-541782
-541770
-541717
-541592
-541584
-541543
-541533
-541529
-541457
-541457
-541359
-541276
-541255
-541129
-541112
-541062
-540896
-540811
-540797
-540732
-540686
-540593
-540570
-540544
-540538
-540486
-540462
-540396
-540231
-540146
-540132
-540117
-540030
-539945
-539913
-539747
-539545
-539527
-539480
-539424
-539299
-539225
-539079
-539074
-539003
-538874
-538852
-538685
-538636
-538564
-538453
-538378
-538377
-538376
-538329
-538289
-537988
-537896
-537865
-537832
-537800
-537772
-537738
-537718
-537704
-537692
-537615
-537614
-537546
-537501
-537327
-537232
-537162
-537154
-537080
-537078
-537005
-536949
-536909
-536852
-536841
-536666
-536507
-536501
-536385
-536384
-536360
-536329
-536312
-536263
-536231
-536191
-536180
-536170
-536131
-536103
-536075
-535994
-535959
-535859
-535820
-535715
-535657
-535644
-535635
-535579
-535545
-535533
-535512
-535247
-535222
-535188
-535156
-534859
-534821
-534730
-534625
-534576
-534559
-534512
-534510
-534497
-534466
-534452
-534370
-534047
-534047
-533983
-533943
-533903
-533886
-533884
-533852
-533773
-533564
-533552
-533373
-533099
-532882
-532849
-532788
-532614
-532414
-532390
-532381
-532308
-532281
-532234
-532229
-532119
-532116
-532052
-532019
-531931
-531895
-531843
-531754
-531641
-531640
-531601
-531543
-531360
-531347
-531232
-531223
-531213
-531172
-531143
-531130
-530992
-530922
-530784
-530712
-530698
-530696
-530524
-530518
-530436
-530372
-530344
-530227
-530221
-530219
-530091
-530043
-529846
-529812
-529802
-529767
-529621
-529615
-529559
-529536
-529271
-529261
-529247
-529232
-529083
-529005
-528920
-528838
-528735
-528684
-528635
-528412
-528294
-528168
-528095
-528074
-528062
-528060
-527875
-527798
-527786
-527784
-527766
-527705
-527682
-527666
-527647
-527588
-527569
-527501
-527447
-527375
-527330
-527314
-527205
-527188
-527175
-527099
-527020
-526965
-526935
-526921
-526871
-526754
-526699
-526513
-526448
-526290
-526236
-526188
-526168
-526148
-526098
-526039
-525979
-525896
-525868
-525857
-525658
-525611
-525592
-525515
-525337
-525276
-525088
-525082
-525033
-524739
-524702
-524662
-524650
-524643
-524576
-524277
-524267
-524265
-524261
-524259
-524256
-524223
-524127
-524071
-524061
-524018
-523957
-523951
-523892
-523785
-523752
-523651
-523607
-523527
-523506
-523453
-523394
-523334
-523322
-523212
-523114
-523063
-522901
-522789
-522781
-522755
-522631
-522585
-522571
-522410
-522363
-522360
-522349
-522330
-522330
-522150
-522146
-522096
-522000
-521984
-521930
-521916
-521905
-521903
-521859
-521812
-521792
-521788
-521662
-521558
-521406
-521291
-521267
-521240
-521017
-520926
-520881
-520841
-520798
-520793
-520757
-520744
-520710
-520589
-520582
-520537
-520504
-520375
-520353
-520187
-520052
-519898
-519854
-519845
-519839
-519649
-519534
-519311
-519271
-519228
-519168
-519001
-518929
-518888
-518774
-518754
-518731
-518723
-518700
-518650
-518512
-518480
-518396
-518395
-518322
-518291
-518291
-518171
-518138
-518109
-518053
-517973
-517920
-517919
-517835
-517829
-517829
-517813
-517812
-517716
-517546
-517486
-517486
-517459
-517355
-517351
-517311
-517287
-517274
-517182
-517171
-517081
-517050
-516947
-516943
-516800
-516721
-516678
-516603
-516449
-516343
-516338
-515910
-515727
-515709
-515686
-515481
-515456
-515226
-515213
-515213
-515128
-515037
-515007
-514778
-514729
-514675
-514616
-514499
-514434
-514408
-514263
-514236
-514173
-514150
-514131
-514092
-513920
-513917
-513909
-513652
-513518
-513426
-513420
-513390
-513282
-513156
-513086
-512997
-512972
-512957
-512734
-512677
-512673
-512495
-512448
-512396
-512312
-512305
-512302
-512285
-512176
-512098
-512083
-511967
-511915
-511797
-511759
-511725
-511676
-511438
-511398
-511395
-511374
-511359
-511306
-511251
-511208
-511199
-511186
-511128
-510827
-510735
-510726
-510659
-510533
-510464
-510416
-510339
-510146
-510076
-510069
-510023
-509998
-509832
-509743
-509696
-509634
-509600
-509356
-509350
-509220
-508784
-508721
-508714
-508713
-508682
-508665
-508607
-508512
-508328
-508303
-508269
-508080
-507988
-507956
-507932
-507904
-507837
-507618
-507416
-507400
-507326
-507215
-507188
-507140
-507066
-507052
-507023
-507007
-506877
-506810
-506804
-506642
-506621
-506546
-506532
-506478
-506439
-506404
-506376
-506351
-506239
-506194
-506121
-506113
-506080
-506047
-505962
-505707
-505617
-505548
-505518
-505483
-505407
-505397
-505357
-505299
-505222
-505215
-505203
-505203
-505163
-505143
-504901
-504850
-504648
-504588
-504522
-504482
-504478
-504473
-504394
-504356
-504228
-504165
-504075
-504060
-504030
-503984
-503949
-503899
-503761
-503720
-503552
-503514
-503427
-503342
-503321
-503319
-503276
-503228
-503154
-503152
-503125
-503119
-503062
-503029
-502911
-502882
-502840
-502780
-502717
-502668
-502652
-502640
-502591
-502583
-502535
-502288
-502204
-501990
-501985
-501875
-501853
-501782
-501779
-501742
-501676
-501617
-501449
-501436
-501423
-501408
-501357
-501328
-501258
-501241
-501223
-501222
-501215
-501166
-501161
-501115
-501038
-500927
-500843
-500813
-500782
-500607
-500572
-500524
-500433
-500423
-500353
-500342
-500244
-500206
-500195
-500159
-500131
-500112
-500060
-499811
-499761
-499705
-499638
-499559
-499474
-499415
-499383
-499377
-499120
-499037
-498907
-498646
-498597
-498591
-498552
-498550
-498437
-498402
-498395
-498260
-498094
-498080
-498019
-498000
-497907
-497891
-497840
-497767
-497691
-497634
-497609
-497585
-497511
-497503
-497468
-497364
-497237
-497217
-497180
-497106
-497081
-497022
-496812
-496741
-496718
-496717
-496704
-496691
-496587
-496281
-496272
-496152
-496144
-496096
-496084
-496031
-495964
-495941
-495823
-495785
-495780
-495758
-495754
-495685
-495660
-495658
-495649
-495625
-495572
-495569
-495558
-495455
-495380
-495247
-495230
-495211
-495149
-495138
-495131
-495120
-495079
-494934
-494933
-494896
-494771
-494733
-494724
-494625
-494616
-494077
-494034
-493956
-493891
-493887
-493810
-493807
-493804
-493791
-493727
-493712
-493660
-493570
-493494
-493312
-493239
-493194
-493096
-493090
-493073
-493066
-493039
-492952
-492907
-492804
-492726
-492602
-492589
-492574
-492499
-492475
-492464
-492378
-492315
-492242
-492212
-492103
-491883
-491820
-491742
-491699
-491600
-491484
-491404
-491375
-491324
-491299
-491164
-491140
-491052
-490986
-490846
-490822
-490792
-490791
-490730
-490725
-490708
-490550
-490547
-490460
-490390
-490372
-490370
-490294
-490221
-490144
-490113
-490091
-489976
-489821
-489761
-489677
-489598
-489570
-489550
-489518
-489435
-489411
-489359
-489346
-489338
-489085
-488961
-488910
-488784
-488681
-488609
-488567
-488369
-488254
-488243
-488235
-488077
-487833
-487831
-487827
-487660
-487659
-487481
-487467
-487447
-487392
-487125
-486953
-486877
-486841
-486823
-486810
-486704
-486687
-486625
-486511
-486446
-486376
-486372
-486285
-486220
-486209
-486120
-486054
-486045
-485945
-485831
-485818
-485737
-485684
-485335
-485302
-485264
-485185
-485062
-485008
-484941
-484900
-484742
-484720
-484638
-484612
-484599
-484561
-484517
-484493
-484472
-484444
-484417
-484309
-484248
-484246
-484231
-484218
-484215
-484207
-484203
-483995
-483988
-483903
-483899
-483775
-483765
-483660
-483648
-483521
-483520
-483519
-483478
-483440
-483432
-483229
-483223
-483175
-483101
-483042
-482894
-482858
-482846
-482731
-482535
-482515
-482509
-482466
-482448
-482381
-482310
-482287
-482282
-482246
-482175
-482038
-482016
-481876
-481871
-481817
-481790
-481742
-481728
-481621
-481482
-481267
-481131
-480832
-480794
-480742
-480730
-480693
-480677
-480668
-480539
-480520
-480338
-480313
-480210
-480086
-480085
-480071
-480018
-480000
-479881
-479863
-479751
-479693
-479669
-479540
-479501
-479405
-479373
-479187
-479089
-479029
-478923
-478888
-478827
-478792
-478756
-478669
-478620
-478562
-478305
-478228
-478116
-477790
-477764
-477585
-477550
-477479
-477433
-477397
-477293
-477186
-477161
-477134
-477068
-477021
-476942
-476939
-476858
-476814
-476766
-476740
-476724
-476724
-476713
-476659
-476544
-476303
-476296
-476240
-476219
-476079
-476035
-475970
-475946
-475894
-475892
-475756
-475750
-475672
-475525
-475250
-475136
-475119
-475082
-475050
-474857
-474806
-474797
-474665
-474292
-474256
-474157
-474047
-473944
-473820
-473703
-473612
-473601
-473598
-473542
-473464
-473369
-473285
-473212
-473146
-473022
-472997
-472975
-472955
-472821
-472790
-472753
-472724
-472675
-472656
-472642
-472571
-472504
-472501
-472467
-472382
-472382
-472358
-472334
-472319
-472286
-472070
-472047
-471718
-471715
-471664
-471655
-471612
-471601
-471567
-471476
-471358
-471311
-471274
-471265
-471237
-471130
-471011
-470946
-470928
-470897
-470831
-470490
-470477
-470440
-470428
-470418
-470336
-470241
-470191
-470123
-470084
-469993
-469959
-469928
-469922
-469850
-469788
-469780
-469722
-469689
-469565
-469550
-469517
-469422
-469059
-469011
-468908
-468886
-468716
-468706
-468705
-468644
-468625
-468616
-468496
-468417
-468331
-468304
-468246
-468190
-468161
-468148
-468096
-468044
-468011
-467944
-467865
-467773
-467737
-467467
-467455
-467342
-467317
-467285
-467102
-466815
-466786
-466635
-466483
-466479
-466323
-466113
-465831
-465818
-465735
-465698
-465670
-465558
-465542
-465510
-465423
-465372
-465298
-465212
-465087
-464803
-464716
-464712
-464681
-464663
-464645
-464585
-464489
-464364
-464354
-464306
-464215
-464193
-464136
-463782
-463671
-463516
-463465
-463370
-463355
-463347
-463198
-463168
-462957
-462918
-462855
-462842
-462829
-462822
-462813
-462807
-462724
-462703
-462671
-462553
-462546
-462491
-462308
-462249
-462108
-462096
-462092
-462073
-462004
-461981
-461971
-461872
-461838
-461790
-461767
-461761
-461758
-461755
-461715
-461655
-461630
-461317
-461296
-461272
-461243
-461157
-461089
-461036
-460909
-460870
-460859
-460816
-460782
-460781
-460658
-460658
-460619
-460514
-460513
-460496
-460496
-460494
-460493
-460480
-460443
-460427
-460424
-460422
-460373
-460342
-460212
-460016
-459973
-459841
-459822
-459814
-459742
-459663
-459634
-459480
-459399
-459398
-459312
-459276
-459236
-459200
-459186
-459163
-459040
-459031
-458979
-458844
-458821
-458802
-458787
-458766
-458725
-458646
-458570
-458569
-458315
-458100
-458084
-457981
-457940
-457939
-457890
-457872
-457862
-457799
-457791
-457770
-457765
-457695
-457682
-457606
-457486
-457314
-457267
-457061
-457025
-457001
-456873
-456861
-456804
-456795
-456795
-456727
-456690
-456663
-456636
-456573
-456520
-456434
-456405
-456216
-456126
-456111
-456011
-455958
-455909
-455881
-455869
-455794
-455664
-455614
-455603
-455550
-455488
-455473
-455277
-455159
-455144
-455109
-454988
-454959
-454913
-454900
-454812
-454722
-454708
-454693
-454508
-454441
-454386
-454367
-454362
-454358
-454330
-454307
-454294
-454250
-454198
-454156
-453981
-453829
-453664
-453544
-453501
-453402
-453379
-453225
-453161
-452845
-452781
-452780
-452772
-452540
-452424
-452390
-452358
-452324
-452150
-452052
-451990
-451980
-451933
-451864
-451834
-451611
-451609
-451587
-451540
-451457
-451428
-451400
-451300
-451250
-451234
-451137
-451113
-451090
-451076
-451073
-451027
-450987
-450925
-450853
-450742
-450673
-450599
-450582
-450246
-450049
-449938
-449911
-449829
-449829
-449702
-449556
-449536
-449490
-449406
-449221
-449124
-449115
-449056
-448999
-448953
-448951
-448919
-448896
-448868
-448616
-448534
-448467
-448442
-448367
-448333
-448329
-448316
-448140
-448092
-448079
-448077
-447989
-447923
-447811
-447765
-447714
-447667
-447624
-447599
-447581
-447546
-447496
-447442
-447410
-447355
-447350
-447264
-447122
-447106
-447103
-447067
-446951
-446849
-446775
-446692
-446666
-446535
-446530
-446394
-446359
-446255
-446217
-446116
-446080
-445997
-445993
-445944
-445889
-445839
-445713
-445685
-445552
-445410
-445318
-445293
-445283
-445268
-445251
-445251
-445128
-445120
-444915
-444914
-444884
-444844
-444803
-444766
-444660
-444621
-444481
-444373
-444366
-444360
-444335
-444292
-444257
-444249
-444147
-444136
-444123
-444051
-444001
-443937
-443877
-443850
-443815
-443729
-443668
-443608
-443558
-443554
-443329
-443317
-443116
-443040
-442619
-442568
-442481
-442409
-442387
-442379
-442351
-442339
-442250
-442045
-441969
-441923
-441655
-441644
-441509
-441507
-441488
-441307
-441277
-441185
-441066
-440966
-440939
-440926
-440909
-440809
-440787
-440750
-440737
-440729
-440657
-440421
-440256
-440240
-440227
-440201
-440198
-440130
-440003
-439984
-439976
-439939
-439932
-439931
-439846
-439797
-439659
-439533
-439402
-439347
-439092
-439004
-438716
-438484
-438426
-438381
-438381
-438368
-438321
-438301
-438299
-438228
-438055
-438017
-438009
-437958
-437901
-437765
-437758
-437729
-437713
-437642
-437540
-437505
-437289
-437276
-437259
-437106
-436914
-436906
-436869
-436635
-436564
-436543
-436521
-436497
-436495
-436453
-436118
-435972
-435966
-435833
-435794
-435766
-435745
-435723
-435717
-435574
-435572
-435473
-435411
-435332
-435251
-435142
-435111
-434998
-434917
-434887
-434877
-434830
-434702
-434635
-434629
-434450
-434391
-434380
-434372
-434295
-434194
-434040
-433992
-433989
-433963
-433921
-433796
-433701
-433675
-433628
-433615
-433525
-433349
-433333
-433286
-433275
-433117
-433114
-433102
-433050
-432953
-432953
-432896
-432803
-432732
-432656
-432588
-432548
-432457
-432398
-432188
-432164
-432138
-431837
-431837
-431821
-431820
-431743
-431648
-431526
-431472
-431443
-431325
-431167
-431146
-431077
-431051
-431013
-431004
-430982
-430958
-430860
-430800
-430774
-430726
-430684
-430595
-430576
-430563
-430509
-430416
-430413
-430352
-430317
-430303
-430301
-430295
-430115
-430000
-429928
-429898
-429886
-429835
-429822
-429712
-429668
-429646
-429606
-429556
-429505
-429466
-429316
-429252
-429234
-429148
-429048
-428940
-428938
-428673
-428657
-428458
-428347
-428294
-428199
-428060
-427931
-427927
-427852
-427821
-427775
-427669
-427541
-427511
-427490
-427369
-427352
-427306
-427286
-427163
-427088
-427026
-427023
-426861
-426806
-426667
-426593
-426472
-426415
-426367
-426299
-426146
-426005
-425974
-425917
-425875
-425767
-425766
-425751
-425728
-425726
-425576
-425505
-425478
-425453
-425448
-425410
-425408
-425313
-425232
-425224
-424947
-424912
-424899
-424852
-424847
-424757
-424623
-424524
-424517
-424499
-424454
-424381
-424379
-424304
-424288
-424265
-424120
-424068
-424040
-424023
-423962
-423960
-423952
-423904
-423878
-423868
-423803
-423759
-423622
-423608
-423577
-423498
-423425
-423340
-423171
-423095
-423019
-422920
-422745
-422682
-422672
-422627
-422618
-422543
-422282
-422252
-422245
-422143
-422081
-421969
-421913
-421772
-421769
-421703
-421658
-421622
-421568
-421545
-421510
-421409
-421394
-421387
-421264
-421175
-421152
-421069
-420957
-420944
-420901
-420832
-420619
-420495
-420389
-420364
-420330
-420254
-420210
-420206
-420039
-420011
-419961
-419897
-419732
-419625
-419470
-419467
-419340
-419282
-419222
-419100
-419070
-419047
-419000
-418932
-418875
-418864
-418796
-418781
-418775
-418632
-418619
-418558
-418526
-418461
-418434
-418381
-418153
-418042
-418015
-418006
-417989
-417961
-417885
-417876
-417856
-417817
-417617
-417551
-417494
-417467
-417448
-417335
-417327
-417061
-417019
-417006
-416978
-416970
-416917
-416910
-416803
-416643
-416534
-416478
-416476
-416465
-416392
-416383
-416361
-416330
-416328
-416263
-416241
-416129
-416103
-416085
-416052
-415960
-415903
-415862
-415808
-415789
-415757
-415727
-415656
-415636
-415586
-415526
-415471
-415457
-415442
-415359
-415328
-415256
-415004
-414992
-414917
-414883
-414855
-414844
-414809
-414678
-414661
-414481
-414443
-414346
-414257
-414237
-414211
-414082
-414048
-414019
-413957
-413936
-413776
-413569
-413540
-413528
-413381
-413340
-413327
-413285
-413241
-413119
-413116
-413088
-413087
-413069
-413004
-412968
-412762
-412625
-412438
-412421
-412345
-412241
-412223
-412182
-412013
-411837
-411819
-411797
-411636
-411549
-411536
-411386
-411342
-411186
-411165
-411127
-411045
-411009
-410997
-410977
-410953
-410818
-410817
-410766
-410753
-410694
-410606
-410516
-410471
-410425
-410359
-410108
-410033
-410006
-409982
-409912
-409887
-409794
-409767
-409718
-409678
-409627
-409604
-409600
-409561
-409560
-409341
-408725
-408660
-408652
-408624
-408563
-408508
-408462
-408418
-408340
-408168
-408119
-408010
-407974
-407863
-407855
-407837
-407765
-407758
-407670
-407380
-407354
-407305
-407252
-407209
-407117
-407090
-407084
-407061
-407048
-407033
-406973
-406887
-406878
-406856
-406831
-406750
-406731
-406629
-406596
-406531
-406457
-406451
-406443
-406398
-406133
-406053
-405974
-405881
-405821
-405794
-405765
-405622
-405438
-405081
-404930
-404899
-404812
-404756
-404743
-404463
-404378
-404292
-404263
-404240
-404149
-404066
-404066
-403969
-403904
-403751
-403573
-403557
-403453
-403420
-403395
-403316
-403291
-403255
-403250
-403138
-403131
-403071
-403055
-402967
-402863
-402750
-402737
-402716
-402701
-402692
-402659
-402593
-402402
-402391
-402386
-402353
-402295
-402276
-402266
-402257
-402208
-402131
-401881
-401767
-401707
-401522
-401426
-401315
-401290
-401272
-401214
-401043
-401028
-400868
-400850
-400744
-400701
-400662
-400535
-400236
-400166
-400154
-400115
-400079
-400018
-400018
-399988
-399959
-399949
-399905
-399894
-399819
-399772
-399745
-399706
-399604
-399568
-399542
-399405
-399384
-399384
-399373
-399305
-399159
-399002
-398964
-398954
-398671
-398643
-398630
-398539
-398533
-398483
-398450
-398263
-398082
-398008
-397904
-397769
-397651
-397537
-397527
-397439
-397335
-397284
-397179
-397142
-397126
-397057
-396989
-396901
-396859
-396825
-396779
-396710
-396625
-396587
-396559
-396470
-396437
-396366
-396336
-396291
-396240
-396226
-396225
-396169
-396156
-395969
-395941
-395927
-395867
-395867
-395842
-395759
-395587
-395530
-395471
-395239
-395085
-395044
-394913
-394775
-394661
-394643
-394632
-394549
-394545
-394425
-394411
-394359
-394353
-394341
-394184
-394176
-394168
-394030
-393937
-393923
-393831
-393779
-393699
-393591
-393579
-393476
-393453
-393310
-393245
-393216
-392969
-392651
-392590
-392475
-392428
-392380
-392330
-392313
-392299
-392178
-391973
-391811
-391809
-391642
-391601
-391423
-391389
-391325
-391228
-391191
-391183
-391181
-391162
-391102
-391074
-390825
-390806
-390658
-390627
-390577
-390575
-390552
-390551
-390456
-390442
-390413
-390408
-390403
-390393
-390379
-390339
-390178
-390154
-389946
-389850
-389807
-389766
-389730
-389727
-389683
-389639
-389386
-389206
-389165
-389165
-388970
-388956
-388932
-388769
-388472
-388425
-388394
-388346
-388301
-388269
-388137
-388131
-388128
-388058
-387998
-387927
-387913
-387597
-387596
-387539
-387515
-387455
-387408
-387302
-387284
-387237
-387210
-387024
-386819
-386705
-386669
-386533
-386485
-386394
-386378
-386258
-386209
-386104
-386076
-385656
-385615
-385440
-385406
-385331
-385317
-385232
-385090
-384788
-384734
-384732
-384714
-384571
-384496
-384420
-384372
-384333
-384327
-384326
-384226
-384219
-384103
-384020
-383993
-383915
-383904
-383884
-383708
-383541
-383465
-383429
-383400
-383257
-383017
-382921
-382881
-382822
-382806
-382668
-382628
-382571
-382526
-382514
-382509
-382475
-382439
-382432
-382381
-382279
-382105
-382042
-381917
-381790
-381776
-381764
-381601
-381591
-381580
-381489
-381356
-381329
-381309
-381309
-381284
-381230
-381220
-381144
-381088
-381081
-381058
-380819
-380708
-380679
-380622
-380598
-380590
-380543
-380432
-380322
-380297
-380127
-380050
-380006
-379999
-379969
-379961
-379955
-379786
-379757
-379752
-379504
-379490
-379433
-379339
-379307
-379241
-379212
-379166
-378967
-378923
-378907
-378896
-378746
-378734
-378605
-378523
-378513
-378467
-378446
-378442
-378406
-378310
-378304
-378285
-378273
-378188
-378168
-378157
-378102
-378089
-378006
-377863
-377847
-377822
-377661
-377645
-377533
-377522
-377516
-377462
-377401
-377204
-377196
-377093
-377085
-377021
-376984
-376980
-376808
-376804
-376785
-376774
-376764
-376691
-376569
-376383
-376282
-376271
-376264
-376249
-376231
-376165
-375940
-375920
-375775
-375765
-375660
-375637
-375492
-375375
-375293
-375255
-375235
-375177
-375106
-375100
-375050
-375003
-374974
-374924
-374903
-374720
-374677
-374674
-374408
-374352
-374235
-374217
-373953
-373766
-373746
-373608
-373604
-373574
-373532
-373499
-373479
-373431
-373239
-373223
-373218
-373141
-373086
-372962
-372866
-372803
-372798
-372707
-372571
-372483
-372414
-372400
-372353
-372351
-372303
-372122
-372121
-372020
-372006
-371932
-371909
-371834
-371747
-371659
-371435
-371426
-371275
-371228
-371043
-370923
-370856
-370791
-370773
-370731
-370539
-370526
-370319
-370313
-370253
-370208
-370133
-370069
-369995
-369984
-369957
-369927
-369805
-369721
-369717
-369640
-369544
-369489
-369409
-369325
-369298
-369285
-369169
-369110
-369059
-368903
-368801
-368659
-368612
-368442
-368429
-368410
-368405
-368328
-368046
-367999
-367894
-367786
-367785
-367692
-367692
-367622
-367605
-367589
-367413
-367209
-367152
-367051
-366962
-366941
-366862
-366860
-366802
-366799
-366793
-366737
-366620
-366569
-366554
-366541
-366061
-366010
-365878
-365877
-365877
-365831
-365815
-365804
-365798
-365669
-365466
-365286
-365274
-365250
-365217
-365146
-365005
-364887
-364832
-364817
-364682
-364666
-364603
-364454
-364340
-364244
-364237
-364135
-364117
-364093
-364034
-363967
-363944
-363929
-363854
-363851
-363683
-363588
-363575
-363393
-363296
-362944
-362880
-362593
-362532
-362373
-362324
-362296
-362271
-362243
-362240
-362195
-362007
-362003
-361965
-361819
-361762
-361596
-361564
-361419
-361407
-361386
-361341
-361238
-361162
-361138
-361080
-361035
-360967
-360959
-360821
-360796
-360736
-360733
-360637
-360618
-360523
-360464
-360403
-360345
-360252
-360150
-360041
-359939
-359920
-359859
-359844
-359687
-359618
-359566
-359514
-359423
-359229
-359178
-359147
-359113
-359077
-359047
-359012
-358878
-358852
-358761
-358699
-358610
-358396
-358370
-358353
-358254
-358234
-358175
-358133
-357956
-357910
-357885
-357830
-357824
-357789
-357581
-357477
-357429
-357403
-357392
-357330
-357272
-357183
-357123
-356972
-356930
-356912
-356891
-356863
-356714
-356625
-356623
-356565
-356506
-356448
-356335
-356273
-356169
-355975
-355823
-355791
-355762
-355701
-355673
-355617
-355246
-355211
-355077
-355074
-355055
-355035
-354935
-354786
-354765
-354699
-354689
-354361
-354332
-354274
-354213
-354099
-354095
-354066
-354030
-353975
-353638
-353584
-353566
-353529
-353452
-353382
-353336
-353319
-353315
-353273
-353224
-353195
-353134
-353089
-353040
-352896
-352850
-352826
-352807
-352779
-352727
-352721
-352633
-352461
-352377
-352147
-352134
-352073
-352053
-352009
-351880
-351804
-351688
-351682
-351662
-351647
-351623
-351611
-351507
-351436
-351424
-351386
-351182
-351169
-350929
-350759
-350681
-350674
-350418
-350416
-350362
-350328
-350109
-350038
-349948
-349816
-349663
-349600
-349484
-349404
-349326
-349308
-349296
-349248
-349183
-348713
-348698
-348452
-348309
-348203
-348154
-348137
-348104
-348009
-347912
-347897
-347816
-347812
-347755
-347703
-347653
-347632
-347519
-347459
-347390
-347008
-346901
-346841
-346840
-346810
-346733
-346714
-346711
-346690
-346614
-346541
-346362
-346225
-346213
-346024
-346022
-346021
-345971
-345685
-345617
-345597
-345527
-345480
-345466
-345451
-345325
-345150
-345052
-345031
-345030
-344977
-344813
-344591
-344475
-344471
-344449
-344356
-344307
-344291
-344271
-344270
-344247
-344240
-344236
-344186
-344133
-343889
-343667
-343666
-343477
-343427
-343400
-343394
-343366
-343311
-343282
-343208
-343204
-343169
-343167
-343099
-343007
-342965
-342959
-342950
-342870
-342859
-342816
-342802
-342758
-342606
-342604
-342587
-342537
-342405
-342374
-342335
-342159
-342135
-342105
-342100
-342094
-342088
-342010
-342004
-341913
-341908
-341864
-341366
-341335
-341278
-341243
-341229
-341147
-341136
-341125
-341074
-340879
-340827
-340800
-340797
-340727
-340681
-340489
-340446
-340438
-340273
-340249
-340034
-340031
-339877
-339875
-339802
-339755
-339692
-339681
-339610
-339507
-339388
-339310
-339310
-339291
-339284
-339242
-339225
-339163
-339162
-339152
-339036
-338950
-338928
-338786
-338712
-338648
-338603
-338577
-338477
-338363
-338299
-338058
-338054
-337995
-337978
-337919
-337893
-337874
-337816
-337618
-337387
-337385
-337312
-337208
-337188
-337164
-337094
-337085
-337080
-337034
-336835
-336822
-336568
-336498
-336464
-336396
-336332
-336275
-336225
-336179
-336176
-336079
-336064
-336014
-335965
-335947
-335904
-335900
-335787
-335723
-335596
-335583
-335580
-335410
-335225
-335211
-335193
-335116
-335047
-334891
-334878
-334755
-334726
-334713
-334703
-334591
-334460
-334424
-334400
-334164
-334116
-333974
-333945
-333762
-333755
-333705
-333661
-333644
-333615
-333593
-333508
-333401
-333381
-333347
-333320
-333292
-333252
-333210
-333134
-333006
-332912
-332906
-332834
-332517
-332432
-332405
-332332
-332230
-332193
-332183
-332141
-332106
-331973
-331859
-331802
-331745
-331619
-331612
-331586
-331457
-331281
-331151
-331085
-331059
-330981
-330976
-330935
-330860
-330824
-330808
-330669
-330608
-330579
-330490
-330487
-330373
-330314
-330274
-330192
-330125
-330046
-330005
-329953
-329948
-329712
-329706
-329703
-329688
-329663
-329548
-329430
-329332
-329249
-329231
-329173
-328853
-328826
-328735
-328732
-328663
-328587
-328533
-328493
-328454
-328358
-328352
-328331
-328255
-328195
-328152
-328129
-328062
-327977
-327822
-327771
-327761
-327738
-327583
-327551
-327529
-327509
-327502
-327486
-327478
-327438
-327413
-327400
-327385
-327294
-327070
-326982
-326982
-326899
-326852
-326798
-326784
-326758
-326715
-326503
-326149
-326121
-326043
-325985
-325968
-325948
-325897
-325887
-325870
-325806
-325669
-325584
-325581
-325568
-325503
-325474
-325463
-325420
-325394
-325297
-325277
-325258
-325256
-325209
-325137
-325077
-324975
-324898
-324838
-324791
-324694
-324662
-324604
-324591
-324582
-324578
-324522
-324361
-324282
-324275
-324265
-324133
-324116
-323983
-323886
-323840
-323731
-323698
-323646
-323504
-323480
-323277
-323207
-323029
-322984
-322941
-322882
-322763
-322743
-322714
-322664
-322576
-322543
-322539
-322479
-322348
-322323
-322295
-322276
-322258
-322256
-322207
-322199
-322100
-321885
-321857
-321776
-321667
-321537
-321533
-321518
-321447
-321440
-321240
-321199
-321193
-321168
-321053
-321050
-321008
-320971
-320957
-320909
-320898
-320886
-320871
-320798
-320788
-320735
-320645
-320591
-320582
-320563
-320482
-320405
-320348
-320303
-320273
-320089
-320087
-320047
-319949
-319788
-319778
-319658
-319420
-319348
-319348
-319339
-319236
-319058
-319057
-319013
-318999
-318933
-318721
-318712
-318694
-318452
-318438
-318372
-318287
-318281
-318263
-318075
-318012
-317993
-317975
-317873
-317861
-317840
-317710
-317662
-317607
-317478
-317467
-317389
-317257
-317184
-317028
-317010
-316947
-316904
-316788
-316706
-316679
-316658
-316630
-316629
-316509
-316508
-316449
-316181
-316098
-316011
-315933
-315921
-315872
-315843
-315716
-315618
-315584
-315526
-315229
-315136
-315109
-315089
-315082
-314942
-314930
-314924
-314907
-314830
-314830
-314819
-314751
-314692
-314690
-314688
-314660
-314647
-314558
-314511
-314382
-314341
-314327
-314310
-314257
-314209
-314209
-314194
-314186
-314166
-314128
-314000
-313869
-313723
-313712
-313704
-313627
-313523
-313491
-313446
-313291
-313237
-313092
-313076
-313046
-313013
-313003
-312911
-312836
-312803
-312778
-312734
-312680
-312659
-312649
-312634
-312594
-312576
-312567
-312550
-312547
-312426
-312345
-312226
-312104
-311988
-311980
-311960
-311890
-311863
-311755
-311744
-311739
-311304
-311156
-311076
-310912
-310834
-310770
-310750
-310727
-310723
-310664
-310408
-310207
-310078
-310056
-309936
-309898
-309836
-309760
-309721
-309647
-309623
-309591
-309540
-309344
-309252
-309221
-309208
-309124
-309052
-309013
-308951
-308942
-308911
-308905
-308887
-308865
-308828
-308661
-308635
-308597
-308593
-308403
-308266
-308213
-308146
-308115
-308098
-308061
-308060
-308059
-307985
-307778
-307743
-307741
-307660
-307598
-307435
-307292
-307271
-307176
-307171
-307091
-306904
-306901
-306830
-306790
-306786
-306644
-306569
-306408
-306405
-306396
-306384
-306364
-306201
-306155
-306012
-305955
-305929
-305905
-305893
-305817
-305794
-305736
-305722
-305480
-305465
-305232
-305196
-305194
-305162
-305128
-305099
-305093
-305057
-305056
-304992
-304968
-304865
-304819
-304799
-304796
-304655
-304399
-304323
-304174
-304046
-304026
-303971
-303811
-303759
-303745
-303674
-303583
-303518
-303375
-303337
-303306
-303232
-303105
-303083
-302980
-302965
-302961
-302932
-302723
-302715
-302657
-302564
-302529
-302512
-302479
-302432
-302400
-302398
-302307
-302270
-302248
-302240
-302234
-302216
-302120
-302056
-302050
-301942
-301936
-301877
-301727
-301723
-301714
-301618
-301571
-301509
-301504
-301501
-301485
-301434
-301350
-301242
-301003
-300974
-300935
-300932
-300874
-300784
-300722
-300657
-300612
-300351
-300331
-300282
-300235
-300230
-300203
-300196
-300109
-300070
-300063
-299980
-299975
-299931
-299918
-299690
-299531
-299478
-299420
-299388
-299359
-299262
-299167
-299128
-299017
-298968
-298937
-298882
-298862
-298719
-298485
-298463
-298228
-297910
-297904
-297873
-297766
-297720
-297676
-297543
-297519
-297398
-297309
-297135
-297118
-297110
-297105
-296893
-296891
-296888
-296829
-296748
-296662
-296646
-296530
-296466
-296462
-296412
-296389
-296215
-296198
-296144
-296137
-295985
-295909
-295784
-295689
-295676
-295669
-295662
-295661
-295645
-295549
-295535
-295504
-295497
-295469
-295430
-295412
-295391
-295335
-295269
-295119
-295112
-295045
-295041
-295000
-294942
-294884
-294813
-294796
-294706
-294611
-294609
-294543
-294536
-294440
-294323
-294303
-294282
-294275
-294234
-294190
-294073
-294034
-293974
-293970
-293953
-293455
-293399
-293238
-293184
-293001
-292814
-292805
-292732
-292704
-292620
-292616
-292608
-292566
-292558
-292340
-292126
-292122
-291971
-291877
-291773
-291645
-291605
-291541
-291384
-291371
-291258
-291256
-291058
-291001
-290940
-290873
-290839
-290627
-290567
-290492
-290279
-290141
-289976
-289846
-289673
-289623
-289545
-289426
-289356
-289281
-289258
-289199
-289194
-289031
-288991
-288988
-288908
-288889
-288868
-288858
-288847
-288837
-288685
-288380
-288194
-288177
-288147
-288146
-288137
-288125
-288068
-288012
-287837
-287762
-287750
-287671
-287588
-287318
-287187
-287166
-286996
-286989
-286934
-286890
-286854
-286621
-286579
-286507
-286504
-286333
-286322
-286258
-286223
-286218
-286203
-286021
-285909
-285825
-285762
-285685
-285670
-285649
-285626
-285584
-285520
-285512
-285402
-285340
-285281
-285223
-285157
-285118
-284916
-284858
-284780
-284667
-284488
-284374
-284314
-284293
-284269
-284253
-284181
-284111
-284101
-283996
-283921
-283880
-283867
-283757
-283675
-283513
-283463
-283386
-283385
-283357
-283271
-283166
-283134
-283084
-282892
-282856
-282855
-282854
-282505
-282341
-282261
-282142
-282106
-281993
-281982
-281891
-281870
-281764
-281734
-281722
-281617
-281577
-281475
-281456
-281405
-281280
-281273
-281185
-281133
-280969
-280883
-280881
-280860
-280845
-280805
-280764
-280701
-280616
-280539
-280403
-280266
-280233
-280214
-280177
-280134
-280087
-279935
-279565
-279536
-279485
-279195
-279053
-279015
-278963
-278858
-278717
-278661
-278600
-278475
-278417
-278417
-278410
-278327
-278318
-278159
-278153
-278124
-277885
-277771
-277733
-277701
-277685
-277666
-277644
-277579
-277546
-277516
-277515
-277486
-277463
-277450
-277419
-277415
-277396
-277344
-277307
-277206
-277072
-277022
-276927
-276706
-276683
-276673
-276647
-276536
-276454
-276371
-276269
-276099
-276069
-276048
-275875
-275708
-275569
-275504
-275492
-275492
-275421
-275389
-275388
-275285
-275241
-275168
-275150
-275098
-275041
-274829
-274811
-274674
-274580
-274564
-274559
-274435
-274399
-274356
-274344
-274241
-274234
-273943
-273902
-273851
-273842
-273692
-273656
-273623
-273367
-273308
-273251
-273194
-273126
-273013
-272952
-272930
-272878
-272856
-272836
-272702
-272659
-272568
-272516
-272498
-272478
-272426
-272425
-272421
-272197
-272172
-272063
-272063
-272005
-271818
-271730
-271705
-271686
-271632
-271525
-271306
-271290
-271289
-270947
-270909
-270895
-270817
-270809
-270605
-270538
-270462
-270421
-270359
-270203
-270199
-270177
-270160
-270142
-270142
-269919
-269918
-269901
-269793
-269576
-269502
-269477
-269475
-269421
-269297
-269261
-269203
-269185
-269183
-269171
-269171
-269155
-268930
-268858
-268824
-268712
-268540
-268238
-268236
-268066
-268015
-267997
-267978
-267972
-267953
-267926
-267910
-267902
-267837
-267796
-267787
-267661
-267571
-267470
-267431
-267371
-267341
-267227
-267204
-267117
-266995
-266983
-266978
-266968
-266919
-266881
-266835
-266688
-266680
-266675
-266673
-266573
-266465
-266399
-266200
-266026
-265956
-265851
-265833
-265787
-265784
-265703
-265701
-265598
-265587
-265511
-265423
-265375
-265354
-265249
-265071
-265065
-265052
-265023
-264975
-264839
-264729
-264724
-264718
-264679
-264675
-264586
-264355
-264235
-264175
-264137
-264127
-264102
-264027
-264015
-264009
-263958
-263897
-263869
-263866
-263744
-263700
-263698
-263691
-263689
-263680
-263653
-263623
-263556
-263273
-263122
-263010
-262968
-262962
-262925
-262892
-262851
-262704
-262696
-262377
-262355
-262293
-262256
-262190
-262172
-262054
-262018
-261947
-261401
-261377
-261352
-261330
-261305
-261255
-261245
-261060
-261057
-261033
-260997
-260822
-260812
-260583
-260519
-260486
-260299
-260070
-260042
-259988
-259732
-259684
-259674
-259674
-259658
-259592
-259483
-259436
-259424
-259411
-259280
-259155
-259108
-259086
-259070
-259002
-258988
-258931
-258862
-258837
-258825
-258819
-258815
-258754
-258725
-258638
-258481
-258464
-258434
-258411
-258410
-258401
-258292
-258276
-258217
-258132
-258122
-258038
-258007
-257877
-257830
-257728
-257600
-257565
-257281
-257272
-257235
-257204
-257153
-257121
-257121
-257111
-256852
-256722
-256530
-256505
-256498
-256240
-256215
-256182
-256151
-256136
-255988
-255951
-255890
-255729
-255674
-255648
-255337
-255323
-255270
-255024
-254927
-254888
-254886
-254852
-254654
-254627
-254367
-254339
-254273
-254151
-254131
-254049
-253995
-253964
-253961
-253792
-253768
-253720
-253554
-253513
-253510
-253448
-253360
-253269
-253222
-253096
-252973
-252894
-252826
-252800
-252747
-252673
-252636
-252628
-252622
-252367
-252279
-252239
-252236
-252199
-252198
-252098
-252041
-252001
-251970
-251805
-251734
-251711
-251699
-251649
-251613
-251540
-251511
-251470
-251328
-251168
-251024
-250952
-250904
-250876
-250718
-250643
-250533
-250527
-250517
-250446
-250427
-250387
-250231
-250165
-250096
-250048
-250039
-249993
-249993
-249976
-249906
-249862
-249825
-249817
-249671
-249592
-249508
-249477
-249427
-249412
-249286
-249267
-249253
-249191
-249184
-249160
-249028
-249013
-249012
-249002
-248999
-248954
-248681
-248633
-248542
-248525
-248471
-248411
-248173
-248160
-248065
-247989
-247960
-247897
-247822
-247662
-247546
-247545
-247468
-247409
-247383
-247368
-247361
-247352
-247288
-247070
-247015
-246939
-246885
-246780
-246682
-246679
-246669
-246546
-246248
-246149
-246127
-245964
-245800
-245705
-245645
-245527
-245518
-245487
-245480
-245429
-245421
-245378
-245182
-245149
-245138
-245125
-244984
-244975
-244892
-244793
-244584
-244484
-244439
-244385
-244379
-244367
-244354
-244069
-244013
-243966
-243802
-243786
-243732
-243724
-243606
-243605
-243566
-243542
-243466
-243454
-243390
-243372
-243341
-243303
-243292
-243214
-243194
-243098
-243036
-242952
-242888
-242767
-242747
-242628
-242618
-242601
-242488
-242407
-242392
-242376
-242375
-242365
-242152
-242144
-242139
-242101
-242061
-242007
-242003
-241992
-241896
-241859
-241720
-241710
-241643
-241336
-241273
-241213
-241115
-240946
-240937
-240900
-240686
-240560
-240548
-240519
-240447
-240311
-240308
-240239
-240205
-240196
-240152
-240133
-240097
-240001
-239892
-239877
-239876
-239855
-239811
-239727
-239581
-239567
-239499
-239405
-239403
-239360
-239211
-239178
-239103
-239088
-239028
-239025
-238837
-238731
-238728
-238570
-238464
-238443
-238357
-238261
-237924
-237893
-237880
-237736
-237715
-237695
-237663
-237597
-237594
-237511
-237506
-237402
-237402
-237391
-237358
-237291
-237278
-237270
-237211
-237204
-237185
-236793
-236573
-236508
-236427
-236288
-236224
-236100
-236008
-235964
-235954
-235922
-235827
-235819
-235811
-235700
-235510
-235383
-235369
-235292
-235204
-235160
-235146
-235088
-234866
-234856
-234846
-234811
-234789
-234769
-234754
-234744
-234672
-234630
-234549
-234512
-234511
-234469
-234461
-234381
-234213
-234204
-234199
-234190
-234155
-234010
-233971
-233953
-233945
-233904
-233883
-233845
-233797
-233795
-233727
-233725
-233697
-233693
-233633
-233600
-233558
-233504
-233495
-233492
-233176
-233088
-232931
-232927
-232817
-232804
-232749
-232707
-232687
-232639
-232635
-232513
-232501
-232428
-232401
-232205
-232076
-231910
-231904
-231858
-231737
-231699
-231448
-231262
-231156
-231023
-230950
-230889
-230861
-230780
-230694
-230638
-230598
-230593
-230525
-230524
-230367
-230330
-230326
-230247
-230207
-230154
-230127
-230062
-230046
-230033
-230000
-229891
-229751
-229731
-229715
-229684
-229476
-229462
-229439
-229343
-229329
-229204
-229203
-229173
-229149
-229028
-229023
-228967
-228953
-228914
-228762
-228711
-228639
-228565
-228420
-228252
-228244
-227999
-227998
-227970
-227914
-227784
-227733
-227686
-227631
-227608
-227535
-227501
-227302
-227290
-227083
-227028
-226843
-226792
-226514
-226468
-226430
-226397
-226394
-226295
-226284
-226198
-226141
-226084
-226043
-226010
-225782
-225694
-225576
-225539
-225501
-225461
-225430
-225253
-225253
-225010
-224955
-224907
-224877
-224873
-224858
-224807
-224798
-224659
-224620
-224618
-224580
-224457
-224374
-224372
-224244
-224136
-224121
-224059
-224034
-223690
-223574
-223446
-223412
-223337
-223324
-223291
-223265
-223206
-223153
-223081
-223059
-222990
-222987
-222974
-222726
-222464
-222329
-222278
-222168
-222144
-222037
-222017
-221987
-221970
-221963
-221960
-221818
-221749
-221715
-221638
-221626
-221578
-221555
-221531
-221523
-221481
-221442
-221380
-221269
-221250
-221079
-221048
-221046
-221034
-220981
-220922
-220868
-220816
-220810
-220780
-220613
-220542
-220530
-220495
-220474
-220407
-220325
-220275
-220224
-219764
-219720
-219659
-219652
-219537
-219504
-219463
-219412
-219380
-219338
-219322
-219319
-219318
-219231
-219230
-218908
-218859
-218801
-218602
-218538
-218478
-218044
-218002
-217990
-217774
-217516
-217431
-217362
-217357
-217303
-217202
-217181
-216974
-216948
-216945
-216931
-216641
-216611
-216572
-216376
-216239
-216216
-216079
-216036
-215767
-215676
-215561
-215477
-215436
-215416
-215292
-215258
-215110
-215063
-215014
-215001
-214970
-214961
-214955
-214747
-214722
-214642
-214613
-214583
-214501
-214368
-214326
-214271
-214205
-214165
-214096
-214088
-214060
-214019
-213935
-213904
-213874
-213776
-213691
-213690
-213670
-213652
-213645
-213440
-213437
-213412
-213186
-213144
-213032
-212991
-212942
-212785
-212735
-212670
-212645
-212545
-212536
-212535
-212263
-212242
-212213
-212156
-212120
-212120
-212118
-212063
-212018
-212011
-211955
-211913
-211908
-211893
-211885
-211878
-211810
-211763
-211733
-211611
-211595
-211451
-211387
-211350
-211333
-211290
-211268
-211265
-211199
-211184
-211149
-211047
-211013
-210724
-210672
-210518
-210495
-210470
-210467
-210385
-210354
-210082
-210030
-210025
-209999
-209991
-209938
-209903
-209859
-209850
-209844
-209756
-209709
-209682
-209670
-209649
-209539
-209351
-209228
-209161
-209145
-209001
-208924
-208894
-208853
-208769
-208718
-208663
-208604
-208579
-208552
-208515
-208380
-208371
-208359
-208263
-208231
-208227
-208226
-208167
-208150
-208033
-207977
-207896
-207883
-207870
-207836
-207835
-207794
-207737
-207677
-207677
-207651
-207596
-207540
-207430
-207386
-207381
-207343
-207239
-207232
-207231
-207162
-206918
-206809
-206785
-206729
-206631
-206593
-206535
-206471
-206450
-206442
-206400
-206335
-206274
-206208
-206207
-206171
-205915
-205705
-205680
-205463
-205313
-205192
-205166
-205094
-205025
-204995
-204973
-204916
-204894
-204829
-204809
-204774
-204612
-204491
-204460
-204436
-204421
-204378
-204352
-204244
-204222
-204162
-204158
-204145
-204065
-204023
-204008
-203881
-203741
-203527
-203483
-203354
-203331
-203199
-203158
-203142
-203117
-203051
-202959
-202874
-202836
-202800
-202711
-202697
-202694
-202634
-202608
-202581
-202321
-202273
-202204
-202187
-202109
-202098
-202012
-201952
-201951
-201887
-201871
-201794
-201790
-201726
-201594
-201555
-201477
-201257
-201205
-201203
-201095
-200990
-200979
-200798
-200640
-200621
-200616
-200601
-200570
-200559
-200440
-200384
-200222
-199917
-199871
-199860
-199851
-199748
-199658
-199648
-199570
-199545
-199489
-199451
-199434
-199415
-199393
-199300
-199182
-199129
-199042
-198969
-198889
-198807
-198739
-198697
-198624
-198596
-198546
-198489
-198487
-198348
-198336
-198294
-198278
-198242
-198210
-198208
-197842
-197749
-197701
-197564
-197506
-197499
-197453
-197398
-197373
-197289
-197194
-197140
-197068
-197003
-196952
-196932
-196896
-196879
-196865
-196851
-196837
-196729
-196615
-196568
-196528
-196468
-196385
-196351
-196337
-196178
-196093
-196044
-195983
-195875
-195850
-195755
-195672
-195403
-195385
-195315
-195285
-195232
-195169
-195130
-195018
-195006
-194973
-194965
-194876
-194840
-194721
-194706
-194453
-194377
-194229
-194183
-194113
-194089
-194067
-194020
-194018
-193980
-193924
-193913
-193861
-193845
-193807
-193702
-193634
-193603
-193603
-193582
-193543
-193459
-193342
-193314
-193274
-192890
-192807
-192801
-192796
-192753
-192739
-192717
-192636
-192578
-192529
-192495
-192386
-192353
-192332
-192325
-192015
-191815
-191780
-191713
-191711
-191567
-191567
-191559
-191546
-191487
-191396
-191365
-191326
-191287
-191096
-191051
-190971
-190865
-190852
-190849
-190829
-190773
-190763
-190755
-190707
-190703
-190667
-190660
-190633
-190629
-190624
-190620
-190548
-190533
-190525
-190521
-190421
-190359
-190218
-190190
-190146
-190101
-190025
-190024
-190008
-189981
-189850
-189813
-189791
-189707
-189656
-189643
-189579
-189567
-189557
-189548
-189353
-189335
-189312
-189105
-189052
-188920
-188908
-188774
-188686
-188472
-188419
-188372
-188363
-188270
-188264
-188254
-188196
-188081
-187924
-187741
-187569
-187493
-187486
-187415
-187367
-187336
-187226
-187166
-187104
-187071
-187039
-186912
-186646
-186604
-186497
-186445
-186333
-186313
-186306
-186305
-186241
-186230
-186131
-186123
-186097
-186013
-186012
-185955
-185917
-185844
-185671
-185664
-185594
-185455
-185451
-185431
-185305
-185220
-185198
-185007
-184978
-184873
-184836
-184525
-184485
-184484
-184419
-184390
-184303
-184232
-184210
-184062
-184056
-184046
-183960
-183953
-183940
-183705
-183634
-183575
-183560
-183492
-183457
-183220
-183008
-182924
-182921
-182897
-182888
-182797
-182791
-182643
-182485
-182398
-182353
-182353
-182341
-182332
-182259
-182237
-182149
-182138
-182136
-182084
-182059
-181995
-181905
-181871
-181802
-181785
-181757
-181579
-181542
-181466
-181336
-181335
-181328
-181320
-181163
-180969
-180833
-180818
-180735
-180676
-180610
-180584
-180563
-180445
-180246
-180097
-180076
-180012
-179969
-179965
-179747
-179710
-179683
-179655
-179606
-179592
-179344
-179254
-179213
-179151
-179073
-178800
-178797
-178789
-178746
-178678
-178665
-178599
-178486
-178398
-178386
-178270
-178263
-178201
-178159
-178082
-178081
-178044
-178041
-178019
-177976
-177935
-177864
-177780
-177767
-177739
-177679
-177638
-177607
-177358
-177342
-177313
-177256
-177239
-177170
-177158
-177141
-177075
-177055
-177011
-176952
-176831
-176752
-176643
-176607
-176447
-176440
-176325
-176250
-176160
-176159
-176091
-176085
-176072
-175889
-175854
-175820
-175806
-175800
-175708
-175564
-175543
-175427
-175389
-175357
-175337
-175288
-175213
-175199
-175198
-175194
-175095
-175083
-175081
-175028
-174965
-174928
-174815
-174520
-174516
-174469
-174443
-174443
-174415
-174292
-174257
-174256
-174191
-174158
-174101
-174065
-173998
-173904
-173676
-173579
-173560
-173555
-173537
-173528
-173477
-173295
-173229
-173080
-173050
-172759
-172675
-172497
-172431
-172426
-172395
-172383
-172239
-172155
-172038
-171974
-171925
-171828
-171813
-171810
-171778
-171738
-171472
-171252
-171240
-171208
-171205
-171189
-171171
-171082
-171069
-171033
-171025
-170999
-170951
-170902
-170869
-170861
-170834
-170777
-170625
-170566
-170467
-170440
-170407
-170372
-170318
-170281
-170196
-170177
-170013
-169887
-169637
-169602
-169396
-169389
-169315
-169250
-169189
-169172
-169052
-169018
-168921
-168670
-168637
-168591
-168580
-168515
-168329
-168311
-168282
-168273
-168172
-168164
-168077
-167992
-167891
-167777
-167641
-167610
-167570
-167563
-167555
-167308
-167249
-167220
-167116
-167023
-167010
-166984
-166974
-166882
-166864
-166818
-166811
-166652
-166639
-166581
-166495
-166446
-166405
-166288
-166274
-166234
-165950
-165874
-165818
-165781
-165558
-165536
-165484
-165474
-165446
-165432
-165423
-165291
-165263
-165252
-165194
-165132
-165055
-165049
-164984
-164859
-164819
-164760
-164700
-164690
-164601
-164420
-164399
-164398
-164393
-164301
-164168
-164151
-164100
-164007
-163955
-163912
-163847
-163752
-163696
-163673
-163622
-163603
-163429
-163423
-163400
-163355
-163329
-163165
-163070
-163046
-163033
-162777
-162557
-162430
-162362
-162184
-162173
-162108
-162091
-161983
-161976
-161885
-161863
-161821
-161805
-161791
-161678
-161641
-161566
-161190
-161008
-160950
-160937
-160932
-160859
-160764
-160629
-160602
-160522
-160442
-160399
-160254
-160101
-159991
-159951
-159938
-159805
-159801
-159784
-159770
-159500
-159487
-159441
-159386
-159368
-159359
-159356
-159193
-159040
-158925
-158920
-158918
-158703
-158699
-158669
-158658
-158578
-158554
-158508
-158480
-158316
-158304
-158301
-158104
-158100
-158037
-157657
-157639
-157627
-157576
-157350
-157318
-157176
-157158
-157082
-157024
-156921
-156853
-156848
-156833
-156808
-156773
-156758
-156692
-156646
-156399
-156225
-156180
-156098
-156040
-156012
-156011
-156003
-155947
-155926
-155774
-155753
-155704
-155562
-155283
-155247
-155243
-155212
-155039
-155038
-154924
-154605
-154561
-154561
-154458
-154435
-154424
-154340
-154307
-154299
-154253
-154178
-154101
-154058
-154014
-153923
-153736
-153722
-153670
-153649
-153544
-153311
-153199
-153170
-153112
-153010
-152900
-152864
-152753
-152720
-152601
-152422
-152409
-152408
-152378
-152356
-152312
-152216
-152199
-151992
-151991
-151836
-151679
-151679
-151598
-151590
-151581
-151563
-151424
-151344
-151234
-151193
-151153
-151133
-151104
-151103
-151038
-150997
-150988
-150923
-150890
-150864
-150791
-150731
-150701
-150661
-150517
-150446
-150311
-150269
-150256
-150224
-150210
-150040
-150015
-149990
-149962
-149896
-149876
-149799
-149783
-149748
-149704
-149685
-149599
-149566
-149505
-149500
-149433
-149397
-149270
-149167
-149130
-149128
-149034
-148961
-148939
-148879
-148761
-148491
-148449
-148382
-148220
-148093
-148033
-148009
-148008
-148004
-147806
-147746
-147681
-147651
-147434
-147407
-147375
-147351
-147298
-147147
-147132
-147033
-146901
-146858
-146784
-146722
-146631
-146514
-146507
-146479
-146448
-146333
-146316
-146290
-146276
-146159
-146042
-145899
-145826
-145813
-145743
-145685
-145406
-145351
-145333
-145277
-145156
-145081
-145069
-145061
-145059
-145053
-145010
-144936
-144928
-144890
-144864
-144799
-144762
-144749
-144730
-144625
-144527
-144411
-144378
-144369
-144357
-144211
-144208
-144206
-144115
-144086
-144081
-144060
-143859
-143584
-143578
-143531
-143436
-143331
-143312
-143216
-143100
-143062
-142906
-142801
-142771
-142749
-142745
-142692
-142580
-142564
-142541
-142461
-142453
-142418
-142384
-142311
-142289
-142245
-142154
-142152
-142095
-142068
-142064
-142034
-141959
-141921
-141875
-141829
-141789
-141760
-141745
-141704
-141681
-141317
-141278
-141256
-141227
-141151
-141046
-141017
-141009
-140932
-140922
-140856
-140757
-140583
-140366
-140345
-140296
-140251
-140222
-140133
-140117
-139959
-139950
-139862
-139796
-139633
-139492
-139455
-139309
-139064
-138974
-138962
-138883
-138734
-138716
-138590
-138539
-138524
-138479
-138472
-138438
-138364
-138297
-138285
-138278
-138253
-138239
-138209
-138164
-138025
-137960
-137747
-137705
-137679
-137640
-137599
-137549
-137532
-137523
-137509
-137424
-137422
-137397
-137211
-137197
-137187
-137153
-137083
-137053
-137024
-136885
-136788
-136734
-136677
-136655
-136626
-136491
-136483
-136327
-136261
-136057
-136007
-135728
-135656
-135569
-135489
-135446
-135398
-135362
-135186
-135146
-134744
-134744
-134691
-134679
-134662
-134628
-134610
-134590
-134556
-134527
-134401
-134380
-134317
-134313
-134194
-134111
-133938
-133889
-133875
-133669
-133645
-133568
-133565
-133460
-133411
-133409
-133396
-133364
-133360
-133322
-133264
-133249
-133200
-133199
-133176
-133048
-133032
-132967
-132908
-132853
-132853
-132831
-132812
-132763
-132497
-132457
-132435
-132347
-132347
-132302
-132128
-132085
-132005
-131860
-131637
-131636
-131607
-131604
-131545
-131448
-131444
-131313
-131262
-131246
-131220
-131208
-131160
-131135
-131119
-131094
-131074
-130999
-130919
-130864
-130847
-130735
-130686
-130590
-130481
-130442
-130374
-130366
-130316
-130285
-129985
-129809
-129706
-129659
-129620
-129615
-129591
-129587
-129557
-129508
-129485
-129471
-129391
-129382
-129382
-129278
-129222
-129136
-129135
-129103
-129038
-128995
-128897
-128754
-128554
-128519
-128511
-128277
-128253
-128232
-128137
-128126
-128115
-128084
-128064
-128036
-127979
-127952
-127933
-127843
-127558
-127510
-127500
-127451
-127432
-127351
-127223
-127174
-127077
-127073
-127063
-126817
-126744
-126686
-126626
-126583
-126500
-126456
-126413
-126369
-126329
-126280
-126277
-126212
-126156
-126150
-126097
-126070
-126050
-125943
-125935
-125867
-125797
-125744
-125659
-125642
-125611
-125595
-125588
-125579
-125569
-125547
-125543
-125537
-125494
-125464
-125297
-125261
-125140
-125060
-125005
-124986
-124985
-124983
-124925
-124901
-124857
-124590
-124450
-124342
-124244
-124239
-124193
-123993
-123827
-123825
-123799
-123788
-123720
-123710
-123669
-123488
-123483
-123442
-123418
-123283
-123221
-123206
-123153
-123087
-123060
-123005
-122880
-122730
-122718
-122597
-122554
-122446
-122423
-122234
-122224
-122161
-122157
-122130
-122021
-122018
-121782
-121717
-121705
-121688
-121486
-121466
-121381
-121286
-121178
-121174
-121164
-121144
-121087
-121085
-121067
-121054
-121007
-120973
-120851
-120827
-120672
-120595
-120551
-120439
-120439
-120342
-120254
-120226
-120211
-120048
-119904
-119823
-119760
-119730
-119633
-119620
-119596
-119589
-119456
-119407
-119371
-119359
-119298
-119296
-119210
-119172
-119118
-118852
-118755
-118421
-118262
-118154
-118136
-118041
-118006
-117895
-117840
-117672
-117596
-117487
-117400
-117336
-117335
-117288
-117265
-117253
-117247
-117202
-117161
-116923
-116795
-116776
-116752
-116710
-116671
-116511
-116472
-116403
-116367
-116363
-116354
-116203
-116198
-115925
-115923
-115896
-115882
-115648
-115369
-115067
-115019
-114947
-114920
-114889
-114853
-114821
-114796
-114777
-114624
-114565
-114560
-114509
-114325
-114260
-114250
-114165
-114164
-114134
-114118
-114093
-114063
-114051
-113885
-113591
-113554
-113420
-113348
-113312
-113235
-113190
-113044
-113016
-112956
-112940
-112861
-112378
-112374
-112321
-112312
-112290
-112278
-112265
-112253
-112210
-112207
-112201
-112162
-112161
-112077
-112064
-111962
-111953
-111901
-111885
-111853
-111852
-111843
-111817
-111786
-111778
-111754
-111742
-111695
-111689
-111463
-111461
-111325
-111235
-111183
-111158
-111099
-111062
-111024
-111022
-111017
-111006
-110981
-110943
-110892
-110887
-110821
-110770
-110769
-110765
-110680
-110654
-110613
-110576
-110522
-110508
-110446
-110435
-110320
-110242
-110125
-110117
-110115
-110101
-110066
-110014
-109948
-109925
-109913
-109832
-109759
-109736
-109643
-109608
-109560
-109490
-109487
-109424
-109247
-109054
-108744
-108646
-108587
-108541
-108454
-108328
-108306
-108302
-108293
-108230
-108064
-108057
-108006
-107982
-107952
-107913
-107832
-107831
-107827
-107816
-107808
-107790
-107780
-107738
-107684
-107668
-107526
-107264
-107233
-107161
-107155
-107149
-107132
-107116
-107113
-107103
-107044
-106987
-106875
-106788
-106751
-106705
-106704
-106607
-106516
-106348
-106195
-106138
-106135
-106077
-106066
-105867
-105763
-105714
-105660
-105639
-105462
-105440
-105424
-105384
-105283
-105237
-105130
-105079
-105068
-105055
-105050
-104910
-104873
-104835
-104801
-104634
-104382
-104333
-104211
-104192
-104117
-104049
-103951
-103923
-103902
-103765
-103750
-103720
-103719
-103609
-103597
-103586
-103574
-103277
-103269
-103227
-103202
-103134
-103125
-103091
-103057
-102953
-102936
-102920
-102769
-102756
-102737
-102732
-102627
-102603
-102593
-102504
-102385
-102327
-102304
-102256
-102238
-102168
-102119
-102040
-102036
-101776
-101716
-101619
-101557
-101385
-101297
-101284
-101134
-101107
-101100
-101030
-101018
-100914
-100890
-100877
-100807
-100787
-100746
-100654
-100538
-100511
-100503
-100502
-100500
-100453
-100381
-100326
-100318
-100318
-100303
-100159
-100144
-99906
-99892
-99834
-99825
-99805
-99715
-99705
-99601
-99414
-99221
-99145
-99114
-98898
-98847
-98811
-98673
-98574
-98476
-98463
-98384
-98337
-98205
-98174
-98161
-98099
-98046
-97958
-97863
-97849
-97792
-97688
-97577
-97486
-97396
-97387
-97347
-97315
-97308
-97223
-97176
-97150
-97068
-96989
-96983
-96937
-96924
-96751
-96722
-96634
-96550
-96523
-96504
-96466
-96458
-96374
-96346
-96249
-96223
-96174
-96139
-96116
-96074
-96074
-96051
-96034
-96003
-95982
-95962
-95944
-95923
-95916
-95883
-95867
-95818
-95806
-95737
-95724
-95667
-95627
-95557
-95530
-95489
-95486
-95480
-95158
-95107
-95091
-94953
-94935
-94768
-94743
-94729
-94722
-94621
-94458
-94449
-94443
-94429
-94424
-94402
-94391
-94383
-94379
-94241
-94037
-93867
-93858
-93839
-93819
-93617
-93535
-93505
-93479
-93464
-93453
-93438
-93420
-93183
-93182
-93077
-93043
-92874
-92845
-92821
-92816
-92761
-92647
-92640
-92438
-92395
-92378
-92268
-92261
-92250
-92162
-92158
-92158
-92011
-91935
-91813
-91615
-91564
-91518
-91452
-91422
-91372
-91285
-91193
-91030
-90992
-90918
-90845
-90739
-90691
-90637
-90634
-90570
-90570
-90551
-90356
-90296
-90183
-90078
-90008
-89956
-89942
-89826
-89744
-89640
-89629
-89590
-89463
-89399
-89364
-89360
-89317
-89300
-89190
-89052
-88972
-88879
-88819
-88676
-88606
-88595
-88553
-88531
-88518
-88426
-88326
-88324
-88198
-88101
-88046
-88018
-87881
-87849
-87741
-87716
-87508
-87505
-87361
-87236
-87174
-87098
-87045
-86897
-86891
-86835
-86783
-86781
-86726
-86644
-86624
-86494
-86489
-86430
-86424
-86349
-86342
-86240
-86212
-86107
-85889
-85879
-85792
-85790
-85758
-85706
-85695
-85620
-85592
-85460
-85383
-85359
-85312
-85242
-85215
-85177
-85144
-85087
-85086
-85043
-85025
-84971
-84889
-84794
-84735
-84669
-84610
-84575
-84336
-84261
-84014
-83956
-83938
-83917
-83812
-83653
-83592
-83586
-83448
-83443
-83262
-83223
-83213
-83196
-83091
-83007
-82871
-82837
-82631
-82514
-82372
-82150
-82007
-82000
-81960
-81945
-81795
-81719
-81673
-81462
-81407
-81407
-81331
-81292
-81137
-81037
-81020
-80941
-80842
-80738
-80567
-80408
-80190
-80183
-80127
-80125
-80085
-80018
-79855
-79689
-79683
-79606
-79400
-79336
-79330
-79321
-79217
-79209
-79171
-79093
-79037
-78893
-78837
-78800
-78763
-78708
-78682
-78313
-78297
-78106
-78005
-77947
-77851
-77830
-77766
-77708
-77638
-77627
-77534
-77519
-77241
-76982
-76979
-76917
-76681
-76655
-76626
-76531
-76531
-76529
-76505
-76477
-76341
-76307
-76272
-76262
-76205
-76195
-76147
-76096
-76028
-75960
-75906
-75832
-75808
-75719
-75677
-75673
-75548
-75545
-75479
-75438
-75421
-75372
-75348
-75332
-75307
-75282
-75263
-75126
-75091
-75091
-75007
-74980
-74979
-74930
-74648
-74563
-74541
-74501
-74500
-74412
-74395
-74392
-74230
-74216
-74101
-73996
-73890
-73692
-73685
-73652
-73514
-73396
-73340
-73313
-73246
-73205
-73068
-72914
-72887
-72826
-72812
-72773
-72762
-72720
-72653
-72644
-72593
-72349
-72340
-72304
-72263
-72234
-72135
-72067
-72049
-72035
-72012
-71996
-71988
-71940
-71934
-71774
-71714
-71708
-71540
-71445
-71347
-71316
-71169
-71033
-71033
-71033
-70992
-70886
-70872
-70781
-70636
-70622
-70554
-70467
-70450
-70313
-70301
-70264
-70150
-70091
-70083
-70067
-70028
-69991
-69892
-69846
-69801
-69789
-69765
-69631
-69624
-69418
-69354
-69304
-69300
-69293
-69270
-69240
-69237
-69232
-69191
-69182
-69161
-69132
-68953
-68583
-68575
-68557
-68552
-68480
-68463
-68313
-68288
-68016
-67906
-67823
-67681
-67675
-67638
-67634
-67633
-67589
-67457
-67417
-67303
-67159
-67088
-66832
-66819
-66744
-66722
-66691
-66676
-66657
-66647
-66647
-66571
-66559
-66444
-66410
-66337
-66295
-66225
-66218
-66165
-66158
-66052
-66031
-65899
-65849
-65520
-65486
-65459
-65374
-65352
-65142
-65048
-64911
-64852
-64849
-64804
-64761
-64731
-64731
-64428
-64330
-64181
-64110
-64061
-64016
-63981
-63891
-63885
-63835
-63814
-63694
-63689
-63680
-63649
-63627
-63613
-63404
-63373
-63290
-63180
-63129
-63106
-63051
-63002
-62967
-62938
-62842
-62836
-62804
-62769
-62745
-62740
-62701
-62666
-62548
-62543
-62522
-62508
-62495
-62492
-62429
-62325
-62301
-62232
-62222
-62182
-62165
-62148
-62130
-62115
-62114
-62107
-62063
-61995
-61934
-61921
-61914
-61885
-61819
-61807
-61707
-61664
-61658
-61641
-61604
-61580
-61281
-61262
-61174
-61128
-61108
-60888
-60804
-60789
-60776
-60759
-60698
-60576
-60498
-60458
-60454
-60401
-60323
-60220
-60190
-60184
-60180
-60172
-60112
-60016
-60008
-59981
-59880
-59864
-59806
-59714
-59662
-59635
-59525
-59517
-59456
-59239
-59144
-59120
-58977
-58964
-58830
-58769
-58742
-58730
-58713
-58654
-58608
-58527
-58489
-58453
-58450
-58402
-58384
-58353
-58335
-58235
-58215
-57971
-57844
-57625
-57618
-57583
-57540
-57512
-57311
-57231
-57171
-57136
-57121
-57079
-56993
-56989
-56984
-56981
-56937
-56849
-56740
-56705
-56673
-56653
-56529
-56511
-56471
-56431
-56412
-56331
-56325
-56315
-56309
-56294
-56249
-56239
-56107
-56065
-55939
-55898
-55808
-55652
-55642
-55592
-55556
-55525
-55451
-55377
-55371
-55359
-55292
-55237
-55111
-55102
-55048
-54972
-54887
-54877
-54824
-54794
-54651
-54620
-54538
-54516
-54489
-54293
-54262
-54198
-54168
-54153
-54139
-54128
-54084
-53982
-53953
-53691
-53684
-53681
-53586
-53548
-53522
-53494
-53436
-53389
-53317
-53200
-53199
-53082
-53040
-53010
-53002
-52955
-52906
-52897
-52759
-52680
-52643
-52539
-52485
-52481
-52442
-52441
-52371
-52252
-52241
-52196
-52166
-52096
-52065
-52049
-51975
-51865
-51828
-51446
-51437
-51356
-51209
-51181
-51136
-51099
-50971
-50952
-50937
-50797
-50722
-50260
-50133
-50131
-50081
-50061
-49988
-49943
-49918
-49916
-49901
-49635
-49606
-49600
-49573
-49502
-49485
-49471
-49446
-49361
-49203
-49192
-49172
-49124
-49118
-49077
-49073
-49017
-49009
-49001
-48900
-48766
-48750
-48653
-48609
-48608
-48585
-48583
-48469
-48393
-48317
-48174
-48075
-48068
-48020
-47845
-47787
-47782
-47749
-47734
-47577
-47462
-47375
-47321
-47307
-47306
-47077
-47057
-47010
-46969
-46823
-46523
-46475
-46399
-46361
-46348
-46333
-46280
-45990
-45927
-45923
-45865
-45761
-45712
-45691
-45607
-45582
-45576
-45487
-45479
-45357
-45346
-45292
-45255
-45252
-45226
-45135
-45100
-45092
-45059
-44985
-44934
-44813
-44745
-44708
-44658
-44602
-44538
-44482
-44429
-44419
-44398
-44389
-44213
-44183
-44150
-44142
-44070
-44067
-44035
-43870
-43774
-43664
-43559
-43405
-43228
-43101
-42943
-42901
-42889
-42818
-42690
-42502
-42437
-42321
-42308
-42303
-42303
-42180
-42146
-42124
-41875
-41871
-41739
-41719
-41714
-41676
-41670
-41602
-41582
-41535
-41508
-41440
-41396
-41337
-41336
-41301
-41273
-41259
-41248
-41161
-41154
-40983
-40955
-40936
-40873
-40820
-40718
-40716
-40632
-40461
-40315
-40308
-40238
-40156
-40108
-40088
-40070
-40006
-39970
-39838
-39769
-39737
-39578
-39499
-39467
-39137
-39093
-39090
-39081
-38841
-38794
-38773
-38772
-38662
-38560
-38492
-38476
-38411
-38382
-38295
-38267
-38199
-37932
-37920
-37837
-37825
-37743
-37732
-37730
-37585
-37568
-37492
-37444
-37433
-37335
-37223
-37113
-37072
-37033
-36996
-36891
-36740
-36731
-36717
-36700
-36536
-36435
-36260
-36228
-36174
-36158
-36148
-36070
-36003
-35985
-35968
-35861
-35820
-35779
-35776
-35773
-35620
-35571
-35292
-35192
-35173
-34983
-34965
-34860
-34754
-34715
-34632
-34610
-34608
-34537
-34536
-34497
-34446
-34293
-34288
-34253
-34218
-34153
-34033
-34002
-33866
-33824
-33813
-33687
-33667
-33632
-33615
-33597
-33449
-33330
-33234
-33117
-33030
-32995
-32979
-32820
-32666
-32665
-32620
-32550
-32541
-32507
-32388
-32228
-32224
-32223
-32114
-32103
-32075
-32066
-32054
-31976
-31900
-31762
-31705
-31689
-31667
-31600
-31433
-31313
-31290
-31284
-31273
-31091
-31079
-30895
-30874
-30865
-30781
-30734
-30581
-30492
-30487
-30464
-30420
-30372
-30367
-30297
-30288
-30244
-30203
-30072
-30058
-30029
-30016
-29935
-29757
-29695
-29648
-29624
-29532
-29400
-29107
-29060
-29036
-28937
-28937
-28926
-28909
-28505
-28499
-28450
-28380
-28194
-27965
-27813
-27764
-27608
-27571
-27541
-27503
-27453
-27446
-27439
-27409
-27312
-27269
-27167
-27152
-27134
-26939
-26910
-26892
-26887
-26860
-26839
-26784
-26739
-26683
-26682
-26667
-26502
-26431
-26415
-26331
-26244
-26226
-26159
-26081
-26016
-25980
-25875
-25861
-25833
-25827
-25756
-25739
-25571
-25503
-25446
-25378
-25238
-25195
-25188
-25182
-25097
-25087
-24774
-24628
-24551
-24426
-24399
-24378
-24317
-24303
-24300
-24263
-24258
-24228
-23950
-23942
-23927
-23901
-23893
-23858
-23765
-23712
-23557
-23536
-23442
-23407
-23295
-23294
-23294
-23258
-23216
-23167
-23132
-23117
-23106
-23088
-23013
-22964
-22919
-22907
-22819
-22812
-22804
-22711
-22613
-22598
-22541
-22466
-22405
-22319
-22227
-22182
-22155
-22086
-22062
-22052
-22007
-21967
-21956
-21809
-21756
-21625
-21567
-21561
-21472
-21448
-21390
-21381
-21271
-21213
-21186
-21157
-21153
-21147
-21134
-21123
-21020
-20970
-20791
-20632
-20477
-20383
-20313
-20309
-20235
-20213
-20199
-20165
-20142
-20080
-20051
-19955
-19782
-19748
-19742
-19717
-19629
-19596
-19416
-19365
-19361
-19351
-19326
-19156
-19154
-19070
-19069
-19048
-19048
-19043
-18958
-18952
-18759
-18758
-18619
-18593
-18566
-18525
-18502
-18363
-18241
-18129
-18024
-18010
-17936
-17897
-17890
-17876
-17857
-17840
-17384
-17124
-16964
-16961
-16865
-16856
-16825
-16737
-16723
-16699
-16660
-16618
-16586
-16400
-16394
-16384
-16269
-16267
-16092
-15978
-15891
-15752
-15533
-15408
-15317
-15312
-15118
-14993
-14917
-14882
-14869
-14813
-14739
-14728
-14652
-14288
-14198
-14038
-13999
-13966
-13950
-13915
-13835
-13688
-13665
-13636
-13482
-13480
-13468
-13458
-13437
-13369
-13362
-13262
-13224
-13200
-13072
-12823
-12723
-12695
-12668
-12534
-12511
-12509
-12494
-12457
-12411
-12396
-12357
-12332
-12058
-11947
-11945
-11792
-11790
-11766
-11745
-11726
-11611
-11601
-11598
-11533
-11517
-11453
-11361
-11337
-11112
-11100
-10980
-10962
-10853
-10841
-10781
-10718
-10395
-10325
-10306
-10306
-10278
-10250
-10190
-10082
-9990
-9977
-9932
-9590
-9499
-9483
-9386
-9375
-9265
-9258
-9232
-9219
-9183
-9144
-9140
-8929
-8895
-8542
-8419
-8409
-8212
-8206
-8182
-8055
-7939
-7771
-7730
-7702
-7685
-7558
-7548
-7532
-7477
-7419
-7386
-7352
-7326
-7077
-7050
-7025
-6972
-6924
-6896
-6719
-6687
-6683
-6510
-6451
-6392
-6285
-6235
-6091
-5936
-5879
-5875
-5871
-5795
-5751
-5642
-5627
-5605
-5599
-5545
-5500
-5443
-5439
-5274
-5270
-5246
-5195
-5011
-5003
-4859
-4710
-4694
-4658
-4601
-4592
-4492
-4444
-4394
-4350
-4320
-4254
-4102
-4047
-3949
-3888
-3864
-3821
-3800
-3755
-3630
-3620
-3447
-3446
-3365
-3326
-3298
-3252
-3225
-2921
-2918
-2831
-2783
-2777
-2720
-2697
-2463
-2397
-2393
-2339
-2276
-2259
-2153
-2135
-2111
-1998
-1998
-1963
-1927
-1834
-1798
-1667
-1610
-1489
-1476
-1419
-1408
-1408
-1406
-1294
-1135
-1130
-1113
-1040
-927
-876
-856
-721
-690
-651
-631
-619
-598
-481
-380
-207
-91
-24
-9
12
69
117
289
302
320
327
558
641
709
711
736
755
766
798
853
863
902
953
955
1013
1039
1040
1295
1447
1462
1579
1612
1688
1710
1809
1871
1974
2031
2252
2278
2486
2785
2985
3009
3017
3069
3133
3254
3259
3278
3284
3358
3367
3505
3552
3617
3643
3659
3725
3758
3763
3808
3937
3960
4086
4142
4242
4310
4382
4603
4633
4639
4684
4865
5070
5100
5292
5348
5356
5419
5467
5523
5589
5628
5675
5724
5816
5858
5871
5916
6034
6097
6135
6318
6408
6466
6604
6647
6668
6708
6785
6851
6873
6885
6931
7010
7013
7120
7164
7349
7365
7367
7373
7389
7452
7498
7567
7579
7950
8107
8150
8247
8365
8437
8532
8625
8737
8770
8779
8797
8819
8969
9025
9178
9357
9458
9466
9690
9846
9887
9959
9972
10030
10037
10091
10120
10167
10238
10430
10462
10495
10556
10704
10712
10728
10775
10878
11023
11109
11114
11146
11204
11266
11345
11356
11429
11459
11482
11542
11642
11647
11649
11702
11741
11746
11759
11857
12077
12197
12248
12384
12452
12467
12549
12550
12599
12628
12652
12718
12746
12800
12827
12890
13061
13083
13133
13162
13281
13287
13328
13340
13362
13405
13554
13598
13603
13686
13747
13795
13963
14010
14030
14039
14062
14129
14151
14196
14207
14232
14373
14481
14543
14564
14617
14676
14679
14741
14871
14923
14923
15056
15162
15199
15229
15250
15264
15311
15485
15494
15618
15668
15988
16022
16080
16138
16149
16163
16409
16429
16441
16719
16732
16769
16827
16917
16923
16943
16992
16994
17009
17166
17170
17219
17225
17232
17283
17307
17322
17413
17561
17569
17599
17600
17617
17631
17743
17824
17884
17981
18044
18111
18174
18185
18200
18205
18225
18458
18641
18776
18863
18881
19100
19115
19216
19223
19250
19275
19308
19367
19386
19399
19505
19598
19600
19683
19719
19761
19778
19829
19927
19997
19999
20098
20167
20238
20239
20257
20308
20753
20815
20827
20912
20987
21048
21106
21122
21226
21299
21426
21429
21434
21466
21474
21520
21530
21560
21686
21694
21740
21869
21963
22219
22375
22379
22382
22410
22494
22521
22571
22599
22642
22843
22892
22895
22907
22908
22933
23117
23167
23210
23221
23229
23234
23581
23810
23902
24065
24077
24083
24191
24340
24447
24545
24546
24605
24712
24892
24952
24988
25146
25192
25267
25410
25430
25440
25629
25658
25781
25782
25820
25896
25924
25945
26072
26405
26463
26514
26606
26614
26630
26639
26669
26684
26778
26802
26846
26862
26929
27158
27221
27230
27254
27394
27545
27589
27623
27639
27640
27688
27748
27771
27838
27904
27941
28125
28135
28215
28329
28356
28379
28471
28489
28500
28523
28610
28663
28673
28745
28884
28905
28929
29185
29244
29247
29482
29536
29637
29644
29683
29732
29810
29847
30064
30245
30285
30299
30300
30404
30434
30451
30535
30548
30593
30611
30703
30730
30818
30837
30963
31179
31232
31284
31290
31386
31395
31441
31491
31604
31676
31686
31706
31795
31917
31961
32273
32496
32606
32608
32686
32725
32818
32875
32932
32957
33026
33271
33273
33357
33378
33381
33420
33591
33647
33686
33700
33957
33976
34053
34276
34396
34466
34517
34550
34720
34829
34923
34935
34973
35257
35278
35344
35350
35410
35483
35700
35914
36015
36072
36105
36163
36360
36392
36420
36557
36566
36600
36632
36702
36892
36945
37171
37195
37208
37224
37233
37248
37296
37391
37510
37835
37849
37868
37968
38041
38049
38125
38132
38197
38208
38296
38454
38502
38523
38643
38660
38672
38685
38945
39011
39058
39073
39075
39080
39155
39265
39290
39310
39313
39351
39374
39424
39441
39813
39907
39930
40121
40205
40259
40448
40580
40682
40795
40940
40942
40952
41053
41158
41342
41371
41402
41513
41574
41628
41638
41651
41656
41920
41970
42045
42146
42181
42405
42414
42531
42551
42591
42646
42680
42701
42751
42774
42802
42828
42945
43036
43338
43383
43389
43521
43588
43879
43912
44055
44115
44153
44180
44218
44234
44248
44254
44432
44655
44674
44677
44703
44777
44788
44790
44791
44947
44951
45049
45246
45254
45267
45311
45382
45423
45429
45650
45677
45684
45727
45773
45997
46056
46057
46111
46137
46260
46282
46319
46348
46382
46389
46476
46476
46507
46507
46534
46591
46592
46604
46655
46669
46753
46793
46805
46861
46879
46952
47001
47003
47009
47048
47132
47182
47195
47234
47270
47352
47359
47410
47454
47532
47581
47632
47684
47715
47715
47738
47789
47828
47955
48341
48423
48463
48515
48534
48595
48624
48629
48659
48682
48810
48836
48882
48892
48953
49059
49066
49088
49103
49132
49153
49212
49242
49442
49451
49454
49456
49487
49596
49875
50014
50017
50063
50065
50079
50365
50438
50520
50522
50547
50592
50723
50770
50789
50872
50941
51006
51066
51067
51076
51085
51092
51166
51233
51249
51249
51314
51377
51410
51452
51468
51626
51646
51732
51737
51842
51888
52026
52048
52080
52298
52316
52320
52352
52544
52555
52816
52901
52917
53149
53272
53306
53342
53349
53454
53463
53567
53636
53682
53744
53794
53839
53921
54015
54032
54064
54110
54188
54206
54220
54293
54340
54363
54381
54504
54537
54606
54629
54638
54643
54666
54694
54731
54830
54947
55005
55044
55094
55195
55206
55318
55406
55423
55445
55469
55471
55508
55567
55589
55658
55682
55811
55816
55937
56011
56020
56039
56068
56074
56215
56225
56340
56495
56552
56562
56565
56695
56731
56759
56804
56840
56852
56883
56902
56948
57020
57078
57211
57339
57378
57413
57527
57540
57554
57841
57890
57986
58043
58064
58068
58095
58112
58167
58201
58274
58385
58507
58509
58536
58558
58570
58695
58718
58885
58957
58961
58963
59066
59095
59102
59128
59131
59142
59182
59186
59238
59325
59464
59476
59487
59511
59609
59730
59732
60019
60068
60100
60109
60161
60175
60201
60275
60368
60441
60485
60487
60898
60919
60926
61003
61016
61019
61100
61193
61233
61275
61310
61354
61560
61583
61678
61834
61852
61853
62086
62101
62121
62201
62212
62360
62409
62435
62449
62479
62589
62630
62668
62705
62793
62890
62904
62941
62968
63009
63045
63174
63283
63297
63355
63405
63496
63672
63726
63840
63884
63933
64046
64227
64353
64430
64470
64490
64506
64506
64525
64534
64706
64733
64762
64812
64993
65054
65100
65202
65318
65394
65423
65496
65647
65655
65696
65772
65803
65832
65899
66024
66036
66153
66213
66221
66294
66433
66539
66745
66795
66888
66920
66938
67052
67263
67327
67364
67373
67401
67429
67600
67653
67662
67676
67709
67882
67891
67899
68090
68132
68273
68390
68403
68613
68693
68796
68963
68969
69010
69072
69095
69119
69126
69296
69353
69556
69559
69634
69644
69664
69667
69744
69842
70007
70213
70241
70292
70305
70411
70544
70582
70603
70716
70756
70988
71031
71036
71093
71143
71201
71243
71256
71279
71369
71485
71579
71584
71657
71814
71967
71989
72017
72183
72203
72249
72279
72312
72415
72640
72661
72762
72838
72972
72972
73116
73170
73257
73279
73361
73396
73415
73432
73485
73487
73521
73825
73849
73900
73946
73977
73988
74006
74072
74227
74251
74387
74419
74462
74466
74517
74574
74620
74717
74728
74902
74912
74913
74925
74993
75121
75158
75160
75196
75202
75203
75446
75531
75591
75612
75707
75884
75892
75918
76055
76125
76184
76260
76305
76335
76336
76468
76540
76610
76639
76753
76802
77037
77043
77195
77432
77624
77717
77799
77815
77820
77861
77936
77968
77976
78081
78146
78153
78186
78207
78223
78267
78322
78417
78650
78755
78762
78798
78896
79113
79153
79176
79347
79479
79489
79544
79558
79591
79676
79896
80023
80027
80047
80055
80077
80084
80178
80303
80343
80367
80374
80375
80411
80516
80517
80600
80649
80720
80832
80839
80929
80973
81110
81220
81463
81739
81872
81895
81933
81938
81958
81979
82007
82060
82144
82207
82223
82250
82488
82513
82569
82648
82745
82839
82933
82937
82974
82974
83002
83009
83154
83162
83410
83450
83458
83484
83681
83773
83854
83911
83915
83966
83988
84016
84044
84190
84306
84328
84344
84366
84528
84536
84622
84676
84682
84892
84900
84900
85071
85092
85101
85118
85211
85214
85282
85303
85312
85330
85359
85396
85449
85739
85837
85884
85934
85953
85968
85994
86034
86041
86047
86193
86299
86305
86446
86629
86715
86716
86897
86996
87007
87086
87377
87394
87433
87458
87474
87495
87495
87522
87554
87579
87706
87727
87746
87771
87811
87948
88165
88247
88295
88398
88420
88497
88560
88617
88618
88669
88739
88746
88844
89004
89136
89199
89223
89258
89332
89437
89511
89562
89576
89639
89760
89928
90017
90068
90105
90197
90257
90288
90297
90350
90372
90445
90466
90474
90486
90572
90625
90677
90848
90947
91014
91110
91127
91421
91723
91863
91923
91953
91987
91994
92045
92225
92226
92229
92284
92303
92316
92319
92401
92415
92447
92544
92664
92687
92927
92991
93000
93098
93326
93353
93371
93406
93412
93439
93508
93547
93597
93613
93621
93833
93895
93939
93970
93983
93995
93995
94053
94063
94172
94191
94304
94363
94450
94537
94586
94597
94599
94607
94663
94746
94886
94963
95044
95059
95078
95184
95283
95305
95384
95421
95478
95536
95629
95635
95643
95730
95781
95794
95825
95902
95955
95977
96091
96093
96128
96195
96259
96788
96792
96810
96884
96903
97038
97077
97111
97150
97158
97183
97267
97272
97347
97361
97460
97545
97612
97807
98049
98056
98124
98244
98570
98778
98897
98950
98955
99020
99027
99125
99150
99313
99320
99439
99460
99489
99524
99543
99543
99848
99877
99962
100026
100173
100269
100557
100562
100592
100714
100759
100759
100797
100890
100968
101201
101223
101332
101337
101386
101420
101676
101709
101746
101964
101968
101971
102062
102169
102253
102364
102515
102545
102607
102622
102676
102701
102792
102819
102826
102844
102884
103020
103080
103109
103127
103229
103604
103672
103693
103725
103838
103840
103910
103968
104000
104171
104240
104288
104369
104462
104552
104634
104655
104782
104890
104935
104937
104944
105153
105163
105257
105323
105397
105413
105444
105501
105553
105580
105601
105689
105696
105836
105884
105893
106011
106194
106206
106241
106286
106523
106544
106572
106662
106697
106798
106814
106818
106828
107008
107026
107065
107065
107188
107266
107276
107305
107334
107359
107368
107501
107610
107641
107720
107757
107831
107848
107904
107972
107993
108005
108106
108245
108336
108340
108351
108412
108443
108456
108471
108486
108496
108590
108665
108691
108697
108716
108740
108751
108758
108766
108787
108875
108960
109285
109295
109345
109376
109514
109534
109654
109693
109710
109755
109911
110070
110170
110216
110234
110238
110246
110346
110355
110374
110401
110444
110599
110744
110754
110890
110911
110912
110991
111101
111144
111144
111145
111155
111167
111188
111202
111245
111255
111257
111377
111468
111599
111709
111809
111889
112008
112098
112224
112257
112289
112521
112547
112548
112555
112636
112647
112816
112865
112878
112919
112994
113097
113169
113170
113244
113287
113307
113496
113521
113566
113655
113750
113848
113912
113951
113958
114037
114204
114218
114255
114346
114490
114531
114612
114699
114737
114844
114848
114885
114935
114973
114989
115072
115142
115176
115202
115204
115234
115371
115452
115477
115520
115577
115643
115693
115714
115794
115935
115946
116109
116333
116333
116365
116369
116386
116462
116466
116604
116644
116680
116687
116769
116794
116849
116914
116989
116996
117033
117098
117230
117373
117408
117565
117579
117648
117649
117654
117703
117794
117830
117896
117900
117949
117962
118072
118201
118408
118419
118662
118678
118782
118800
118918
119274
119500
119607
119649
119665
119836
119856
119986
120017
120042
120060
120203
120265
120275
120350
120541
120554
120615
120662
120668
120759
120845
121001
121209
121228
121290
121345
121408
121451
121540
121758
121784
121784
121843
121939
121997
122042
122314
122370
122464
122600
122847
122883
122890
122951
123127
123227
123475
123716
123816
123978
124108
124372
124393
124441
124484
124508
124570
124611
124720
124889
124923
124934
125404
125416
125516
125563
125648
125671
125672
125715
125755
125800
125820
126235
126313
126416
126558
126562
126646
126658
126662
126745
126775
126776
126809
126867
127033
127129
127136
127193
127200
127457
127483
127597
127633
127837
127881
127966
127988
128117
128169
128625
128710
128728
128732
128807
128888
128950
129020
129187
129295
129340
129443
129544
129555
129698
129914
129922
129940
130014
130124
130187
130201
130297
130337
130406
130435
130495
130547
130560
130718
130719
130924
131143
131166
131264
131277
131397
131413
131421
131490
131517
131553
131658
131668
131712
131743
131961
132022
132028
132169
132394
132401
132409
132538
132577
132622
132627
132631
132689
132887
132933
132976
132997
133041
133080
133106
133136
133203
133307
133412
133439
133453
133482
133596
133634
133659
133731
133756
133815
133942
134008
134103
134399
134497
134553
134557
134578
134669
134745
134796
134873
134875
134981
135019
135030
135050
135061
135082
135221
135232
135238
135291
135355
135390
135542
135552
135591
135631
135640
135838
135881
135946
136042
136118
136200
136242
136452
136526
136795
136938
136947
136949
136969
137025
137071
137072
137125
137157
137190
137233
137302
137319
137398
137417
137441
137517
137699
137752
137768
137806
138061
138071
138118
138127
138280
138325
138345
138356
138414
138447
138469
138724
138791
138800
138847
138850
138881
138933
138949
138962
139027
139064
139273
139285
139293
139403
139417
139453
139482
139556
139639
139664
139685
139748
139787
139922
139995
140078
140114
140161
140197
140306
140482
140586
140684
140701
140753
140785
140802
141090
141097
141097
141158
141255
141264
141360
141372
141418
141497
141542
141551
141663
141702
141732
141755
141759
141800
141864
141884
141950
142132
142219
142396
142450
142491
142504
142779
142813
142833
142857
142881
143004
143337
143424
143599
143823
143871
143891
143917
144021
144069
144118
144146
144185
144269
144278
144395
144409
144761
144797
144855
144915
145107
145107
145117
145202
145216
145292
145367
145388
145407
145535
145539
145563
145676
145721
145727
145936
145994
146181
146391
146475
146478
146485
146673
146682
146695
146811
146879
146927
146947
146977
147035
147042
147233
147245
147254
147284
147362
147395
147396
147501
147601
147648
147678
147764
147791
147983
148032
148070
148076
148145
148344
148376
148470
148475
148510
148752
148925
148965
149021
149043
149088
149224
149235
149299
149318
149375
149467
149507
149568
149653
149656
149665
149751
149825
149847
150088
150107
150172
150204
150233
150247
150287
150383
150539
150617
150629
150700
150807
150996
151013
151032
151056
151282
151470
151503
151561
151561
151611
151637
151657
151672
151716
151732
151734
151762
151785
151799
151829
151833
151949
152081
152314
152339
152394
152419
152483
152518
152532
152544
152560
152577
152926
152985
152990
153066
153086
153311
153351
153357
153408
153521
153529
153530
153606
153713
153833
153880
154073
154158
154168
154195
154346
154431
154502
154524
154536
154649
154713
154746
154903
155081
155174
155466
155563
155575
155621
155719
155771
155838
155909
155990
156208
156217
156267
156288
156481
156533
156709
156810
156839
156839
156850
156898
156921
156931
156968
156973
156994
157097
157170
157228
157423
157616
157644
157843
157922
157929
158082
158100
158195
158234
158315
158388
158417
158533
158599
158664
158725
158756
158848
158876
158921
159011
159108
159158
159231
159244
159294
159369
159374
159477
159629
159634
159758
159824
159931
160006
160173
160218
160230
160396
160406
160417
160914
161028
161065
161115
161151
161160
161203
161260
161343
161352
161411
161528
161593
161628
161798
161955
162001
162097
162207
162216
162322
162484
162492
162514
162519
162607
162696
162763
162900
163017
163055
163055
163096
163099
163137
163231
163240
163259
163276
163344
163430
163554
163594
163596
163718
163811
163819
163825
163847
163853
163879
163913
163952
163978
164001
164125
164143
164298
164335
164397
164401
164584
164634
164656
164774
164879
164898
164944
164963
165095
165189
165225
165267
165282
165442
165466
165488
165559
165573
165579
165580
165670
165685
166058
166096
166125
166149
166186
166196
166255
166307
166408
166498
166511
166614
166669
166730
166735
166896
167048
167108
167162
167170
167238
167260
167310
167375
167403
167458
167471
167554
167638
167641
167720
167721
167733
167878
168050
168116
168152
168159
168231
168332
168345
168354
168656
168660
168695
168736
168747
168782
168960
169161
169187
169226
169270
169353
169374
169408
169442
169482
169541
169615
169854
169899
170041
170120
170148
170218
170233
170249
170308
170433
170541
170588
170589
170638
170667
170749
170846
170903
170923
171019
171052
171091
171101
171200
171368
171390
171407
171415
171468
171477
171492
171675
171825
171841
171883
171929
172262
172380
172400
172425
172501
172563
172795
172836
172838
172847
172938
172985
172996
173006
173052
173138
173312
173545
173572
173614
173652
173657
173673
173722
173761
173793
173929
173970
173991
174010
174024
174060
174134
174206
174264
174280
174401
174432
174473
174580
174730
174828
174896
175029
175097
175104
175107
175155
175170
175193
175275
175374
175415
175441
175715
175761
175900
175990
176010
176038
176065
176182
176298
176601
176619
176644
176802
176833
176879
176891
177024
177057
177107
177153
177238
177343
177349
177487
177489
177505
177653
177656
177671
177723
177832
177880
177902
177932
177939
177981
178126
178145
178149
178201
178268
178391
178421
178579
178601
178643
178653
178694
178765
178781
178813
178832
178846
178884
178896
179072
179080
179120
179129
179189
179228
179249
179332
179332
179402
179444
179489
179494
179516
179543
179611
179653
179662
179664
179681
179790
180010
180026
180028
180055
180058
180301
180638
180678
180693
180770
180785
180903
180904
181004
181120
181229
181238
181322
181398
181512
181595
181625
181684
181702
181756
182043
182074
182212
182368
182508
182582
182690
182783
182828
182839
182849
182892
182939
182980
183102
183109
183111
183146
183164
183226
183314
183369
183414
183419
183437
183475
183621
183697
183732
183759
183789
183816
183820
183821
183902
184042
184189
184324
184328
184349
184503
184503
184540
184559
184583
184677
184710
184790
184896
184975
185097
185210
185285
185305
185388
185433
185438
185438
185522
185589
185620
185665
185794
185849
185850
185857
186028
186030
186040
186070
186153
186384
186393
186426
186453
186456
186460
186466
186565
186623
186799
187015
187053
187110
187513
187540
187577
187678
187739
187872
187917
187982
188020
188107
188142
188170
188266
188463
188499
188578
188606
188667
188677
188747
188769
188791
188809
188913
188949
188962
188989
189146
189159
189380
189446
189466
189501
189642
189647
189668
189676
189753
189847
190177
190319
190475
190539
190542
190552
190585
190617
190747
190784
190789
190832
190876
190993
191065
191134
191136
191165
191196
191363
191439
191441
191471
191473
191570
191632
191656
191665
191686
191692
191760
191760
191772
191773
191775
191842
191954
192203
192343
192392
192419
192539
192616
192637
192712
192799
192812
192906
192994
193025
193036
193112
193379
193389
193426
193500
193516
193548
193570
193579
193584
193663
193678
193730
193773
193800
193856
193968
193981
194058
194211
194218
194279
194340
194381
194427
194541
194580
194610
194628
194732
194836
194881
194895
194936
195051
195060
195158
195207
195304
195358
195384
195584
195631
195635
195638
195647
195690
195753
195798
195883
195941
195944
195957
196038
196046
196051
196117
196213
196272
196293
196441
196556
196645
196672
196674
196790
196914
197003
197125
197166
197219
197382
197393
197497
197543
197666
197945
198017
198177
198195
198227
198255
198268
198329
198523
198595
198670
198720
198802
199146
199183
199186
199263
199687
199788
199966
200028
200051
200057
200106
200120
200151
200177
200225
200379
200453
200530
200615
200634
200822
200966
201048
201072
201074
201152
201256
201361
201364
201387
201492
201580
201787
201840
201863
201994
202004
202058
202060
202088
202165
202194
202235
202335
202377
202429
202576
202663
202683
202685
202797
202912
203120
203129
203223
203337
203380
203469
203619
203644
203702
203815
203856
203876
203938
203973
204007
204027
204056
204147
204214
204216
204256
204259
204304
204319
204380
204403
204474
204474
204590
204653
204663
204671
204702
204848
204909
204921
204933
205104
205287
205329
205357
205418
205431
205553
205571
205612
205613
205629
205629
205726
205744
205973
206091
206182
206352
206426
206568
206572
206654
206657
206667
206726
206812
206821
206843
206871
206881
206911
206947
207103
207106
207255
207333
207373
207468
207641
207646
207649
207718
207784
207888
207954
207970
208024
208132
208155
208308
208446
208497
208784
208847
208908
208915
208950
209046
209152
209204
209643
209938
209993
210019
210124
210261
210283
210398
210427
210461
210504
210509
210548
210690
210738
210769
210833
210897
210946
210954
211036
211105
211119
211125
211212
211227
211278
211288
211474
211569
211653
211718
211775
211858
211888
211955
212106
212144
212154
212295
212366
212381
212391
212457
212478
212517
212678
212710
212739
212828
212917
212937
212972
212972
213189
213221
213283
213317
213320
213354
213429
213478
213574
213607
213643
213722
213885
213958
214144
214233
214237
214299
214302
214380
214415
214435
214523
214563
214656
214678
214724
214736
214815
214829
214944
214973
215046
215085
215088
215101
215124
215174
215180
215201
215334
215353
215390
215391
215456
215468
215482
215561
215565
215648
215662
215766
215790
215833
215919
215927
216038
216046
216097
216187
216217
216334
216338
216353
216366
216549
216558
216581
216681
216704
216707
216814
216878
216901
216902
216954
216982
217094
217117
217281
217343
217481
217482
217512
217584
217697
217754
217831
217880
217887
217933
217974
218009
218075
218109
218158
218181
218233
218233
218238
218280
218297
218306
218356
218423
218506
218589
218680
218853
218908
218968
218982
219050
219076
219142
219171
219262
219273
219413
219434
219476
219513
219546
219570
219682
219776
219789
219842
219856
219998
220071
220161
220183
220225
220291
220351
220561
220650
220706
220761
220771
220793
220859
220885
221090
221298
221548
221580
221671
221741
221827
221947
221950
221950
221983
221983
221994
222057
222062
222074
222302
222508
222542
222631
222752
222774
222778
222879
222928
223045
223059
223069
223109
223178
223221
223346
223370
223401
223440
223544
223549
223565
223594
223661
223675
223791
223799
223866
223890
223910
223938
223947
223955
223959
223999
224004
224041
224041
224074
224259
224490
224552
224603
224617
224622
224671
224759
224824
225054
225097
225105
225151
225161
225383
225392
225609
225695
225822
225952
226026
226047
226174
226240
226278
226408
226526
226589
226614
226654
226678
226845
226958
227122
227135
227171
227180
227324
227375
227377
227387
227539
227541
227605
227646
227676
227735
227754
227794
227829
227847
227862
227867
227917
227996
228026
228120
228215
228383
228411
228413
228474
228475
228504
228548
228663
228677
228704
228705
228727
228770
228811
228824
228969
229035
229066
229211
229282
229316
229354
229426
229440
229472
229527
229640
229646
229653
229727
229779
229782
230004
230015
230018
230192
230282
230298
230304
230337
230349
230351
230540
230634
230701
230787
230852
230904
230947
230957
231013
231049
231091
231095
231120
231144
231215
231315
231342
231478
231490
231682
231718
231721
231771
231925
231955
231990
232054
232129
232509
232516
232532
232576
232721
232722
232810
232853
233030
233109
233124
233277
233301
233309
233340
233437
233563
233747
233827
233855
233964
234004
234069
234128
234149
234310
234353
234524
234551
234566
234574
234709
234717
234724
234785
234867
234871
234909
234910
234954
235141
235143
235206
235296
235318
235336
235450
235613
235649
235827
235901
236000
236019
236043
236065
236156
236217
236217
236228
236255
236383
236439
236584
236629
236652
236861
237047
237090
237357
237357
237392
237460
237521
237551
237576
237590
237833
237863
237906
237946
238056
238172
238272
238325
238352
238524
238558
238727
238733
238738
238748
238980
238985
239071
239085
239165
239352
239379
239506
239578
239606
239710
239759
239781
239788
239997
240027
240032
240073
240082
240107
240192
240299
240337
240429
240480
240572
240614
240627
240755
240904
240910
241022
241064
241112
241175
241234
241355
241455
241477
241550
241641
241794
241968
242077
242150
242215
242307
242316
242341
242443
242674
242686
242694
242705
242715
242855
243081
243169
243240
243240
243315
243318
243412
243432
243437
243647
243706
243726
243731
243800
243814
243826
243876
243976
244078
244079
244171
244283
244349
244398
244402
244428
244512
244577
244648
244662
244763
244890
244893
245017
245023
245096
245208
245241
245445
245789
245893
245985
246030
246052
246057
246155
246196
246261
246281
246303
246322
246345
246349
246393
246399
246433
246442
246562
246579
246630
246650
246683
246861
247076
247085
247088
247146
247180
247326
247328
247412
247515
247562
247641
247767
247843
247916
248029
248074
248364
248381
248548
248596
248750
248861
248893
248904
249081
249111
249193
249225
249508
249577
249732
249777
249828
249865
249911
249936
250032
250113
250169
250180
250245
250281
250388
250499
250582
250589
250625
250712
250795
250814
250959
251149
251150
251342
251388
251406
251451
251683
251712
251794
251976
251982
252009
252053
252055
252163
252257
252266
252360
252362
252386
252579
252971
253024
253042
253319
253337
253374
253442
253450
253471
253478
253506
253570
253614
253738
253780
253791
253868
253893
253962
254217
254265
254303
254347
254385
254428
254489
254496
254557
254673
254704
254769
254812
254956
254979
255083
255135
255221
255236
255421
255441
255481
255517
255589
255744
255794
255798
255804
255831
255842
255864
255885
255891
255906
255938
255979
256049
256064
256097
256147
256181
256282
256496
256501
256514
256525
256572
256621
256737
256827
256982
257171
257305
257316
257365
257381
257502
257523
257531
257611
257616
257968
258019
258020
258031
258133
258153
258159
258315
258444
258463
258537
258583
258724
258797
258834
259006
259037
259041
259060
259202
259257
259270
259277
259329
259352
259431
259599
259663
259727
259768
259814
259816
259871
259890
259895
259939
260016
260155
260157
260158
260234
260275
260305
260337
260351
260365
260412
260435
260511
260518
260569
260639
260784
260879
260917
260943
260944
260970
260985
261095
261127
261243
261342
261480
261552
261596
261634
261670
261699
261721
261957
262011
262050
262226
262410
262443
262518
262643
262652
262656
262748
262749
262824
262840
262868
262881
262941
262965
262973
263072
263079
263114
263123
263147
263159
263168
263175
263206
263343
263432
263454
263476
263682
263762
263827
263860
263913
263990
264133
264340
264391
264405
264530
264658
264662
264697
264710
264741
264977
265267
265286
265317
265380
265451
265654
265665
265694
265706
265720
265749
265796
265836
265837
265915
266152
266212
266295
266315
266327
266433
266453
266502
266508
266521
266663
266687
266718
266875
266880
266922
266939
267007
267036
267047
267099
267144
267384
267388
267430
267457
267633
267772
267814
267828
267843
267849
267878
267905
267909
267930
267960
268209
268340
268359
268593
268614
268649
268675
268759
268813
268828
269001
269083
269121
269130
269209
269243
269368
269492
269519
269559
269606
269742
270044
270128
270131
270196
270206
270377
270443
270600
270627
270856
270874
270968
270970
271016
271210
271231
271262
271291
271387
271388
271393
271433
271787
271967
272112
272130
272140
272220
272305
272333
272442
272524
272539
272582
272589
272683
272687
272734
272754
272811
272878
272927
272978
273039
273266
273395
273411
273462
273648
273650
273737
273745
273749
273757
273800
273806
273857
273860
273874
273886
273996
274000
274150
274234
274418
274465
274475
274494
274576
274608
274673
274717
274737
274807
274819
274844
274858
274905
274926
275003
275006
275010
275027
275041
275132
275147
275202
275218
275233
275263
275337
275350
275379
275520
275624
275648
275701
276130
276523
276606
276633
276656
276714
276729
276730
276863
276899
276955
276961
276990
277086
277107
277126
277233
277360
277416
277440
277440
277731
277759
277770
277863
277913
277929
277980
277987
278048
278089
278184
278197
278240
278263
278278
278285
278397
278408
278457
278507
278650
278679
278720
278804
278831
278834
278897
279043
279047
279059
279171
279291
279309
279600
279638
279714
279731
279739
279807
279823
279923
279959
280046
280405
280408
280559
280621
280656
280697
280789
280789
280825
280876
280910
281076
281092
281169
281193
281317
281396
281409
281490
281497
281705
281845
281878
281982
281985
282119
282139
282171
282209
282224
282254
282277
282349
282587
282630
282636
282657
282755
282896
282950
282988
283031
283176
283180
283208
283214
283218
283219
283273
283295
283398
283436
283597
283818
283893
283960
283975
284044
284109
284215
284215
284239
284364
284369
284400
284490
284636
284770
284788
284885
284923
285045
285147
285147
285354
285373
285413
285641
285689
285696
285738
285747
285750
285786
285851
286039
286043
286093
286105
286196
286247
286699
286712
286774
286848
286882
287194
287291
287306
287405
287506
287571
287576
287648
287662
287792
287792
287851
288061
288128
288302
288314
288347
288414
288495
288513
288612
288829
288845
288950
288964
289026
289125
289130
289154
289192
289207
289340
289369
289386
289399
289610
289965
289970
290097
290168
290213
290252
290278
290467
290479
290606
290622
290629
290630
290630
290674
290683
290721
290761
290911
290925
290960
290967
291059
291103
291172
291185
291278
291296
291316
291531
291540
291614
291690
291710
291741
292060
292076
292078
292081
292099
292228
292233
292435
292443
292602
292697
292710
292751
292786
292795
292810
292891
292926
293014
293148
293330
293405
293513
293515
293537
293675
293704
293806
294021
294049
294110
294263
294417
294554
294554
294567
294648
294738
294846
294853
294912
295009
295056
295085
295175
295363
295369
295446
295663
295720
295746
295774
295792
295823
295930
296007
296083
296198
296211
296286
296346
296390
296462
296652
296689
296755
296832
296890
297142
297179
297197
297277
297299
297310
297546
297566
297585
297638
297641
297657
297871
298013
298026
298191
298268
298351
298543
298550
298581
298656
298730
298792
298902
299003
299034
299106
299144
299275
299288
299304
299316
299322
299338
299351
299378
299378
299392
299471
299512
299543
299544
299571
299612
299615
299659
299708
299717
299782
299867
299950
300028
300114
300120
300251
300311
300382
300426
300433
300507
300598
300640
300666
300751
300779
300796
300869
300905
300984
301142
301154
301163
301174
301189
301272
301329
301332
301345
301374
301428
301617
301623
301660
301834
301842
301882
301890
301911
301914
301948
301965
302055
302087
302263
302276
302435
302469
302623
302648
302655
302662
302821
302963
302963
303014
303122
303191
303195
303215
303282
303358
303454
303460
303610
303978
304001
304148
304191
304373
304562
304564
304622
304721
304742
304832
304837
304846
304852
305071
305178
305323
305427
305428
305448
305737
305737
305820
305826
305893
305988
306054
306152
306293
306369
306712
306916
307102
307150
307246
307251
307334
307456
307549
307594
307720
307887
307907
307909
307930
307940
307998
308138
308165
308210
308246
308386
308445
308447
308687
308699
308728
308776
308825
308961
308980
309025
309141
309238
309260
309370
309441
309442
309588
309683
309726
309814
309901
310068
310136
310226
310237
310688
310806
310815
310855
310860
310900
310902
310985
311072
311080
311196
311292
311345
311378
311438
311539
311567
311639
311682
311689
311697
311717
311775
311927
311928
311948
311980
312000
312082
312100
312324
312427
312432
312488
312533
312541
312577
312619
312636
312641
312773
312850
312850
312892
312944
313024
313153
313267
313291
313293
313307
313361
313398
313448
313465
313472
313492
313506
313515
313524
313652
313975
314010
314028
314034
314075
314075
314380
314382
314522
314689
314808
314845
314847
314954
315162
315399
315427
315465
315481
315541
315585
315621
315758
315894
315898
315999
316018
316249
316294
316550
316691
316878
317053
317202
317272
317415
317420
317475
317511
317788
317855
317934
317976
317988
318151
318226
318242
318282
318310
318401
318483
318542
318551
318585
318771
318879
318996
319034
319049
319165
319294
319306
319324
319353
319399
319434
319440
319458
319481
319498
319511
319550
319593
319618
319752
319762
319815
319818
320081
320147
320192
320205
320236
320268
320327
320355
320383
320486
320489
320569
320585
320739
320749
320757
320807
320880
320968
320973
321070
321104
321200
321230
321313
321319
321425
321539
321562
321649
321653
321693
321778
321798
321804
321847
321929
321990
322032
322085
322104
322170
322209
322236
322309
322368
322539
322789
322968
323012
323036
323153
323240
323289
323430
323665
323822
323837
323889
323896
323938
323950
323963
324011
324064
324078
324083
324107
324342
324402
324447
324578
324647
324957
324958
325044
325302
325390
325440
325461
325476
325572
325584
325612
325811
325851
325902
325934
325959
326000
326008
326046
326080
326081
326106
326127
326160
326238
326391
326410
326449
326484
326498
326509
326518
326618
326628
326658
326705
326731
326769
326918
326981
327024
327145
327198
327230
327230
327372
327404
327465
327503
327620
327644
327685
327704
327859
327951
327984
328138
328201
328228
328346
328383
328401
328425
328443
328569
328638
328652
328653
328748
328755
328788
328840
328918
328919
328993
329046
329125
329328
329368
329409
329500
329529
329572
329640
329642
329665
329675
329677
329683
329855
329889
330216
330306
330451
330629
330631
330677
330821
330853
330980
331042
331121
331171
331193
331379
331459
331497
331510
331519
331569
331571
331658
331744
331826
331843
331913
331924
332014
332048
332141
332158
332198
332205
332234
332297
332430
332537
332570
332585
332612
332831
332864
332997
332998
332998
333116
333119
333133
333193
333195
333462
333466
333469
333469
333539
333565
333573
333846
333954
333956
334025
334123
334168
334261
334410
334499
334504
334556
334647
334752
334894
334920
334992
335039
335153
335204
335341
335354
335397
335425
335452
335459
335494
335722
335729
335733
335738
335819
335919
335937
335970
336089
336132
336147
336184
336238
336249
336285
336290
336369
336434
336668
336977
337097
337203
337242
337282
337322
337341
337355
337411
337459
337486
337538
337756
337796
337822
337864
337888
338106
338314
338366
338600
338628
338677
338785
338938
338990
339037
339070
339150
339497
339661
339703
339770
339848
339917
340041
340240
340267
340334
340402
340443
340561
340590
340630
340660
340683
340702
340762
340767
340799
340845
340850
340866
341038
341160
341196
341198
341226
341358
341368
341378
341417
341425
341430
341448
341558
341604
341658
341690
341692
341754
341810
341847
341988
341992
342012
342036
342153
342168
342176
342442
342602
342720
342758
342838
342895
342926
342972
343024
343064
343064
343075
343099
343221
343222
343266
343372
343423
343438
343474
343505
343510
343655
343674
343751
343974
344109
344122
344159
344171
344213
344215
344262
344386
344434
344539
344560
344578
344638
344799
344910
345039
345052
345080
345101
345199
345290
345384
345387
345519
345609
345635
345700
345733
345813
345972
345993
346072
346191
346286
346322
346336
346403
346523
346558
346572
346589
346594
346604
346645
346669
346696
346761
346907
346917
346998
347063
347074
347142
347209
347259
347356
347701
347768
347831
347861
347929
347949
348122
348154
348358
348385
348424
348679
348680
348728
348764
348817
348895
348918
349005
349062
349078
349174
349229
349263
349299
349310
349411
349435
349452
349547
349874
349892
349894
349899
349925
349962
349965
350010
350014
350351
350453
350507
350621
350730
350734
350844
350866
351067
351145
351257
351259
351316
351324
351390
351406
351463
351706
351709
351719
351781
351803
351894
351907
351918
352072
352114
352158
352224
352226
352227
352285
352297
352317
352358
352384
352386
352472
352516
352606
352673
352768
352802
352813
352892
352931
353081
353104
353320
353342
353498
353532
353578
353616
353642
353651
353653
353801
353870
353981
353995
354004
354027
354115
354121
354172
354237
354262
354292
354296
354305
354346
354475
354630
354689
354735
354895
354897
354929
355175
355222
355277
355286
355435
355472
355507
355525
355572
355578
355607
355675
355817
355912
355920
355985
356046
356072
356090
356176
356242
356293
356317
356348
356351
356545
356578
356777
356867
356883
356906
356962
357073
357208
357244
357321
357442
357550
357555
357595
357595
357687
357811
357892
357991
358006
358046
358198
358441
358503
358516
358971
359191
359231
359233
359277
359364
359423
359424
359458
359614
359618
359694
359779
359794
359845
359845
359871
359894
359959
359967
360073
360098
360324
360326
360706
360839
360905
361102
361168
361201
361244
361315
361329
361335
361377
361377
361491
361499
361600
361616
361638
361685
361799
361941
362050
362219
362408
362439
362516
362651
362716
362791
362903
362941
363032
363141
363162
363280
363287
363397
363417
363475
363481
363565
363593
363775
363895
363907
364001
364091
364143
364153
364206
364239
364393
364494
364526
364614
364656
364667
364720
364744
364827
364864
364888
364903
364951
364975
365001
365035
365083
365088
365145
365238
365249
365314
365387
365442
365577
365658
365914
365965
366108
366114
366152
366265
366361
366472
366526
366580
366815
366837
366875
366908
366972
367021
367270
367401
367418
367422
367447
367448
367484
367496
367573
367642
367659
367728
367760
367788
367805
367815
367846
367869
367969
368106
368114
368151
368255
368267
368300
368394
368416
368434
368513
368520
368629
368683
368728
368795
368806
368810
368942
369068
369074
369126
369203
369208
369247
369250
369283
369332
369336
369551
369562
369605
369711
369793
369805
369916
369953
369972
370036
370075
370142
370151
370164
370191
370215
370221
370255
370295
370329
370385
370419
370471
370542
370576
370618
370646
370692
370726
370756
370841
370945
370952
371079
371211
371230
371284
371441
371547
371661
371708
371785
371920
372023
372030
372091
372137
372291
372396
372406
372429
372512
372563
372615
372666
372748
372781
372789
372861
372959
373005
373030
373036
373272
373282
373316
373339
373577
373656
373814
373848
373980
374015
374075
374084
374177
374185
374275
374486
374596
374609
374644
374757
374834
374853
374869
374889
374895
374981
375000
375062
375127
375176
375210
375282
375304
375319
375332
375396
375413
375414
375434
375552
375709
375765
375802
375819
376007
376017
376195
376212
376216
376226
376464
376537
376662
376680
376680
376785
376888
376917
376964
377041
377093
377116
377159
377165
377201
377343
377371
377374
377414
377549
377577
377833
377885
378026
378035
378054
378083
378212
378248
378297
378307
378350
378591
378593
378621
378725
378835
378955
378981
379124
379213
379326
379493
379497
379514
379525
379683
379687
379693
379727
379748
379928
379956
380049
380071
380081
380090
380143
380157
380195
380215
380285
380321
380334
380383
380421
380422
380550
380592
380936
380991
381005
381049
381108
381149
381192
381296
381322
381414
381514
381545
381576
381732
381759
381879
382237
382242
382256
382312
382348
382452
382587
382591
382618
382623
382630
382631
382644
382676
382773
382843
382849
382869
382925
383161
383244
383260
383315
383414
383475
383560
383838
383957
384062
384082
384190
384222
384250
384252
384304
384340
384353
384462
384495
384556
384637
384637
384686
384715
385081
385214
385326
385409
385420
385518
385553
385582
385614
385618
385620
385734
385790
385803
385934
385988
386196
386230
386280
386305
386307
386315
386323
386389
386429
386502
386502
386526
386532
386575
386802
386961
387005
387303
387523
387573
387656
387732
387757
387838
387900
387930
387947
388022
388042
388128
388145
388153
388280
388338
388535
388707
388710
388875
388880
388890
388979
389014
389036
389099
389126
389155
389222
389352
389383
389386
389443
389446
389538
389681
389704
389720
389772
389773
389948
389960
390129
390258
390259
390321
390360
390391
390478
390485
390499
390541
390565
390754
390896
390918
390989
391049
391162
391174
391286
391328
391443
391483
391581
391627
391708
391782
391803
391824
391865
391889
391890
391957
391970
391991
392109
392118
392242
392347
392438
392578
392578
392607
392609
392612
392666
392672
392677
392837
393062
393087
393098
393114
393126
393280
393282
393493
393501
393510
393513
393521
393535
393540
393628
393652
393705
393805
393840
393853
393895
393911
394007
394051
394146
394319
394504
394516
394539
394539
394562
394583
394621
394637
394802
394809
394862
394949
395171
395197
395367
395430
395472
395566
395581
395647
395688
395852
395970
395988
396014
396031
396092
396099
396146
396569
396611
396801
396809
396839
396849
396902
396936
397004
397091
397134
397159
397161
397207
397321
397335
397487
397523
397525
397558
397587
397591
397598
397737
397738
397763
397853
397895
397963
397991
397995
398052
398201
398202
398270
398350
398398
398416
398470
398526
398586
398651
398772
398780
398828
399107
399142
399270
399304
399344
399387
399519
399527
399544
399559
399736
399767
399863
399912
400162
400169
400345
400415
400426
400493
400521
400597
400613
400713
400754
400817
400900
401128
401137
401156
401178
401312
401402
401423
401715
401817
401954
401957
401961
401980
402021
402167
402321
402327
402362
402385
402615
402671
402777
402782
402933
402974
403068
403131
403172
403229
403326
403375
403384
403401
403512
403522
403560
403876
404026
404033
404036
404195
404292
404337
404345
404363
404527
404531
404662
404687
404692
404743
404972
405057
405123
405141
405318
405394
405423
405633
405694
405744
405819
405845
405891
406012
406038
406195
406259
406261
406578
406654
406678
406816
406824
406974
407090
407135
407158
407521
407636
407655
407705
407737
407750
407772
407831
407929
407934
407963
407982
407993
408029
408039
408062
408095
408169
408196
408200
408239
408304
408366
408664
408763
408961
408978
409126
409232
409298
409419
409486
409492
409498
409501
409585
409594
409602
409670
409712
409723
409826
409881
409891
409957
410056
410107
410241
410263
410298
410381
410382
410488
410591
410876
411036
411049
411059
411103
411124
411204
411213
411335
411344
411402
411429
411479
411510
411528
411567
411640
411642
411687
411831
411911
411913
412280
412313
412338
412357
412383
412433
412444
412456
412500
412512
412614
412648
412653
412727
412749
412808
412885
412889
413010
413042
413086
413111
413279
413285
413351
413375
413494
413500
413514
413535
413551
413644
413662
413669
413745
413757
413798
413906
414109
414190
414225
414279
414407
414410
414424
414430
414466
414475
414539
414564
414658
414684
414745
414792
414793
414844
414856
415036
415071
415200
415227
415304
415313
415314
415329
415375
415485
415493
415734
415765
416048
416056
416104
416111
416231
416420
416734
416745
416749
416815
416907
416942
417013
417071
417159
417198
417281
417311
417318
417325
417337
417416
417452
417488
417690
417810
417856
417989
418021
418132
418341
418388
418420
418470
418527
418644
418768
418845
418851
418934
419138
419208
419229
419497
419537
419602
419711
419740
419753
419865
419908
419913
419988
420032
420115
420130
420212
420238
420242
420271
420423
420461
420462
420515
420649
420658
420678
420729
420853
421056
421096
421310
421341
421346
421374
421407
421465
421480
421687
421797
421832
421928
421986
422004
422061
422066
422167
422214
422313
422366
422738
422750
422759
422825
422836
422891
422960
422974
423092
423220
423226
423310
423379
423387
423448
423556
423612
423641
423724
423806
423927
424000
424031
424111
424269
424298
424314
424327
424330
424372
424389
424452
424490
424652
424705
424753
424755
424784
424826
424921
425144
425264
425285
425385
425399
425406
425435
425569
425658
425739
425752
425845
425869
426061
426137
426150
426303
426473
426498
426578
426629
426709
426722
426802
426833
426870
426877
427012
427032
427066
427131
427181
427201
427253
427253
427324
427359
427359
427385
427391
427449
427493
427661
427674
427816
427836
427911
428012
428206
428296
428316
428499
428569
428658
428817
428836
428918
428950
429005
429033
429061
429094
429286
429296
429338
429392
429431
429529
429758
429795
429864
429935
430017
430104
430121
430173
430199
430299
430303
430324
430343
430356
430371
430457
430518
430576
430593
430659
430704
430706
430773
430874
430875
430966
431129
431134
431206
431222
431284
431383
431427
431560
431654
431719
431756
431906
432068
432250
432300
432337
432374
432408
432445
432541
432570
432615
432635
432675
432822
432853
432904
432998
433105
433325
433356
433375
433545
433554
433607
433701
433766
434020
434038
434082
434106
434356
434517
434626
434645
434681
434754
434758
434776
435000
435001
435004
435149
435312
435313
435354
435400
435618
435766
435848
435863
435949
436013
436047
436071
436090
436092
436104
436234
436247
436257
436345
436349
436567
436606
436632
436687
436711
436887
436909
437000
437002
437070
437474
437619
437724
437780
437781
437827
437952
438161
438247
438412
438424
438470
438539
438552
438684
438692
438726
438732
438744
438801
439073
439074
439080
439182
439445
439472
439498
439539
439545
439565
439567
439617
439626
439663
439889
439931
439972
440078
440167
440184
440196
440339
440378
440518
440549
440572
440596
440769
440790
440906
440913
440915
440976
441016
441182
441241
441314
441580
441642
441661
441682
441716
441802
441855
441901
441903
441934
441950
441972
442011
442016
442057
442114
442242
442391
442413
442415
442469
442471
442478
442499
442591
442628
442861
442961
443021
443028
443277
443301
443350
443425
443442
443455
443472
443547
443762
443812
443959
444071
444348
444470
444608
444663
444709
444741
444766
444770
444775
444858
444864
444868
445175
445177
445286
445339
445401
445537
445543
445586
445664
445751
445927
446031
446039
446125
446309
446325
446327
446357
446389
446490
446512
446579
446622
446644
446720
446842
446844
446884
446926
446980
446980
447012
447027
447127
447202
447297
447384
447401
447463
447530
447589
447683
447842
447915
447995
448002
448052
448317
448389
448607
448745
448792
448793
448895
448970
449002
449040
449124
449288
449289
449349
449458
449484
449496
449504
449507
449517
449665
449681
449747
449812
449892
449944
450012
450081
450177
450208
450240
450265
450331
450440
450455
450482
450483
450536
450629
450659
450863
450990
451029
451237
451362
451393
451510
451540
451551
451640
451653
451843
451898
451997
452038
452063
452112
452160
452263
452441
452458
452509
452731
452732
452739
452793
452812
452843
452974
452996
453004
453024
453036
453077
453134
453153
453374
453423
453504
453538
453566
453611
453630
453654
453678
453719
453733
453812
453933
453955
454000
454178
454372
454385
454414
454474
454534
454650
454708
454786
454855
454892
454926
454996
455065
455122
455138
455264
455285
455375
455419
455421
455440
455452
455465
455558
455561
455594
455650
455739
455861
455903
455951
455971
456008
456042
456052
456097
456102
456173
456186
456276
456499
456539
456542
456629
456816
456864
456890
456971
457033
457078
457154
457221
457300
457304
457320
457329
457362
457439
457560
457747
457768
458043
458118
458260
458291
458392
458400
458671
458857
458868
458927
459063
459071
459158
459171
459223
459241
459245
459330
459343
459363
459368
459488
459518
459604
459623
459697
459718
459944
459959
460015
460083
460111
460118
460285
460301
460377
460408
460434
460462
460472
460551
460581
460631
460667
461002
461021
461066
461126
461346
461382
461396
461442
461490
461536
461554
461603
461684
461734
461785
461857
461900
461922
462054
462088
462163
462209
462280
462384
462395
462416
462443
462477
462528
462557
462569
462684
462819
462851
462865
462900
462911
462950
463061
463129
463184
463280
463404
463449
463589
463656
463824
464089
464092
464137
464167
464188
464254
464377
464500
464754
464779
464874
464874
464879
464895
464902
465045
465074
465091
465142
465166
465303
465310
465326
465343
465381
465675
465847
465990
466054
466192
466231
466247
466464
466492
466606
466621
466763
466782
467006
467388
467420
467741
467783
467789
467848
468029
468052
468176
468256
468360
468387
468438
468603
468605
468655
468662
468670
468781
468910
468948
468969
469077
469078
469083
469136
469176
469314
469350
469424
469470
469497
469552
469589
469605
469664
469719
469724
469817
469827
469894
469920
470019
470025
470097
470133
470148
470215
470234
470245
470335
470357
470380
470399
470526
470589
470696
470891
471060
471374
471549
471595
471606
471626
471639
471783
472035
472073
472321
472514
472518
472524
472677
472728
472871
473022
473128
473155
473252
473265
473318
473472
473480
473487
473633
473639
473679
473684
473732
473733
473830
473832
473843
473899
473913
474117
474182
474216
474237
474283
474538
474544
474553
474598
474722
474777
475160
475253
475296
475454
475644
475690
475771
475867
475901
476134
476464
476492
476506
476559
476584
476650
476667
476687
476735
476799
476806
476946
477032
477093
477163
477186
477192
477231
477237
477444
477518
477594
477664
477679
477780
477799
477951
477994
478014
478104
478115
478122
478211
478298
478307
478376
478432
478450
478495
478501
478506
478569
478622
478642
478696
478712
478731
478760
478860
478939
479020
479043
479049
479112
479128
479241
479390
479461
479690
479773
479884
480024
480052
480154
480185
480220
480248
480262
480302
480325
480394
480496
480516
480616
480638
480680
480753
480782
481010
481121
481197
481232
481285
481312
481320
481336
481429
481569
481674
481733
481809
481841
481882
481926
481962
482067
482139
482163
482199
482271
482274
482377
482394
482425
482467
482554
482587
482692
482913
482924
483029
483043
483046
483065
483084
483191
483280
483483
483602
483650
483728
483814
483882
483926
483962
484096
484187
484190
484319
484329
484365
484375
484425
484478
484515
484516
484744
484779
484831
484843
484902
484906
484911
484934
484946
484955
484969
485033
485092
485157
485157
485184
485200
485308
485388
485388
485420
485474
485484
485521
485636
485641
485854
485981
486046
486070
486162
486240
486355
486449
486626
486734
486805
486822
486894
486905
487057
487150
487349
487481
487503
487506
487605
487676
487735
487752
487776
487841
487925
487926
487959
487991
488099
488103
488151
488170
488201
488238
488249
488267
488275
488369
488375
488499
488531
488553
488578
488590
488629
488681
488769
488789
488842
488920
489057
489283
489315
489486
489518
489527
489561
489570
489683
489723
489765
489885
490011
490025
490107
490173
490215
490339
490411
490420
490422
490462
490468
490537
490648
490660
490720
490747
490785
490858
490908
491019
491044
491073
491078
491173
491176
491184
491204
491205
491225
491225
491412
491477
491480
491512
491566
491647
491706
491717
491725
491726
491744
491800
491854
491894
491901
491918
492111
492182
492234
492429
492447
492521
492535
492536
492720
492756
492869
492871
492890
492922
492984
493048
493058
493120
493209
493494
493784
493810
493979
494013
494060
494066
494070
494072
494101
494125
494208
494244
494306
494372
494430
494490
494529
494589
494600
494605
494638
494641
494642
494669
494690
494705
494713
494741
494818
494905
494923
494946
495009
495027
495174
495197
495238
495269
495278
495291
495313
495353
495358
495515
495588
495969
496002
496086
496128
496129
496148
496288
496304
496400
496451
496511
496550
496563
496593
496656
496677
496941
496959
496974
496986
497132
497362
497380
497391
497561
497591
497671
497772
497834
497862
497902
497920
497982
497984
498042
498055
498120
498168
498187
498516
498647
498653
498662
498674
498714
498720
498753
498831
498859
498892
499003
499083
499208
499279
499280
499359
499368
499377
499487
499510
499520
499643
499808
499833
499938
499947
500021
500073
500083
500114
500154
500204
500329
500357
500358
500409
500488
500549
500579
500598
500629
500729
500825
501032
501130
501140
501146
501310
501374
501393
501415
501716
501792
501913
501958
502066
502069
502092
502115
502170
502213
502265
502394
502425
502431
502452
502493
502498
502506
502510
502668
502714
502822
502841
502921
502999
503170
503214
503238
503243
503504
503625
503638
503651
503738
503755
503824
503838
503955
503992
504050
504267
504278
504437
504442
504518
504574
504704
504705
504754
504762
504868
505097
505123
505161
505236
505244
505330
505367
505425
505457
505459
505465
505499
505592
505618
505634
505643
505716
505751
505891
505942
505945
506016
506019
506085
506171
506281
506305
506518
506551
506619
506628
506630
506635
506680
506686
506688
506706
506708
506740
506807
506823
506847
506944
506964
507166
507179
507201
507273
507276
507317
507354
507395
507739
507813
507936
507947
508085
508310
508339
508382
508397
508402
508424
508475
508562
508601
508641
508682
508717
508799
508867
508876
508918
508935
509047
509122
509179
509223
509252
509311
509329
509354
509393
509508
509642
509761
509801
510268
510383
510640
510645
510715
510780
510817
511013
511056
511231
511251
511309
511367
511453
511459
511462
511497
511519
511591
511722
511779
511837
511838
511843
511940
512030
512238
512245
512262
512284
512354
512460
512603
512609
512622
512630
512665
512724
512731
512734
512734
512865
512932
512998
513051
513121
513124
513160
513210
513226
513260
513265
513303
513379
513399
513419
513498
513591
513605
513635
513665
513696
513832
513876
513923
513940
513975
514034
514054
514136
514237
514296
514302
514312
514318
514349
514486
514550
514590
514692
514695
514737
514863
514939
514984
515000
515080
515236
515253
515297
515332
515355
515429
515563
515617
515658
515678
515697
515704
515749
515799
515825
515829
515913
515923
515979
516025
516026
516043
516048
516075
516104
516126
516274
516445
516497
516521
516698
516752
516849
516879
516881
516964
516969
516971
517058
517086
517138
517175
517199
517274
517579
517589
517641
517709
517711
518120
518259
518265
518311
518379
518435
518493
518509
518610
518752
518798
518815
518926
518935
518979
519073
519075
519212
519306
519332
519500
519580
519759
519797
519838
519850
519915
520181
520234
520293
520359
520378
520437
520570
520598
520682
520697
520745
520764
520778
520852
520906
520913
520936
521014
521147
521434
521440
521568
521568
521695
521722
521856
521872
521889
521904
521918
521919
522002
522096
522309
522477
522530
522598
522716
522766
522794
522815
522872
522875
522989
523224
523453
523499
523511
523517
523692
523708
523737
523749
523804
523834
524002
524014
524073
524113
524177
524436
524531
524728
524731
524802
524821
524868
524883
524898
524983
525085
525285
525292
525385
525554
525614
525702
525868
525868
525872
525891
525924
526047
526048
526056
526079
526114
526134
526283
526508
526541
526641
526700
526720
526745
526915
526945
526987
527001
527022
527103
527144
527268
527354
527382
527414
527449
527496
527613
527639
527662
527721
527804
528094
528187
528229
528279
528286
528352
528398
528413
528472
528518
528545
528588
528609
528716
528924
528954
529034
529078
529169
529301
529467
529488
529689
529765
529811
529929
529992
530155
530181
530226
530294
530311
530331
530336
530403
530554
530647
530849
531460
531477
531480
531537
531549
531553
531555
531831
531883
531934
531975
532042
532081
532092
532144
532211
532421
532623
532766
532860
532887
532904
532940
532963
532978
532992
533030
533081
533118
533133
533240
533248
533253
533263
533302
533359
533401
533460
533531
533548
533575
533638
533651
533828
533962
533984
534062
534171
534219
534306
534336
534359
534479
534515
534586
534635
534662
534726
534782
534785
534790
534849
534861
535082
535084
535181
535254
535280
535330
535333
535429
535528
535615
535644
535798
535812
535818
535899
535915
535925
535995
536028
536036
536166
536224
536224
536262
536283
536332
536376
536443
536509
536539
536692
536752
536816
536837
536880
536918
536967
537041
537137
537154
537278
537297
537391
537466
537546
537561
537585
537681
537841
537842
538018
538065
538072
538249
538274
538332
538357
538370
538393
538482
538485
538539
538693
538721
538789
538798
538814
538857
538873
538900
538933
539051
539121
539151
539198
539211
539293
539463
539542
539606
539690
539730
539742
539934
539944
539954
539960
539971
540015
540112
540431
540452
540519
540526
540615
540720
540759
540793
540831
540866
540899
540923
540993
541111
541275
541301
541320
541375
541445
541600
541804
541839
541930
541963
542164
542210
542261
542304
542398
542403
542468
542553
542626
542630
542643
542796
542803
542815
542830
542834
543029
543055
543154
543262
543421
543498
543521
543521
543542
543731
543731
543750
543835
544017
544032
544291
544331
544331
544351
544354
544358
544390
544575
544611
544630
544773
544822
544833
545021
545174
545368
545433
545543
545714
545739
545968
546024
546120
546394
546402
546443
546457
546528
546542
546566
546640
546701
546744
546844
546855
546954
546960
546978
546997
547031
547166
547226
547404
547421
547622
547636
547642
547674
547674
547686
547863
547893
547908
547941
547950
548040
548073
548136
548198
548228
548298
548416
548440
548549
548648
548674
548677
548695
548807
548857
548905
548979
549021
549052
549143
549285
549384
549464
549574
549603
549662
549709
549746
549824
549836
549852
549853
549885
549928
549976
550172
550272
550379
550458
550501
550508
550537
550657
550733
550741
550784
550866
551096
551194
551215
551268
551307
551334
551358
551433
551480
551491
551510
551569
551686
551870
551997
552058
552248
552254
552413
552457
552473
552498
552499
552642
552797
552818
552906
553111
553126
553199
553201
553300
553303
553517
553633
553736
553775
553864
554043
554208
554258
554299
554329
554431
554520
554531
554613
554623
554628
554736
554845
554879
554887
554938
554941
555093
555177
555214
555290
555294
555301
555714
555776
555915
556072
556138
556267
556300
556323
556338
556415
556479
556634
556849
556978
557014
557201
557265
557268
557453
557718
557893
557924
558063
558080
558180
558199
558265
558361
558431
558470
558519
558547
558651
558736
558787
558839
558901
558941
559082
559151
559211
559239
559258
559339
559342
559354
559403
559429
559439
559440
559455
559492
559529
559646
559690
559723
559794
559859
559908
559929
559960
560059
560114
560219
560264
560265
560266
560339
560370
560520
560598
560623
560737
560797
561007
561012
561100
561112
561120
561157
561212
561218
561234
561338
561347
561369
561554
561810
561893
561943
561991
562111
562125
562146
562149
562172
562287
562344
562434
562539
562542
562542
562600
562621
562679
562770
562778
563060
563076
563178
563182
563395
563436
563455
563506
563701
563754
563817
563839
563890
563923
564001
564096
564157
564240
564311
564382
564413
564663
564753
564897
565042
565056
565137
565239
565292
565303
565359
565395
565434
565492
565568
565568
565581
565582
565667
565669
565777
565778
565857
565874
565906
566008
566050
566065
566200
566304
566406
566430
566439
566447
566593
566625
566750
566796
566817
566835
566859
566868
567141
567236
567399
567418
567425
567583
567725
567789
567878
567934
567992
567992
568055
568082
568137
568210
568228
568351
568384
568488
568502
568544
568554
568615
568841
568874
568890
569061
569062
569094
569159
569163
569252
569313
569352
569357
569465
569519
569550
569567
569683
569699
569834
569882
569942
569950
570020
570076
570252
570290
570483
570489
570701
571016
571038
571099
571295
571443
571595
571704
571741
571782
571826
571850
571945
571947
571977
572156
572161
572179
572255
572373
572395
572441
572458
572506
572562
572673
572772
572794
572803
572932
572978
573071
573261
573285
573330
573369
573445
573632
573671
573675
573684
574121
574202
574202
574303
574348
574359
574382
574408
574564
574598
574693
574799
575108
575168
575213
575292
575483
575504
575515
575734
575838
575843
575926
575952
576004
576072
576284
576398
576415
576499
576524
576540
576592
576704
576777
576809
576827
576881
576914
576932
576960
577172
577178
577187
577213
577253
577283
577309
577329
577409
577464
577534
577583
577627
577636
577643
577666
577711
577729
578067
578103
578119
578185
578257
578287
578448
578489
578519
578689
578705
578950
578980
579055
579135
579150
579164
579207
579225
579225
579490
579510
579524
579560
579618
579622
579881
579953
579984
579997
580088
580131
580156
580168
580187
580211
580232
580254
580513
580671
580757
580767
580952
580959
580975
581056
581134
581341
581369
581427
581509
581579
581595
581597
581621
581661
581787
581835
581847
581896
582080
582118
582220
582231
582282
582298
582371
582488
582615
582798
582828
582910
582932
582937
582957
582988
583048
583162
583321
583345
583389
583401
583411
583425
583632
583671
583729
583741
583824
583875
583923
584108
584186
584216
584220
584384
584425
584614
584846
584869
584917
584927
584958
584997
585073
585102
585252
585329
585376
585387
585398
585442
585471
585566
585619
585760
585763
585870
585879
585900
585905
585906
585945
586029
586055
586074
586141
586248
586263
586271
586448
586575
586608
586614
586614
586751
586816
586828
586871
586949
587031
587059
587093
587093
587275
587314
587371
587390
587417
587503
587540
587547
587601
587607
587805
587820
587823
587825
587907
587943
587996
588020
588161
588326
588488
588509
588518
588609
588610
588812
588819
588833
588844
588975
588997
588998
589028
589041
589042
589179
589181
589193
589201
589212
589322
589401
589666
589722
589817
589930
590003
590388
590558
590635
590649
590662
590693
590740
590755
590883
590892
590902
590915
590935
591115
591319
591390
591401
591409
591442
591635
591673
591738
591761
591845
591953
592033
592127
592372
592377
592388
592398
592487
592507
592523
592594
592599
592608
592712
592956
593000
593016
593089
593389
593568
593595
593641
593668
593789
593873
593898
593917
593966
594107
594170
594264
594294
594314
594320
594387
594410
594556
594567
594595
594596
594649
594667
594730
594940
594954
594956
595154
595231
595261
595410
595588
595590
595603
595735
595869
595904
595941
595961
596081
596118
596232
596260
596285
596290
596295
596311
596413
596522
596666
596744
596791
596858
596876
596902
596911
596970
597340
597361
597477
597579
597662
597733
597746
597886
597905
598033
598339
598357
598376
598454
598497
598644
598736
598764
598764
598846
598902
598965
599058
599088
599108
599231
599275
599297
599299
599304
599475
599584
599697
599735
599761
599771
599789
599855
599893
600007
600032
600163
600377
600377
600404
600467
600476
600500
600525
600535
600628
600654
600657
600660
600685
600718
600724
600744
600832
600890
600925
600933
600991
601071
601273
601316
601344
601357
601381
601447
601488
601543
601602
601609
601634
601722
601733
601832
601832
601934
601941
601985
602003
602055
602068
602092
602115
602154
602314
602422
602449
602517
602572
602612
602748
602768
602817
602937
602973
603135
603194
603242
603352
603472
603499
603593
603601
603669
603686
603710
603726
603879
603977
604032
604113
604190
604270
604401
604412
604420
604503
604546
604740
604785
605076
605272
605281
605407
605484
605538
605619
605658
605691
605800
605898
605945
606059
606147
606202
606204
606246
606302
606431
606448
606599
606697
606698
606714
606725
606917
607045
607092
607243
607281
607307
607349
607650
607751
607826
607911
607927
607939
607958
608069
608089
608106
608107
608210
608235
608256
608261
608323
608368
608564
608635
608675
608854
608870
608887
608994
609020
609146
609208
609332
609358
609364
609380
609427
609457
609553
609728
609738
609739
609878
609922
609981
610029
610033
610113
610332
610335
610473
610549
610559
610562
610889
610892
611038
611044
611057
611096
611191
611192
611205
611290
611371
611398
611417
611480
611629
611666
611744
611825
611834
611899
611968
612073
612074
612141
612169
612174
612192
612199
612215
612242
612380
612495
612536
612549
612680
612686
612727
612740
612779
612865
612880
612961
613120
613201
613238
613275
613546
613689
613769
613963
614062
614068
614075
614242
614271
614307
614386
614400
614421
614497
614548
614651
614656
614658
614828
614868
614877
614908
615076
615089
615107
615155
615185
615266
615316
615328
615400
615492
615522
615539
615572
615597
615668
615676
615692
615822
615828
615885
615913
615943
616030
616063
616152
616193
616233
616304
616313
616361
616398
616797
616803
616816
616825
616850
616976
617070
617194
617214
617238
617270
617322
617326
617407
617600
617611
617674
617675
617753
617757
617778
617893
617942
617968
618089
618191
618301
618332
618435
618616
618741
618781
618823
618880
618886
618996
619007
619014
619079
619108
619253
619281
619370
619411
619584
619656
619753
619775
619776
619791
619795
619854
619930
620040
620088
620115
620303
620305
620309
620432
620476
620537
620586
620590
620620
620651
620691
620702
620745
620766
620851
620918
620950
620984
621033
621198
621281
621298
621374
621376
621430
621452
621475
621521
621536
621582
621638
621705
621793
621853
621910
621936
621995
621998
622036
622120
622132
622199
622428
622520
622527
622832
622859
622873
622874
622964
623100
623120
623174
623406
623540
623567
623596
623651
623664
623685
623702
623762
623771
623776
623818
623865
623877
623910
623944
624053
624062
624098
624120
624163
624190
624213
624290
624378
624532
624579
624632
624644
624678
624692
624693
624755
624830
624871
624905
624907
624927
625072
625265
625368
625391
625444
625460
625462
625537
625563
625696
625728
625779
625901
625974
626022
626048
626054
626102
626255
626271
626286
626309
626310
626345
626348
626364
626466
626501
626544
626562
626645
626653
626789
626804
626860
627101
627266
627275
627284
627379
627528
627583
627664
627761
627793
627806
627833
627868
627881
627966
627996
628015
628060
628113
628181
628198
628203
628283
628332
628524
628747
628836
628911
628914
628965
629004
629042
629083
629099
629119
629185
629332
629346
629543
629610
629627
629668
629734
629760
629800
629819
629864
629948
630058
630401
630427
630440
630492
630595
630604
630846
630848
630848
630860
631051
631135
631218
631231
631366
631382
631388
631452
631574
631797
631864
631918
631922
631941
632010
632050
632082
632486
632487
632637
632669
632870
632900
632940
632942
632971
633011
633066
633213
633216
633235
633237
633378
633418
633427
633468
633498
633529
633544
633567
633661
633748
633820
633945
634044
634062
634125
634180
634181
634197
634202
634328
634376
634467
634521
634625
634639
634730
634821
634828
634868
634892
634910
634985
635025
635112
635271
635319
635364
635367
635454
635463
635519
635555
635617
635818
635987
636098
636237
636289
636291
636292
636677
636710
636754
636756
636818
636859
637025
637068
637075
637125
637346
637388
637462
637485
637777
637799
637823
637840
637853
637902
638135
638345
638400
638524
638590
638720
638752
638812
638821
638850
638915
639044
639053
639178
639297
639375
639576
639590
639628
639638
639723
639778
639911
640034
640039
640147
640400
640473
640507
640509
640526
640531
640577
640621
640715
640879
640915
640932
641080
641126
641128
641206
641236
641261
641399
641454
641470
641536
641592
641611
641649
641867
641868
641955
641984
642165
642262
642289
642439
642477
642524
642572
642580
642616
642709
642790
642794
642927
642940
642954
643059
643238
643242
643329
643397
643466
643590
643617
643696
643789
643847
643868
643955
643992
644021
644081
644189
644193
644232
644256
644326
644352
644353
644392
644492
644498
644501
644543
644735
644771
644902
645041
645105
645110
645137
645169
645205
645212
645227
645315
645385
645857
645873
645900
645979
646034
646157
646170
646244
646316
646359
646440
646464
646563
646633
646640
646818
646922
647147
647307
647488
647525
647588
647623
647656
647764
647770
647879
647908
648031
648139
648158
648247
648261
648322
648368
648460
648493
648520
648749
648795
648814
648890
648908
648920
648930
648992
649078
649125
649178
649182
649252
649357
649400
649462
649501
649505
649621
649686
649729
649755
649848
649917
649928
650232
650309
650460
650521
650523
650661
650724
650729
650875
651018
651036
651058
651068
651081
651119
651130
651151
651163
651205
651214
651278
651395
651572
651643
651735
651782
651865
651877
651939
651979
652098
652132
652143
652411
652529
652567
652640
652717
652841
652995
653038
653130
653239
653282
653293
653329
653410
653425
653505
653512
653799
653826
653932
654048
654119
654192
654258
654271
654290
654310
654360
654529
654665
654691
654700
654804
654841
654845
654877
654914
654918
655063
655297
655315
655427
655455
655469
655477
655479
655623
655635
655723
655757
655828
655924
655970
655994
656131
656231
656248
656334
656391
656517
656635
656735
656747
656875
656947
656967
657040
657042
657227
657261
657325
657405
657431
657552
657674
657700
657767
657767
657966
658144
658218
658252
658296
658315
658315
658369
658423
658448
658550
658581
658628
658659
658684
658893
658918
658918
658992
659027
659048
659112
659123
659386
659651
659763
659879
660133
660281
660319
660493
660640
660704
660751
660849
660916
661002
661093
661104
661144
661149
661164
661351
661441
661467
661603
661787
661824
661846
661968
662002
662126
662166
662199
662227
662231
662257
662393
662457
662501
662530
662547
662579
662609
662628
662646
662667
662736
662738
663051
663202
663244
663255
663282
663353
663373
663388
663508
663660
663769
663815
663991
664050
664078
664140
664218
664243
664279
664289
664308
664359
664460
664591
664597
664872
664959
665053
665058
665167
665173
665177
665297
665341
665407
665421
665473
665506
665516
665521
665555
665710
665743
665751
665961
666028
666154
666185
666224
666302
666303
666305
666398
666545
666581
666741
666754
666802
666815
666837
666908
666938
667041
667084
667172
667205
667353
667366
667418
667420
667422
667569
667654
667712
667848
667856
667881
668090
668122
668136
668191
668288
668379
668567
668571
668604
668653
668671
668798
668812
669078
669117
669167
669211
669246
669321
669348
669359
669366
669418
669507
669511
669520
669525
669898
670119
670260
670396
670431
670434
670550
670634
670668
670721
670800
670867
670885
670911
670948
670972
671103
671240
671319
671380
671438
671452
671725
671757
671774
671782
671792
671806
671910
672032
672151
672151
672283
672333
672396
672452
672484
672502
672538
672547
672614
673009
673017
673242
673279
673324
673427
673541
673618
673691
673757
673972
674003
674100
674101
674146
674215
674247
674273
674667
674676
674717
674766
674789
674868
675071
675139
675310
675335
675354
675428
675461
675510
675515
675527
675559
675561
675670
675746
675782
675802
675805
675842
675933
676097
676143
676255
676320
676398
676532
676823
676890
676895
676905
676921
676934
677016
677250
677265
677314
677317
677415
677759
677762
677911
678113
678118
678148
678278
678329
678350
678374
678390
678540
678550
678639
678650
678777
678896
678929
679063
679095
679139
679259
679300
679423
679493
679541
679598
679688
679704
679776
679827
679861
679893
679936
679953
679980
680159
680183
680243
680293
680300
680361
680553
680624
680633
680778
680829
680904
680959
681327
681427
681505
681518
681587
681640
681802
681838
681854
681856
681868
681880
682022
682114
682126
682241
682271
682307
682433
682474
682712
682777
682787
682833
682836
682838
683008
683062
683086
683112
683277
683299
683502
683518
683568
683747
683778
683792
683862
683882
684023
684069
684198
684472
684507
684570
684914
684947
684996
685003
685143
685181
685203
685207
685214
685215
685264
685294
685493
685584
685661
685759
686059
686321
686459
686550
686641
686883
686893
686906
686989
687048
687154
687182
687368
687441
687527
687576
687631
687645
687750
687791
687800
687827
687877
687892
687919
688034
688039
688171
688321
688325
688366
688545
688704
688704
688706
688766
688809
688815
688909
688932
688951
689051
689063
689085
689200
689269
689322
689384
689386
689394
689486
689556
689861
689873
689882
689914
689917
690114
690119
690147
690152
690168
690192
690305
690310
690343
690529
690556
690636
690644
690683
690697
690786
690822
690925
690960
690965
691089
691166
691201
691305
691349
691407
691420
691443
691654
691674
691737
691801
691827
691944
691949
691975
692105
692107
692148
692235
692287
692330
692370
692387
692448
692449
692476
692484
692587
692716
692722
692790
692854
692895
693020
693031
693072
693077
693107
693174
693222
693239
693300
693309
693358
693391
693577
693612
693635
693655
693774
693774
693917
693935
694028
694046
694103
694108
694110
694231
694248
694252
694442
694480
694566
694573
694710
694730
694731
694801
694832
694928
695126
695132
695262
695277
695305
695349
695412
695449
695523
695731
696003
696032
696033
696204
696226
696267
696283
696284
696380
696598
696892
697033
697217
697529
697550
697628
697862
697975
698018
698045
698053
698170
698320
698331
698334
698471
698564
698568
698638
698680
698737
698756
698889
698898
698961
699006
699037
699140
699225
699281
699361
699409
699474
699527
699583
699621
699707
699784
699794
699885
700011
700024
700037
700052
700113
700197
700268
700285
700299
700437
700450
700453
700486
700664
700802
700818
700838
700929
701124
701175
701253
701653
701771
701810
701944
701950
702021
702028
702164
702248
702361
702370
702413
702484
702511
702604
702730
702739
702775
702793
702944
702961
703030
703056
703112
703278
703302
703427
703477
703566
703603
703724
703999
704005
704083
704093
704161
704269
704346
704474
704531
704617
704692
704748
704802
704809
704897
705062
705322
705341
705384
705509
705553
705600
705696
705718
705751
705966
706030
706158
706172
706181
706260
706299
706314
706363
706383
706420
706426
706596
706610
706658
706807
706823
706874
706914
706925
707128
707397
707471
707533
707655
707658
707779
707909
707950
707959
707967
707982
708026
708053
708080
708117
708119
708121
708232
708283
708318
708385
708464
708565
708872
708938
708965
709234
709285
709465
709547
709638
709661
709758
709901
709944
709966
709986
710062
710211
710276
710282
710370
710451
710570
710580
710631
710747
710801
710974
711000
711096
711116
711164
711294
711488
711532
711550
711580
711591
711642
711652
711673
711750
711807
711822
711842
711869
711962
712054
712109
712168
712208
712258
712297
712303
712320
712418
712474
712513
712537
712637
712638
712684
712793
712982
713124
713157
713179
713196
713220
713277
713305
713483
713495
713618
713810
713877
713899
713968
714047
714106
714206
714217
714289
714298
714454
714503
714536
714572
714583
714652
714678
714705
714760
714875
714973
714987
715085
715107
715151
715331
715373
715433
715775
715847
715997
716021
716065
716142
716186
716315
716447
716459
716488
716548
716565
716888
716912
716934
717086
717277
717280
717319
717348
717354
717782
717845
717864
717888
718147
718240
718414
718448
718537
718597
718603
718679
718739
718802
718813
718856
718964
719028
719046
719179
719182
719298
719361
719396
719454
719480
719511
719529
719589
719673
719821
719844
720025
720062
720243
720362
720381
720425
720553
720562
720580
720770
720823
720889
720959
721128
721139
721306
721345
721463
721621
721685
721797
721922
721979
722111
722132
722216
722278
722282
722303
722403
722449
722506
722518
722612
722671
722726
722766
722935
722962
723030
723061
723079
723153
723177
723334
723606
723638
723705
723729
723794
723853
723918
724069
724097
724140
724175
724184
724254
724307
724308
724317
724335
724381
724453
724478
724570
724628
724640
724735
724813
724994
725357
725371
725408
725481
725621
725643
725690
725718
725809
725810
725812
725898
725913
725921
726008
726142
726147
726191
726306
726335
726344
726353
726355
726456
726497
726586
726662
726668
726748
726859
726926
727006
727008
727065
727083
727169
727184
727225
727255
727287
727303
727433
727584
727672
727728
727749
727931
727988
728124
728125
728273
728299
728333
728385
728396
728567
728677
728723
728778
728852
728896
728934
728959
729030
729109
729122
729152
729152
729219
729243
729253
729366
729479
729528
729799
729888
729919
729951
729989
730067
730081
730085
730275
730334
730392
730506
730734
730796
730869
730907
730909
731012
731019
731030
731048
731106
731110
731144
731148
731261
731272
731541
731546
731618
731644
731681
731891
731920
731932
731941
731952
731999
732121
732218
732257
732279
732522
732583
732845
732935
733139
733178
733359
733400
733408
733463
733510
733578
733670
733682
733683
733719
733857
733953
733994
734014
734030
734069
734195
734219
734326
734441
734443
734575
734579
734614
734715
734716
734763
734788
734794
734832
734901
734902
735014
735111
735116
735190
735237
735245
735464
735678
735699
735700
735719
735803
735838
735879
735898
735960
736040
736195
736337
736350
736428
736507
736568
736613
736831
736845
736878
736883
736967
737004
737013
737028
737086
737244
737285
737462
737468
737543
737610
737650
737731
737749
737931
738200
738279
738537
738613
738637
738685
738712
738758
738766
738774
738923
738932
738990
739117
739123
739189
739215
739262
739316
739386
739462
739511
739522
739579
739619
739652
739757
739839
739888
739940
740051
740052
740062
740341
740343
740401
740521
740570
740574
740792
740839
741002
741118
741179
741180
741186
741214
741263
741484
741509
741582
741599
741611
741626
741702
741736
741797
742127
742134
742285
742294
742304
742383
742463
742521
742548
742550
742787
742815
742874
742984
743000
743101
743107
743356
743359
743378
743400
743453
743513
743641
743647
743829
743927
743941
743978
743991
744033
744112
744165
744180
744204
744299
744360
744377
744377
744379
744432
744434
744476
744482
744511
744551
744626
744707
744740
744874
744896
744990
745020
745068
745134
745155
745157
745164
745255
745356
745397
745415
745460
745497
745505
745561
745711
745725
745821
745838
745984
746001
746061
746100
746215
746308
746623
746641
746668
746709
746760
746795
746818
746899
746975
747069
747210
747349
747355
747543
747561
747584
747662
747691
747703
747711
747933
747939
747989
748154
748263
748304
748321
748363
748485
748533
748740
748792
748884
748983
749030
749044
749065
749082
749121
749210
749511
749597
749621
749723
749828
749981
750056
750058
750093
750199
750252
750252
750254
750357
750496
750528
750627
751016
751056
751067
751072
751076
751137
751210
751259
751348
751446
751535
751641
751658
751772
751794
751813
751918
751946
752010
752041
752192
752213
752267
752282
752300
752335
752344
752409
752577
752612
752669
752785
752869
752887
753020
753021
753040
753061
753096
753105
753176
753236
753271
753351
753408
753593
753685
753704
753790
753895
753913
754018
754034
754055
754116
754148
754424
754464
754466
754472
754596
754610
754702
754714
754750
754756
754771
754815
754838
754841
754853
754930
754943
754970
754971
754982
754997
755079
755111
755147
755176
755213
755322
755345
755352
755496
755564
755584
755634
755728
755743
755771
755837
755906
755920
756012
756103
756105
756124
756208
756210
756231
756289
756311
756459
756499
756542
756765
756852
756895
756900
756914
756924
756994
757094
757153
757208
757300
757361
757478
757712
757717
757717
757923
757956
757969
758109
758201
758369
758476
758505
758537
758602
758742
758949
759152
759190
759207
759257
759352
759360
759493
759558
759607
759650
759668
759706
759742
759754
759767
759832
759921
760245
760296
760354
760405
760659
760696
760697
760732
760809
760893
760898
761077
761139
761157
761171
761173
761226
761249
761318
761320
761325
761732
761819
761926
762086
762254
762508
762612
762656
762759
762810
762848
763032
763032
763092
763129
763158
763167
763217
763303
763310
763364
763769
763782
763803
763826
763946
763956
764054
764173
764288
764431
764485
764519
764791
765078
765264
765383
765613
765972
765985
766168
766173
766329
766458
766643
766751
766815
766817
766874
766970
767142
767171
767221
767265
767275
767295
767345
767400
767473
767537
767547
767633
767664
767778
767829
767842
767864
767931
767969
768176
768201
768230
768315
768403
768561
768566
768596
768609
768963
769139
769140
769211
769260
769284
769445
769473
769485
769486
769834
769942
770059
770109
770316
770341
770430
770437
770480
770642
770684
770696
770817
771027
771119
771152
771174
771270
771380
771410
771453
771493
771564
771880
771976
772101
772274
772281
772398
772441
772731
772740
772863
772887
772889
772985
772995
773038
773066
773173
773266
773324
773338
773404
773463
773494
773634
773684
773698
773758
773810
773815
773880
774187
774360
774434
774483
774637
774649
774725
774772
774867
774950
775038
775103
775122
775175
775229
775277
775409
775518
775636
775657
775901
775979
776097
776199
776382
776430
776434
776452
776473
776641
776690
776867
776894
777046
777095
777098
777150
777157
777167
777255
777334
777350
777415
777613
777778
777828
777839
777841
778038
778043
778077
778344
778372
778394
778444
778513
778693
778706
778754
778905
778940
778990
779145
779397
779709
779790
779827
779833
779846
779874
779911
779950
779967
780017
780043
780045
780073
780116
780192
780252
780320
780358
780376
780409
780480
780481
780484
780654
780666
780670
780684
780786
780803
780810
780827
780855
780963
780993
781078
781096
781124
781157
781160
781166
781177
781191
781220
781290
781404
781420
781461
781463
781484
781509
781527
781619
781624
781679
781761
781843
781867
781979
782072
782083
782254
782374
782391
782420
782430
782622
782637
782671
782850
782968
782978
783110
783129
783168
783273
783278
783357
783404
783521
783558
783613
783641
783795
783804
783844
783847
784009
784035
784051
784153
784269
784420
784426
784461
784493
784504
784535
784623
784728
784868
784939
784972
784998
785162
785245
785265
785291
785303
785330
785457
785463
785484
785486
785585
785796
785873
785875
785910
785919
786002
786181
786287
786388
786486
786547
786559
786608
786837
786890
786963
786985
787052
787150
787153
787345
787425
787440
787457
787474
787515
787760
787820
787851
787949
788148
788168
788219
788301
788579
788589
788638
788692
788877
788899
788906
788985
788997
789085
789167
789175
789365
789594
789605
789698
789749
789825
789909
789926
789953
790026
790112
790229
790352
790355
790389
790391
790434
790490
790516
790524
790618
790701
790734
790847
791070
791255
791352
791434
791435
791451
791495
791534
791557
791561
791651
791687
791697
791755
791786
791846
792045
792225
792343
792474
792532
792582
792851
792900
792916
792922
793088
793088
793228
793266
793267
793272
793308
793431
793516
793524
793629
793729
793772
793807
793920
794177
794391
794414
794455
794475
794604
794634
794668
794700
794715
794754
794782
794787
794853
794969
794993
795016
795054
795147
795254
795285
795349
795410
795434
795441
795458
795462
795502
795647
795663
795933
795954
796034
796051
796061
796148
796157
796162
796176
796340
796392
796455
796488
796548
796589
796609
796687
796762
796790
796804
796828
796862
796887
797077
797107
797109
797154
797223
797294
797390
797401
797474
797832
797922
797936
798126
798229
798229
798250
798251
798311
798440
798608
798619
798750
798752
798764
798769
798929
798934
798966
799116
799224
799481
799580
799582
799609
799653
799763
799793
799969
800007
800071
800123
800144
800259
800286
800293
800294
800323
800352
800517
800571
800757
800868
800934
801112
801130
801136
801176
801210
801272
801378
801471
801503
801615
801660
801724
801789
801795
801855
801869
801870
801878
802029
802070
802084
802099
802182
802195
802332
802339
802343
802371
802548
802568
802585
802602
802657
802670
802671
802752
802755
802756
802802
802846
802914
802928
802951
802994
802996
803049
803118
803194
803222
803367
803400
803497
803537
803551
803589
803601
803691
803712
803803
803847
803928
803952
803962
804011
804126
804228
804247
804268
804365
804400
804425
804451
804463
804492
804617
804626
804634
804652
804699
804807
804852
804940
804957
804981
805059
805237
805321
805352
805389
805415
805515
805516
805564
805684
805852
805853
805941
805942
805974
806186
806302
806313
806372
806468
806534
806551
806647
806764
806783
806800
806939
807266
807295
807477
807527
807573
807669
807696
807723
807776
807841
807927
807938
808032
808090
808112
808173
808189
808246
808360
808473
808607
808609
808649
808685
808739
808789
808908
808970
809012
809031
809103
809147
809165
809186
809209
809227
809280
809495
809515
809527
809597
809660
809762
809790
809821
809843
809878
809924
810074
810094
810125
810156
810165
810188
810324
810333
810401
810409
810515
810554
810690
810730
810751
810763
810784
810864
810927
811164
811170
811181
811300
811309
811413
811421
811424
811536
811562
811584
811602
811703
811744
811755
811780
811813
811879
811902
811917
811979
812064
812105
812137
812149
812207
812266
812281
812471
812502
812674
812717
812735
812735
812739
812853
812862
812888
812946
813206
813248
813295
813425
813447
813468
813521
813676
813724
813738
813836
813845
814001
814017
814084
814112
814113
814114
814189
814254
814354
814368
814489
814519
814553
814587
814629
814643
814727
814935
815011
815016
815087
815122
815177
815265
815266
815511
815513
815636
815709
815775
815824
815836
815889
815981
816000
816079
816092
816095
816098
816173
816349
816411
816603
816681
816733
816757
816833
816927
816956
816958
816974
816998
817010
817042
817134
817156
817190
817217
817279
817335
817392
817398
817441
817513
817573
817659
817705
817743
817782
817794
817875
817937
818147
818249
818289
818318
818318
818395
818409
818464
818491
818497
818570
818603
818610
818684
818689
818695
818750
818833
818909
818970
818993
819046
819097
819185
819187
819271
819314
819351
819351
819462
819500
819689
819824
819861
820205
820357
820364
820379
820447
820457
820475
820670
820925
820942
821290
821339
821443
821506
821558
821581
821586
821652
821761
821821
821854
821936
821957
822024
822066
822148
822206
822298
822407
822427
822569
822688
822711
822791
822820
822881
822924
822950
823180
823385
823421
823455
823493
823504
823628
823708
823723
823745
823828
823867
823906
824146
824158
824264
824288
824293
824328
824372
824464
824466
824591
824595
824599
824623
824744
824783
824882
824909
824976
824994
825084
825106
825173
825202
825213
825236
825266
825440
825449
825466
825600
825628
825722
825804
825850
825963
825983
826047
826050
826055
826115
826128
826178
826335
826467
826685
826733
826750
826825
826897
827080
827153
827176
827252
827338
827372
827416
827425
827527
827537
827568
827588
827589
827853
827870
827986
828065
828065
828161
828167
828211
828215
828227
828230
828246
828509
828556
828631
828660
828671
828731
828775
828776
828839
828894
828966
829047
829055
829228
829367
829477
829554
829570
829623
829746
829855
829871
829948
830066
830091
830169
830273
830290
830413
830551
830817
830821
830838
830839
830933
830941
830960
831075
831160
831270
831428
831480
831607
831640
831680
831690
832162
832177
832248
832360
832466
832481
832505
832530
832582
832588
832632
832677
832691
832743
832753
832763
832796
832841
832859
832994
833057
833150
833242
833283
833347
833377
833386
833609
833653
833660
833672
833676
833740
833787
833810
833941
833977
834116
834134
834451
834456
834482
834597
834686
834781
834847
834965
834967
835007
835113
835204
835317
835329
835330
835350
835409
835470
835498
835808
835859
836027
836029
836094
836159
836198
836221
836223
836277
836352
836466
836603
836676
836850
836968
836984
837136
837180
837255
837452
837649
837786
837859
837894
837936
837938
837996
838018
838358
838373
838485
838514
838561
838573
838624
838648
838659
838670
838734
838761
838872
838900
839027
839060
839178
839223
839315
839341
839346
839358
839592
839594
839597
839602
839722
839964
840218
840259
840414
840437
840508
840623
840636
840791
840878
840954
840989
841042
841103
841107
841285
841496
841582
841606
841636
841645
841716
841795
841806
841898
841926
841930
841959
841962
842054
842149
842157
842174
842175
842212
842223
842284
842294
842329
842424
842448
842475
842498
842504
842605
842632
842665
842738
842839
842847
843080
843144
843152
843157
843195
843285
843315
843321
843337
843634
843649
843772
843821
843834
844049
844143
844168
844261
844263
844294
844373
844423
844428
844465
844713
844793
844803
844818
844858
845259
845298
845395
845421
845528
845542
845553
845560
845587
845690
845760
845780
845783
845830
845896
845928
845943
845962
845997
846061
846105
846230
846240
846249
846430
846458
846574
846590
846660
846817
846951
846961
846996
847032
847146
847155
847227
847443
847818
847928
848003
848003
848119
848285
848310
848410
848612
848705
848780
848817
848825
848993
849006
849116
849149
849174
849194
849238
849353
849355
849656
849729
849750
849803
849803
849808
849977
850055
850068
850073
850159
850267
850401
850548
850551
850798
850810
850845
850925
850960
851020
851034
851069
851125
851242
851334
851350
851406
851530
851662
851772
851813
851828
851875
851923
852132
852211
852216
852232
852282
852283
852297
852381
852499
852867
852907
852996
853036
853038
853062
853190
853205
853272
853278
853308
853315
853348
853368
853429
853495
853527
853547
853561
853636
853644
853668
853671
853689
853893
853915
854065
854067
854114
854148
854173
854177
854210
854240
854362
854366
854414
854418
854490
854614
854649
854657
854672
854774
854846
854996
855105
855176
855326
855343
855382
855436
855578
855580
855668
855849
855868
855951
856046
856049
856297
856380
856405
856418
856439
856588
856806
856839
856842
856902
857052
857052
857058
857163
857178
857181
857184
857197
857240
857352
857452
857682
857692
857710
857884
857941
858011
858098
858172
858333
858340
858432
858443
858468
858498
858549
858758
858853
859022
859052
859120
859169
859257
859358
859441
859468
859585
859602
859675
859717
859743
859757
859766
859796
860028
860052
860206
860349
860356
860421
860874
860917
860923
860961
860993
861086
861108
861140
861249
861288
861306
861372
861488
861491
861501
861533
861566
861649
861723
861763
861798
861850
861936
861953
861955
862053
862113
862190
862277
862329
862330
862330
862375
862379
862411
862418
862458
862471
862490
862530
862548
862586
862642
862726
862736
862753
862918
862993
863303
863304
863355
863408
863791
863872
863910
863911
864093
864108
864238
864262
864341
864533
864615
864670
864838
864841
864891
864928
864959
864978
865073
865120
865177
865193
865332
865348
865370
865475
865492
865547
865593
865693
865764
865941
865995
866002
866007
866022
866037
866089
866218
866335
866388
866396
866423
866640
866753
866826
866930
866935
866985
867010
867033
867213
867299
867375
867378
867619
867651
867663
867682
867824
867901
867983
867985
868020
868021
868027
868072
868105
868201
868202
868218
868310
868386
868496
868504
868618
868635
868649
868659
868686
868776
868779
868940
868976
869047
869066
869217
869240
869334
869335
869342
869455
869591
869670
869671
869673
869694
869695
869821
869833
869924
869956
870070
870095
870110
870125
870227
870280
870410
870498
870613
870633
870664
870780
870911
871049
871110
871341
871469
871538
871692
871750
871843
871897
871940
871964
871979
872011
872057
872084
872356
872788
872837
872838
872884
873199
873204
873246
873259
873274
873314
873362
873373
873375
873389
873459
873473
873522
873620
873671
873815
874000
874032
874051
874222
874328
874433
874459
874575
874621
874633
874643
874647
874699
874787
874990
874996
875052
875107
875293
875312
875344
875400
875455
875499
875507
875574
875579
875708
875744
875814
875827
875890
875917
875944
875946
875951
875966
875967
875995
876078
876133
876351
876488
876519
876549
876593
876604
876604
876756
876888
876928
876937
876990
877001
877198
877379
877428
877482
877587
877715
877852
877929
877945
878298
878316
878345
878401
878421
878544
878626
878793
878812
878869
878995
879036
879167
879257
879271
879335
879341
879377
879393
879712
879941
880126
880240
880303
880605
880657
880717
880812
880828
880870
880950
880997
881052
881086
881127
881226
881307
881329
881397
881405
881462
881469
881503
881556
881557
881638
881682
881752
882021
882033
882161
882249
882381
882461
882554
882615
882653
882739
882868
882969
882985
882992
883076
883083
883185
883324
883344
883378
883402
883406
883505
883583
883591
883618
883720
883722
883759
883819
883844
883867
883893
883953
884052
884130
884130
884142
884160
884284
884447
884447
884478
884486
884489
884501
884557
884663
884770
884862
884917
885089
885114
885179
885358
885470
885496
885557
885582
885715
885790
885884
885891
885893
886010
886019
886176
886204
886242
886259
886353
886368
886548
886628
886768
886924
886991
887160
887187
887319
887459
887574
887645
887841
887851
887852
887912
887940
887960
887974
887989
888019
888019
888229
888245
888359
888369
888410
888411
888552
888572
888616
888631
888698
888711
888730
888753
888773
888819
888959
888961
888990
889024
889184
889188
889191
889290
889366
889376
889417
889658
889673
889754
889761
889838
889866
889898
889977
890162
890280
890323
890333
890337
890345
890508
890586
890586
890689
890697
890705
890752
890759
890981
891072
891125
891243
891264
891337
891458
891501
891592
891611
891829
891865
891916
892056
892171
892441
892461
892470
892519
892532
892589
892625
892653
892656
892673
892762
892796
892825
892863
892884
892892
892980
892999
893061
893146
893149
893347
893350
893533
893656
893685
893707
893721
893739
893747
893782
893795
893946
893965
893982
894143
894339
894408
894526
894585
894843
894940
894971
895101
895109
895428
895446
895499
895572
895577
895579
895596
895831
895957
895998
896006
896040
896062
896080
896082
896129
896215
896222
896236
896268
896510
896644
896845
896878
896934
896965
897085
897116
897269
897284
897326
897406
897440
897470
897471
897652
897666
897715
897780
898014
898055
898153
898169
898173
898200
898245
898249
898309
898321
898321
898401
898448
898466
898469
898545
898547
898595
898675
898695
898783
898886
898907
898959
899046
899118
899124
899132
899194
899311
899314
899341
899406
899668
899755
899786
899843
899980
900103
900245
900263
900351
900518
900539
900558
900616
900840
900858
900873
901023
901193
901204
901286
901490
901586
901666
901728
901843
901936
902316
902320
902390
902449
902593
902622
902796
902818
902888
902929
902978
902995
903046
903142
903221
903274
903304
903464
903524
903606
903771
903779
903919
904147
904168
904197
904223
904249
904376
904412
904414
904430
904470
904573
904674
904703
904962
905023
905030
905040
905096
905240
905281
905303
905333
905416
905498
905502
905618
905645
905766
905824
905895
905902
906133
906138
906161
906184
906201
906240
906329
906392
906545
906647
906653
906658
906663
906724
906827
907083
907108
907159
907205
907255
907418
907455
907483
907572
907672
907672
907809
907812
907873
907962
907999
908115
908166
908214
908235
908287
908430
908614
908673
908809
908824
908964
908991
909054
909100
909156
909314
909389
909493
909579
909768
909801
909826
910006
910111
910112
910173
910391
910441
910487
910493
910546
910592
910596
910599
910630
910658
910776
910794
910815
910819
910841
910878
910898
910979
911022
911310
911374
911379
911393
911400
911422
911500
911715
911781
911799
911833
911848
911922
911985
912098
912180
912275
912319
912530
912557
912692
912757
912810
912812
912890
913051
913066
913160
913264
913322
913418
913771
913810
913896
913911
913915
914064
914367
914404
914573
914834
914949
914980
915058
915073
915100
915334
915435
915453
915502
915576
915585
915649
915834
915849
915930
915968
916004
916039
916062
916092
916155
916185
916210
916274
916377
916606
916693
916724
916750
916751
916893
916943
917058
917061
917095
917221
917392
917419
917456
917498
917592
917611
917665
917918
918014
918026
918056
918063
918156
918226
918255
918271
918378
918396
918669
918672
918737
918849
918882
919016
919053
919099
919129
919222
919269
919367
919383
919405
919779
919795
919847
920009
920021
920088
920154
920339
920356
920473
920556
920649
920678
920727
920765
920798
920820
920829
920847
920920
921029
921160
921184
921204
921239
921257
921309
921362
921392
921467
921559
921589
921693
921710
921776
921823
921827
921833
921860
921878
921981
922200
922232
922454
922487
922529
922652
922732
922787
922798
922813
922851
922901
922975
923021
923050
923225
923228
923273
923323
923368
923384
923427
923444
923453
923493
923494
923599
923604
923671
923748
923831
923886
924044
924147
924193
924261
924333
924380
924443
924459
924460
924507
924515
924529
924551
924632
924751
924786
924884
924954
924976
925058
925131
925167
925180
925190
925199
925202
925242
925275
925305
925438
925441
925522
925805
925819
925885
925894
925960
925986
926144
926282
926303
926321
926352
926435
926508
926539
926575
926627
926633
926753
926800
926864
926875
926889
926902
926916
926947
927118
927141
927162
927328
927333
927403
927462
927629
927640
927684
927709
927732
927769
928199
928440
928477
928499
928535
928607
928641
928657
928816
928829
929017
929088
929113
929125
929128
929162
929173
929254
929370
929583
929727
929774
929842
929865
929879
929908
929950
929953
930029
930081
930186
930200
930301
930326
930391
930406
930451
930646
930793
930820
930897
931079
931111
931218
931253
931269
931291
931318
931335
931433
931433
931474
931513
931522
931580
931610
931630
931815
931941
932001
932030
932035
932074
932076
932346
932427
932570
932638
932732
932874
932913
933069
933198
933199
933206
933272
933279
933307
933380
933443
933563
933748
933765
933915
933946
933964
933990
934053
934085
934200
934260
934262
934340
934390
934449
934549
934598
934720
934735
934749
934892
934900
934943
935107
935443
935797
935815
935896
936005
936037
936177
936212
936221
936253
936331
936343
936385
936398
936432
936453
936465
936506
936616
936627
936651
936718
936731
936746
936801
936807
936836
936889
936970
936974
937131
937276
937398
937407
937529
937577
937610
937620
937620
937628
937662
937739
937836
937892
937930
937930
938022
938029
938046
938101
938130
938157
938205
938243
938443
938445
938498
938580
938616
938624
938635
938675
938695
938796
938921
939101
939149
939150
939178
939191
939276
939359
939365
939424
939451
939477
939482
939600
939614
939642
939728
939917
940002
940205
940216
940228
940427
940474
940489
940512
940587
940596
940768
940806
940875
940956
940964
940974
941285
941443
941526
941579
941581
941649
941678
941747
941840
941904
941922
941971
942010
942015
942068
942091
942091
942127
942158
942222
942252
942332
942412
942451
942500
942535
942570
942579
942661
942689
942701
942731
942743
942764
942790
942857
942896
942966
942977
943020
943081
943315
943338
943342
943378
943421
943512
943571
943604
943607
943746
943766
943867
943956
943973
944081
944184
944228
944328
944545
944582
944618
944632
944754
944827
944833
944898
944967
944985
944998
945072
945213
945284
945335
945411
945419
945426
945696
945858
945926
946086
946088
946296
946345
946348
946491
946504
946568
946818
946822
946822
946901
947111
947139
947145
947156
947255
947333
947343
947353
947359
947388
947424
947480
947491
947574
947602
947651
947718
947721
947734
947799
947966
947976
948013
948164
948181
948339
948644
948810
948901
949066
949100
949130
949320
949331
949356
949449
949481
949540
949608
949719
949725
949768
949785
949913
949961
949967
950018
950144
950148
950163
950212
950304
950633
950649
950673
950720
950881
950962
951052
951102
951145
951178
951290
951328
951352
951750
951806
951825
951969
951991
952009
952113
952130
952243
952254
952382
952385
952467
952528
952569
952727
952878
952883
953134
953388
953425
953524
953588
953602
953734
953765
953782
954069
954077
954177
954290
954398
954449
954732
954757
954766
954838
954843
955013
955014
955291
955483
955525
955672
955684
955691
955825
955888
955889
955972
956068
956199
956216
956412
956423
956451
956490
956493
956595
956598
956608
956675
956682
956787
956853
956919
956966
956986
957010
957056
957066
957184
957219
957314
957329
957376
957755
957808
957857
958214
958294
958418
958432
958441
958496
958630
958728
958763
958942
958979
958990
959007
959135
959184
959202
959235
959315
959369
959383
959412
959494
959533
959554
959568
959703
959725
959906
959910
959926
959938
960053
960053
960054
960099
960158
960190
960248
960263
960301
960316
960318
960394
960413
960419
960427
960433
960523
960631
960639
960674
960782
960792
961055
961076
961124
961141
961309
961507
961544
961575
961579
961587
961628
961706
961715
961793
961847
961925
961949
962013
962111
962159
962221
962247
962314
962344
962367
962545
962546
962591
962725
962739
962871
962907
962965
962970
963062
963112
963138
963227
963343
963344
963388
963453
963493
963941
964005
964031
964096
964108
964136
964211
964270
964278
964335
964349
964422
964530
964602
964610
964765
964793
964815
965015
965041
965091
965212
965220
965246
965280
965371
965400
965403
965476
965514
965520
965551
965567
965626
965837
965899
966048
966294
966404
966504
966601
966694
966736
966764
966893
966905
966929
966981
966998
967028
967084
967154
967170
967208
967227
967430
967443
967528
967551
967581
967588
967611
967629
967704
967751
967765
967772
967849
967987
968139
968167
968184
968209
968248
968306
968349
968389
968440
968445
968513
968624
968714
968730
968788
968861
968934
968998
969125
969201
969306
969463
969533
969552
969575
969613
969620
969632
969754
969803
969818
969909
969934
969976
969998
970146
970172
970286
970439
970441
970481
970561
970587
970638
970712
970720
970885
970896
971009
971035
971073
971084
971271
971339
971341
971392
971569
971606
971629
971668
971743
971869
972067
972079
972272
972314
972511
972691
972726
972732
972778
972796
972821
972823
972853
972905
972993
973027
973061
973071
973138
973151
973157
973240
973302
973321
973324
973434
973504
973564
973606
973640
973684
973712
973826
973887
973909
973912
973956
974018
974033
974035
974039
974055
974205
974278
974394
974433
974530
974547
974566
974612
974627
974632
974651
974684
974729
974730
974733
974768
974851
974853
975050
975141
975157
975174
975211
975248
975333
975336
975447
975497
975711
975756
975787
975926
975933
975980
976073
976119
976130
976130
976215
976264
976266
976322
976392
976486
976546
976655
976688
976692
976885
976978
977018
977078
977118
977205
977364
977369
977400
977414
977501
977514
977528
977573
977590
977597
977724
977774
977810
977823
977850
977981
977993
978240
978301
978316
978348
978361
978366
978366
978464
978546
978565
978576
978612
978686
978934
978952
978986
979012
979112
979136
979150
979318
979598
979621
979633
979682
979694
979731
979748
979796
979806
979827
979874
979909
979966
979976
979994
980097
980110
980120
980169
980181
980238
980424
980428
980814
980816
980917
981016
981056
981106
981150
981252
981293
981389
981395
981454
981476
981539
981550
981559
981701
981757
981761
981836
981974
981992
982050
982259
982436
982439
982454
982474
982643
982744
982813
982848
982903
982916
982938
982964
982988
983007
983018
983045
983109
983131
983301
983332
983333
983468
983556
983602
983657
983738
983814
983989
983993
984066
984069
984267
984302
984306
984488
984489
984519
984547
984567
984593
984657
984696
984711
984766
984776
984821
984889
984952
985040
985077
985114
985311
985392
985524
985543
985814
985863
985900
985935
986081
986140
986200
986207
986248
986320
986359
986377
986427
986549
986574
986575
986579
986634
986659
986705
986753
986767
986829
986840
986868
986935
986969
987059
987141
987160
987302
987373
987577
987707
987773
987828
987833
987862
987972
988017
988124
988281
988295
988302
988349
988371
988427
988495
988527
988564
988637
988783
988793
988798
988811
988835
989121
989196
989277
989292
989333
989421
989440
989572
989644
989652
989680
989711
989715
989736
989813
989851
989932
990208
990231
990296
990358
990386
990441
990490
990537
990698
990869
990934
990961
990983
991131
991211
991231
991327
991416
991456
991668
991679
991738
991916
991937
992097
992133
992136
992220
992221
992235
992265
992324
992373
992380
992645
992670
992697
992750
993048
993105
993155
993201
993254
993376
993487
993563
993596
993654
993812
993926
994095
994207
994277
994703
994779
994860
994873
994888
995014
995022
995043
995091
995210
995270
995274
995297
995375
995427
995486
995602
995605
995716
995803
995842
995966
995987
996031
996052
996200
996239
996329
996348
996434
996454
996477
996510
996588
996616
996635
996697
996710
996835
996865
997153
997247
997256
997261
997262
997266
997267
997267
997501
997521
997556
997557
997726
997733
997793
997956
998146
998277
998383
998405
998420
998444
998479
998613
998641
998659
998753
998836
998878
998969
999015
999029
999117
999294
999449
999488
999493
999537
999553
999558
999596
999618
999632
999635
999724
999923
999952
