999952
999923
999724
999635
999632
999618
999596
999558
999553
999537
999493
999488
999449
999294
999117
999029
999015
998969
998878
998836
998753
998659
998641
998613
998479
998444
998420
998405
998383
998277
998146
997956
997793
997733
997726
997557
997556
997521
997501
997267
997267
997266
997262
997261
997256
997247
997153
996865
996835
996710
996697
996635
996616
996588
996510
996477
996454
996434
996348
996329
996239
996200
996052
996031
995987
995966
995842
995803
995716
995605
995602
995486
995427
995375
995297
995274
995270
995210
995091
995043
995022
995014
994888
994873
994860
994779
994703
994277
994207
994095
993926
993812
993654
993596
993563
993487
993376
993254
993201
993155
993105
993048
992750
992697
992670
992645
992380
992373
992324
992265
992235
992221
992220
992136
992133
992097
991937
991916
991738
991679
991668
991456
991416
991327
991231
991211
991131
990983
990961
990934
990869
990698
990537
990490
990441
990386
990358
990296
990231
990208
989932
989851
989813
989736
989715
989711
989680
989652
989644
989572
989440
989421
989333
989292
989277
989196
989121
988835
988811
988798
988793
988783
988637
988564
988527
988495
988427
988371
988349
988302
988295
988281
988124
988017
987972
987862
987833
987828
987773
987707
987577
987373
987302
987160
987141
987059
986969
986935
986868
986840
986829
986767
986753
986705
986659
986634
986579
986575
986574
986549
986427
986377
986359
986320
986248
986207
986200
986140
986081
985935
985900
985863
985814
985543
985524
985392
985311
985114
985077
985040
984952
984889
984821
984776
984766
984711
984696
984657
984593
984567
984547
984519
984489
984488
984306
984302
984267
984069
984066
983993
983989
983814
983738
983657
983602
983556
983468
983333
983332
983301
983131
983109
983045
983018
983007
982988
982964
982938
982916
982903
982848
982813
982744
982643
982474
982454
982439
982436
982259
982050
981992
981974
981836
981761
981757
981701
981559
981550
981539
981476
981454
981395
981389
981293
981252
981150
981106
981056
981016
980917
980816
980814
980428
980424
980238
980181
980169
980120
980110
980097
979994
979976
979966
979909
979874
979827
979806
979796
979748
979731
979694
979682
979633
979621
979598
979318
979150
979136
979112
979012
978986
978952
978934
978686
978612
978576
978565
978546
978464
978366
978366
978361
978348
978316
978301
978240
977993
977981
977850
977823
977810
977774
977724
977597
977590
977573
977528
977514
977501
977414
977400
977369
977364
977205
977118
977078
977018
976978
976885
976692
976688
976655
976546
976486
976392
976322
976266
976264
976215
976130
976130
976119
976073
975980
975933
975926
975787
975756
975711
975497
975447
975336
975333
975248
975211
975174
975157
975141
975050
974853
974851
974768
974733
974730
974729
974684
974651
974632
974627
974612
974566
974547
974530
974433
974394
974278
974205
974055
974039
974035
974033
974018
973956
973912
973909
973887
973826
973712
973684
973640
973606
973564
973504
973434
973324
973321
973302
973240
973157
973151
973138
973071
973061
973027
972993
972905
972853
972823
972821
972796
972778
972732
972726
972691
972511
972314
972272
972079
972067
971869
971743
971668
971629
971606
971569
971392
971341
971339
971271
971084
971073
971035
971009
970896
970885
970720
970712
970638
970587
970561
970481
970441
970439
970286
970172
970146
969998
969976
969934
969909
969818
969803
969754
969632
969620
969613
969575
969552
969533
969463
969306
969201
969125
968998
968934
968861
968788
968730
968714
968624
968513
968445
968440
968389
968349
968306
968248
968209
968184
968167
968139
967987
967849
967772
967765
967751
967704
967629
967611
967588
967581
967551
967528
967443
967430
967227
967208
967170
967154
967084
967028
966998
966981
966929
966905
966893
966764
966736
966694
966601
966504
966404
966294
966048
965899
965837
965626
965567
965551
965520
965514
965476
965403
965400
965371
965280
965246
965220
965212
965091
965041
965015
964815
964793
964765
964610
964602
964530
964422
964349
964335
964278
964270
964211
964136
964108
964096
964031
964005
963941
963493
963453
963388
963344
963343
963227
963138
963112
963062
962970
962965
962907
962871
962739
962725
962591
962546
962545
962367
962344
962314
962247
962221
962159
962111
962013
961949
961925
961847
961793
961715
961706
961628
961587
961579
961575
961544
961507
961309
961141
961124
961076
961055
960792
960782
960674
960639
960631
960523
960433
960427
960419
960413
960394
960318
960316
960301
960263
960248
960190
960158
960099
960054
960053
960053
959938
959926
959910
959906
959725
959703
959568
959554
959533
959494
959412
959383
959369
959315
959235
959202
959184
959135
959007
958990
958979
958942
958763
958728
958630
958496
958441
958432
958418
958294
958214
957857
957808
957755
957376
957329
957314
957219
957184
957066
957056
957010
956986
956966
956919
956853
956787
956682
956675
956608
956598
956595
956493
956490
956451
956423
956412
956216
956199
956068
955972
955889
955888
955825
955691
955684
955672
955525
955483
955291
955014
955013
954843
954838
954766
954757
954732
954449
954398
954290
954177
954077
954069
953782
953765
953734
953602
953588
953524
953425
953388
953134
952883
952878
952727
952569
952528
952467
952385
952382
952254
952243
952130
952113
952009
951991
951969
951825
951806
951750
951352
951328
951290
951178
951145
951102
951052
950962
950881
950720
950673
950649
950633
950304
950212
950163
950148
950144
950018
949967
949961
949913
949785
949768
949725
949719
949608
949540
949481
949449
949356
949331
949320
949130
949100
949066
948901
948810
948644
948339
948181
948164
948013
947976
947966
947799
947734
947721
947718
947651
947602
947574
947491
947480
947424
947388
947359
947353
947343
947333
947255
947156
947145
947139
947111
946901
946822
946822
946818
946568
946504
946491
946348
946345
946296
946088
946086
945926
945858
945696
945426
945419
945411
945335
945284
945213
945072
944998
944985
944967
944898
944833
944827
944754
944632
944618
944582
944545
944328
944228
944184
944081
943973
943956
943867
943766
943746
943607
943604
943571
943512
943421
943378
943342
943338
943315
943081
943020
942977
942966
942896
942857
942790
942764
942743
942731
942701
942689
942661
942579
942570
942535
942500
942451
942412
942332
942252
942222
942158
942127
942091
942091
942068
942015
942010
941971
941922
941904
941840
941747
941678
941649
941581
941579
941526
941443
941285
940974
940964
940956
940875
940806
940768
940596
940587
940512
940489
940474
940427
940228
940216
940205
940002
939917
939728
939642
939614
939600
939482
939477
939451
939424
939365
939359
939276
939191
939178
939150
939149
939101
938921
938796
938695
938675
938635
938624
938616
938580
938498
938445
938443
938243
938205
938157
938130
938101
938046
938029
938022
937930
937930
937892
937836
937739
937662
937628
937620
937620
937610
937577
937529
937407
937398
937276
937131
936974
936970
936889
936836
936807
936801
936746
936731
936718
936651
936627
936616
936506
936465
936453
936432
936398
936385
936343
936331
936253
936221
936212
936177
936037
936005
935896
935815
935797
935443
935107
934943
934900
934892
934749
934735
934720
934598
934549
934449
934390
934340
934262
934260
934200
934085
934053
933990
933964
933946
933915
933765
933748
933563
933443
933380
933307
933279
933272
933206
933199
933198
933069
932913
932874
932732
932638
932570
932427
932346
932076
932074
932035
932030
932001
931941
931815
931630
931610
931580
931522
931513
931474
931433
931433
931335
931318
931291
931269
931253
931218
931111
931079
930897
930820
930793
930646
930451
930406
930391
930326
930301
930200
930186
930081
930029
929953
929950
929908
929879
929865
929842
929774
929727
929583
929370
929254
929173
929162
929128
929125
929113
929088
929017
928829
928816
928657
928641
928607
928535
928499
928477
928440
928199
927769
927732
927709
927684
927640
927629
927462
927403
927333
927328
927162
927141
927118
926947
926916
926902
926889
926875
926864
926800
926753
926633
926627
926575
926539
926508
926435
926352
926321
926303
926282
926144
925986
925960
925894
925885
925819
925805
925522
925441
925438
925305
925275
925242
925202
925199
925190
925180
925167
925131
925058
924976
924954
924884
924786
924751
924632
924551
924529
924515
924507
924460
924459
924443
924380
924333
924261
924193
924147
924044
923886
923831
923748
923671
923604
923599
923494
923493
923453
923444
923427
923384
923368
923323
923273
923228
923225
923050
923021
922975
922901
922851
922813
922798
922787
922732
922652
922529
922487
922454
922232
922200
921981
921878
921860
921833
921827
921823
921776
921710
921693
921589
921559
921467
921392
921362
921309
921257
921239
921204
921184
921160
921029
920920
920847
920829
920820
920798
920765
920727
920678
920649
920556
920473
920356
920339
920154
920088
920021
920009
919847
919795
919779
919405
919383
919367
919269
919222
919129
919099
919053
919016
918882
918849
918737
918672
918669
918396
918378
918271
918255
918226
918156
918063
918056
918026
918014
917918
917665
917611
917592
917498
917456
917419
917392
917221
917095
917061
917058
916943
916893
916751
916750
916724
916693
916606
916377
916274
916210
916185
916155
916092
916062
916039
916004
915968
915930
915849
915834
915649
915585
915576
915502
915453
915435
915334
915100
915073
915058
914980
914949
914834
914573
914404
914367
914064
913915
913911
913896
913810
913771
913418
913322
913264
913160
913066
913051
912890
912812
912810
912757
912692
912557
912530
912319
912275
912180
912098
911985
911922
911848
911833
911799
911781
911715
911500
911422
911400
911393
911379
911374
911310
911022
910979
910898
910878
910841
910819
910815
910794
910776
910658
910630
910599
910596
910592
910546
910493
910487
910441
910391
910173
910112
910111
910006
909826
909801
909768
909579
909493
909389
909314
909156
909100
909054
908991
908964
908824
908809
908673
908614
908430
908287
908235
908214
908166
908115
907999
907962
907873
907812
907809
907672
907672
907572
907483
907455
907418
907255
907205
907159
907108
907083
906827
906724
906663
906658
906653
906647
906545
906392
906329
906240
906201
906184
906161
906138
906133
905902
905895
905824
905766
905645
905618
905502
905498
905416
905333
905303
905281
905240
905096
905040
905030
905023
904962
904703
904674
904573
904470
904430
904414
904412
904376
904249
904223
904197
904168
904147
903919
903779
903771
903606
903524
903464
903304
903274
903221
903142
903046
902995
902978
902929
902888
902818
902796
902622
902593
902449
902390
902320
902316
901936
901843
901728
901666
901586
901490
901286
901204
901193
901023
900873
900858
900840
900616
900558
900539
900518
900351
900263
900245
900103
899980
899843
899786
899755
899668
899406
899341
899314
899311
899194
899132
899124
899118
899046
898959
898907
898886
898783
898695
898675
898595
898547
898545
898469
898466
898448
898401
898321
898321
898309
898249
898245
898200
898173
898169
898153
898055
898014
897780
897715
897666
897652
897471
897470
897440
897406
897326
897284
897269
897116
897085
896965
896934
896878
896845
896644
896510
896268
896236
896222
896215
896129
896082
896080
896062
896040
896006
895998
895957
895831
895596
895579
895577
895572
895499
895446
895428
895109
895101
894971
894940
894843
894585
894526
894408
894339
894143
893982
893965
893946
893795
893782
893747
893739
893721
893707
893685
893656
893533
893350
893347
893149
893146
893061
892999
892980
892892
892884
892863
892825
892796
892762
892673
892656
892653
892625
892589
892532
892519
892470
892461
892441
892171
892056
891916
891865
891829
891611
891592
891501
891458
891337
891264
891243
891125
891072
890981
890759
890752
890705
890697
890689
890586
890586
890508
890345
890337
890333
890323
890280
890162
889977
889898
889866
889838
889761
889754
889673
889658
889417
889376
889366
889290
889191
889188
889184
889024
888990
888961
888959
888819
888773
888753
888730
888711
888698
888631
888616
888572
888552
888411
888410
888369
888359
888245
888229
888019
888019
887989
887974
887960
887940
887912
887852
887851
887841
887645
887574
887459
887319
887187
887160
886991
886924
886768
886628
886548
886368
886353
886259
886242
886204
886176
886019
886010
885893
885891
885884
885790
885715
885582
885557
885496
885470
885358
885179
885114
885089
884917
884862
884770
884663
884557
884501
884489
884486
884478
884447
884447
884284
884160
884142
884130
884130
884052
883953
883893
883867
883844
883819
883759
883722
883720
883618
883591
883583
883505
883406
883402
883378
883344
883324
883185
883083
883076
882992
882985
882969
882868
882739
882653
882615
882554
882461
882381
882249
882161
882033
882021
881752
881682
881638
881557
881556
881503
881469
881462
881405
881397
881329
881307
881226
881127
881086
881052
880997
880950
880870
880828
880812
880717
880657
880605
880303
880240
880126
879941
879712
879393
879377
879341
879335
879271
879257
879167
879036
878995
878869
878812
878793
878626
878544
878421
878401
878345
878316
878298
877945
877929
877852
877715
877587
877482
877428
877379
877198
877001
876990
876937
876928
876888
876756
876604
876604
876593
876549
876519
876488
876351
876133
876078
875995
875967
875966
875951
875946
875944
875917
875890
875827
875814
875744
875708
875579
875574
875507
875499
875455
875400
875344
875312
875293
875107
875052
874996
874990
874787
874699
874647
874643
874633
874621
874575
874459
874433
874328
874222
874051
874032
874000
873815
873671
873620
873522
873473
873459
873389
873375
873373
873362
873314
873274
873259
873246
873204
873199
872884
872838
872837
872788
872356
872084
872057
872011
871979
871964
871940
871897
871843
871750
871692
871538
871469
871341
871110
871049
870911
870780
870664
870633
870613
870498
870410
870280
870227
870125
870110
870095
870070
869956
869924
869833
869821
869695
869694
869673
869671
869670
869591
869455
869342
869335
869334
869240
869217
869066
869047
868976
868940
868779
868776
868686
868659
868649
868635
868618
868504
868496
868386
868310
868218
868202
868201
868105
868072
868027
868021
868020
867985
867983
867901
867824
867682
867663
867651
867619
867378
867375
867299
867213
867033
867010
866985
866935
866930
866826
866753
866640
866423
866396
866388
866335
866218
866089
866037
866022
866007
866002
865995
865941
865764
865693
865593
865547
865492
865475
865370
865348
865332
865193
865177
865120
865073
864978
864959
864928
864891
864841
864838
864670
864615
864533
864341
864262
864238
864108
864093
863911
863910
863872
863791
863408
863355
863304
863303
862993
862918
862753
862736
862726
862642
862586
862548
862530
862490
862471
862458
862418
862411
862379
862375
862330
862330
862329
862277
862190
862113
862053
861955
861953
861936
861850
861798
861763
861723
861649
861566
861533
861501
861491
861488
861372
861306
861288
861249
861140
861108
861086
860993
860961
860923
860917
860874
860421
860356
860349
860206
860052
860028
859796
859766
859757
859743
859717
859675
859602
859585
859468
859441
859358
859257
859169
859120
859052
859022
858853
858758
858549
858498
858468
858443
858432
858340
858333
858172
858098
858011
857941
857884
857710
857692
857682
857452
857352
857240
857197
857184
857181
857178
857163
857058
857052
857052
856902
856842
856839
856806
856588
856439
856418
856405
856380
856297
856049
856046
855951
855868
855849
855668
855580
855578
855436
855382
855343
855326
855176
855105
854996
854846
854774
854672
854657
854649
854614
854490
854418
854414
854366
854362
854240
854210
854177
854173
854148
854114
854067
854065
853915
853893
853689
853671
853668
853644
853636
853561
853547
853527
853495
853429
853368
853348
853315
853308
853278
853272
853205
853190
853062
853038
853036
852996
852907
852867
852499
852381
852297
852283
852282
852232
852216
852211
852132
851923
851875
851828
851813
851772
851662
851530
851406
851350
851334
851242
851125
851069
851034
851020
850960
850925
850845
850810
850798
850551
850548
850401
850267
850159
850073
850068
850055
849977
849808
849803
849803
849750
849729
849656
849355
849353
849238
849194
849174
849149
849116
849006
848993
848825
848817
848780
848705
848612
848410
848310
848285
848119
848003
848003
847928
847818
847443
847227
847155
847146
847032
846996
846961
846951
846817
846660
846590
846574
846458
846430
846249
846240
846230
846105
846061
845997
845962
845943
845928
845896
845830
845783
845780
845760
845690
845587
845560
845553
845542
845528
845421
845395
845298
845259
844858
844818
844803
844793
844713
844465
844428
844423
844373
844294
844263
844261
844168
844143
844049
843834
843821
843772
843649
843634
843337
843321
843315
843285
843195
843157
843152
843144
843080
842847
842839
842738
842665
842632
842605
842504
842498
842475
842448
842424
842329
842294
842284
842223
842212
842175
842174
842157
842149
842054
841962
841959
841930
841926
841898
841806
841795
841716
841645
841636
841606
841582
841496
841285
841107
841103
841042
840989
840954
840878
840791
840636
840623
840508
840437
840414
840259
840218
839964
839722
839602
839597
839594
839592
839358
839346
839341
839315
839223
839178
839060
839027
838900
838872
838761
838734
838670
838659
838648
838624
838573
838561
838514
838485
838373
838358
838018
837996
837938
837936
837894
837859
837786
837649
837452
837255
837180
837136
836984
836968
836850
836676
836603
836466
836352
836277
836223
836221
836198
836159
836094
836029
836027
835859
835808
835498
835470
835409
835350
835330
835329
835317
835204
835113
835007
834967
834965
834847
834781
834686
834597
834482
834456
834451
834134
834116
833977
833941
833810
833787
833740
833676
833672
833660
833653
833609
833386
833377
833347
833283
833242
833150
833057
832994
832859
832841
832796
832763
832753
832743
832691
832677
832632
832588
832582
832530
832505
832481
832466
832360
832248
832177
832162
831690
831680
831640
831607
831480
831428
831270
831160
831075
830960
830941
830933
830839
830838
830821
830817
830551
830413
830290
830273
830169
830091
830066
829948
829871
829855
829746
829623
829570
829554
829477
829367
829228
829055
829047
828966
828894
828839
828776
828775
828731
828671
828660
828631
828556
828509
828246
828230
828227
828215
828211
828167
828161
828065
828065
827986
827870
827853
827589
827588
827568
827537
827527
827425
827416
827372
827338
827252
827176
827153
827080
826897
826825
826750
826733
826685
826467
826335
826178
826128
826115
826055
826050
826047
825983
825963
825850
825804
825722
825628
825600
825466
825449
825440
825266
825236
825213
825202
825173
825106
825084
824994
824976
824909
824882
824783
824744
824623
824599
824595
824591
824466
824464
824372
824328
824293
824288
824264
824158
824146
823906
823867
823828
823745
823723
823708
823628
823504
823493
823455
823421
823385
823180
822950
822924
822881
822820
822791
822711
822688
822569
822427
822407
822298
822206
822148
822066
822024
821957
821936
821854
821821
821761
821652
821586
821581
821558
821506
821443
821339
821290
820942
820925
820670
820475
820457
820447
820379
820364
820357
820205
819861
819824
819689
819500
819462
819351
819351
819314
819271
819187
819185
819097
819046
818993
818970
818909
818833
818750
818695
818689
818684
818610
818603
818570
818497
818491
818464
818409
818395
818318
818318
818289
818249
818147
817937
817875
817794
817782
817743
817705
817659
817573
817513
817441
817398
817392
817335
817279
817217
817190
817156
817134
817042
817010
816998
816974
816958
816956
816927
816833
816757
816733
816681
816603
816411
816349
816173
816098
816095
816092
816079
816000
815981
815889
815836
815824
815775
815709
815636
815513
815511
815266
815265
815177
815122
815087
815016
815011
814935
814727
814643
814629
814587
814553
814519
814489
814368
814354
814254
814189
814114
814113
814112
814084
814017
814001
813845
813836
813738
813724
813676
813521
813468
813447
813425
813295
813248
813206
812946
812888
812862
812853
812739
812735
812735
812717
812674
812502
812471
812281
812266
812207
812149
812137
812105
812064
811979
811917
811902
811879
811813
811780
811755
811744
811703
811602
811584
811562
811536
811424
811421
811413
811309
811300
811181
811170
811164
810927
810864
810784
810763
810751
810730
810690
810554
810515
810409
810401
810333
810324
810188
810165
810156
810125
810094
810074
809924
809878
809843
809821
809790
809762
809660
809597
809527
809515
809495
809280
809227
809209
809186
809165
809147
809103
809031
809012
808970
808908
808789
808739
808685
808649
808609
808607
808473
808360
808246
808189
808173
808112
808090
808032
807938
807927
807841
807776
807723
807696
807669
807573
807527
807477
807295
807266
806939
806800
806783
806764
806647
806551
806534
806468
806372
806313
806302
806186
805974
805942
805941
805853
805852
805684
805564
805516
805515
805415
805389
805352
805321
805237
805059
804981
804957
804940
804852
804807
804699
804652
804634
804626
804617
804492
804463
804451
804425
804400
804365
804268
804247
804228
804126
804011
803962
803952
803928
803847
803803
803712
803691
803601
803589
803551
803537
803497
803400
803367
803222
803194
803118
803049
802996
802994
802951
802928
802914
802846
802802
802756
802755
802752
802671
802670
802657
802602
802585
802568
802548
802371
802343
802339
802332
802195
802182
802099
802084
802070
802029
801878
801870
801869
801855
801795
801789
801724
801660
801615
801503
801471
801378
801272
801210
801176
801136
801130
801112
800934
800868
800757
800571
800517
800352
800323
800294
800293
800286
800259
800144
800123
800071
800007
799969
799793
799763
799653
799609
799582
799580
799481
799224
799116
798966
798934
798929
798769
798764
798752
798750
798619
798608
798440
798311
798251
798250
798229
798229
798126
797936
797922
797832
797474
797401
797390
797294
797223
797154
797109
797107
797077
796887
796862
796828
796804
796790
796762
796687
796609
796589
796548
796488
796455
796392
796340
796176
796162
796157
796148
796061
796051
796034
795954
795933
795663
795647
795502
795462
795458
795441
795434
795410
795349
795285
795254
795147
795054
795016
794993
794969
794853
794787
794782
794754
794715
794700
794668
794634
794604
794475
794455
794414
794391
794177
793920
793807
793772
793729
793629
793524
793516
793431
793308
793272
793267
793266
793228
793088
793088
792922
792916
792900
792851
792582
792532
792474
792343
792225
792045
791846
791786
791755
791697
791687
791651
791561
791557
791534
791495
791451
791435
791434
791352
791255
791070
790847
790734
790701
790618
790524
790516
790490
790434
790391
790389
790355
790352
790229
790112
790026
789953
789926
789909
789825
789749
789698
789605
789594
789365
789175
789167
789085
788997
788985
788906
788899
788877
788692
788638
788589
788579
788301
788219
788168
788148
787949
787851
787820
787760
787515
787474
787457
787440
787425
787345
787153
787150
787052
786985
786963
786890
786837
786608
786559
786547
786486
786388
786287
786181
786002
785919
785910
785875
785873
785796
785585
785486
785484
785463
785457
785330
785303
785291
785265
785245
785162
784998
784972
784939
784868
784728
784623
784535
784504
784493
784461
784426
784420
784269
784153
784051
784035
784009
783847
783844
783804
783795
783641
783613
783558
783521
783404
783357
783278
783273
783168
783129
783110
782978
782968
782850
782671
782637
782622
782430
782420
782391
782374
782254
782083
782072
781979
781867
781843
781761
781679
781624
781619
781527
781509
781484
781463
781461
781420
781404
781290
781220
781191
781177
781166
781160
781157
781124
781096
781078
780993
780963
780855
780827
780810
780803
780786
780684
780670
780666
780654
780484
780481
780480
780409
780376
780358
780320
780252
780192
780116
780073
780045
780043
780017
779967
779950
779911
779874
779846
779833
779827
779790
779709
779397
779145
778990
778940
778905
778754
778706
778693
778513
778444
778394
778372
778344
778077
778043
778038
777841
777839
777828
777778
777613
777415
777350
777334
777255
777167
777157
777150
777098
777095
777046
776894
776867
776690
776641
776473
776452
776434
776430
776382
776199
776097
775979
775901
775657
775636
775518
775409
775277
775229
775175
775122
775103
775038
774950
774867
774772
774725
774649
774637
774483
774434
774360
774187
773880
773815
773810
773758
773698
773684
773634
773494
773463
773404
773338
773324
773266
773173
773066
773038
772995
772985
772889
772887
772863
772740
772731
772441
772398
772281
772274
772101
771976
771880
771564
771493
771453
771410
771380
771270
771174
771152
771119
771027
770817
770696
770684
770642
770480
770437
770430
770341
770316
770109
770059
769942
769834
769486
769485
769473
769445
769284
769260
769211
769140
769139
768963
768609
768596
768566
768561
768403
768315
768230
768201
768176
767969
767931
767864
767842
767829
767778
767664
767633
767547
767537
767473
767400
767345
767295
767275
767265
767221
767171
767142
766970
766874
766817
766815
766751
766643
766458
766329
766173
766168
765985
765972
765613
765383
765264
765078
764791
764519
764485
764431
764288
764173
764054
763956
763946
763826
763803
763782
763769
763364
763310
763303
763217
763167
763158
763129
763092
763032
763032
762848
762810
762759
762656
762612
762508
762254
762086
761926
761819
761732
761325
761320
761318
761249
761226
761173
761171
761157
761139
761077
760898
760893
760809
760732
760697
760696
760659
760405
760354
760296
760245
759921
759832
759767
759754
759742
759706
759668
759650
759607
759558
759493
759360
759352
759257
759207
759190
759152
758949
758742
758602
758537
758505
758476
758369
758201
758109
757969
757956
757923
757717
757717
757712
757478
757361
757300
757208
757153
757094
756994
756924
756914
756900
756895
756852
756765
756542
756499
756459
756311
756289
756231
756210
756208
756124
756105
756103
756012
755920
755906
755837
755771
755743
755728
755634
755584
755564
755496
755352
755345
755322
755213
755176
755147
755111
755079
754997
754982
754971
754970
754943
754930
754853
754841
754838
754815
754771
754756
754750
754714
754702
754610
754596
754472
754466
754464
754424
754148
754116
754055
754034
754018
753913
753895
753790
753704
753685
753593
753408
753351
753271
753236
753176
753105
753096
753061
753040
753021
753020
752887
752869
752785
752669
752612
752577
752409
752344
752335
752300
752282
752267
752213
752192
752041
752010
751946
751918
751813
751794
751772
751658
751641
751535
751446
751348
751259
751210
751137
751076
751072
751067
751056
751016
750627
750528
750496
750357
750254
750252
750252
750199
750093
750058
750056
749981
749828
749723
749621
749597
749511
749210
749121
749082
749065
749044
749030
748983
748884
748792
748740
748533
748485
748363
748321
748304
748263
748154
747989
747939
747933
747711
747703
747691
747662
747584
747561
747543
747355
747349
747210
747069
746975
746899
746818
746795
746760
746709
746668
746641
746623
746308
746215
746100
746061
746001
745984
745838
745821
745725
745711
745561
745505
745497
745460
745415
745397
745356
745255
745164
745157
745155
745134
745068
745020
744990
744896
744874
744740
744707
744626
744551
744511
744482
744476
744434
744432
744379
744377
744377
744360
744299
744204
744180
744165
744112
744033
743991
743978
743941
743927
743829
743647
743641
743513
743453
743400
743378
743359
743356
743107
743101
743000
742984
742874
742815
742787
742550
742548
742521
742463
742383
742304
742294
742285
742134
742127
741797
741736
741702
741626
741611
741599
741582
741509
741484
741263
741214
741186
741180
741179
741118
741002
740839
740792
740574
740570
740521
740401
740343
740341
740062
740052
740051
739940
739888
739839
739757
739652
739619
739579
739522
739511
739462
739386
739316
739262
739215
739189
739123
739117
738990
738932
738923
738774
738766
738758
738712
738685
738637
738613
738537
738279
738200
737931
737749
737731
737650
737610
737543
737468
737462
737285
737244
737086
737028
737013
737004
736967
736883
736878
736845
736831
736613
736568
736507
736428
736350
736337
736195
736040
735960
735898
735879
735838
735803
735719
735700
735699
735678
735464
735245
735237
735190
735116
735111
735014
734902
734901
734832
734794
734788
734763
734716
734715
734614
734579
734575
734443
734441
734326
734219
734195
734069
734030
734014
733994
733953
733857
733719
733683
733682
733670
733578
733510
733463
733408
733400
733359
733178
733139
732935
732845
732583
732522
732279
732257
732218
732121
731999
731952
731941
731932
731920
731891
731681
731644
731618
731546
731541
731272
731261
731148
731144
731110
731106
731048
731030
731019
731012
730909
730907
730869
730796
730734
730506
730392
730334
730275
730085
730081
730067
729989
729951
729919
729888
729799
729528
729479
729366
729253
729243
729219
729152
729152
729122
729109
729030
728959
728934
728896
728852
728778
728723
728677
728567
728396
728385
728333
728299
728273
728125
728124
727988
727931
727749
727728
727672
727584
727433
727303
727287
727255
727225
727184
727169
727083
727065
727008
727006
726926
726859
726748
726668
726662
726586
726497
726456
726355
726353
726344
726335
726306
726191
726147
726142
726008
725921
725913
725898
725812
725810
725809
725718
725690
725643
725621
725481
725408
725371
725357
724994
724813
724735
724640
724628
724570
724478
724453
724381
724335
724317
724308
724307
724254
724184
724175
724140
724097
724069
723918
723853
723794
723729
723705
723638
723606
723334
723177
723153
723079
723061
723030
722962
722935
722766
722726
722671
722612
722518
722506
722449
722403
722303
722282
722278
722216
722132
722111
721979
721922
721797
721685
721621
721463
721345
721306
721139
721128
720959
720889
720823
720770
720580
720562
720553
720425
720381
720362
720243
720062
720025
719844
719821
719673
719589
719529
719511
719480
719454
719396
719361
719298
719182
719179
719046
719028
718964
718856
718813
718802
718739
718679
718603
718597
718537
718448
718414
718240
718147
717888
717864
717845
717782
717354
717348
717319
717280
717277
717086
716934
716912
716888
716565
716548
716488
716459
716447
716315
716186
716142
716065
716021
715997
715847
715775
715433
715373
715331
715151
715107
715085
714987
714973
714875
714760
714705
714678
714652
714583
714572
714536
714503
714454
714298
714289
714217
714206
714106
714047
713968
713899
713877
713810
713618
713495
713483
713305
713277
713220
713196
713179
713157
713124
712982
712793
712684
712638
712637
712537
712513
712474
712418
712320
712303
712297
712258
712208
712168
712109
712054
711962
711869
711842
711822
711807
711750
711673
711652
711642
711591
711580
711550
711532
711488
711294
711164
711116
711096
711000
710974
710801
710747
710631
710580
710570
710451
710370
710282
710276
710211
710062
709986
709966
709944
709901
709758
709661
709638
709547
709465
709285
709234
708965
708938
708872
708565
708464
708385
708318
708283
708232
708121
708119
708117
708080
708053
708026
707982
707967
707959
707950
707909
707779
707658
707655
707533
707471
707397
707128
706925
706914
706874
706823
706807
706658
706610
706596
706426
706420
706383
706363
706314
706299
706260
706181
706172
706158
706030
705966
705751
705718
705696
705600
705553
705509
705384
705341
705322
705062
704897
704809
704802
704748
704692
704617
704531
704474
704346
704269
704161
704093
704083
704005
703999
703724
703603
703566
703477
703427
703302
703278
703112
703056
703030
702961
702944
702793
702775
702739
702730
702604
702511
702484
702413
702370
702361
702248
702164
702028
702021
701950
701944
701810
701771
701653
701253
701175
701124
700929
700838
700818
700802
700664
700486
700453
700450
700437
700299
700285
700268
700197
700113
700052
700037
700024
700011
699885
699794
699784
699707
699621
699583
699527
699474
699409
699361
699281
699225
699140
699037
699006
698961
698898
698889
698756
698737
698680
698638
698568
698564
698471
698334
698331
698320
698170
698053
698045
698018
697975
697862
697628
697550
697529
697217
697033
696892
696598
696380
696284
696283
696267
696226
696204
696033
696032
696003
695731
695523
695449
695412
695349
695305
695277
695262
695132
695126
694928
694832
694801
694731
694730
694710
694573
694566
694480
694442
694252
694248
694231
694110
694108
694103
694046
694028
693935
693917
693774
693774
693655
693635
693612
693577
693391
693358
693309
693300
693239
693222
693174
693107
693077
693072
693031
693020
692895
692854
692790
692722
692716
692587
692484
692476
692449
692448
692387
692370
692330
692287
692235
692148
692107
692105
691975
691949
691944
691827
691801
691737
691674
691654
691443
691420
691407
691349
691305
691201
691166
691089
690965
690960
690925
690822
690786
690697
690683
690644
690636
690556
690529
690343
690310
690305
690192
690168
690152
690147
690119
690114
689917
689914
689882
689873
689861
689556
689486
689394
689386
689384
689322
689269
689200
689085
689063
689051
688951
688932
688909
688815
688809
688766
688706
688704
688704
688545
688366
688325
688321
688171
688039
688034
687919
687892
687877
687827
687800
687791
687750
687645
687631
687576
687527
687441
687368
687182
687154
687048
686989
686906
686893
686883
686641
686550
686459
686321
686059
685759
685661
685584
685493
685294
685264
685215
685214
685207
685203
685181
685143
685003
684996
684947
684914
684570
684507
684472
684198
684069
684023
683882
683862
683792
683778
683747
683568
683518
683502
683299
683277
683112
683086
683062
683008
682838
682836
682833
682787
682777
682712
682474
682433
682307
682271
682241
682126
682114
682022
681880
681868
681856
681854
681838
681802
681640
681587
681518
681505
681427
681327
680959
680904
680829
680778
680633
680624
680553
680361
680300
680293
680243
680183
680159
679980
679953
679936
679893
679861
679827
679776
679704
679688
679598
679541
679493
679423
679300
679259
679139
679095
679063
678929
678896
678777
678650
678639
678550
678540
678390
678374
678350
678329
678278
678148
678118
678113
677911
677762
677759
677415
677317
677314
677265
677250
677016
676934
676921
676905
676895
676890
676823
676532
676398
676320
676255
676143
676097
675933
675842
675805
675802
675782
675746
675670
675561
675559
675527
675515
675510
675461
675428
675354
675335
675310
675139
675071
674868
674789
674766
674717
674676
674667
674273
674247
674215
674146
674101
674100
674003
673972
673757
673691
673618
673541
673427
673324
673279
673242
673017
673009
672614
672547
672538
672502
672484
672452
672396
672333
672283
672151
672151
672032
671910
671806
671792
671782
671774
671757
671725
671452
671438
671380
671319
671240
671103
670972
670948
670911
670885
670867
670800
670721
670668
670634
670550
670434
670431
670396
670260
670119
669898
669525
669520
669511
669507
669418
669366
669359
669348
669321
669246
669211
669167
669117
669078
668812
668798
668671
668653
668604
668571
668567
668379
668288
668191
668136
668122
668090
667881
667856
667848
667712
667654
667569
667422
667420
667418
667366
667353
667205
667172
667084
667041
666938
666908
666837
666815
666802
666754
666741
666581
666545
666398
666305
666303
666302
666224
666185
666154
666028
665961
665751
665743
665710
665555
665521
665516
665506
665473
665421
665407
665341
665297
665177
665173
665167
665058
665053
664959
664872
664597
664591
664460
664359
664308
664289
664279
664243
664218
664140
664078
664050
663991
663815
663769
663660
663508
663388
663373
663353
663282
663255
663244
663202
663051
662738
662736
662667
662646
662628
662609
662579
662547
662530
662501
662457
662393
662257
662231
662227
662199
662166
662126
662002
661968
661846
661824
661787
661603
661467
661441
661351
661164
661149
661144
661104
661093
661002
660916
660849
660751
660704
660640
660493
660319
660281
660133
659879
659763
659651
659386
659123
659112
659048
659027
658992
658918
658918
658893
658684
658659
658628
658581
658550
658448
658423
658369
658315
658315
658296
658252
658218
658144
657966
657767
657767
657700
657674
657552
657431
657405
657325
657261
657227
657042
657040
656967
656947
656875
656747
656735
656635
656517
656391
656334
656248
656231
656131
655994
655970
655924
655828
655757
655723
655635
655623
655479
655477
655469
655455
655427
655315
655297
655063
654918
654914
654877
654845
654841
654804
654700
654691
654665
654529
654360
654310
654290
654271
654258
654192
654119
654048
653932
653826
653799
653512
653505
653425
653410
653329
653293
653282
653239
653130
653038
652995
652841
652717
652640
652567
652529
652411
652143
652132
652098
651979
651939
651877
651865
651782
651735
651643
651572
651395
651278
651214
651205
651163
651151
651130
651119
651081
651068
651058
651036
651018
650875
650729
650724
650661
650523
650521
650460
650309
650232
649928
649917
649848
649755
649729
649686
649621
649505
649501
649462
649400
649357
649252
649182
649178
649125
649078
648992
648930
648920
648908
648890
648814
648795
648749
648520
648493
648460
648368
648322
648261
648247
648158
648139
648031
647908
647879
647770
647764
647656
647623
647588
647525
647488
647307
647147
646922
646818
646640
646633
646563
646464
646440
646359
646316
646244
646170
646157
646034
645979
645900
645873
645857
645385
645315
645227
645212
645205
645169
645137
645110
645105
645041
644902
644771
644735
644543
644501
644498
644492
644392
644353
644352
644326
644256
644232
644193
644189
644081
644021
643992
643955
643868
643847
643789
643696
643617
643590
643466
643397
643329
643242
643238
643059
642954
642940
642927
642794
642790
642709
642616
642580
642572
642524
642477
642439
642289
642262
642165
641984
641955
641868
641867
641649
641611
641592
641536
641470
641454
641399
641261
641236
641206
641128
641126
641080
640932
640915
640879
640715
640621
640577
640531
640526
640509
640507
640473
640400
640147
640039
640034
639911
639778
639723
639638
639628
639590
639576
639375
639297
639178
639053
639044
638915
638850
638821
638812
638752
638720
638590
638524
638400
638345
638135
637902
637853
637840
637823
637799
637777
637485
637462
637388
637346
637125
637075
637068
637025
636859
636818
636756
636754
636710
636677
636292
636291
636289
636237
636098
635987
635818
635617
635555
635519
635463
635454
635367
635364
635319
635271
635112
635025
634985
634910
634892
634868
634828
634821
634730
634639
634625
634521
634467
634376
634328
634202
634197
634181
634180
634125
634062
634044
633945
633820
633748
633661
633567
633544
633529
633498
633468
633427
633418
633378
633237
633235
633216
633213
633066
633011
632971
632942
632940
632900
632870
632669
632637
632487
632486
632082
632050
632010
631941
631922
631918
631864
631797
631574
631452
631388
631382
631366
631231
631218
631135
631051
630860
630848
630848
630846
630604
630595
630492
630440
630427
630401
630058
629948
629864
629819
629800
629760
629734
629668
629627
629610
629543
629346
629332
629185
629119
629099
629083
629042
629004
628965
628914
628911
628836
628747
628524
628332
628283
628203
628198
628181
628113
628060
628015
627996
627966
627881
627868
627833
627806
627793
627761
627664
627583
627528
627379
627284
627275
627266
627101
626860
626804
626789
626653
626645
626562
626544
626501
626466
626364
626348
626345
626310
626309
626286
626271
626255
626102
626054
626048
626022
625974
625901
625779
625728
625696
625563
625537
625462
625460
625444
625391
625368
625265
625072
624927
624907
624905
624871
624830
624755
624693
624692
624678
624644
624632
624579
624532
624378
624290
624213
624190
624163
624120
624098
624062
624053
623944
623910
623877
623865
623818
623776
623771
623762
623702
623685
623664
623651
623596
623567
623540
623406
623174
623120
623100
622964
622874
622873
622859
622832
622527
622520
622428
622199
622132
622120
622036
621998
621995
621936
621910
621853
621793
621705
621638
621582
621536
621521
621475
621452
621430
621376
621374
621298
621281
621198
621033
620984
620950
620918
620851
620766
620745
620702
620691
620651
620620
620590
620586
620537
620476
620432
620309
620305
620303
620115
620088
620040
619930
619854
619795
619791
619776
619775
619753
619656
619584
619411
619370
619281
619253
619108
619079
619014
619007
618996
618886
618880
618823
618781
618741
618616
618435
618332
618301
618191
618089
617968
617942
617893
617778
617757
617753
617675
617674
617611
617600
617407
617326
617322
617270
617238
617214
617194
617070
616976
616850
616825
616816
616803
616797
616398
616361
616313
616304
616233
616193
616152
616063
616030
615943
615913
615885
615828
615822
615692
615676
615668
615597
615572
615539
615522
615492
615400
615328
615316
615266
615185
615155
615107
615089
615076
614908
614877
614868
614828
614658
614656
614651
614548
614497
614421
614400
614386
614307
614271
614242
614075
614068
614062
613963
613769
613689
613546
613275
613238
613201
613120
612961
612880
612865
612779
612740
612727
612686
612680
612549
612536
612495
612380
612242
612215
612199
612192
612174
612169
612141
612074
612073
611968
611899
611834
611825
611744
611666
611629
611480
611417
611398
611371
611290
611205
611192
611191
611096
611057
611044
611038
610892
610889
610562
610559
610549
610473
610335
610332
610113
610033
610029
609981
609922
609878
609739
609738
609728
609553
609457
609427
609380
609364
609358
609332
609208
609146
609020
608994
608887
608870
608854
608675
608635
608564
608368
608323
608261
608256
608235
608210
608107
608106
608089
608069
607958
607939
607927
607911
607826
607751
607650
607349
607307
607281
607243
607092
607045
606917
606725
606714
606698
606697
606599
606448
606431
606302
606246
606204
606202
606147
606059
605945
605898
605800
605691
605658
605619
605538
605484
605407
605281
605272
605076
604785
604740
604546
604503
604420
604412
604401
604270
604190
604113
604032
603977
603879
603726
603710
603686
603669
603601
603593
603499
603472
603352
603242
603194
603135
602973
602937
602817
602768
602748
602612
602572
602517
602449
602422
602314
602154
602115
602092
602068
602055
602003
601985
601941
601934
601832
601832
601733
601722
601634
601609
601602
601543
601488
601447
601381
601357
601344
601316
601273
601071
600991
600933
600925
600890
600832
600744
600724
600718
600685
600660
600657
600654
600628
600535
600525
600500
600476
600467
600404
600377
600377
600163
600032
600007
599893
599855
599789
599771
599761
599735
599697
599584
599475
599304
599299
599297
599275
599231
599108
599088
599058
598965
598902
598846
598764
598764
598736
598644
598497
598454
598376
598357
598339
598033
597905
597886
597746
597733
597662
597579
597477
597361
597340
596970
596911
596902
596876
596858
596791
596744
596666
596522
596413
596311
596295
596290
596285
596260
596232
596118
596081
595961
595941
595904
595869
595735
595603
595590
595588
595410
595261
595231
595154
594956
594954
594940
594730
594667
594649
594596
594595
594567
594556
594410
594387
594320
594314
594294
594264
594170
594107
593966
593917
593898
593873
593789
593668
593641
593595
593568
593389
593089
593016
593000
592956
592712
592608
592599
592594
592523
592507
592487
592398
592388
592377
592372
592127
592033
591953
591845
591761
591738
591673
591635
591442
591409
591401
591390
591319
591115
590935
590915
590902
590892
590883
590755
590740
590693
590662
590649
590635
590558
590388
590003
589930
589817
589722
589666
589401
589322
589212
589201
589193
589181
589179
589042
589041
589028
588998
588997
588975
588844
588833
588819
588812
588610
588609
588518
588509
588488
588326
588161
588020
587996
587943
587907
587825
587823
587820
587805
587607
587601
587547
587540
587503
587417
587390
587371
587314
587275
587093
587093
587059
587031
586949
586871
586828
586816
586751
586614
586614
586608
586575
586448
586271
586263
586248
586141
586074
586055
586029
585945
585906
585905
585900
585879
585870
585763
585760
585619
585566
585471
585442
585398
585387
585376
585329
585252
585102
585073
584997
584958
584927
584917
584869
584846
584614
584425
584384
584220
584216
584186
584108
583923
583875
583824
583741
583729
583671
583632
583425
583411
583401
583389
583345
583321
583162
583048
582988
582957
582937
582932
582910
582828
582798
582615
582488
582371
582298
582282
582231
582220
582118
582080
581896
581847
581835
581787
581661
581621
581597
581595
581579
581509
581427
581369
581341
581134
581056
580975
580959
580952
580767
580757
580671
580513
580254
580232
580211
580187
580168
580156
580131
580088
579997
579984
579953
579881
579622
579618
579560
579524
579510
579490
579225
579225
579207
579164
579150
579135
579055
578980
578950
578705
578689
578519
578489
578448
578287
578257
578185
578119
578103
578067
577729
577711
577666
577643
577636
577627
577583
577534
577464
577409
577329
577309
577283
577253
577213
577187
577178
577172
576960
576932
576914
576881
576827
576809
576777
576704
576592
576540
576524
576499
576415
576398
576284
576072
576004
575952
575926
575843
575838
575734
575515
575504
575483
575292
575213
575168
575108
574799
574693
574598
574564
574408
574382
574359
574348
574303
574202
574202
574121
573684
573675
573671
573632
573445
573369
573330
573285
573261
573071
572978
572932
572803
572794
572772
572673
572562
572506
572458
572441
572395
572373
572255
572179
572161
572156
571977
571947
571945
571850
571826
571782
571741
571704
571595
571443
571295
571099
571038
571016
570701
570489
570483
570290
570252
570076
570020
569950
569942
569882
569834
569699
569683
569567
569550
569519
569465
569357
569352
569313
569252
569163
569159
569094
569062
569061
568890
568874
568841
568615
568554
568544
568502
568488
568384
568351
568228
568210
568137
568082
568055
567992
567992
567934
567878
567789
567725
567583
567425
567418
567399
567236
567141
566868
566859
566835
566817
566796
566750
566625
566593
566447
566439
566430
566406
566304
566200
566065
566050
566008
565906
565874
565857
565778
565777
565669
565667
565582
565581
565568
565568
565492
565434
565395
565359
565303
565292
565239
565137
565056
565042
564897
564753
564663
564413
564382
564311
564240
564157
564096
564001
563923
563890
563839
563817
563754
563701
563506
563455
563436
563395
563182
563178
563076
563060
562778
562770
562679
562621
562600
562542
562542
562539
562434
562344
562287
562172
562149
562146
562125
562111
561991
561943
561893
561810
561554
561369
561347
561338
561234
561218
561212
561157
561120
561112
561100
561012
561007
560797
560737
560623
560598
560520
560370
560339
560266
560265
560264
560219
560114
560059
559960
559929
559908
559859
559794
559723
559690
559646
559529
559492
559455
559440
559439
559429
559403
559354
559342
559339
559258
559239
559211
559151
559082
558941
558901
558839
558787
558736
558651
558547
558519
558470
558431
558361
558265
558199
558180
558080
558063
557924
557893
557718
557453
557268
557265
557201
557014
556978
556849
556634
556479
556415
556338
556323
556300
556267
556138
556072
555915
555776
555714
555301
555294
555290
555214
555177
555093
554941
554938
554887
554879
554845
554736
554628
554623
554613
554531
554520
554431
554329
554299
554258
554208
554043
553864
553775
553736
553633
553517
553303
553300
553201
553199
553126
553111
552906
552818
552797
552642
552499
552498
552473
552457
552413
552254
552248
552058
551997
551870
551686
551569
551510
551491
551480
551433
551358
551334
551307
551268
551215
551194
551096
550866
550784
550741
550733
550657
550537
550508
550501
550458
550379
550272
550172
549976
549928
549885
549853
549852
549836
549824
549746
549709
549662
549603
549574
549464
549384
549285
549143
549052
549021
548979
548905
548857
548807
548695
548677
548674
548648
548549
548440
548416
548298
548228
548198
548136
548073
548040
547950
547941
547908
547893
547863
547686
547674
547674
547642
547636
547622
547421
547404
547226
547166
547031
546997
546978
546960
546954
546855
546844
546744
546701
546640
546566
546542
546528
546457
546443
546402
546394
546120
546024
545968
545739
545714
545543
545433
545368
545174
545021
544833
544822
544773
544630
544611
544575
544390
544358
544354
544351
544331
544331
544291
544032
544017
543835
543750
543731
543731
543542
543521
543521
543498
543421
543262
543154
543055
543029
542834
542830
542815
542803
542796
542643
542630
542626
542553
542468
542403
542398
542304
542261
542210
542164
541963
541930
541839
541804
541600
541445
541375
541320
541301
541275
541111
540993
540923
540899
540866
540831
540793
540759
540720
540615
540526
540519
540452
540431
540112
540015
539971
539960
539954
539944
539934
539742
539730
539690
539606
539542
539463
539293
539211
539198
539151
539121
539051
538933
538900
538873
538857
538814
538798
538789
538721
538693
538539
538485
538482
538393
538370
538357
538332
538274
538249
538072
538065
538018
537842
537841
537681
537585
537561
537546
537466
537391
537297
537278
537154
537137
537041
536967
536918
536880
536837
536816
536752
536692
536539
536509
536443
536376
536332
536283
536262
536224
536224
536166
536036
536028
535995
535925
535915
535899
535818
535812
535798
535644
535615
535528
535429
535333
535330
535280
535254
535181
535084
535082
534861
534849
534790
534785
534782
534726
534662
534635
534586
534515
534479
534359
534336
534306
534219
534171
534062
533984
533962
533828
533651
533638
533575
533548
533531
533460
533401
533359
533302
533263
533253
533248
533240
533133
533118
533081
533030
532992
532978
532963
532940
532904
532887
532860
532766
532623
532421
532211
532144
532092
532081
532042
531975
531934
531883
531831
531555
531553
531549
531537
531480
531477
531460
530849
530647
530554
530403
530336
530331
530311
530294
530226
530181
530155
529992
529929
529811
529765
529689
529488
529467
529301
529169
529078
529034
528954
528924
528716
528609
528588
528545
528518
528472
528413
528398
528352
528286
528279
528229
528187
528094
527804
527721
527662
527639
527613
527496
527449
527414
527382
527354
527268
527144
527103
527022
527001
526987
526945
526915
526745
526720
526700
526641
526541
526508
526283
526134
526114
526079
526056
526048
526047
525924
525891
525872
525868
525868
525702
525614
525554
525385
525292
525285
525085
524983
524898
524883
524868
524821
524802
524731
524728
524531
524436
524177
524113
524073
524014
524002
523834
523804
523749
523737
523708
523692
523517
523511
523499
523453
523224
522989
522875
522872
522815
522794
522766
522716
522598
522530
522477
522309
522096
522002
521919
521918
521904
521889
521872
521856
521722
521695
521568
521568
521440
521434
521147
521014
520936
520913
520906
520852
520778
520764
520745
520697
520682
520598
520570
520437
520378
520359
520293
520234
520181
519915
519850
519838
519797
519759
519580
519500
519332
519306
519212
519075
519073
518979
518935
518926
518815
518798
518752
518610
518509
518493
518435
518379
518311
518265
518259
518120
517711
517709
517641
517589
517579
517274
517199
517175
517138
517086
517058
516971
516969
516964
516881
516879
516849
516752
516698
516521
516497
516445
516274
516126
516104
516075
516048
516043
516026
516025
515979
515923
515913
515829
515825
515799
515749
515704
515697
515678
515658
515617
515563
515429
515355
515332
515297
515253
515236
515080
515000
514984
514939
514863
514737
514695
514692
514590
514550
514486
514349
514318
514312
514302
514296
514237
514136
514054
514034
513975
513940
513923
513876
513832
513696
513665
513635
513605
513591
513498
513419
513399
513379
513303
513265
513260
513226
513210
513160
513124
513121
513051
512998
512932
512865
512734
512734
512731
512724
512665
512630
512622
512609
512603
512460
512354
512284
512262
512245
512238
512030
511940
511843
511838
511837
511779
511722
511591
511519
511497
511462
511459
511453
511367
511309
511251
511231
511056
511013
510817
510780
510715
510645
510640
510383
510268
509801
509761
509642
509508
509393
509354
509329
509311
509252
509223
509179
509122
509047
508935
508918
508876
508867
508799
508717
508682
508641
508601
508562
508475
508424
508402
508397
508382
508339
508310
508085
507947
507936
507813
507739
507395
507354
507317
507276
507273
507201
507179
507166
506964
506944
506847
506823
506807
506740
506708
506706
506688
506686
506680
506635
506630
506628
506619
506551
506518
506305
506281
506171
506085
506019
506016
505945
505942
505891
505751
505716
505643
505634
505618
505592
505499
505465
505459
505457
505425
505367
505330
505244
505236
505161
505123
505097
504868
504762
504754
504705
504704
504574
504518
504442
504437
504278
504267
504050
503992
503955
503838
503824
503755
503738
503651
503638
503625
503504
503243
503238
503214
503170
502999
502921
502841
502822
502714
502668
502510
502506
502498
502493
502452
502431
502425
502394
502265
502213
502170
502115
502092
502069
502066
501958
501913
501792
501716
501415
501393
501374
501310
501146
501140
501130
501032
500825
500729
500629
500598
500579
500549
500488
500409
500358
500357
500329
500204
500154
500114
500083
500073
500021
499947
499938
499833
499808
499643
499520
499510
499487
499377
499368
499359
499280
499279
499208
499083
499003
498892
498859
498831
498753
498720
498714
498674
498662
498653
498647
498516
498187
498168
498120
498055
498042
497984
497982
497920
497902
497862
497834
497772
497671
497591
497561
497391
497380
497362
497132
496986
496974
496959
496941
496677
496656
496593
496563
496550
496511
496451
496400
496304
496288
496148
496129
496128
496086
496002
495969
495588
495515
495358
495353
495313
495291
495278
495269
495238
495197
495174
495027
495009
494946
494923
494905
494818
494741
494713
494705
494690
494669
494642
494641
494638
494605
494600
494589
494529
494490
494430
494372
494306
494244
494208
494125
494101
494072
494070
494066
494060
494013
493979
493810
493784
493494
493209
493120
493058
493048
492984
492922
492890
492871
492869
492756
492720
492536
492535
492521
492447
492429
492234
492182
492111
491918
491901
491894
491854
491800
491744
491726
491725
491717
491706
491647
491566
491512
491480
491477
491412
491225
491225
491205
491204
491184
491176
491173
491078
491073
491044
491019
490908
490858
490785
490747
490720
490660
490648
490537
490468
490462
490422
490420
490411
490339
490215
490173
490107
490025
490011
489885
489765
489723
489683
489570
489561
489527
489518
489486
489315
489283
489057
488920
488842
488789
488769
488681
488629
488590
488578
488553
488531
488499
488375
488369
488275
488267
488249
488238
488201
488170
488151
488103
488099
487991
487959
487926
487925
487841
487776
487752
487735
487676
487605
487506
487503
487481
487349
487150
487057
486905
486894
486822
486805
486734
486626
486449
486355
486240
486162
486070
486046
485981
485854
485641
485636
485521
485484
485474
485420
485388
485388
485308
485200
485184
485157
485157
485092
485033
484969
484955
484946
484934
484911
484906
484902
484843
484831
484779
484744
484516
484515
484478
484425
484375
484365
484329
484319
484190
484187
484096
483962
483926
483882
483814
483728
483650
483602
483483
483280
483191
483084
483065
483046
483043
483029
482924
482913
482692
482587
482554
482467
482425
482394
482377
482274
482271
482199
482163
482139
482067
481962
481926
481882
481841
481809
481733
481674
481569
481429
481336
481320
481312
481285
481232
481197
481121
481010
480782
480753
480680
480638
480616
480516
480496
480394
480325
480302
480262
480248
480220
480185
480154
480052
480024
479884
479773
479690
479461
479390
479241
479128
479112
479049
479043
479020
478939
478860
478760
478731
478712
478696
478642
478622
478569
478506
478501
478495
478450
478432
478376
478307
478298
478211
478122
478115
478104
478014
477994
477951
477799
477780
477679
477664
477594
477518
477444
477237
477231
477192
477186
477163
477093
477032
476946
476806
476799
476735
476687
476667
476650
476584
476559
476506
476492
476464
476134
475901
475867
475771
475690
475644
475454
475296
475253
475160
474777
474722
474598
474553
474544
474538
474283
474237
474216
474182
474117
473913
473899
473843
473832
473830
473733
473732
473684
473679
473639
473633
473487
473480
473472
473318
473265
473252
473155
473128
473022
472871
472728
472677
472524
472518
472514
472321
472073
472035
471783
471639
471626
471606
471595
471549
471374
471060
470891
470696
470589
470526
470399
470380
470357
470335
470245
470234
470215
470148
470133
470097
470025
470019
469920
469894
469827
469817
469724
469719
469664
469605
469589
469552
469497
469470
469424
469350
469314
469176
469136
469083
469078
469077
468969
468948
468910
468781
468670
468662
468655
468605
468603
468438
468387
468360
468256
468176
468052
468029
467848
467789
467783
467741
467420
467388
467006
466782
466763
466621
466606
466492
466464
466247
466231
466192
466054
465990
465847
465675
465381
465343
465326
465310
465303
465166
465142
465091
465074
465045
464902
464895
464879
464874
464874
464779
464754
464500
464377
464254
464188
464167
464137
464092
464089
463824
463656
463589
463449
463404
463280
463184
463129
463061
462950
462911
462900
462865
462851
462819
462684
462569
462557
462528
462477
462443
462416
462395
462384
462280
462209
462163
462088
462054
461922
461900
461857
461785
461734
461684
461603
461554
461536
461490
461442
461396
461382
461346
461126
461066
461021
461002
460667
460631
460581
460551
460472
460462
460434
460408
460377
460301
460285
460118
460111
460083
460015
459959
459944
459718
459697
459623
459604
459518
459488
459368
459363
459343
459330
459245
459241
459223
459171
459158
459071
459063
458927
458868
458857
458671
458400
458392
458291
458260
458118
458043
457768
457747
457560
457439
457362
457329
457320
457304
457300
457221
457154
457078
457033
456971
456890
456864
456816
456629
456542
456539
456499
456276
456186
456173
456102
456097
456052
456042
456008
455971
455951
455903
455861
455739
455650
455594
455561
455558
455465
455452
455440
455421
455419
455375
455285
455264
455138
455122
455065
454996
454926
454892
454855
454786
454708
454650
454534
454474
454414
454385
454372
454178
454000
453955
453933
453812
453733
453719
453678
453654
453630
453611
453566
453538
453504
453423
453374
453153
453134
453077
453036
453024
453004
452996
452974
452843
452812
452793
452739
452732
452731
452509
452458
452441
452263
452160
452112
452063
452038
451997
451898
451843
451653
451640
451551
451540
451510
451393
451362
451237
451029
450990
450863
450659
450629
450536
450483
450482
450455
450440
450331
450265
450240
450208
450177
450081
450012
449944
449892
449812
449747
449681
449665
449517
449507
449504
449496
449484
449458
449349
449289
449288
449124
449040
449002
448970
448895
448793
448792
448745
448607
448389
448317
448052
448002
447995
447915
447842
447683
447589
447530
447463
447401
447384
447297
447202
447127
447027
447012
446980
446980
446926
446884
446844
446842
446720
446644
446622
446579
446512
446490
446389
446357
446327
446325
446309
446125
446039
446031
445927
445751
445664
445586
445543
445537
445401
445339
445286
445177
445175
444868
444864
444858
444775
444770
444766
444741
444709
444663
444608
444470
444348
444071
443959
443812
443762
443547
443472
443455
443442
443425
443350
443301
443277
443028
443021
442961
442861
442628
442591
442499
442478
442471
442469
442415
442413
442391
442242
442114
442057
442016
442011
441972
441950
441934
441903
441901
441855
441802
441716
441682
441661
441642
441580
441314
441241
441182
441016
440976
440915
440913
440906
440790
440769
440596
440572
440549
440518
440378
440339
440196
440184
440167
440078
439972
439931
439889
439663
439626
439617
439567
439565
439545
439539
439498
439472
439445
439182
439080
439074
439073
438801
438744
438732
438726
438692
438684
438552
438539
438470
438424
438412
438247
438161
437952
437827
437781
437780
437724
437619
437474
437070
437002
437000
436909
436887
436711
436687
436632
436606
436567
436349
436345
436257
436247
436234
436104
436092
436090
436071
436047
436013
435949
435863
435848
435766
435618
435400
435354
435313
435312
435149
435004
435001
435000
434776
434758
434754
434681
434645
434626
434517
434356
434106
434082
434038
434020
433766
433701
433607
433554
433545
433375
433356
433325
433105
432998
432904
432853
432822
432675
432635
432615
432570
432541
432445
432408
432374
432337
432300
432250
432068
431906
431756
431719
431654
431560
431427
431383
431284
431222
431206
431134
431129
430966
430875
430874
430773
430706
430704
430659
430593
430576
430518
430457
430371
430356
430343
430324
430303
430299
430199
430173
430121
430104
430017
429935
429864
429795
429758
429529
429431
429392
429338
429296
429286
429094
429061
429033
429005
428950
428918
428836
428817
428658
428569
428499
428316
428296
428206
428012
427911
427836
427816
427674
427661
427493
427449
427391
427385
427359
427359
427324
427253
427253
427201
427181
427131
427066
427032
427012
426877
426870
426833
426802
426722
426709
426629
426578
426498
426473
426303
426150
426137
426061
425869
425845
425752
425739
425658
425569
425435
425406
425399
425385
425285
425264
425144
424921
424826
424784
424755
424753
424705
424652
424490
424452
424389
424372
424330
424327
424314
424298
424269
424111
424031
424000
423927
423806
423724
423641
423612
423556
423448
423387
423379
423310
423226
423220
423092
422974
422960
422891
422836
422825
422759
422750
422738
422366
422313
422214
422167
422066
422061
422004
421986
421928
421832
421797
421687
421480
421465
421407
421374
421346
421341
421310
421096
421056
420853
420729
420678
420658
420649
420515
420462
420461
420423
420271
420242
420238
420212
420130
420115
420032
419988
419913
419908
419865
419753
419740
419711
419602
419537
419497
419229
419208
419138
418934
418851
418845
418768
418644
418527
418470
418420
418388
418341
418132
418021
417989
417856
417810
417690
417488
417452
417416
417337
417325
417318
417311
417281
417198
417159
417071
417013
416942
416907
416815
416749
416745
416734
416420
416231
416111
416104
416056
416048
415765
415734
415493
415485
415375
415329
415314
415313
415304
415227
415200
415071
415036
414856
414844
414793
414792
414745
414684
414658
414564
414539
414475
414466
414430
414424
414410
414407
414279
414225
414190
414109
413906
413798
413757
413745
413669
413662
413644
413551
413535
413514
413500
413494
413375
413351
413285
413279
413111
413086
413042
413010
412889
412885
412808
412749
412727
412653
412648
412614
412512
412500
412456
412444
412433
412383
412357
412338
412313
412280
411913
411911
411831
411687
411642
411640
411567
411528
411510
411479
411429
411402
411344
411335
411213
411204
411124
411103
411059
411049
411036
410876
410591
410488
410382
410381
410298
410263
410241
410107
410056
409957
409891
409881
409826
409723
409712
409670
409602
409594
409585
409501
409498
409492
409486
409419
409298
409232
409126
408978
408961
408763
408664
408366
408304
408239
408200
408196
408169
408095
408062
408039
408029
407993
407982
407963
407934
407929
407831
407772
407750
407737
407705
407655
407636
407521
407158
407135
407090
406974
406824
406816
406678
406654
406578
406261
406259
406195
406038
406012
405891
405845
405819
405744
405694
405633
405423
405394
405318
405141
405123
405057
404972
404743
404692
404687
404662
404531
404527
404363
404345
404337
404292
404195
404036
404033
404026
403876
403560
403522
403512
403401
403384
403375
403326
403229
403172
403131
403068
402974
402933
402782
402777
402671
402615
402385
402362
402327
402321
402167
402021
401980
401961
401957
401954
401817
401715
401423
401402
401312
401178
401156
401137
401128
400900
400817
400754
400713
400613
400597
400521
400493
400426
400415
400345
400169
400162
399912
399863
399767
399736
399559
399544
399527
399519
399387
399344
399304
399270
399142
399107
398828
398780
398772
398651
398586
398526
398470
398416
398398
398350
398270
398202
398201
398052
397995
397991
397963
397895
397853
397763
397738
397737
397598
397591
397587
397558
397525
397523
397487
397335
397321
397207
397161
397159
397134
397091
397004
396936
396902
396849
396839
396809
396801
396611
396569
396146
396099
396092
396031
396014
395988
395970
395852
395688
395647
395581
395566
395472
395430
395367
395197
395171
394949
394862
394809
394802
394637
394621
394583
394562
394539
394539
394516
394504
394319
394146
394051
394007
393911
393895
393853
393840
393805
393705
393652
393628
393540
393535
393521
393513
393510
393501
393493
393282
393280
393126
393114
393098
393087
393062
392837
392677
392672
392666
392612
392609
392607
392578
392578
392438
392347
392242
392118
392109
391991
391970
391957
391890
391889
391865
391824
391803
391782
391708
391627
391581
391483
391443
391328
391286
391174
391162
391049
390989
390918
390896
390754
390565
390541
390499
390485
390478
390391
390360
390321
390259
390258
390129
389960
389948
389773
389772
389720
389704
389681
389538
389446
389443
389386
389383
389352
389222
389155
389126
389099
389036
389014
388979
388890
388880
388875
388710
388707
388535
388338
388280
388153
388145
388128
388042
388022
387947
387930
387900
387838
387757
387732
387656
387573
387523
387303
387005
386961
386802
386575
386532
386526
386502
386502
386429
386389
386323
386315
386307
386305
386280
386230
386196
385988
385934
385803
385790
385734
385620
385618
385614
385582
385553
385518
385420
385409
385326
385214
385081
384715
384686
384637
384637
384556
384495
384462
384353
384340
384304
384252
384250
384222
384190
384082
384062
383957
383838
383560
383475
383414
383315
383260
383244
383161
382925
382869
382849
382843
382773
382676
382644
382631
382630
382623
382618
382591
382587
382452
382348
382312
382256
382242
382237
381879
381759
381732
381576
381545
381514
381414
381322
381296
381192
381149
381108
381049
381005
380991
380936
380592
380550
380422
380421
380383
380334
380321
380285
380215
380195
380157
380143
380090
380081
380071
380049
379956
379928
379748
379727
379693
379687
379683
379525
379514
379497
379493
379326
379213
379124
378981
378955
378835
378725
378621
378593
378591
378350
378307
378297
378248
378212
378083
378054
378035
378026
377885
377833
377577
377549
377414
377374
377371
377343
377201
377165
377159
377116
377093
377041
376964
376917
376888
376785
376680
376680
376662
376537
376464
376226
376216
376212
376195
376017
376007
375819
375802
375765
375709
375552
375434
375414
375413
375396
375332
375319
375304
375282
375210
375176
375127
375062
375000
374981
374895
374889
374869
374853
374834
374757
374644
374609
374596
374486
374275
374185
374177
374084
374075
374015
373980
373848
373814
373656
373577
373339
373316
373282
373272
373036
373030
373005
372959
372861
372789
372781
372748
372666
372615
372563
372512
372429
372406
372396
372291
372137
372091
372030
372023
371920
371785
371708
371661
371547
371441
371284
371230
371211
371079
370952
370945
370841
370756
370726
370692
370646
370618
370576
370542
370471
370419
370385
370329
370295
370255
370221
370215
370191
370164
370151
370142
370075
370036
369972
369953
369916
369805
369793
369711
369605
369562
369551
369336
369332
369283
369250
369247
369208
369203
369126
369074
369068
368942
368810
368806
368795
368728
368683
368629
368520
368513
368434
368416
368394
368300
368267
368255
368151
368114
368106
367969
367869
367846
367815
367805
367788
367760
367728
367659
367642
367573
367496
367484
367448
367447
367422
367418
367401
367270
367021
366972
366908
366875
366837
366815
366580
366526
366472
366361
366265
366152
366114
366108
365965
365914
365658
365577
365442
365387
365314
365249
365238
365145
365088
365083
365035
365001
364975
364951
364903
364888
364864
364827
364744
364720
364667
364656
364614
364526
364494
364393
364239
364206
364153
364143
364091
364001
363907
363895
363775
363593
363565
363481
363475
363417
363397
363287
363280
363162
363141
363032
362941
362903
362791
362716
362651
362516
362439
362408
362219
362050
361941
361799
361685
361638
361616
361600
361499
361491
361377
361377
361335
361329
361315
361244
361201
361168
361102
360905
360839
360706
360326
360324
360098
360073
359967
359959
359894
359871
359845
359845
359794
359779
359694
359618
359614
359458
359424
359423
359364
359277
359233
359231
359191
358971
358516
358503
358441
358198
358046
358006
357991
357892
357811
357687
357595
357595
357555
357550
357442
357321
357244
357208
357073
356962
356906
356883
356867
356777
356578
356545
356351
356348
356317
356293
356242
356176
356090
356072
356046
355985
355920
355912
355817
355675
355607
355578
355572
355525
355507
355472
355435
355286
355277
355222
355175
354929
354897
354895
354735
354689
354630
354475
354346
354305
354296
354292
354262
354237
354172
354121
354115
354027
354004
353995
353981
353870
353801
353653
353651
353642
353616
353578
353532
353498
353342
353320
353104
353081
352931
352892
352813
352802
352768
352673
352606
352516
352472
352386
352384
352358
352317
352297
352285
352227
352226
352224
352158
352114
352072
351918
351907
351894
351803
351781
351719
351709
351706
351463
351406
351390
351324
351316
351259
351257
351145
351067
350866
350844
350734
350730
350621
350507
350453
350351
350014
350010
349965
349962
349925
349899
349894
349892
349874
349547
349452
349435
349411
349310
349299
349263
349229
349174
349078
349062
349005
348918
348895
348817
348764
348728
348680
348679
348424
348385
348358
348154
348122
347949
347929
347861
347831
347768
347701
347356
347259
347209
347142
347074
347063
346998
346917
346907
346761
346696
346669
346645
346604
346594
346589
346572
346558
346523
346403
346336
346322
346286
346191
346072
345993
345972
345813
345733
345700
345635
345609
345519
345387
345384
345290
345199
345101
345080
345052
345039
344910
344799
344638
344578
344560
344539
344434
344386
344262
344215
344213
344171
344159
344122
344109
343974
343751
343674
343655
343510
343505
343474
343438
343423
343372
343266
343222
343221
343099
343075
343064
343064
343024
342972
342926
342895
342838
342758
342720
342602
342442
342176
342168
342153
342036
342012
341992
341988
341847
341810
341754
341692
341690
341658
341604
341558
341448
341430
341425
341417
341378
341368
341358
341226
341198
341196
341160
341038
340866
340850
340845
340799
340767
340762
340702
340683
340660
340630
340590
340561
340443
340402
340334
340267
340240
340041
339917
339848
339770
339703
339661
339497
339150
339070
339037
338990
338938
338785
338677
338628
338600
338366
338314
338106
337888
337864
337822
337796
337756
337538
337486
337459
337411
337355
337341
337322
337282
337242
337203
337097
336977
336668
336434
336369
336290
336285
336249
336238
336184
336147
336132
336089
335970
335937
335919
335819
335738
335733
335729
335722
335494
335459
335452
335425
335397
335354
335341
335204
335153
335039
334992
334920
334894
334752
334647
334556
334504
334499
334410
334261
334168
334123
334025
333956
333954
333846
333573
333565
333539
333469
333469
333466
333462
333195
333193
333133
333119
333116
332998
332998
332997
332864
332831
332612
332585
332570
332537
332430
332297
332234
332205
332198
332158
332141
332048
332014
331924
331913
331843
331826
331744
331658
331571
331569
331519
331510
331497
331459
331379
331193
331171
331121
331042
330980
330853
330821
330677
330631
330629
330451
330306
330216
329889
329855
329683
329677
329675
329665
329642
329640
329572
329529
329500
329409
329368
329328
329125
329046
328993
328919
328918
328840
328788
328755
328748
328653
328652
328638
328569
328443
328425
328401
328383
328346
328228
328201
328138
327984
327951
327859
327704
327685
327644
327620
327503
327465
327404
327372
327230
327230
327198
327145
327024
326981
326918
326769
326731
326705
326658
326628
326618
326518
326509
326498
326484
326449
326410
326391
326238
326160
326127
326106
326081
326080
326046
326008
326000
325959
325934
325902
325851
325811
325612
325584
325572
325476
325461
325440
325390
325302
325044
324958
324957
324647
324578
324447
324402
324342
324107
324083
324078
324064
324011
323963
323950
323938
323896
323889
323837
323822
323665
323430
323289
323240
323153
323036
323012
322968
322789
322539
322368
322309
322236
322209
322170
322104
322085
322032
321990
321929
321847
321804
321798
321778
321693
321653
321649
321562
321539
321425
321319
321313
321230
321200
321104
321070
320973
320968
320880
320807
320757
320749
320739
320585
320569
320489
320486
320383
320355
320327
320268
320236
320205
320192
320147
320081
319818
319815
319762
319752
319618
319593
319550
319511
319498
319481
319458
319440
319434
319399
319353
319324
319306
319294
319165
319049
319034
318996
318879
318771
318585
318551
318542
318483
318401
318310
318282
318242
318226
318151
317988
317976
317934
317855
317788
317511
317475
317420
317415
317272
317202
317053
316878
316691
316550
316294
316249
316018
315999
315898
315894
315758
315621
315585
315541
315481
315465
315427
315399
315162
314954
314847
314845
314808
314689
314522
314382
314380
314075
314075
314034
314028
314010
313975
313652
313524
313515
313506
313492
313472
313465
313448
313398
313361
313307
313293
313291
313267
313153
313024
312944
312892
312850
312850
312773
312641
312636
312619
312577
312541
312533
312488
312432
312427
312324
312100
312082
312000
311980
311948
311928
311927
311775
311717
311697
311689
311682
311639
311567
311539
311438
311378
311345
311292
311196
311080
311072
310985
310902
310900
310860
310855
310815
310806
310688
310237
310226
310136
310068
309901
309814
309726
309683
309588
309442
309441
309370
309260
309238
309141
309025
308980
308961
308825
308776
308728
308699
308687
308447
308445
308386
308246
308210
308165
308138
307998
307940
307930
307909
307907
307887
307720
307594
307549
307456
307334
307251
307246
307150
307102
306916
306712
306369
306293
306152
306054
305988
305893
305826
305820
305737
305737
305448
305428
305427
305323
305178
305071
304852
304846
304837
304832
304742
304721
304622
304564
304562
304373
304191
304148
304001
303978
303610
303460
303454
303358
303282
303215
303195
303191
303122
303014
302963
302963
302821
302662
302655
302648
302623
302469
302435
302276
302263
302087
302055
301965
301948
301914
301911
301890
301882
301842
301834
301660
301623
301617
301428
301374
301345
301332
301329
301272
301189
301174
301163
301154
301142
300984
300905
300869
300796
300779
300751
300666
300640
300598
300507
300433
300426
300382
300311
300251
300120
300114
300028
299950
299867
299782
299717
299708
299659
299615
299612
299571
299544
299543
299512
299471
299392
299378
299378
299351
299338
299322
299316
299304
299288
299275
299144
299106
299034
299003
298902
298792
298730
298656
298581
298550
298543
298351
298268
298191
298026
298013
297871
297657
297641
297638
297585
297566
297546
297310
297299
297277
297197
297179
297142
296890
296832
296755
296689
296652
296462
296390
296346
296286
296211
296198
296083
296007
295930
295823
295792
295774
295746
295720
295663
295446
295369
295363
295175
295085
295056
295009
294912
294853
294846
294738
294648
294567
294554
294554
294417
294263
294110
294049
294021
293806
293704
293675
293537
293515
293513
293405
293330
293148
293014
292926
292891
292810
292795
292786
292751
292710
292697
292602
292443
292435
292233
292228
292099
292081
292078
292076
292060
291741
291710
291690
291614
291540
291531
291316
291296
291278
291185
291172
291103
291059
290967
290960
290925
290911
290761
290721
290683
290674
290630
290630
290629
290622
290606
290479
290467
290278
290252
290213
290168
290097
289970
289965
289610
289399
289386
289369
289340
289207
289192
289154
289130
289125
289026
288964
288950
288845
288829
288612
288513
288495
288414
288347
288314
288302
288128
288061
287851
287792
287792
287662
287648
287576
287571
287506
287405
287306
287291
287194
286882
286848
286774
286712
286699
286247
286196
286105
286093
286043
286039
285851
285786
285750
285747
285738
285696
285689
285641
285413
285373
285354
285147
285147
285045
284923
284885
284788
284770
284636
284490
284400
284369
284364
284239
284215
284215
284109
284044
283975
283960
283893
283818
283597
283436
283398
283295
283273
283219
283218
283214
283208
283180
283176
283031
282988
282950
282896
282755
282657
282636
282630
282587
282349
282277
282254
282224
282209
282171
282139
282119
281985
281982
281878
281845
281705
281497
281490
281409
281396
281317
281193
281169
281092
281076
280910
280876
280825
280789
280789
280697
280656
280621
280559
280408
280405
280046
279959
279923
279823
279807
279739
279731
279714
279638
279600
279309
279291
279171
279059
279047
279043
278897
278834
278831
278804
278720
278679
278650
278507
278457
278408
278397
278285
278278
278263
278240
278197
278184
278089
278048
277987
277980
277929
277913
277863
277770
277759
277731
277440
277440
277416
277360
277233
277126
277107
277086
276990
276961
276955
276899
276863
276730
276729
276714
276656
276633
276606
276523
276130
275701
275648
275624
275520
275379
275350
275337
275263
275233
275218
275202
275147
275132
275041
275027
275010
275006
275003
274926
274905
274858
274844
274819
274807
274737
274717
274673
274608
274576
274494
274475
274465
274418
274234
274150
274000
273996
273886
273874
273860
273857
273806
273800
273757
273749
273745
273737
273650
273648
273462
273411
273395
273266
273039
272978
272927
272878
272811
272754
272734
272687
272683
272589
272582
272539
272524
272442
272333
272305
272220
272140
272130
272112
271967
271787
271433
271393
271388
271387
271291
271262
271231
271210
271016
270970
270968
270874
270856
270627
270600
270443
270377
270206
270196
270131
270128
270044
269742
269606
269559
269519
269492
269368
269243
269209
269130
269121
269083
269001
268828
268813
268759
268675
268649
268614
268593
268359
268340
268209
267960
267930
267909
267905
267878
267849
267843
267828
267814
267772
267633
267457
267430
267388
267384
267144
267099
267047
267036
267007
266939
266922
266880
266875
266718
266687
266663
266521
266508
266502
266453
266433
266327
266315
266295
266212
266152
265915
265837
265836
265796
265749
265720
265706
265694
265665
265654
265451
265380
265317
265286
265267
264977
264741
264710
264697
264662
264658
264530
264405
264391
264340
264133
263990
263913
263860
263827
263762
263682
263476
263454
263432
263343
263206
263175
263168
263159
263147
263123
263114
263079
263072
262973
262965
262941
262881
262868
262840
262824
262749
262748
262656
262652
262643
262518
262443
262410
262226
262050
262011
261957
261721
261699
261670
261634
261596
261552
261480
261342
261243
261127
261095
260985
260970
260944
260943
260917
260879
260784
260639
260569
260518
260511
260435
260412
260365
260351
260337
260305
260275
260234
260158
260157
260155
260016
259939
259895
259890
259871
259816
259814
259768
259727
259663
259599
259431
259352
259329
259277
259270
259257
259202
259060
259041
259037
259006
258834
258797
258724
258583
258537
258463
258444
258315
258159
258153
258133
258031
258020
258019
257968
257616
257611
257531
257523
257502
257381
257365
257316
257305
257171
256982
256827
256737
256621
256572
256525
256514
256501
256496
256282
256181
256147
256097
256064
256049
255979
255938
255906
255891
255885
255864
255842
255831
255804
255798
255794
255744
255589
255517
255481
255441
255421
255236
255221
255135
255083
254979
254956
254812
254769
254704
254673
254557
254496
254489
254428
254385
254347
254303
254265
254217
253962
253893
253868
253791
253780
253738
253614
253570
253506
253478
253471
253450
253442
253374
253337
253319
253042
253024
252971
252579
252386
252362
252360
252266
252257
252163
252055
252053
252009
251982
251976
251794
251712
251683
251451
251406
251388
251342
251150
251149
250959
250814
250795
250712
250625
250589
250582
250499
250388
250281
250245
250180
250169
250113
250032
249936
249911
249865
249828
249777
249732
249577
249508
249225
249193
249111
249081
248904
248893
248861
248750
248596
248548
248381
248364
248074
248029
247916
247843
247767
247641
247562
247515
247412
247328
247326
247180
247146
247088
247085
247076
246861
246683
246650
246630
246579
246562
246442
246433
246399
246393
246349
246345
246322
246303
246281
246261
246196
246155
246057
246052
246030
245985
245893
245789
245445
245241
245208
245096
245023
245017
244893
244890
244763
244662
244648
244577
244512
244428
244402
244398
244349
244283
244171
244079
244078
243976
243876
243826
243814
243800
243731
243726
243706
243647
243437
243432
243412
243318
243315
243240
243240
243169
243081
242855
242715
242705
242694
242686
242674
242443
242341
242316
242307
242215
242150
242077
241968
241794
241641
241550
241477
241455
241355
241234
241175
241112
241064
241022
240910
240904
240755
240627
240614
240572
240480
240429
240337
240299
240192
240107
240082
240073
240032
240027
239997
239788
239781
239759
239710
239606
239578
239506
239379
239352
239165
239085
239071
238985
238980
238748
238738
238733
238727
238558
238524
238352
238325
238272
238172
238056
237946
237906
237863
237833
237590
237576
237551
237521
237460
237392
237357
237357
237090
237047
236861
236652
236629
236584
236439
236383
236255
236228
236217
236217
236156
236065
236043
236019
236000
235901
235827
235649
235613
235450
235336
235318
235296
235206
235143
235141
234954
234910
234909
234871
234867
234785
234724
234717
234709
234574
234566
234551
234524
234353
234310
234149
234128
234069
234004
233964
233855
233827
233747
233563
233437
233340
233309
233301
233277
233124
233109
233030
232853
232810
232722
232721
232576
232532
232516
232509
232129
232054
231990
231955
231925
231771
231721
231718
231682
231490
231478
231342
231315
231215
231144
231120
231095
231091
231049
231013
230957
230947
230904
230852
230787
230701
230634
230540
230351
230349
230337
230304
230298
230282
230192
230018
230015
230004
229782
229779
229727
229653
229646
229640
229527
229472
229440
229426
229354
229316
229282
229211
229066
229035
228969
228824
228811
228770
228727
228705
228704
228677
228663
228548
228504
228475
228474
228413
228411
228383
228215
228120
228026
227996
227917
227867
227862
227847
227829
227794
227754
227735
227676
227646
227605
227541
227539
227387
227377
227375
227324
227180
227171
227135
227122
226958
226845
226678
226654
226614
226589
226526
226408
226278
226240
226174
226047
226026
225952
225822
225695
225609
225392
225383
225161
225151
225105
225097
225054
224824
224759
224671
224622
224617
224603
224552
224490
224259
224074
224041
224041
224004
223999
223959
223955
223947
223938
223910
223890
223866
223799
223791
223675
223661
223594
223565
223549
223544
223440
223401
223370
223346
223221
223178
223109
223069
223059
223045
222928
222879
222778
222774
222752
222631
222542
222508
222302
222074
222062
222057
221994
221983
221983
221950
221950
221947
221827
221741
221671
221580
221548
221298
221090
220885
220859
220793
220771
220761
220706
220650
220561
220351
220291
220225
220183
220161
220071
219998
219856
219842
219789
219776
219682
219570
219546
219513
219476
219434
219413
219273
219262
219171
219142
219076
219050
218982
218968
218908
218853
218680
218589
218506
218423
218356
218306
218297
218280
218238
218233
218233
218181
218158
218109
218075
218009
217974
217933
217887
217880
217831
217754
217697
217584
217512
217482
217481
217343
217281
217117
217094
216982
216954
216902
216901
216878
216814
216707
216704
216681
216581
216558
216549
216366
216353
216338
216334
216217
216187
216097
216046
216038
215927
215919
215833
215790
215766
215662
215648
215565
215561
215482
215468
215456
215391
215390
215353
215334
215201
215180
215174
215124
215101
215088
215085
215046
214973
214944
214829
214815
214736
214724
214678
214656
214563
214523
214435
214415
214380
214302
214299
214237
214233
214144
213958
213885
213722
213643
213607
213574
213478
213429
213354
213320
213317
213283
213221
213189
212972
212972
212937
212917
212828
212739
212710
212678
212517
212478
212457
212391
212381
212366
212295
212154
212144
212106
211955
211888
211858
211775
211718
211653
211569
211474
211288
211278
211227
211212
211125
211119
211105
211036
210954
210946
210897
210833
210769
210738
210690
210548
210509
210504
210461
210427
210398
210283
210261
210124
210019
209993
209938
209643
209204
209152
209046
208950
208915
208908
208847
208784
208497
208446
208308
208155
208132
208024
207970
207954
207888
207784
207718
207649
207646
207641
207468
207373
207333
207255
207106
207103
206947
206911
206881
206871
206843
206821
206812
206726
206667
206657
206654
206572
206568
206426
206352
206182
206091
205973
205744
205726
205629
205629
205613
205612
205571
205553
205431
205418
205357
205329
205287
205104
204933
204921
204909
204848
204702
204671
204663
204653
204590
204474
204474
204403
204380
204319
204304
204259
204256
204216
204214
204147
204056
204027
204007
203973
203938
203876
203856
203815
203702
203644
203619
203469
203380
203337
203223
203129
203120
202912
202797
202685
202683
202663
202576
202429
202377
202335
202235
202194
202165
202088
202060
202058
202004
201994
201863
201840
201787
201580
201492
201387
201364
201361
201256
201152
201074
201072
201048
200966
200822
200634
200615
200530
200453
200379
200225
200177
200151
200120
200106
200057
200051
200028
199966
199788
199687
199263
199186
199183
199146
198802
198720
198670
198595
198523
198329
198268
198255
198227
198195
198177
198017
197945
197666
197543
197497
197393
197382
197219
197166
197125
197003
196914
196790
196674
196672
196645
196556
196441
196293
196272
196213
196117
196051
196046
196038
195957
195944
195941
195883
195798
195753
195690
195647
195638
195635
195631
195584
195384
195358
195304
195207
195158
195060
195051
194936
194895
194881
194836
194732
194628
194610
194580
194541
194427
194381
194340
194279
194218
194211
194058
193981
193968
193856
193800
193773
193730
193678
193663
193584
193579
193570
193548
193516
193500
193426
193389
193379
193112
193036
193025
192994
192906
192812
192799
192712
192637
192616
192539
192419
192392
192343
192203
191954
191842
191775
191773
191772
191760
191760
191692
191686
191665
191656
191632
191570
191473
191471
191441
191439
191363
191196
191165
191136
191134
191065
190993
190876
190832
190789
190784
190747
190617
190585
190552
190542
190539
190475
190319
190177
189847
189753
189676
189668
189647
189642
189501
189466
189446
189380
189159
189146
188989
188962
188949
188913
188809
188791
188769
188747
188677
188667
188606
188578
188499
188463
188266
188170
188142
188107
188020
187982
187917
187872
187739
187678
187577
187540
187513
187110
187053
187015
186799
186623
186565
186466
186460
186456
186453
186426
186393
186384
186153
186070
186040
186030
186028
185857
185850
185849
185794
185665
185620
185589
185522
185438
185438
185433
185388
185305
185285
185210
185097
184975
184896
184790
184710
184677
184583
184559
184540
184503
184503
184349
184328
184324
184189
184042
183902
183821
183820
183816
183789
183759
183732
183697
183621
183475
183437
183419
183414
183369
183314
183226
183164
183146
183111
183109
183102
182980
182939
182892
182849
182839
182828
182783
182690
182582
182508
182368
182212
182074
182043
181756
181702
181684
181625
181595
181512
181398
181322
181238
181229
181120
181004
180904
180903
180785
180770
180693
180678
180638
180301
180058
180055
180028
180026
180010
179790
179681
179664
179662
179653
179611
179543
179516
179494
179489
179444
179402
179332
179332
179249
179228
179189
179129
179120
179080
179072
178896
178884
178846
178832
178813
178781
178765
178694
178653
178643
178601
178579
178421
178391
178268
178201
178149
178145
178126
177981
177939
177932
177902
177880
177832
177723
177671
177656
177653
177505
177489
177487
177349
177343
177238
177153
177107
177057
177024
176891
176879
176833
176802
176644
176619
176601
176298
176182
176065
176038
176010
175990
175900
175761
175715
175441
175415
175374
175275
175193
175170
175155
175107
175104
175097
175029
174896
174828
174730
174580
174473
174432
174401
174280
174264
174206
174134
174060
174024
174010
173991
173970
173929
173793
173761
173722
173673
173657
173652
173614
173572
173545
173312
173138
173052
173006
172996
172985
172938
172847
172838
172836
172795
172563
172501
172425
172400
172380
172262
171929
171883
171841
171825
171675
171492
171477
171468
171415
171407
171390
171368
171200
171101
171091
171052
171019
170923
170903
170846
170749
170667
170638
170589
170588
170541
170433
170308
170249
170233
170218
170148
170120
170041
169899
169854
169615
169541
169482
169442
169408
169374
169353
169270
169226
169187
169161
168960
168782
168747
168736
168695
168660
168656
168354
168345
168332
168231
168159
168152
168116
168050
167878
167733
167721
167720
167641
167638
167554
167471
167458
167403
167375
167310
167260
167238
167170
167162
167108
167048
166896
166735
166730
166669
166614
166511
166498
166408
166307
166255
166196
166186
166149
166125
166096
166058
165685
165670
165580
165579
165573
165559
165488
165466
165442
165282
165267
165225
165189
165095
164963
164944
164898
164879
164774
164656
164634
164584
164401
164397
164335
164298
164143
164125
164001
163978
163952
163913
163879
163853
163847
163825
163819
163811
163718
163596
163594
163554
163430
163344
163276
163259
163240
163231
163137
163099
163096
163055
163055
163017
162900
162763
162696
162607
162519
162514
162492
162484
162322
162216
162207
162097
162001
161955
161798
161628
161593
161528
161411
161352
161343
161260
161203
161160
161151
161115
161065
161028
160914
160417
160406
160396
160230
160218
160173
160006
159931
159824
159758
159634
159629
159477
159374
159369
159294
159244
159231
159158
159108
159011
158921
158876
158848
158756
158725
158664
158599
158533
158417
158388
158315
158234
158195
158100
158082
157929
157922
157843
157644
157616
157423
157228
157170
157097
156994
156973
156968
156931
156921
156898
156850
156839
156839
156810
156709
156533
156481
156288
156267
156217
156208
155990
155909
155838
155771
155719
155621
155575
155563
155466
155174
155081
154903
154746
154713
154649
154536
154524
154502
154431
154346
154195
154168
154158
154073
153880
153833
153713
153606
153530
153529
153521
153408
153357
153351
153311
153086
153066
152990
152985
152926
152577
152560
152544
152532
152518
152483
152419
152394
152339
152314
152081
151949
151833
151829
151799
151785
151762
151734
151732
151716
151672
151657
151637
151611
151561
151561
151503
151470
151282
151056
151032
151013
150996
150807
150700
150629
150617
150539
150383
150287
150247
150233
150204
150172
150107
150088
149847
149825
149751
149665
149656
149653
149568
149507
149467
149375
149318
149299
149235
149224
149088
149043
149021
148965
148925
148752
148510
148475
148470
148376
148344
148145
148076
148070
148032
147983
147791
147764
147678
147648
147601
147501
147396
147395
147362
147284
147254
147245
147233
147042
147035
146977
146947
146927
146879
146811
146695
146682
146673
146485
146478
146475
146391
146181
145994
145936
145727
145721
145676
145563
145539
145535
145407
145388
145367
145292
145216
145202
145117
145107
145107
144915
144855
144797
144761
144409
144395
144278
144269
144185
144146
144118
144069
144021
143917
143891
143871
143823
143599
143424
143337
143004
142881
142857
142833
142813
142779
142504
142491
142450
142396
142219
142132
141950
141884
141864
141800
141759
141755
141732
141702
141663
141551
141542
141497
141418
141372
141360
141264
141255
141158
141097
141097
141090
140802
140785
140753
140701
140684
140586
140482
140306
140197
140161
140114
140078
139995
139922
139787
139748
139685
139664
139639
139556
139482
139453
139417
139403
139293
139285
139273
139064
139027
138962
138949
138933
138881
138850
138847
138800
138791
138724
138469
138447
138414
138356
138345
138325
138280
138127
138118
138071
138061
137806
137768
137752
137699
137517
137441
137417
137398
137319
137302
137233
137190
137157
137125
137072
137071
137025
136969
136949
136947
136938
136795
136526
136452
136242
136200
136118
136042
135946
135881
135838
135640
135631
135591
135552
135542
135390
135355
135291
135238
135232
135221
135082
135061
135050
135030
135019
134981
134875
134873
134796
134745
134669
134578
134557
134553
134497
134399
134103
134008
133942
133815
133756
133731
133659
133634
133596
133482
133453
133439
133412
133307
133203
133136
133106
133080
133041
132997
132976
132933
132887
132689
132631
132627
132622
132577
132538
132409
132401
132394
132169
132028
132022
131961
131743
131712
131668
131658
131553
131517
131490
131421
131413
131397
131277
131264
131166
131143
130924
130719
130718
130560
130547
130495
130435
130406
130337
130297
130201
130187
130124
130014
129940
129922
129914
129698
129555
129544
129443
129340
129295
129187
129020
128950
128888
128807
128732
128728
128710
128625
128169
128117
127988
127966
127881
127837
127633
127597
127483
127457
127200
127193
127136
127129
127033
126867
126809
126776
126775
126745
126662
126658
126646
126562
126558
126416
126313
126235
125820
125800
125755
125715
125672
125671
125648
125563
125516
125416
125404
124934
124923
124889
124720
124611
124570
124508
124484
124441
124393
124372
124108
123978
123816
123716
123475
123227
123127
122951
122890
122883
122847
122600
122464
122370
122314
122042
121997
121939
121843
121784
121784
121758
121540
121451
121408
121345
121290
121228
121209
121001
120845
120759
120668
120662
120615
120554
120541
120350
120275
120265
120203
120060
120042
120017
119986
119856
119836
119665
119649
119607
119500
119274
118918
118800
118782
118678
118662
118419
118408
118201
118072
117962
117949
117900
117896
117830
117794
117703
117654
117649
117648
117579
117565
117408
117373
117230
117098
117033
116996
116989
116914
116849
116794
116769
116687
116680
116644
116604
116466
116462
116386
116369
116365
116333
116333
116109
115946
115935
115794
115714
115693
115643
115577
115520
115477
115452
115371
115234
115204
115202
115176
115142
115072
114989
114973
114935
114885
114848
114844
114737
114699
114612
114531
114490
114346
114255
114218
114204
114037
113958
113951
113912
113848
113750
113655
113566
113521
113496
113307
113287
113244
113170
113169
113097
112994
112919
112878
112865
112816
112647
112636
112555
112548
112547
112521
112289
112257
112224
112098
112008
111889
111809
111709
111599
111468
111377
111257
111255
111245
111202
111188
111167
111155
111145
111144
111144
111101
110991
110912
110911
110890
110754
110744
110599
110444
110401
110374
110355
110346
110246
110238
110234
110216
110170
110070
109911
109755
109710
109693
109654
109534
109514
109376
109345
109295
109285
108960
108875
108787
108766
108758
108751
108740
108716
108697
108691
108665
108590
108496
108486
108471
108456
108443
108412
108351
108340
108336
108245
108106
108005
107993
107972
107904
107848
107831
107757
107720
107641
107610
107501
107368
107359
107334
107305
107276
107266
107188
107065
107065
107026
107008
106828
106818
106814
106798
106697
106662
106572
106544
106523
106286
106241
106206
106194
106011
105893
105884
105836
105696
105689
105601
105580
105553
105501
105444
105413
105397
105323
105257
105163
105153
104944
104937
104935
104890
104782
104655
104634
104552
104462
104369
104288
104240
104171
104000
103968
103910
103840
103838
103725
103693
103672
103604
103229
103127
103109
103080
103020
102884
102844
102826
102819
102792
102701
102676
102622
102607
102545
102515
102364
102253
102169
102062
101971
101968
101964
101746
101709
101676
101420
101386
101337
101332
101223
101201
100968
100890
100797
100759
100759
100714
100592
100562
100557
100269
100173
100026
99962
99877
99848
99543
99543
99524
99489
99460
99439
99320
99313
99150
99125
99027
99020
98955
98950
98897
98778
98570
98244
98124
98056
98049
97807
97612
97545
97460
97361
97347
97272
97267
97183
97158
97150
97111
97077
97038
96903
96884
96810
96792
96788
96259
96195
96128
96093
96091
95977
95955
95902
95825
95794
95781
95730
95643
95635
95629
95536
95478
95421
95384
95305
95283
95184
95078
95059
95044
94963
94886
94746
94663
94607
94599
94597
94586
94537
94450
94363
94304
94191
94172
94063
94053
93995
93995
93983
93970
93939
93895
93833
93621
93613
93597
93547
93508
93439
93412
93406
93371
93353
93326
93098
93000
92991
92927
92687
92664
92544
92447
92415
92401
92319
92316
92303
92284
92229
92226
92225
92045
91994
91987
91953
91923
91863
91723
91421
91127
91110
91014
90947
90848
90677
90625
90572
90486
90474
90466
90445
90372
90350
90297
90288
90257
90197
90105
90068
90017
89928
89760
89639
89576
89562
89511
89437
89332
89258
89223
89199
89136
89004
88844
88746
88739
88669
88618
88617
88560
88497
88420
88398
88295
88247
88165
87948
87811
87771
87746
87727
87706
87579
87554
87522
87495
87495
87474
87458
87433
87394
87377
87086
87007
86996
86897
86716
86715
86629
86446
86305
86299
86193
86047
86041
86034
85994
85968
85953
85934
85884
85837
85739
85449
85396
85359
85330
85312
85303
85282
85214
85211
85118
85101
85092
85071
84900
84900
84892
84682
84676
84622
84536
84528
84366
84344
84328
84306
84190
84044
84016
83988
83966
83915
83911
83854
83773
83681
83484
83458
83450
83410
83162
83154
83009
83002
82974
82974
82937
82933
82839
82745
82648
82569
82513
82488
82250
82223
82207
82144
82060
82007
81979
81958
81938
81933
81895
81872
81739
81463
81220
81110
80973
80929
80839
80832
80720
80649
80600
80517
80516
80411
80375
80374
80367
80343
80303
80178
80084
80077
80055
80047
80027
80023
79896
79676
79591
79558
79544
79489
79479
79347
79176
79153
79113
78896
78798
78762
78755
78650
78417
78322
78267
78223
78207
78186
78153
78146
78081
77976
77968
77936
77861
77820
77815
77799
77717
77624
77432
77195
77043
77037
76802
76753
76639
76610
76540
76468
76336
76335
76305
76260
76184
76125
76055
75918
75892
75884
75707
75612
75591
75531
75446
75203
75202
75196
75160
75158
75121
74993
74925
74913
74912
74902
74728
74717
74620
74574
74517
74466
74462
74419
74387
74251
74227
74072
74006
73988
73977
73946
73900
73849
73825
73521
73487
73485
73432
73415
73396
73361
73279
73257
73170
73116
72972
72972
72838
72762
72661
72640
72415
72312
72279
72249
72203
72183
72017
71989
71967
71814
71657
71584
71579
71485
71369
71279
71256
71243
71201
71143
71093
71036
71031
70988
70756
70716
70603
70582
70544
70411
70305
70292
70241
70213
70007
69842
69744
69667
69664
69644
69634
69559
69556
69353
69296
69126
69119
69095
69072
69010
68969
68963
68796
68693
68613
68403
68390
68273
68132
68090
67899
67891
67882
67709
67676
67662
67653
67600
67429
67401
67373
67364
67327
67263
67052
66938
66920
66888
66795
66745
66539
66433
66294
66221
66213
66153
66036
66024
65899
65832
65803
65772
65696
65655
65647
65496
65423
65394
65318
65202
65100
65054
64993
64812
64762
64733
64706
64534
64525
64506
64506
64490
64470
64430
64353
64227
64046
63933
63884
63840
63726
63672
63496
63405
63355
63297
63283
63174
63045
63009
62968
62941
62904
62890
62793
62705
62668
62630
62589
62479
62449
62435
62409
62360
62212
62201
62121
62101
62086
61853
61852
61834
61678
61583
61560
61354
61310
61275
61233
61193
61100
61019
61016
61003
60926
60919
60898
60487
60485
60441
60368
60275
60201
60175
60161
60109
60100
60068
60019
59732
59730
59609
59511
59487
59476
59464
59325
59238
59186
59182
59142
59131
59128
59102
59095
59066
58963
58961
58957
58885
58718
58695
58570
58558
58536
58509
58507
58385
58274
58201
58167
58112
58095
58068
58064
58043
57986
57890
57841
57554
57540
57527
57413
57378
57339
57211
57078
57020
56948
56902
56883
56852
56840
56804
56759
56731
56695
56565
56562
56552
56495
56340
56225
56215
56074
56068
56039
56020
56011
55937
55816
55811
55682
55658
55589
55567
55508
55471
55469
55445
55423
55406
55318
55206
55195
55094
55044
55005
54947
54830
54731
54694
54666
54643
54638
54629
54606
54537
54504
54381
54363
54340
54293
54220
54206
54188
54110
54064
54032
54015
53921
53839
53794
53744
53682
53636
53567
53463
53454
53349
53342
53306
53272
53149
52917
52901
52816
52555
52544
52352
52320
52316
52298
52080
52048
52026
51888
51842
51737
51732
51646
51626
51468
51452
51410
51377
51314
51249
51249
51233
51166
51092
51085
51076
51067
51066
51006
50941
50872
50789
50770
50723
50592
50547
50522
50520
50438
50365
50079
50065
50063
50017
50014
49875
49596
49487
49456
49454
49451
49442
49242
49212
49153
49132
49103
49088
49066
49059
48953
48892
48882
48836
48810
48682
48659
48629
48624
48595
48534
48515
48463
48423
48341
47955
47828
47789
47738
47715
47715
47684
47632
47581
47532
47454
47410
47359
47352
47270
47234
47195
47182
47132
47048
47009
47003
47001
46952
46879
46861
46805
46793
46753
46669
46655
46604
46592
46591
46534
46507
46507
46476
46476
46389
46382
46348
46319
46282
46260
46137
46111
46057
46056
45997
45773
45727
45684
45677
45650
45429
45423
45382
45311
45267
45254
45246
45049
44951
44947
44791
44790
44788
44777
44703
44677
44674
44655
44432
44254
44248
44234
44218
44180
44153
44115
44055
43912
43879
43588
43521
43389
43383
43338
43036
42945
42828
42802
42774
42751
42701
42680
42646
42591
42551
42531
42414
42405
42181
42146
42045
41970
41920
41656
41651
41638
41628
41574
41513
41402
41371
41342
41158
41053
40952
40942
40940
40795
40682
40580
40448
40259
40205
40121
39930
39907
39813
39441
39424
39374
39351
39313
39310
39290
39265
39155
39080
39075
39073
39058
39011
38945
38685
38672
38660
38643
38523
38502
38454
38296
38208
38197
38132
38125
38049
38041
37968
37868
37849
37835
37510
37391
37296
37248
37233
37224
37208
37195
37171
36945
36892
36702
36632
36600
36566
36557
36420
36392
36360
36163
36105
36072
36015
35914
35700
35483
35410
35350
35344
35278
35257
34973
34935
34923
34829
34720
34550
34517
34466
34396
34276
34053
33976
33957
33700
33686
33647
33591
33420
33381
33378
33357
33273
33271
33026
32957
32932
32875
32818
32725
32686
32608
32606
32496
32273
31961
31917
31795
31706
31686
31676
31604
31491
31441
31395
31386
31290
31284
31232
31179
30963
30837
30818
30730
30703
30611
30593
30548
30535
30451
30434
30404
30300
30299
30285
30245
30064
29847
29810
29732
29683
29644
29637
29536
29482
29247
29244
29185
28929
28905
28884
28745
28673
28663
28610
28523
28500
28489
28471
28379
28356
28329
28215
28135
28125
27941
27904
27838
27771
27748
27688
27640
27639
27623
27589
27545
27394
27254
27230
27221
27158
26929
26862
26846
26802
26778
26684
26669
26639
26630
26614
26606
26514
26463
26405
26072
25945
25924
25896
25820
25782
25781
25658
25629
25440
25430
25410
25267
25192
25146
24988
24952
24892
24712
24605
24546
24545
24447
24340
24191
24083
24077
24065
23902
23810
23581
23234
23229
23221
23210
23167
23117
22933
22908
22907
22895
22892
22843
22642
22599
22571
22521
22494
22410
22382
22379
22375
22219
21963
21869
21740
21694
21686
21560
21530
21520
21474
21466
21434
21429
21426
21299
21226
21122
21106
21048
20987
20912
20827
20815
20753
20308
20257
20239
20238
20167
20098
19999
19997
19927
19829
19778
19761
19719
19683
19600
19598
19505
19399
19386
19367
19308
19275
19250
19223
19216
19115
19100
18881
18863
18776
18641
18458
18225
18205
18200
18185
18174
18111
18044
17981
17884
17824
17743
17631
17617
17600
17599
17569
17561
17413
17322
17307
17283
17232
17225
17219
17170
17166
17009
16994
16992
16943
16923
16917
16827
16769
16732
16719
16441
16429
16409
16163
16149
16138
16080
16022
15988
15668
15618
15494
15485
15311
15264
15250
15229
15199
15162
15056
14923
14923
14871
14741
14679
14676
14617
14564
14543
14481
14373
14232
14207
14196
14151
14129
14062
14039
14030
14010
13963
13795
13747
13686
13603
13598
13554
13405
13362
13340
13328
13287
13281
13162
13133
13083
13061
12890
12827
12800
12746
12718
12652
12628
12599
12550
12549
12467
12452
12384
12248
12197
12077
11857
11759
11746
11741
11702
11649
11647
11642
11542
11482
11459
11429
11356
11345
11266
11204
11146
11114
11109
11023
10878
10775
10728
10712
10704
10556
10495
10462
10430
10238
10167
10120
10091
10037
10030
9972
9959
9887
9846
9690
9466
9458
9357
9178
9025
8969
8819
8797
8779
8770
8737
8625
8532
8437
8365
8247
8150
8107
7950
7579
7567
7498
7452
7389
7373
7367
7365
7349
7164
7120
7013
7010
6931
6885
6873
6851
6785
6708
6668
6647
6604
6466
6408
6318
6135
6097
6034
5916
5871
5858
5816
5724
5675
5628
5589
5523
5467
5419
5356
5348
5292
5100
5070
4865
4684
4639
4633
4603
4382
4310
4242
4142
4086
3960
3937
3808
3763
3758
3725
3659
3643
3617
3552
3505
3367
3358
3284
3278
3259
3254
3133
3069
3017
3009
2985
2785
2486
2278
2252
2031
1974
1871
1809
1710
1688
1612
1579
1462
1447
1295
1040
1039
1013
955
953
902
863
853
798
766
755
736
711
709
641
558
327
320
302
289
117
69
12
-9
-24
-91
-207
-380
-481
-598
-619
-631
-651
-690
-721
-856
-876
-927
-1040
-1113
-1130
-1135
-1294
-1406
-1408
-1408
-1419
-1476
-1489
-1610
-1667
-1798
-1834
-1927
-1963
-1998
-1998
-2111
-2135
-2153
-2259
-2276
-2339
-2393
-2397
-2463
-2697
-2720
-2777
-2783
-2831
-2918
-2921
-3225
-3252
-3298
-3326
-3365
-3446
-3447
-3620
-3630
-3755
-3800
-3821
-3864
-3888
-3949
-4047
-4102
-4254
-4320
-4350
-4394
-4444
-4492
-4592
-4601
-4658
-4694
-4710
-4859
-5003
-5011
-5195
-5246
-5270
-5274
-5439
-5443
-5500
-5545
-5599
-5605
-5627
-5642
-5751
-5795
-5871
-5875
-5879
-5936
-6091
-6235
-6285
-6392
-6451
-6510
-6683
-6687
-6719
-6896
-6924
-6972
-7025
-7050
-7077
-7326
-7352
-7386
-7419
-7477
-7532
-7548
-7558
-7685
-7702
-7730
-7771
-7939
-8055
-8182
-8206
-8212
-8409
-8419
-8542
-8895
-8929
-9140
-9144
-9183
-9219
-9232
-9258
-9265
-9375
-9386
-9483
-9499
-9590
-9932
-9977
-9990
-10082
-10190
-10250
-10278
-10306
-10306
-10325
-10395
-10718
-10781
-10841
-10853
-10962
-10980
-11100
-11112
-11337
-11361
-11453
-11517
-11533
-11598
-11601
-11611
-11726
-11745
-11766
-11790
-11792
-11945
-11947
-12058
-12332
-12357
-12396
-12411
-12457
-12494
-12509
-12511
-12534
-12668
-12695
-12723
-12823
-13072
-13200
-13224
-13262
-13362
-13369
-13437
-13458
-13468
-13480
-13482
-13636
-13665
-13688
-13835
-13915
-13950
-13966
-13999
-14038
-14198
-14288
-14652
-14728
-14739
-14813
-14869
-14882
-14917
-14993
-15118
-15312
-15317
-15408
-15533
-15752
-15891
-15978
-16092
-16267
-16269
-16384
-16394
-16400
-16586
-16618
-16660
-16699
-16723
-16737
-16825
-16856
-16865
-16961
-16964
-17124
-17384
-17840
-17857
-17876
-17890
-17897
-17936
-18010
-18024
-18129
-18241
-18363
-18502
-18525
-18566
-18593
-18619
-18758
-18759
-18952
-18958
-19043
-19048
-19048
-19069
-19070
-19154
-19156
-19326
-19351
-19361
-19365
-19416
-19596
-19629
-19717
-19742
-19748
-19782
-19955
-20051
-20080
-20142
-20165
-20199
-20213
-20235
-20309
-20313
-20383
-20477
-20632
-20791
-20970
-21020
-21123
-21134
-21147
-21153
-21157
-21186
-21213
-21271
-21381
-21390
-21448
-21472
-21561
-21567
-21625
-21756
-21809
-21956
-21967
-22007
-22052
-22062
-22086
-22155
-22182
-22227
-22319
-22405
-22466
-22541
-22598
-22613
-22711
-22804
-22812
-22819
-22907
-22919
-22964
-23013
-23088
-23106
-23117
-23132
-23167
-23216
-23258
-23294
-23294
-23295
-23407
-23442
-23536
-23557
-23712
-23765
-23858
-23893
-23901
-23927
-23942
-23950
-24228
-24258
-24263
-24300
-24303
-24317
-24378
-24399
-24426
-24551
-24628
-24774
-25087
-25097
-25182
-25188
-25195
-25238
-25378
-25446
-25503
-25571
-25739
-25756
-25827
-25833
-25861
-25875
-25980
-26016
-26081
-26159
-26226
-26244
-26331
-26415
-26431
-26502
-26667
-26682
-26683
-26739
-26784
-26839
-26860
-26887
-26892
-26910
-26939
-27134
-27152
-27167
-27269
-27312
-27409
-27439
-27446
-27453
-27503
-27541
-27571
-27608
-27764
-27813
-27965
-28194
-28380
-28450
-28499
-28505
-28909
-28926
-28937
-28937
-29036
-29060
-29107
-29400
-29532
-29624
-29648
-29695
-29757
-29935
-30016
-30029
-30058
-30072
-30203
-30244
-30288
-30297
-30367
-30372
-30420
-30464
-30487
-30492
-30581
-30734
-30781
-30865
-30874
-30895
-31079
-31091
-31273
-31284
-31290
-31313
-31433
-31600
-31667
-31689
-31705
-31762
-31900
-31976
-32054
-32066
-32075
-32103
-32114
-32223
-32224
-32228
-32388
-32507
-32541
-32550
-32620
-32665
-32666
-32820
-32979
-32995
-33030
-33117
-33234
-33330
-33449
-33597
-33615
-33632
-33667
-33687
-33813
-33824
-33866
-34002
-34033
-34153
-34218
-34253
-34288
-34293
-34446
-34497
-34536
-34537
-34608
-34610
-34632
-34715
-34754
-34860
-34965
-34983
-35173
-35192
-35292
-35571
-35620
-35773
-35776
-35779
-35820
-35861
-35968
-35985
-36003
-36070
-36148
-36158
-36174
-36228
-36260
-36435
-36536
-36700
-36717
-36731
-36740
-36891
-36996
-37033
-37072
-37113
-37223
-37335
-37433
-37444
-37492
-37568
-37585
-37730
-37732
-37743
-37825
-37837
-37920
-37932
-38199
-38267
-38295
-38382
-38411
-38476
-38492
-38560
-38662
-38772
-38773
-38794
-38841
-39081
-39090
-39093
-39137
-39467
-39499
-39578
-39737
-39769
-39838
-39970
-40006
-40070
-40088
-40108
-40156
-40238
-40308
-40315
-40461
-40632
-40716
-40718
-40820
-40873
-40936
-40955
-40983
-41154
-41161
-41248
-41259
-41273
-41301
-41336
-41337
-41396
-41440
-41508
-41535
-41582
-41602
-41670
-41676
-41714
-41719
-41739
-41871
-41875
-42124
-42146
-42180
-42303
-42303
-42308
-42321
-42437
-42502
-42690
-42818
-42889
-42901
-42943
-43101
-43228
-43405
-43559
-43664
-43774
-43870
-44035
-44067
-44070
-44142
-44150
-44183
-44213
-44389
-44398
-44419
-44429
-44482
-44538
-44602
-44658
-44708
-44745
-44813
-44934
-44985
-45059
-45092
-45100
-45135
-45226
-45252
-45255
-45292
-45346
-45357
-45479
-45487
-45576
-45582
-45607
-45691
-45712
-45761
-45865
-45923
-45927
-45990
-46280
-46333
-46348
-46361
-46399
-46475
-46523
-46823
-46969
-47010
-47057
-47077
-47306
-47307
-47321
-47375
-47462
-47577
-47734
-47749
-47782
-47787
-47845
-48020
-48068
-48075
-48174
-48317
-48393
-48469
-48583
-48585
-48608
-48609
-48653
-48750
-48766
-48900
-49001
-49009
-49017
-49073
-49077
-49118
-49124
-49172
-49192
-49203
-49361
-49446
-49471
-49485
-49502
-49573
-49600
-49606
-49635
-49901
-49916
-49918
-49943
-49988
-50061
-50081
-50131
-50133
-50260
-50722
-50797
-50937
-50952
-50971
-51099
-51136
-51181
-51209
-51356
-51437
-51446
-51828
-51865
-51975
-52049
-52065
-52096
-52166
-52196
-52241
-52252
-52371
-52441
-52442
-52481
-52485
-52539
-52643
-52680
-52759
-52897
-52906
-52955
-53002
-53010
-53040
-53082
-53199
-53200
-53317
-53389
-53436
-53494
-53522
-53548
-53586
-53681
-53684
-53691
-53953
-53982
-54084
-54128
-54139
-54153
-54168
-54198
-54262
-54293
-54489
-54516
-54538
-54620
-54651
-54794
-54824
-54877
-54887
-54972
-55048
-55102
-55111
-55237
-55292
-55359
-55371
-55377
-55451
-55525
-55556
-55592
-55642
-55652
-55808
-55898
-55939
-56065
-56107
-56239
-56249
-56294
-56309
-56315
-56325
-56331
-56412
-56431
-56471
-56511
-56529
-56653
-56673
-56705
-56740
-56849
-56937
-56981
-56984
-56989
-56993
-57079
-57121
-57136
-57171
-57231
-57311
-57512
-57540
-57583
-57618
-57625
-57844
-57971
-58215
-58235
-58335
-58353
-58384
-58402
-58450
-58453
-58489
-58527
-58608
-58654
-58713
-58730
-58742
-58769
-58830
-58964
-58977
-59120
-59144
-59239
-59456
-59517
-59525
-59635
-59662
-59714
-59806
-59864
-59880
-59981
-60008
-60016
-60112
-60172
-60180
-60184
-60190
-60220
-60323
-60401
-60454
-60458
-60498
-60576
-60698
-60759
-60776
-60789
-60804
-60888
-61108
-61128
-61174
-61262
-61281
-61580
-61604
-61641
-61658
-61664
-61707
-61807
-61819
-61885
-61914
-61921
-61934
-61995
-62063
-62107
-62114
-62115
-62130
-62148
-62165
-62182
-62222
-62232
-62301
-62325
-62429
-62492
-62495
-62508
-62522
-62543
-62548
-62666
-62701
-62740
-62745
-62769
-62804
-62836
-62842
-62938
-62967
-63002
-63051
-63106
-63129
-63180
-63290
-63373
-63404
-63613
-63627
-63649
-63680
-63689
-63694
-63814
-63835
-63885
-63891
-63981
-64016
-64061
-64110
-64181
-64330
-64428
-64731
-64731
-64761
-64804
-64849
-64852
-64911
-65048
-65142
-65352
-65374
-65459
-65486
-65520
-65849
-65899
-66031
-66052
-66158
-66165
-66218
-66225
-66295
-66337
-66410
-66444
-66559
-66571
-66647
-66647
-66657
-66676
-66691
-66722
-66744
-66819
-66832
-67088
-67159
-67303
-67417
-67457
-67589
-67633
-67634
-67638
-67675
-67681
-67823
-67906
-68016
-68288
-68313
-68463
-68480
-68552
-68557
-68575
-68583
-68953
-69132
-69161
-69182
-69191
-69232
-69237
-69240
-69270
-69293
-69300
-69304
-69354
-69418
-69624
-69631
-69765
-69789
-69801
-69846
-69892
-69991
-70028
-70067
-70083
-70091
-70150
-70264
-70301
-70313
-70450
-70467
-70554
-70622
-70636
-70781
-70872
-70886
-70992
-71033
-71033
-71033
-71169
-71316
-71347
-71445
-71540
-71708
-71714
-71774
-71934
-71940
-71988
-71996
-72012
-72035
-72049
-72067
-72135
-72234
-72263
-72304
-72340
-72349
-72593
-72644
-72653
-72720
-72762
-72773
-72812
-72826
-72887
-72914
-73068
-73205
-73246
-73313
-73340
-73396
-73514
-73652
-73685
-73692
-73890
-73996
-74101
-74216
-74230
-74392
-74395
-74412
-74500
-74501
-74541
-74563
-74648
-74930
-74979
-74980
-75007
-75091
-75091
-75126
-75263
-75282
-75307
-75332
-75348
-75372
-75421
-75438
-75479
-75545
-75548
-75673
-75677
-75719
-75808
-75832
-75906
-75960
-76028
-76096
-76147
-76195
-76205
-76262
-76272
-76307
-76341
-76477
-76505
-76529
-76531
-76531
-76626
-76655
-76681
-76917
-76979
-76982
-77241
-77519
-77534
-77627
-77638
-77708
-77766
-77830
-77851
-77947
-78005
-78106
-78297
-78313
-78682
-78708
-78763
-78800
-78837
-78893
-79037
-79093
-79171
-79209
-79217
-79321
-79330
-79336
-79400
-79606
-79683
-79689
-79855
-80018
-80085
-80125
-80127
-80183
-80190
-80408
-80567
-80738
-80842
-80941
-81020
-81037
-81137
-81292
-81331
-81407
-81407
-81462
-81673
-81719
-81795
-81945
-81960
-82000
-82007
-82150
-82372
-82514
-82631
-82837
-82871
-83007
-83091
-83196
-83213
-83223
-83262
-83443
-83448
-83586
-83592
-83653
-83812
-83917
-83938
-83956
-84014
-84261
-84336
-84575
-84610
-84669
-84735
-84794
-84889
-84971
-85025
-85043
-85086
-85087
-85144
-85177
-85215
-85242
-85312
-85359
-85383
-85460
-85592
-85620
-85695
-85706
-85758
-85790
-85792
-85879
-85889
-86107
-86212
-86240
-86342
-86349
-86424
-86430
-86489
-86494
-86624
-86644
-86726
-86781
-86783
-86835
-86891
-86897
-87045
-87098
-87174
-87236
-87361
-87505
-87508
-87716
-87741
-87849
-87881
-88018
-88046
-88101
-88198
-88324
-88326
-88426
-88518
-88531
-88553
-88595
-88606
-88676
-88819
-88879
-88972
-89052
-89190
-89300
-89317
-89360
-89364
-89399
-89463
-89590
-89629
-89640
-89744
-89826
-89942
-89956
-90008
-90078
-90183
-90296
-90356
-90551
-90570
-90570
-90634
-90637
-90691
-90739
-90845
-90918
-90992
-91030
-91193
-91285
-91372
-91422
-91452
-91518
-91564
-91615
-91813
-91935
-92011
-92158
-92158
-92162
-92250
-92261
-92268
-92378
-92395
-92438
-92640
-92647
-92761
-92816
-92821
-92845
-92874
-93043
-93077
-93182
-93183
-93420
-93438
-93453
-93464
-93479
-93505
-93535
-93617
-93819
-93839
-93858
-93867
-94037
-94241
-94379
-94383
-94391
-94402
-94424
-94429
-94443
-94449
-94458
-94621
-94722
-94729
-94743
-94768
-94935
-94953
-95091
-95107
-95158
-95480
-95486
-95489
-95530
-95557
-95627
-95667
-95724
-95737
-95806
-95818
-95867
-95883
-95916
-95923
-95944
-95962
-95982
-96003
-96034
-96051
-96074
-96074
-96116
-96139
-96174
-96223
-96249
-96346
-96374
-96458
-96466
-96504
-96523
-96550
-96634
-96722
-96751
-96924
-96937
-96983
-96989
-97068
-97150
-97176
-97223
-97308
-97315
-97347
-97387
-97396
-97486
-97577
-97688
-97792
-97849
-97863
-97958
-98046
-98099
-98161
-98174
-98205
-98337
-98384
-98463
-98476
-98574
-98673
-98811
-98847
-98898
-99114
-99145
-99221
-99414
-99601
-99705
-99715
-99805
-99825
-99834
-99892
-99906
-100144
-100159
-100303
-100318
-100318
-100326
-100381
-100453
-100500
-100502
-100503
-100511
-100538
-100654
-100746
-100787
-100807
-100877
-100890
-100914
-101018
-101030
-101100
-101107
-101134
-101284
-101297
-101385
-101557
-101619
-101716
-101776
-102036
-102040
-102119
-102168
-102238
-102256
-102304
-102327
-102385
-102504
-102593
-102603
-102627
-102732
-102737
-102756
-102769
-102920
-102936
-102953
-103057
-103091
-103125
-103134
-103202
-103227
-103269
-103277
-103574
-103586
-103597
-103609
-103719
-103720
-103750
-103765
-103902
-103923
-103951
-104049
-104117
-104192
-104211
-104333
-104382
-104634
-104801
-104835
-104873
-104910
-105050
-105055
-105068
-105079
-105130
-105237
-105283
-105384
-105424
-105440
-105462
-105639
-105660
-105714
-105763
-105867
-106066
-106077
-106135
-106138
-106195
-106348
-106516
-106607
-106704
-106705
-106751
-106788
-106875
-106987
-107044
-107103
-107113
-107116
-107132
-107149
-107155
-107161
-107233
-107264
-107526
-107668
-107684
-107738
-107780
-107790
-107808
-107816
-107827
-107831
-107832
-107913
-107952
-107982
-108006
-108057
-108064
-108230
-108293
-108302
-108306
-108328
-108454
-108541
-108587
-108646
-108744
-109054
-109247
-109424
-109487
-109490
-109560
-109608
-109643
-109736
-109759
-109832
-109913
-109925
-109948
-110014
-110066
-110101
-110115
-110117
-110125
-110242
-110320
-110435
-110446
-110508
-110522
-110576
-110613
-110654
-110680
-110765
-110769
-110770
-110821
-110887
-110892
-110943
-110981
-111006
-111017
-111022
-111024
-111062
-111099
-111158
-111183
-111235
-111325
-111461
-111463
-111689
-111695
-111742
-111754
-111778
-111786
-111817
-111843
-111852
-111853
-111885
-111901
-111953
-111962
-112064
-112077
-112161
-112162
-112201
-112207
-112210
-112253
-112265
-112278
-112290
-112312
-112321
-112374
-112378
-112861
-112940
-112956
-113016
-113044
-113190
-113235
-113312
-113348
-113420
-113554
-113591
-113885
-114051
-114063
-114093
-114118
-114134
-114164
-114165
-114250
-114260
-114325
-114509
-114560
-114565
-114624
-114777
-114796
-114821
-114853
-114889
-114920
-114947
-115019
-115067
-115369
-115648
-115882
-115896
-115923
-115925
-116198
-116203
-116354
-116363
-116367
-116403
-116472
-116511
-116671
-116710
-116752
-116776
-116795
-116923
-117161
-117202
-117247
-117253
-117265
-117288
-117335
-117336
-117400
-117487
-117596
-117672
-117840
-117895
-118006
-118041
-118136
-118154
-118262
-118421
-118755
-118852
-119118
-119172
-119210
-119296
-119298
-119359
-119371
-119407
-119456
-119589
-119596
-119620
-119633
-119730
-119760
-119823
-119904
-120048
-120211
-120226
-120254
-120342
-120439
-120439
-120551
-120595
-120672
-120827
-120851
-120973
-121007
-121054
-121067
-121085
-121087
-121144
-121164
-121174
-121178
-121286
-121381
-121466
-121486
-121688
-121705
-121717
-121782
-122018
-122021
-122130
-122157
-122161
-122224
-122234
-122423
-122446
-122554
-122597
-122718
-122730
-122880
-123005
-123060
-123087
-123153
-123206
-123221
-123283
-123418
-123442
-123483
-123488
-123669
-123710
-123720
-123788
-123799
-123825
-123827
-123993
-124193
-124239
-124244
-124342
-124450
-124590
-124857
-124901
-124925
-124983
-124985
-124986
-125005
-125060
-125140
-125261
-125297
-125464
-125494
-125537
-125543
-125547
-125569
-125579
-125588
-125595
-125611
-125642
-125659
-125744
-125797
-125867
-125935
-125943
-126050
-126070
-126097
-126150
-126156
-126212
-126277
-126280
-126329
-126369
-126413
-126456
-126500
-126583
-126626
-126686
-126744
-126817
-127063
-127073
-127077
-127174
-127223
-127351
-127432
-127451
-127500
-127510
-127558
-127843
-127933
-127952
-127979
-128036
-128064
-128084
-128115
-128126
-128137
-128232
-128253
-128277
-128511
-128519
-128554
-128754
-128897
-128995
-129038
-129103
-129135
-129136
-129222
-129278
-129382
-129382
-129391
-129471
-129485
-129508
-129557
-129587
-129591
-129615
-129620
-129659
-129706
-129809
-129985
-130285
-130316
-130366
-130374
-130442
-130481
-130590
-130686
-130735
-130847
-130864
-130919
-130999
-131074
-131094
-131119
-131135
-131160
-131208
-131220
-131246
-131262
-131313
-131444
-131448
-131545
-131604
-131607
-131636
-131637
-131860
-132005
-132085
-132128
-132302
-132347
-132347
-132435
-132457
-132497
-132763
-132812
-132831
-132853
-132853
-132908
-132967
-133032
-133048
-133176
-133199
-133200
-133249
-133264
-133322
-133360
-133364
-133396
-133409
-133411
-133460
-133565
-133568
-133645
-133669
-133875
-133889
-133938
-134111
-134194
-134313
-134317
-134380
-134401
-134527
-134556
-134590
-134610
-134628
-134662
-134679
-134691
-134744
-134744
-135146
-135186
-135362
-135398
-135446
-135489
-135569
-135656
-135728
-136007
-136057
-136261
-136327
-136483
-136491
-136626
-136655
-136677
-136734
-136788
-136885
-137024
-137053
-137083
-137153
-137187
-137197
-137211
-137397
-137422
-137424
-137509
-137523
-137532
-137549
-137599
-137640
-137679
-137705
-137747
-137960
-138025
-138164
-138209
-138239
-138253
-138278
-138285
-138297
-138364
-138438
-138472
-138479
-138524
-138539
-138590
-138716
-138734
-138883
-138962
-138974
-139064
-139309
-139455
-139492
-139633
-139796
-139862
-139950
-139959
-140117
-140133
-140222
-140251
-140296
-140345
-140366
-140583
-140757
-140856
-140922
-140932
-141009
-141017
-141046
-141151
-141227
-141256
-141278
-141317
-141681
-141704
-141745
-141760
-141789
-141829
-141875
-141921
-141959
-142034
-142064
-142068
-142095
-142152
-142154
-142245
-142289
-142311
-142384
-142418
-142453
-142461
-142541
-142564
-142580
-142692
-142745
-142749
-142771
-142801
-142906
-143062
-143100
-143216
-143312
-143331
-143436
-143531
-143578
-143584
-143859
-144060
-144081
-144086
-144115
-144206
-144208
-144211
-144357
-144369
-144378
-144411
-144527
-144625
-144730
-144749
-144762
-144799
-144864
-144890
-144928
-144936
-145010
-145053
-145059
-145061
-145069
-145081
-145156
-145277
-145333
-145351
-145406
-145685
-145743
-145813
-145826
-145899
-146042
-146159
-146276
-146290
-146316
-146333
-146448
-146479
-146507
-146514
-146631
-146722
-146784
-146858
-146901
-147033
-147132
-147147
-147298
-147351
-147375
-147407
-147434
-147651
-147681
-147746
-147806
-148004
-148008
-148009
-148033
-148093
-148220
-148382
-148449
-148491
-148761
-148879
-148939
-148961
-149034
-149128
-149130
-149167
-149270
-149397
-149433
-149500
-149505
-149566
-149599
-149685
-149704
-149748
-149783
-149799
-149876
-149896
-149962
-149990
-150015
-150040
-150210
-150224
-150256
-150269
-150311
-150446
-150517
-150661
-150701
-150731
-150791
-150864
-150890
-150923
-150988
-150997
-151038
-151103
-151104
-151133
-151153
-151193
-151234
-151344
-151424
-151563
-151581
-151590
-151598
-151679
-151679
-151836
-151991
-151992
-152199
-152216
-152312
-152356
-152378
-152408
-152409
-152422
-152601
-152720
-152753
-152864
-152900
-153010
-153112
-153170
-153199
-153311
-153544
-153649
-153670
-153722
-153736
-153923
-154014
-154058
-154101
-154178
-154253
-154299
-154307
-154340
-154424
-154435
-154458
-154561
-154561
-154605
-154924
-155038
-155039
-155212
-155243
-155247
-155283
-155562
-155704
-155753
-155774
-155926
-155947
-156003
-156011
-156012
-156040
-156098
-156180
-156225
-156399
-156646
-156692
-156758
-156773
-156808
-156833
-156848
-156853
-156921
-157024
-157082
-157158
-157176
-157318
-157350
-157576
-157627
-157639
-157657
-158037
-158100
-158104
-158301
-158304
-158316
-158480
-158508
-158554
-158578
-158658
-158669
-158699
-158703
-158918
-158920
-158925
-159040
-159193
-159356
-159359
-159368
-159386
-159441
-159487
-159500
-159770
-159784
-159801
-159805
-159938
-159951
-159991
-160101
-160254
-160399
-160442
-160522
-160602
-160629
-160764
-160859
-160932
-160937
-160950
-161008
-161190
-161566
-161641
-161678
-161791
-161805
-161821
-161863
-161885
-161976
-161983
-162091
-162108
-162173
-162184
-162362
-162430
-162557
-162777
-163033
-163046
-163070
-163165
-163329
-163355
-163400
-163423
-163429
-163603
-163622
-163673
-163696
-163752
-163847
-163912
-163955
-164007
-164100
-164151
-164168
-164301
-164393
-164398
-164399
-164420
-164601
-164690
-164700
-164760
-164819
-164859
-164984
-165049
-165055
-165132
-165194
-165252
-165263
-165291
-165423
-165432
-165446
-165474
-165484
-165536
-165558
-165781
-165818
-165874
-165950
-166234
-166274
-166288
-166405
-166446
-166495
-166581
-166639
-166652
-166811
-166818
-166864
-166882
-166974
-166984
-167010
-167023
-167116
-167220
-167249
-167308
-167555
-167563
-167570
-167610
-167641
-167777
-167891
-167992
-168077
-168164
-168172
-168273
-168282
-168311
-168329
-168515
-168580
-168591
-168637
-168670
-168921
-169018
-169052
-169172
-169189
-169250
-169315
-169389
-169396
-169602
-169637
-169887
-170013
-170177
-170196
-170281
-170318
-170372
-170407
-170440
-170467
-170566
-170625
-170777
-170834
-170861
-170869
-170902
-170951
-170999
-171025
-171033
-171069
-171082
-171171
-171189
-171205
-171208
-171240
-171252
-171472
-171738
-171778
-171810
-171813
-171828
-171925
-171974
-172038
-172155
-172239
-172383
-172395
-172426
-172431
-172497
-172675
-172759
-173050
-173080
-173229
-173295
-173477
-173528
-173537
-173555
-173560
-173579
-173676
-173904
-173998
-174065
-174101
-174158
-174191
-174256
-174257
-174292
-174415
-174443
-174443
-174469
-174516
-174520
-174815
-174928
-174965
-175028
-175081
-175083
-175095
-175194
-175198
-175199
-175213
-175288
-175337
-175357
-175389
-175427
-175543
-175564
-175708
-175800
-175806
-175820
-175854
-175889
-176072
-176085
-176091
-176159
-176160
-176250
-176325
-176440
-176447
-176607
-176643
-176752
-176831
-176952
-177011
-177055
-177075
-177141
-177158
-177170
-177239
-177256
-177313
-177342
-177358
-177607
-177638
-177679
-177739
-177767
-177780
-177864
-177935
-177976
-178019
-178041
-178044
-178081
-178082
-178159
-178201
-178263
-178270
-178386
-178398
-178486
-178599
-178665
-178678
-178746
-178789
-178797
-178800
-179073
-179151
-179213
-179254
-179344
-179592
-179606
-179655
-179683
-179710
-179747
-179965
-179969
-180012
-180076
-180097
-180246
-180445
-180563
-180584
-180610
-180676
-180735
-180818
-180833
-180969
-181163
-181320
-181328
-181335
-181336
-181466
-181542
-181579
-181757
-181785
-181802
-181871
-181905
-181995
-182059
-182084
-182136
-182138
-182149
-182237
-182259
-182332
-182341
-182353
-182353
-182398
-182485
-182643
-182791
-182797
-182888
-182897
-182921
-182924
-183008
-183220
-183457
-183492
-183560
-183575
-183634
-183705
-183940
-183953
-183960
-184046
-184056
-184062
-184210
-184232
-184303
-184390
-184419
-184484
-184485
-184525
-184836
-184873
-184978
-185007
-185198
-185220
-185305
-185431
-185451
-185455
-185594
-185664
-185671
-185844
-185917
-185955
-186012
-186013
-186097
-186123
-186131
-186230
-186241
-186305
-186306
-186313
-186333
-186445
-186497
-186604
-186646
-186912
-187039
-187071
-187104
-187166
-187226
-187336
-187367
-187415
-187486
-187493
-187569
-187741
-187924
-188081
-188196
-188254
-188264
-188270
-188363
-188372
-188419
-188472
-188686
-188774
-188908
-188920
-189052
-189105
-189312
-189335
-189353
-189548
-189557
-189567
-189579
-189643
-189656
-189707
-189791
-189813
-189850
-189981
-190008
-190024
-190025
-190101
-190146
-190190
-190218
-190359
-190421
-190521
-190525
-190533
-190548
-190620
-190624
-190629
-190633
-190660
-190667
-190703
-190707
-190755
-190763
-190773
-190829
-190849
-190852
-190865
-190971
-191051
-191096
-191287
-191326
-191365
-191396
-191487
-191546
-191559
-191567
-191567
-191711
-191713
-191780
-191815
-192015
-192325
-192332
-192353
-192386
-192495
-192529
-192578
-192636
-192717
-192739
-192753
-192796
-192801
-192807
-192890
-193274
-193314
-193342
-193459
-193543
-193582
-193603
-193603
-193634
-193702
-193807
-193845
-193861
-193913
-193924
-193980
-194018
-194020
-194067
-194089
-194113
-194183
-194229
-194377
-194453
-194706
-194721
-194840
-194876
-194965
-194973
-195006
-195018
-195130
-195169
-195232
-195285
-195315
-195385
-195403
-195672
-195755
-195850
-195875
-195983
-196044
-196093
-196178
-196337
-196351
-196385
-196468
-196528
-196568
-196615
-196729
-196837
-196851
-196865
-196879
-196896
-196932
-196952
-197003
-197068
-197140
-197194
-197289
-197373
-197398
-197453
-197499
-197506
-197564
-197701
-197749
-197842
-198208
-198210
-198242
-198278
-198294
-198336
-198348
-198487
-198489
-198546
-198596
-198624
-198697
-198739
-198807
-198889
-198969
-199042
-199129
-199182
-199300
-199393
-199415
-199434
-199451
-199489
-199545
-199570
-199648
-199658
-199748
-199851
-199860
-199871
-199917
-200222
-200384
-200440
-200559
-200570
-200601
-200616
-200621
-200640
-200798
-200979
-200990
-201095
-201203
-201205
-201257
-201477
-201555
-201594
-201726
-201790
-201794
-201871
-201887
-201951
-201952
-202012
-202098
-202109
-202187
-202204
-202273
-202321
-202581
-202608
-202634
-202694
-202697
-202711
-202800
-202836
-202874
-202959
-203051
-203117
-203142
-203158
-203199
-203331
-203354
-203483
-203527
-203741
-203881
-204008
-204023
-204065
-204145
-204158
-204162
-204222
-204244
-204352
-204378
-204421
-204436
-204460
-204491
-204612
-204774
-204809
-204829
-204894
-204916
-204973
-204995
-205025
-205094
-205166
-205192
-205313
-205463
-205680
-205705
-205915
-206171
-206207
-206208
-206274
-206335
-206400
-206442
-206450
-206471
-206535
-206593
-206631
-206729
-206785
-206809
-206918
-207162
-207231
-207232
-207239
-207343
-207381
-207386
-207430
-207540
-207596
-207651
-207677
-207677
-207737
-207794
-207835
-207836
-207870
-207883
-207896
-207977
-208033
-208150
-208167
-208226
-208227
-208231
-208263
-208359
-208371
-208380
-208515
-208552
-208579
-208604
-208663
-208718
-208769
-208853
-208894
-208924
-209001
-209145
-209161
-209228
-209351
-209539
-209649
-209670
-209682
-209709
-209756
-209844
-209850
-209859
-209903
-209938
-209991
-209999
-210025
-210030
-210082
-210354
-210385
-210467
-210470
-210495
-210518
-210672
-210724
-211013
-211047
-211149
-211184
-211199
-211265
-211268
-211290
-211333
-211350
-211387
-211451
-211595
-211611
-211733
-211763
-211810
-211878
-211885
-211893
-211908
-211913
-211955
-212011
-212018
-212063
-212118
-212120
-212120
-212156
-212213
-212242
-212263
-212535
-212536
-212545
-212645
-212670
-212735
-212785
-212942
-212991
-213032
-213144
-213186
-213412
-213437
-213440
-213645
-213652
-213670
-213690
-213691
-213776
-213874
-213904
-213935
-214019
-214060
-214088
-214096
-214165
-214205
-214271
-214326
-214368
-214501
-214583
-214613
-214642
-214722
-214747
-214955
-214961
-214970
-215001
-215014
-215063
-215110
-215258
-215292
-215416
-215436
-215477
-215561
-215676
-215767
-216036
-216079
-216216
-216239
-216376
-216572
-216611
-216641
-216931
-216945
-216948
-216974
-217181
-217202
-217303
-217357
-217362
-217431
-217516
-217774
-217990
-218002
-218044
-218478
-218538
-218602
-218801
-218859
-218908
-219230
-219231
-219318
-219319
-219322
-219338
-219380
-219412
-219463
-219504
-219537
-219652
-219659
-219720
-219764
-220224
-220275
-220325
-220407
-220474
-220495
-220530
-220542
-220613
-220780
-220810
-220816
-220868
-220922
-220981
-221034
-221046
-221048
-221079
-221250
-221269
-221380
-221442
-221481
-221523
-221531
-221555
-221578
-221626
-221638
-221715
-221749
-221818
-221960
-221963
-221970
-221987
-222017
-222037
-222144
-222168
-222278
-222329
-222464
-222726
-222974
-222987
-222990
-223059
-223081
-223153
-223206
-223265
-223291
-223324
-223337
-223412
-223446
-223574
-223690
-224034
-224059
-224121
-224136
-224244
-224372
-224374
-224457
-224580
-224618
-224620
-224659
-224798
-224807
-224858
-224873
-224877
-224907
-224955
-225010
-225253
-225253
-225430
-225461
-225501
-225539
-225576
-225694
-225782
-226010
-226043
-226084
-226141
-226198
-226284
-226295
-226394
-226397
-226430
-226468
-226514
-226792
-226843
-227028
-227083
-227290
-227302
-227501
-227535
-227608
-227631
-227686
-227733
-227784
-227914
-227970
-227998
-227999
-228244
-228252
-228420
-228565
-228639
-228711
-228762
-228914
-228953
-228967
-229023
-229028
-229149
-229173
-229203
-229204
-229329
-229343
-229439
-229462
-229476
-229684
-229715
-229731
-229751
-229891
-230000
-230033
-230046
-230062
-230127
-230154
-230207
-230247
-230326
-230330
-230367
-230524
-230525
-230593
-230598
-230638
-230694
-230780
-230861
-230889
-230950
-231023
-231156
-231262
-231448
-231699
-231737
-231858
-231904
-231910
-232076
-232205
-232401
-232428
-232501
-232513
-232635
-232639
-232687
-232707
-232749
-232804
-232817
-232927
-232931
-233088
-233176
-233492
-233495
-233504
-233558
-233600
-233633
-233693
-233697
-233725
-233727
-233795
-233797
-233845
-233883
-233904
-233945
-233953
-233971
-234010
-234155
-234190
-234199
-234204
-234213
-234381
-234461
-234469
-234511
-234512
-234549
-234630
-234672
-234744
-234754
-234769
-234789
-234811
-234846
-234856
-234866
-235088
-235146
-235160
-235204
-235292
-235369
-235383
-235510
-235700
-235811
-235819
-235827
-235922
-235954
-235964
-236008
-236100
-236224
-236288
-236427
-236508
-236573
-236793
-237185
-237204
-237211
-237270
-237278
-237291
-237358
-237391
-237402
-237402
-237506
-237511
-237594
-237597
-237663
-237695
-237715
-237736
-237880
-237893
-237924
-238261
-238357
-238443
-238464
-238570
-238728
-238731
-238837
-239025
-239028
-239088
-239103
-239178
-239211
-239360
-239403
-239405
-239499
-239567
-239581
-239727
-239811
-239855
-239876
-239877
-239892
-240001
-240097
-240133
-240152
-240196
-240205
-240239
-240308
-240311
-240447
-240519
-240548
-240560
-240686
-240900
-240937
-240946
-241115
-241213
-241273
-241336
-241643
-241710
-241720
-241859
-241896
-241992
-242003
-242007
-242061
-242101
-242139
-242144
-242152
-242365
-242375
-242376
-242392
-242407
-242488
-242601
-242618
-242628
-242747
-242767
-242888
-242952
-243036
-243098
-243194
-243214
-243292
-243303
-243341
-243372
-243390
-243454
-243466
-243542
-243566
-243605
-243606
-243724
-243732
-243786
-243802
-243966
-244013
-244069
-244354
-244367
-244379
-244385
-244439
-244484
-244584
-244793
-244892
-244975
-244984
-245125
-245138
-245149
-245182
-245378
-245421
-245429
-245480
-245487
-245518
-245527
-245645
-245705
-245800
-245964
-246127
-246149
-246248
-246546
-246669
-246679
-246682
-246780
-246885
-246939
-247015
-247070
-247288
-247352
-247361
-247368
-247383
-247409
-247468
-247545
-247546
-247662
-247822
-247897
-247960
-247989
-248065
-248160
-248173
-248411
-248471
-248525
-248542
-248633
-248681
-248954
-248999
-249002
-249012
-249013
-249028
-249160
-249184
-249191
-249253
-249267
-249286
-249412
-249427
-249477
-249508
-249592
-249671
-249817
-249825
-249862
-249906
-249976
-249993
-249993
-250039
-250048
-250096
-250165
-250231
-250387
-250427
-250446
-250517
-250527
-250533
-250643
-250718
-250876
-250904
-250952
-251024
-251168
-251328
-251470
-251511
-251540
-251613
-251649
-251699
-251711
-251734
-251805
-251970
-252001
-252041
-252098
-252198
-252199
-252236
-252239
-252279
-252367
-252622
-252628
-252636
-252673
-252747
-252800
-252826
-252894
-252973
-253096
-253222
-253269
-253360
-253448
-253510
-253513
-253554
-253720
-253768
-253792
-253961
-253964
-253995
-254049
-254131
-254151
-254273
-254339
-254367
-254627
-254654
-254852
-254886
-254888
-254927
-255024
-255270
-255323
-255337
-255648
-255674
-255729
-255890
-255951
-255988
-256136
-256151
-256182
-256215
-256240
-256498
-256505
-256530
-256722
-256852
-257111
-257121
-257121
-257153
-257204
-257235
-257272
-257281
-257565
-257600
-257728
-257830
-257877
-258007
-258038
-258122
-258132
-258217
-258276
-258292
-258401
-258410
-258411
-258434
-258464
-258481
-258638
-258725
-258754
-258815
-258819
-258825
-258837
-258862
-258931
-258988
-259002
-259070
-259086
-259108
-259155
-259280
-259411
-259424
-259436
-259483
-259592
-259658
-259674
-259674
-259684
-259732
-259988
-260042
-260070
-260299
-260486
-260519
-260583
-260812
-260822
-260997
-261033
-261057
-261060
-261245
-261255
-261305
-261330
-261352
-261377
-261401
-261947
-262018
-262054
-262172
-262190
-262256
-262293
-262355
-262377
-262696
-262704
-262851
-262892
-262925
-262962
-262968
-263010
-263122
-263273
-263556
-263623
-263653
-263680
-263689
-263691
-263698
-263700
-263744
-263866
-263869
-263897
-263958
-264009
-264015
-264027
-264102
-264127
-264137
-264175
-264235
-264355
-264586
-264675
-264679
-264718
-264724
-264729
-264839
-264975
-265023
-265052
-265065
-265071
-265249
-265354
-265375
-265423
-265511
-265587
-265598
-265701
-265703
-265784
-265787
-265833
-265851
-265956
-266026
-266200
-266399
-266465
-266573
-266673
-266675
-266680
-266688
-266835
-266881
-266919
-266968
-266978
-266983
-266995
-267117
-267204
-267227
-267341
-267371
-267431
-267470
-267571
-267661
-267787
-267796
-267837
-267902
-267910
-267926
-267953
-267972
-267978
-267997
-268015
-268066
-268236
-268238
-268540
-268712
-268824
-268858
-268930
-269155
-269171
-269171
-269183
-269185
-269203
-269261
-269297
-269421
-269475
-269477
-269502
-269576
-269793
-269901
-269918
-269919
-270142
-270142
-270160
-270177
-270199
-270203
-270359
-270421
-270462
-270538
-270605
-270809
-270817
-270895
-270909
-270947
-271289
-271290
-271306
-271525
-271632
-271686
-271705
-271730
-271818
-272005
-272063
-272063
-272172
-272197
-272421
-272425
-272426
-272478
-272498
-272516
-272568
-272659
-272702
-272836
-272856
-272878
-272930
-272952
-273013
-273126
-273194
-273251
-273308
-273367
-273623
-273656
-273692
-273842
-273851
-273902
-273943
-274234
-274241
-274344
-274356
-274399
-274435
-274559
-274564
-274580
-274674
-274811
-274829
-275041
-275098
-275150
-275168
-275241
-275285
-275388
-275389
-275421
-275492
-275492
-275504
-275569
-275708
-275875
-276048
-276069
-276099
-276269
-276371
-276454
-276536
-276647
-276673
-276683
-276706
-276927
-277022
-277072
-277206
-277307
-277344
-277396
-277415
-277419
-277450
-277463
-277486
-277515
-277516
-277546
-277579
-277644
-277666
-277685
-277701
-277733
-277771
-277885
-278124
-278153
-278159
-278318
-278327
-278410
-278417
-278417
-278475
-278600
-278661
-278717
-278858
-278963
-279015
-279053
-279195
-279485
-279536
-279565
-279935
-280087
-280134
-280177
-280214
-280233
-280266
-280403
-280539
-280616
-280701
-280764
-280805
-280845
-280860
-280881
-280883
-280969
-281133
-281185
-281273
-281280
-281405
-281456
-281475
-281577
-281617
-281722
-281734
-281764
-281870
-281891
-281982
-281993
-282106
-282142
-282261
-282341
-282505
-282854
-282855
-282856
-282892
-283084
-283134
-283166
-283271
-283357
-283385
-283386
-283463
-283513
-283675
-283757
-283867
-283880
-283921
-283996
-284101
-284111
-284181
-284253
-284269
-284293
-284314
-284374
-284488
-284667
-284780
-284858
-284916
-285118
-285157
-285223
-285281
-285340
-285402
-285512
-285520
-285584
-285626
-285649
-285670
-285685
-285762
-285825
-285909
-286021
-286203
-286218
-286223
-286258
-286322
-286333
-286504
-286507
-286579
-286621
-286854
-286890
-286934
-286989
-286996
-287166
-287187
-287318
-287588
-287671
-287750
-287762
-287837
-288012
-288068
-288125
-288137
-288146
-288147
-288177
-288194
-288380
-288685
-288837
-288847
-288858
-288868
-288889
-288908
-288988
-288991
-289031
-289194
-289199
-289258
-289281
-289356
-289426
-289545
-289623
-289673
-289846
-289976
-290141
-290279
-290492
-290567
-290627
-290839
-290873
-290940
-291001
-291058
-291256
-291258
-291371
-291384
-291541
-291605
-291645
-291773
-291877
-291971
-292122
-292126
-292340
-292558
-292566
-292608
-292616
-292620
-292704
-292732
-292805
-292814
-293001
-293184
-293238
-293399
-293455
-293953
-293970
-293974
-294034
-294073
-294190
-294234
-294275
-294282
-294303
-294323
-294440
-294536
-294543
-294609
-294611
-294706
-294796
-294813
-294884
-294942
-295000
-295041
-295045
-295112
-295119
-295269
-295335
-295391
-295412
-295430
-295469
-295497
-295504
-295535
-295549
-295645
-295661
-295662
-295669
-295676
-295689
-295784
-295909
-295985
-296137
-296144
-296198
-296215
-296389
-296412
-296462
-296466
-296530
-296646
-296662
-296748
-296829
-296888
-296891
-296893
-297105
-297110
-297118
-297135
-297309
-297398
-297519
-297543
-297676
-297720
-297766
-297873
-297904
-297910
-298228
-298463
-298485
-298719
-298862
-298882
-298937
-298968
-299017
-299128
-299167
-299262
-299359
-299388
-299420
-299478
-299531
-299690
-299918
-299931
-299975
-299980
-300063
-300070
-300109
-300196
-300203
-300230
-300235
-300282
-300331
-300351
-300612
-300657
-300722
-300784
-300874
-300932
-300935
-300974
-301003
-301242
-301350
-301434
-301485
-301501
-301504
-301509
-301571
-301618
-301714
-301723
-301727
-301877
-301936
-301942
-302050
-302056
-302120
-302216
-302234
-302240
-302248
-302270
-302307
-302398
-302400
-302432
-302479
-302512
-302529
-302564
-302657
-302715
-302723
-302932
-302961
-302965
-302980
-303083
-303105
-303232
-303306
-303337
-303375
-303518
-303583
-303674
-303745
-303759
-303811
-303971
-304026
-304046
-304174
-304323
-304399
-304655
-304796
-304799
-304819
-304865
-304968
-304992
-305056
-305057
-305093
-305099
-305128
-305162
-305194
-305196
-305232
-305465
-305480
-305722
-305736
-305794
-305817
-305893
-305905
-305929
-305955
-306012
-306155
-306201
-306364
-306384
-306396
-306405
-306408
-306569
-306644
-306786
-306790
-306830
-306901
-306904
-307091
-307171
-307176
-307271
-307292
-307435
-307598
-307660
-307741
-307743
-307778
-307985
-308059
-308060
-308061
-308098
-308115
-308146
-308213
-308266
-308403
-308593
-308597
-308635
-308661
-308828
-308865
-308887
-308905
-308911
-308942
-308951
-309013
-309052
-309124
-309208
-309221
-309252
-309344
-309540
-309591
-309623
-309647
-309721
-309760
-309836
-309898
-309936
-310056
-310078
-310207
-310408
-310664
-310723
-310727
-310750
-310770
-310834
-310912
-311076
-311156
-311304
-311739
-311744
-311755
-311863
-311890
-311960
-311980
-311988
-312104
-312226
-312345
-312426
-312547
-312550
-312567
-312576
-312594
-312634
-312649
-312659
-312680
-312734
-312778
-312803
-312836
-312911
-313003
-313013
-313046
-313076
-313092
-313237
-313291
-313446
-313491
-313523
-313627
-313704
-313712
-313723
-313869
-314000
-314128
-314166
-314186
-314194
-314209
-314209
-314257
-314310
-314327
-314341
-314382
-314511
-314558
-314647
-314660
-314688
-314690
-314692
-314751
-314819
-314830
-314830
-314907
-314924
-314930
-314942
-315082
-315089
-315109
-315136
-315229
-315526
-315584
-315618
-315716
-315843
-315872
-315921
-315933
-316011
-316098
-316181
-316449
-316508
-316509
-316629
-316630
-316658
-316679
-316706
-316788
-316904
-316947
-317010
-317028
-317184
-317257
-317389
-317467
-317478
-317607
-317662
-317710
-317840
-317861
-317873
-317975
-317993
-318012
-318075
-318263
-318281
-318287
-318372
-318438
-318452
-318694
-318712
-318721
-318933
-318999
-319013
-319057
-319058
-319236
-319339
-319348
-319348
-319420
-319658
-319778
-319788
-319949
-320047
-320087
-320089
-320273
-320303
-320348
-320405
-320482
-320563
-320582
-320591
-320645
-320735
-320788
-320798
-320871
-320886
-320898
-320909
-320957
-320971
-321008
-321050
-321053
-321168
-321193
-321199
-321240
-321440
-321447
-321518
-321533
-321537
-321667
-321776
-321857
-321885
-322100
-322199
-322207
-322256
-322258
-322276
-322295
-322323
-322348
-322479
-322539
-322543
-322576
-322664
-322714
-322743
-322763
-322882
-322941
-322984
-323029
-323207
-323277
-323480
-323504
-323646
-323698
-323731
-323840
-323886
-323983
-324116
-324133
-324265
-324275
-324282
-324361
-324522
-324578
-324582
-324591
-324604
-324662
-324694
-324791
-324838
-324898
-324975
-325077
-325137
-325209
-325256
-325258
-325277
-325297
-325394
-325420
-325463
-325474
-325503
-325568
-325581
-325584
-325669
-325806
-325870
-325887
-325897
-325948
-325968
-325985
-326043
-326121
-326149
-326503
-326715
-326758
-326784
-326798
-326852
-326899
-326982
-326982
-327070
-327294
-327385
-327400
-327413
-327438
-327478
-327486
-327502
-327509
-327529
-327551
-327583
-327738
-327761
-327771
-327822
-327977
-328062
-328129
-328152
-328195
-328255
-328331
-328352
-328358
-328454
-328493
-328533
-328587
-328663
-328732
-328735
-328826
-328853
-329173
-329231
-329249
-329332
-329430
-329548
-329663
-329688
-329703
-329706
-329712
-329948
-329953
-330005
-330046
-330125
-330192
-330274
-330314
-330373
-330487
-330490
-330579
-330608
-330669
-330808
-330824
-330860
-330935
-330976
-330981
-331059
-331085
-331151
-331281
-331457
-331586
-331612
-331619
-331745
-331802
-331859
-331973
-332106
-332141
-332183
-332193
-332230
-332332
-332405
-332432
-332517
-332834
-332906
-332912
-333006
-333134
-333210
-333252
-333292
-333320
-333347
-333381
-333401
-333508
-333593
-333615
-333644
-333661
-333705
-333755
-333762
-333945
-333974
-334116
-334164
-334400
-334424
-334460
-334591
-334703
-334713
-334726
-334755
-334878
-334891
-335047
-335116
-335193
-335211
-335225
-335410
-335580
-335583
-335596
-335723
-335787
-335900
-335904
-335947
-335965
-336014
-336064
-336079
-336176
-336179
-336225
-336275
-336332
-336396
-336464
-336498
-336568
-336822
-336835
-337034
-337080
-337085
-337094
-337164
-337188
-337208
-337312
-337385
-337387
-337618
-337816
-337874
-337893
-337919
-337978
-337995
-338054
-338058
-338299
-338363
-338477
-338577
-338603
-338648
-338712
-338786
-338928
-338950
-339036
-339152
-339162
-339163
-339225
-339242
-339284
-339291
-339310
-339310
-339388
-339507
-339610
-339681
-339692
-339755
-339802
-339875
-339877
-340031
-340034
-340249
-340273
-340438
-340446
-340489
-340681
-340727
-340797
-340800
-340827
-340879
-341074
-341125
-341136
-341147
-341229
-341243
-341278
-341335
-341366
-341864
-341908
-341913
-342004
-342010
-342088
-342094
-342100
-342105
-342135
-342159
-342335
-342374
-342405
-342537
-342587
-342604
-342606
-342758
-342802
-342816
-342859
-342870
-342950
-342959
-342965
-343007
-343099
-343167
-343169
-343204
-343208
-343282
-343311
-343366
-343394
-343400
-343427
-343477
-343666
-343667
-343889
-344133
-344186
-344236
-344240
-344247
-344270
-344271
-344291
-344307
-344356
-344449
-344471
-344475
-344591
-344813
-344977
-345030
-345031
-345052
-345150
-345325
-345451
-345466
-345480
-345527
-345597
-345617
-345685
-345971
-346021
-346022
-346024
-346213
-346225
-346362
-346541
-346614
-346690
-346711
-346714
-346733
-346810
-346840
-346841
-346901
-347008
-347390
-347459
-347519
-347632
-347653
-347703
-347755
-347812
-347816
-347897
-347912
-348009
-348104
-348137
-348154
-348203
-348309
-348452
-348698
-348713
-349183
-349248
-349296
-349308
-349326
-349404
-349484
-349600
-349663
-349816
-349948
-350038
-350109
-350328
-350362
-350416
-350418
-350674
-350681
-350759
-350929
-351169
-351182
-351386
-351424
-351436
-351507
-351611
-351623
-351647
-351662
-351682
-351688
-351804
-351880
-352009
-352053
-352073
-352134
-352147
-352377
-352461
-352633
-352721
-352727
-352779
-352807
-352826
-352850
-352896
-353040
-353089
-353134
-353195
-353224
-353273
-353315
-353319
-353336
-353382
-353452
-353529
-353566
-353584
-353638
-353975
-354030
-354066
-354095
-354099
-354213
-354274
-354332
-354361
-354689
-354699
-354765
-354786
-354935
-355035
-355055
-355074
-355077
-355211
-355246
-355617
-355673
-355701
-355762
-355791
-355823
-355975
-356169
-356273
-356335
-356448
-356506
-356565
-356623
-356625
-356714
-356863
-356891
-356912
-356930
-356972
-357123
-357183
-357272
-357330
-357392
-357403
-357429
-357477
-357581
-357789
-357824
-357830
-357885
-357910
-357956
-358133
-358175
-358234
-358254
-358353
-358370
-358396
-358610
-358699
-358761
-358852
-358878
-359012
-359047
-359077
-359113
-359147
-359178
-359229
-359423
-359514
-359566
-359618
-359687
-359844
-359859
-359920
-359939
-360041
-360150
-360252
-360345
-360403
-360464
-360523
-360618
-360637
-360733
-360736
-360796
-360821
-360959
-360967
-361035
-361080
-361138
-361162
-361238
-361341
-361386
-361407
-361419
-361564
-361596
-361762
-361819
-361965
-362003
-362007
-362195
-362240
-362243
-362271
-362296
-362324
-362373
-362532
-362593
-362880
-362944
-363296
-363393
-363575
-363588
-363683
-363851
-363854
-363929
-363944
-363967
-364034
-364093
-364117
-364135
-364237
-364244
-364340
-364454
-364603
-364666
-364682
-364817
-364832
-364887
-365005
-365146
-365217
-365250
-365274
-365286
-365466
-365669
-365798
-365804
-365815
-365831
-365877
-365877
-365878
-366010
-366061
-366541
-366554
-366569
-366620
-366737
-366793
-366799
-366802
-366860
-366862
-366941
-366962
-367051
-367152
-367209
-367413
-367589
-367605
-367622
-367692
-367692
-367785
-367786
-367894
-367999
-368046
-368328
-368405
-368410
-368429
-368442
-368612
-368659
-368801
-368903
-369059
-369110
-369169
-369285
-369298
-369325
-369409
-369489
-369544
-369640
-369717
-369721
-369805
-369927
-369957
-369984
-369995
-370069
-370133
-370208
-370253
-370313
-370319
-370526
-370539
-370731
-370773
-370791
-370856
-370923
-371043
-371228
-371275
-371426
-371435
-371659
-371747
-371834
-371909
-371932
-372006
-372020
-372121
-372122
-372303
-372351
-372353
-372400
-372414
-372483
-372571
-372707
-372798
-372803
-372866
-372962
-373086
-373141
-373218
-373223
-373239
-373431
-373479
-373499
-373532
-373574
-373604
-373608
-373746
-373766
-373953
-374217
-374235
-374352
-374408
-374674
-374677
-374720
-374903
-374924
-374974
-375003
-375050
-375100
-375106
-375177
-375235
-375255
-375293
-375375
-375492
-375637
-375660
-375765
-375775
-375920
-375940
-376165
-376231
-376249
-376264
-376271
-376282
-376383
-376569
-376691
-376764
-376774
-376785
-376804
-376808
-376980
-376984
-377021
-377085
-377093
-377196
-377204
-377401
-377462
-377516
-377522
-377533
-377645
-377661
-377822
-377847
-377863
-378006
-378089
-378102
-378157
-378168
-378188
-378273
-378285
-378304
-378310
-378406
-378442
-378446
-378467
-378513
-378523
-378605
-378734
-378746
-378896
-378907
-378923
-378967
-379166
-379212
-379241
-379307
-379339
-379433
-379490
-379504
-379752
-379757
-379786
-379955
-379961
-379969
-379999
-380006
-380050
-380127
-380297
-380322
-380432
-380543
-380590
-380598
-380622
-380679
-380708
-380819
-381058
-381081
-381088
-381144
-381220
-381230
-381284
-381309
-381309
-381329
-381356
-381489
-381580
-381591
-381601
-381764
-381776
-381790
-381917
-382042
-382105
-382279
-382381
-382432
-382439
-382475
-382509
-382514
-382526
-382571
-382628
-382668
-382806
-382822
-382881
-382921
-383017
-383257
-383400
-383429
-383465
-383541
-383708
-383884
-383904
-383915
-383993
-384020
-384103
-384219
-384226
-384326
-384327
-384333
-384372
-384420
-384496
-384571
-384714
-384732
-384734
-384788
-385090
-385232
-385317
-385331
-385406
-385440
-385615
-385656
-386076
-386104
-386209
-386258
-386378
-386394
-386485
-386533
-386669
-386705
-386819
-387024
-387210
-387237
-387284
-387302
-387408
-387455
-387515
-387539
-387596
-387597
-387913
-387927
-387998
-388058
-388128
-388131
-388137
-388269
-388301
-388346
-388394
-388425
-388472
-388769
-388932
-388956
-388970
-389165
-389165
-389206
-389386
-389639
-389683
-389727
-389730
-389766
-389807
-389850
-389946
-390154
-390178
-390339
-390379
-390393
-390403
-390408
-390413
-390442
-390456
-390551
-390552
-390575
-390577
-390627
-390658
-390806
-390825
-391074
-391102
-391162
-391181
-391183
-391191
-391228
-391325
-391389
-391423
-391601
-391642
-391809
-391811
-391973
-392178
-392299
-392313
-392330
-392380
-392428
-392475
-392590
-392651
-392969
-393216
-393245
-393310
-393453
-393476
-393579
-393591
-393699
-393779
-393831
-393923
-393937
-394030
-394168
-394176
-394184
-394341
-394353
-394359
-394411
-394425
-394545
-394549
-394632
-394643
-394661
-394775
-394913
-395044
-395085
-395239
-395471
-395530
-395587
-395759
-395842
-395867
-395867
-395927
-395941
-395969
-396156
-396169
-396225
-396226
-396240
-396291
-396336
-396366
-396437
-396470
-396559
-396587
-396625
-396710
-396779
-396825
-396859
-396901
-396989
-397057
-397126
-397142
-397179
-397284
-397335
-397439
-397527
-397537
-397651
-397769
-397904
-398008
-398082
-398263
-398450
-398483
-398533
-398539
-398630
-398643
-398671
-398954
-398964
-399002
-399159
-399305
-399373
-399384
-399384
-399405
-399542
-399568
-399604
-399706
-399745
-399772
-399819
-399894
-399905
-399949
-399959
-399988
-400018
-400018
-400079
-400115
-400154
-400166
-400236
-400535
-400662
-400701
-400744
-400850
-400868
-401028
-401043
-401214
-401272
-401290
-401315
-401426
-401522
-401707
-401767
-401881
-402131
-402208
-402257
-402266
-402276
-402295
-402353
-402386
-402391
-402402
-402593
-402659
-402692
-402701
-402716
-402737
-402750
-402863
-402967
-403055
-403071
-403131
-403138
-403250
-403255
-403291
-403316
-403395
-403420
-403453
-403557
-403573
-403751
-403904
-403969
-404066
-404066
-404149
-404240
-404263
-404292
-404378
-404463
-404743
-404756
-404812
-404899
-404930
-405081
-405438
-405622
-405765
-405794
-405821
-405881
-405974
-406053
-406133
-406398
-406443
-406451
-406457
-406531
-406596
-406629
-406731
-406750
-406831
-406856
-406878
-406887
-406973
-407033
-407048
-407061
-407084
-407090
-407117
-407209
-407252
-407305
-407354
-407380
-407670
-407758
-407765
-407837
-407855
-407863
-407974
-408010
-408119
-408168
-408340
-408418
-408462
-408508
-408563
-408624
-408652
-408660
-408725
-409341
-409560
-409561
-409600
-409604
-409627
-409678
-409718
-409767
-409794
-409887
-409912
-409982
-410006
-410033
-410108
-410359
-410425
-410471
-410516
-410606
-410694
-410753
-410766
-410817
-410818
-410953
-410977
-410997
-411009
-411045
-411127
-411165
-411186
-411342
-411386
-411536
-411549
-411636
-411797
-411819
-411837
-412013
-412182
-412223
-412241
-412345
-412421
-412438
-412625
-412762
-412968
-413004
-413069
-413087
-413088
-413116
-413119
-413241
-413285
-413327
-413340
-413381
-413528
-413540
-413569
-413776
-413936
-413957
-414019
-414048
-414082
-414211
-414237
-414257
-414346
-414443
-414481
-414661
-414678
-414809
-414844
-414855
-414883
-414917
-414992
-415004
-415256
-415328
-415359
-415442
-415457
-415471
-415526
-415586
-415636
-415656
-415727
-415757
-415789
-415808
-415862
-415903
-415960
-416052
-416085
-416103
-416129
-416241
-416263
-416328
-416330
-416361
-416383
-416392
-416465
-416476
-416478
-416534
-416643
-416803
-416910
-416917
-416970
-416978
-417006
-417019
-417061
-417327
-417335
-417448
-417467
-417494
-417551
-417617
-417817
-417856
-417876
-417885
-417961
-417989
-418006
-418015
-418042
-418153
-418381
-418434
-418461
-418526
-418558
-418619
-418632
-418775
-418781
-418796
-418864
-418875
-418932
-419000
-419047
-419070
-419100
-419222
-419282
-419340
-419467
-419470
-419625
-419732
-419897
-419961
-420011
-420039
-420206
-420210
-420254
-420330
-420364
-420389
-420495
-420619
-420832
-420901
-420944
-420957
-421069
-421152
-421175
-421264
-421387
-421394
-421409
-421510
-421545
-421568
-421622
-421658
-421703
-421769
-421772
-421913
-421969
-422081
-422143
-422245
-422252
-422282
-422543
-422618
-422627
-422672
-422682
-422745
-422920
-423019
-423095
-423171
-423340
-423425
-423498
-423577
-423608
-423622
-423759
-423803
-423868
-423878
-423904
-423952
-423960
-423962
-424023
-424040
-424068
-424120
-424265
-424288
-424304
-424379
-424381
-424454
-424499
-424517
-424524
-424623
-424757
-424847
-424852
-424899
-424912
-424947
-425224
-425232
-425313
-425408
-425410
-425448
-425453
-425478
-425505
-425576
-425726
-425728
-425751
-425766
-425767
-425875
-425917
-425974
-426005
-426146
-426299
-426367
-426415
-426472
-426593
-426667
-426806
-426861
-427023
-427026
-427088
-427163
-427286
-427306
-427352
-427369
-427490
-427511
-427541
-427669
-427775
-427821
-427852
-427927
-427931
-428060
-428199
-428294
-428347
-428458
-428657
-428673
-428938
-428940
-429048
-429148
-429234
-429252
-429316
-429466
-429505
-429556
-429606
-429646
-429668
-429712
-429822
-429835
-429886
-429898
-429928
-430000
-430115
-430295
-430301
-430303
-430317
-430352
-430413
-430416
-430509
-430563
-430576
-430595
-430684
-430726
-430774
-430800
-430860
-430958
-430982
-431004
-431013
-431051
-431077
-431146
-431167
-431325
-431443
-431472
-431526
-431648
-431743
-431820
-431821
-431837
-431837
-432138
-432164
-432188
-432398
-432457
-432548
-432588
-432656
-432732
-432803
-432896
-432953
-432953
-433050
-433102
-433114
-433117
-433275
-433286
-433333
-433349
-433525
-433615
-433628
-433675
-433701
-433796
-433921
-433963
-433989
-433992
-434040
-434194
-434295
-434372
-434380
-434391
-434450
-434629
-434635
-434702
-434830
-434877
-434887
-434917
-434998
-435111
-435142
-435251
-435332
-435411
-435473
-435572
-435574
-435717
-435723
-435745
-435766
-435794
-435833
-435966
-435972
-436118
-436453
-436495
-436497
-436521
-436543
-436564
-436635
-436869
-436906
-436914
-437106
-437259
-437276
-437289
-437505
-437540
-437642
-437713
-437729
-437758
-437765
-437901
-437958
-438009
-438017
-438055
-438228
-438299
-438301
-438321
-438368
-438381
-438381
-438426
-438484
-438716
-439004
-439092
-439347
-439402
-439533
-439659
-439797
-439846
-439931
-439932
-439939
-439976
-439984
-440003
-440130
-440198
-440201
-440227
-440240
-440256
-440421
-440657
-440729
-440737
-440750
-440787
-440809
-440909
-440926
-440939
-440966
-441066
-441185
-441277
-441307
-441488
-441507
-441509
-441644
-441655
-441923
-441969
-442045
-442250
-442339
-442351
-442379
-442387
-442409
-442481
-442568
-442619
-443040
-443116
-443317
-443329
-443554
-443558
-443608
-443668
-443729
-443815
-443850
-443877
-443937
-444001
-444051
-444123
-444136
-444147
-444249
-444257
-444292
-444335
-444360
-444366
-444373
-444481
-444621
-444660
-444766
-444803
-444844
-444884
-444914
-444915
-445120
-445128
-445251
-445251
-445268
-445283
-445293
-445318
-445410
-445552
-445685
-445713
-445839
-445889
-445944
-445993
-445997
-446080
-446116
-446217
-446255
-446359
-446394
-446530
-446535
-446666
-446692
-446775
-446849
-446951
-447067
-447103
-447106
-447122
-447264
-447350
-447355
-447410
-447442
-447496
-447546
-447581
-447599
-447624
-447667
-447714
-447765
-447811
-447923
-447989
-448077
-448079
-448092
-448140
-448316
-448329
-448333
-448367
-448442
-448467
-448534
-448616
-448868
-448896
-448919
-448951
-448953
-448999
-449056
-449115
-449124
-449221
-449406
-449490
-449536
-449556
-449702
-449829
-449829
-449911
-449938
-450049
-450246
-450582
-450599
-450673
-450742
-450853
-450925
-450987
-451027
-451073
-451076
-451090
-451113
-451137
-451234
-451250
-451300
-451400
-451428
-451457
-451540
-451587
-451609
-451611
-451834
-451864
-451933
-451980
-451990
-452052
-452150
-452324
-452358
-452390
-452424
-452540
-452772
-452780
-452781
-452845
-453161
-453225
-453379
-453402
-453501
-453544
-453664
-453829
-453981
-454156
-454198
-454250
-454294
-454307
-454330
-454358
-454362
-454367
-454386
-454441
-454508
-454693
-454708
-454722
-454812
-454900
-454913
-454959
-454988
-455109
-455144
-455159
-455277
-455473
-455488
-455550
-455603
-455614
-455664
-455794
-455869
-455881
-455909
-455958
-456011
-456111
-456126
-456216
-456405
-456434
-456520
-456573
-456636
-456663
-456690
-456727
-456795
-456795
-456804
-456861
-456873
-457001
-457025
-457061
-457267
-457314
-457486
-457606
-457682
-457695
-457765
-457770
-457791
-457799
-457862
-457872
-457890
-457939
-457940
-457981
-458084
-458100
-458315
-458569
-458570
-458646
-458725
-458766
-458787
-458802
-458821
-458844
-458979
-459031
-459040
-459163
-459186
-459200
-459236
-459276
-459312
-459398
-459399
-459480
-459634
-459663
-459742
-459814
-459822
-459841
-459973
-460016
-460212
-460342
-460373
-460422
-460424
-460427
-460443
-460480
-460493
-460494
-460496
-460496
-460513
-460514
-460619
-460658
-460658
-460781
-460782
-460816
-460859
-460870
-460909
-461036
-461089
-461157
-461243
-461272
-461296
-461317
-461630
-461655
-461715
-461755
-461758
-461761
-461767
-461790
-461838
-461872
-461971
-461981
-462004
-462073
-462092
-462096
-462108
-462249
-462308
-462491
-462546
-462553
-462671
-462703
-462724
-462807
-462813
-462822
-462829
-462842
-462855
-462918
-462957
-463168
-463198
-463347
-463355
-463370
-463465
-463516
-463671
-463782
-464136
-464193
-464215
-464306
-464354
-464364
-464489
-464585
-464645
-464663
-464681
-464712
-464716
-464803
-465087
-465212
-465298
-465372
-465423
-465510
-465542
-465558
-465670
-465698
-465735
-465818
-465831
-466113
-466323
-466479
-466483
-466635
-466786
-466815
-467102
-467285
-467317
-467342
-467455
-467467
-467737
-467773
-467865
-467944
-468011
-468044
-468096
-468148
-468161
-468190
-468246
-468304
-468331
-468417
-468496
-468616
-468625
-468644
-468705
-468706
-468716
-468886
-468908
-469011
-469059
-469422
-469517
-469550
-469565
-469689
-469722
-469780
-469788
-469850
-469922
-469928
-469959
-469993
-470084
-470123
-470191
-470241
-470336
-470418
-470428
-470440
-470477
-470490
-470831
-470897
-470928
-470946
-471011
-471130
-471237
-471265
-471274
-471311
-471358
-471476
-471567
-471601
-471612
-471655
-471664
-471715
-471718
-472047
-472070
-472286
-472319
-472334
-472358
-472382
-472382
-472467
-472501
-472504
-472571
-472642
-472656
-472675
-472724
-472753
-472790
-472821
-472955
-472975
-472997
-473022
-473146
-473212
-473285
-473369
-473464
-473542
-473598
-473601
-473612
-473703
-473820
-473944
-474047
-474157
-474256
-474292
-474665
-474797
-474806
-474857
-475050
-475082
-475119
-475136
-475250
-475525
-475672
-475750
-475756
-475892
-475894
-475946
-475970
-476035
-476079
-476219
-476240
-476296
-476303
-476544
-476659
-476713
-476724
-476724
-476740
-476766
-476814
-476858
-476939
-476942
-477021
-477068
-477134
-477161
-477186
-477293
-477397
-477433
-477479
-477550
-477585
-477764
-477790
-478116
-478228
-478305
-478562
-478620
-478669
-478756
-478792
-478827
-478888
-478923
-479029
-479089
-479187
-479373
-479405
-479501
-479540
-479669
-479693
-479751
-479863
-479881
-480000
-480018
-480071
-480085
-480086
-480210
-480313
-480338
-480520
-480539
-480668
-480677
-480693
-480730
-480742
-480794
-480832
-481131
-481267
-481482
-481621
-481728
-481742
-481790
-481817
-481871
-481876
-482016
-482038
-482175
-482246
-482282
-482287
-482310
-482381
-482448
-482466
-482509
-482515
-482535
-482731
-482846
-482858
-482894
-483042
-483101
-483175
-483223
-483229
-483432
-483440
-483478
-483519
-483520
-483521
-483648
-483660
-483765
-483775
-483899
-483903
-483988
-483995
-484203
-484207
-484215
-484218
-484231
-484246
-484248
-484309
-484417
-484444
-484472
-484493
-484517
-484561
-484599
-484612
-484638
-484720
-484742
-484900
-484941
-485008
-485062
-485185
-485264
-485302
-485335
-485684
-485737
-485818
-485831
-485945
-486045
-486054
-486120
-486209
-486220
-486285
-486372
-486376
-486446
-486511
-486625
-486687
-486704
-486810
-486823
-486841
-486877
-486953
-487125
-487392
-487447
-487467
-487481
-487659
-487660
-487827
-487831
-487833
-488077
-488235
-488243
-488254
-488369
-488567
-488609
-488681
-488784
-488910
-488961
-489085
-489338
-489346
-489359
-489411
-489435
-489518
-489550
-489570
-489598
-489677
-489761
-489821
-489976
-490091
-490113
-490144
-490221
-490294
-490370
-490372
-490390
-490460
-490547
-490550
-490708
-490725
-490730
-490791
-490792
-490822
-490846
-490986
-491052
-491140
-491164
-491299
-491324
-491375
-491404
-491484
-491600
-491699
-491742
-491820
-491883
-492103
-492212
-492242
-492315
-492378
-492464
-492475
-492499
-492574
-492589
-492602
-492726
-492804
-492907
-492952
-493039
-493066
-493073
-493090
-493096
-493194
-493239
-493312
-493494
-493570
-493660
-493712
-493727
-493791
-493804
-493807
-493810
-493887
-493891
-493956
-494034
-494077
-494616
-494625
-494724
-494733
-494771
-494896
-494933
-494934
-495079
-495120
-495131
-495138
-495149
-495211
-495230
-495247
-495380
-495455
-495558
-495569
-495572
-495625
-495649
-495658
-495660
-495685
-495754
-495758
-495780
-495785
-495823
-495941
-495964
-496031
-496084
-496096
-496144
-496152
-496272
-496281
-496587
-496691
-496704
-496717
-496718
-496741
-496812
-497022
-497081
-497106
-497180
-497217
-497237
-497364
-497468
-497503
-497511
-497585
-497609
-497634
-497691
-497767
-497840
-497891
-497907
-498000
-498019
-498080
-498094
-498260
-498395
-498402
-498437
-498550
-498552
-498591
-498597
-498646
-498907
-499037
-499120
-499377
-499383
-499415
-499474
-499559
-499638
-499705
-499761
-499811
-500060
-500112
-500131
-500159
-500195
-500206
-500244
-500342
-500353
-500423
-500433
-500524
-500572
-500607
-500782
-500813
-500843
-500927
-501038
-501115
-501161
-501166
-501215
-501222
-501223
-501241
-501258
-501328
-501357
-501408
-501423
-501436
-501449
-501617
-501676
-501742
-501779
-501782
-501853
-501875
-501985
-501990
-502204
-502288
-502535
-502583
-502591
-502640
-502652
-502668
-502717
-502780
-502840
-502882
-502911
-503029
-503062
-503119
-503125
-503152
-503154
-503228
-503276
-503319
-503321
-503342
-503427
-503514
-503552
-503720
-503761
-503899
-503949
-503984
-504030
-504060
-504075
-504165
-504228
-504356
-504394
-504473
-504478
-504482
-504522
-504588
-504648
-504850
-504901
-505143
-505163
-505203
-505203
-505215
-505222
-505299
-505357
-505397
-505407
-505483
-505518
-505548
-505617
-505707
-505962
-506047
-506080
-506113
-506121
-506194
-506239
-506351
-506376
-506404
-506439
-506478
-506532
-506546
-506621
-506642
-506804
-506810
-506877
-507007
-507023
-507052
-507066
-507140
-507188
-507215
-507326
-507400
-507416
-507618
-507837
-507904
-507932
-507956
-507988
-508080
-508269
-508303
-508328
-508512
-508607
-508665
-508682
-508713
-508714
-508721
-508784
-509220
-509350
-509356
-509600
-509634
-509696
-509743
-509832
-509998
-510023
-510069
-510076
-510146
-510339
-510416
-510464
-510533
-510659
-510726
-510735
-510827
-511128
-511186
-511199
-511208
-511251
-511306
-511359
-511374
-511395
-511398
-511438
-511676
-511725
-511759
-511797
-511915
-511967
-512083
-512098
-512176
-512285
-512302
-512305
-512312
-512396
-512448
-512495
-512673
-512677
-512734
-512957
-512972
-512997
-513086
-513156
-513282
-513390
-513420
-513426
-513518
-513652
-513909
-513917
-513920
-514092
-514131
-514150
-514173
-514236
-514263
-514408
-514434
-514499
-514616
-514675
-514729
-514778
-515007
-515037
-515128
-515213
-515213
-515226
-515456
-515481
-515686
-515709
-515727
-515910
-516338
-516343
-516449
-516603
-516678
-516721
-516800
-516943
-516947
-517050
-517081
-517171
-517182
-517274
-517287
-517311
-517351
-517355
-517459
-517486
-517486
-517546
-517716
-517812
-517813
-517829
-517829
-517835
-517919
-517920
-517973
-518053
-518109
-518138
-518171
-518291
-518291
-518322
-518395
-518396
-518480
-518512
-518650
-518700
-518723
-518731
-518754
-518774
-518888
-518929
-519001
-519168
-519228
-519271
-519311
-519534
-519649
-519839
-519845
-519854
-519898
-520052
-520187
-520353
-520375
-520504
-520537
-520582
-520589
-520710
-520744
-520757
-520793
-520798
-520841
-520881
-520926
-521017
-521240
-521267
-521291
-521406
-521558
-521662
-521788
-521792
-521812
-521859
-521903
-521905
-521916
-521930
-521984
-522000
-522096
-522146
-522150
-522330
-522330
-522349
-522360
-522363
-522410
-522571
-522585
-522631
-522755
-522781
-522789
-522901
-523063
-523114
-523212
-523322
-523334
-523394
-523453
-523506
-523527
-523607
-523651
-523752
-523785
-523892
-523951
-523957
-524018
-524061
-524071
-524127
-524223
-524256
-524259
-524261
-524265
-524267
-524277
-524576
-524643
-524650
-524662
-524702
-524739
-525033
-525082
-525088
-525276
-525337
-525515
-525592
-525611
-525658
-525857
-525868
-525896
-525979
-526039
-526098
-526148
-526168
-526188
-526236
-526290
-526448
-526513
-526699
-526754
-526871
-526921
-526935
-526965
-527020
-527099
-527175
-527188
-527205
-527314
-527330
-527375
-527447
-527501
-527569
-527588
-527647
-527666
-527682
-527705
-527766
-527784
-527786
-527798
-527875
-528060
-528062
-528074
-528095
-528168
-528294
-528412
-528635
-528684
-528735
-528838
-528920
-529005
-529083
-529232
-529247
-529261
-529271
-529536
-529559
-529615
-529621
-529767
-529802
-529812
-529846
-530043
-530091
-530219
-530221
-530227
-530344
-530372
-530436
-530518
-530524
-530696
-530698
-530712
-530784
-530922
-530992
-531130
-531143
-531172
-531213
-531223
-531232
-531347
-531360
-531543
-531601
-531640
-531641
-531754
-531843
-531895
-531931
-532019
-532052
-532116
-532119
-532229
-532234
-532281
-532308
-532381
-532390
-532414
-532614
-532788
-532849
-532882
-533099
-533373
-533552
-533564
-533773
-533852
-533884
-533886
-533903
-533943
-533983
-534047
-534047
-534370
-534452
-534466
-534497
-534510
-534512
-534559
-534576
-534625
-534730
-534821
-534859
-535156
-535188
-535222
-535247
-535512
-535533
-535545
-535579
-535635
-535644
-535657
-535715
-535820
-535859
-535959
-535994
-536075
-536103
-536131
-536170
-536180
-536191
-536231
-536263
-536312
-536329
-536360
-536384
-536385
-536501
-536507
-536666
-536841
-536852
-536909
-536949
-537005
-537078
-537080
-537154
-537162
-537232
-537327
-537501
-537546
-537614
-537615
-537692
-537704
-537718
-537738
-537772
-537800
-537832
-537865
-537896
-537988
-538289
-538329
-538376
-538377
-538378
-538453
-538564
-538636
-538685
-538852
-538874
-539003
-539074
-539079
-539225
-539299
-539424
-539480
-539527
-539545
-539747
-539913
-539945
-540030
-540117
-540132
-540146
-540231
-540396
-540462
-540486
-540538
-540544
-540570
-540593
-540686
-540732
-540797
-540811
-540896
-541062
-541112
-541129
-541255
-541276
-541359
-541457
-541457
-541529
-541533
-541543
-541584
-541592
-541717
-541770
-541782
-541809
-541911
-542000
-542035
-542172
-542231
-542378
-542418
-542441
-542492
-542573
-542597
-542649
-542668
-542689
-542694
-542699
-542715
-542724
-542743
-542805
-542811
-542882
-542918
-542948
-543194
-543196
-543278
-543347
-543448
-543667
-543801
-543882
-543973
-544129
-544186
-544425
-544696
-544745
-544787
-544824
-544825
-544948
-545068
-545083
-545088
-545125
-545203
-545317
-545335
-545399
-545426
-545512
-545605
-545616
-545717
-545903
-545988
-546011
-546048
-546067
-546071
-546231
-546315
-546326
-546347
-546386
-546396
-546486
-546494
-546534
-546656
-546662
-546672
-546801
-546925
-546987
-547109
-547163
-547201
-547519
-547601
-547634
-547666
-547707
-547747
-547810
-547841
-547895
-548058
-548218
-548229
-548302
-548351
-548374
-548380
-548468
-548679
-548744
-548790
-548995
-549019
-549039
-549140
-549152
-549183
-549197
-549265
-549340
-549348
-549361
-549388
-549418
-549699
-549745
-550096
-550113
-550137
-550162
-550175
-550225
-550322
-550452
-550485
-550794
-550810
-550911
-550921
-550974
-551078
-551105
-551458
-551577
-551638
-551768
-551776
-551838
-551844
-551957
-551960
-551990
-552014
-552030
-552077
-552261
-552284
-552296
-552377
-552384
-552492
-552512
-552529
-552585
-552611
-552652
-552722
-552746
-552760
-552832
-552902
-552968
-553023
-553082
-553102
-553217
-553537
-553586
-553627
-553708
-553843
-553845
-553846
-553875
-553893
-553991
-554022
-554072
-554098
-554143
-554162
-554181
-554243
-554387
-554518
-554593
-554604
-554673
-554732
-554759
-555064
-555136
-555327
-555337
-555467
-555723
-555773
-555789
-556322
-556325
-556345
-556384
-556502
-556678
-556759
-556817
-556836
-556837
-556838
-556870
-556962
-557010
-557016
-557122
-557221
-557265
-557267
-557320
-557338
-557434
-557534
-557599
-557600
-557605
-557650
-557710
-557795
-557903
-557908
-557966
-557998
-558113
-558195
-558352
-558367
-558380
-558513
-558582
-558583
-558593
-558596
-558838
-558844
-558923
-558979
-558985
-558989
-559127
-559153
-559224
-559242
-559254
-559338
-559530
-559541
-559568
-559594
-559741
-559742
-559819
-559857
-559899
-560000
-560027
-560033
-560098
-560102
-560114
-560264
-560317
-560513
-560561
-560756
-560757
-560930
-561007
-561022
-561131
-561204
-561213
-561250
-561471
-561596
-561850
-561923
-561941
-561997
-562017
-562167
-562191
-562208
-562292
-562302
-562353
-562374
-562533
-562665
-562709
-562984
-563037
-563130
-563251
-563340
-563456
-563521
-563531
-563737
-563740
-563763
-563812
-563831
-563831
-563869
-564007
-564059
-564117
-564348
-564371
-564391
-564519
-564554
-564575
-564592
-564662
-564755
-564831
-564860
-564862
-564868
-564923
-564935
-565045
-565464
-565472
-565718
-565743
-565939
-565951
-565972
-565995
-566025
-566026
-566067
-566156
-566175
-566177
-566199
-566207
-566310
-566452
-566506
-566576
-566800
-566812
-566966
-567021
-567148
-567241
-567346
-567425
-567483
-567498
-567538
-567552
-567624
-567663
-567701
-567888
-568029
-568198
-568396
-568437
-568475
-568489
-568489
-568522
-568571
-568624
-568662
-568665
-568689
-568816
-569010
-569046
-569192
-569280
-569373
-569454
-569531
-569814
-569909
-570029
-570100
-570284
-570307
-570362
-570423
-570451
-570475
-570515
-570531
-570553
-570562
-570581
-570600
-570638
-570658
-570695
-570812
-570876
-570879
-570942
-570980
-571018
-571121
-571189
-571202
-571217
-571369
-571370
-571382
-571407
-571466
-571485
-571495
-571496
-571624
-571653
-571666
-571682
-571687
-571723
-571725
-571728
-572074
-572128
-572190
-572207
-572240
-572246
-572249
-572423
-572711
-572777
-572786
-572905
-572944
-572950
-573129
-573204
-573351
-573580
-573596
-573630
-573652
-573716
-573734
-573992
-574055
-574184
-574206
-574239
-574246
-574301
-574347
-574425
-574568
-574682
-574790
-574804
-574892
-575016
-575361
-575367
-575378
-575401
-575695
-575859
-575879
-575897
-575946
-576070
-576105
-576403
-576435
-576445
-576505
-576572
-576606
-576643
-576652
-576674
-576700
-576715
-576772
-576997
-577036
-577047
-577105
-577105
-577124
-577160
-577193
-577287
-577455
-577487
-577637
-577676
-577835
-577851
-577852
-577938
-578027
-578059
-578276
-578539
-578766
-578776
-578861
-578987
-579050
-579199
-579234
-579281
-579308
-579330
-579442
-579491
-579516
-579622
-579683
-579729
-579840
-579982
-580027
-580088
-580127
-580142
-580305
-580494
-580567
-580623
-580678
-580829
-580883
-580924
-581186
-581186
-581376
-581460
-581489
-581489
-581492
-581700
-581713
-581816
-581828
-581865
-581947
-581987
-581994
-582059
-582141
-582322
-582345
-582408
-582546
-582554
-582657
-582658
-582754
-582818
-582825
-582969
-582981
-583055
-583091
-583097
-583149
-583189
-583202
-583206
-583221
-583234
-583266
-583266
-583421
-583431
-583511
-583589
-583618
-583632
-583664
-583687
-583713
-583716
-583905
-583990
-584084
-584098
-584101
-584144
-584295
-584303
-584405
-584423
-584489
-584506
-584652
-584672
-584684
-584789
-584811
-584885
-584899
-584909
-584970
-585082
-585104
-585190
-585227
-585230
-585243
-585247
-585283
-585380
-585534
-585646
-585677
-585733
-585811
-585823
-585835
-585916
-585955
-585960
-585976
-586038
-586050
-586105
-586125
-586324
-586462
-586590
-586602
-586602
-586619
-586730
-586745
-586783
-586785
-586810
-586967
-587048
-587071
-587228
-587330
-587452
-587506
-587577
-587618
-587776
-587802
-587813
-587814
-587977
-588097
-588279
-588287
-588300
-588426
-588445
-588610
-588763
-588854
-589020
-589086
-589216
-589256
-589294
-589354
-589447
-589481
-589621
-589645
-589680
-589829
-589922
-590020
-590174
-590209
-590225
-590257
-590267
-590341
-590373
-590427
-590443
-590447
-590529
-590656
-590875
-590929
-591067
-591091
-591233
-591325
-591406
-591549
-591566
-591689
-591747
-591758
-591808
-591848
-592052
-592119
-592155
-592415
-592439
-592494
-592537
-592548
-592589
-592595
-592739
-592783
-592861
-592868
-593076
-593224
-593283
-593292
-593552
-593583
-593612
-593803
-593856
-593933
-593973
-594074
-594075
-594111
-594373
-594548
-594627
-594675
-594803
-594806
-594883
-594894
-594900
-594916
-595032
-595207
-595224
-595236
-595262
-595280
-595293
-595442
-595550
-595630
-595918
-595967
-596002
-596020
-596039
-596061
-596077
-596183
-596329
-596367
-596441
-596498
-596499
-596580
-596595
-596716
-596889
-596894
-596907
-597075
-597112
-597122
-597197
-597304
-597486
-597490
-597589
-597669
-597715
-597835
-597876
-598035
-598143
-598260
-598277
-598287
-598367
-598500
-598512
-598575
-598597
-598625
-598673
-598686
-598716
-598766
-598876
-598899
-598924
-598943
-598956
-599147
-599235
-599488
-599501
-599525
-599543
-599553
-599561
-599722
-599744
-599784
-599796
-599831
-599833
-599951
-600049
-600065
-600070
-600155
-600177
-600248
-600315
-600318
-600363
-600457
-600460
-600557
-600598
-600603
-600709
-600726
-600811
-600852
-600964
-600996
-601099
-601107
-601143
-601175
-601242
-601245
-601294
-601452
-601591
-601665
-601736
-601971
-601988
-602035
-602036
-602196
-602219
-602297
-602361
-602475
-602487
-602489
-602556
-602573
-602645
-602713
-602777
-602811
-602911
-602935
-602961
-603128
-603183
-603211
-603231
-603294
-603344
-603345
-603346
-603361
-603410
-603638
-603644
-603653
-603670
-603869
-603945
-603973
-604036
-604179
-604180
-604203
-604223
-604242
-604271
-604274
-604298
-604306
-604432
-604456
-604459
-604467
-604477
-604480
-604481
-604560
-604587
-604591
-604624
-604691
-604731
-604825
-604884
-604894
-604899
-604921
-604973
-605016
-605018
-605125
-605169
-605303
-605401
-605456
-605458
-605462
-605570
-605629
-605700
-605720
-605853
-605959
-606046
-606115
-606470
-606475
-606509
-606586
-606593
-606601
-606856
-606963
-606984
-606993
-607022
-607078
-607254
-607302
-607493
-607500
-607502
-607509
-607589
-607602
-607736
-607797
-607833
-607878
-607942
-607977
-608062
-608087
-608404
-608413
-608430
-608474
-608593
-608613
-608718
-608838
-608861
-608918
-608922
-608948
-609004
-609022
-609058
-609095
-609162
-609169
-609204
-609205
-609348
-609502
-609519
-609524
-609556
-609571
-609578
-609616
-609709
-609842
-609906
-609931
-609982
-610031
-610034
-610043
-610045
-610136
-610159
-610225
-610230
-610255
-610328
-610498
-610698
-610712
-610718
-610731
-610782
-610790
-610791
-610929
-611032
-611043
-611194
-611272
-611288
-611449
-611466
-611474
-611519
-611638
-611641
-611642
-611796
-611831
-611922
-611971
-612008
-612203
-612215
-612242
-612434
-612472
-612485
-612502
-612702
-612756
-612832
-612931
-612955
-613028
-613041
-613050
-613116
-613168
-613177
-613178
-613234
-613336
-613430
-613617
-613657
-613657
-613659
-613699
-613706
-613752
-613854
-613908
-613969
-613984
-613995
-614037
-614125
-614129
-614179
-614324
-614357
-614378
-614414
-614422
-614472
-614521
-614569
-614611
-614693
-614697
-614771
-614920
-614973
-614988
-615060
-615147
-615192
-615461
-615560
-615580
-615602
-615738
-615815
-615818
-615828
-615834
-615955
-616044
-616252
-616311
-616362
-616427
-616437
-616458
-616530
-616533
-616562
-616586
-616589
-616617
-616903
-616917
-616929
-617004
-617037
-617082
-617142
-617146
-617178
-617236
-617282
-617298
-617363
-617445
-617616
-617863
-617915
-617918
-618060
-618071
-618138
-618153
-618172
-618223
-618436
-618447
-618493
-618534
-618547
-618612
-618621
-618756
-618803
-618812
-618839
-618858
-619044
-619075
-619222
-619290
-619302
-619395
-619456
-619491
-619499
-619502
-619603
-619705
-619853
-619899
-620048
-620074
-620079
-620179
-620448
-620622
-620641
-620829
-620982
-621047
-621079
-621214
-621412
-621455
-621596
-621604
-621637
-621705
-621795
-621806
-621811
-621877
-621881
-621962
-621986
-622103
-622365
-622538
-622544
-622549
-622799
-622829
-622849
-622860
-622950
-622975
-622981
-623187
-623258
-623291
-623296
-623321
-623348
-623520
-623595
-623849
-623963
-624158
-624249
-624352
-624443
-624444
-624510
-624531
-624661
-624701
-624761
-624763
-625010
-625073
-625198
-625215
-625249
-625342
-625369
-625379
-625390
-625463
-625501
-625552
-625613
-625710
-625723
-625733
-625785
-625898
-626058
-626192
-626317
-626386
-626427
-626501
-626543
-626758
-626781
-626848
-626911
-626925
-626997
-627004
-627126
-627131
-627137
-627146
-627157
-627183
-627578
-627589
-627835
-628071
-628201
-628456
-628464
-628465
-628498
-628515
-628529
-628786
-628868
-628907
-628972
-629027
-629116
-629134
-629171
-629174
-629222
-629273
-629324
-629661
-629735
-629954
-629999
-630063
-630114
-630139
-630246
-630264
-630452
-630465
-630488
-630495
-630632
-630641
-630758
-630841
-630925
-631178
-631194
-631362
-631442
-631459
-631461
-631491
-631513
-631516
-631529
-631733
-631805
-631826
-631901
-631907
-631931
-632001
-632017
-632023
-632103
-632112
-632123
-632177
-632205
-632384
-632481
-632483
-632485
-632509
-632632
-632636
-632677
-632712
-632735
-632818
-632892
-633011
-633066
-633121
-633121
-633162
-633178
-633266
-633289
-633324
-633336
-633421
-633441
-633442
-633727
-633735
-633772
-633828
-633916
-634040
-634062
-634074
-634085
-634164
-634276
-634338
-634430
-634457
-634464
-634492
-634864
-634978
-635096
-635173
-635305
-635533
-635570
-635592
-635748
-635798
-635904
-635927
-635931
-635943
-636139
-636145
-636170
-636195
-636233
-636253
-636397
-636443
-636604
-636616
-636627
-636680
-636740
-636867
-636916
-637055
-637244
-637259
-637269
-637367
-637391
-637478
-637670
-637688
-637792
-637830
-638031
-638049
-638191
-638314
-638403
-638420
-638598
-638764
-638880
-639023
-639125
-639138
-639395
-639424
-639443
-639599
-639775
-639808
-639820
-639886
-639940
-639942
-639987
-640001
-640038
-640122
-640364
-640413
-640469
-640481
-640537
-640639
-640707
-640775
-641002
-641015
-641059
-641070
-641085
-641098
-641199
-641281
-641292
-641359
-641431
-641434
-641486
-641563
-641619
-642106
-642249
-642346
-642370
-642376
-642409
-642484
-642500
-642528
-642707
-642787
-642794
-642852
-642892
-642919
-642921
-642946
-642953
-642980
-642985
-642987
-643059
-643062
-643190
-643223
-643228
-643262
-643455
-643461
-643535
-643677
-643779
-643833
-643858
-643870
-643885
-643929
-644115
-644273
-644279
-644295
-644334
-644373
-644530
-644548
-644564
-644577
-644698
-644737
-644794
-644849
-645006
-645121
-645195
-645264
-645294
-645310
-645330
-645362
-645367
-645523
-645536
-645608
-645687
-645728
-645741
-645759
-645785
-645833
-645834
-646041
-646130
-646275
-646357
-646409
-646420
-646451
-646492
-646518
-646587
-646682
-646694
-646796
-646820
-646871
-646882
-646958
-647012
-647049
-647171
-647195
-647238
-647252
-647381
-647398
-647407
-647735
-647829
-647932
-648071
-648098
-648240
-648298
-648301
-648315
-648346
-648395
-648408
-648413
-648453
-648483
-648627
-648627
-648745
-648782
-648794
-648809
-648842
-648953
-648982
-648990
-649110
-649233
-649303
-649318
-649361
-649386
-649399
-649468
-649526
-649754
-649991
-650028
-650114
-650155
-650182
-650183
-650188
-650193
-650336
-650368
-650380
-650414
-650452
-650504
-650576
-650702
-650774
-650800
-650801
-650823
-650865
-650909
-651018
-651159
-651296
-651353
-651399
-651520
-651535
-651823
-651836
-651910
-651927
-652010
-652037
-652224
-652227
-652255
-652434
-652670
-652743
-652855
-653076
-653161
-653205
-653234
-653294
-653312
-653314
-653343
-653390
-653401
-653459
-653481
-653506
-653571
-653646
-653652
-653698
-653762
-653847
-653878
-653885
-653928
-653943
-654019
-654091
-654194
-654251
-654330
-654492
-654498
-654504
-654551
-654567
-654591
-654616
-654635
-654642
-654691
-654707
-654722
-654763
-654774
-654903
-654963
-655095
-655110
-655142
-655346
-655356
-655389
-655622
-655717
-655785
-655800
-655818
-655890
-655906
-655931
-655952
-656062
-656175
-656254
-656302
-656315
-656454
-656559
-656593
-656614
-656703
-656743
-656782
-656808
-656829
-656879
-656933
-656947
-656950
-656998
-657064
-657069
-657080
-657156
-657176
-657400
-657520
-657536
-657550
-657629
-657647
-657696
-657727
-657790
-657792
-657814
-657819
-657849
-657851
-657926
-657944
-657990
-658152
-658218
-658365
-658366
-658471
-658487
-658580
-658638
-658832
-658920
-658961
-658982
-658984
-659106
-659130
-659139
-659234
-659259
-659300
-659359
-659371
-659398
-659750
-659751
-659945
-660014
-660214
-660350
-660424
-660485
-660521
-660542
-660672
-660711
-660739
-660937
-660970
-661037
-661085
-661096
-661175
-661323
-661422
-661437
-661533
-661542
-661619
-661637
-661838
-661968
-662033
-662072
-662125
-662133
-662153
-662183
-662256
-662310
-662328
-662334
-662339
-662346
-662380
-662406
-662530
-662557
-662590
-662686
-662803
-663003
-663131
-663161
-663300
-663483
-663501
-663635
-663723
-663959
-663972
-663973
-663989
-664108
-664135
-664338
-664351
-664387
-664404
-664515
-664519
-664633
-664713
-664746
-664848
-664857
-664966
-664984
-665062
-665077
-665104
-665152
-665158
-665162
-665316
-665325
-665366
-665509
-665532
-665552
-665638
-665669
-665686
-665764
-665834
-665971
-666045
-666258
-666342
-666396
-666418
-666419
-666469
-666525
-666549
-666555
-666678
-666695
-666853
-666932
-666971
-666986
-667006
-667086
-667095
-667219
-667379
-667396
-667399
-667717
-667863
-668007
-668027
-668028
-668352
-668577
-668653
-668664
-668674
-668692
-668709
-668883
-668981
-669046
-669124
-669183
-669216
-669374
-669434
-669493
-669570
-669593
-669678
-669726
-669778
-669823
-669828
-670106
-670108
-670129
-670200
-670335
-670379
-670420
-670456
-670526
-670609
-670683
-670719
-671066
-671086
-671159
-671295
-671411
-671484
-671515
-671516
-671535
-671637
-671767
-671806
-671823
-671839
-671868
-671960
-672126
-672227
-672282
-672283
-672294
-672302
-672353
-672354
-672377
-672379
-672481
-672503
-672539
-672637
-672778
-672895
-672902
-672977
-673069
-673197
-673247
-673518
-673537
-673546
-673568
-673651
-673670
-673756
-673850
-673936
-674039
-674070
-674330
-674345
-674555
-674558
-674577
-674637
-674694
-674882
-674933
-674939
-674985
-674991
-675028
-675142
-675166
-675223
-675313
-675479
-675492
-675501
-675528
-675597
-675655
-675901
-675991
-676004
-676059
-676124
-676216
-676342
-676487
-676505
-676571
-676663
-676805
-676821
-676824
-676925
-676991
-677034
-677137
-677158
-677160
-677186
-677231
-677234
-677335
-677364
-677383
-677498
-677536
-677716
-677789
-677800
-677966
-678029
-678030
-678089
-678225
-678260
-678269
-678280
-678292
-678317
-678370
-678516
-678523
-678538
-678574
-678642
-679080
-679121
-679316
-679352
-679458
-679646
-679668
-679686
-679700
-679921
-679987
-680152
-680165
-680298
-680474
-680627
-680633
-680677
-680732
-680834
-680885
-680968
-681109
-681440
-681503
-681521
-681668
-681697
-681866
-681968
-682020
-682032
-682068
-682104
-682146
-682146
-682204
-682399
-682498
-682585
-682673
-682717
-682753
-682787
-682872
-683105
-683193
-683270
-683274
-683277
-683364
-683401
-683418
-683451
-683491
-683599
-683611
-683632
-683664
-683705
-683800
-683971
-684050
-684107
-684170
-684181
-684248
-684253
-684568
-684621
-684628
-684674
-684677
-684699
-684731
-684744
-684769
-685078
-685090
-685126
-685142
-685146
-685195
-685338
-685425
-685448
-685563
-685708
-685720
-685803
-685865
-685917
-685936
-686081
-686131
-686856
-686861
-686896
-686913
-687029
-687079
-687122
-687150
-687389
-687520
-687593
-687695
-687696
-687710
-687754
-687775
-687781
-687802
-687875
-687884
-687944
-688009
-688070
-688112
-688115
-688129
-688269
-688281
-688362
-688385
-688403
-688427
-688485
-688509
-688538
-688661
-688772
-688853
-688888
-688956
-688983
-689036
-689068
-689172
-689408
-689525
-689886
-689894
-689947
-690028
-690052
-690295
-690330
-690360
-690379
-690394
-690397
-690420
-690579
-690622
-690631
-690747
-690773
-690824
-690879
-690906
-690926
-690947
-690966
-691086
-691445
-691455
-691500
-691608
-691639
-691787
-691792
-691823
-691839
-691850
-691852
-692008
-692040
-692080
-692090
-692092
-692106
-692160
-692253
-692314
-692423
-692426
-692656
-692860
-692876
-692877
-692943
-693075
-693203
-693264
-693300
-693416
-693458
-693705
-693747
-693836
-694092
-694180
-694288
-694341
-694459
-694508
-694519
-694667
-694813
-694835
-694861
-694876
-694963
-694994
-695013
-695058
-695099
-695350
-695357
-695523
-695712
-695829
-695837
-695880
-695927
-696000
-696067
-696176
-696232
-696265
-696325
-696502
-696542
-696549
-696696
-696745
-696750
-696914
-697211
-697256
-697416
-697438
-697519
-697544
-697676
-697808
-697829
-697926
-698046
-698063
-698101
-698159
-698213
-698301
-698346
-698371
-698402
-698529
-698540
-698546
-698708
-698805
-698842
-699063
-699188
-699258
-699283
-699470
-699655
-699657
-699666
-699689
-699753
-699755
-699797
-699801
-699882
-699919
-700115
-700204
-700221
-700426
-700710
-700716
-700720
-700738
-700791
-700798
-700837
-700845
-700990
-701006
-701026
-701046
-701240
-701291
-701367
-701386
-701665
-702067
-702095
-702267
-702294
-702415
-702421
-702454
-702466
-702562
-702580
-702587
-702614
-702639
-702717
-702787
-702798
-702806
-702879
-703050
-703186
-703190
-703328
-703336
-703469
-703502
-703610
-703810
-704044
-704174
-704319
-704464
-704492
-704850
-704865
-704878
-704917
-704946
-705032
-705127
-705129
-705189
-705286
-705379
-705527
-705604
-705702
-705762
-705814
-705851
-705960
-705965
-705979
-706060
-706289
-706336
-706594
-706627
-706652
-706801
-706807
-706878
-706913
-706942
-706953
-707050
-707115
-707120
-707179
-707358
-707397
-707426
-707590
-707590
-707655
-707673
-707698
-707781
-707878
-707895
-708010
-708014
-708122
-708132
-708225
-708253
-708256
-708310
-708349
-708454
-708548
-708555
-708566
-708663
-708680
-708724
-708728
-708924
-708993
-709271
-709500
-709511
-709517
-709548
-709578
-709646
-709746
-709936
-709941
-710062
-710406
-710408
-710696
-710699
-710864
-710875
-710926
-710956
-710982
-711019
-711115
-711115
-711420
-711452
-711464
-711503
-711511
-711568
-711645
-711706
-711715
-711758
-711762
-711830
-712173
-712186
-712308
-712477
-712490
-712695
-712792
-712890
-712967
-713049
-713072
-713104
-713207
-713363
-713457
-713495
-713527
-713619
-713623
-713648
-713731
-713768
-713803
-713830
-713865
-713997
-714008
-714106
-714331
-714415
-714419
-714447
-714538
-714560
-714567
-714665
-714672
-714679
-714733
-714748
-714764
-715018
-715155
-715187
-715292
-715405
-715494
-715516
-715540
-715562
-715607
-715647
-715657
-715712
-715814
-716028
-716073
-716130
-716157
-716207
-716296
-716343
-716357
-716391
-716489
-716756
-716796
-716821
-716830
-716961
-717113
-717207
-717223
-717244
-717254
-717294
-717354
-717364
-717575
-717861
-717874
-718041
-718066
-718175
-718197
-718222
-718233
-718350
-718367
-718470
-718506
-718513
-718537
-718577
-718587
-718671
-718757
-718764
-718968
-719052
-719064
-719127
-719134
-719144
-719150
-719235
-719339
-719578
-719813
-719908
-719920
-719934
-720246
-720263
-720271
-720299
-720407
-720465
-720631
-720633
-720715
-720748
-720748
-720776
-720786
-720870
-720881
-720997
-721036
-721128
-721275
-721348
-721415
-721455
-721539
-721555
-721626
-721633
-721770
-721779
-721816
-721817
-721859
-721892
-721918
-721931
-722114
-722238
-722344
-722482
-722511
-722532
-722549
-722571
-722672
-722758
-722836
-722888
-722952
-723102
-723312
-723465
-723526
-723551
-723563
-723616
-723687
-723793
-723809
-723953
-724042
-724125
-724148
-724304
-724384
-724486
-724539
-724592
-724665
-724676
-724702
-724749
-724842
-725064
-725125
-725453
-725459
-725459
-725626
-725665
-725673
-725681
-725719
-725827
-725902
-725956
-725962
-726192
-726275
-726463
-726530
-726633
-726736
-726741
-726786
-726791
-726796
-726848
-726947
-727063
-727153
-727176
-727181
-727231
-727310
-727363
-727408
-727569
-727582
-727986
-728120
-728254
-728395
-728557
-728605
-728670
-728685
-728690
-728789
-728808
-728882
-729067
-729293
-729364
-729374
-729395
-729413
-729496
-729642
-729672
-729748
-729832
-729852
-730282
-730309
-730370
-730437
-730478
-730656
-730810
-730871
-730878
-730886
-730931
-731019
-731190
-731245
-731453
-731563
-731652
-731728
-731730
-731732
-731884
-731894
-732003
-732039
-732121
-732143
-732415
-732461
-732470
-732722
-732878
-732880
-732889
-733002
-733046
-733062
-733074
-733078
-733125
-733265
-733300
-733370
-733423
-733436
-733500
-733529
-733756
-733761
-733771
-733791
-733807
-733964
-733995
-734072
-734138
-734158
-734208
-734278
-734327
-734390
-734442
-734451
-734538
-734549
-734559
-734563
-734684
-734777
-734842
-734881
-734881
-735054
-735095
-735197
-735207
-735263
-735321
-735321
-735339
-735353
-735610
-735705
-735780
-735941
-735980
-735996
-736060
-736071
-736079
-736089
-736222
-736291
-736374
-736430
-736486
-736670
-736702
-736811
-736846
-736868
-736917
-736945
-737022
-737097
-737322
-737521
-737543
-737577
-737676
-737712
-737780
-737791
-737850
-737902
-737925
-738003
-738015
-738079
-738118
-738124
-738124
-738221
-738237
-738258
-738289
-738395
-738510
-738534
-738564
-738646
-738678
-738753
-738785
-738793
-738807
-738831
-738838
-738890
-738922
-738974
-738982
-738983
-739049
-739143
-739183
-739210
-739253
-739367
-739495
-739706
-739818
-739889
-739904
-739906
-739936
-739952
-739963
-739986
-740006
-740006
-740208
-740287
-740291
-740333
-740490
-740701
-740780
-740783
-740997
-741002
-741099
-741119
-741169
-741256
-741277
-741296
-741446
-741480
-741481
-741484
-741571
-741578
-741658
-741714
-741733
-741758
-741884
-741915
-741918
-741958
-742028
-742034
-742097
-742254
-742258
-742271
-742282
-742363
-742386
-742489
-742549
-742569
-742607
-742834
-742893
-743176
-743224
-743237
-743317
-743344
-743374
-743417
-743459
-743609
-743620
-743628
-743746
-743761
-743862
-743876
-743896
-743929
-743957
-743990
-744028
-744069
-744090
-744104
-744565
-744804
-744983
-745041
-745228
-745305
-745362
-745436
-745462
-745520
-745605
-745652
-745662
-745684
-745828
-745957
-746084
-746121
-746221
-746276
-746469
-746535
-746580
-746588
-746601
-746696
-746702
-746838
-746841
-746930
-746991
-747100
-747176
-747196
-747249
-747296
-747332
-747348
-747501
-747575
-747586
-747602
-747644
-747644
-747682
-747696
-747705
-747741
-747751
-747879
-747921
-748017
-748041
-748056
-748069
-748114
-748144
-748239
-748335
-748454
-748491
-748580
-748680
-748740
-748848
-748885
-748958
-749077
-749122
-749214
-749298
-749332
-749396
-749418
-749449
-749534
-749548
-749581
-749677
-749691
-749748
-749938
-750037
-750148
-750168
-750196
-750337
-750384
-750442
-750508
-750654
-750721
-750989
-750998
-751277
-751285
-751352
-751379
-751413
-751420
-751475
-751703
-751718
-751772
-751783
-751823
-751927
-752001
-752071
-752097
-752099
-752109
-752361
-752425
-752470
-752479
-752535
-752548
-752594
-752635
-752688
-752759
-752766
-752855
-752859
-752866
-752871
-752958
-753017
-753209
-753225
-753294
-753333
-753450
-753563
-753585
-753671
-753736
-753877
-754085
-754143
-754158
-754223
-754240
-754300
-754337
-754388
-754540
-754577
-754618
-754704
-754791
-754804
-754814
-754831
-754882
-754907
-754956
-754978
-755014
-755074
-755210
-755305
-755450
-755516
-755545
-755562
-755597
-755776
-755794
-755849
-755866
-755888
-755989
-756085
-756140
-756157
-756250
-756433
-756460
-756493
-756522
-756530
-756554
-756564
-756571
-756577
-756647
-756678
-756701
-756748
-756749
-756752
-756814
-756828
-756875
-756903
-756981
-756999
-757053
-757078
-757164
-757204
-757283
-757286
-757322
-757348
-757355
-757371
-757431
-757435
-757494
-757582
-757723
-757768
-758085
-758176
-758262
-758298
-758344
-758354
-758371
-758393
-758500
-758591
-758666
-758667
-758718
-758806
-758948
-758955
-759007
-759082
-759092
-759130
-759273
-759389
-759474
-759568
-759647
-759711
-759778
-759926
-759963
-759981
-760013
-760018
-760021
-760030
-760041
-760062
-760073
-760091
-760143
-760245
-760250
-760262
-760417
-760426
-760449
-760468
-760548
-760571
-760627
-760629
-760637
-760697
-760800
-760821
-760887
-760910
-761020
-761083
-761119
-761194
-761416
-761436
-761453
-761475
-761485
-761511
-761528
-761553
-761568
-761734
-761736
-761739
-761785
-761799
-761814
-761961
-762042
-762289
-762341
-762352
-762449
-762581
-762592
-762602
-762662
-762753
-762864
-762879
-762900
-762946
-762950
-763079
-763178
-763324
-763335
-763366
-763575
-763634
-763652
-763857
-763969
-763976
-764104
-764156
-764268
-764305
-764357
-764379
-764402
-764555
-764596
-764664
-764733
-764738
-764750
-764764
-764844
-764905
-765148
-765152
-765245
-765280
-765406
-765488
-765492
-765545
-765620
-765705
-765884
-765885
-765885
-765952
-765956
-765974
-765976
-766118
-766140
-766203
-766282
-766292
-766440
-766596
-766747
-766771
-766850
-766875
-766994
-767012
-767175
-767185
-767191
-767352
-767382
-767383
-767412
-767556
-767613
-767672
-767716
-767779
-768016
-768044
-768118
-768138
-768313
-768343
-768351
-768427
-768512
-768528
-768563
-768590
-768591
-768644
-768697
-768711
-768832
-769047
-769057
-769074
-769146
-769157
-769211
-769217
-769237
-769348
-769362
-769391
-769411
-769481
-769495
-769512
-769543
-769594
-769676
-769731
-769735
-769747
-769852
-769857
-769963
-769972
-770114
-770139
-770176
-770185
-770377
-770383
-770475
-770507
-770534
-770564
-770592
-770595
-770616
-770620
-770678
-770689
-770764
-770775
-770809
-770880
-770895
-771113
-771176
-771243
-771259
-771458
-771486
-771521
-771525
-771548
-771588
-771601
-771602
-771612
-771623
-771629
-771681
-771754
-771769
-771785
-771824
-771871
-772043
-772068
-772112
-772132
-772147
-772150
-772217
-772342
-772382
-772472
-772474
-772496
-772499
-772611
-772721
-772724
-772781
-772887
-772993
-773020
-773104
-773139
-773159
-773207
-773209
-773258
-773277
-773427
-773478
-773530
-773662
-773772
-773812
-773947
-773994
-774086
-774202
-774268
-774327
-774376
-774526
-774530
-774544
-774562
-774599
-774749
-774805
-774873
-774916
-774979
-774979
-774989
-774991
-775041
-775043
-775128
-775132
-775244
-775244
-775256
-775258
-775356
-775371
-775384
-775416
-775445
-775482
-775493
-775509
-775639
-775777
-775800
-776133
-776162
-776316
-776366
-776437
-776541
-776592
-776599
-776630
-776690
-776827
-776850
-776863
-776867
-776939
-776957
-776961
-777005
-777110
-777142
-777153
-777180
-777195
-777231
-777232
-777247
-777265
-777267
-777436
-777456
-777611
-777707
-777709
-777752
-777791
-777860
-777876
-777898
-778039
-778222
-778229
-778234
-778246
-778436
-778513
-778541
-778570
-778705
-778839
-778849
-778860
-778889
-778903
-778964
-778996
-779082
-779206
-779293
-779302
-779414
-779456
-779550
-779615
-779672
-779727
-779807
-779940
-780047
-780093
-780105
-780272
-780288
-780339
-780339
-780611
-780770
-780785
-780805
-780812
-780916
-780952
-780959
-780990
-780990
-781091
-781167
-781206
-781241
-781340
-781494
-781591
-781697
-781708
-781830
-781955
-782112
-782168
-782247
-782309
-782324
-782402
-782425
-782456
-782642
-782643
-782735
-782816
-782825
-782896
-783114
-783148
-783171
-783330
-783532
-783560
-783605
-783619
-783800
-783824
-783836
-783843
-783943
-783950
-783957
-784187
-784425
-784453
-784484
-784528
-784540
-784554
-784582
-784638
-784818
-784875
-784879
-785057
-785071
-785105
-785156
-785259
-785269
-785409
-785426
-785539
-785613
-785683
-785807
-785816
-785848
-785882
-785963
-786014
-786058
-786058
-786127
-786144
-786184
-786219
-786220
-786241
-786261
-786264
-786267
-786363
-786366
-786481
-786534
-786546
-786578
-786636
-786736
-786737
-786835
-786977
-787005
-787037
-787044
-787117
-787167
-787184
-787187
-787345
-787353
-787478
-787644
-787669
-787730
-787746
-787764
-787793
-787994
-788128
-788251
-788261
-788270
-788275
-788295
-788308
-788356
-788442
-788445
-788451
-788591
-788626
-788748
-788845
-788878
-788931
-788955
-788970
-788974
-789014
-789232
-789249
-789321
-789328
-789370
-789433
-789494
-789506
-789508
-789525
-789532
-789594
-789706
-789713
-789716
-789886
-789904
-789921
-789925
-790124
-790139
-790403
-790434
-790442
-790508
-790539
-790554
-790587
-790601
-790614
-790698
-790880
-790976
-790984
-790992
-791186
-791214
-791332
-791347
-791447
-791453
-791463
-791510
-791580
-791590
-791622
-791834
-791908
-791967
-792058
-792097
-792109
-792115
-792160
-792181
-792245
-792329
-792378
-792401
-792407
-792415
-792443
-792686
-792784
-792884
-792906
-792973
-793030
-793122
-793162
-793200
-793345
-793379
-793446
-793729
-793745
-793750
-793814
-793892
-793922
-794002
-794027
-794029
-794050
-794143
-794165
-794232
-794254
-794278
-794295
-794296
-794319
-794338
-794349
-794508
-794597
-794751
-794789
-794792
-794810
-794946
-795133
-795265
-795346
-795395
-795406
-795485
-795724
-795795
-795808
-795875
-796061
-796065
-796080
-796114
-796155
-796207
-796215
-796243
-796290
-796340
-796565
-796670
-796671
-796752
-796803
-796811
-796818
-796922
-796983
-796983
-796988
-797002
-797112
-797131
-797152
-797306
-797308
-797349
-797369
-797426
-797429
-797486
-797514
-797553
-797556
-797747
-797762
-797956
-797977
-798052
-798267
-798436
-798438
-798439
-798521
-798564
-798582
-798642
-798654
-798720
-798759
-798828
-798892
-799006
-799155
-799166
-799305
-799384
-799397
-799418
-799541
-799598
-799609
-799652
-799694
-799839
-799993
-799996
-800007
-800117
-800364
-800430
-800440
-800493
-800612
-800866
-800904
-800908
-800913
-800981
-801150
-801150
-801162
-801178
-801225
-801298
-801309
-801395
-801651
-801661
-801734
-801737
-801766
-801770
-801807
-801846
-801872
-801899
-801899
-801909
-801962
-802008
-802148
-802162
-802242
-802317
-802375
-802408
-802415
-802430
-802571
-802658
-802701
-802744
-802760
-802780
-802784
-802905
-802912
-802991
-803018
-803034
-803135
-803178
-803183
-803275
-803278
-803282
-803300
-803397
-803398
-803480
-803497
-803517
-803583
-803620
-803708
-803806
-804021
-804052
-804103
-804164
-804173
-804207
-804324
-804331
-804368
-804412
-804458
-804579
-804671
-804856
-804894
-804903
-804966
-804966
-804982
-805003
-805184
-805233
-805312
-805330
-805531
-805567
-805679
-805701
-805705
-805730
-805745
-805782
-805856
-805900
-805926
-805929
-805994
-806030
-806039
-806082
-806172
-806192
-806297
-806358
-806445
-806478
-806491
-806532
-806578
-806664
-806763
-806805
-806853
-807038
-807150
-807309
-807318
-807334
-807422
-807450
-807452
-807502
-808209
-808348
-808472
-808489
-808628
-808770
-808930
-808944
-809010
-809051
-809088
-809117
-809413
-809475
-809484
-809498
-809508
-809604
-809658
-809665
-809746
-809746
-809794
-809820
-810071
-810095
-810287
-810302
-810337
-810395
-810520
-810577
-810604
-810773
-810793
-810796
-810837
-810894
-811007
-811143
-811196
-811245
-811393
-811409
-811425
-811500
-811744
-811754
-811762
-811879
-812042
-812048
-812070
-812093
-812110
-812249
-812280
-812283
-812431
-812511
-812538
-812585
-812623
-812661
-812768
-812781
-812824
-812829
-812851
-812863
-813011
-813015
-813186
-813279
-813291
-813332
-813384
-813401
-813463
-813564
-813591
-813785
-813828
-813831
-813880
-814081
-814131
-814149
-814237
-814302
-814336
-814398
-814437
-814473
-814546
-814675
-814728
-814770
-814801
-814862
-814891
-814999
-815004
-815063
-815107
-815149
-815171
-815468
-815518
-815547
-815572
-815608
-815660
-815670
-815737
-815870
-815900
-815984
-816049
-816183
-816237
-816273
-816343
-816350
-816412
-816440
-816492
-816652
-816721
-816724
-816757
-816767
-816966
-817079
-817299
-817359
-817402
-817442
-817672
-817788
-817825
-817846
-817924
-817936
-817976
-818044
-818112
-818197
-818302
-818304
-818335
-818346
-818355
-818442
-818443
-818456
-818513
-818545
-818608
-818616
-818633
-818837
-818904
-818991
-819054
-819088
-819207
-819271
-819277
-819284
-819314
-819319
-819363
-819485
-819532
-819688
-819854
-819899
-819915
-820009
-820105
-820210
-820239
-820255
-820258
-820433
-820494
-820583
-820598
-820708
-820717
-820747
-820941
-820951
-820958
-821097
-821190
-821303
-821360
-821377
-821412
-821478
-821587
-821656
-822326
-822352
-822426
-822432
-822517
-822666
-822860
-822908
-823164
-823261
-823339
-823424
-823515
-823673
-823698
-823854
-823884
-824009
-824088
-824169
-824216
-824255
-824398
-824399
-824544
-824568
-824602
-824722
-824765
-824879
-824978
-825090
-825158
-825171
-825175
-825183
-825421
-825503
-825533
-825554
-825585
-825612
-825623
-825633
-825669
-825765
-825905
-825958
-826026
-826074
-826149
-826274
-826301
-826433
-826522
-826564
-826746
-826761
-826762
-826896
-827004
-827055
-827065
-827082
-827120
-827135
-827279
-827359
-827382
-827426
-827508
-827509
-827531
-827550
-827569
-827583
-827611
-827617
-827815
-827851
-827889
-827914
-827924
-828029
-828033
-828159
-828208
-828279
-828344
-828411
-828429
-828471
-828508
-828563
-828565
-828835
-828836
-828851
-828923
-828961
-829227
-829437
-829530
-829555
-829608
-829676
-829849
-829944
-830090
-830182
-830198
-830222
-830405
-830545
-830576
-830803
-830844
-830943
-830986
-831023
-831087
-831129
-831170
-831173
-831207
-831226
-831426
-831624
-831646
-831683
-831735
-831768
-831948
-832008
-832015
-832108
-832307
-832550
-832641
-832742
-832761
-832800
-832890
-832922
-833211
-833245
-833256
-833363
-833364
-833457
-833644
-833732
-833736
-834012
-834176
-834262
-834276
-834434
-834492
-834596
-834637
-834674
-834714
-834799
-834834
-834980
-835101
-835118
-835130
-835196
-835200
-835260
-835381
-835382
-835656
-835692
-835732
-835763
-836082
-836155
-836276
-836332
-836453
-836536
-836593
-836802
-836805
-836840
-836918
-836986
-837177
-837241
-837398
-837453
-837560
-837627
-837744
-837797
-837807
-837848
-837885
-837902
-838074
-838298
-838313
-838439
-838545
-838566
-838615
-838617
-838647
-838765
-838798
-838820
-838858
-838992
-838998
-839113
-839124
-839130
-839135
-839147
-839181
-839225
-839536
-839689
-839734
-839802
-839884
-839914
-839941
-840281
-840327
-840360
-840393
-840518
-840585
-840736
-840773
-840788
-840875
-841095
-841109
-841118
-841149
-841192
-841248
-841249
-841296
-841323
-841344
-841349
-841421
-841455
-841723
-841764
-841793
-841809
-841831
-841891
-841927
-842010
-842025
-842185
-842285
-842581
-842705
-842728
-842834
-842839
-842868
-842942
-843052
-843070
-843097
-843116
-843214
-843305
-843308
-843431
-843441
-843447
-843474
-843504
-843540
-843645
-843664
-843784
-843842
-843883
-843919
-843944
-843971
-844058
-844153
-844164
-844209
-844365
-844377
-844430
-844441
-844451
-844491
-844568
-844572
-844600
-844837
-845021
-845036
-845176
-845204
-845216
-845250
-845285
-845335
-845478
-845489
-845668
-845724
-845893
-845982
-846047
-846050
-846056
-846073
-846075
-846107
-846235
-846450
-846452
-846549
-846553
-846620
-846626
-846635
-846689
-846852
-846939
-847037
-847057
-847094
-847367
-847390
-847692
-847708
-847725
-847815
-847856
-847985
-848045
-848146
-848178
-848336
-848394
-848425
-848562
-848578
-848636
-848693
-848700
-848724
-848755
-848799
-848841
-849002
-849019
-849046
-849200
-849378
-849398
-849404
-849498
-849502
-849515
-849586
-849664
-849690
-849718
-849742
-849742
-849811
-849881
-849937
-849973
-849988
-850168
-850270
-850452
-850482
-850641
-850658
-850807
-850824
-850999
-851031
-851063
-851112
-851271
-851310
-851401
-851481
-851663
-851694
-851700
-851780
-851872
-852019
-852041
-852148
-852163
-852224
-852228
-852255
-852286
-852467
-852470
-852481
-852503
-852647
-852653
-852697
-852841
-852844
-852886
-852918
-853048
-853094
-853172
-853356
-853363
-853533
-853560
-853609
-853644
-853656
-853681
-853728
-853757
-853817
-853823
-853937
-853950
-853955
-853997
-854055
-854206
-854209
-854210
-854264
-854399
-854490
-854511
-854571
-854579
-854601
-854642
-854763
-854808
-854877
-854890
-854953
-855073
-855090
-855099
-855131
-855159
-855204
-855237
-855254
-855344
-855390
-855616
-855641
-855646
-855675
-855733
-855814
-856260
-856285
-856408
-856419
-856455
-856464
-856487
-856570
-856585
-856591
-856625
-856639
-856737
-856836
-857001
-857043
-857072
-857231
-857254
-857313
-857333
-857382
-857500
-857644
-857729
-857741
-857819
-857859
-857870
-857938
-857996
-858154
-858270
-858271
-858294
-858337
-858475
-858491
-858555
-858614
-858640
-858684
-858688
-858749
-859000
-859023
-859028
-859051
-859067
-859159
-859297
-859483
-859504
-859559
-859646
-859701
-859868
-859898
-859906
-859935
-860079
-860098
-860304
-860403
-860558
-860578
-860611
-860633
-860793
-860819
-860937
-860942
-860959
-860998
-860999
-861005
-861065
-861087
-861330
-861706
-861716
-861838
-861904
-861919
-861958
-861987
-861992
-862072
-862178
-862306
-862330
-862382
-862417
-862597
-862667
-862676
-862678
-862701
-862834
-863000
-863197
-863212
-863242
-863246
-863271
-863367
-863473
-863517
-863561
-863614
-863618
-863629
-863705
-863804
-863983
-863985
-864018
-864099
-864134
-864157
-864186
-864284
-864340
-864464
-864580
-864584
-864726
-864882
-864890
-864904
-865039
-865058
-865077
-865108
-865159
-865197
-865251
-865269
-865334
-865340
-865471
-865625
-865630
-865719
-865853
-865875
-865876
-865965
-866022
-866075
-866077
-866250
-866294
-866361
-866425
-866561
-866571
-866703
-866726
-866770
-866826
-866947
-866976
-867006
-867368
-867538
-867551
-867597
-868012
-868040
-868121
-868298
-868369
-868373
-868438
-868474
-868486
-868499
-868534
-868535
-868773
-868820
-868911
-868966
-869020
-869030
-869087
-869123
-869142
-869152
-869212
-869213
-869230
-869237
-869359
-869429
-869491
-869548
-869668
-869689
-869701
-869720
-869970
-870073
-870092
-870096
-870494
-870511
-870556
-870571
-870578
-870611
-870627
-870650
-870680
-870883
-870987
-871031
-871073
-871196
-871218
-871254
-871302
-871408
-871483
-871537
-871542
-871576
-871931
-872001
-872007
-872155
-872261
-872273
-872333
-872335
-872366
-872375
-872424
-872440
-872574
-872599
-872608
-872801
-872834
-872936
-872978
-872982
-873073
-873073
-873076
-873100
-873159
-873238
-873356
-873403
-873434
-873445
-873467
-873510
-873523
-873588
-873739
-873754
-873795
-874013
-874073
-874289
-874340
-874379
-874396
-874438
-874491
-874542
-874640
-874651
-874658
-874680
-874757
-874791
-874804
-874846
-874906
-874921
-874936
-875000
-875021
-875276
-875287
-875335
-875353
-875551
-875638
-875705
-875715
-875740
-875886
-875965
-876046
-876054
-876238
-876287
-876331
-876334
-876411
-876480
-876502
-876606
-876637
-876682
-876710
-876830
-876886
-877015
-877045
-877050
-877070
-877097
-877239
-877340
-877423
-877558
-877562
-877598
-877615
-877695
-877707
-877723
-877780
-877829
-877858
-877876
-878004
-878049
-878058
-878113
-878442
-878520
-878688
-878765
-879022
-879200
-879261
-879330
-879453
-879470
-879492
-879533
-879544
-879551
-879596
-879643
-879829
-879834
-879841
-879857
-879960
-880043
-880107
-880218
-880273
-880319
-880330
-880372
-880546
-880645
-880730
-880777
-880810
-880829
-880898
-880903
-880939
-880968
-880972
-881012
-881109
-881163
-881221
-881254
-881274
-881280
-881283
-881327
-881439
-881552
-881695
-881786
-881846
-881897
-882008
-882066
-882252
-882374
-882480
-882506
-882571
-882702
-882724
-882748
-882753
-882755
-882880
-882915
-882917
-882933
-882951
-883034
-883090
-883237
-883315
-883361
-883436
-883463
-883474
-883611
-883790
-883902
-883917
-883992
-884072
-884128
-884284
-884294
-884373
-884501
-884632
-884937
-884991
-885030
-885050
-885121
-885261
-885467
-885484
-885543
-885597
-885618
-885629
-885665
-885671
-885721
-885727
-885765
-885864
-885991
-886232
-886295
-886442
-886592
-886644
-886650
-886693
-886715
-886716
-886727
-886756
-886829
-886881
-886970
-887024
-887083
-887104
-887166
-887186
-887196
-887218
-887257
-887316
-887453
-887464
-887468
-887495
-887552
-887555
-887607
-887613
-887659
-887679
-887846
-887873
-887916
-888079
-888164
-888217
-888285
-888328
-888378
-888418
-888530
-888573
-888577
-888599
-888640
-888640
-888704
-888779
-888803
-888836
-888906
-889047
-889090
-889173
-889226
-889357
-889432
-889454
-889654
-889662
-889668
-889838
-889905
-890046
-890098
-890154
-890156
-890230
-890332
-890336
-890433
-890451
-890508
-890647
-890737
-890821
-890912
-891080
-891273
-891467
-891587
-891618
-891856
-891949
-891974
-892000
-892040
-892080
-892112
-892128
-892155
-892157
-892210
-892370
-892509
-892528
-892551
-892573
-892614
-892621
-892775
-892861
-892930
-893018
-893036
-893043
-893048
-893119
-893129
-893148
-893197
-893227
-893454
-893631
-893662
-893844
-893876
-894105
-894123
-894131
-894205
-894236
-894323
-894333
-894334
-894340
-894495
-894713
-894732
-894803
-894820
-894908
-894967
-894969
-894990
-895012
-895154
-895227
-895275
-895280
-895287
-895310
-895390
-895395
-895416
-895484
-895509
-895807
-895811
-895818
-895886
-895926
-896033
-896061
-896099
-896144
-896171
-896217
-896306
-896314
-896362
-896511
-896511
-896588
-896595
-897120
-897128
-897184
-897420
-897483
-897535
-897891
-897900
-897950
-898004
-898093
-898115
-898260
-898465
-898481
-898551
-898568
-898735
-898806
-898885
-898888
-899049
-899073
-899110
-899167
-899346
-899426
-899536
-899550
-899554
-899564
-899645
-899651
-899677
-899684
-899888
-900089
-900093
-900246
-900286
-900289
-900335
-900507
-900540
-900585
-900596
-900603
-900657
-900702
-900726
-900748
-900749
-900823
-900831
-900974
-900997
-901078
-901093
-901198
-901288
-901503
-901517
-901532
-901540
-901560
-901820
-901863
-901925
-902026
-902087
-902178
-902197
-902358
-902453
-902481
-902500
-902542
-902574
-902750
-902795
-902885
-902914
-902959
-903167
-903257
-903261
-903351
-903367
-903404
-903435
-903514
-903642
-903644
-903840
-903912
-903949
-903966
-903979
-904179
-904371
-904430
-904481
-904666
-904676
-904728
-904750
-904757
-904823
-904840
-904890
-904924
-904957
-905013
-905059
-905119
-905160
-905236
-905267
-905286
-905299
-905359
-905367
-905398
-905551
-905754
-905821
-905840
-905915
-906005
-906080
-906083
-906093
-906231
-906317
-906337
-906358
-906423
-906525
-906531
-906559
-906568
-906608
-906670
-906678
-906690
-906695
-906731
-906866
-906880
-906923
-907007
-907040
-907048
-907178
-907380
-907403
-907502
-907592
-907649
-907659
-907666
-907716
-907723
-907724
-907765
-907831
-907849
-907851
-907863
-908049
-908077
-908162
-908190
-908247
-908308
-908327
-908350
-908367
-908404
-908437
-908446
-908944
-908954
-909064
-909065
-909104
-909151
-909200
-909268
-909437
-909477
-909507
-909573
-909604
-909616
-909625
-909695
-909754
-909782
-909847
-909928
-910029
-910286
-910290
-910358
-910379
-910448
-910544
-910549
-910630
-910635
-910699
-910768
-910779
-910791
-910964
-911077
-911097
-911141
-911208
-911233
-911492
-911504
-911512
-911531
-911581
-911706
-911711
-911895
-911903
-911939
-911963
-912074
-912084
-912132
-912153
-912155
-912161
-912281
-912342
-912448
-912475
-912705
-912705
-912840
-912934
-912952
-913066
-913105
-913109
-913149
-913185
-913222
-913265
-913275
-913372
-913380
-913389
-913467
-913565
-913649
-913653
-913741
-913768
-913825
-913838
-914026
-914085
-914136
-914181
-914197
-914297
-914424
-914458
-914518
-914606
-914635
-914679
-914755
-914852
-914863
-914902
-914918
-914984
-915086
-915185
-915187
-915295
-915337
-915427
-915465
-915516
-915533
-915577
-915577
-915843
-915856
-915906
-916071
-916274
-916400
-916528
-916534
-916563
-916594
-916621
-916634
-916784
-916884
-916924
-917035
-917162
-917172
-917258
-917330
-917347
-917407
-917435
-917443
-917465
-917542
-917753
-917797
-917844
-917846
-917884
-917890
-918024
-918105
-918347
-918428
-918506
-918535
-918560
-918566
-918617
-918625
-918660
-918706
-918727
-918866
-918899
-919002
-919073
-919115
-919180
-919188
-919268
-919302
-919343
-919492
-919559
-919560
-919576
-919627
-919636
-919716
-919910
-919953
-920149
-920150
-920167
-920281
-920382
-920416
-920444
-920597
-920626
-920752
-920753
-920759
-920832
-920870
-921118
-921174
-921316
-921356
-921367
-921383
-921403
-921508
-921573
-921589
-921634
-921696
-921707
-921710
-921755
-921856
-921894
-921958
-921982
-922217
-922228
-922319
-922388
-922395
-922478
-922641
-922646
-922804
-923102
-923182
-923205
-923223
-923343
-923345
-923445
-923471
-923541
-923549
-923564
-923565
-923707
-923831
-923840
-923852
-923896
-923931
-924015
-924079
-924142
-924289
-924293
-924343
-924407
-924501
-924540
-924559
-924677
-924795
-924834
-925006
-925039
-925179
-925275
-925308
-925343
-925358
-925368
-925470
-925496
-925538
-925546
-925737
-925806
-925840
-925969
-926151
-926214
-926243
-926270
-926499
-926609
-926705
-926734
-926795
-927053
-927082
-927278
-927358
-927441
-927444
-927505
-927680
-927689
-927709
-927767
-927767
-927914
-927930
-927951
-928144
-928180
-928208
-928230
-928239
-928337
-928379
-928411
-928439
-928514
-928575
-928618
-928713
-928738
-928794
-928895
-928924
-929021
-929143
-929227
-929349
-929369
-929451
-929478
-929483
-929519
-929625
-929831
-929842
-929864
-929868
-929994
-930102
-930117
-930242
-930399
-930464
-930475
-930557
-930566
-930630
-930644
-930736
-930774
-930864
-930873
-931133
-931140
-931162
-931218
-931236
-931279
-931330
-931348
-931397
-931515
-931559
-931693
-931719
-931782
-931869
-932064
-932141
-932210
-932231
-932320
-932378
-932482
-932522
-932630
-932720
-932835
-933101
-933157
-933178
-933413
-933530
-933537
-933605
-933614
-933651
-933678
-933682
-933705
-933761
-933776
-933807
-933861
-933863
-933866
-934050
-934052
-934079
-934142
-934167
-934303
-934329
-934332
-934464
-934486
-934584
-934627
-934662
-934772
-934846
-934919
-934923
-935003
-935021
-935057
-935316
-935379
-935641
-935903
-935948
-935992
-936065
-936103
-936112
-936124
-936148
-936217
-936315
-936334
-936334
-936479
-936527
-936879
-936959
-937038
-937171
-937275
-937377
-937379
-937650
-937665
-937725
-937796
-937856
-937862
-937864
-937947
-937957
-937972
-938068
-938076
-938123
-938179
-938241
-938257
-938271
-938278
-938290
-938298
-938353
-938388
-938481
-938518
-938534
-938648
-938713
-938753
-938830
-938877
-939038
-939120
-939229
-939283
-939301
-939360
-939388
-939415
-939422
-939454
-939503
-939604
-939633
-939778
-939785
-939862
-939920
-939921
-939929
-940001
-940022
-940023
-940118
-940158
-940309
-940376
-940431
-940441
-940460
-940471
-940479
-940487
-940628
-940630
-940684
-940703
-940707
-940799
-940860
-940914
-940959
-941039
-941094
-941234
-941396
-941445
-941538
-941626
-941669
-941758
-941772
-941806
-941821
-941876
-941902
-941928
-941955
-941999
-942084
-942255
-942270
-942290
-942310
-942353
-942776
-942778
-942876
-942924
-943011
-943047
-943065
-943065
-943216
-943279
-943286
-943411
-943524
-943576
-943586
-943644
-943672
-943687
-943732
-943770
-943951
-943981
-944014
-944088
-944109
-944199
-944229
-944348
-944554
-944740
-944765
-944769
-944829
-944840
-944866
-944904
-944942
-944954
-944964
-944983
-945019
-945036
-945195
-945354
-945393
-945399
-945445
-945665
-945702
-945710
-945765
-945777
-945784
-945846
-945922
-945954
-945960
-946130
-946160
-946413
-946453
-946543
-946815
-946985
-946991
-947101
-947139
-947304
-947319
-947334
-947380
-947390
-947471
-947583
-947605
-947609
-947649
-948028
-948032
-948252
-948258
-948265
-948315
-948405
-948410
-948504
-948540
-948832
-948862
-949087
-949106
-949120
-949193
-949286
-949299
-949331
-949411
-949413
-949785
-949881
-949906
-950016
-950037
-950044
-950117
-950202
-950203
-950348
-950354
-950400
-950526
-950527
-950567
-950627
-950642
-950694
-950709
-950960
-950994
-950998
-951011
-951019
-951100
-951126
-951145
-951169
-951182
-951241
-951342
-951370
-951370
-951401
-951580
-951688
-951712
-951821
-951871
-951951
-952053
-952088
-952122
-952209
-952374
-952536
-952555
-952588
-952673
-952694
-952984
-952991
-953097
-953127
-953186
-953190
-953292
-953295
-953426
-953445
-953554
-953569
-953748
-953891
-953902
-953992
-954110
-954158
-954248
-954329
-954381
-954446
-954484
-954568
-954801
-954869
-954883
-954908
-955045
-955116
-955213
-955408
-955409
-955455
-955460
-955550
-955558
-955599
-955723
-955760
-955868
-955871
-956109
-956143
-956183
-956200
-956223
-956371
-956372
-956435
-956765
-956912
-956917
-957102
-957138
-957227
-957256
-957283
-957326
-957329
-957410
-957453
-957470
-957489
-957511
-957511
-957519
-957553
-957614
-957630
-957637
-957650
-957690
-957718
-957746
-957803
-957829
-958012
-958042
-958166
-958187
-958358
-958366
-958566
-958613
-958638
-958639
-958676
-958763
-958789
-958827
-958855
-958874
-958879
-958916
-958981
-959010
-959050
-959053
-959220
-959247
-959437
-959550
-959592
-959705
-959912
-959949
-960054
-960091
-960119
-960331
-960377
-960510
-960558
-960586
-960638
-960651
-960706
-960715
-960721
-960725
-960746
-960813
-960954
-961046
-961100
-961392
-961397
-961531
-961565
-961756
-961802
-961865
-961997
-962032
-962047
-962075
-962148
-962156
-962168
-962193
-962208
-962243
-962333
-962383
-962438
-962465
-962518
-962624
-962640
-962668
-962714
-962816
-962868
-962869
-962925
-963056
-963164
-963200
-963252
-963302
-963609
-963731
-963766
-963786
-963792
-963888
-963956
-964088
-964129
-964217
-964327
-964490
-964525
-964709
-964709
-964797
-964853
-964932
-964965
-965054
-965054
-965178
-965208
-965408
-965453
-965497
-965551
-965681
-965715
-965817
-965836
-965836
-966021
-966047
-966102
-966105
-966127
-966163
-966256
-966257
-966291
-966358
-966469
-966490
-966530
-966618
-966901
-966931
-967104
-967132
-967159
-967254
-967290
-967344
-967348
-967378
-967721
-967846
-967851
-967877
-967907
-967958
-968011
-968046
-968153
-968283
-968300
-968315
-968354
-968393
-968398
-968424
-968506
-968626
-968664
-968787
-968848
-968884
-968886
-968949
-968992
-969000
-969067
-969091
-969156
-969168
-969247
-969645
-969716
-969771
-969777
-969853
-969901
-969902
-969949
-969961
-969982
-970120
-970120
-970165
-970201
-970225
-970283
-970303
-970362
-970414
-970495
-970557
-970596
-970616
-970937
-970942
-970976
-971235
-971243
-971245
-971454
-971495
-971555
-971588
-971671
-971784
-971842
-971847
-972164
-972321
-972384
-972459
-972459
-972470
-972689
-972717
-972725
-972804
-972843
-972843
-973008
-973013
-973118
-973252
-973580
-973593
-973682
-973811
-973815
-973870
-973878
-973880
-973947
-973955
-974081
-974160
-974169
-974209
-974258
-974310
-974345
-974358
-974370
-974414
-974451
-974562
-974595
-974675
-974765
-974871
-974950
-975006
-975008
-975066
-975111
-975131
-975233
-975235
-975264
-975398
-975404
-975432
-975455
-975519
-975600
-975609
-975620
-975628
-975669
-975804
-975811
-975837
-975845
-975937
-976119
-976141
-976184
-976250
-976281
-976430
-976805
-976969
-977294
-977367
-977490
-977542
-977588
-977661
-977756
-977955
-977959
-977987
-978089
-978103
-978168
-978186
-978208
-978348
-978359
-978380
-978445
-978472
-978497
-978502
-978621
-978665
-978679
-978779
-979009
-979070
-979127
-979163
-979246
-979257
-979380
-979496
-979523
-979629
-979706
-979706
-979801
-979849
-979853
-979923
-979940
-980224
-980299
-980306
-980332
-980342
-980452
-980454
-980516
-980517
-980636
-980671
-980738
-980739
-980924
-980935
-980973
-980992
-981009
-981078
-981111
-981134
-981325
-981383
-981419
-981541
-981542
-981583
-981783
-981831
-981884
-981943
-982051
-982218
-982384
-982443
-982519
-982520
-982713
-982832
-982850
-982902
-982959
-982982
-982982
-983133
-983256
-983377
-983423
-983479
-983501
-983543
-983599
-983624
-983772
-983792
-983843
-983886
-984029
-984037
-984054
-984116
-984117
-984135
-984174
-984353
-984394
-984497
-984601
-984619
-984620
-984655
-984700
-984779
-984792
-984824
-984842
-984886
-984991
-985018
-985164
-985232
-985506
-985645
-985700
-985734
-985861
-985890
-986081
-986115
-986185
-986234
-986392
-986393
-986490
-986516
-986554
-986655
-986663
-986706
-986952
-987029
-987443
-987471
-987530
-987595
-987690
-987735
-987867
-988052
-988083
-988118
-988194
-988451
-988473
-988696
-988717
-988743
-988854
-988900
-989026
-989032
-989098
-989409
-989479
-989606
-989672
-989683
-989748
-989904
-990014
-990060
-990081
-990093
-990100
-990120
-990183
-990194
-990208
-990251
-990299
-990310
-990377
-990392
-990481
-990531
-990569
-990740
-990751
-990798
-990806
-990823
-990833
-990897
-991009
-991176
-991180
-991233
-991298
-991321
-991330
-991358
-991378
-991539
-991632
-992001
-992182
-992209
-992314
-992315
-992378
-992412
-992414
-992430
-992541
-992632
-992731
-992768
-992839
-992908
-992972
-992980
-993077
-993191
-993196
-993210
-993237
-993397
-993462
-993494
-993506
-993536
-993547
-993571
-993598
-993676
-993690
-993696
-993711
-993740
-993757
-993782
-993820
-993913
-993971
-994021
-994062
-994113
-994252
-994320
-994329
-994375
-994446
-994471
-994528
-994577
-994580
-994724
-994781
-994862
-995021
-995142
-995178
-995293
-995419
-995428
-995515
-995544
-995544
-995719
-995726
-995748
-995761
-995926
-995973
-995981
-996000
-996163
-996186
-996201
-996350
-996423
-996543
-996663
-996721
-996745
-996768
-996800
-996816
-996870
-996921
-996955
-997000
-997185
-997341
-997373
-997390
-997659
-997683
-997703
-997811
-997858
-997947
-998079
-998082
-998089
-998202
-998216
-998285
-998334
-998485
-998519
-998656
-998808
-999067
-999119
-999149
-999188
-999225
-999237
-999328
-999394
-999422
-999441
-999470
-999472
-999488
-999509
-999546
-999576
-999610
-999725
-999806
-999857
-999886
-999974
