-999983
-999972
-999965
-999962
-999939
-999938
-999927
-999862
-999823
-999799
-999796
-999792
-999765
-999747
-999727
-999701
-999671
-999660
-999656
-999550
-999541
-999539
-999523
-999514
-999505
-999486
-999481
-999469
-999437
-999427
-999422
-999407
-999391
-999382
-999377
-999353
-999351
-999342
-999337
-999297
-999278
-999183
-999177
-999151
-999125
-999090
-999082
-999068
-999063
-999062
-999028
-999003
-998903
-998891
-998815
-998809
-998760
-998690
-998676
-998658
-998655
-998639
-998581
-998544
-998533
-998507
-998505
-998477
-998460
-998458
-998436
-998413
-998373
-998337
-998262
-998228
-998226
-998206
-998156
-998148
-998137
-998124
-998072
-998054
-998053
-998026
-998025
-997974
-997936
-997922
-997918
-997906
-997856
-997849
-997831
-997820
-997818
-997807
-997726
-997723
-997716
-997704
-997688
-997683
-997609
-997598
-997505
-997444
-997422
-997398
-997360
-997335
-997318
-997312
-997305
-997295
-997294
-997292
-997270
-997245
-997242
-997228
-997215
-997187
-997182
-997159
-997152
-997139
-997109
-997068
-997040
-997030
-997012
-996998
-996969
-996942
-996942
-996922
-996915
-996881
-996851
-996811
-996730
-996725
-996640
-996637
-996631
-996627
-996625
-996619
-996597
-996592
-996552
-996540
-996540
-996518
-996504
-996492
-996490
-996433
-996426
-996392
-996387
-996324
-996321
-996318
-996304
-996282
-996268
-996253
-996249
-996249
-996233
-996208
-996187
-996186
-996182
-996120
-996116
-996110
-996107
-996094
-996086
-996077
-996075
-996035
-996033
-996031
-995999
-995977
-995969
-995963
-995962
-995862
-995862
-995855
-995822
-995820
-995819
-995812
-995800
-995795
-995795
-995794
-995792
-995776
-995735
-995728
-995705
-995640
-995637
-995623
-995611
-995594
-995578
-995571
-995501
-995489
-995477
-995447
-995438
-995382
-995333
-995325
-995318
-995311
-995297
-995273
-995268
-995247
-995225
-995221
-995192
-995163
-995153
-995126
-995108
-995087
-995081
-995069
-995065
-995064
-995048
-995038
-994986
-994978
-994923
-994898
-994875
-994854
-994794
-994760
-994743
-994741
-994720
-994675
-994674
-994670
-994598
-994535
-994502
-994501
-994452
-994450
-994449
-994409
-994403
-994395
-994367
-994361
-994339
-994328
-994318
-994288
-994286
-994276
-994266
-994258
-994220
-994180
-994126
-994116
-994106
-994106
-994100
-994097
-994096
-994094
-994040
-994039
-994025
-994025
-994024
-993997
-993996
-993934
-993888
-993849
-993845
-993834
-993826
-993804
-993776
-993759
-993754
-993754
-993722
-993692
-993615
-993603
-993581
-993573
-993572
-993558
-993553
-993526
-993504
-993500
-993483
-993476
-993457
-993383
-993360
-993333
-993310
-993252
-993250
-993248
-993243
-993238
-993229
-993208
-993195
-993184
-993119
-993066
-993049
-993046
-993033
-992987
-992965
-992945
-992932
-992909
-992902
-992901
-992867
-992867
-992857
-992854
-992815
-992742
-992734
-992727
-992722
-992721
-992705
-992701
-992674
-992646
-992634
-992617
-992602
-992565
-992536
-992519
-992490
-992459
-992453
-992441
-992428
-992411
-992405
-992394
-992392
-992392
-992356
-992339
-992319
-992288
-992283
-992253
-992250
-992204
-992188
-992172
-992168
-992165
-992165
-992135
-992118
-992117
-992086
-992061
-992044
-992035
-992032
-991989
-991981
-991981
-991975
-991969
-991969
-991956
-991955
-991955
-991883
-991872
-991834
-991834
-991802
-991784
-991725
-991708
-991689
-991674
-991655
-991606
-991601
-991590
-991583
-991570
-991547
-991536
-991531
-991510
-991490
-991477
-991476
-991475
-991464
-991429
-991418
-991415
-991409
-991369
-991327
-991283
-991166
-991148
-991146
-991134
-991127
-991097
-991074
-991061
-991055
-991037
-991027
-991018
-991014
-990992
-990937
-990934
-990913
-990897
-990869
-990839
-990822
-990779
-990767
-990629
-990619
-990590
-990495
-990490
-990471
-990467
-990458
-990447
-990426
-990406
-990375
-990371
-990353
-990346
-990328
-990304
-990294
-990244
-990229
-990216
-990194
-990181
-990147
-990111
-990104
-990097
-990087
-990086
-990041
-990020
-990015
-989990
-989985
-989928
-989904
-989880
-989863
-989822
-989815
-989777
-989769
-989756
-989754
-989749
-989738
-989735
-989731
-989715
-989688
-989683
-989680
-989678
-989675
-989672
-989663
-989643
-989624
-989615
-989602
-989582
-989526
-989511
-989498
-989498
-989495
-989473
-989454
-989447
-989409
-989399
-989393
-989391
-989369
-989339
-989275
-989273
-989269
-989257
-989250
-989204
-989168
-989167
-989122
-989116
-989102
-989089
-989077
-989074
-989070
-989051
-988949
-988924
-988903
-988883
-988882
-988881
-988876
-988867
-988860
-988854
-988842
-988821
-988820
-988811
-988800
-988774
-988714
-988714
-988705
-988684
-988664
-988655
-988611
-988604
-988586
-988554
-988554
-988546
-988533
-988526
-988502
-988459
-988445
-988434
-988407
-988378
-988373
-988352
-988288
-988226
-988219
-988183
-988151
-988149
-988148
-988129
-988121
-988101
-988030
-988015
-988002
-987914
-987914
-987891
-987872
-987853
-987852
-987841
-987838
-987824
-987821
-987817
-987741
-987739
-987698
-987676
-987663
-987658
-987642
-987593
-987589
-987587
-987586
-987583
-987569
-987543
-987516
-987510
-987509
-987490
-987490
-987481
-987478
-987474
-987440
-987412
-987361
-987339
-987338
-987304
-987260
-987256
-987241
-987219
-987205
-987175
-987165
-987148
-987137
-987096
-987087
-987078
-987063
-987042
-987030
-987015
-987003
-986971
-986957
-986954
-986953
-986941
-986937
-986907
-986878
-986866
-986856
-986845
-986814
-986797
-986778
-986745
-986727
-986719
-986697
-986683
-986678
-986667
-986646
-986644
-986631
-986614
-986608
-986587
-986586
-986508
-986419
-986410
-986385
-986364
-986362
-986352
-986332
-986331
-986295
-986292
-986280
-986255
-986219
-986217
-986167
-986141
-986117
-986115
-986106
-986080
-986058
-986028
-985958
-985956
-985947
-985939
-985887
-985856
-985849
-985837
-985834
-985727
-985722
-985717
-985692
-985671
-985637
-985591
-985573
-985568
-985540
-985501
-985479
-985465
-985453
-985377
-985375
-985371
-985335
-985331
-985318
-985304
-985260
-985223
-985201
-985197
-985188
-985179
-985177
-985166
-985156
-985154
-985131
-985110
-985107
-985105
-985096
-985062
-985041
-985002
-984992
-984949
-984939
-984914
-984912
-984843
-984836
-984830
-984783
-984759
-984753
-984691
-984690
-984676
-984599
-984599
-984596
-984592
-984538
-984520
-984512
-984512
-984511
-984503
-984499
-984487
-984475
-984459
-984454
-984451
-984395
-984393
-984375
-984364
-984354
-984306
-984267
-984239
-984194
-984191
-984189
-984153
-984152
-984137
-984110
-984087
-984073
-984047
-984002
-983992
-983983
-983933
-983890
-983874
-983873
-983830
-983822
-983808
-983783
-983763
-983743
-983738
-983695
-983687
-983652
-983628
-983583
-983531
-983520
-983504
-983485
-983482
-983473
-983455
-983404
-983391
-983391
-983388
-983362
-983353
-983308
-983258
-983241
-983241
-983238
-983236
-983225
-983210
-983188
-983156
-983137
-983129
-983092
-983069
-983060
-983007
-982975
-982941
-982915
-982908
-982890
-982876
-982857
-982853
-982833
-982818
-982792
-982773
-982766
-982762
-982721
-982716
-982703
-982685
-982664
-982652
-982626
-982595
-982588
-982573
-982572
-982567
-982512
-982484
-982429
-982332
-982301
-982285
-982258
-982233
-982218
-982205
-982203
-982202
-982192
-982178
-982173
-982169
-982127
-982122
-982099
-982091
-982080
-982074
-982062
-982050
-982031
-982011
-982003
-981980
-981922
-981908
-981901
-981841
-981838
-981832
-981817
-981789
-981762
-981754
-981726
-981725
-981716
-981680
-981593
-981529
-981523
-981451
-981438
-981426
-981423
-981423
-981414
-981402
-981395
-981387
-981324
-981260
-981213
-981213
-981192
-981176
-981173
-981171
-981126
-981042
-980976
-980954
-980939
-980935
-980933
-980923
-980921
-980915
-980911
-980881
-980852
-980832
-980806
-980764
-980735
-980731
-980716
-980683
-980680
-980655
-980648
-980634
-980617
-980569
-980560
-980556
-980529
-980524
-980504
-980483
-980482
-980458
-980433
-980432
-980432
-980420
-980410
-980391
-980366
-980336
-980326
-980301
-980272
-980247
-980244
-980221
-980218
-980213
-980211
-980201
-980174
-980170
-980167
-980163
-980147
-980145
-980143
-980111
-980090
-980077
-980073
-980068
-980061
-980038
-980020
-980016
-979999
-979993
-979981
-979978
-979962
-979898
-979893
-979818
-979815
-979786
-979776
-979770
-979766
-979765
-979753
-979734
-979713
-979696
-979672
-979650
-979625
-979590
-979519
-979496
-979477
-979469
-979445
-979419
-979404
-979382
-979379
-979364
-979350
-979325
-979312
-979311
-979302
-979293
-979291
-979289
-979255
-979250
-979211
-979202
-979202
-979170
-979152
-979126
-979107
-979083
-979082
-979071
-979069
-979030
-978994
-978994
-978973
-978972
-978965
-978962
-978937
-978924
-978881
-978876
-978845
-978825
-978821
-978798
-978794
-978781
-978773
-978753
-978686
-978684
-978683
-978615
-978591
-978580
-978580
-978575
-978558
-978547
-978538
-978527
-978523
-978484
-978482
-978468
-978437
-978424
-978421
-978418
-978414
-978392
-978348
-978334
-978320
-978304
-978289
-978288
-978280
-978278
-978260
-978201
-978176
-978170
-978133
-978129
-978122
-978105
-978087
-978076
-978069
-978018
-977974
-977968
-977961
-977948
-977890
-977850
-977847
-977819
-977809
-977802
-977784
-977776
-977765
-977745
-977732
-977694
-977681
-977676
-977662
-977656
-977649
-977648
-977629
-977599
-977581
-977572
-977533
-977525
-977521
-977519
-977476
-977459
-977413
-977402
-977382
-977377
-977367
-977346
-977321
-977309
-977290
-977281
-977262
-977260
-977251
-977235
-977215
-977146
-977133
-977130
-977118
-977076
-977009
-976991
-976975
-976975
-976950
-976938
-976900
-976867
-976856
-976846
-976844
-976805
-976793
-976772
-976755
-976739
-976704
-976698
-976680
-976672
-976665
-976652
-976645
-976617
-976603
-976579
-976529
-976470
-976415
-976385
-976363
-976355
-976346
-976325
-976300
-976295
-976294
-976285
-976271
-976269
-976259
-976248
-976240
-976227
-976218
-976210
-976205
-976195
-976177
-976172
-976144
-976127
-976125
-976114
-976105
-976098
-976085
-976063
-976061
-976027
-976001
-975986
-975963
-975950
-975928
-975925
-975891
-975851
-975850
-975798
-975781
-975754
-975699
-975683
-975671
-975660
-975629
-975628
-975616
-975615
-975550
-975517
-975514
-975510
-975503
-975494
-975490
-975488
-975473
-975426
-975389
-975358
-975204
-975170
-975170
-975132
-975127
-975121
-975079
-975062
-975062
-975046
-974925
-974916
-974894
-974876
-974854
-974852
-974849
-974839
-974836
-974812
-974790
-974755
-974751
-974743
-974672
-974664
-974633
-974592
-974577
-974530
-974526
-974501
-974499
-974476
-974459
-974437
-974425
-974423
-974405
-974393
-974389
-974381
-974379
-974377
-974375
-974343
-974286
-974285
-974283
-974270
-974260
-974255
-974235
-974234
-974229
-974222
-974208
-974189
-974166
-974091
-974080
-974065
-974041
-973988
-973962
-973957
-973956
-973942
-973935
-973905
-973900
-973892
-973875
-973874
-973863
-973807
-973779
-973752
-973741
-973740
-973729
-973723
-973713
-973708
-973699
-973694
-973674
-973666
-973665
-973653
-973631
-973629
-973617
-973614
-973579
-973541
-973535
-973487
-973486
-973476
-973460
-973455
-973430
-973424
-973360
-973341
-973339
-973313
-973310
-973299
-973284
-973269
-973190
-973169
-973169
-973145
-973119
-973101
-973076
-973073
-973071
-973041
-973019
-973000
-972999
-972992
-972944
-972934
-972911
-972875
-972843
-972838
-972837
-972814
-972791
-972780
-972779
-972769
-972765
-972699
-972679
-972666
-972627
-972607
-972581
-972577
-972567
-972564
-972560
-972479
-972475
-972458
-972445
-972423
-972408
-972383
-972331
-972308
-972290
-972277
-972261
-972249
-972237
-972233
-972202
-972194
-972183
-972181
-972173
-972167
-972141
-972136
-972124
-972103
-972063
-972058
-972053
-972010
-971927
-971914
-971912
-971908
-971859
-971847
-971799
-971799
-971785
-971773
-971771
-971766
-971741
-971732
-971714
-971681
-971664
-971655
-971655
-971646
-971643
-971635
-971615
-971564
-971520
-971464
-971460
-971425
-971421
-971420
-971416
-971415
-971395
-971368
-971361
-971357
-971354
-971329
-971283
-971268
-971260
-971247
-971240
-971236
-971169
-971151
-971116
-971116
-971085
-971077
-971076
-971056
-971029
-971014
-971000
-970997
-970994
-970978
-970966
-970964
-970964
-970953
-970936
-970935
-970915
-970907
-970901
-970827
-970809
-970800
-970787
-970778
-970774
-970743
-970708
-970696
-970673
-970668
-970661
-970653
-970583
-970565
-970472
-970462
-970443
-970408
-970350
-970343
-970317
-970305
-970284
-970271
-970234
-970189
-970164
-970120
-970112
-970107
-970094
-970088
-970079
-970057
-970017
-969974
-969946
-969891
-969835
-969834
-969812
-969802
-969779
-969749
-969727
-969724
-969724
-969676
-969662
-969650
-969648
-969640
-969621
-969614
-969574
-969461
-969454
-969445
-969442
-969423
-969376
-969355
-969303
-969273
-969273
-969248
-969174
-969174
-969164
-969134
-969132
-969132
-969111
-969095
-969040
-969005
-968971
-968960
-968946
-968946
-968919
-968895
-968875
-968866
-968851
-968794
-968780
-968771
-968768
-968761
-968735
-968729
-968713
-968693
-968687
-968671
-968640
-968602
-968543
-968541
-968537
-968535
-968528
-968518
-968503
-968492
-968488
-968478
-968471
-968450
-968439
-968430
-968416
-968354
-968306
-968273
-968195
-968166
-968160
-968156
-968118
-968116
-968109
-968102
-968097
-968028
-968023
-968004
-967992
-967962
-967951
-967901
-967899
-967894
-967876
-967870
-967817
-967788
-967752
-967694
-967673
-967671
-967668
-967661
-967657
-967640
-967581
-967568
-967551
-967540
-967537
-967517
-967511
-967507
-967475
-967459
-967384
-967331
-967266
-967261
-967261
-967208
-967161
-967156
-967146
-967109
-967083
-967079
-967014
-967012
-966936
-966906
-966904
-966867
-966867
-966819
-966816
-966810
-966808
-966806
-966746
-966741
-966738
-966717
-966701
-966697
-966606
-966593
-966576
-966544
-966530
-966508
-966471
-966469
-966461
-966450
-966431
-966404
-966382
-966372
-966367
-966343
-966342
-966339
-966293
-966252
-966176
-966161
-966135
-966110
-966084
-966052
-966051
-966029
-965986
-965978
-965974
-965959
-965954
-965928
-965901
-965893
-965889
-965869
-965711
-965682
-965605
-965527
-965519
-965504
-965500
-965490
-965483
-965466
-965460
-965443
-965424
-965415
-965397
-965395
-965365
-965354
-965351
-965312
-965286
-965276
-965258
-965257
-965240
-965181
-965155
-965153
-965111
-965105
-965103
-965101
-965077
-965073
-965035
-965004
-965002
-964996
-964994
-964983
-964970
-964967
-964961
-964960
-964935
-964883
-964882
-964881
-964856
-964834
-964823
-964727
-964720
-964703
-964700
-964697
-964693
-964666
-964622
-964593
-964590
-964554
-964541
-964510
-964508
-964497
-964477
-964444
-964404
-964403
-964402
-964381
-964363
-964351
-964341
-964303
-964280
-964269
-964262
-964238
-964238
-964222
-964158
-964079
-964072
-964063
-964057
-964054
-964048
-964017
-964017
-964014
-963997
-963997
-963976
-963969
-963962
-963958
-963932
-963932
-963928
-963925
-963920
-963882
-963859
-963837
-963830
-963825
-963822
-963791
-963788
-963760
-963750
-963668
-963660
-963644
-963633
-963612
-963609
-963578
-963559
-963534
-963459
-963449
-963433
-963430
-963411
-963404
-963391
-963387
-963372
-963370
-963370
-963349
-963328
-963314
-963295
-963278
-963270
-963268
-963268
-963238
-963226
-963207
-963188
-963182
-963182
-963169
-963147
-963143
-963137
-963125
-963115
-963111
-963084
-963073
-963069
-963029
-963026
-963007
-963002
-962972
-962956
-962913
-962901
-962868
-962850
-962842
-962835
-962805
-962799
-962794
-962790
-962771
-962695
-962690
-962680
-962674
-962670
-962622
-962612
-962607
-962587
-962573
-962541
-962532
-962525
-962512
-962510
-962500
-962496
-962480
-962427
-962422
-962412
-962340
-962329
-962326
-962325
-962313
-962287
-962211
-962187
-962180
-962141
-962116
-962106
-962091
-962088
-962062
-962055
-962022
-961982
-961978
-961959
-961954
-961920
-961911
-961883
-961857
-961805
-961762
-961758
-961744
-961742
-961689
-961668
-961644
-961644
-961612
-961605
-961573
-961567
-961563
-961552
-961532
-961523
-961514
-961509
-961494
-961485
-961476
-961475
-961467
-961435
-961421
-961352
-961350
-961326
-961311
-961299
-961279
-961233
-961217
-961207
-961126
-961106
-961106
-961106
-961092
-961070
-961037
-961000
-960998
-960989
-960983
-960962
-960961
-960959
-960940
-960855
-960823
-960817
-960792
-960790
-960772
-960769
-960746
-960742
-960740
-960725
-960705
-960705
-960679
-960672
-960668
-960656
-960647
-960644
-960619
-960597
-960563
-960558
-960555
-960542
-960517
-960504
-960489
-960481
-960478
-960478
-960421
-960377
-960324
-960310
-960276
-960253
-960224
-960206
-960182
-960152
-960139
-960125
-960120
-960101
-960080
-960036
-960000
-959918
-959912
-959872
-959872
-959843
-959838
-959833
-959787
-959764
-959753
-959679
-959666
-959646
-959626
-959617
-959615
-959540
-959539
-959531
-959522
-959505
-959453
-959377
-959358
-959349
-959321
-959244
-959229
-959199
-959194
-959184
-959175
-959151
-959132
-959128
-959121
-959103
-959070
-959051
-958996
-958989
-958955
-958954
-958953
-958951
-958940
-958921
-958920
-958914
-958899
-958898
-958799
-958793
-958783
-958780
-958758
-958750
-958743
-958734
-958725
-958716
-958700
-958687
-958651
-958612
-958585
-958570
-958564
-958553
-958505
-958479
-958422
-958350
-958336
-958325
-958308
-958291
-958285
-958281
-958271
-958270
-958252
-958248
-958220
-958218
-958189
-958185
-958184
-958176
-958160
-958135
-958129
-958089
-958072
-958061
-958033
-958002
-957984
-957955
-957941
-957935
-957923
-957918
-957910
-957883
-957824
-957800
-957774
-957735
-957710
-957701
-957691
-957691
-957638
-957578
-957560
-957543
-957512
-957473
-957467
-957447
-957436
-957417
-957406
-957399
-957396
-957377
-957359
-957348
-957313
-957295
-957278
-957262
-957256
-957242
-957240
-957193
-957188
-957132
-957098
-957093
-957078
-957068
-957039
-957031
-956992
-956963
-956959
-956959
-956948
-956945
-956936
-956935
-956934
-956933
-956925
-956921
-956914
-956911
-956889
-956846
-956845
-956842
-956826
-956792
-956786
-956767
-956757
-956746
-956724
-956723
-956681
-956672
-956664
-956631
-956618
-956548
-956521
-956521
-956499
-956497
-956492
-956426
-956423
-956420
-956415
-956380
-956352
-956349
-956338
-956316
-956282
-956236
-956146
-956132
-956100
-956079
-956048
-956011
-956005
-955987
-955983
-955978
-955963
-955962
-955957
-955956
-955947
-955944
-955944
-955931
-955918
-955910
-955906
-955860
-955860
-955850
-955789
-955744
-955715
-955705
-955703
-955636
-955585
-955583
-955556
-955548
-955516
-955482
-955457
-955452
-955419
-955410
-955380
-955373
-955368
-955330
-955225
-955218
-955181
-955176
-955166
-955146
-955077
-955039
-955029
-955015
-954985
-954969
-954943
-954903
-954899
-954897
-954878
-954871
-954845
-954830
-954829
-954817
-954816
-954814
-954812
-954793
-954766
-954736
-954724
-954689
-954665
-954618
-954609
-954608
-954498
-954457
-954441
-954370
-954344
-954343
-954335
-954332
-954323
-954296
-954294
-954252
-954252
-954240
-954237
-954224
-954223
-954221
-954208
-954175
-954090
-954036
-954026
-954024
-954018
-954013
-953991
-953976
-953964
-953945
-953936
-953899
-953897
-953891
-953890
-953886
-953856
-953793
-953790
-953788
-953744
-953718
-953706
-953684
-953647
-953647
-953638
-953628
-953622
-953613
-953612
-953609
-953606
-953601
-953589
-953525
-953513
-953506
-953495
-953476
-953454
-953399
-953395
-953380
-953352
-953331
-953329
-953326
-953257
-953204
-953158
-953101
-953097
-953062
-953047
-953039
-953018
-953017
-953013
-952991
-952990
-952974
-952965
-952947
-952935
-952883
-952861
-952860
-952858
-952820
-952763
-952736
-952732
-952726
-952694
-952646
-952589
-952578
-952563
-952558
-952555
-952555
-952535
-952525
-952523
-952482
-952440
-952437
-952424
-952400
-952348
-952340
-952336
-952271
-952241
-952226
-952189
-952189
-952154
-952113
-952092
-952085
-952063
-952048
-952042
-952039
-952023
-951974
-951950
-951920
-951786
-951780
-951739
-951725
-951703
-951673
-951663
-951655
-951625
-951614
-951582
-951549
-951537
-951535
-951493
-951491
-951467
-951433
-951383
-951361
-951360
-951296
-951264
-951211
-951175
-951140
-951108
-951095
-951066
-951040
-951034
-951034
-951029
-950995
-950982
-950971
-950947
-950928
-950908
-950896
-950895
-950895
-950894
-950878
-950834
-950822
-950781
-950769
-950768
-950765
-950756
-950708
-950683
-950678
-950658
-950596
-950582
-950562
-950561
-950544
-950498
-950497
-950464
-950460
-950458
-950441
-950356
-950335
-950294
-950293
-950282
-950231
-950214
-950182
-950170
-950137
-950118
-950094
-950085
-950046
-949997
-949984
-949982
-949979
-949960
-949890
-949878
-949862
-949861
-949844
-949837
-949826
-949821
-949812
-949796
-949792
-949779
-949768
-949758
-949748
-949744
-949740
-949739
-949701
-949700
-949684
-949647
-949633
-949610
-949554
-949537
-949529
-949514
-949497
-949489
-949469
-949464
-949460
-949457
-949405
-949401
-949397
-949397
-949347
-949302
-949288
-949198
-949181
-949165
-949088
-949080
-949034
-949028
-949023
-948998
-948987
-948966
-948962
-948946
-948918
-948916
-948906
-948897
-948858
-948854
-948845
-948840
-948839
-948790
-948790
-948761
-948750
-948749
-948733
-948709
-948702
-948687
-948653
-948652
-948623
-948458
-948415
-948414
-948392
-948384
-948372
-948369
-948366
-948326
-948281
-948265
-948262
-948258
-948230
-948227
-948227
-948217
-948204
-948198
-948164
-948153
-948144
-948123
-948072
-948057
-948044
-948017
-947991
-947952
-947927
-947921
-947911
-947911
-947881
-947850
-947847
-947794
-947791
-947786
-947669
-947620
-947605
-947604
-947571
-947557
-947555
-947546
-947532
-947467
-947463
-947452
-947440
-947439
-947439
-947417
-947414
-947404
-947378
-947376
-947323
-947318
-947250
-947244
-947238
-947204
-947198
-947195
-947181
-947162
-947144
-947138
-947120
-947068
-947061
-947055
-947042
-947005
-946995
-946987
-946983
-946979
-946978
-946932
-946931
-946925
-946920
-946901
-946901
-946887
-946884
-946875
-946861
-946858
-946849
-946818
-946817
-946796
-946793
-946775
-946745
-946728
-946704
-946691
-946649
-946641
-946625
-946624
-946599
-946562
-946539
-946472
-946449
-946434
-946433
-946428
-946410
-946408
-946388
-946372
-946358
-946304
-946285
-946269
-946228
-946197
-946179
-946168
-946154
-946151
-946130
-946111
-946092
-946084
-946032
-946016
-946005
-945994
-945962
-945940
-945936
-945933
-945930
-945926
-945903
-945896
-945894
-945893
-945839
-945828
-945813
-945807
-945797
-945785
-945780
-945775
-945767
-945755
-945739
-945728
-945718
-945699
-945698
-945696
-945692
-945681
-945669
-945657
-945646
-945625
-945596
-945589
-945573
-945572
-945507
-945494
-945487
-945486
-945474
-945395
-945375
-945366
-945358
-945303
-945261
-945257
-945252
-945243
-945204
-945172
-945125
-945113
-945055
-945046
-944995
-944949
-944945
-944938
-944931
-944926
-944909
-944901
-944885
-944873
-944866
-944853
-944839
-944835
-944830
-944824
-944799
-944676
-944663
-944616
-944611
-944576
-944558
-944557
-944534
-944499
-944489
-944480
-944460
-944446
-944441
-944403
-944394
-944391
-944367
-944366
-944361
-944354
-944304
-944289
-944249
-944210
-944174
-944129
-944111
-944109
-944100
-944081
-944067
-944042
-943979
-943965
-943945
-943930
-943922
-943920
-943914
-943905
-943894
-943881
-943852
-943816
-943812
-943791
-943777
-943732
-943731
-943702
-943693
-943645
-943642
-943634
-943600
-943588
-943579
-943557
-943555
-943555
-943549
-943524
-943495
-943488
-943486
-943442
-943441
-943401
-943387
-943387
-943374
-943351
-943340
-943337
-943309
-943290
-943215
-943209
-943181
-943181
-943175
-943148
-943141
-943124
-943099
-943089
-943086
-943055
-943041
-943039
-943039
-943017
-942956
-942941
-942893
-942866
-942853
-942843
-942817
-942815
-942808
-942806
-942791
-942749
-942672
-942648
-942634
-942629
-942609
-942585
-942578
-942564
-942540
-942498
-942437
-942426
-942420
-942417
-942401
-942372
-942323
-942313
-942311
-942301
-942285
-942270
-942262
-942261
-942247
-942240
-942211
-942191
-942191
-942175
-942171
-942118
-942099
-942094
-942091
-942070
-942047
-942019
-942015
-942007
-941998
-941989
-941982
-941981
-941938
-941937
-941936
-941933
-941880
-941855
-941827
-941790
-941767
-941742
-941733
-941670
-941660
-941652
-941636
-941633
-941615
-941610
-941575
-941561
-941530
-941478
-941466
-941461
-941455
-941408
-941397
-941356
-941311
-941298
-941293
-941292
-941289
-941272
-941266
-941264
-941238
-941199
-941143
-941123
-941118
-941113
-941112
-941050
-941036
-940990
-940988
-940940
-940925
-940911
-940870
-940836
-940829
-940825
-940806
-940771
-940767
-940759
-940757
-940733
-940718
-940706
-940696
-940696
-940642
-940642
-940584
-940559
-940548
-940537
-940535
-940424
-940417
-940405
-940376
-940348
-940266
-940252
-940251
-940220
-940161
-940135
-940133
-940131
-940128
-940128
-940108
-940102
-940092
-940063
-940052
-940043
-939996
-939990
-939983
-939976
-939947
-939932
-939926
-939925
-939908
-939848
-939847
-939838
-939810
-939803
-939802
-939790
-939776
-939757
-939718
-939627
-939617
-939596
-939545
-939511
-939451
-939447
-939421
-939416
-939411
-939381
-939378
-939371
-939341
-939341
-939334
-939296
-939254
-939247
-939237
-939230
-939221
-939211
-939190
-939110
-939104
-939092
-939088
-939084
-939061
-939056
-939040
-939037
-938997
-938935
-938934
-938925
-938906
-938819
-938814
-938798
-938788
-938779
-938767
-938753
-938725
-938667
-938642
-938641
-938616
-938595
-938583
-938537
-938511
-938490
-938488
-938478
-938472
-938453
-938452
-938437
-938420
-938394
-938354
-938294
-938283
-938280
-938262
-938255
-938235
-938226
-938191
-938174
-938173
-938106
-938096
-938077
-938070
-938057
-938038
-938025
-938020
-938013
-938000
-937995
-937983
-937982
-937981
-937935
-937888
-937855
-937850
-937846
-937834
-937832
-937811
-937810
-937802
-937784
-937778
-937766
-937754
-937745
-937741
-937698
-937652
-937648
-937646
-937619
-937616
-937608
-937597
-937597
-937585
-937582
-937579
-937562
-937517
-937506
-937502
-937495
-937481
-937442
-937433
-937431
-937417
-937391
-937378
-937366
-937361
-937308
-937305
-937285
-937250
-937218
-937209
-937174
-937173
-937163
-937150
-937124
-937118
-937103
-937077
-937061
-937045
-937016
-937001
-936946
-936918
-936896
-936876
-936831
-936830
-936801
-936797
-936778
-936776
-936773
-936765
-936749
-936723
-936680
-936628
-936618
-936607
-936572
-936552
-936541
-936415
-936413
-936411
-936374
-936364
-936342
-936339
-936322
-936321
-936319
-936277
-936219
-936216
-936192
-936166
-936159
-936151
-936135
-936119
-936115
-936089
-936077
-936072
-936053
-936040
-936026
-936016
-936016
-935991
-935921
-935902
-935897
-935836
-935830
-935824
-935803
-935793
-935787
-935774
-935701
-935701
-935691
-935649
-935625
-935553
-935545
-935357
-935337
-935329
-935233
-935230
-935214
-935186
-935170
-935169
-935154
-935134
-935112
-935108
-935101
-935100
-935095
-935081
-935071
-935041
-934991
-934979
-934953
-934939
-934930
-934921
-934918
-934895
-934881
-934868
-934854
-934846
-934844
-934832
-934830
-934820
-934804
-934778
-934769
-934764
-934735
-934687
-934682
-934612
-934610
-934609
-934606
-934606
-934603
-934598
-934575
-934571
-934560
-934535
-934529
-934518
-934517
-934450
-934421
-934416
-934400
-934393
-934354
-934339
-934323
-934277
-934232
-934220
-934216
-934207
-934202
-934183
-934166
-934159
-934148
-934103
-934077
-934060
-934006
-933979
-933977
-933903
-933894
-933851
-933806
-933793
-933784
-933775
-933766
-933726
-933681
-933612
-933539
-933474
-933449
-933427
-933414
-933351
-933262
-933258
-933214
-933184
-933179
-933115
-933106
-933104
-933088
-933081
-933072
-933070
-933017
-932991
-932985
-932985
-932980
-932933
-932927
-932912
-932906
-932897
-932884
-932876
-932861
-932859
-932847
-932812
-932808
-932780
-932772
-932769
-932734
-932728
-932592
-932587
-932578
-932560
-932537
-932532
-932508
-932507
-932503
-932478
-932466
-932466
-932423
-932395
-932347
-932318
-932317
-932272
-932256
-932224
-932168
-932147
-932115
-932115
-932095
-932081
-932033
-932032
-932014
-932006
-931967
-931965
-931925
-931913
-931909
-931892
-931890
-931884
-931865
-931814
-931780
-931773
-931771
-931761
-931748
-931711
-931703
-931695
-931691
-931664
-931663
-931661
-931661
-931615
-931585
-931572
-931544
-931507
-931493
-931450
-931411
-931411
-931388
-931376
-931364
-931360
-931357
-931356
-931319
-931304
-931262
-931203
-931193
-931192
-931164
-931162
-931149
-931142
-931109
-931086
-931078
-931064
-931048
-931042
-931040
-931032
-931031
-931015
-931005
-930993
-930991
-930973
-930972
-930964
-930958
-930942
-930924
-930915
-930911
-930911
-930909
-930892
-930872
-930845
-930837
-930770
-930741
-930740
-930705
-930694
-930658
-930653
-930595
-930566
-930526
-930501
-930499
-930473
-930464
-930409
-930393
-930375
-930363
-930360
-930357
-930339
-930330
-930329
-930314
-930302
-930298
-930263
-930235
-930233
-930229
-930228
-930218
-930193
-930189
-930121
-930034
-930008
-929996
-929992
-929971
-929964
-929963
-929944
-929915
-929897
-929882
-929881
-929845
-929804
-929801
-929791
-929778
-929773
-929773
-929765
-929708
-929682
-929677
-929669
-929667
-929623
-929622
-929616
-929614
-929581
-929563
-929552
-929548
-929519
-929490
-929470
-929467
-929447
-929446
-929423
-929391
-929366
-929346
-929314
-929284
-929273
-929266
-929215
-929148
-929117
-929095
-929064
-929053
-929051
-929009
-928992
-928990
-928980
-928976
-928964
-928953
-928939
-928931
-928856
-928791
-928778
-928722
-928713
-928640
-928595
-928567
-928552
-928551
-928499
-928489
-928488
-928436
-928375
-928365
-928359
-928322
-928321
-928306
-928305
-928294
-928208
-928205
-928201
-928185
-928174
-928154
-928147
-928126
-928113
-928108
-928057
-928026
-928011
-928008
-927996
-927990
-927954
-927902
-927893
-927848
-927819
-927805
-927801
-927770
-927744
-927734
-927676
-927669
-927664
-927657
-927650
-927627
-927622
-927619
-927597
-927587
-927585
-927577
-927553
-927552
-927536
-927509
-927494
-927475
-927467
-927461
-927452
-927433
-927382
-927382
-927370
-927369
-927349
-927346
-927319
-927316
-927263
-927257
-927234
-927233
-927195
-927169
-927168
-927150
-927143
-927118
-927052
-927033
-927016
-927011
-927003
-926995
-926963
-926884
-926868
-926811
-926811
-926802
-926792
-926790
-926769
-926748
-926725
-926715
-926693
-926597
-926540
-926520
-926473
-926460
-926454
-926414
-926382
-926337
-926288
-926286
-926255
-926236
-926187
-926154
-926153
-926148
-926133
-926129
-926117
-926108
-926103
-926100
-926062
-926023
-926020
-925993
-925986
-925983
-925961
-925912
-925860
-925856
-925763
-925752
-925738
-925716
-925704
-925691
-925636
-925631
-925627
-925616
-925604
-925579
-925524
-925490
-925488
-925468
-925448
-925428
-925422
-925407
-925379
-925363
-925358
-925306
-925283
-925274
-925246
-925241
-925177
-925117
-925114
-925106
-925083
-925080
-925024
-924984
-924981
-924952
-924932
-924907
-924884
-924878
-924849
-924833
-924767
-924760
-924721
-924716
-924708
-924708
-924702
-924653
-924639
-924634
-924581
-924559
-924526
-924509
-924460
-924454
-924446
-924443
-924441
-924387
-924370
-924364
-924358
-924348
-924296
-924273
-924261
-924257
-924256
-924240
-924208
-924184
-924183
-924160
-924158
-924151
-924144
-924141
-924123
-924038
-924023
-924013
-923974
-923960
-923951
-923937
-923934
-923900
-923878
-923796
-923787
-923784
-923774
-923771
-923756
-923741
-923739
-923730
-923725
-923710
-923686
-923672
-923639
-923631
-923579
-923574
-923571
-923567
-923548
-923541
-923524
-923524
-923502
-923488
-923487
-923479
-923473
-923468
-923466
-923432
-923430
-923423
-923370
-923368
-923368
-923351
-923336
-923300
-923291
-923275
-923255
-923247
-923235
-923229
-923223
-923204
-923183
-923152
-923118
-923102
-923083
-923067
-923041
-923028
-923027
-923015
-923000
-922972
-922964
-922919
-922884
-922862
-922861
-922859
-922823
-922779
-922732
-922704
-922660
-922659
-922638
-922609
-922606
-922591
-922582
-922567
-922563
-922536
-922531
-922521
-922484
-922482
-922471
-922470
-922445
-922419
-922376
-922327
-922326
-922288
-922266
-922253
-922250
-922242
-922209
-922207
-922184
-922182
-922174
-922165
-922150
-922132
-922087
-922077
-922070
-922068
-922064
-922021
-922003
-921999
-921990
-921987
-921975
-921914
-921907
-921902
-921882
-921876
-921866
-921866
-921866
-921859
-921846
-921828
-921824
-921803
-921797
-921795
-921779
-921771
-921741
-921732
-921725
-921723
-921708
-921663
-921647
-921646
-921638
-921606
-921584
-921572
-921522
-921492
-921464
-921455
-921425
-921341
-921338
-921315
-921282
-921282
-921280
-921270
-921259
-921249
-921221
-921178
-921155
-921098
-921095
-921015
-920997
-920991
-920966
-920944
-920895
-920845
-920804
-920804
-920797
-920794
-920765
-920763
-920724
-920717
-920699
-920699
-920679
-920645
-920645
-920617
-920527
-920517
-920509
-920505
-920486
-920468
-920463
-920449
-920432
-920413
-920380
-920376
-920374
-920367
-920351
-920322
-920300
-920300
-920286
-920264
-920264
-920252
-920240
-920226
-920215
-920209
-920197
-920176
-920133
-920132
-920126
-920089
-920087
-920080
-920064
-920057
-920055
-920051
-920050
-920037
-920032
-919998
-919990
-919960
-919959
-919920
-919913
-919872
-919854
-919850
-919845
-919768
-919759
-919694
-919690
-919669
-919664
-919659
-919648
-919636
-919608
-919531
-919467
-919448
-919437
-919420
-919347
-919343
-919262
-919260
-919227
-919195
-919194
-919188
-919181
-919143
-919132
-919113
-919093
-919076
-919073
-919065
-919013
-918978
-918946
-918907
-918903
-918878
-918871
-918858
-918829
-918817
-918788
-918775
-918763
-918748
-918746
-918696
-918627
-918611
-918604
-918580
-918563
-918553
-918553
-918531
-918527
-918517
-918503
-918474
-918453
-918436
-918434
-918424
-918423
-918399
-918363
-918360
-918344
-918331
-918298
-918282
-918277
-918269
-918268
-918264
-918257
-918245
-918227
-918211
-918138
-918127
-918116
-918084
-918044
-918039
-918028
-918020
-918009
-918005
-918001
-917948
-917915
-917902
-917882
-917852
-917824
-917820
-917814
-917797
-917774
-917752
-917717
-917703
-917655
-917649
-917646
-917629
-917621
-917616
-917615
-917593
-917550
-917531
-917523
-917511
-917495
-917488
-917442
-917352
-917349
-917342
-917331
-917326
-917323
-917315
-917307
-917280
-917263
-917245
-917242
-917183
-917181
-917172
-917128
-917126
-917104
-917068
-917059
-917018
-917015
-916999
-916973
-916969
-916921
-916884
-916860
-916839
-916823
-916820
-916777
-916771
-916730
-916727
-916630
-916600
-916590
-916546
-916522
-916499
-916462
-916458
-916457
-916446
-916445
-916440
-916406
-916309
-916306
-916288
-916282
-916259
-916238
-916217
-916209
-916203
-916198
-916197
-916195
-916153
-916102
-916087
-916073
-916040
-916020
-915987
-915986
-915966
-915963
-915935
-915907
-915875
-915861
-915846
-915840
-915833
-915788
-915781
-915769
-915724
-915715
-915688
-915688
-915662
-915658
-915657
-915625
-915597
-915583
-915579
-915526
-915524
-915503
-915501
-915493
-915458
-915440
-915413
-915394
-915364
-915298
-915297
-915286
-915280
-915263
-915249
-915248
-915243
-915216
-915173
-915163
-915155
-915147
-915118
-915088
-915057
-915043
-915026
-915018
-915016
-915013
-914970
-914947
-914930
-914906
-914874
-914872
-914871
-914870
-914840
-914815
-914806
-914795
-914790
-914789
-914774
-914768
-914752
-914740
-914707
-914698
-914680
-914666
-914618
-914614
-914608
-914584
-914581
-914581
-914577
-914569
-914558
-914514
-914510
-914502
-914453
-914398
-914386
-914380
-914371
-914362
-914354
-914340
-914338
-914307
-914282
-914255
-914248
-914228
-914192
-914168
-914163
-914160
-914155
-914134
-914134
-914102
-914083
-914057
-914046
-914026
-914025
-914024
-914022
-913998
-913991
-913950
-913930
-913925
-913924
-913899
-913869
-913861
-913846
-913817
-913799
-913780
-913775
-913749
-913723
-913710
-913682
-913675
-913674
-913651
-913622
-913588
-913583
-913580
-913567
-913507
-913504
-913478
-913451
-913444
-913415
-913405
-913382
-913368
-913353
-913350
-913293
-913257
-913233
-913221
-913197
-913157
-913156
-913152
-913148
-913144
-913130
-913101
-913061
-913046
-913036
-913034
-912996
-912983
-912954
-912863
-912795
-912788
-912765
-912760
-912752
-912729
-912727
-912708
-912705
-912693
-912684
-912675
-912671
-912634
-912617
-912610
-912586
-912572
-912557
-912483
-912475
-912459
-912441
-912441
-912438
-912438
-912335
-912333
-912293
-912267
-912217
-912208
-912184
-912166
-912157
-912152
-912146
-912111
-912057
-911984
-911974
-911905
-911899
-911872
-911857
-911811
-911803
-911800
-911789
-911767
-911760
-911752
-911745
-911744
-911740
-911736
-911699
-911682
-911635
-911619
-911607
-911604
-911549
-911512
-911509
-911492
-911483
-911476
-911467
-911460
-911445
-911413
-911404
-911395
-911388
-911381
-911378
-911350
-911306
-911297
-911295
-911244
-911237
-911218
-911196
-911172
-911168
-911144
-911134
-911129
-911099
-911094
-911092
-911085
-911083
-911079
-911041
-911022
-911005
-910983
-910982
-910978
-910976
-910976
-910918
-910893
-910890
-910870
-910868
-910762
-910747
-910742
-910741
-910654
-910632
-910624
-910568
-910542
-910518
-910516
-910511
-910507
-910474
-910462
-910401
-910400
-910381
-910306
-910280
-910218
-910212
-910207
-910175
-910126
-910084
-910032
-910025
-909994
-909939
-909937
-909926
-909917
-909877
-909861
-909846
-909843
-909831
-909735
-909700
-909692
-909654
-909634
-909621
-909617
-909567
-909509
-909464
-909446
-909441
-909438
-909423
-909408
-909388
-909362
-909354
-909341
-909335
-909318
-909314
-909288
-909276
-909260
-909229
-909215
-909179
-909177
-909170
-909170
-909159
-909129
-909121
-909116
-909114
-909112
-909094
-909080
-909059
-909053
-909033
-909029
-908995
-908991
-908971
-908954
-908952
-908944
-908917
-908911
-908868
-908779
-908773
-908762
-908754
-908748
-908738
-908677
-908660
-908618
-908572
-908545
-908543
-908502
-908468
-908465
-908441
-908405
-908393
-908373
-908369
-908335
-908331
-908302
-908302
-908274
-908247
-908222
-908204
-908156
-908124
-908112
-908062
-908022
-907983
-907979
-907931
-907894
-907866
-907852
-907818
-907806
-907797
-907782
-907766
-907753
-907740
-907722
-907688
-907685
-907634
-907612
-907594
-907533
-907512
-907497
-907479
-907473
-907464
-907455
-907445
-907390
-907367
-907363
-907357
-907356
-907318
-907316
-907313
-907306
-907301
-907259
-907258
-907244
-907138
-907136
-907115
-907103
-907095
-907093
-907071
-907050
-907046
-907044
-907036
-906973
-906955
-906954
-906934
-906912
-906883
-906880
-906847
-906843
-906821
-906802
-906786
-906749
-906683
-906681
-906668
-906655
-906647
-906614
-906602
-906596
-906588
-906576
-906558
-906556
-906544
-906523
-906522
-906505
-906478
-906478
-906470
-906429
-906422
-906352
-906349
-906344
-906344
-906320
-906280
-906215
-906214
-906207
-906205
-906202
-906197
-906151
-906122
-906052
-906043
-906031
-906024
-906017
-906003
-905997
-905994
-905958
-905931
-905924
-905875
-905874
-905859
-905852
-905850
-905842
-905824
-905818
-905792
-905786
-905785
-905762
-905758
-905737
-905736
-905727
-905715
-905695
-905687
-905669
-905647
-905636
-905630
-905617
-905613
-905551
-905551
-905542
-905517
-905516
-905508
-905500
-905499
-905494
-905494
-905477
-905454
-905442
-905426
-905415
-905407
-905370
-905363
-905361
-905319
-905312
-905282
-905281
-905267
-905266
-905257
-905246
-905188
-905171
-905159
-905075
-905049
-905027
-904993
-904966
-904937
-904933
-904932
-904911
-904909
-904901
-904875
-904845
-904832
-904832
-904832
-904815
-904801
-904800
-904794
-904792
-904761
-904751
-904713
-904697
-904697
-904642
-904642
-904618
-904599
-904584
-904577
-904566
-904547
-904519
-904497
-904484
-904410
-904393
-904388
-904382
-904371
-904364
-904356
-904308
-904308
-904302
-904296
-904275
-904250
-904217
-904207
-904187
-904146
-904123
-904097
-904069
-903961
-903954
-903859
-903830
-903821
-903800
-903797
-903773
-903757
-903752
-903750
-903721
-903703
-903694
-903694
-903677
-903604
-903604
-903600
-903586
-903544
-903534
-903533
-903518
-903509
-903504
-903477
-903465
-903437
-903389
-903383
-903365
-903304
-903281
-903269
-903257
-903239
-903226
-903193
-903185
-903179
-903162
-903131
-903129
-903108
-903099
-903091
-903091
-903047
-903013
-902948
-902886
-902884
-902872
-902868
-902825
-902780
-902772
-902771
-902699
-902681
-902677
-902669
-902656
-902633
-902619
-902589
-902582
-902553
-902527
-902517
-902500
-902493
-902489
-902485
-902481
-902471
-902465
-902464
-902417
-902415
-902395
-902378
-902374
-902366
-902360
-902300
-902288
-902282
-902238
-902225
-902210
-902172
-902172
-902135
-902126
-902099
-902082
-902052
-902043
-902036
-902035
-902018
-902014
-902009
-902007
-901981
-901964
-901963
-901943
-901927
-901903
-901887
-901859
-901847
-901846
-901807
-901796
-901747
-901715
-901700
-901699
-901683
-901657
-901656
-901650
-901648
-901647
-901640
-901636
-901629
-901629
-901600
-901597
-901567
-901499
-901483
-901418
-901402
-901388
-901343
-901339
-901329
-901323
-901305
-901303
-901282
-901277
-901253
-901231
-901203
-901170
-901170
-901159
-901141
-901141
-901130
-901129
-901121
-901112
-901104
-901095
-901088
-901072
-901057
-901041
-901012
-901005
-901003
-900991
-900990
-900966
-900958
-900947
-900934
-900896
-900880
-900868
-900863
-900854
-900849
-900837
-900827
-900818
-900810
-900777
-900769
-900728
-900721
-900694
-900613
-900608
-900590
-900589
-900575
-900570
-900556
-900523
-900518
-900518
-900509
-900439
-900437
-900414
-900408
-900405
-900337
-900309
-900303
-900271
-900217
-900188
-900178
-900178
-900171
-900149
-900146
-900113
-900101
-900097
-900068
-900052
-900039
-900025
-900024
-900012
-899990
-899967
-899961
-899940
-899929
-899907
-899852
-899847
-899845
-899843
-899817
-899807
-899744
-899742
-899712
-899706
-899692
-899648
-899634
-899622
-899619
-899618
-899562
-899562
-899552
-899543
-899533
-899522
-899516
-899479
-899444
-899420
-899390
-899379
-899324
-899240
-899223
-899128
-899117
-899063
-899028
-898984
-898964
-898950
-898948
-898942
-898940
-898844
-898829
-898797
-898786
-898768
-898759
-898759
-898758
-898738
-898728
-898680
-898655
-898599
-898533
-898520
-898484
-898484
-898411
-898408
-898405
-898391
-898379
-898337
-898304
-898293
-898289
-898271
-898251
-898247
-898238
-898237
-898217
-898212
-898207
-898178
-898157
-898142
-898091
-898071
-898051
-897936
-897911
-897907
-897905
-897803
-897795
-897788
-897769
-897647
-897643
-897637
-897587
-897542
-897509
-897465
-897458
-897427
-897415
-897409
-897377
-897349
-897305
-897304
-897299
-897290
-897278
-897270
-897270
-897263
-897226
-897220
-897162
-897155
-897102
-897069
-897041
-897022
-896922
-896890
-896883
-896883
-896819
-896806
-896791
-896769
-896735
-896734
-896731
-896726
-896725
-896710
-896689
-896633
-896629
-896621
-896579
-896536
-896535
-896519
-896457
-896428
-896422
-896409
-896408
-896402
-896333
-896309
-896306
-896291
-896283
-896265
-896242
-896236
-896233
-896215
-896202
-896181
-896172
-896169
-896166
-896163
-896155
-896152
-896139
-896084
-896082
-896080
-896079
-896073
-896072
-896066
-896061
-896058
-896014
-895989
-895989
-895968
-895934
-895927
-895924
-895846
-895844
-895817
-895775
-895756
-895749
-895713
-895704
-895681
-895651
-895650
-895630
-895545
-895462
-895453
-895434
-895424
-895409
-895407
-895392
-895379
-895358
-895356
-895330
-895291
-895261
-895258
-895257
-895217
-895215
-895174
-895153
-895122
-895022
-895014
-895001
-894985
-894948
-894943
-894923
-894915
-894901
-894888
-894865
-894847
-894844
-894810
-894798
-894793
-894759
-894732
-894732
-894720
-894701
-894666
-894644
-894640
-894628
-894623
-894565
-894551
-894513
-894462
-894462
-894438
-894425
-894423
-894422
-894399
-894382
-894375
-894332
-894305
-894286
-894259
-894257
-894248
-894247
-894243
-894219
-894205
-894139
-894123
-894114
-894110
-894106
-894063
-893892
-893866
-893866
-893861
-893837
-893828
-893816
-893802
-893756
-893730
-893722
-893705
-893704
-893698
-893691
-893691
-893686
-893639
-893630
-893601
-893600
-893560
-893542
-893510
-893502
-893491
-893488
-893445
-893444
-893426
-893417
-893392
-893390
-893380
-893343
-893337
-893328
-893294
-893286
-893215
-893187
-893178
-893176
-893142
-893126
-893126
-893095
-893094
-893092
-893086
-893046
-892994
-892976
-892952
-892936
-892934
-892925
-892912
-892893
-892888
-892887
-892880
-892863
-892836
-892810
-892801
-892797
-892787
-892768
-892761
-892712
-892702
-892685
-892667
-892648
-892609
-892585
-892523
-892513
-892457
-892445
-892417
-892411
-892378
-892348
-892347
-892317
-892307
-892271
-892267
-892201
-892186
-892178
-892166
-892156
-892152
-892145
-892142
-892118
-892105
-892100
-892079
-892059
-892049
-892028
-892002
-891989
-891979
-891956
-891946
-891942
-891924
-891920
-891894
-891887
-891881
-891878
-891872
-891862
-891854
-891841
-891832
-891732
-891732
-891727
-891714
-891703
-891698
-891695
-891682
-891680
-891665
-891652
-891650
-891635
-891596
-891587
-891582
-891571
-891543
-891527
-891513
-891491
-891477
-891445
-891426
-891421
-891402
-891323
-891313
-891296
-891220
-891205
-891196
-891177
-891161
-891155
-891149
-891148
-891122
-891077
-891068
-891055
-891041
-891021
-891006
-890954
-890949
-890947
-890922
-890901
-890896
-890894
-890865
-890850
-890806
-890791
-890757
-890735
-890733
-890722
-890721
-890719
-890682
-890665
-890645
-890643
-890638
-890618
-890609
-890596
-890523
-890478
-890465
-890448
-890438
-890394
-890333
-890329
-890317
-890282
-890273
-890249
-890199
-890187
-890179
-890171
-890162
-890136
-890131
-890120
-890115
-890109
-890104
-890103
-890101
-890093
-890056
-890046
-890043
-890037
-890037
-889999
-889861
-889833
-889812
-889803
-889797
-889795
-889792
-889782
-889705
-889697
-889684
-889675
-889594
-889568
-889543
-889526
-889507
-889499
-889481
-889449
-889429
-889395
-889381
-889368
-889360
-889343
-889301
-889204
-889183
-889139
-889095
-889093
-889089
-889084
-889078
-889046
-889040
-889012
-888961
-888952
-888941
-888940
-888925
-888913
-888908
-888808
-888805
-888799
-888781
-888748
-888742
-888702
-888699
-888676
-888671
-888666
-888621
-888585
-888562
-888558
-888539
-888505
-888483
-888473
-888452
-888409
-888404
-888377
-888344
-888248
-888247
-888222
-888155
-888153
-888150
-888146
-888118
-888096
-888057
-888004
-887987
-887941
-887907
-887893
-887889
-887888
-887883
-887868
-887795
-887791
-887748
-887744
-887735
-887730
-887710
-887660
-887600
-887575
-887523
-887503
-887463
-887362
-887349
-887245
-887234
-887195
-887106
-887077
-887062
-887057
-887040
-887030
-887025
-887015
-886996
-886991
-886989
-886987
-886961
-886959
-886955
-886946
-886931
-886929
-886922
-886876
-886843
-886833
-886832
-886796
-886795
-886778
-886768
-886766
-886748
-886746
-886746
-886711
-886648
-886609
-886593
-886577
-886569
-886566
-886545
-886537
-886519
-886518
-886517
-886417
-886405
-886328
-886291
-886270
-886269
-886244
-886187
-886186
-886173
-886169
-886146
-886128
-886118
-886111
-886103
-886098
-886096
-886083
-886038
-885997
-885995
-885993
-885986
-885970
-885961
-885960
-885946
-885944
-885927
-885926
-885920
-885899
-885881
-885861
-885832
-885821
-885788
-885780
-885774
-885694
-885657
-885632
-885622
-885597
-885593
-885564
-885563
-885543
-885461
-885426
-885425
-885425
-885412
-885412
-885330
-885250
-885246
-885246
-885241
-885237
-885234
-885219
-885214
-885198
-885191
-885126
-885100
-885092
-885080
-885038
-885008
-884965
-884939
-884889
-884883
-884881
-884841
-884737
-884733
-884722
-884710
-884697
-884686
-884651
-884645
-884634
-884631
-884621
-884604
-884586
-884584
-884579
-884569
-884552
-884524
-884515
-884509
-884479
-884401
-884395
-884361
-884350
-884285
-884271
-884203
-884125
-884094
-884088
-884082
-884011
-883996
-883939
-883938
-883920
-883912
-883892
-883855
-883849
-883812
-883778
-883771
-883760
-883749
-883737
-883718
-883689
-883639
-883632
-883606
-883562
-883559
-883543
-883539
-883519
-883511
-883506
-883439
-883416
-883403
-883383
-883367
-883362
-883336
-883315
-883302
-883258
-883207
-883204
-883116
-883109
-883102
-883081
-883075
-883055
-883028
-883027
-882998
-882992
-882985
-882918
-882897
-882847
-882846
-882814
-882793
-882758
-882732
-882707
-882690
-882674
-882656
-882654
-882644
-882631
-882621
-882615
-882598
-882584
-882550
-882481
-882466
-882447
-882333
-882330
-882326
-882243
-882240
-882215
-882213
-882202
-882202
-882181
-882176
-882152
-882131
-882022
-882015
-882008
-882001
-881958
-881945
-881932
-881882
-881857
-881781
-881767
-881759
-881733
-881726
-881663
-881613
-881612
-881602
-881595
-881580
-881562
-881557
-881544
-881536
-881521
-881514
-881509
-881507
-881472
-881436
-881392
-881367
-881365
-881360
-881341
-881324
-881322
-881320
-881316
-881264
-881263
-881259
-881222
-881215
-881178
-881167
-881118
-881113
-881113
-881111
-881090
-881088
-881068
-881037
-881024
-880987
-880971
-880963
-880929
-880877
-880855
-880830
-880822
-880808
-880802
-880796
-880768
-880757
-880751
-880733
-880725
-880717
-880699
-880697
-880663
-880646
-880603
-880597
-880537
-880532
-880503
-880470
-880469
-880442
-880431
-880427
-880406
-880395
-880387
-880387
-880350
-880322
-880312
-880254
-880231
-880227
-880210
-880186
-880167
-880155
-880134
-880071
-880069
-880064
-880035
-880026
-879996
-879988
-879977
-879948
-879923
-879919
-879818
-879811
-879804
-879775
-879761
-879732
-879727
-879721
-879715
-879639
-879637
-879605
-879598
-879557
-879554
-879552
-879536
-879528
-879517
-879511
-879505
-879457
-879420
-879361
-879359
-879358
-879357
-879340
-879318
-879264
-879207
-879152
-879105
-879102
-879083
-879082
-879071
-879058
-879008
-879002
-878989
-878953
-878909
-878894
-878835
-878825
-878808
-878806
-878774
-878769
-878766
-878753
-878721
-878712
-878709
-878667
-878625
-878623
-878612
-878532
-878491
-878480
-878427
-878407
-878365
-878345
-878343
-878276
-878256
-878244
-878237
-878213
-878124
-878092
-878076
-878070
-878036
-878034
-878027
-878023
-878016
-878014
-877999
-877971
-877968
-877960
-877945
-877898
-877896
-877893
-877886
-877863
-877860
-877854
-877822
-877758
-877717
-877682
-877678
-877610
-877604
-877508
-877501
-877444
-877438
-877406
-877383
-877378
-877360
-877351
-877312
-877248
-877239
-877238
-877237
-877237
-877183
-877146
-877110
-877106
-877098
-877076
-877076
-877051
-877046
-877010
-876979
-876976
-876973
-876972
-876948
-876807
-876775
-876759
-876741
-876708
-876703
-876694
-876694
-876681
-876672
-876668
-876665
-876662
-876658
-876648
-876639
-876601
-876589
-876587
-876553
-876519
-876507
-876472
-876471
-876470
-876469
-876458
-876430
-876423
-876410
-876404
-876403
-876395
-876340
-876309
-876287
-876225
-876216
-876212
-876166
-876166
-876083
-876080
-876078
-876060
-876047
-876041
-876021
-876017
-876008
-876003
-875999
-875977
-875930
-875925
-875878
-875852
-875803
-875800
-875774
-875770
-875764
-875757
-875730
-875729
-875710
-875708
-875707
-875689
-875686
-875666
-875664
-875658
-875654
-875640
-875612
-875569
-875552
-875544
-875452
-875442
-875400
-875395
-875381
-875375
-875352
-875345
-875341
-875333
-875315
-875278
-875242
-875238
-875237
-875234
-875231
-875227
-875214
-875204
-875156
-875152
-875146
-875113
-875103
-875093
-875090
-875082
-875081
-875053
-874943
-874935
-874927
-874925
-874912
-874892
-874888
-874885
-874859
-874834
-874815
-874812
-874804
-874799
-874780
-874718
-874718
-874717
-874714
-874711
-874693
-874667
-874636
-874627
-874620
-874604
-874480
-874424
-874402
-874378
-874363
-874349
-874328
-874309
-874284
-874255
-874241
-874226
-874225
-874140
-874090
-874072
-874064
-874058
-874030
-874009
-873997
-873984
-873968
-873957
-873942
-873940
-873938
-873917
-873895
-873890
-873881
-873856
-873849
-873849
-873837
-873817
-873798
-873796
-873664
-873619
-873597
-873583
-873583
-873568
-873565
-873542
-873504
-873471
-873391
-873389
-873365
-873355
-873352
-873327
-873317
-873312
-873250
-873248
-873143
-873094
-873089
-873085
-873084
-873081
-873080
-872955
-872954
-872950
-872948
-872944
-872895
-872883
-872849
-872847
-872808
-872781
-872781
-872775
-872765
-872741
-872740
-872710
-872685
-872683
-872651
-872648
-872604
-872600
-872588
-872559
-872553
-872536
-872534
-872510
-872507
-872496
-872483
-872448
-872447
-872393
-872364
-872340
-872296
-872290
-872242
-872232
-872229
-872190
-872156
-872156
-872150
-872133
-872123
-872112
-872110
-872086
-872077
-872068
-872025
-872012
-872009
-871980
-871866
-871850
-871842
-871827
-871751
-871705
-871675
-871674
-871673
-871651
-871603
-871582
-871581
-871572
-871502
-871498
-871494
-871480
-871471
-871445
-871373
-871355
-871340
-871337
-871332
-871330
-871324
-871293
-871280
-871179
-871162
-871149
-871111
-871068
-871016
-871015
-870990
-870920
-870879
-870851
-870841
-870695
-870660
-870624
-870564
-870554
-870543
-870538
-870531
-870517
-870498
-870462
-870398
-870370
-870331
-870307
-870294
-870286
-870257
-870244
-870213
-870151
-870150
-870148
-870122
-870112
-870105
-870065
-870047
-869999
-869951
-869919
-869913
-869912
-869873
-869783
-869774
-869740
-869732
-869690
-869679
-869666
-869665
-869665
-869644
-869635
-869631
-869547
-869517
-869485
-869473
-869465
-869451
-869449
-869357
-869306
-869288
-869275
-869255
-869209
-869170
-869113
-869100
-869079
-869077
-869051
-869050
-869045
-869028
-869024
-868989
-868978
-868954
-868950
-868929
-868929
-868904
-868904
-868843
-868839
-868816
-868797
-868780
-868740
-868722
-868717
-868707
-868665
-868651
-868578
-868569
-868516
-868468
-868415
-868395
-868359
-868320
-868295
-868260
-868260
-868255
-868242
-868235
-868174
-868120
-868024
-867985
-867930
-867928
-867913
-867869
-867794
-867644
-867639
-867610
-867587
-867558
-867554
-867515
-867457
-867452
-867425
-867422
-867403
-867402
-867389
-867377
-867293
-867278
-867258
-867248
-867225
-867208
-867188
-867162
-867135
-867135
-867033
-866992
-866991
-866959
-866923
-866918
-866917
-866886
-866874
-866863
-866862
-866860
-866840
-866825
-866812
-866790
-866778
-866758
-866754
-866753
-866698
-866685
-866678
-866656
-866637
-866536
-866527
-866519
-866512
-866493
-866488
-866458
-866458
-866423
-866415
-866409
-866328
-866277
-866183
-866177
-866173
-866165
-866162
-866162
-866141
-866135
-866124
-866052
-866043
-866024
-866024
-866000
-865993
-865976
-865948
-865896
-865876
-865859
-865840
-865832
-865792
-865787
-865772
-865770
-865715
-865710
-865706
-865694
-865683
-865642
-865618
-865612
-865601
-865577
-865565
-865553
-865489
-865489
-865489
-865482
-865479
-865462
-865450
-865450
-865444
-865424
-865407
-865381
-865363
-865359
-865333
-865324
-865309
-865261
-865254
-865214
-865199
-865088
-865065
-865056
-865047
-865043
-865027
-864988
-864979
-864977
-864971
-864953
-864938
-864916
-864915
-864905
-864881
-864868
-864859
-864850
-864847
-864838
-864829
-864807
-864792
-864767
-864728
-864726
-864696
-864690
-864667
-864640
-864623
-864594
-864592
-864576
-864566
-864557
-864458
-864444
-864383
-864368
-864349
-864324
-864322
-864317
-864281
-864256
-864246
-864234
-864208
-864203
-864200
-864191
-864182
-864119
-864095
-864080
-864078
-864055
-864043
-864021
-864018
-863947
-863924
-863900
-863888
-863850
-863771
-863742
-863715
-863710
-863685
-863676
-863665
-863648
-863623
-863622
-863578
-863566
-863553
-863547
-863546
-863525
-863523
-863490
-863486
-863420
-863412
-863403
-863385
-863379
-863365
-863349
-863347
-863346
-863342
-863335
-863313
-863304
-863283
-863278
-863247
-863246
-863240
-863235
-863195
-863171
-863109
-863109
-863062
-863058
-863041
-863040
-863037
-862983
-862960
-862928
-862926
-862923
-862919
-862911
-862885
-862818
-862781
-862773
-862748
-862744
-862731
-862717
-862689
-862631
-862628
-862609
-862591
-862577
-862552
-862551
-862538
-862535
-862527
-862526
-862512
-862509
-862507
-862482
-862474
-862444
-862401
-862390
-862319
-862311
-862293
-862275
-862217
-862192
-862186
-862172
-862146
-862139
-862120
-862093
-862093
-862089
-862027
-862020
-862009
-862004
-861970
-861927
-861910
-861854
-861821
-861812
-861809
-861773
-861743
-861667
-861641
-861629
-861598
-861597
-861583
-861576
-861549
-861546
-861468
-861445
-861438
-861403
-861384
-861379
-861357
-861341
-861328
-861248
-861247
-861233
-861218
-861213
-861161
-861131
-861127
-861127
-861121
-861114
-861105
-861096
-861095
-861023
-861018
-861005
-861004
-860900
-860861
-860822
-860819
-860810
-860810
-860798
-860797
-860758
-860756
-860726
-860668
-860652
-860638
-860607
-860569
-860566
-860553
-860550
-860548
-860548
-860544
-860532
-860465
-860431
-860419
-860408
-860401
-860388
-860386
-860374
-860338
-860311
-860278
-860251
-860222
-860212
-860210
-860206
-860199
-860117
-860112
-860099
-860062
-860052
-860029
-860016
-859988
-859978
-859944
-859932
-859930
-859902
-859838
-859802
-859792
-859780
-859778
-859761
-859753
-859746
-859717
-859672
-859663
-859653
-859595
-859583
-859576
-859572
-859544
-859526
-859523
-859496
-859466
-859429
-859414
-859414
-859398
-859386
-859352
-859302
-859291
-859280
-859257
-859230
-859214
-859212
-859210
-859201
-859191
-859182
-859171
-859155
-859077
-859073
-859071
-859050
-859042
-859020
-858992
-858988
-858975
-858975
-858962
-858899
-858882
-858872
-858856
-858757
-858752
-858742
-858674
-858662
-858656
-858624
-858410
-858402
-858387
-858376
-858359
-858322
-858291
-858285
-858278
-858247
-858210
-858207
-858189
-858173
-858163
-858158
-858118
-858092
-858060
-858054
-857987
-857971
-857927
-857915
-857915
-857913
-857910
-857902
-857894
-857893
-857891
-857891
-857876
-857867
-857867
-857841
-857831
-857813
-857763
-857747
-857712
-857700
-857675
-857667
-857651
-857636
-857635
-857555
-857551
-857539
-857465
-857455
-857427
-857405
-857390
-857384
-857347
-857339
-857328
-857310
-857303
-857252
-857247
-857244
-857230
-857221
-857214
-857213
-857182
-857181
-857170
-857138
-857109
-857082
-857054
-857014
-857014
-857002
-857001
-856993
-856971
-856953
-856945
-856945
-856940
-856937
-856882
-856866
-856831
-856809
-856807
-856759
-856744
-856723
-856693
-856685
-856685
-856663
-856638
-856637
-856625
-856573
-856553
-856523
-856519
-856508
-856507
-856502
-856497
-856495
-856484
-856480
-856459
-856448
-856365
-856327
-856325
-856301
-856290
-856272
-856257
-856226
-856211
-856185
-856180
-856158
-856127
-856109
-856061
-856055
-856025
-856022
-855997
-855913
-855912
-855881
-855854
-855838
-855825
-855813
-855760
-855737
-855728
-855692
-855643
-855611
-855584
-855583
-855555
-855528
-855504
-855396
-855392
-855386
-855385
-855379
-855372
-855365
-855330
-855276
-855217
-855217
-855179
-855162
-855132
-855106
-855099
-855069
-855055
-854951
-854945
-854942
-854929
-854925
-854895
-854876
-854863
-854844
-854835
-854821
-854820
-854805
-854790
-854787
-854767
-854760
-854756
-854722
-854687
-854641
-854633
-854612
-854611
-854585
-854548
-854503
-854481
-854468
-854464
-854440
-854431
-854383
-854362
-854355
-854284
-854256
-854220
-854180
-854170
-854165
-854140
-854125
-854048
-854048
-854038
-854018
-854002
-853967
-853959
-853934
-853877
-853876
-853852
-853833
-853814
-853796
-853771
-853770
-853752
-853724
-853668
-853666
-853647
-853618
-853587
-853560
-853560
-853555
-853550
-853540
-853513
-853470
-853464
-853435
-853427
-853427
-853418
-853359
-853346
-853344
-853316
-853315
-853312
-853306
-853299
-853286
-853257
-853187
-853172
-853161
-853160
-853154
-853135
-853128
-853120
-853114
-853104
-853099
-853059
-853048
-853030
-853025
-852995
-852991
-852977
-852966
-852955
-852841
-852813
-852793
-852768
-852755
-852723
-852701
-852696
-852667
-852622
-852619
-852613
-852601
-852583
-852552
-852544
-852521
-852519
-852505
-852476
-852417
-852398
-852397
-852333
-852304
-852289
-852279
-852278
-852270
-852247
-852232
-852226
-852215
-852205
-852198
-852195
-852195
-852189
-852163
-852124
-852114
-852109
-852102
-852098
-852085
-852069
-852058
-852040
-852038
-852031
-852015
-851995
-851938
-851931
-851897
-851894
-851885
-851850
-851839
-851836
-851799
-851763
-851718
-851714
-851704
-851660
-851633
-851632
-851628
-851600
-851599
-851580
-851571
-851565
-851524
-851464
-851439
-851437
-851434
-851315
-851298
-851295
-851276
-851243
-851208
-851118
-851105
-851086
-851067
-851058
-851044
-851042
-851009
-850983
-850939
-850928
-850922
-850894
-850885
-850863
-850851
-850845
-850832
-850815
-850799
-850778
-850761
-850745
-850729
-850710
-850707
-850695
-850689
-850673
-850662
-850608
-850591
-850591
-850564
-850512
-850480
-850465
-850445
-850398
-850369
-850357
-850323
-850316
-850312
-850286
-850236
-850218
-850210
-850209
-850205
-850203
-850191
-850184
-850177
-850151
-850131
-850021
-850014
-849992
-849975
-849938
-849932
-849930
-849911
-849815
-849810
-849747
-849726
-849722
-849718
-849715
-849710
-849685
-849623
-849596
-849545
-849545
-849460
-849396
-849373
-849351
-849331
-849281
-849273
-849270
-849269
-849250
-849248
-849190
-849170
-849136
-849133
-849120
-849067
-849065
-849057
-848951
-848941
-848938
-848917
-848901
-848887
-848867
-848852
-848825
-848819
-848809
-848798
-848797
-848794
-848747
-848722
-848688
-848679
-848664
-848655
-848641
-848636
-848601
-848600
-848589
-848580
-848580
-848557
-848550
-848529
-848503
-848482
-848480
-848477
-848472
-848463
-848463
-848462
-848417
-848390
-848386
-848386
-848355
-848334
-848320
-848227
-848156
-848153
-848146
-848122
-848065
-848061
-848041
-848029
-848008
-848001
-847958
-847939
-847928
-847921
-847910
-847816
-847788
-847787
-847784
-847740
-847739
-847735
-847727
-847711
-847671
-847658
-847638
-847600
-847600
-847597
-847575
-847575
-847549
-847525
-847504
-847488
-847484
-847469
-847452
-847449
-847433
-847420
-847373
-847372
-847370
-847362
-847311
-847290
-847281
-847267
-847259
-847219
-847205
-847188
-847165
-847134
-847106
-847103
-847090
-847084
-847083
-847076
-847065
-847059
-847052
-847051
-847001
-846958
-846948
-846926
-846905
-846870
-846869
-846836
-846801
-846773
-846763
-846754
-846737
-846675
-846633
-846611
-846590
-846577
-846573
-846517
-846496
-846475
-846451
-846445
-846410
-846373
-846370
-846357
-846356
-846350
-846343
-846342
-846333
-846298
-846292
-846254
-846224
-846218
-846196
-846177
-846148
-846146
-846131
-846093
-846015
-846002
-845983
-845976
-845868
-845863
-845859
-845846
-845824
-845793
-845726
-845694
-845691
-845661
-845661
-845643
-845642
-845616
-845594
-845521
-845468
-845467
-845453
-845389
-845356
-845339
-845329
-845328
-845321
-845303
-845215
-845198
-845153
-845108
-845107
-845096
-845028
-845001
-844997
-844990
-844895
-844848
-844845
-844822
-844812
-844787
-844728
-844700
-844694
-844683
-844679
-844653
-844608
-844594
-844594
-844583
-844575
-844547
-844538
-844516
-844500
-844490
-844442
-844438
-844434
-844422
-844390
-844372
-844368
-844360
-844346
-844336
-844293
-844275
-844258
-844228
-844209
-844206
-844202
-844146
-844146
-844087
-844076
-844068
-844066
-844058
-844029
-844022
-844009
-843997
-843964
-843959
-843949
-843941
-843931
-843903
-843882
-843868
-843855
-843838
-843832
-843829
-843822
-843795
-843781
-843780
-843773
-843767
-843764
-843761
-843707
-843697
-843688
-843655
-843639
-843615
-843591
-843586
-843579
-843520
-843481
-843471
-843451
-843409
-843363
-843363
-843356
-843356
-843341
-843301
-843294
-843211
-843208
-843183
-843183
-843181
-843174
-843144
-843111
-843103
-843090
-843089
-843064
-843036
-843015
-843011
-842989
-842959
-842956
-842950
-842949
-842930
-842881
-842869
-842859
-842802
-842785
-842775
-842769
-842760
-842760
-842756
-842750
-842710
-842704
-842704
-842667
-842629
-842627
-842606
-842527
-842524
-842463
-842456
-842424
-842416
-842414
-842405
-842394
-842376
-842367
-842349
-842345
-842320
-842312
-842277
-842269
-842231
-842183
-842171
-842164
-842141
-842098
-842091
-842059
-842046
-842046
-842045
-841970
-841968
-841967
-841952
-841939
-841915
-841854
-841854
-841814
-841813
-841778
-841727
-841720
-841719
-841690
-841680
-841653
-841644
-841606
-841600
-841600
-841588
-841561
-841544
-841538
-841485
-841482
-841470
-841431
-841420
-841390
-841378
-841360
-841347
-841338
-841242
-841223
-841197
-841195
-841168
-841161
-841067
-841041
-841036
-841034
-841034
-841004
-840980
-840963
-840932
-840924
-840913
-840882
-840874
-840867
-840857
-840825
-840821
-840809
-840777
-840745
-840734
-840718
-840706
-840700
-840656
-840650
-840615
-840596
-840596
-840581
-840575
-840574
-840526
-840525
-840502
-840469
-840459
-840458
-840456
-840436
-840401
-840399
-840357
-840347
-840341
-840315
-840261
-840256
-840235
-840211
-840189
-840179
-840171
-840067
-840052
-840047
-839974
-839973
-839970
-839968
-839926
-839911
-839831
-839791
-839771
-839756
-839727
-839724
-839706
-839701
-839692
-839682
-839673
-839641
-839628
-839615
-839550
-839548
-839492
-839491
-839470
-839460
-839433
-839417
-839394
-839344
-839341
-839335
-839319
-839297
-839248
-839189
-839172
-839148
-839146
-839138
-839107
-839092
-839090
-839061
-839047
-839042
-838977
-838968
-838927
-838854
-838851
-838795
-838762
-838762
-838753
-838740
-838727
-838701
-838682
-838661
-838660
-838566
-838543
-838538
-838524
-838523
-838518
-838481
-838458
-838429
-838425
-838425
-838392
-838375
-838364
-838360
-838358
-838355
-838349
-838342
-838329
-838311
-838309
-838279
-838278
-838243
-838186
-838184
-838153
-838134
-838129
-838122
-838109
-838084
-838039
-838021
-838016
-838013
-838003
-837984
-837960
-837916
-837908
-837896
-837894
-837856
-837845
-837826
-837799
-837785
-837749
-837734
-837729
-837691
-837662
-837659
-837628
-837587
-837462
-837449
-837437
-837435
-837417
-837394
-837337
-837312
-837297
-837284
-837274
-837213
-837185
-837138
-837084
-837080
-837057
-837045
-837034
-837031
-837020
-836998
-836996
-836910
-836909
-836888
-836878
-836876
-836771
-836761
-836744
-836740
-836738
-836700
-836662
-836639
-836632
-836599
-836574
-836558
-836494
-836488
-836449
-836448
-836442
-836423
-836395
-836355
-836340
-836334
-836324
-836295
-836281
-836260
-836244
-836241
-836222
-836218
-836205
-836200
-836189
-836175
-836148
-836146
-836113
-836092
-836077
-836071
-836037
-836028
-836013
-835965
-835940
-835933
-835930
-835922
-835916
-835900
-835854
-835844
-835822
-835811
-835758
-835721
-835715
-835673
-835640
-835588
-835561
-835542
-835525
-835487
-835422
-835386
-835360
-835307
-835248
-835242
-835209
-835206
-835199
-835187
-835173
-835173
-835171
-835134
-835129
-835125
-835115
-835110
-835109
-835077
-835056
-834974
-834961
-834957
-834905
-834896
-834845
-834821
-834812
-834762
-834752
-834751
-834731
-834689
-834689
-834644
-834619
-834611
-834596
-834592
-834590
-834583
-834548
-834541
-834535
-834519
-834502
-834501
-834495
-834490
-834456
-834447
-834438
-834423
-834413
-834408
-834384
-834347
-834296
-834281
-834269
-834243
-834210
-834190
-834176
-834171
-834139
-834086
-834075
-834051
-834001
-833972
-833943
-833911
-833905
-833857
-833792
-833777
-833773
-833752
-833750
-833745
-833724
-833664
-833650
-833640
-833620
-833600
-833566
-833551
-833527
-833523
-833521
-833502
-833500
-833492
-833458
-833432
-833408
-833380
-833377
-833341
-833330
-833301
-833284
-833218
-833212
-833176
-833176
-833168
-833157
-833133
-833131
-833067
-833062
-833059
-833048
-833014
-832996
-832974
-832935
-832931
-832894
-832894
-832868
-832851
-832849
-832833
-832812
-832787
-832755
-832734
-832727
-832720
-832690
-832678
-832671
-832661
-832653
-832643
-832627
-832617
-832610
-832572
-832561
-832505
-832471
-832467
-832466
-832458
-832458
-832455
-832446
-832430
-832404
-832384
-832345
-832338
-832334
-832323
-832323
-832303
-832268
-832247
-832246
-832240
-832235
-832212
-832191
-832172
-832167
-832109
-832102
-832084
-832041
-832020
-832012
-831956
-831951
-831945
-831940
-831935
-831931
-831916
-831901
-831897
-831897
-831865
-831849
-831841
-831772
-831764
-831745
-831738
-831645
-831626
-831619
-831618
-831600
-831588
-831524
-831513
-831513
-831508
-831507
-831377
-831368
-831329
-831323
-831305
-831305
-831305
-831302
-831292
-831263
-831242
-831240
-831229
-831220
-831206
-831202
-831188
-831187
-831178
-831139
-831120
-831120
-831119
-831098
-831087
-831082
-831081
-831072
-831053
-831053
-831032
-831005
-830995
-830992
-830912
-830909
-830901
-830889
-830887
-830873
-830869
-830866
-830839
-830826
-830824
-830818
-830815
-830808
-830751
-830751
-830746
-830690
-830655
-830631
-830598
-830543
-830539
-830516
-830505
-830502
-830491
-830481
-830471
-830442
-830424
-830415
-830412
-830376
-830269
-830250
-830241
-830232
-830196
-830145
-830118
-830097
-830092
-830090
-830088
-830082
-830040
-830010
-829995
-829994
-829958
-829957
-829952
-829949
-829936
-829928
-829881
-829878
-829834
-829825
-829791
-829752
-829719
-829673
-829669
-829667
-829655
-829627
-829622
-829612
-829572
-829564
-829481
-829473
-829472
-829427
-829425
-829414
-829394
-829357
-829329
-829324
-829275
-829260
-829260
-829255
-829187
-829179
-829162
-829150
-829106
-829092
-829091
-829087
-829070
-829035
-829031
-829017
-828985
-828984
-828981
-828977
-828946
-828924
-828905
-828892
-828837
-828799
-828789
-828788
-828749
-828736
-828691
-828688
-828683
-828657
-828653
-828641
-828590
-828584
-828580
-828578
-828552
-828541
-828512
-828492
-828490
-828476
-828475
-828469
-828459
-828457
-828453
-828419
-828332
-828328
-828272
-828261
-828258
-828256
-828245
-828223
-828211
-828210
-828205
-828162
-828161
-828112
-828087
-828061
-827983
-827981
-827973
-827937
-827900
-827844
-827821
-827802
-827796
-827752
-827740
-827732
-827696
-827664
-827622
-827614
-827520
-827516
-827514
-827470
-827458
-827372
-827328
-827319
-827284
-827281
-827271
-827269
-827267
-827227
-827193
-827186
-827179
-827144
-827135
-827108
-827094
-827088
-827070
-827068
-827035
-827004
-827003
-827001
-826981
-826971
-826950
-826946
-826884
-826850
-826799
-826789
-826781
-826776
-826774
-826753
-826707
-826692
-826676
-826656
-826649
-826535
-826533
-826518
-826466
-826463
-826442
-826380
-826377
-826375
-826366
-826359
-826351
-826344
-826327
-826251
-826244
-826238
-826236
-826236
-826234
-826231
-826203
-826201
-826162
-826150
-826114
-826097
-826094
-826002
-825990
-825989
-825943
-825898
-825897
-825867
-825861
-825842
-825834
-825826
-825820
-825805
-825796
-825794
-825787
-825785
-825780
-825768
-825756
-825707
-825696
-825695
-825688
-825677
-825667
-825667
-825652
-825643
-825618
-825608
-825575
-825554
-825552
-825537
-825529
-825525
-825484
-825463
-825458
-825434
-825431
-825405
-825404
-825392
-825326
-825318
-825301
-825290
-825277
-825246
-825227
-825226
-825222
-825218
-825168
-825116
-825059
-825041
-825007
-824989
-824957
-824948
-824947
-824939
-824936
-824900
-824898
-824883
-824855
-824851
-824796
-824790
-824771
-824756
-824738
-824722
-824704
-824703
-824699
-824695
-824635
-824632
-824580
-824566
-824533
-824524
-824524
-824509
-824500
-824491
-824475
-824441
-824404
-824397
-824341
-824340
-824331
-824312
-824299
-824286
-824281
-824252
-824252
-824235
-824219
-824204
-824184
-824176
-824120
-824061
-824040
-824003
-823974
-823937
-823921
-823919
-823887
-823872
-823867
-823854
-823849
-823802
-823801
-823795
-823767
-823766
-823763
-823756
-823729
-823708
-823658
-823650
-823643
-823613
-823565
-823563
-823561
-823557
-823533
-823504
-823499
-823456
-823421
-823396
-823387
-823347
-823322
-823261
-823258
-823254
-823194
-823186
-823159
-823158
-823155
-823145
-823104
-823103
-823038
-823033
-823032
-822997
-822939
-822908
-822896
-822883
-822843
-822842
-822842
-822832
-822807
-822801
-822784
-822776
-822764
-822723
-822721
-822706
-822697
-822696
-822635
-822634
-822629
-822584
-822533
-822504
-822478
-822426
-822373
-822361
-822349
-822333
-822327
-822305
-822300
-822298
-822225
-822221
-822213
-822187
-822181
-822164
-822090
-822064
-822060
-822022
-821950
-821922
-821922
-821861
-821848
-821844
-821825
-821816
-821763
-821759
-821694
-821689
-821623
-821609
-821583
-821566
-821562
-821562
-821539
-821527
-821495
-821491
-821464
-821463
-821433
-821433
-821393
-821331
-821232
-821230
-821214
-821157
-821112
-821101
-821086
-821085
-821084
-821059
-821052
-821014
-821012
-820979
-820965
-820956
-820954
-820951
-820947
-820897
-820886
-820843
-820824
-820801
-820771
-820766
-820704
-820694
-820687
-820686
-820683
-820664
-820663
-820663
-820646
-820642
-820547
-820545
-820476
-820425
-820418
-820412
-820397
-820345
-820331
-820313
-820307
-820234
-820124
-820114
-820091
-820090
-820043
-819990
-819989
-819985
-819981
-819966
-819963
-819889
-819871
-819869
-819853
-819824
-819813
-819777
-819770
-819768
-819738
-819689
-819687
-819676
-819661
-819631
-819576
-819556
-819420
-819393
-819352
-819343
-819283
-819263
-819095
-819083
-819067
-819044
-819043
-819035
-819028
-819011
-819003
-818986
-818971
-818918
-818908
-818897
-818880
-818843
-818799
-818791
-818789
-818770
-818768
-818744
-818735
-818726
-818714
-818696
-818684
-818678
-818659
-818654
-818507
-818494
-818492
-818486
-818476
-818461
-818456
-818436
-818384
-818371
-818371
-818361
-818277
-818274
-818219
-818207
-818186
-818165
-818114
-818111
-818111
-818077
-818073
-818047
-817971
-817934
-817917
-817900
-817892
-817892
-817885
-817837
-817811
-817765
-817760
-817757
-817744
-817726
-817684
-817673
-817668
-817636
-817600
-817576
-817550
-817549
-817534
-817524
-817496
-817494
-817467
-817467
-817462
-817441
-817409
-817389
-817388
-817385
-817299
-817262
-817262
-817252
-817232
-817229
-817168
-817161
-817127
-817099
-817087
-817066
-817048
-817031
-817015
-817004
-817004
-816931
-816923
-816922
-816918
-816888
-816881
-816856
-816823
-816762
-816733
-816680
-816663
-816605
-816605
-816579
-816574
-816546
-816533
-816526
-816526
-816505
-816471
-816453
-816422
-816414
-816387
-816382
-816341
-816331
-816301
-816273
-816250
-816248
-816225
-816198
-816190
-816172
-816170
-816164
-816124
-816066
-816049
-816040
-816035
-815993
-815990
-815968
-815957
-815946
-815941
-815932
-815930
-815925
-815896
-815890
-815888
-815880
-815858
-815854
-815853
-815844
-815836
-815818
-815807
-815764
-815726
-815714
-815697
-815669
-815657
-815578
-815554
-815498
-815466
-815442
-815431
-815429
-815382
-815368
-815362
-815347
-815324
-815302
-815156
-815155
-815150
-815137
-815127
-815106
-815086
-815082
-815055
-815055
-815053
-815035
-815031
-814994
-814978
-814944
-814942
-814934
-814931
-814928
-814882
-814858
-814853
-814829
-814828
-814822
-814820
-814782
-814778
-814763
-814763
-814756
-814658
-814606
-814601
-814570
-814535
-814476
-814457
-814439
-814421
-814414
-814411
-814395
-814384
-814348
-814314
-814289
-814273
-814270
-814265
-814261
-814234
-814218
-814176
-814166
-814069
-814002
-813998
-813994
-813986
-813982
-813947
-813928
-813915
-813894
-813861
-813829
-813821
-813811
-813781
-813781
-813748
-813733
-813729
-813713
-813700
-813665
-813631
-813612
-813606
-813605
-813566
-813538
-813531
-813520
-813516
-813502
-813485
-813468
-813465
-813439
-813437
-813427
-813425
-813424
-813422
-813396
-813366
-813365
-813352
-813348
-813288
-813277
-813275
-813266
-813265
-813258
-813254
-813252
-813232
-813224
-813215
-813173
-813147
-813147
-813118
-813096
-813096
-813094
-813088
-813084
-813029
-813011
-812966
-812936
-812933
-812923
-812910
-812907
-812882
-812850
-812839
-812835
-812805
-812762
-812727
-812707
-812641
-812630
-812625
-812465
-812431
-812418
-812416
-812349
-812337
-812309
-812293
-812277
-812264
-812244
-812240
-812222
-812193
-812098
-812071
-812070
-812036
-812017
-811982
-811958
-811954
-811944
-811916
-811882
-811875
-811858
-811831
-811818
-811786
-811778
-811768
-811762
-811750
-811706
-811680
-811676
-811624
-811614
-811588
-811579
-811551
-811547
-811542
-811540
-811524
-811506
-811486
-811484
-811483
-811461
-811440
-811432
-811427
-811413
-811398
-811389
-811378
-811359
-811323
-811310
-811284
-811273
-811260
-811247
-811227
-811221
-811134
-811121
-811095
-811049
-811038
-811038
-810993
-810993
-810988
-810926
-810908
-810873
-810869
-810839
-810812
-810768
-810744
-810666
-810621
-810606
-810606
-810587
-810576
-810573
-810550
-810525
-810508
-810488
-810481
-810456
-810447
-810419
-810377
-810361
-810329
-810318
-810299
-810273
-810189
-810167
-810153
-810126
-810099
-810067
-810055
-810054
-810013
-810003
-809997
-809972
-809957
-809954
-809941
-809941
-809936
-809935
-809931
-809928
-809907
-809905
-809885
-809870
-809831
-809756
-809745
-809731
-809702
-809665
-809664
-809639
-809623
-809615
-809600
-809579
-809557
-809555
-809521
-809489
-809478
-809470
-809461
-809452
-809410
-809398
-809359
-809358
-809284
-809282
-809276
-809260
-809228
-809208
-809205
-809115
-809072
-809070
-809068
-809045
-809040
-809032
-809024
-809017
-809006
-808992
-808964
-808949
-808910
-808908
-808908
-808899
-808870
-808869
-808863
-808862
-808832
-808817
-808781
-808750
-808749
-808744
-808743
-808692
-808688
-808680
-808675
-808672
-808647
-808623
-808567
-808556
-808535
-808523
-808517
-808490
-808488
-808440
-808397
-808379
-808372
-808371
-808348
-808333
-808329
-808327
-808297
-808247
-808235
-808220
-808204
-808202
-808181
-808171
-808071
-808055
-807992
-807983
-807981
-807961
-807952
-807926
-807873
-807858
-807842
-807836
-807818
-807808
-807791
-807786
-807743
-807678
-807672
-807665
-807656
-807624
-807499
-807478
-807415
-807408
-807354
-807346
-807309
-807297
-807273
-807271
-807239
-807228
-807226
-807212
-807166
-807152
-807151
-807149
-807148
-807148
-807134
-807121
-807115
-807105
-807092
-807068
-807062
-807050
-806992
-806948
-806943
-806913
-806904
-806896
-806886
-806848
-806824
-806765
-806734
-806732
-806727
-806720
-806688
-806658
-806657
-806656
-806638
-806599
-806598
-806554
-806538
-806536
-806523
-806522
-806513
-806446
-806443
-806424
-806389
-806378
-806374
-806374
-806359
-806350
-806313
-806299
-806297
-806282
-806248
-806234
-806205
-806176
-806118
-806098
-806088
-806052
-805989
-805973
-805954
-805929
-805925
-805907
-805866
-805861
-805851
-805821
-805789
-805777
-805770
-805745
-805700
-805610
-805603
-805593
-805562
-805559
-805555
-805522
-805497
-805476
-805472
-805465
-805432
-805419
-805414
-805378
-805362
-805343
-805310
-805303
-805287
-805283
-805229
-805183
-805175
-805169
-805155
-805139
-805137
-805095
-805091
-805038
-805034
-804999
-804996
-804942
-804931
-804929
-804883
-804882
-804856
-804852
-804835
-804832
-804805
-804790
-804787
-804764
-804757
-804732
-804715
-804712
-804676
-804671
-804664
-804644
-804637
-804630
-804610
-804587
-804576
-804572
-804559
-804532
-804521
-804505
-804500
-804495
-804494
-804466
-804445
-804442
-804413
-804398
-804384
-804364
-804358
-804342
-804334
-804276
-804262
-804246
-804231
-804224
-804203
-804186
-804183
-804177
-804169
-804156
-804140
-804118
-804113
-804111
-804087
-804084
-804083
-804032
-804025
-804009
-804006
-804002
-803993
-803989
-803989
-803951
-803926
-803916
-803913
-803907
-803896
-803796
-803712
-803699
-803591
-803586
-803560
-803468
-803463
-803448
-803445
-803445
-803380
-803348
-803288
-803214
-803214
-803163
-803163
-803130
-803118
-803112
-803060
-803033
-803024
-802997
-802989
-802959
-802955
-802929
-802921
-802907
-802836
-802833
-802830
-802811
-802808
-802807
-802747
-802727
-802692
-802686
-802685
-802680
-802665
-802649
-802648
-802610
-802609
-802607
-802595
-802594
-802575
-802572
-802564
-802557
-802530
-802481
-802475
-802474
-802468
-802433
-802413
-802394
-802381
-802321
-802269
-802246
-802244
-802232
-802218
-802201
-802177
-802162
-802157
-802135
-802126
-802097
-802096
-802095
-802090
-802066
-802043
-802019
-801998
-801968
-801956
-801946
-801936
-801909
-801879
-801875
-801864
-801830
-801814
-801808
-801803
-801787
-801747
-801736
-801732
-801725
-801673
-801670
-801639
-801602
-801592
-801550
-801521
-801509
-801488
-801476
-801459
-801448
-801444
-801430
-801428
-801428
-801420
-801360
-801332
-801322
-801305
-801280
-801272
-801260
-801229
-801213
-801171
-801161
-801122
-801118
-801090
-801070
-801058
-801057
-801039
-801009
-801003
-800981
-800945
-800943
-800938
-800905
-800878
-800830
-800789
-800776
-800772
-800761
-800742
-800723
-800643
-800636
-800635
-800617
-800617
-800607
-800597
-800564
-800557
-800538
-800521
-800473
-800467
-800406
-800381
-800349
-800344
-800318
-800306
-800292
-800285
-800248
-800227
-800183
-800180
-800146
-800124
-800123
-800120
-800088
-800079
-800069
-800061
-800055
-800021
-799991
-799986
-799975
-799970
-799963
-799935
-799927
-799890
-799854
-799854
-799824
-799820
-799776
-799739
-799728
-799713
-799712
-799695
-799673
-799660
-799598
-799562
-799543
-799542
-799540
-799538
-799531
-799526
-799522
-799518
-799492
-799487
-799406
-799376
-799373
-799352
-799314
-799313
-799312
-799303
-799286
-799278
-799260
-799175
-799166
-799153
-799148
-799131
-799111
-799085
-799057
-799051
-799038
-799024
-798968
-798919
-798918
-798913
-798895
-798871
-798836
-798815
-798807
-798751
-798738
-798713
-798703
-798645
-798645
-798634
-798611
-798609
-798567
-798563
-798558
-798545
-798516
-798457
-798425
-798424
-798417
-798410
-798401
-798400
-798393
-798368
-798344
-798330
-798300
-798285
-798259
-798258
-798250
-798244
-798224
-798220
-798207
-798173
-798170
-798164
-798145
-798127
-798124
-798120
-798109
-798109
-798084
-798071
-797984
-797984
-797981
-797953
-797933
-797932
-797924
-797905
-797891
-797889
-797882
-797877
-797862
-797842
-797837
-797825
-797816
-797782
-797775
-797758
-797749
-797728
-797710
-797649
-797598
-797591
-797569
-797559
-797543
-797540
-797534
-797460
-797454
-797449
-797445
-797433
-797430
-797380
-797377
-797370
-797363
-797308
-797303
-797298
-797277
-797232
-797215
-797140
-797134
-797132
-797122
-797110
-797106
-797105
-797100
-797077
-797076
-797074
-797048
-797025
-797017
-797009
-797006
-796961
-796952
-796949
-796916
-796897
-796885
-796864
-796848
-796846
-796825
-796787
-796778
-796777
-796750
-796748
-796672
-796671
-796662
-796611
-796598
-796574
-796543
-796515
-796488
-796470
-796345
-796334
-796331
-796330
-796299
-796298
-796268
-796260
-796244
-796234
-796215
-796207
-796196
-796195
-796184
-796183
-796171
-796163
-796162
-796150
-796108
-796095
-796068
-796033
-796024
-796020
-795998
-795982
-795973
-795914
-795898
-795896
-795893
-795885
-795882
-795879
-795860
-795838
-795834
-795820
-795684
-795682
-795669
-795667
-795634
-795633
-795624
-795595
-795587
-795568
-795567
-795545
-795542
-795537
-795526
-795502
-795493
-795458
-795456
-795453
-795437
-795418
-795416
-795385
-795368
-795320
-795303
-795291
-795284
-795280
-795252
-795188
-795151
-795121
-795097
-795090
-795070
-795060
-795055
-795052
-795003
-794973
-794960
-794940
-794920
-794889
-794864
-794842
-794821
-794800
-794761
-794742
-794716
-794637
-794613
-794577
-794538
-794535
-794531
-794508
-794506
-794500
-794486
-794445
-794443
-794386
-794324
-794299
-794292
-794276
-794233
-794228
-794222
-794201
-794166
-794160
-794110
-794108
-794061
-794008
-794006
-794004
-794003
-793982
-793979
-793978
-793963
-793952
-793936
-793921
-793921
-793853
-793841
-793832
-793825
-793817
-793816
-793815
-793787
-793766
-793766
-793745
-793722
-793708
-793653
-793550
-793543
-793514
-793511
-793417
-793394
-793389
-793362
-793331
-793326
-793322
-793302
-793278
-793242
-793236
-793206
-793184
-793128
-793003
-793001
-792992
-792969
-792946
-792944
-792922
-792912
-792856
-792825
-792786
-792721
-792689
-792689
-792677
-792660
-792628
-792604
-792576
-792565
-792559
-792547
-792521
-792516
-792508
-792495
-792468
-792442
-792420
-792371
-792347
-792341
-792278
-792247
-792242
-792212
-792192
-792185
-792179
-792161
-792157
-792109
-792096
-792094
-792084
-792035
-792023
-792015
-791988
-791984
-791960
-791885
-791873
-791848
-791822
-791786
-791777
-791768
-791762
-791731
-791729
-791715
-791671
-791668
-791649
-791639
-791630
-791619
-791586
-791575
-791558
-791528
-791515
-791512
-791506
-791493
-791476
-791473
-791473
-791473
-791463
-791452
-791439
-791433
-791397
-791377
-791363
-791356
-791310
-791305
-791271
-791270
-791250
-791239
-791128
-791092
-791074
-791072
-791056
-791049
-791024
-791019
-790981
-790970
-790933
-790881
-790870
-790866
-790863
-790858
-790835
-790833
-790831
-790796
-790744
-790652
-790578
-790534
-790518
-790499
-790491
-790451
-790422
-790388
-790385
-790335
-790308
-790289
-790246
-790194
-790183
-790165
-790140
-790122
-790099
-790096
-790090
-790045
-790034
-790032
-790021
-790010
-790007
-790002
-789982
-789981
-789938
-789930
-789922
-789915
-789903
-789879
-789865
-789816
-789804
-789803
-789794
-789779
-789772
-789728
-789726
-789654
-789640
-789598
-789593
-789547
-789537
-789527
-789527
-789474
-789461
-789432
-789428
-789404
-789347
-789340
-789320
-789307
-789297
-789289
-789281
-789242
-789233
-789201
-789193
-789156
-789136
-789125
-789089
-789083
-789059
-789022
-789004
-789001
-789000
-788992
-788989
-788982
-788974
-788961
-788944
-788924
-788920
-788887
-788884
-788871
-788806
-788804
-788799
-788793
-788778
-788767
-788703
-788657
-788633
-788592
-788590
-788588
-788578
-788561
-788558
-788550
-788541
-788482
-788437
-788433
-788378
-788375
-788336
-788326
-788323
-788312
-788299
-788263
-788241
-788215
-788214
-788209
-788195
-788190
-788182
-788166
-788165
-788162
-788158
-788143
-788126
-788119
-788103
-788099
-788095
-788060
-788041
-788011
-787993
-787986
-787983
-787951
-787940
-787934
-787932
-787868
-787864
-787850
-787830
-787827
-787810
-787810
-787809
-787806
-787749
-787722
-787718
-787689
-787677
-787672
-787664
-787604
-787589
-787561
-787511
-787477
-787432
-787429
-787426
-787395
-787389
-787386
-787346
-787338
-787336
-787310
-787291
-787233
-787214
-787204
-787179
-787149
-787143
-787122
-786977
-786971
-786967
-786910
-786877
-786871
-786787
-786784
-786738
-786713
-786693
-786683
-786682
-786657
-786645
-786633
-786560
-786529
-786502
-786459
-786454
-786447
-786443
-786427
-786408
-786401
-786384
-786380
-786368
-786367
-786351
-786346
-786340
-786303
-786286
-786285
-786279
-786254
-786252
-786232
-786231
-786225
-786163
-786154
-786132
-786130
-786124
-786111
-786103
-786071
-786057
-786053
-785993
-785967
-785945
-785939
-785934
-785919
-785917
-785883
-785854
-785850
-785774
-785758
-785756
-785721
-785717
-785624
-785623
-785592
-785511
-785484
-785463
-785462
-785439
-785438
-785385
-785364
-785364
-785346
-785335
-785308
-785295
-785273
-785254
-785219
-785215
-785159
-785128
-785119
-785099
-785096
-785084
-785049
-785045
-785043
-785010
-784966
-784958
-784926
-784921
-784917
-784902
-784811
-784754
-784746
-784642
-784640
-784627
-784611
-784567
-784545
-784540
-784527
-784501
-784493
-784485
-784449
-784442
-784436
-784430
-784424
-784417
-784387
-784367
-784343
-784314
-784307
-784275
-784261
-784250
-784205
-784169
-784135
-784110
-784039
-784031
-784019
-784010
-784008
-784007
-784007
-783996
-783965
-783964
-783921
-783916
-783912
-783900
-783892
-783848
-783848
-783810
-783782
-783769
-783763
-783750
-783743
-783741
-783723
-783707
-783691
-783655
-783633
-783591
-783553
-783549
-783549
-783497
-783493
-783483
-783436
-783432
-783430
-783316
-783314
-783286
-783285
-783284
-783273
-783254
-783252
-783223
-783214
-783203
-783180
-783166
-783120
-783118
-783091
-783080
-783057
-783056
-782984
-782967
-782913
-782910
-782910
-782897
-782839
-782827
-782823
-782818
-782781
-782755
-782752
-782704
-782702
-782687
-782680
-782663
-782648
-782615
-782580
-782575
-782573
-782566
-782550
-782545
-782531
-782530
-782527
-782511
-782507
-782410
-782388
-782380
-782314
-782313
-782273
-782265
-782235
-782216
-782184
-782176
-782134
-782129
-782127
-782100
-782073
-782072
-782070
-782046
-782010
-782006
-781982
-781957
-781937
-781914
-781913
-781912
-781903
-781895
-781874
-781847
-781826
-781791
-781787
-781785
-781779
-781774
-781763
-781687
-781683
-781683
-781672
-781662
-781661
-781650
-781609
-781567
-781567
-781532
-781529
-781529
-781476
-781475
-781468
-781461
-781457
-781416
-781407
-781400
-781387
-781368
-781363
-781318
-781313
-781288
-781286
-781206
-781205
-781201
-781188
-781174
-781129
-781114
-781090
-781008
-780939
-780927
-780915
-780908
-780879
-780854
-780838
-780802
-780776
-780759
-780749
-780742
-780732
-780695
-780684
-780646
-780599
-780596
-780585
-780536
-780513
-780493
-780469
-780462
-780405
-780393
-780334
-780326
-780253
-780225
-780205
-780197
-780180
-780180
-780116
-780091
-780085
-780037
-780029
-780014
-780012
-780006
-779976
-779970
-779958
-779949
-779919
-779892
-779884
-779806
-779791
-779771
-779757
-779755
-779735
-779733
-779732
-779690
-779682
-779679
-779672
-779640
-779563
-779519
-779472
-779472
-779455
-779454
-779415
-779410
-779381
-779362
-779360
-779320
-779298
-779279
-779248
-779240
-779239
-779237
-779230
-779201
-779199
-779175
-779170
-779168
-779151
-779141
-779127
-779123
-779066
-779065
-779052
-779044
-779041
-779039
-778995
-778855
-778828
-778827
-778791
-778775
-778756
-778750
-778734
-778707
-778706
-778701
-778671
-778661
-778647
-778637
-778635
-778633
-778616
-778601
-778600
-778556
-778537
-778536
-778523
-778501
-778492
-778482
-778467
-778456
-778453
-778448
-778423
-778416
-778365
-778356
-778348
-778318
-778285
-778274
-778246
-778227
-778190
-778189
-778122
-778059
-778034
-778008
-777978
-777965
-777931
-777916
-777907
-777899
-777892
-777890
-777880
-777878
-777852
-777833
-777782
-777782
-777765
-777744
-777743
-777739
-777725
-777725
-777688
-777625
-777600
-777584
-777577
-777547
-777487
-777447
-777434
-777428
-777402
-777396
-777373
-777370
-777359
-777345
-777335
-777316
-777307
-777293
-777264
-777230
-777223
-777222
-777208
-777183
-777183
-777181
-777180
-777175
-777164
-777154
-777145
-777106
-777101
-777092
-777081
-777058
-777018
-777005
-777000
-776974
-776964
-776949
-776947
-776936
-776898
-776879
-776787
-776754
-776732
-776726
-776718
-776701
-776688
-776685
-776660
-776659
-776654
-776647
-776643
-776603
-776596
-776592
-776583
-776571
-776569
-776533
-776463
-776442
-776417
-776408
-776408
-776400
-776368
-776354
-776346
-776330
-776323
-776229
-776178
-776163
-776157
-776146
-776128
-776125
-776120
-776109
-776100
-776093
-776024
-776000
-775987
-775955
-775933
-775854
-775791
-775783
-775772
-775742
-775684
-775680
-775671
-775648
-775633
-775611
-775600
-775573
-775545
-775539
-775487
-775453
-775439
-775431
-775428
-775331
-775305
-775292
-775277
-775275
-775236
-775228
-775182
-775180
-775169
-775161
-775150
-775149
-775141
-775096
-775094
-775092
-775091
-775090
-775078
-775076
-775060
-775016
-774987
-774986
-774977
-774948
-774900
-774898
-774870
-774870
-774859
-774856
-774831
-774821
-774807
-774786
-774782
-774760
-774750
-774714
-774701
-774699
-774689
-774666
-774657
-774654
-774593
-774589
-774581
-774571
-774522
-774518
-774503
-774457
-774446
-774444
-774421
-774356
-774346
-774302
-774301
-774286
-774282
-774276
-774249
-774247
-774226
-774226
-774217
-774182
-774178
-774151
-774146
-774140
-774124
-774103
-774096
-774078
-774061
-774048
-773996
-773979
-773940
-773905
-773863
-773862
-773853
-773834
-773806
-773788
-773788
-773771
-773734
-773704
-773651
-773646
-773556
-773528
-773518
-773517
-773504
-773488
-773477
-773440
-773383
-773336
-773332
-773288
-773241
-773202
-773140
-773124
-773117
-773113
-773112
-773098
-773042
-773003
-772991
-772990
-772979
-772967
-772959
-772950
-772943
-772916
-772910
-772904
-772891
-772877
-772857
-772851
-772837
-772820
-772798
-772734
-772713
-772685
-772682
-772652
-772626
-772621
-772564
-772553
-772552
-772543
-772541
-772530
-772506
-772496
-772494
-772492
-772491
-772489
-772476
-772464
-772456
-772448
-772337
-772319
-772277
-772272
-772172
-772165
-772163
-772156
-772147
-772097
-772077
-772061
-772034
-772017
-772006
-771999
-771960
-771928
-771885
-771881
-771876
-771824
-771822
-771793
-771768
-771756
-771707
-771707
-771698
-771678
-771662
-771662
-771655
-771646
-771639
-771589
-771535
-771514
-771492
-771483
-771474
-771467
-771422
-771406
-771390
-771341
-771292
-771291
-771290
-771286
-771283
-771272
-771239
-771223
-771214
-771211
-771210
-771201
-771185
-771151
-771149
-771146
-771091
-771022
-771014
-771002
-771000
-770995
-770989
-770916
-770873
-770820
-770809
-770804
-770777
-770772
-770767
-770762
-770733
-770722
-770694
-770668
-770640
-770637
-770616
-770591
-770583
-770549
-770545
-770539
-770494
-770487
-770462
-770426
-770410
-770373
-770358
-770342
-770312
-770297
-770269
-770238
-770228
-770152
-770152
-770150
-770119
-770115
-770092
-770087
-770068
-770068
-770044
-770022
-770017
-769991
-769978
-769966
-769964
-769938
-769891
-769887
-769878
-769792
-769765
-769701
-769665
-769653
-769649
-769641
-769587
-769558
-769538
-769503
-769498
-769480
-769453
-769446
-769432
-769411
-769381
-769354
-769288
-769232
-769231
-769225
-769182
-769182
-769131
-769126
-769111
-769106
-769056
-769037
-769032
-769020
-769015
-769015
-769010
-768969
-768960
-768932
-768923
-768919
-768888
-768887
-768873
-768868
-768867
-768853
-768850
-768835
-768814
-768810
-768800
-768795
-768791
-768773
-768763
-768762
-768756
-768737
-768722
-768718
-768717
-768716
-768710
-768702
-768687
-768654
-768639
-768616
-768611
-768553
-768546
-768537
-768533
-768484
-768482
-768480
-768474
-768462
-768461
-768460
-768452
-768414
-768412
-768337
-768323
-768319
-768316
-768303
-768261
-768260
-768236
-768205
-768189
-768179
-768155
-768142
-768139
-768138
-768133
-768094
-768084
-768054
-768036
-768035
-768005
-767927
-767920
-767876
-767868
-767859
-767848
-767835
-767815
-767789
-767757
-767746
-767732
-767704
-767701
-767683
-767681
-767656
-767648
-767645
-767638
-767609
-767588
-767559
-767459
-767443
-767316
-767274
-767247
-767241
-767222
-767168
-767155
-767139
-767138
-767130
-767102
-767084
-767056
-767054
-767049
-767043
-767026
-766997
-766981
-766975
-766965
-766953
-766942
-766921
-766912
-766887
-766879
-766872
-766869
-766841
-766827
-766813
-766806
-766802
-766794
-766776
-766746
-766722
-766717
-766689
-766684
-766644
-766638
-766637
-766617
-766606
-766588
-766570
-766502
-766461
-766450
-766438
-766429
-766427
-766387
-766384
-766372
-766301
-766255
-766243
-766211
-766150
-766110
-766108
-766091
-766089
-766067
-766022
-765987
-765968
-765961
-765957
-765925
-765881
-765871
-765862
-765828
-765780
-765751
-765727
-765719
-765701
-765690
-765679
-765669
-765663
-765651
-765645
-765634
-765633
-765616
-765611
-765543
-765540
-765537
-765532
-765512
-765474
-765472
-765468
-765429
-765355
-765343
-765343
-765341
-765325
-765315
-765287
-765282
-765258
-765220
-765220
-765113
-765093
-765070
-765058
-765047
-765041
-765040
-765035
-765034
-765016
-764931
-764903
-764847
-764846
-764834
-764823
-764818
-764795
-764789
-764762
-764749
-764688
-764685
-764666
-764634
-764622
-764584
-764573
-764546
-764542
-764526
-764502
-764496
-764496
-764486
-764434
-764418
-764412
-764396
-764383
-764379
-764371
-764365
-764360
-764355
-764338
-764336
-764292
-764287
-764260
-764260
-764239
-764189
-764189
-764103
-764018
-763994
-763959
-763901
-763891
-763839
-763812
-763812
-763766
-763762
-763760
-763750
-763732
-763724
-763713
-763692
-763689
-763687
-763639
-763635
-763626
-763600
-763560
-763550
-763542
-763471
-763428
-763424
-763412
-763412
-763402
-763390
-763386
-763361
-763338
-763336
-763333
-763320
-763300
-763278
-763261
-763253
-763227
-763219
-763208
-763165
-763154
-763143
-763119
-763095
-763060
-763036
-763030
-763025
-762962
-762953
-762882
-762861
-762860
-762851
-762826
-762824
-762810
-762808
-762799
-762780
-762770
-762698
-762678
-762666
-762631
-762626
-762622
-762600
-762589
-762581
-762536
-762513
-762503
-762497
-762476
-762458
-762458
-762457
-762454
-762435
-762427
-762413
-762411
-762403
-762402
-762368
-762351
-762346
-762332
-762323
-762315
-762308
-762300
-762287
-762285
-762274
-762210
-762207
-762189
-762178
-762144
-762130
-762124
-762119
-762101
-762099
-762093
-762056
-762042
-762026
-762001
-761992
-761978
-761938
-761936
-761875
-761862
-761862
-761861
-761860
-761851
-761807
-761807
-761805
-761770
-761745
-761694
-761688
-761685
-761668
-761615
-761589
-761587
-761585
-761565
-761554
-761552
-761537
-761537
-761529
-761469
-761432
-761406
-761374
-761373
-761362
-761362
-761325
-761305
-761301
-761300
-761272
-761265
-761264
-761203
-761202
-761181
-761171
-761134
-761117
-761091
-761075
-761070
-761064
-761034
-761013
-760999
-760987
-760984
-760964
-760934
-760930
-760928
-760928
-760922
-760916
-760912
-760900
-760886
-760884
-760853
-760844
-760796
-760789
-760785
-760781
-760728
-760722
-760713
-760708
-760665
-760648
-760621
-760597
-760589
-760508
-760504
-760503
-760471
-760439
-760318
-760300
-760300
-760294
-760287
-760286
-760282
-760265
-760241
-760221
-760203
-760195
-760158
-760158
-760100
-760091
-760083
-760081
-760080
-760076
-760061
-760045
-759994
-759890
-759870
-759782
-759764
-759749
-759734
-759670
-759628
-759619
-759616
-759586
-759449
-759425
-759419
-759412
-759399
-759391
-759374
-759372
-759362
-759348
-759334
-759332
-759315
-759280
-759271
-759254
-759253
-759249
-759224
-759210
-759165
-759153
-759136
-759131
-759101
-759099
-759076
-759063
-759045
-759030
-758999
-758900
-758881
-758868
-758845
-758845
-758835
-758824
-758813
-758811
-758788
-758748
-758691
-758667
-758608
-758598
-758592
-758587
-758576
-758554
-758547
-758525
-758521
-758519
-758498
-758490
-758451
-758451
-758409
-758384
-758367
-758365
-758302
-758288
-758271
-758264
-758259
-758250
-758233
-758203
-758177
-758171
-758154
-758070
-758054
-758039
-758029
-758028
-758021
-758005
-758003
-757993
-757982
-757947
-757930
-757895
-757890
-757888
-757859
-757809
-757808
-757805
-757768
-757751
-757749
-757735
-757728
-757720
-757711
-757707
-757694
-757666
-757662
-757651
-757637
-757634
-757592
-757585
-757581
-757560
-757557
-757503
-757476
-757467
-757452
-757391
-757387
-757367
-757356
-757349
-757347
-757272
-757237
-757206
-757172
-757157
-757139
-757121
-757112
-757096
-757055
-757048
-757046
-757043
-757040
-756987
-756982
-756976
-756963
-756959
-756946
-756869
-756849
-756824
-756794
-756736
-756724
-756710
-756698
-756692
-756656
-756640
-756602
-756595
-756594
-756594
-756508
-756473
-756433
-756419
-756413
-756406
-756397
-756386
-756321
-756311
-756292
-756273
-756207
-756168
-756158
-756153
-756143
-756114
-756110
-756089
-756080
-756076
-756039
-756028
-756007
-756004
-755989
-755974
-755940
-755939
-755924
-755909
-755886
-755866
-755859
-755839
-755831
-755826
-755822
-755814
-755788
-755770
-755728
-755709
-755690
-755657
-755655
-755643
-755634
-755609
-755604
-755581
-755552
-755531
-755520
-755511
-755501
-755471
-755435
-755407
-755406
-755395
-755286
-755257
-755253
-755250
-755236
-755232
-755203
-755172
-755132
-755131
-755131
-755100
-755070
-755065
-755057
-755024
-754984
-754979
-754975
-754971
-754969
-754967
-754927
-754924
-754923
-754922
-754914
-754889
-754886
-754879
-754840
-754789
-754748
-754747
-754721
-754696
-754687
-754665
-754657
-754645
-754621
-754608
-754594
-754572
-754543
-754543
-754518
-754506
-754501
-754467
-754400
-754380
-754358
-754317
-754288
-754283
-754261
-754254
-754247
-754178
-754168
-754152
-754149
-754148
-754115
-754082
-754073
-754070
-754062
-754024
-753963
-753949
-753852
-753851
-753846
-753837
-753819
-753809
-753786
-753781
-753781
-753776
-753763
-753744
-753711
-753692
-753624
-753615
-753584
-753576
-753572
-753566
-753512
-753468
-753451
-753445
-753413
-753394
-753394
-753389
-753385
-753367
-753280
-753270
-753268
-753262
-753259
-753235
-753194
-753146
-753112
-753087
-753071
-753068
-753063
-753061
-753047
-753045
-753042
-753014
-752937
-752839
-752833
-752784
-752749
-752749
-752747
-752728
-752723
-752690
-752633
-752603
-752594
-752579
-752575
-752561
-752550
-752492
-752492
-752469
-752437
-752433
-752382
-752373
-752349
-752299
-752288
-752286
-752274
-752263
-752250
-752249
-752236
-752229
-752199
-752163
-752154
-752085
-752058
-752056
-752039
-751958
-751935
-751867
-751858
-751854
-751814
-751792
-751771
-751769
-751761
-751734
-751732
-751719
-751713
-751654
-751638
-751635
-751632
-751620
-751597
-751594
-751586
-751567
-751534
-751511
-751490
-751460
-751454
-751430
-751381
-751358
-751315
-751309
-751298
-751289
-751285
-751170
-751107
-751082
-750989
-750986
-750974
-750960
-750942
-750936
-750928
-750926
-750907
-750795
-750777
-750742
-750729
-750728
-750691
-750611
-750534
-750517
-750500
-750484
-750478
-750466
-750464
-750406
-750402
-750379
-750370
-750356
-750320
-750314
-750313
-750309
-750295
-750293
-750290
-750248
-750238
-750187
-750170
-750152
-750147
-750125
-750073
-750060
-749988
-749975
-749972
-749971
-749951
-749943
-749924
-749905
-749903
-749846
-749835
-749799
-749787
-749781
-749741
-749717
-749686
-749655
-749645
-749575
-749570
-749570
-749555
-749517
-749516
-749437
-749436
-749425
-749338
-749284
-749275
-749266
-749247
-749240
-749234
-749150
-749146
-749103
-749098
-749074
-749058
-749026
-749000
-748996
-748931
-748925
-748924
-748898
-748853
-748845
-748820
-748813
-748806
-748791
-748772
-748730
-748729
-748701
-748688
-748648
-748643
-748639
-748612
-748597
-748561
-748557
-748556
-748552
-748531
-748475
-748461
-748443
-748397
-748390
-748374
-748336
-748303
-748297
-748288
-748270
-748231
-748215
-748190
-748171
-748148
-748134
-748131
-748126
-748117
-748102
-748097
-748075
-748040
-748032
-748016
-748003
-747989
-747977
-747971
-747868
-747841
-747818
-747816
-747807
-747793
-747762
-747744
-747706
-747696
-747685
-747657
-747647
-747643
-747630
-747629
-747626
-747616
-747613
-747586
-747564
-747507
-747467
-747429
-747425
-747414
-747412
-747406
-747398
-747378
-747361
-747353
-747346
-747339
-747318
-747275
-747255
-747255
-747241
-747240
-747229
-747212
-747203
-747192
-747190
-747110
-747107
-747059
-747045
-747036
-747033
-747013
-747011
-746978
-746967
-746962
-746962
-746951
-746926
-746887
-746857
-746795
-746769
-746749
-746710
-746685
-746679
-746621
-746598
-746570
-746549
-746537
-746526
-746461
-746445
-746366
-746342
-746325
-746323
-746301
-746264
-746258
-746193
-746181
-746135
-746129
-746109
-746103
-746080
-746076
-746073
-746072
-746043
-746025
-746021
-746011
-745988
-745985
-745968
-745964
-745870
-745867
-745867
-745862
-745844
-745836
-745756
-745727
-745723
-745708
-745698
-745677
-745628
-745617
-745609
-745576
-745570
-745560
-745486
-745447
-745426
-745424
-745415
-745414
-745407
-745407
-745404
-745382
-745342
-745342
-745325
-745305
-745294
-745260
-745226
-745190
-745181
-745175
-745162
-745149
-745129
-745110
-745015
-744942
-744941
-744926
-744898
-744898
-744897
-744892
-744863
-744862
-744861
-744858
-744851
-744851
-744823
-744822
-744816
-744801
-744799
-744781
-744771
-744746
-744694
-744628
-744538
-744495
-744493
-744457
-744408
-744400
-744366
-744328
-744294
-744278
-744263
-744258
-744253
-744222
-744075
-744059
-744017
-744002
-743993
-743983
-743976
-743973
-743962
-743955
-743901
-743815
-743780
-743775
-743764
-743762
-743749
-743744
-743733
-743729
-743725
-743699
-743671
-743647
-743606
-743593
-743567
-743497
-743467
-743466
-743432
-743411
-743402
-743376
-743371
-743347
-743328
-743303
-743269
-743219
-743189
-743168
-743119
-743112
-743100
-743055
-743032
-743032
-742990
-742986
-742955
-742929
-742908
-742891
-742875
-742874
-742861
-742857
-742857
-742827
-742812
-742794
-742781
-742732
-742621
-742595
-742586
-742574
-742572
-742561
-742541
-742530
-742474
-742466
-742461
-742425
-742404
-742377
-742354
-742347
-742343
-742316
-742286
-742285
-742284
-742241
-742236
-742223
-742210
-742201
-742153
-742141
-742121
-742119
-742113
-742108
-742104
-742061
-742035
-742022
-742004
-741975
-741974
-741959
-741942
-741912
-741872
-741868
-741839
-741793
-741789
-741766
-741754
-741749
-741727
-741714
-741710
-741677
-741657
-741639
-741638
-741609
-741558
-741553
-741551
-741539
-741538
-741528
-741523
-741521
-741485
-741396
-741381
-741363
-741335
-741325
-741315
-741306
-741277
-741277
-741275
-741274
-741269
-741250
-741170
-741164
-741122
-741097
-741087
-741041
-741039
-741030
-741017
-740999
-740995
-740986
-740982
-740975
-740971
-740928
-740873
-740863
-740857
-740837
-740779
-740769
-740752
-740746
-740743
-740729
-740654
-740640
-740629
-740607
-740554
-740553
-740547
-740527
-740503
-740499
-740489
-740452
-740425
-740378
-740373
-740357
-740348
-740344
-740342
-740337
-740318
-740306
-740280
-740275
-740269
-740260
-740257
-740232
-740225
-740217
-740210
-740209
-740206
-740176
-740165
-740127
-740124
-740105
-740104
-740102
-740077
-740039
-740025
-740003
-739994
-739989
-739971
-739970
-739960
-739919
-739890
-739864
-739812
-739779
-739777
-739760
-739759
-739739
-739738
-739722
-739712
-739684
-739678
-739675
-739642
-739633
-739631
-739553
-739540
-739537
-739487
-739468
-739454
-739433
-739429
-739420
-739403
-739402
-739383
-739375
-739340
-739324
-739308
-739265
-739259
-739256
-739255
-739241
-739234
-739231
-739223
-739222
-739220
-739205
-739196
-739189
-739183
-739151
-739110
-739089
-739065
-739052
-739044
-739014
-739006
-738983
-738958
-738947
-738879
-738859
-738852
-738767
-738727
-738720
-738699
-738659
-738605
-738596
-738522
-738521
-738511
-738496
-738490
-738472
-738397
-738387
-738365
-738358
-738355
-738352
-738324
-738309
-738292
-738277
-738237
-738210
-738181
-738172
-738168
-738163
-738131
-738115
-738090
-738088
-738059
-738050
-738022
-738012
-737992
-737944
-737934
-737908
-737883
-737877
-737877
-737866
-737798
-737798
-737789
-737765
-737677
-737656
-737630
-737610
-737590
-737537
-737447
-737428
-737410
-737409
-737401
-737391
-737390
-737377
-737325
-737310
-737299
-737285
-737262
-737256
-737233
-737221
-737194
-737127
-737062
-737055
-737050
-737049
-736992
-736977
-736975
-736919
-736909
-736906
-736899
-736882
-736872
-736797
-736781
-736766
-736757
-736750
-736743
-736743
-736734
-736681
-736670
-736667
-736639
-736634
-736628
-736628
-736625
-736602
-736587
-736561
-736535
-736522
-736499
-736494
-736437
-736405
-736395
-736351
-736334
-736291
-736277
-736251
-736241
-736231
-736201
-736164
-736135
-736128
-736117
-736113
-736112
-736096
-736076
-736066
-736063
-736037
-736029
-735988
-735987
-735953
-735945
-735924
-735924
-735922
-735920
-735916
-735908
-735857
-735844
-735754
-735729
-735715
-735621
-735567
-735549
-735546
-735467
-735453
-735439
-735424
-735422
-735416
-735389
-735362
-735342
-735307
-735266
-735252
-735248
-735241
-735239
-735238
-735235
-735213
-735195
-735164
-735162
-735127
-735055
-735027
-734947
-734937
-734900
-734869
-734851
-734845
-734816
-734779
-734774
-734771
-734767
-734717
-734713
-734707
-734706
-734702
-734674
-734666
-734659
-734648
-734646
-734622
-734585
-734577
-734550
-734461
-734448
-734431
-734423
-734413
-734321
-734271
-734251
-734215
-734195
-734170
-734123
-734113
-734113
-734101
-734075
-734069
-734068
-734064
-734052
-734044
-734035
-734019
-734018
-734005
-733977
-733966
-733959
-733951
-733923
-733911
-733895
-733873
-733822
-733818
-733817
-733769
-733768
-733746
-733716
-733707
-733667
-733617
-733570
-733546
-733526
-733517
-733511
-733468
-733453
-733452
-733415
-733413
-733402
-733394
-733391
-733383
-733382
-733378
-733317
-733280
-733256
-733253
-733212
-733187
-733156
-733098
-733084
-733083
-733082
-733053
-733012
-732984
-732984
-732982
-732926
-732902
-732884
-732786
-732780
-732767
-732693
-732693
-732665
-732664
-732660
-732658
-732646
-732620
-732613
-732557
-732549
-732546
-732528
-732502
-732484
-732466
-732460
-732455
-732424
-732409
-732383
-732336
-732314
-732301
-732289
-732282
-732182
-732130
-732106
-732074
-732074
-732059
-732006
-731992
-731964
-731949
-731933
-731928
-731911
-731901
-731894
-731874
-731874
-731856
-731840
-731827
-731790
-731762
-731749
-731688
-731672
-731637
-731626
-731618
-731611
-731581
-731569
-731544
-731523
-731503
-731455
-731434
-731431
-731424
-731423
-731353
-731322
-731310
-731285
-731261
-731239
-731180
-731113
-731108
-731094
-731087
-731087
-731076
-730998
-730980
-730926
-730897
-730890
-730854
-730831
-730822
-730802
-730791
-730782
-730769
-730695
-730688
-730600
-730597
-730576
-730555
-730552
-730528
-730526
-730495
-730469
-730445
-730361
-730352
-730328
-730321
-730317
-730315
-730309
-730291
-730262
-730252
-730244
-730240
-730201
-730201
-730199
-730178
-730172
-730170
-730157
-730116
-730112
-730092
-730087
-730063
-730006
-729972
-729950
-729936
-729931
-729908
-729895
-729895
-729852
-729844
-729794
-729753
-729751
-729696
-729684
-729677
-729676
-729670
-729664
-729658
-729620
-729618
-729563
-729553
-729536
-729535
-729517
-729500
-729498
-729484
-729443
-729413
-729407
-729360
-729359
-729332
-729295
-729293
-729262
-729246
-729225
-729198
-729183
-729125
-729121
-729115
-729104
-729073
-729066
-729066
-729021
-729015
-729015
-729011
-729008
-729002
-729001
-728971
-728943
-728934
-728922
-728896
-728884
-728866
-728800
-728795
-728762
-728761
-728750
-728717
-728683
-728674
-728649
-728640
-728629
-728616
-728610
-728607
-728594
-728568
-728560
-728531
-728518
-728514
-728446
-728414
-728394
-728373
-728366
-728295
-728244
-728230
-728203
-728193
-728173
-728150
-728144
-728126
-728070
-728069
-728037
-728023
-728019
-728015
-727968
-727941
-727904
-727858
-727839
-727832
-727799
-727720
-727719
-727717
-727671
-727634
-727632
-727614
-727602
-727590
-727572
-727521
-727515
-727513
-727476
-727432
-727427
-727420
-727412
-727399
-727397
-727386
-727368
-727364
-727363
-727348
-727338
-727290
-727280
-727242
-727238
-727231
-727220
-727192
-727164
-727146
-727121
-727088
-727061
-727047
-727037
-727030
-726964
-726963
-726931
-726918
-726916
-726914
-726906
-726898
-726879
-726848
-726840
-726742
-726675
-726656
-726640
-726596
-726590
-726586
-726566
-726547
-726468
-726440
-726422
-726408
-726404
-726400
-726363
-726350
-726348
-726324
-726312
-726304
-726303
-726281
-726258
-726235
-726231
-726203
-726169
-726151
-726137
-726118
-726105
-726103
-726069
-726061
-726051
-726027
-726026
-725976
-725956
-725954
-725950
-725933
-725925
-725916
-725916
-725910
-725909
-725867
-725834
-725807
-725772
-725722
-725712
-725697
-725660
-725650
-725632
-725621
-725609
-725600
-725581
-725563
-725544
-725532
-725530
-725497
-725467
-725439
-725427
-725411
-725409
-725371
-725273
-725247
-725233
-725147
-725140
-725082
-725077
-725075
-725067
-725012
-725009
-724987
-724957
-724912
-724907
-724890
-724872
-724868
-724849
-724819
-724774
-724771
-724717
-724713
-724680
-724646
-724615
-724608
-724595
-724586
-724584
-724584
-724580
-724570
-724566
-724553
-724539
-724500
-724494
-724487
-724399
-724382
-724374
-724346
-724342
-724330
-724313
-724278
-724257
-724241
-724240
-724224
-724206
-724162
-724157
-724137
-724082
-724058
-724044
-724016
-724011
-723986
-723977
-723907
-723895
-723894
-723885
-723870
-723869
-723865
-723855
-723826
-723814
-723814
-723806
-723802
-723783
-723744
-723739
-723720
-723700
-723675
-723636
-723627
-723491
-723446
-723431
-723429
-723420
-723412
-723405
-723401
-723388
-723386
-723386
-723377
-723374
-723319
-723308
-723271
-723215
-723199
-723195
-723137
-723064
-723053
-723049
-722996
-722954
-722949
-722925
-722910
-722891
-722826
-722813
-722786
-722784
-722780
-722688
-722676
-722665
-722624
-722620
-722618
-722585
-722582
-722580
-722575
-722541
-722496
-722486
-722485
-722429
-722425
-722354
-722352
-722338
-722324
-722306
-722282
-722279
-722253
-722242
-722237
-722236
-722191
-722149
-722119
-722093
-722090
-722071
-722064
-722021
-721996
-721979
-721965
-721917
-721893
-721856
-721846
-721818
-721803
-721791
-721772
-721746
-721696
-721695
-721650
-721636
-721624
-721611
-721600
-721595
-721579
-721568
-721545
-721514
-721494
-721480
-721407
-721385
-721333
-721329
-721318
-721306
-721292
-721280
-721267
-721261
-721234
-721225
-721190
-721182
-721153
-721143
-721108
-721085
-721071
-721055
-721053
-721050
-721049
-721036
-721021
-721010
-721005
-720979
-720971
-720949
-720920
-720904
-720870
-720820
-720803
-720802
-720776
-720739
-720714
-720712
-720701
-720682
-720677
-720656
-720654
-720651
-720583
-720549
-720525
-720505
-720503
-720499
-720390
-720388
-720356
-720326
-720271
-720261
-720249
-720203
-720165
-720150
-720101
-720073
-720048
-720038
-720033
-720016
-720013
-719983
-719969
-719960
-719948
-719937
-719884
-719868
-719861
-719856
-719844
-719783
-719718
-719704
-719682
-719662
-719645
-719640
-719637
-719618
-719606
-719596
-719595
-719577
-719554
-719512
-719508
-719498
-719489
-719478
-719469
-719468
-719444
-719437
-719398
-719380
-719380
-719305
-719300
-719291
-719276
-719235
-719226
-719222
-719167
-719162
-719131
-719117
-719086
-719079
-719074
-719074
-719038
-719031
-719012
-719012
-718992
-718984
-718984
-718972
-718953
-718948
-718946
-718926
-718921
-718854
-718813
-718782
-718772
-718768
-718733
-718709
-718695
-718692
-718649
-718593
-718592
-718582
-718579
-718564
-718557
-718533
-718493
-718489
-718444
-718433
-718427
-718423
-718391
-718350
-718318
-718273
-718271
-718256
-718207
-718171
-718160
-718148
-718111
-718103
-718094
-718084
-718053
-718034
-718010
-717997
-717995
-717982
-717965
-717936
-717924
-717904
-717898
-717883
-717870
-717862
-717855
-717844
-717835
-717825
-717807
-717807
-717795
-717787
-717771
-717722
-717721
-717706
-717689
-717682
-717649
-717638
-717618
-717578
-717552
-717544
-717519
-717505
-717503
-717457
-717441
-717441
-717420
-717352
-717349
-717342
-717338
-717335
-717323
-717294
-717264
-717258
-717210
-717169
-717163
-717159
-717146
-717129
-717112
-717092
-717074
-717070
-717066
-717054
-717026
-717018
-717014
-716998
-716979
-716977
-716955
-716954
-716945
-716942
-716923
-716921
-716883
-716794
-716793
-716793
-716786
-716785
-716772
-716770
-716758
-716698
-716651
-716614
-716612
-716559
-716539
-716498
-716468
-716464
-716457
-716443
-716431
-716395
-716392
-716384
-716372
-716372
-716359
-716342
-716331
-716316
-716300
-716276
-716243
-716232
-716207
-716159
-716138
-716114
-716101
-716071
-716058
-716054
-716048
-716041
-716034
-715990
-715986
-715970
-715956
-715929
-715910
-715900
-715871
-715845
-715824
-715815
-715800
-715786
-715771
-715763
-715746
-715744
-715723
-715637
-715631
-715617
-715611
-715609
-715601
-715582
-715554
-715554
-715551
-715544
-715475
-715469
-715462
-715445
-715443
-715437
-715432
-715418
-715410
-715407
-715386
-715373
-715313
-715302
-715281
-715238
-715207
-715158
-715140
-715110
-715087
-715086
-715040
-715029
-715004
-714997
-714983
-714978
-714976
-714945
-714922
-714900
-714893
-714890
-714881
-714863
-714826
-714825
-714703
-714701
-714669
-714656
-714645
-714619
-714586
-714548
-714526
-714513
-714503
-714475
-714453
-714420
-714408
-714407
-714346
-714344
-714304
-714288
-714262
-714258
-714243
-714222
-714221
-714206
-714203
-714191
-714158
-714147
-714117
-714115
-714113
-714077
-714065
-714063
-714035
-714017
-713958
-713947
-713946
-713932
-713919
-713827
-713812
-713807
-713796
-713789
-713729
-713656
-713655
-713643
-713626
-713559
-713533
-713529
-713526
-713500
-713494
-713482
-713454
-713429
-713425
-713423
-713414
-713385
-713374
-713338
-713335
-713334
-713325
-713309
-713302
-713300
-713259
-713231
-713220
-713196
-713189
-713183
-713176
-713156
-713152
-713147
-713137
-713122
-713121
-713063
-713030
-713015
-712978
-712923
-712920
-712898
-712839
-712823
-712784
-712777
-712751
-712700
-712692
-712674
-712658
-712635
-712617
-712609
-712581
-712567
-712498
-712482
-712474
-712473
-712471
-712449
-712443
-712403
-712396
-712386
-712381
-712369
-712358
-712338
-712326
-712307
-712302
-712298
-712277
-712277
-712268
-712259
-712226
-712216
-712140
-712120
-712107
-712098
-712071
-712035
-712026
-712016
-712016
-712004
-711995
-711993
-711927
-711910
-711823
-711817
-711785
-711765
-711733
-711728
-711716
-711705
-711633
-711630
-711615
-711609
-711588
-711587
-711565
-711546
-711537
-711525
-711524
-711427
-711420
-711405
-711392
-711376
-711345
-711339
-711326
-711323
-711318
-711311
-711305
-711298
-711292
-711291
-711290
-711249
-711249
-711248
-711243
-711218
-711198
-711190
-711177
-711166
-711166
-711164
-711164
-711158
-711149
-711143
-711138
-711136
-711085
-711041
-711021
-711012
-711002
-711001
-710965
-710955
-710945
-710917
-710909
-710901
-710900
-710889
-710822
-710814
-710805
-710791
-710787
-710782
-710780
-710774
-710771
-710756
-710712
-710682
-710661
-710561
-710528
-710518
-710475
-710442
-710437
-710436
-710434
-710403
-710378
-710371
-710337
-710336
-710332
-710329
-710287
-710270
-710259
-710174
-710173
-710161
-710125
-710120
-710115
-710082
-710060
-710054
-710041
-709977
-709918
-709914
-709906
-709897
-709861
-709850
-709838
-709820
-709809
-709769
-709760
-709751
-709718
-709700
-709629
-709624
-709595
-709593
-709560
-709543
-709536
-709534
-709524
-709517
-709512
-709507
-709506
-709501
-709482
-709440
-709401
-709395
-709356
-709336
-709301
-709275
-709269
-709249
-709236
-709174
-709152
-709092
-709031
-709013
-709010
-708994
-708981
-708965
-708946
-708942
-708928
-708915
-708901
-708867
-708838
-708815
-708814
-708802
-708774
-708707
-708706
-708701
-708700
-708658
-708616
-708583
-708574
-708556
-708498
-708492
-708476
-708476
-708455
-708450
-708443
-708425
-708406
-708397
-708397
-708327
-708320
-708307
-708292
-708288
-708280
-708267
-708264
-708245
-708204
-708197
-708180
-708156
-708117
-708088
-708077
-708064
-708048
-708047
-707991
-707990
-707979
-707964
-707881
-707862
-707857
-707811
-707765
-707761
-707752
-707743
-707741
-707717
-707677
-707675
-707601
-707599
-707570
-707566
-707534
-707513
-707507
-707495
-707495
-707487
-707476
-707451
-707435
-707424
-707414
-707410
-707386
-707357
-707354
-707341
-707298
-707293
-707276
-707270
-707263
-707250
-707219
-707215
-707196
-707187
-707185
-707178
-707171
-707162
-707153
-707151
-707120
-707094
-707011
-707003
-706994
-706954
-706928
-706925
-706925
-706912
-706862
-706854
-706851
-706800
-706773
-706769
-706760
-706754
-706753
-706746
-706734
-706715
-706682
-706668
-706665
-706642
-706620
-706596
-706595
-706527
-706525
-706517
-706507
-706505
-706502
-706472
-706438
-706422
-706330
-706307
-706297
-706275
-706272
-706272
-706264
-706257
-706200
-706185
-706185
-706176
-706130
-706130
-706107
-706098
-706067
-706024
-705991
-705964
-705949
-705941
-705934
-705925
-705921
-705920
-705920
-705859
-705840
-705836
-705734
-705679
-705668
-705657
-705595
-705566
-705556
-705541
-705504
-705484
-705464
-705452
-705451
-705433
-705432
-705421
-705408
-705399
-705389
-705372
-705341
-705333
-705326
-705320
-705304
-705297
-705294
-705289
-705259
-705241
-705193
-705189
-705188
-705180
-705180
-705150
-705115
-705081
-705074
-705044
-704983
-704976
-704963
-704962
-704958
-704938
-704896
-704889
-704872
-704831
-704798
-704783
-704749
-704741
-704736
-704710
-704695
-704693
-704629
-704623
-704584
-704550
-704547
-704523
-704522
-704507
-704498
-704472
-704463
-704450
-704448
-704447
-704407
-704400
-704384
-704382
-704330
-704319
-704300
-704225
-704219
-704213
-704185
-704167
-704143
-704082
-704078
-704016
-703984
-703980
-703944
-703916
-703906
-703891
-703891
-703877
-703835
-703831
-703816
-703791
-703756
-703735
-703731
-703729
-703685
-703661
-703647
-703617
-703614
-703587
-703553
-703508
-703508
-703442
-703425
-703418
-703414
-703352
-703349
-703343
-703292
-703291
-703287
-703249
-703224
-703197
-703194
-703191
-703174
-703153
-703110
-703108
-703095
-703092
-703037
-703035
-703032
-703028
-702977
-702956
-702952
-702918
-702915
-702906
-702878
-702877
-702849
-702846
-702837
-702823
-702774
-702772
-702745
-702727
-702722
-702712
-702699
-702693
-702675
-702669
-702643
-702600
-702569
-702559
-702537
-702529
-702529
-702517
-702504
-702502
-702480
-702474
-702468
-702464
-702412
-702402
-702395
-702394
-702340
-702321
-702223
-702176
-702136
-702116
-702100
-702058
-702056
-702055
-702035
-702032
-701989
-701987
-701985
-701968
-701941
-701937
-701907
-701841
-701781
-701780
-701777
-701730
-701718
-701712
-701712
-701646
-701628
-701596
-701567
-701557
-701553
-701481
-701468
-701463
-701413
-701391
-701340
-701336
-701332
-701203
-701188
-701174
-701167
-701152
-701136
-701122
-701121
-701112
-701104
-701084
-701041
-701016
-700997
-700946
-700927
-700902
-700898
-700880
-700875
-700790
-700755
-700730
-700623
-700623
-700612
-700603
-700594
-700552
-700549
-700537
-700498
-700438
-700386
-700378
-700361
-700261
-700260
-700232
-700220
-700205
-700177
-700170
-700146
-700145
-700091
-700083
-700071
-700065
-700058
-700055
-700042
-700000
-699978
-699976
-699976
-699973
-699972
-699971
-699956
-699954
-699951
-699891
-699872
-699819
-699797
-699769
-699765
-699725
-699696
-699679
-699676
-699622
-699607
-699598
-699566
-699555
-699552
-699547
-699542
-699540
-699514
-699503
-699496
-699478
-699464
-699463
-699456
-699456
-699401
-699368
-699323
-699285
-699250
-699235
-699233
-699223
-699199
-699089
-699067
-699055
-699043
-699029
-699028
-699019
-698988
-698946
-698914
-698914
-698897
-698886
-698882
-698861
-698828
-698810
-698802
-698788
-698778
-698725
-698722
-698720
-698689
-698683
-698659
-698657
-698651
-698631
-698605
-698560
-698539
-698501
-698497
-698476
-698463
-698441
-698422
-698420
-698418
-698414
-698342
-698341
-698312
-698307
-698288
-698281
-698266
-698249
-698210
-698135
-698095
-697996
-697980
-697980
-697974
-697948
-697895
-697864
-697862
-697818
-697806
-697798
-697794
-697793
-697693
-697681
-697678
-697672
-697661
-697658
-697624
-697583
-697578
-697545
-697495
-697478
-697449
-697437
-697413
-697409
-697408
-697400
-697398
-697387
-697368
-697330
-697284
-697281
-697279
-697262
-697235
-697232
-697217
-697206
-697185
-697184
-697139
-697124
-697099
-697099
-697091
-697088
-697072
-697054
-697031
-697020
-696974
-696974
-696936
-696862
-696859
-696809
-696758
-696681
-696677
-696614
-696572
-696571
-696556
-696551
-696533
-696532
-696504
-696493
-696489
-696460
-696413
-696403
-696379
-696376
-696373
-696359
-696332
-696331
-696319
-696317
-696316
-696314
-696306
-696297
-696288
-696246
-696235
-696210
-696204
-696174
-696148
-696129
-696123
-696098
-696095
-696094
-696076
-696067
-696023
-695984
-695975
-695971
-695947
-695921
-695918
-695911
-695901
-695892
-695886
-695861
-695856
-695840
-695835
-695833
-695820
-695800
-695797
-695761
-695704
-695680
-695678
-695676
-695656
-695591
-695582
-695580
-695549
-695522
-695521
-695504
-695461
-695457
-695457
-695443
-695370
-695363
-695357
-695355
-695332
-695332
-695326
-695305
-695285
-695263
-695250
-695192
-695187
-695178
-695173
-695172
-695162
-695074
-695061
-695056
-695043
-695016
-695012
-695007
-694998
-694989
-694986
-694985
-694971
-694903
-694883
-694855
-694849
-694846
-694838
-694820
-694789
-694783
-694777
-694743
-694736
-694736
-694672
-694665
-694472
-694471
-694453
-694415
-694387
-694344
-694304
-694284
-694275
-694271
-694270
-694250
-694247
-694218
-694217
-694181
-694162
-694108
-694096
-694079
-694066
-693981
-693963
-693913
-693898
-693895
-693838
-693824
-693815
-693790
-693780
-693771
-693740
-693732
-693722
-693720
-693699
-693695
-693664
-693614
-693574
-693563
-693548
-693543
-693536
-693520
-693510
-693486
-693457
-693416
-693397
-693390
-693373
-693356
-693338
-693323
-693317
-693299
-693266
-693258
-693224
-693224
-693207
-693188
-693181
-693177
-693166
-693138
-693127
-693114
-693057
-693046
-693024
-693013
-692939
-692907
-692902
-692875
-692869
-692758
-692716
-692705
-692694
-692682
-692678
-692645
-692640
-692636
-692599
-692595
-692584
-692583
-692583
-692541
-692516
-692513
-692508
-692481
-692471
-692455
-692453
-692429
-692417
-692413
-692411
-692406
-692361
-692327
-692325
-692304
-692292
-692273
-692244
-692237
-692226
-692176
-692158
-692152
-692137
-692066
-692065
-692036
-692009
-691989
-691956
-691918
-691918
-691917
-691916
-691884
-691881
-691860
-691832
-691793
-691790
-691783
-691763
-691762
-691744
-691737
-691702
-691668
-691668
-691638
-691627
-691613
-691580
-691573
-691547
-691546
-691533
-691531
-691517
-691506
-691482
-691470
-691440
-691431
-691428
-691399
-691356
-691354
-691339
-691325
-691290
-691284
-691281
-691280
-691238
-691233
-691219
-691209
-691160
-691145
-691108
-691080
-691074
-691050
-691007
-690976
-690961
-690951
-690949
-690935
-690884
-690882
-690869
-690855
-690828
-690817
-690747
-690706
-690705
-690702
-690695
-690689
-690669
-690658
-690636
-690627
-690612
-690609
-690537
-690535
-690501
-690485
-690440
-690429
-690345
-690324
-690223
-690201
-690196
-690176
-690141
-690125
-690121
-690114
-690110
-690104
-690100
-690099
-690042
-690007
-690001
-689972
-689960
-689949
-689947
-689946
-689922
-689907
-689876
-689861
-689848
-689800
-689734
-689700
-689675
-689673
-689665
-689662
-689661
-689650
-689634
-689597
-689583
-689529
-689501
-689485
-689366
-689340
-689328
-689295
-689282
-689248
-689245
-689245
-689244
-689242
-689198
-689193
-689168
-689168
-689166
-689144
-689131
-689100
-689090
-689089
-689066
-689064
-689061
-689040
-689037
-689022
-688993
-688966
-688825
-688806
-688796
-688772
-688754
-688714
-688676
-688675
-688618
-688586
-688579
-688556
-688520
-688508
-688507
-688499
-688448
-688429
-688425
-688396
-688391
-688376
-688374
-688367
-688351
-688324
-688306
-688300
-688293
-688292
-688287
-688282
-688269
-688223
-688218
-688163
-688152
-688069
-688059
-688055
-688048
-688008
-687984
-687970
-687960
-687952
-687949
-687928
-687918
-687915
-687884
-687859
-687831
-687705
-687689
-687610
-687595
-687544
-687511
-687468
-687445
-687406
-687386
-687370
-687368
-687359
-687337
-687331
-687255
-687234
-687233
-687194
-687182
-687086
-687047
-687021
-686998
-686976
-686974
-686948
-686943
-686923
-686921
-686907
-686883
-686882
-686878
-686820
-686810
-686799
-686770
-686763
-686761
-686669
-686664
-686620
-686611
-686561
-686550
-686536
-686532
-686495
-686444
-686402
-686374
-686350
-686296
-686250
-686245
-686228
-686202
-686189
-686170
-686148
-686144
-686125
-686079
-686043
-686031
-686006
-686004
-686001
-685992
-685967
-685967
-685949
-685945
-685915
-685886
-685860
-685843
-685831
-685827
-685819
-685803
-685786
-685769
-685751
-685725
-685716
-685713
-685711
-685706
-685695
-685686
-685624
-685598
-685568
-685527
-685473
-685471
-685471
-685425
-685388
-685359
-685357
-685330
-685329
-685319
-685290
-685273
-685270
-685267
-685263
-685241
-685221
-685191
-685186
-685182
-685159
-685139
-685123
-685115
-685110
-685099
-685079
-685066
-685053
-685034
-685024
-685005
-684973
-684968
-684928
-684911
-684910
-684910
-684907
-684885
-684797
-684790
-684719
-684712
-684707
-684671
-684658
-684650
-684639
-684631
-684618
-684609
-684607
-684564
-684561
-684554
-684539
-684521
-684507
-684444
-684428
-684416
-684395
-684369
-684332
-684317
-684316
-684303
-684282
-684273
-684217
-684213
-684205
-684158
-684156
-684137
-684136
-684079
-684004
-683982
-683978
-683947
-683941
-683918
-683908
-683859
-683859
-683839
-683829
-683816
-683793
-683787
-683726
-683700
-683696
-683695
-683676
-683643
-683640
-683635
-683633
-683632
-683597
-683572
-683568
-683560
-683544
-683507
-683491
-683488
-683476
-683460
-683447
-683421
-683415
-683401
-683396
-683347
-683331
-683276
-683177
-683169
-683146
-683049
-683043
-683025
-683024
-683007
-683000
-682990
-682966
-682913
-682895
-682862
-682855
-682850
-682829
-682812
-682800
-682691
-682681
-682664
-682658
-682657
-682632
-682594
-682587
-682567
-682531
-682529
-682481
-682481
-682480
-682472
-682439
-682434
-682418
-682411
-682401
-682397
-682379
-682339
-682289
-682257
-682219
-682211
-682200
-682173
-682157
-682152
-682143
-682137
-682055
-682034
-681988
-681973
-681962
-681952
-681920
-681909
-681899
-681898
-681879
-681806
-681786
-681744
-681737
-681698
-681691
-681662
-681635
-681633
-681629
-681627
-681614
-681598
-681594
-681569
-681543
-681539
-681511
-681501
-681469
-681463
-681437
-681370
-681361
-681338
-681309
-681305
-681304
-681303
-681229
-681227
-681195
-681192
-681160
-681146
-681143
-681115
-681026
-681018
-680940
-680937
-680937
-680921
-680874
-680849
-680806
-680797
-680771
-680768
-680752
-680747
-680746
-680696
-680671
-680663
-680620
-680541
-680536
-680525
-680524
-680517
-680510
-680502
-680499
-680490
-680484
-680477
-680476
-680468
-680467
-680420
-680392
-680371
-680341
-680340
-680330
-680321
-680260
-680246
-680214
-680174
-680171
-680169
-680141
-680102
-680100
-680074
-680049
-680038
-680021
-679984
-679923
-679879
-679879
-679861
-679860
-679848
-679831
-679732
-679720
-679695
-679685
-679667
-679649
-679596
-679593
-679588
-679554
-679543
-679536
-679528
-679524
-679515
-679513
-679433
-679420
-679398
-679324
-679287
-679223
-679207
-679167
-679167
-679155
-679151
-679146
-679123
-679091
-679088
-679074
-679054
-679041
-679041
-679027
-679001
-678966
-678958
-678942
-678925
-678883
-678870
-678861
-678777
-678753
-678704
-678674
-678593
-678566
-678509
-678498
-678489
-678436
-678398
-678398
-678378
-678370
-678352
-678347
-678337
-678323
-678320
-678319
-678307
-678289
-678232
-678200
-678184
-678183
-678183
-678175
-678165
-678165
-678138
-678129
-678087
-678086
-678067
-678034
-678023
-678013
-677965
-677918
-677885
-677880
-677814
-677808
-677740
-677712
-677707
-677671
-677659
-677638
-677637
-677633
-677632
-677615
-677609
-677602
-677593
-677587
-677565
-677553
-677530
-677418
-677417
-677406
-677401
-677362
-677360
-677338
-677330
-677305
-677274
-677267
-677259
-677249
-677145
-677123
-677116
-677062
-677025
-677015
-676999
-676960
-676910
-676905
-676883
-676854
-676851
-676826
-676817
-676804
-676796
-676719
-676697
-676688
-676686
-676676
-676672
-676650
-676623
-676599
-676554
-676548
-676533
-676467
-676451
-676447
-676436
-676416
-676411
-676408
-676389
-676382
-676340
-676314
-676307
-676298
-676258
-676221
-676215
-676206
-676194
-676185
-676179
-676141
-676133
-676072
-676062
-676057
-676027
-676027
-676017
-675978
-675940
-675913
-675890
-675875
-675872
-675868
-675841
-675835
-675824
-675812
-675789
-675789
-675766
-675741
-675740
-675733
-675728
-675727
-675725
-675624
-675562
-675557
-675529
-675465
-675459
-675438
-675429
-675425
-675418
-675395
-675344
-675326
-675300
-675250
-675246
-675209
-675200
-675187
-675178
-675178
-675177
-675154
-675139
-675117
-675112
-675094
-675085
-675053
-675042
-675028
-675014
-674973
-674956
-674935
-674902
-674821
-674787
-674770
-674760
-674695
-674681
-674672
-674660
-674637
-674610
-674567
-674554
-674551
-674484
-674476
-674448
-674434
-674426
-674396
-674365
-674359
-674348
-674331
-674285
-674284
-674242
-674220
-674216
-674215
-674215
-674212
-674195
-674191
-674170
-674139
-674135
-674122
-674122
-674118
-674086
-674081
-674071
-674040
-674035
-674014
-673984
-673970
-673969
-673921
-673910
-673879
-673868
-673819
-673811
-673792
-673776
-673753
-673747
-673726
-673705
-673699
-673650
-673636
-673614
-673572
-673514
-673502
-673497
-673491
-673472
-673409
-673383
-673366
-673358
-673340
-673332
-673292
-673274
-673240
-673230
-673193
-673176
-673166
-673135
-673088
-673086
-673068
-673066
-673064
-673058
-673018
-673016
-673010
-673010
-672998
-672976
-672954
-672953
-672945
-672904
-672887
-672847
-672832
-672817
-672807
-672799
-672789
-672777
-672737
-672732
-672725
-672709
-672623
-672581
-672484
-672483
-672468
-672455
-672453
-672433
-672419
-672414
-672385
-672378
-672361
-672333
-672275
-672249
-672248
-672216
-672153
-672127
-672081
-672076
-672057
-672045
-672024
-671964
-671959
-671931
-671929
-671920
-671880
-671849
-671842
-671780
-671772
-671771
-671756
-671746
-671646
-671631
-671625
-671623
-671610
-671608
-671599
-671598
-671591
-671560
-671548
-671546
-671537
-671530
-671518
-671491
-671490
-671470
-671458
-671416
-671387
-671361
-671340
-671309
-671305
-671254
-671238
-671232
-671221
-671184
-671174
-671171
-671161
-671158
-671142
-671134
-671127
-671122
-671039
-671002
-670999
-670877
-670853
-670852
-670845
-670837
-670833
-670818
-670801
-670798
-670768
-670720
-670685
-670682
-670677
-670540
-670513
-670496
-670482
-670468
-670455
-670436
-670353
-670343
-670323
-670314
-670301
-670297
-670288
-670288
-670287
-670282
-670257
-670236
-670235
-670192
-670185
-670142
-670108
-670097
-670077
-670071
-670049
-670049
-670032
-670022
-670002
-670001
-669997
-669970
-669959
-669958
-669957
-669930
-669910
-669867
-669842
-669837
-669836
-669834
-669832
-669828
-669811
-669779
-669747
-669709
-669705
-669682
-669626
-669625
-669571
-669522
-669516
-669511
-669488
-669463
-669437
-669436
-669419
-669401
-669330
-669323
-669319
-669308
-669290
-669281
-669279
-669277
-669276
-669246
-669242
-669242
-669241
-669229
-669225
-669223
-669194
-669181
-669149
-669034
-669012
-668978
-668967
-668945
-668943
-668933
-668917
-668823
-668799
-668797
-668784
-668751
-668722
-668719
-668688
-668678
-668663
-668637
-668631
-668618
-668596
-668590
-668544
-668523
-668521
-668493
-668451
-668447
-668404
-668399
-668372
-668368
-668356
-668347
-668335
-668331
-668273
-668251
-668235
-668182
-668162
-668132
-668123
-668114
-668039
-668036
-668017
-667991
-667984
-667963
-667949
-667912
-667909
-667890
-667882
-667861
-667855
-667837
-667778
-667762
-667748
-667726
-667701
-667682
-667678
-667673
-667643
-667621
-667608
-667589
-667583
-667574
-667550
-667544
-667543
-667543
-667500
-667475
-667445
-667443
-667404
-667383
-667368
-667354
-667322
-667321
-667314
-667297
-667293
-667291
-667239
-667202
-667198
-667192
-667186
-667181
-667172
-667158
-667149
-667135
-667132
-667113
-667079
-667078
-667065
-667009
-666996
-666976
-666968
-666950
-666907
-666907
-666880
-666831
-666814
-666774
-666760
-666694
-666691
-666687
-666683
-666651
-666640
-666625
-666604
-666603
-666549
-666541
-666507
-666479
-666475
-666420
-666413
-666405
-666353
-666353
-666303
-666258
-666237
-666183
-666145
-666128
-666097
-666079
-666063
-666013
-666006
-665994
-665946
-665943
-665916
-665881
-665871
-665862
-665790
-665788
-665778
-665761
-665751
-665744
-665720
-665714
-665689
-665649
-665627
-665627
-665605
-665591
-665591
-665590
-665588
-665575
-665574
-665572
-665553
-665519
-665483
-665476
-665466
-665460
-665459
-665439
-665433
-665410
-665386
-665367
-665327
-665325
-665309
-665300
-665261
-665245
-665240
-665226
-665224
-665220
-665211
-665195
-665179
-665144
-665125
-665122
-665118
-665086
-665029
-664999
-664988
-664950
-664944
-664943
-664939
-664923
-664919
-664906
-664903
-664883
-664873
-664866
-664865
-664839
-664821
-664806
-664779
-664777
-664761
-664758
-664692
-664676
-664668
-664647
-664607
-664514
-664508
-664505
-664440
-664415
-664414
-664402
-664391
-664349
-664315
-664300
-664300
-664269
-664266
-664245
-664201
-664196
-664189
-664188
-664172
-664138
-664111
-664110
-664078
-664053
-664038
-664033
-664005
-664004
-663992
-663983
-663978
-663969
-663966
-663904
-663847
-663845
-663822
-663817
-663795
-663777
-663776
-663766
-663704
-663684
-663649
-663604
-663597
-663580
-663560
-663470
-663431
-663418
-663412
-663376
-663370
-663304
-663303
-663300
-663263
-663259
-663256
-663235
-663197
-663181
-663119
-663117
-663115
-663108
-663085
-663044
-663037
-663026
-662987
-662961
-662946
-662905
-662895
-662882
-662862
-662852
-662821
-662776
-662732
-662712
-662653
-662624
-662623
-662562
-662561
-662542
-662539
-662522
-662501
-662452
-662449
-662368
-662366
-662352
-662341
-662335
-662331
-662330
-662322
-662274
-662261
-662234
-662212
-662209
-662183
-662131
-662112
-662070
-662047
-662041
-661977
-661941
-661875
-661871
-661860
-661859
-661850
-661801
-661783
-661780
-661735
-661721
-661707
-661669
-661664
-661624
-661597
-661591
-661546
-661544
-661491
-661484
-661482
-661480
-661478
-661433
-661432
-661421
-661407
-661391
-661365
-661343
-661340
-661327
-661324
-661302
-661297
-661286
-661282
-661278
-661258
-661230
-661218
-661198
-661155
-661144
-661121
-661100
-661099
-661095
-661080
-661067
-661058
-661015
-661009
-660995
-660977
-660974
-660967
-660935
-660929
-660923
-660862
-660828
-660825
-660823
-660783
-660780
-660774
-660765
-660738
-660722
-660693
-660692
-660690
-660681
-660672
-660625
-660617
-660609
-660568
-660566
-660515
-660507
-660498
-660434
-660417
-660417
-660411
-660387
-660353
-660336
-660328
-660277
-660248
-660237
-660221
-660219
-660201
-660160
-660156
-660155
-660112
-660109
-660100
-660096
-660091
-660089
-660078
-660069
-660048
-660012
-660004
-660001
-659966
-659942
-659773
-659761
-659729
-659665
-659662
-659636
-659633
-659625
-659621
-659614
-659559
-659549
-659547
-659542
-659540
-659524
-659516
-659507
-659467
-659439
-659421
-659413
-659384
-659377
-659276
-659243
-659146
-659143
-659134
-659121
-659119
-659119
-659075
-658991
-658988
-658986
-658944
-658906
-658890
-658870
-658849
-658849
-658845
-658843
-658842
-658823
-658805
-658784
-658776
-658745
-658724
-658693
-658690
-658686
-658683
-658679
-658664
-658632
-658612
-658589
-658567
-658565
-658561
-658553
-658548
-658527
-658512
-658487
-658479
-658468
-658412
-658405
-658400
-658391
-658376
-658366
-658351
-658338
-658313
-658292
-658244
-658226
-658206
-658179
-658153
-658152
-658133
-658112
-658111
-658105
-658098
-658088
-658083
-658072
-658031
-657993
-657965
-657960
-657950
-657881
-657864
-657841
-657770
-657768
-657762
-657730
-657727
-657713
-657667
-657633
-657621
-657573
-657554
-657548
-657513
-657389
-657374
-657358
-657314
-657312
-657303
-657295
-657268
-657223
-657212
-657175
-657151
-657141
-657115
-657104
-657101
-657090
-657074
-657070
-657058
-657044
-657022
-656987
-656986
-656980
-656963
-656947
-656920
-656883
-656876
-656861
-656839
-656805
-656784
-656769
-656760
-656737
-656689
-656671
-656647
-656641
-656637
-656609
-656607
-656605
-656585
-656529
-656525
-656483
-656481
-656475
-656475
-656453
-656437
-656420
-656379
-656367
-656337
-656331
-656324
-656291
-656265
-656249
-656241
-656230
-656229
-656204
-656200
-656174
-656174
-656169
-656160
-656140
-656106
-656098
-656058
-656052
-656050
-656033
-656013
-656012
-656003
-655990
-655926
-655916
-655906
-655881
-655870
-655833
-655825
-655805
-655799
-655775
-655759
-655731
-655698
-655697
-655635
-655615
-655596
-655586
-655563
-655552
-655491
-655469
-655465
-655441
-655429
-655406
-655388
-655316
-655271
-655266
-655242
-655228
-655159
-655155
-655009
-654968
-654968
-654961
-654959
-654883
-654881
-654852
-654850
-654813
-654795
-654792
-654791
-654773
-654768
-654753
-654751
-654748
-654698
-654666
-654640
-654608
-654599
-654593
-654582
-654575
-654570
-654567
-654520
-654509
-654486
-654466
-654455
-654414
-654406
-654379
-654370
-654362
-654353
-654350
-654309
-654293
-654284
-654260
-654179
-654173
-654156
-654129
-654117
-654101
-654061
-654038
-654037
-654016
-653963
-653953
-653951
-653945
-653938
-653872
-653851
-653825
-653816
-653800
-653770
-653762
-653759
-653738
-653712
-653701
-653679
-653652
-653640
-653636
-653600
-653598
-653573
-653554
-653503
-653498
-653497
-653496
-653496
-653470
-653458
-653416
-653412
-653368
-653363
-653359
-653348
-653309
-653297
-653220
-653209
-653187
-653181
-653039
-652984
-652970
-652935
-652920
-652915
-652912
-652878
-652872
-652867
-652858
-652846
-652834
-652789
-652784
-652781
-652779
-652769
-652738
-652694
-652679
-652648
-652646
-652632
-652623
-652533
-652497
-652468
-652431
-652415
-652410
-652405
-652395
-652391
-652390
-652367
-652365
-652336
-652330
-652298
-652287
-652270
-652232
-652228
-652224
-652201
-652197
-652184
-652108
-652081
-652076
-652072
-652051
-652043
-652029
-652024
-652017
-651994
-651965
-651949
-651896
-651888
-651840
-651832
-651827
-651805
-651752
-651735
-651719
-651692
-651675
-651672
-651663
-651607
-651603
-651597
-651595
-651571
-651566
-651549
-651539
-651521
-651461
-651453
-651436
-651432
-651406
-651376
-651368
-651363
-651352
-651319
-651293
-651280
-651235
-651228
-651227
-651216
-651209
-651175
-651172
-651150
-651150
-651121
-651090
-651084
-651083
-651063
-651051
-651049
-651033
-650998
-650997
-650994
-650978
-650934
-650860
-650839
-650837
-650822
-650769
-650754
-650731
-650731
-650690
-650655
-650650
-650644
-650641
-650631
-650627
-650608
-650599
-650592
-650553
-650530
-650529
-650528
-650527
-650490
-650486
-650386
-650384
-650364
-650357
-650340
-650334
-650333
-650331
-650318
-650263
-650257
-650237
-650206
-650194
-650188
-650186
-650157
-650153
-650127
-650073
-650062
-650036
-649989
-649949
-649938
-649937
-649875
-649872
-649849
-649844
-649830
-649827
-649817
-649804
-649802
-649800
-649793
-649780
-649773
-649763
-649748
-649722
-649696
-649672
-649671
-649662
-649649
-649641
-649619
-649603
-649603
-649602
-649593
-649585
-649530
-649432
-649379
-649379
-649376
-649372
-649358
-649358
-649328
-649302
-649287
-649263
-649230
-649153
-649147
-649143
-649117
-649068
-649053
-649050
-649040
-649037
-649021
-648996
-648976
-648928
-648925
-648916
-648903
-648896
-648818
-648759
-648753
-648730
-648687
-648663
-648646
-648591
-648576
-648564
-648557
-648511
-648503
-648503
-648487
-648480
-648473
-648404
-648361
-648359
-648351
-648324
-648323
-648315
-648255
-648221
-648195
-648172
-648163
-648163
-648113
-648108
-648105
-648077
-648052
-648008
-648002
-647984
-647954
-647907
-647885
-647878
-647843
-647785
-647779
-647763
-647743
-647743
-647709
-647696
-647686
-647669
-647645
-647634
-647624
-647617
-647601
-647597
-647583
-647557
-647552
-647540
-647527
-647520
-647518
-647513
-647482
-647479
-647464
-647440
-647438
-647434
-647413
-647398
-647376
-647361
-647335
-647335
-647334
-647318
-647268
-647236
-647235
-647234
-647198
-647196
-647190
-647174
-647159
-647152
-647146
-647135
-647128
-647127
-647112
-647110
-647105
-647096
-647081
-647068
-647068
-646978
-646919
-646894
-646877
-646843
-646821
-646800
-646772
-646754
-646720
-646709
-646698
-646698
-646646
-646636
-646610
-646595
-646586
-646574
-646501
-646492
-646489
-646471
-646467
-646441
-646439
-646434
-646422
-646385
-646379
-646369
-646363
-646362
-646347
-646341
-646339
-646335
-646334
-646286
-646273
-646228
-646097
-646017
-645981
-645959
-645956
-645942
-645923
-645907
-645860
-645848
-645831
-645816
-645784
-645742
-645739
-645735
-645722
-645715
-645693
-645678
-645662
-645650
-645636
-645583
-645573
-645516
-645481
-645467
-645454
-645422
-645416
-645387
-645335
-645308
-645301
-645286
-645269
-645241
-645231
-645224
-645198
-645198
-645167
-645114
-645096
-645093
-645092
-645080
-645075
-645063
-645058
-645027
-645001
-644987
-644977
-644963
-644926
-644917
-644900
-644896
-644843
-644794
-644787
-644740
-644732
-644682
-644676
-644669
-644650
-644635
-644625
-644616
-644574
-644539
-644495
-644471
-644446
-644423
-644400
-644391
-644382
-644366
-644349
-644327
-644294
-644268
-644249
-644248
-644241
-644236
-644225
-644191
-644158
-644148
-644148
-644135
-644123
-644110
-644110
-644101
-644081
-644048
-644015
-644014
-644014
-644009
-644007
-643987
-643974
-643951
-643943
-643925
-643905
-643885
-643858
-643853
-643842
-643828
-643808
-643800
-643772
-643726
-643713
-643653
-643646
-643631
-643627
-643585
-643545
-643531
-643513
-643488
-643484
-643467
-643439
-643405
-643383
-643380
-643340
-643332
-643295
-643283
-643249
-643219
-643212
-643163
-643118
-643083
-643059
-643053
-643021
-642965
-642955
-642955
-642946
-642946
-642937
-642884
-642870
-642862
-642861
-642851
-642834
-642813
-642797
-642790
-642788
-642787
-642769
-642763
-642741
-642724
-642718
-642717
-642701
-642698
-642692
-642690
-642682
-642672
-642666
-642651
-642617
-642583
-642517
-642502
-642467
-642453
-642449
-642425
-642425
-642326
-642318
-642318
-642291
-642281
-642222
-642211
-642200
-642199
-642166
-642152
-642148
-642147
-642111
-642109
-642092
-642086
-642060
-642042
-642001
-641960
-641930
-641907
-641889
-641880
-641857
-641849
-641839
-641814
-641812
-641795
-641786
-641776
-641723
-641716
-641702
-641669
-641658
-641657
-641656
-641599
-641584
-641548
-641503
-641495
-641452
-641422
-641421
-641391
-641377
-641369
-641335
-641294
-641256
-641219
-641184
-641154
-641138
-641073
-641060
-641055
-641022
-641000
-640972
-640916
-640910
-640887
-640884
-640867
-640864
-640784
-640783
-640782
-640752
-640717
-640643
-640637
-640636
-640636
-640621
-640613
-640560
-640533
-640497
-640486
-640485
-640446
-640442
-640441
-640440
-640431
-640423
-640414
-640384
-640365
-640272
-640269
-640224
-640181
-640172
-640167
-640128
-640105
-640091
-640090
-640087
-640024
-640005
-639998
-639866
-639856
-639839
-639750
-639669
-639566
-639555
-639535
-639487
-639479
-639469
-639411
-639390
-639375
-639351
-639320
-639308
-639293
-639280
-639268
-639227
-639202
-639196
-639099
-639096
-639082
-639079
-639072
-639048
-639021
-638992
-638980
-638972
-638968
-638950
-638814
-638804
-638748
-638728
-638724
-638721
-638701
-638669
-638669
-638666
-638652
-638650
-638648
-638646
-638633
-638625
-638625
-638608
-638604
-638597
-638585
-638576
-638564
-638554
-638550
-638538
-638536
-638511
-638509
-638503
-638476
-638462
-638449
-638350
-638343
-638299
-638299
-638255
-638227
-638214
-638203
-638201
-638187
-638158
-638125
-638064
-638052
-638031
-638011
-638002
-637978
-637932
-637873
-637859
-637858
-637856
-637856
-637842
-637842
-637780
-637764
-637746
-637746
-637746
-637737
-637727
-637709
-637701
-637664
-637657
-637656
-637654
-637649
-637625
-637586
-637559
-637512
-637453
-637451
-637445
-637401
-637397
-637382
-637375
-637371
-637347
-637341
-637341
-637338
-637336
-637280
-637216
-637215
-637213
-637202
-637191
-637172
-637137
-637130
-637101
-637085
-637082
-637060
-637043
-637042
-637022
-637017
-636993
-636962
-636936
-636904
-636881
-636864
-636839
-636776
-636767
-636766
-636758
-636745
-636738
-636704
-636543
-636514
-636443
-636438
-636434
-636426
-636413
-636375
-636308
-636303
-636289
-636266
-636247
-636236
-636199
-636143
-636116
-636080
-636071
-636065
-636062
-636057
-636035
-636004
-635881
-635875
-635869
-635841
-635841
-635770
-635758
-635746
-635732
-635698
-635683
-635675
-635672
-635632
-635549
-635525
-635501
-635476
-635474
-635469
-635469
-635468
-635439
-635416
-635344
-635327
-635259
-635256
-635217
-635179
-635172
-635141
-635137
-635133
-635106
-635029
-635027
-634970
-634957
-634956
-634942
-634942
-634933
-634928
-634876
-634846
-634827
-634811
-634803
-634770
-634726
-634700
-634618
-634583
-634575
-634474
-634462
-634447
-634416
-634390
-634381
-634364
-634338
-634332
-634305
-634287
-634269
-634264
-634232
-634204
-634170
-634116
-634068
-633996
-633984
-633970
-633943
-633925
-633925
-633917
-633901
-633895
-633836
-633831
-633820
-633817
-633816
-633815
-633797
-633752
-633692
-633691
-633670
-633652
-633640
-633640
-633631
-633618
-633616
-633583
-633534
-633514
-633513
-633513
-633450
-633429
-633429
-633423
-633398
-633382
-633340
-633322
-633316
-633294
-633282
-633274
-633249
-633237
-633231
-633201
-633199
-633193
-633177
-633167
-633163
-633162
-633161
-633099
-633091
-633090
-633055
-633035
-633026
-633024
-632963
-632946
-632941
-632934
-632922
-632892
-632883
-632832
-632803
-632791
-632762
-632760
-632749
-632729
-632719
-632682
-632654
-632625
-632583
-632581
-632567
-632557
-632454
-632439
-632426
-632384
-632374
-632320
-632303
-632296
-632295
-632269
-632256
-632253
-632238
-632221
-632218
-632212
-632196
-632185
-632182
-632180
-632169
-632161
-632102
-632098
-632096
-632075
-632050
-632030
-632029
-632000
-631955
-631926
-631925
-631917
-631908
-631906
-631859
-631853
-631820
-631817
-631813
-631788
-631769
-631756
-631750
-631740
-631700
-631693
-631684
-631665
-631587
-631586
-631575
-631566
-631521
-631487
-631482
-631412
-631407
-631375
-631370
-631333
-631328
-631322
-631310
-631310
-631303
-631301
-631249
-631197
-631189
-631186
-631173
-631165
-631154
-631136
-631121
-631078
-631068
-631061
-631054
-630892
-630875
-630872
-630868
-630836
-630813
-630812
-630752
-630725
-630703
-630684
-630680
-630645
-630635
-630627
-630610
-630590
-630574
-630572
-630499
-630464
-630458
-630437
-630415
-630406
-630394
-630393
-630356
-630321
-630275
-630270
-630253
-630245
-630228
-630208
-630198
-630173
-630164
-630095
-630091
-630088
-630088
-630085
-630077
-630051
-630047
-630019
-629956
-629953
-629941
-629940
-629928
-629923
-629884
-629863
-629830
-629782
-629760
-629728
-629723
-629697
-629697
-629678
-629661
-629636
-629622
-629614
-629585
-629498
-629478
-629469
-629463
-629455
-629453
-629451
-629357
-629349
-629337
-629331
-629321
-629318
-629293
-629281
-629277
-629261
-629232
-629218
-629187
-629169
-629161
-629133
-629077
-629065
-629030
-628997
-628986
-628965
-628960
-628927
-628902
-628890
-628888
-628884
-628865
-628856
-628836
-628825
-628780
-628774
-628773
-628716
-628700
-628699
-628669
-628649
-628642
-628637
-628611
-628586
-628575
-628500
-628463
-628459
-628450
-628426
-628407
-628390
-628368
-628327
-628269
-628233
-628229
-628228
-628212
-628211
-628200
-628175
-628155
-628053
-627991
-627986
-627948
-627946
-627945
-627939
-627935
-627896
-627894
-627862
-627829
-627815
-627760
-627751
-627695
-627680
-627649
-627623
-627620
-627615
-627602
-627593
-627592
-627564
-627538
-627533
-627518
-627516
-627502
-627479
-627447
-627446
-627426
-627412
-627406
-627371
-627355
-627349
-627339
-627338
-627327
-627276
-627249
-627205
-627173
-627130
-627089
-627089
-627088
-627070
-627064
-627049
-627033
-626998
-626993
-626993
-626973
-626969
-626947
-626889
-626881
-626879
-626844
-626820
-626792
-626708
-626707
-626703
-626682
-626663
-626627
-626626
-626597
-626562
-626485
-626453
-626407
-626312
-626297
-626294
-626259
-626253
-626240
-626166
-626115
-626077
-626070
-626017
-625964
-625959
-625913
-625913
-625903
-625891
-625820
-625817
-625786
-625774
-625767
-625722
-625720
-625712
-625710
-625698
-625697
-625685
-625656
-625644
-625623
-625505
-625496
-625478
-625460
-625456
-625435
-625397
-625378
-625371
-625355
-625354
-625334
-625331
-625329
-625311
-625311
-625302
-625225
-625213
-625210
-625156
-625150
-625134
-625124
-625121
-625075
-625064
-625044
-624999
-624994
-624981
-624977
-624973
-624950
-624945
-624939
-624894
-624870
-624858
-624810
-624777
-624757
-624748
-624714
-624710
-624686
-624678
-624660
-624658
-624654
-624652
-624649
-624633
-624628
-624613
-624580
-624578
-624549
-624544
-624540
-624506
-624502
-624462
-624460
-624449
-624439
-624425
-624387
-624361
-624332
-624283
-624264
-624263
-624249
-624244
-624211
-624211
-624190
-624158
-624140
-624100
-624059
-624014
-624013
-623956
-623947
-623926
-623916
-623824
-623807
-623790
-623778
-623730
-623701
-623684
-623656
-623618
-623602
-623565
-623548
-623543
-623528
-623521
-623476
-623468
-623465
-623465
-623366
-623355
-623326
-623309
-623285
-623285
-623240
-623179
-623159
-623128
-623104
-623086
-623083
-623068
-623061
-623052
-623047
-623041
-623019
-622980
-622979
-622952
-622917
-622894
-622882
-622835
-622783
-622744
-622688
-622650
-622622
-622619
-622608
-622604
-622585
-622585
-622566
-622545
-622534
-622504
-622488
-622410
-622400
-622364
-622351
-622314
-622212
-622178
-622144
-622136
-622130
-622114
-622114
-622099
-622053
-622018
-622016
-621999
-621989
-621985
-621950
-621928
-621891
-621876
-621871
-621863
-621861
-621853
-621845
-621831
-621816
-621789
-621761
-621741
-621689
-621677
-621664
-621627
-621625
-621622
-621594
-621576
-621551
-621544
-621544
-621483
-621474
-621464
-621403
-621382
-621380
-621290
-621277
-621265
-621217
-621210
-621192
-621185
-621171
-621166
-621155
-621084
-621077
-621066
-621039
-621004
-620918
-620874
-620842
-620830
-620826
-620803
-620795
-620792
-620777
-620761
-620746
-620740
-620721
-620721
-620638
-620616
-620613
-620609
-620598
-620551
-620493
-620460
-620456
-620439
-620405
-620401
-620376
-620375
-620361
-620328
-620320
-620311
-620304
-620283
-620230
-620204
-620199
-620145
-620117
-620109
-620101
-620099
-620067
-620048
-620040
-620029
-620013
-620009
-620003
-619999
-619990
-619983
-619974
-619933
-619898
-619897
-619895
-619845
-619835
-619785
-619776
-619764
-619742
-619728
-619672
-619663
-619650
-619579
-619561
-619491
-619451
-619416
-619408
-619393
-619389
-619357
-619334
-619320
-619313
-619286
-619283
-619283
-619276
-619224
-619207
-619194
-619191
-619185
-619164
-619160
-619140
-619133
-619125
-619119
-619106
-619106
-619098
-619075
-619073
-619071
-619055
-619022
-619013
-619012
-618992
-618975
-618959
-618955
-618951
-618936
-618917
-618905
-618840
-618837
-618817
-618816
-618813
-618812
-618810
-618805
-618795
-618770
-618740
-618733
-618711
-618701
-618654
-618652
-618650
-618637
-618630
-618622
-618596
-618591
-618576
-618573
-618566
-618560
-618514
-618512
-618512
-618458
-618428
-618391
-618376
-618372
-618355
-618318
-618305
-618248
-618232
-618219
-618209
-618162
-618139
-618139
-618121
-618113
-618103
-618101
-618101
-618086
-618075
-618070
-618059
-618043
-618027
-617922
-617884
-617850
-617840
-617831
-617827
-617822
-617806
-617790
-617789
-617764
-617735
-617719
-617709
-617708
-617702
-617691
-617650
-617577
-617577
-617572
-617546
-617505
-617478
-617473
-617439
-617417
-617406
-617404
-617387
-617307
-617276
-617227
-617207
-617195
-617179
-617143
-617140
-617116
-617112
-617093
-617074
-617060
-617031
-617025
-616996
-616962
-616935
-616934
-616921
-616918
-616896
-616862
-616854
-616839
-616771
-616758
-616729
-616711
-616710
-616645
-616625
-616607
-616602
-616597
-616557
-616541
-616485
-616473
-616437
-616422
-616411
-616400
-616399
-616398
-616389
-616321
-616320
-616297
-616293
-616277
-616277
-616249
-616241
-616222
-616204
-616202
-616200
-616138
-616126
-616124
-616068
-616061
-616017
-615967
-615953
-615932
-615924
-615904
-615888
-615871
-615698
-615697
-615693
-615675
-615601
-615593
-615570
-615545
-615536
-615532
-615523
-615520
-615504
-615498
-615489
-615461
-615439
-615418
-615404
-615402
-615396
-615348
-615314
-615296
-615293
-615292
-615289
-615278
-615233
-615220
-615214
-615190
-615154
-615148
-615132
-615089
-615086
-615078
-615067
-615055
-615053
-615042
-614994
-614945
-614932
-614929
-614919
-614894
-614841
-614835
-614833
-614787
-614776
-614750
-614744
-614728
-614713
-614701
-614685
-614670
-614668
-614649
-614635
-614626
-614604
-614599
-614560
-614557
-614514
-614479
-614448
-614425
-614390
-614389
-614388
-614382
-614379
-614374
-614351
-614327
-614312
-614278
-614256
-614244
-614233
-614216
-614205
-614203
-614199
-614195
-614181
-614180
-614150
-614115
-614106
-614082
-614044
-614032
-614021
-614005
-613944
-613936
-613924
-613832
-613823
-613812
-613742
-613742
-613732
-613710
-613690
-613678
-613663
-613612
-613602
-613587
-613491
-613490
-613468
-613400
-613400
-613394
-613382
-613381
-613331
-613263
-613236
-613227
-613191
-613184
-613183
-613177
-613167
-613147
-613131
-613131
-613124
-613113
-613113
-613098
-613040
-613012
-613002
-612996
-612989
-612935
-612931
-612924
-612904
-612885
-612863
-612844
-612831
-612814
-612812
-612812
-612758
-612750
-612750
-612686
-612685
-612674
-612656
-612593
-612589
-612576
-612566
-612561
-612501
-612493
-612482
-612447
-612430
-612417
-612381
-612372
-612298
-612279
-612279
-612219
-612210
-612206
-612191
-612171
-612133
-612085
-612082
-612066
-612041
-612010
-612001
-611999
-611997
-611988
-611966
-611952
-611934
-611930
-611851
-611850
-611835
-611829
-611809
-611798
-611775
-611771
-611751
-611713
-611687
-611687
-611658
-611654
-611650
-611641
-611619
-611617
-611604
-611603
-611596
-611539
-611539
-611535
-611503
-611478
-611472
-611464
-611413
-611353
-611322
-611318
-611290
-611265
-611230
-611229
-611204
-611167
-611152
-611148
-611135
-611080
-611037
-611027
-611009
-610997
-610976
-610931
-610918
-610858
-610838
-610809
-610804
-610761
-610737
-610734
-610722
-610669
-610653
-610646
-610602
-610528
-610521
-610489
-610465
-610464
-610455
-610424
-610424
-610410
-610404
-610367
-610348
-610325
-610269
-610257
-610211
-610191
-610168
-610161
-610154
-610148
-610113
-610094
-610060
-610055
-610038
-610010
-609993
-609978
-609940
-609914
-609898
-609894
-609868
-609854
-609847
-609832
-609831
-609828
-609802
-609738
-609734
-609714
-609694
-609675
-609630
-609577
-609558
-609528
-609484
-609464
-609388
-609326
-609308
-609291
-609251
-609208
-609203
-609156
-609132
-609124
-609106
-609075
-609031
-609026
-608982
-608930
-608916
-608912
-608892
-608887
-608881
-608876
-608858
-608855
-608855
-608805
-608780
-608740
-608732
-608730
-608710
-608670
-608624
-608617
-608599
-608581
-608550
-608532
-608518
-608515
-608466
-608464
-608461
-608445
-608415
-608410
-608405
-608326
-608320
-608285
-608266
-608262
-608252
-608252
-608232
-608206
-608149
-608056
-608050
-608041
-608023
-608010
-607948
-607931
-607918
-607882
-607881
-607877
-607861
-607856
-607851
-607819
-607800
-607789
-607788
-607772
-607763
-607737
-607717
-607700
-607690
-607689
-607675
-607649
-607611
-607605
-607601
-607540
-607466
-607452
-607443
-607443
-607419
-607406
-607396
-607377
-607358
-607251
-607248
-607225
-607207
-607147
-607141
-607129
-607083
-607082
-607070
-607049
-607032
-606975
-606961
-606953
-606922
-606917
-606894
-606893
-606871
-606844
-606840
-606839
-606809
-606799
-606783
-606779
-606772
-606766
-606743
-606741
-606730
-606722
-606713
-606706
-606654
-606639
-606605
-606583
-606573
-606471
-606470
-606467
-606415
-606404
-606380
-606370
-606365
-606358
-606315
-606290
-606263
-606238
-606225
-606149
-606136
-606109
-606092
-606092
-606091
-606076
-606038
-606001
-605977
-605954
-605944
-605928
-605926
-605900
-605894
-605893
-605861
-605856
-605843
-605843
-605806
-605804
-605793
-605723
-605722
-605701
-605700
-605660
-605645
-605613
-605613
-605597
-605590
-605570
-605542
-605537
-605495
-605490
-605437
-605426
-605422
-605409
-605394
-605350
-605349
-605338
-605306
-605276
-605253
-605226
-605201
-605185
-605170
-605162
-605121
-605119
-605114
-605113
-605101
-605079
-605077
-605071
-605060
-605032
-605024
-605019
-604983
-604970
-604964
-604943
-604923
-604911
-604851
-604808
-604804
-604792
-604790
-604780
-604768
-604760
-604757
-604741
-604739
-604731
-604721
-604713
-604702
-604691
-604680
-604676
-604654
-604631
-604606
-604591
-604583
-604577
-604559
-604541
-604483
-604470
-604456
-604443
-604376
-604359
-604353
-604342
-604336
-604316
-604304
-604297
-604292
-604204
-604199
-604182
-604143
-604127
-604126
-604115
-604056
-604029
-604001
-603976
-603975
-603955
-603898
-603875
-603864
-603862
-603852
-603843
-603836
-603780
-603757
-603730
-603720
-603675
-603657
-603655
-603648
-603643
-603630
-603605
-603587
-603575
-603570
-603460
-603406
-603385
-603349
-603348
-603346
-603310
-603237
-603217
-603216
-603204
-603189
-603175
-603148
-603130
-603081
-603076
-603076
-603075
-603064
-603048
-603030
-603011
-602971
-602925
-602921
-602871
-602869
-602847
-602835
-602790
-602784
-602761
-602744
-602736
-602714
-602706
-602647
-602612
-602607
-602581
-602521
-602487
-602454
-602443
-602433
-602424
-602420
-602398
-602395
-602379
-602348
-602344
-602341
-602323
-602318
-602261
-602234
-602162
-602155
-602131
-602110
-602044
-602041
-602010
-601989
-601956
-601942
-601893
-601873
-601819
-601812
-601780
-601751
-601750
-601738
-601734
-601723
-601662
-601661
-601653
-601582
-601572
-601528
-601526
-601514
-601507
-601480
-601463
-601458
-601445
-601440
-601417
-601407
-601399
-601384
-601379
-601370
-601369
-601368
-601359
-601354
-601320
-601293
-601282
-601277
-601236
-601216
-601210
-601194
-601178
-601138
-601112
-601085
-601085
-601084
-601060
-601043
-601038
-601020
-601020
-600983
-600953
-600951
-600936
-600885
-600884
-600860
-600859
-600828
-600825
-600820
-600772
-600764
-600759
-600754
-600739
-600735
-600722
-600676
-600673
-600659
-600585
-600584
-600562
-600556
-600555
-600522
-600511
-600462
-600450
-600418
-600381
-600338
-600338
-600316
-600305
-600302
-600295
-600274
-600255
-600244
-600221
-600188
-600186
-600150
-600098
-600071
-600071
-600049
-600041
-600002
-599982
-599969
-599963
-599962
-599822
-599811
-599793
-599764
-599745
-599738
-599711
-599695
-599688
-599656
-599650
-599638
-599537
-599512
-599487
-599485
-599470
-599463
-599446
-599442
-599373
-599358
-599332
-599300
-599294
-599263
-599253
-599247
-599229
-599223
-599202
-599192
-599190
-599172
-599133
-599072
-599038
-599033
-599005
-598967
-598937
-598932
-598920
-598920
-598914
-598913
-598905
-598899
-598877
-598870
-598865
-598815
-598810
-598798
-598795
-598765
-598698
-598676
-598655
-598635
-598613
-598574
-598564
-598547
-598461
-598450
-598436
-598423
-598401
-598385
-598379
-598366
-598359
-598359
-598356
-598334
-598330
-598323
-598312
-598304
-598292
-598277
-598249
-598234
-598233
-598193
-598159
-598126
-598101
-598081
-598059
-598019
-598008
-597995
-597990
-597971
-597952
-597925
-597903
-597899
-597863
-597837
-597820
-597780
-597757
-597688
-597682
-597643
-597641
-597578
-597537
-597489
-597483
-597459
-597438
-597429
-597412
-597400
-597395
-597339
-597312
-597294
-597286
-597284
-597249
-597224
-597197
-597178
-597148
-597145
-597124
-597103
-597097
-597092
-597085
-597062
-597054
-597048
-597042
-597041
-597031
-597018
-596998
-596985
-596963
-596958
-596913
-596912
-596880
-596877
-596873
-596850
-596810
-596798
-596797
-596792
-596767
-596766
-596743
-596738
-596689
-596660
-596633
-596596
-596562
-596557
-596451
-596443
-596439
-596415
-596385
-596329
-596281
-596278
-596267
-596265
-596251
-596241
-596232
-596217
-596192
-596174
-596170
-596167
-596159
-596158
-596139
-596122
-596114
-596110
-596105
-596093
-595983
-595978
-595977
-595976
-595959
-595877
-595874
-595860
-595844
-595823
-595820
-595774
-595752
-595737
-595716
-595693
-595676
-595659
-595649
-595632
-595621
-595599
-595595
-595555
-595553
-595500
-595479
-595479
-595464
-595452
-595448
-595396
-595367
-595360
-595329
-595326
-595313
-595276
-595249
-595166
-595156
-595152
-595150
-595148
-595128
-595101
-595094
-595088
-595058
-595043
-595001
-594979
-594934
-594898
-594887
-594878
-594844
-594828
-594799
-594781
-594753
-594723
-594710
-594646
-594608
-594566
-594565
-594558
-594557
-594557
-594550
-594540
-594526
-594489
-594486
-594453
-594450
-594439
-594402
-594398
-594397
-594391
-594377
-594376
-594336
-594316
-594309
-594282
-594248
-594203
-594189
-594131
-594126
-594122
-594099
-594082
-594076
-594064
-594059
-594041
-594014
-594004
-593974
-593949
-593933
-593929
-593911
-593896
-593886
-593881
-593862
-593826
-593815
-593787
-593785
-593758
-593737
-593719
-593678
-593648
-593636
-593629
-593609
-593599
-593576
-593569
-593532
-593484
-593462
-593454
-593448
-593436
-593414
-593386
-593385
-593341
-593339
-593337
-593325
-593322
-593266
-593257
-593253
-593247
-593230
-593230
-593212
-593183
-593153
-593141
-593132
-593119
-593114
-593091
-593068
-593053
-593052
-592988
-592957
-592899
-592886
-592883
-592864
-592861
-592790
-592786
-592750
-592745
-592744
-592699
-592660
-592599
-592592
-592586
-592569
-592565
-592560
-592549
-592534
-592532
-592529
-592499
-592497
-592383
-592369
-592363
-592351
-592348
-592343
-592343
-592337
-592317
-592314
-592306
-592285
-592268
-592241
-592239
-592228
-592185
-592185
-592170
-592167
-592157
-592155
-592154
-592078
-592043
-592010
-592008
-591998
-591993
-591991
-591990
-591912
-591911
-591908
-591880
-591825
-591822
-591807
-591800
-591795
-591742
-591704
-591676
-591675
-591664
-591654
-591633
-591631
-591617
-591599
-591530
-591510
-591509
-591499
-591483
-591458
-591453
-591452
-591432
-591417
-591410
-591361
-591350
-591311
-591292
-591265
-591246
-591233
-591231
-591203
-591202
-591192
-591186
-591158
-591155
-591150
-591142
-591047
-591035
-591029
-591009
-591005
-590975
-590958
-590945
-590943
-590938
-590936
-590923
-590914
-590869
-590850
-590817
-590803
-590753
-590753
-590737
-590709
-590692
-590650
-590638
-590633
-590626
-590623
-590595
-590584
-590567
-590564
-590555
-590521
-590510
-590494
-590491
-590437
-590437
-590422
-590380
-590379
-590289
-590268
-590236
-590233
-590217
-590211
-590199
-590154
-590132
-590121
-590119
-590096
-590068
-590025
-590022
-589937
-589911
-589909
-589898
-589898
-589890
-589835
-589767
-589762
-589754
-589752
-589727
-589720
-589704
-589693
-589686
-589657
-589648
-589637
-589633
-589628
-589612
-589595
-589576
-589559
-589487
-589419
-589320
-589312
-589294
-589251
-589164
-589158
-589154
-589136
-589127
-589102
-589094
-589082
-589081
-589081
-589065
-589050
-589038
-589026
-589019
-588968
-588955
-588950
-588948
-588938
-588874
-588847
-588840
-588832
-588822
-588811
-588804
-588786
-588782
-588760
-588750
-588713
-588709
-588665
-588640
-588634
-588570
-588545
-588531
-588518
-588463
-588429
-588426
-588421
-588373
-588352
-588340
-588305
-588251
-588242
-588239
-588218
-588203
-588190
-588117
-588100
-588079
-588045
-588040
-588038
-588014
-587997
-587987
-587979
-587975
-587956
-587956
-587936
-587933
-587928
-587924
-587889
-587844
-587841
-587826
-587817
-587806
-587795
-587731
-587728
-587724
-587723
-587710
-587699
-587676
-587646
-587626
-587625
-587608
-587573
-587547
-587545
-587495
-587492
-587479
-587472
-587418
-587330
-587323
-587320
-587308
-587286
-587252
-587248
-587237
-587174
-587167
-587155
-587078
-586991
-586981
-586956
-586916
-586915
-586901
-586890
-586870
-586870
-586847
-586821
-586813
-586812
-586805
-586796
-586789
-586754
-586754
-586744
-586732
-586727
-586705
-586686
-586683
-586678
-586677
-586674
-586673
-586672
-586602
-586574
-586561
-586542
-586535
-586533
-586501
-586498
-586480
-586469
-586448
-586436
-586433
-586426
-586422
-586417
-586408
-586386
-586371
-586351
-586349
-586348
-586325
-586319
-586302
-586302
-586282
-586253
-586241
-586235
-586226
-586169
-586166
-586165
-586159
-586156
-586007
-586003
-585975
-585932
-585931
-585907
-585896
-585880
-585873
-585862
-585846
-585833
-585806
-585792
-585724
-585664
-585647
-585621
-585607
-585565
-585562
-585527
-585525
-585498
-585487
-585477
-585474
-585439
-585419
-585363
-585352
-585343
-585313
-585310
-585300
-585300
-585297
-585272
-585255
-585254
-585244
-585234
-585223
-585213
-585194
-585189
-585177
-585164
-585122
-585105
-585099
-585052
-585032
-585016
-585011
-585007
-584997
-584985
-584983
-584971
-584964
-584957
-584952
-584893
-584853
-584851
-584818
-584815
-584785
-584777
-584768
-584762
-584758
-584721
-584719
-584680
-584671
-584656
-584637
-584574
-584547
-584495
-584460
-584459
-584456
-584398
-584385
-584373
-584367
-584325
-584279
-584277
-584266
-584260
-584246
-584231
-584218
-584216
-584152
-584144
-584137
-584121
-584119
-584100
-584081
-584064
-584053
-584049
-583986
-583972
-583960
-583947
-583935
-583929
-583895
-583894
-583890
-583862
-583841
-583719
-583704
-583682
-583672
-583647
-583611
-583590
-583574
-583545
-583516
-583467
-583440
-583415
-583410
-583409
-583384
-583364
-583352
-583327
-583305
-583303
-583227
-583218
-583213
-583212
-583181
-583169
-583167
-583166
-583149
-583121
-583094
-583061
-583050
-583027
-582999
-582987
-582976
-582963
-582944
-582923
-582898
-582898
-582885
-582878
-582872
-582871
-582861
-582861
-582857
-582830
-582830
-582824
-582819
-582797
-582764
-582741
-582732
-582727
-582719
-582685
-582677
-582657
-582656
-582645
-582572
-582558
-582545
-582539
-582509
-582495
-582493
-582438
-582385
-582363
-582354
-582351
-582349
-582344
-582271
-582270
-582243
-582209
-582189
-582179
-582173
-582169
-582134
-582113
-582108
-582107
-582089
-582087
-582053
-582004
-582001
-581928
-581916
-581907
-581900
-581852
-581812
-581807
-581711
-581708
-581703
-581696
-581673
-581659
-581656
-581633
-581608
-581599
-581595
-581556
-581531
-581531
-581514
-581510
-581501
-581495
-581491
-581474
-581393
-581386
-581329
-581326
-581281
-581221
-581215
-581193
-581191
-581183
-581147
-581061
-581009
-581000
-580970
-580968
-580966
-580950
-580949
-580934
-580932
-580921
-580906
-580877
-580859
-580842
-580839
-580818
-580817
-580775
-580732
-580672
-580654
-580646
-580641
-580606
-580547
-580523
-580496
-580483
-580438
-580428
-580375
-580374
-580367
-580287
-580271
-580251
-580199
-580161
-580160
-580156
-580154
-580140
-580137
-580109
-580107
-580077
-579928
-579885
-579870
-579860
-579832
-579802
-579774
-579768
-579767
-579764
-579743
-579727
-579713
-579705
-579672
-579643
-579639
-579612
-579610
-579603
-579595
-579586
-579583
-579556
-579544
-579531
-579521
-579506
-579487
-579449
-579424
-579404
-579376
-579351
-579323
-579315
-579311
-579294
-579292
-579273
-579236
-579218
-579159
-579137
-579128
-579120
-579100
-579088
-579068
-579053
-579046
-579044
-579032
-578993
-578990
-578979
-578971
-578969
-578949
-578941
-578928
-578906
-578885
-578875
-578861
-578833
-578793
-578778
-578768
-578741
-578732
-578696
-578693
-578667
-578658
-578628
-578607
-578595
-578593
-578591
-578561
-578554
-578553
-578521
-578506
-578483
-578463
-578389
-578386
-578370
-578353
-578304
-578303
-578253
-578246
-578149
-578142
-578132
-578127
-578119
-578077
-578030
-577978
-577958
-577953
-577952
-577936
-577935
-577912
-577910
-577860
-577848
-577830
-577818
-577817
-577770
-577759
-577757
-577754
-577745
-577741
-577736
-577726
-577717
-577714
-577687
-577654
-577645
-577619
-577593
-577571
-577563
-577547
-577538
-577500
-577471
-577468
-577467
-577343
-577331
-577291
-577289
-577247
-577229
-577218
-577201
-577201
-577182
-577130
-577125
-577124
-577063
-577047
-577037
-576991
-576982
-576978
-576972
-576972
-576933
-576927
-576901
-576894
-576889
-576882
-576877
-576877
-576870
-576865
-576820
-576812
-576810
-576807
-576731
-576709
-576689
-576670
-576653
-576626
-576573
-576530
-576517
-576508
-576507
-576439
-576431
-576420
-576400
-576397
-576377
-576294
-576278
-576258
-576246
-576235
-576231
-576221
-576195
-576185
-576174
-576082
-576050
-576012
-575996
-575968
-575925
-575893
-575841
-575813
-575805
-575781
-575774
-575770
-575728
-575726
-575711
-575687
-575670
-575649
-575630
-575622
-575614
-575594
-575546
-575519
-575489
-575476
-575434
-575422
-575408
-575367
-575346
-575327
-575298
-575280
-575271
-575270
-575267
-575249
-575242
-575242
-575204
-575193
-575179
-575168
-575102
-575090
-575066
-575038
-574920
-574918
-574870
-574865
-574832
-574801
-574738
-574716
-574695
-574676
-574670
-574650
-574636
-574633
-574619
-574583
-574564
-574534
-574503
-574466
-574466
-574421
-574420
-574417
-574403
-574345
-574328
-574321
-574319
-574260
-574248
-574234
-574135
-574118
-574117
-574073
-574072
-574011
-573957
-573935
-573933
-573926
-573921
-573898
-573897
-573889
-573871
-573835
-573796
-573792
-573744
-573736
-573720
-573674
-573630
-573629
-573623
-573610
-573581
-573570
-573556
-573541
-573508
-573439
-573413
-573408
-573362
-573339
-573338
-573329
-573318
-573295
-573292
-573288
-573287
-573238
-573228
-573174
-573156
-573154
-573099
-573096
-573071
-573068
-573062
-573053
-573052
-573020
-573004
-572991
-572977
-572966
-572961
-572940
-572932
-572906
-572898
-572892
-572844
-572824
-572824
-572809
-572796
-572774
-572745
-572732
-572717
-572712
-572703
-572700
-572677
-572673
-572671
-572664
-572663
-572660
-572634
-572629
-572599
-572575
-572567
-572548
-572522
-572503
-572433
-572427
-572301
-572299
-572285
-572225
-572164
-572157
-572057
-572057
-572038
-572028
-572002
-571972
-571933
-571926
-571916
-571857
-571847
-571843
-571837
-571797
-571789
-571779
-571743
-571720
-571692
-571655
-571641
-571621
-571615
-571601
-571587
-571569
-571546
-571542
-571532
-571484
-571428
-571419
-571396
-571389
-571374
-571357
-571352
-571337
-571330
-571328
-571296
-571268
-571267
-571254
-571251
-571217
-571187
-571150
-571116
-571104
-571059
-571044
-571044
-571042
-571019
-570982
-570973
-570968
-570948
-570925
-570904
-570893
-570844
-570828
-570814
-570787
-570762
-570682
-570680
-570674
-570643
-570642
-570621
-570610
-570590
-570574
-570538
-570509
-570508
-570469
-570441
-570403
-570386
-570383
-570314
-570304
-570284
-570279
-570187
-570184
-570176
-570146
-570139
-570131
-570121
-570111
-570079
-570072
-570055
-570051
-570050
-570027
-570015
-569985
-569978
-569966
-569946
-569941
-569941
-569899
-569893
-569884
-569875
-569873
-569865
-569848
-569844
-569837
-569781
-569767
-569755
-569735
-569670
-569662
-569635
-569610
-569576
-569502
-569495
-569421
-569408
-569405
-569392
-569376
-569353
-569344
-569335
-569235
-569230
-569218
-569211
-569144
-569128
-569090
-569086
-569048
-569017
-568993
-568987
-568981
-568952
-568913
-568889
-568857
-568856
-568850
-568835
-568825
-568823
-568801
-568799
-568757
-568756
-568726
-568710
-568700
-568666
-568648
-568636
-568630
-568613
-568607
-568599
-568512
-568455
-568443
-568442
-568426
-568348
-568305
-568292
-568273
-568224
-568209
-568205
-568194
-568181
-568129
-568123
-568118
-568097
-568079
-568055
-568054
-568048
-568042
-568008
-567930
-567928
-567926
-567889
-567884
-567859
-567849
-567825
-567797
-567768
-567757
-567714
-567685
-567679
-567640
-567618
-567600
-567507
-567492
-567491
-567486
-567422
-567420
-567413
-567411
-567378
-567314
-567310
-567305
-567275
-567274
-567253
-567252
-567201
-567170
-567168
-567168
-567099
-567065
-567042
-567033
-566955
-566944
-566925
-566920
-566914
-566880
-566863
-566850
-566845
-566842
-566801
-566786
-566727
-566605
-566575
-566527
-566491
-566459
-566440
-566411
-566398
-566383
-566363
-566319
-566313
-566285
-566267
-566263
-566259
-566243
-566203
-566164
-566150
-566123
-566120
-566099
-566042
-566035
-566009
-565996
-565975
-565948
-565931
-565919
-565913
-565896
-565855
-565847
-565840
-565835
-565798
-565788
-565766
-565749
-565692
-565688
-565673
-565657
-565654
-565653
-565629
-565615
-565601
-565559
-565525
-565505
-565497
-565497
-565459
-565455
-565427
-565407
-565403
-565381
-565343
-565304
-565295
-565279
-565256
-565241
-565214
-565206
-565137
-565123
-565088
-565085
-565053
-565052
-565049
-564999
-564984
-564974
-564941
-564900
-564866
-564816
-564791
-564770
-564750
-564723
-564688
-564676
-564624
-564617
-564582
-564569
-564554
-564546
-564531
-564521
-564509
-564498
-564471
-564467
-564464
-564444
-564398
-564395
-564393
-564386
-564368
-564364
-564340
-564340
-564329
-564320
-564279
-564273
-564268
-564266
-564236
-564235
-564228
-564208
-564158
-564155
-564138
-564091
-564064
-563992
-563991
-563910
-563886
-563885
-563876
-563866
-563857
-563842
-563805
-563788
-563773
-563746
-563735
-563700
-563657
-563603
-563600
-563569
-563464
-563433
-563431
-563408
-563407
-563374
-563347
-563336
-563316
-563313
-563306
-563264
-563210
-563203
-563201
-563190
-563183
-563168
-563153
-563122
-563098
-563050
-563049
-563025
-562992
-562990
-562985
-562975
-562967
-562916
-562887
-562884
-562877
-562864
-562859
-562843
-562828
-562791
-562773
-562723
-562705
-562623
-562578
-562570
-562558
-562547
-562508
-562477
-562469
-562407
-562367
-562358
-562317
-562284
-562270
-562211
-562204
-562192
-562157
-562154
-562154
-562152
-562127
-562103
-562043
-562040
-562031
-562008
-561982
-561973
-561967
-561936
-561934
-561930
-561917
-561897
-561895
-561867
-561866
-561866
-561841
-561833
-561820
-561819
-561802
-561775
-561756
-561691
-561691
-561674
-561674
-561601
-561596
-561593
-561566
-561536
-561514
-561511
-561489
-561477
-561451
-561437
-561414
-561391
-561334
-561316
-561307
-561275
-561256
-561254
-561221
-561206
-561169
-561137
-561109
-561101
-561076
-561001
-560986
-560985
-560983
-560969
-560959
-560925
-560916
-560915
-560907
-560901
-560884
-560884
-560846
-560829
-560820
-560756
-560739
-560738
-560737
-560732
-560713
-560710
-560700
-560675
-560606
-560550
-560544
-560499
-560446
-560442
-560440
-560433
-560415
-560404
-560363
-560349
-560348
-560339
-560281
-560246
-560238
-560151
-560126
-560122
-560063
-560054
-560035
-559986
-559967
-559951
-559906
-559895
-559846
-559844
-559835
-559835
-559821
-559790
-559774
-559742
-559718
-559704
-559672
-559629
-559616
-559604
-559569
-559538
-559535
-559534
-559524
-559520
-559512
-559491
-559488
-559474
-559424
-559373
-559362
-559360
-559347
-559294
-559257
-559223
-559197
-559106
-559088
-559076
-559055
-559040
-559011
-558991
-558991
-558965
-558952
-558951
-558912
-558907
-558867
-558866
-558850
-558848
-558824
-558820
-558811
-558806
-558789
-558787
-558758
-558751
-558749
-558719
-558688
-558666
-558652
-558629
-558626
-558625
-558620
-558610
-558606
-558597
-558580
-558575
-558529
-558476
-558387
-558344
-558296
-558271
-558260
-558243
-558243
-558241
-558238
-558234
-558231
-558208
-558198
-558170
-558106
-558100
-558058
-558040
-558032
-558016
-558007
-558004
-557991
-557979
-557932
-557927
-557919
-557918
-557899
-557878
-557869
-557862
-557853
-557850
-557841
-557808
-557785
-557782
-557754
-557750
-557729
-557726
-557674
-557667
-557664
-557650
-557634
-557612
-557604
-557597
-557590
-557552
-557538
-557518
-557509
-557501
-557494
-557451
-557444
-557412
-557408
-557389
-557352
-557323
-557307
-557270
-557256
-557237
-557172
-557145
-557093
-557086
-557027
-557003
-556997
-556994
-556972
-556927
-556819
-556811
-556808
-556806
-556780
-556768
-556768
-556723
-556719
-556681
-556657
-556562
-556549
-556535
-556499
-556436
-556416
-556358
-556321
-556321
-556305
-556273
-556271
-556198
-556197
-556185
-556176
-556136
-556117
-556109
-556104
-556096
-556076
-556005
-556005
-555971
-555953
-555881
-555859
-555821
-555745
-555728
-555717
-555708
-555689
-555687
-555666
-555590
-555588
-555564
-555554
-555541
-555518
-555444
-555439
-555405
-555391
-555380
-555373
-555370
-555316
-555285
-555283
-555267
-555252
-555239
-555210
-555134
-555117
-555086
-555065
-555055
-554965
-554941
-554918
-554915
-554899
-554860
-554832
-554801
-554788
-554784
-554781
-554777
-554768
-554757
-554756
-554723
-554701
-554623
-554597
-554594
-554593
-554582
-554569
-554498
-554487
-554472
-554436
-554433
-554433
-554419
-554411
-554393
-554366
-554347
-554342
-554309
-554301
-554245
-554240
-554225
-554218
-554204
-554194
-554193
-554175
-554149
-554133
-554127
-554099
-554097
-554080
-554044
-553990
-553948
-553941
-553919
-553884
-553855
-553825
-553799
-553796
-553689
-553649
-553612
-553607
-553596
-553574
-553561
-553560
-553510
-553502
-553496
-553486
-553467
-553399
-553383
-553358
-553352
-553348
-553298
-553294
-553288
-553248
-553228
-553216
-553207
-553190
-553185
-553115
-553113
-553111
-553087
-553066
-553065
-553062
-553027
-553021
-552994
-552960
-552953
-552940
-552937
-552913
-552877
-552876
-552869
-552863
-552855
-552838
-552834
-552823
-552822
-552815
-552814
-552805
-552782
-552770
-552760
-552741
-552709
-552690
-552675
-552673
-552670
-552666
-552642
-552639
-552629
-552624
-552613
-552597
-552579
-552532
-552510
-552465
-552463
-552455
-552440
-552379
-552373
-552329
-552329
-552320
-552258
-552230
-552106
-552094
-552015
-551964
-551949
-551934
-551926
-551899
-551833
-551772
-551755
-551752
-551744
-551715
-551698
-551691
-551675
-551664
-551652
-551607
-551590
-551557
-551556
-551502
-551477
-551461
-551432
-551423
-551403
-551381
-551379
-551358
-551355
-551349
-551344
-551318
-551282
-551273
-551273
-551271
-551255
-551243
-551237
-551222
-551201
-551173
-551171
-551137
-551078
-551022
-551019
-551009
-551002
-550955
-550930
-550918
-550912
-550904
-550876
-550858
-550851
-550850
-550819
-550817
-550779
-550766
-550754
-550716
-550711
-550705
-550693
-550646
-550637
-550632
-550618
-550607
-550605
-550571
-550532
-550526
-550503
-550491
-550460
-550428
-550422
-550409
-550372
-550351
-550336
-550336
-550326
-550306
-550298
-550298
-550298
-550277
-550270
-550267
-550246
-550243
-550238
-550193
-550193
-550162
-550126
-550116
-550103
-550089
-550086
-550083
-550076
-550016
-550015
-550012
-550012
-550004
-550003
-549994
-549984
-549960
-549920
-549916
-549897
-549891
-549881
-549876
-549865
-549849
-549819
-549809
-549795
-549787
-549777
-549772
-549714
-549714
-549706
-549706
-549691
-549631
-549587
-549562
-549540
-549527
-549503
-549501
-549485
-549483
-549449
-549447
-549443
-549426
-549413
-549412
-549367
-549359
-549356
-549345
-549344
-549323
-549319
-549310
-549278
-549273
-549263
-549228
-549151
-549143
-549118
-549105
-549105
-549097
-549049
-549045
-548993
-548928
-548926
-548909
-548888
-548886
-548881
-548860
-548826
-548819
-548719
-548685
-548683
-548641
-548610
-548610
-548551
-548529
-548483
-548479
-548433
-548429
-548386
-548382
-548373
-548365
-548360
-548336
-548320
-548282
-548214
-548180
-548177
-548167
-548161
-548149
-548145
-548143
-548137
-548132
-548125
-548117
-548106
-548063
-548041
-548041
-548012
-548000
-547935
-547934
-547916
-547898
-547793
-547778
-547747
-547745
-547741
-547671
-547585
-547574
-547570
-547555
-547544
-547501
-547498
-547495
-547453
-547452
-547428
-547409
-547402
-547374
-547371
-547367
-547365
-547351
-547332
-547310
-547242
-547201
-547196
-547124
-547048
-547042
-547042
-547018
-547015
-547003
-546988
-546975
-546960
-546949
-546925
-546912
-546897
-546836
-546828
-546805
-546798
-546763
-546755
-546736
-546735
-546733
-546713
-546685
-546632
-546629
-546611
-546589
-546587
-546536
-546534
-546516
-546491
-546483
-546442
-546400
-546371
-546348
-546348
-546333
-546331
-546307
-546274
-546254
-546241
-546199
-546192
-546177
-546161
-546155
-546155
-546145
-546136
-546123
-546081
-546047
-546046
-546006
-546006
-545977
-545876
-545874
-545755
-545747
-545742
-545733
-545720
-545701
-545699
-545663
-545652
-545643
-545608
-545604
-545603
-545592
-545563
-545557
-545548
-545515
-545503
-545433
-545367
-545308
-545272
-545268
-545235
-545223
-545206
-545198
-545176
-545137
-545108
-545058
-545052
-545051
-544983
-544980
-544888
-544882
-544873
-544844
-544831
-544826
-544746
-544742
-544736
-544626
-544612
-544603
-544597
-544580
-544529
-544518
-544491
-544460
-544431
-544424
-544405
-544348
-544313
-544307
-544234
-544190
-544176
-544161
-544159
-544151
-544127
-544107
-544078
-544067
-544024
-544021
-544016
-543967
-543962
-543938
-543929
-543928
-543918
-543914
-543850
-543845
-543815
-543809
-543804
-543800
-543790
-543708
-543708
-543700
-543693
-543688
-543679
-543663
-543654
-543642
-543626
-543551
-543551
-543543
-543478
-543470
-543396
-543385
-543379
-543375
-543364
-543363
-543338
-543336
-543322
-543311
-543289
-543277
-543222
-543128
-543121
-543083
-543065
-543063
-543033
-543019
-543017
-543008
-542999
-542947
-542930
-542929
-542927
-542875
-542863
-542845
-542829
-542829
-542823
-542807
-542794
-542783
-542766
-542753
-542728
-542693
-542666
-542641
-542626
-542582
-542577
-542546
-542543
-542539
-542530
-542520
-542496
-542493
-542486
-542446
-542414
-542391
-542351
-542305
-542287
-542281
-542278
-542276
-542260
-542230
-542220
-542206
-542200
-542185
-542160
-542138
-542090
-542079
-542058
-542024
-542023
-541994
-541986
-541914
-541911
-541910
-541856
-541821
-541789
-541770
-541768
-541750
-541712
-541689
-541666
-541664
-541632
-541619
-541602
-541574
-541539
-541519
-541511
-541501
-541475
-541475
-541463
-541434
-541425
-541419
-541408
-541326
-541300
-541273
-541245
-541243
-541191
-541191
-541149
-541077
-541037
-540959
-540954
-540941
-540923
-540902
-540888
-540883
-540832
-540832
-540814
-540801
-540797
-540772
-540725
-540724
-540693
-540687
-540680
-540667
-540660
-540659
-540627
-540582
-540565
-540537
-540531
-540493
-540434
-540408
-540363
-540361
-540325
-540301
-540276
-540263
-540235
-540231
-540226
-540224
-540220
-540196
-540195
-540153
-540146
-540117
-540109
-540079
-540066
-540001
-539959
-539953
-539950
-539945
-539941
-539905
-539852
-539848
-539806
-539692
-539689
-539683
-539682
-539681
-539663
-539647
-539644
-539638
-539587
-539582
-539521
-539518
-539514
-539447
-539417
-539406
-539402
-539395
-539391
-539380
-539361
-539352
-539272
-539270
-539262
-539260
-539257
-539234
-539178
-539159
-539153
-539153
-539146
-539098
-539092
-539089
-539079
-539079
-539067
-539055
-539034
-539020
-539009
-539008
-538993
-538970
-538970
-538967
-538962
-538960
-538948
-538939
-538934
-538916
-538882
-538877
-538871
-538870
-538860
-538827
-538825
-538822
-538812
-538784
-538756
-538739
-538733
-538702
-538659
-538640
-538625
-538623
-538621
-538592
-538579
-538551
-538512
-538503
-538501
-538493
-538491
-538479
-538473
-538445
-538442
-538389
-538373
-538363
-538316
-538205
-538183
-538169
-538117
-538110
-538108
-538106
-538104
-538078
-538052
-538036
-538012
-538003
-537962
-537954
-537948
-537917
-537855
-537851
-537828
-537825
-537815
-537765
-537708
-537633
-537625
-537620
-537591
-537585
-537579
-537568
-537556
-537535
-537526
-537525
-537503
-537479
-537386
-537369
-537365
-537328
-537287
-537268
-537258
-537235
-537219
-537178
-537164
-537150
-537150
-537141
-537098
-537092
-537084
-537021
-536953
-536942
-536911
-536859
-536851
-536850
-536830
-536810
-536772
-536713
-536640
-536625
-536592
-536583
-536537
-536508
-536498
-536424
-536377
-536332
-536264
-536263
-536209
-536204
-536204
-536184
-536182
-536172
-536125
-536115
-536104
-536077
-535993
-535938
-535931
-535921
-535912
-535883
-535881
-535856
-535793
-535752
-535752
-535702
-535693
-535682
-535669
-535665
-535620
-535551
-535550
-535543
-535538
-535514
-535500
-535497
-535493
-535484
-535475
-535474
-535468
-535462
-535417
-535364
-535353
-535314
-535287
-535286
-535218
-535190
-535189
-535175
-535148
-535138
-535067
-535022
-535008
-534964
-534961
-534945
-534912
-534875
-534849
-534847
-534787
-534776
-534744
-534726
-534693
-534678
-534669
-534658
-534641
-534637
-534608
-534604
-534591
-534541
-534522
-534519
-534516
-534498
-534497
-534497
-534456
-534401
-534355
-534287
-534267
-534218
-534164
-534157
-534140
-534096
-534070
-534034
-534001
-533974
-533956
-533954
-533950
-533917
-533917
-533904
-533892
-533865
-533860
-533859
-533845
-533828
-533823
-533779
-533760
-533726
-533681
-533642
-533584
-533543
-533521
-533516
-533507
-533490
-533478
-533469
-533454
-533443
-533437
-533433
-533408
-533396
-533342
-533317
-533305
-533285
-533239
-533209
-533185
-533178
-533134
-533130
-533110
-533083
-533062
-533015
-533007
-532988
-532937
-532929
-532919
-532846
-532832
-532783
-532783
-532774
-532723
-532721
-532703
-532703
-532646
-532628
-532606
-532596
-532563
-532533
-532531
-532527
-532493
-532491
-532486
-532450
-532418
-532417
-532364
-532338
-532319
-532306
-532289
-532277
-532254
-532253
-532246
-532203
-532201
-532199
-532198
-532192
-532183
-532170
-532149
-532129
-532112
-532105
-532096
-532058
-532024
-532008
-531997
-531997
-531994
-531979
-531952
-531942
-531938
-531925
-531898
-531872
-531852
-531832
-531829
-531827
-531805
-531735
-531706
-531703
-531702
-531688
-531649
-531630
-531629
-531623
-531573
-531568
-531566
-531539
-531532
-531520
-531509
-531492
-531458
-531448
-531446
-531408
-531399
-531371
-531353
-531351
-531350
-531339
-531334
-531334
-531332
-531305
-531271
-531261
-531210
-531148
-531048
-531047
-531046
-531037
-531031
-531012
-531008
-531008
-530985
-530936
-530917
-530872
-530849
-530836
-530823
-530819
-530814
-530813
-530788
-530785
-530768
-530758
-530719
-530658
-530648
-530638
-530608
-530601
-530589
-530561
-530546
-530537
-530518
-530485
-530434
-530402
-530382
-530375
-530352
-530349
-530314
-530308
-530298
-530285
-530267
-530263
-530233
-530232
-530229
-530224
-530219
-530205
-530156
-530150
-530144
-530126
-530089
-530076
-529996
-529950
-529944
-529896
-529894
-529892
-529883
-529856
-529803
-529802
-529796
-529767
-529755
-529755
-529749
-529668
-529667
-529562
-529530
-529523
-529507
-529502
-529464
-529458
-529426
-529420
-529385
-529378
-529362
-529328
-529325
-529292
-529287
-529247
-529246
-529225
-529199
-529179
-529157
-529156
-529130
-529129
-529096
-529084
-529053
-529038
-529026
-529018
-529017
-529015
-528962
-528935
-528932
-528927
-528922
-528871
-528821
-528802
-528790
-528759
-528756
-528726
-528689
-528687
-528675
-528648
-528644
-528518
-528503
-528472
-528462
-528462
-528408
-528405
-528369
-528365
-528346
-528341
-528329
-528318
-528297
-528297
-528284
-528259
-528226
-528186
-528181
-528099
-528087
-528087
-528027
-528024
-527995
-527987
-527984
-527967
-527933
-527879
-527857
-527823
-527802
-527784
-527742
-527740
-527697
-527685
-527683
-527678
-527638
-527607
-527582
-527555
-527540
-527498
-527492
-527481
-527477
-527450
-527443
-527427
-527416
-527368
-527353
-527352
-527340
-527307
-527297
-527289
-527284
-527257
-527193
-527162
-527160
-527145
-527141
-527134
-527098
-527084
-527078
-527055
-527055
-527050
-527029
-526998
-526939
-526870
-526839
-526835
-526801
-526778
-526764
-526762
-526754
-526718
-526693
-526673
-526672
-526653
-526615
-526603
-526563
-526549
-526547
-526537
-526496
-526494
-526414
-526412
-526343
-526299
-526293
-526258
-526243
-526241
-526184
-526182
-526121
-526119
-526118
-526112
-526062
-526047
-526046
-526029
-526021
-526016
-526012
-526011
-526009
-526008
-525968
-525944
-525864
-525858
-525827
-525822
-525810
-525809
-525772
-525768
-525762
-525752
-525707
-525693
-525654
-525634
-525623
-525579
-525578
-525572
-525572
-525566
-525548
-525533
-525525
-525457
-525451
-525445
-525435
-525434
-525395
-525393
-525387
-525382
-525380
-525355
-525343
-525341
-525332
-525331
-525309
-525302
-525300
-525299
-525299
-525293
-525289
-525287
-525281
-525276
-525214
-525193
-525183
-525182
-525165
-525143
-525137
-525129
-525108
-525073
-525061
-525043
-525032
-525030
-525002
-524993
-524990
-524966
-524957
-524927
-524922
-524919
-524910
-524903
-524895
-524888
-524887
-524819
-524806
-524795
-524790
-524761
-524743
-524725
-524721
-524716
-524714
-524697
-524639
-524638
-524609
-524583
-524575
-524569
-524569
-524546
-524516
-524491
-524438
-524413
-524384
-524373
-524366
-524354
-524276
-524264
-524256
-524229
-524193
-524181
-524179
-524175
-524141
-524105
-524092
-524089
-524039
-524038
-524002
-523996
-523994
-523985
-523980
-523907
-523892
-523856
-523850
-523846
-523836
-523820
-523799
-523792
-523770
-523763
-523761
-523752
-523750
-523705
-523694
-523673
-523648
-523647
-523645
-523633
-523591
-523581
-523578
-523570
-523570
-523559
-523526
-523471
-523470
-523433
-523424
-523408
-523399
-523390
-523378
-523376
-523342
-523329
-523319
-523283
-523282
-523273
-523270
-523245
-523221
-523214
-523203
-523196
-523192
-523188
-523185
-523181
-523104
-523098
-523092
-523064
-523057
-523053
-523045
-522948
-522947
-522925
-522907
-522872
-522854
-522846
-522845
-522802
-522799
-522789
-522783
-522769
-522765
-522757
-522728
-522713
-522713
-522692
-522689
-522626
-522573
-522560
-522530
-522495
-522481
-522457
-522428
-522412
-522405
-522383
-522350
-522331
-522329
-522299
-522265
-522264
-522220
-522210
-522209
-522189
-522182
-522170
-522159
-522106
-522067
-522067
-522045
-522031
-521987
-521957
-521947
-521937
-521904
-521893
-521843
-521777
-521754
-521694
-521678
-521667
-521664
-521644
-521557
-521539
-521508
-521505
-521500
-521478
-521475
-521444
-521434
-521428
-521411
-521410
-521400
-521395
-521366
-521316
-521304
-521303
-521299
-521293
-521289
-521242
-521198
-521193
-521176
-521124
-521117
-521108
-521093
-521085
-521035
-521026
-521021
-521008
-521004
-520988
-520986
-520971
-520926
-520921
-520893
-520868
-520844
-520807
-520802
-520723
-520712
-520689
-520687
-520672
-520647
-520630
-520620
-520610
-520598
-520588
-520560
-520510
-520485
-520473
-520440
-520438
-520430
-520406
-520400
-520348
-520323
-520303
-520291
-520242
-520221
-520199
-520184
-520178
-520159
-520157
-520145
-520117
-520116
-520116
-520095
-520081
-520062
-520060
-520059
-520008
-519990
-519985
-519984
-519974
-519970
-519899
-519897
-519883
-519864
-519848
-519844
-519836
-519836
-519796
-519762
-519745
-519732
-519715
-519701
-519700
-519679
-519677
-519630
-519618
-519590
-519545
-519539
-519537
-519531
-519512
-519453
-519440
-519392
-519359
-519357
-519334
-519317
-519245
-519239
-519230
-519205
-519150
-519147
-519117
-519111
-519106
-519098
-519079
-519056
-519038
-519004
-518996
-518990
-518965
-518951
-518944
-518831
-518768
-518744
-518710
-518652
-518638
-518597
-518577
-518571
-518564
-518531
-518513
-518506
-518493
-518477
-518476
-518437
-518434
-518430
-518397
-518353
-518316
-518314
-518224
-518222
-518213
-518209
-518206
-518157
-518151
-518018
-518009
-517996
-517952
-517943
-517938
-517934
-517918
-517907
-517901
-517885
-517860
-517839
-517835
-517826
-517822
-517771
-517756
-517725
-517714
-517710
-517678
-517659
-517630
-517567
-517534
-517512
-517482
-517473
-517439
-517430
-517429
-517429
-517423
-517411
-517396
-517396
-517378
-517356
-517353
-517338
-517337
-517309
-517309
-517308
-517301
-517297
-517275
-517273
-517265
-517255
-517216
-517204
-517191
-517127
-517123
-517119
-517114
-517091
-517087
-517059
-517035
-517015
-517011
-517001
-516991
-516984
-516958
-516915
-516901
-516899
-516899
-516891
-516842
-516822
-516811
-516774
-516765
-516744
-516728
-516716
-516686
-516657
-516645
-516623
-516600
-516590
-516556
-516554
-516540
-516502
-516499
-516498
-516487
-516486
-516478
-516471
-516468
-516425
-516412
-516392
-516349
-516343
-516323
-516263
-516235
-516223
-516212
-516210
-516169
-516146
-516145
-516123
-516097
-516081
-516060
-516003
-515971
-515927
-515924
-515923
-515889
-515863
-515855
-515851
-515778
-515774
-515762
-515749
-515728
-515709
-515693
-515662
-515650
-515644
-515631
-515601
-515525
-515522
-515481
-515481
-515478
-515472
-515440
-515361
-515340
-515331
-515330
-515321
-515279
-515264
-515224
-515207
-515197
-515159
-515157
-515153
-515150
-515097
-515092
-515072
-515055
-515043
-515039
-515031
-515009
-515004
-514990
-514973
-514961
-514940
-514932
-514902
-514886
-514842
-514783
-514772
-514730
-514698
-514674
-514672
-514660
-514644
-514644
-514616
-514611
-514582
-514576
-514572
-514530
-514513
-514489
-514487
-514431
-514427
-514424
-514420
-514335
-514309
-514297
-514231
-514226
-514216
-514203
-514180
-514173
-514156
-514120
-514050
-514035
-514032
-514016
-513889
-513883
-513864
-513804
-513800
-513789
-513754
-513752
-513681
-513573
-513564
-513552
-513538
-513494
-513483
-513479
-513470
-513432
-513398
-513365
-513360
-513356
-513335
-513308
-513288
-513283
-513276
-513224
-513218
-513210
-513209
-513208
-513204
-513178
-513173
-513150
-513123
-513110
-513108
-513107
-513102
-513084
-513019
-513017
-512972
-512946
-512932
-512866
-512859
-512858
-512845
-512800
-512791
-512752
-512726
-512723
-512705
-512673
-512651
-512650
-512643
-512633
-512594
-512510
-512472
-512467
-512455
-512441
-512440
-512420
-512384
-512377
-512374
-512370
-512365
-512362
-512320
-512297
-512264
-512211
-512206
-512186
-512186
-512174
-512166
-512133
-512130
-512126
-512105
-512104
-512090
-512088
-511975
-511965
-511940
-511921
-511895
-511872
-511837
-511835
-511822
-511818
-511809
-511771
-511771
-511703
-511691
-511686
-511681
-511673
-511650
-511575
-511553
-511496
-511448
-511447
-511423
-511406
-511401
-511386
-511364
-511352
-511324
-511302
-511301
-511300
-511289
-511281
-511244
-511235
-511231
-511203
-511201
-511191
-511144
-511143
-511136
-511123
-511123
-511119
-511036
-510956
-510946
-510926
-510918
-510911
-510880
-510876
-510861
-510855
-510820
-510800
-510741
-510725
-510704
-510701
-510697
-510691
-510674
-510627
-510601
-510592
-510563
-510546
-510521
-510517
-510471
-510463
-510438
-510430
-510391
-510385
-510326
-510320
-510305
-510259
-510257
-510207
-510157
-510098
-510064
-510026
-510012
-510011
-509969
-509952
-509929
-509923
-509913
-509904
-509898
-509897
-509866
-509831
-509825
-509823
-509811
-509811
-509807
-509776
-509764
-509760
-509751
-509667
-509657
-509577
-509576
-509569
-509557
-509553
-509553
-509528
-509516
-509512
-509489
-509477
-509459
-509449
-509439
-509433
-509428
-509389
-509358
-509337
-509310
-509308
-509293
-509284
-509262
-509260
-509232
-509220
-509189
-509175
-509144
-509106
-509082
-509038
-509024
-508987
-508964
-508925
-508862
-508848
-508839
-508820
-508800
-508761
-508753
-508745
-508736
-508734
-508698
-508673
-508617
-508610
-508604
-508603
-508585
-508516
-508515
-508475
-508444
-508429
-508417
-508407
-508407
-508390
-508357
-508341
-508309
-508273
-508250
-508240
-508237
-508217
-508196
-508192
-508189
-508173
-508170
-508163
-508153
-508131
-508128
-508107
-508086
-508023
-508006
-508003
-508001
-507975
-507960
-507946
-507940
-507938
-507928
-507855
-507844
-507825
-507810
-507797
-507789
-507789
-507773
-507756
-507711
-507702
-507629
-507568
-507534
-507508
-507499
-507490
-507489
-507483
-507454
-507435
-507418
-507378
-507374
-507366
-507358
-507356
-507331
-507317
-507315
-507310
-507305
-507300
-507273
-507246
-507224
-507219
-507185
-507149
-507138
-507133
-507132
-507120
-507098
-507097
-507081
-507050
-507043
-507034
-506998
-506979
-506967
-506956
-506911
-506910
-506864
-506848
-506836
-506835
-506816
-506809
-506809
-506794
-506792
-506749
-506739
-506732
-506707
-506679
-506678
-506638
-506585
-506583
-506580
-506560
-506521
-506520
-506487
-506487
-506470
-506465
-506457
-506448
-506436
-506424
-506423
-506386
-506379
-506367
-506367
-506350
-506344
-506329
-506326
-506261
-506231
-506225
-506220
-506199
-506181
-506162
-506141
-506128
-506120
-506092
-506082
-506073
-506062
-506058
-506053
-506040
-506038
-505962
-505961
-505953
-505918
-505894
-505882
-505832
-505831
-505800
-505787
-505766
-505749
-505731
-505719
-505693
-505672
-505664
-505616
-505547
-505540
-505534
-505503
-505459
-505429
-505426
-505404
-505340
-505309
-505306
-505300
-505297
-505277
-505266
-505190
-505186
-505169
-505138
-505127
-505116
-505071
-505068
-505062
-505051
-505041
-505012
-504959
-504947
-504928
-504900
-504884
-504819
-504734
-504693
-504685
-504684
-504641
-504641
-504591
-504586
-504584
-504578
-504534
-504513
-504513
-504503
-504470
-504440
-504433
-504420
-504405
-504391
-504357
-504313
-504312
-504285
-504238
-504222
-504207
-504189
-504122
-504116
-504082
-504059
-504036
-504032
-504028
-504020
-504018
-503997
-503995
-503982
-503957
-503945
-503938
-503891
-503840
-503837
-503822
-503733
-503726
-503726
-503696
-503696
-503672
-503670
-503663
-503646
-503587
-503569
-503544
-503530
-503510
-503504
-503500
-503484
-503477
-503431
-503389
-503354
-503345
-503329
-503295
-503282
-503257
-503230
-503228
-503216
-503203
-503201
-503169
-503154
-503143
-503140
-503125
-503113
-503113
-503093
-503091
-503045
-503015
-502978
-502957
-502954
-502941
-502938
-502909
-502900
-502886
-502874
-502843
-502830
-502826
-502778
-502728
-502710
-502708
-502706
-502705
-502686
-502666
-502661
-502645
-502635
-502613
-502573
-502565
-502535
-502526
-502508
-502508
-502385
-502325
-502318
-502311
-502288
-502277
-502218
-502207
-502188
-502165
-502152
-502148
-502144
-502128
-502125
-502108
-502104
-502099
-502045
-502043
-502035
-502034
-502003
-501999
-501986
-501952
-501940
-501886
-501874
-501845
-501821
-501798
-501798
-501767
-501762
-501750
-501733
-501730
-501706
-501704
-501694
-501651
-501621
-501598
-501587
-501576
-501554
-501519
-501501
-501419
-501392
-501392
-501380
-501366
-501328
-501328
-501272
-501271
-501266
-501257
-501214
-501203
-501124
-501095
-501019
-500995
-500970
-500969
-500961
-500922
-500920
-500913
-500906
-500890
-500880
-500876
-500871
-500863
-500826
-500796
-500762
-500747
-500713
-500670
-500562
-500533
-500416
-500403
-500398
-500395
-500377
-500352
-500312
-500294
-500265
-500250
-500187
-500152
-500124
-500118
-500117
-500107
-500095
-500057
-500029
-500025
-499974
-499958
-499934
-499921
-499915
-499914
-499809
-499772
-499736
-499731
-499716
-499701
-499700
-499698
-499686
-499654
-499643
-499639
-499621
-499606
-499601
-499600
-499560
-499560
-499486
-499480
-499471
-499446
-499402
-499382
-499354
-499344
-499340
-499340
-499337
-499299
-499264
-499261
-499245
-499240
-499204
-499201
-499185
-499170
-499168
-499150
-499140
-499134
-499103
-499064
-499039
-499031
-499029
-499012
-499001
-498997
-498981
-498949
-498936
-498913
-498898
-498892
-498891
-498889
-498867
-498844
-498840
-498783
-498692
-498684
-498682
-498680
-498674
-498660
-498647
-498640
-498616
-498604
-498596
-498578
-498574
-498551
-498551
-498530
-498509
-498491
-498443
-498436
-498421
-498411
-498400
-498384
-498379
-498378
-498357
-498344
-498315
-498309
-498287
-498264
-498253
-498235
-498220
-498218
-498101
-498093
-498088
-498074
-498044
-498034
-498033
-498026
-497988
-497979
-497978
-497958
-497931
-497926
-497889
-497873
-497872
-497838
-497776
-497776
-497746
-497741
-497737
-497730
-497720
-497709
-497705
-497626
-497599
-497598
-497569
-497559
-497558
-497534
-497527
-497523
-497474
-497467
-497456
-497442
-497430
-497429
-497427
-497398
-497386
-497375
-497370
-497360
-497344
-497279
-497272
-497243
-497237
-497222
-497212
-497191
-497176
-497146
-497141
-497135
-497126
-497055
-497035
-497024
-496997
-496971
-496950
-496941
-496932
-496884
-496874
-496846
-496846
-496828
-496801
-496711
-496696
-496673
-496644
-496639
-496622
-496602
-496542
-496542
-496508
-496479
-496455
-496430
-496420
-496327
-496319
-496306
-496251
-496239
-496239
-496233
-496230
-496203
-496193
-496190
-496185
-496178
-496170
-496147
-496137
-496088
-496087
-496086
-496070
-496059
-496058
-496025
-496003
-496001
-495999
-495961
-495958
-495943
-495936
-495926
-495914
-495892
-495888
-495866
-495854
-495838
-495802
-495798
-495761
-495758
-495711
-495618
-495584
-495581
-495468
-495456
-495437
-495388
-495329
-495307
-495304
-495248
-495215
-495207
-495196
-495187
-495184
-495150
-495127
-495093
-495058
-495030
-494989
-494976
-494933
-494906
-494898
-494871
-494792
-494784
-494782
-494766
-494726
-494724
-494719
-494711
-494697
-494695
-494677
-494616
-494592
-494524
-494507
-494492
-494471
-494468
-494459
-494450
-494427
-494344
-494342
-494327
-494320
-494303
-494300
-494261
-494256
-494211
-494205
-494187
-494170
-494139
-494126
-494108
-494101
-494058
-494046
-494035
-494006
-493970
-493900
-493892
-493885
-493884
-493882
-493839
-493802
-493780
-493765
-493753
-493735
-493705
-493624
-493622
-493608
-493553
-493541
-493527
-493526
-493521
-493495
-493448
-493426
-493417
-493402
-493395
-493381
-493376
-493316
-493315
-493293
-493287
-493284
-493250
-493250
-493230
-493119
-493109
-493103
-493040
-493014
-493000
-492965
-492963
-492939
-492928
-492923
-492912
-492899
-492886
-492875
-492857
-492838
-492832
-492826
-492779
-492777
-492751
-492746
-492738
-492735
-492724
-492707
-492704
-492689
-492672
-492647
-492640
-492638
-492607
-492579
-492579
-492555
-492504
-492498
-492489
-492476
-492474
-492471
-492451
-492448
-492442
-492434
-492397
-492393
-492366
-492353
-492320
-492203
-492190
-492174
-492173
-492160
-492117
-492084
-492072
-492071
-492069
-492050
-492025
-492024
-492006
-491955
-491925
-491922
-491920
-491869
-491865
-491848
-491779
-491726
-491709
-491699
-491681
-491656
-491632
-491609
-491526
-491489
-491426
-491394
-491358
-491331
-491320
-491316
-491309
-491292
-491222
-491220
-491208
-491206
-491187
-491130
-491127
-491124
-491090
-491074
-491046
-490984
-490932
-490896
-490873
-490863
-490850
-490847
-490832
-490830
-490828
-490827
-490797
-490781
-490765
-490739
-490739
-490735
-490733
-490731
-490723
-490722
-490709
-490681
-490630
-490608
-490595
-490504
-490492
-490483
-490483
-490460
-490449
-490428
-490416
-490378
-490362
-490362
-490358
-490313
-490302
-490295
-490279
-490273
-490242
-490209
-490204
-490199
-490184
-490167
-490152
-490139
-490119
-490062
-490022
-490017
-489989
-489940
-489893
-489880
-489877
-489785
-489781
-489770
-489746
-489714
-489699
-489687
-489660
-489655
-489640
-489633
-489630
-489612
-489576
-489573
-489558
-489532
-489482
-489453
-489424
-489421
-489420
-489419
-489407
-489405
-489382
-489378
-489373
-489343
-489338
-489332
-489313
-489299
-489254
-489232
-489228
-489219
-489149
-489143
-489140
-489139
-489108
-489105
-489063
-488988
-488926
-488866
-488861
-488843
-488801
-488775
-488746
-488723
-488713
-488705
-488672
-488668
-488646
-488557
-488552
-488547
-488541
-488529
-488500
-488498
-488436
-488430
-488419
-488417
-488413
-488413
-488386
-488347
-488331
-488295
-488241
-488203
-488187
-488180
-488177
-488170
-488120
-488101
-488065
-488057
-488052
-488044
-488036
-488036
-488027
-488024
-488017
-488009
-487986
-487960
-487852
-487841
-487841
-487838
-487790
-487757
-487725
-487707
-487690
-487663
-487655
-487627
-487584
-487522
-487495
-487473
-487455
-487452
-487450
-487450
-487416
-487386
-487386
-487378
-487376
-487359
-487348
-487326
-487298
-487275
-487243
-487227
-487214
-487214
-487208
-487135
-487134
-487107
-487105
-487084
-487074
-487060
-487049
-487000
-486984
-486966
-486949
-486916
-486869
-486864
-486853
-486835
-486832
-486790
-486734
-486691
-486671
-486655
-486649
-486646
-486629
-486607
-486599
-486597
-486516
-486513
-486489
-486477
-486473
-486466
-486458
-486440
-486416
-486374
-486312
-486310
-486307
-486288
-486286
-486271
-486269
-486243
-486228
-486200
-486181
-486145
-486126
-486057
-486037
-486034
-486018
-486011
-485999
-485980
-485951
-485869
-485844
-485837
-485833
-485820
-485818
-485814
-485812
-485795
-485790
-485770
-485716
-485674
-485673
-485617
-485603
-485602
-485588
-485570
-485545
-485515
-485502
-485480
-485472
-485462
-485453
-485410
-485410
-485352
-485332
-485318
-485307
-485268
-485256
-485217
-485210
-485186
-485169
-485135
-485131
-485125
-485121
-485099
-485098
-485083
-485081
-485069
-485067
-485066
-485059
-485038
-485035
-485028
-485026
-485009
-484992
-484982
-484978
-484947
-484899
-484868
-484867
-484864
-484857
-484828
-484761
-484734
-484696
-484679
-484645
-484633
-484602
-484597
-484568
-484533
-484527
-484523
-484521
-484513
-484463
-484369
-484330
-484328
-484307
-484293
-484281
-484274
-484270
-484190
-484186
-484168
-484163
-484144
-484137
-484121
-484059
-484000
-484000
-483957
-483940
-483920
-483918
-483915
-483904
-483884
-483867
-483840
-483830
-483815
-483807
-483782
-483777
-483764
-483707
-483681
-483677
-483631
-483610
-483566
-483549
-483515
-483511
-483487
-483483
-483463
-483437
-483434
-483428
-483419
-483415
-483413
-483412
-483412
-483396
-483372
-483317
-483314
-483301
-483298
-483292
-483254
-483250
-483240
-483192
-483172
-483141
-483121
-483116
-483108
-483090
-483084
-483074
-483063
-483062
-483049
-483024
-483001
-482997
-482975
-482972
-482952
-482932
-482893
-482892
-482889
-482886
-482886
-482883
-482865
-482856
-482854
-482850
-482819
-482814
-482792
-482777
-482767
-482766
-482750
-482691
-482684
-482674
-482663
-482656
-482650
-482649
-482645
-482634
-482615
-482615
-482577
-482560
-482548
-482540
-482529
-482473
-482461
-482455
-482444
-482427
-482422
-482411
-482406
-482404
-482374
-482363
-482345
-482299
-482263
-482256
-482224
-482222
-482192
-482181
-482111
-482101
-482062
-482058
-482042
-482023
-482019
-482008
-481920
-481891
-481885
-481871
-481870
-481856
-481807
-481795
-481765
-481764
-481737
-481734
-481712
-481697
-481671
-481657
-481655
-481651
-481651
-481649
-481649
-481634
-481630
-481536
-481461
-481425
-481419
-481414
-481413
-481343
-481318
-481308
-481293
-481272
-481265
-481257
-481249
-481244
-481232
-481222
-481210
-481204
-481198
-481196
-481162
-481133
-481119
-481109
-481097
-481077
-481067
-481039
-481015
-481014
-480970
-480951
-480939
-480907
-480907
-480886
-480882
-480850
-480848
-480847
-480762
-480755
-480738
-480719
-480699
-480637
-480612
-480608
-480594
-480589
-480580
-480561
-480552
-480541
-480476
-480467
-480463
-480430
-480421
-480418
-480355
-480328
-480314
-480313
-480272
-480222
-480218
-480210
-480196
-480194
-480173
-480132
-480129
-480122
-480121
-480047
-480030
-480029
-479985
-479984
-479943
-479889
-479854
-479850
-479786
-479759
-479747
-479733
-479720
-479704
-479638
-479630
-479630
-479612
-479574
-479488
-479480
-479478
-479469
-479469
-479398
-479382
-479359
-479358
-479346
-479345
-479333
-479308
-479299
-479297
-479296
-479294
-479280
-479279
-479271
-479267
-479254
-479238
-479231
-479226
-479190
-479180
-479130
-479128
-479115
-479099
-479090
-479083
-479079
-479067
-479011
-478990
-478968
-478965
-478963
-478944
-478903
-478874
-478836
-478833
-478822
-478805
-478797
-478743
-478732
-478713
-478702
-478685
-478684
-478665
-478634
-478603
-478595
-478546
-478539
-478521
-478518
-478463
-478422
-478405
-478382
-478347
-478341
-478324
-478320
-478295
-478286
-478265
-478248
-478197
-478180
-478170
-478168
-478156
-478132
-478099
-478045
-478034
-477957
-477927
-477913
-477912
-477908
-477899
-477871
-477857
-477831
-477831
-477800
-477756
-477756
-477708
-477686
-477613
-477594
-477588
-477525
-477490
-477484
-477471
-477466
-477433
-477418
-477383
-477381
-477363
-477320
-477317
-477315
-477306
-477280
-477247
-477237
-477199
-477196
-477178
-477138
-477124
-477123
-477121
-477108
-477074
-477061
-477054
-476978
-476953
-476947
-476941
-476936
-476925
-476911
-476895
-476866
-476854
-476840
-476834
-476825
-476783
-476757
-476725
-476703
-476675
-476641
-476624
-476613
-476606
-476592
-476577
-476552
-476525
-476491
-476485
-476472
-476461
-476459
-476435
-476420
-476412
-476404
-476402
-476402
-476374
-476368
-476340
-476330
-476323
-476307
-476299
-476286
-476206
-476137
-476122
-476110
-476069
-476045
-476042
-476021
-476019
-476008
-475995
-475962
-475908
-475883
-475873
-475836
-475835
-475786
-475784
-475776
-475761
-475739
-475727
-475707
-475698
-475692
-475675
-475662
-475641
-475600
-475589
-475563
-475562
-475555
-475514
-475513
-475512
-475475
-475474
-475456
-475414
-475388
-475379
-475375
-475323
-475319
-475285
-475274
-475265
-475252
-475245
-475236
-475233
-475229
-475228
-475216
-475176
-475174
-475173
-475155
-475145
-475131
-475046
-475012
-474989
-474973
-474965
-474962
-474883
-474863
-474811
-474796
-474774
-474741
-474728
-474719
-474708
-474697
-474696
-474636
-474614
-474609
-474534
-474533
-474533
-474525
-474508
-474470
-474454
-474443
-474393
-474384
-474380
-474372
-474368
-474345
-474286
-474281
-474240
-474207
-474180
-474156
-474136
-474132
-474080
-474069
-474061
-474022
-473973
-473967
-473952
-473948
-473939
-473927
-473925
-473821
-473790
-473782
-473766
-473745
-473715
-473656
-473618
-473610
-473590
-473574
-473566
-473513
-473512
-473496
-473495
-473492
-473492
-473469
-473449
-473441
-473436
-473406
-473355
-473348
-473319
-473317
-473316
-473314
-473293
-473270
-473269
-473211
-473189
-473174
-473159
-473153
-473145
-473125
-473124
-473094
-473055
-473054
-473049
-473043
-473019
-473019
-472980
-472974
-472954
-472884
-472870
-472868
-472842
-472836
-472785
-472780
-472758
-472750
-472746
-472745
-472744
-472713
-472709
-472697
-472676
-472675
-472656
-472653
-472638
-472634
-472584
-472583
-472576
-472572
-472567
-472527
-472513
-472496
-472490
-472439
-472429
-472425
-472374
-472332
-472293
-472279
-472243
-472188
-472180
-472145
-472134
-472127
-472106
-472089
-472056
-472054
-472044
-471957
-471947
-471930
-471929
-471910
-471908
-471908
-471879
-471864
-471859
-471828
-471825
-471793
-471775
-471727
-471727
-471702
-471675
-471663
-471656
-471640
-471602
-471597
-471578
-471490
-471483
-471422
-471373
-471370
-471354
-471340
-471308
-471281
-471277
-471277
-471271
-471251
-471251
-471241
-471239
-471206
-471206
-471176
-471158
-471149
-471145
-471135
-471126
-471123
-471113
-471097
-471092
-471080
-471050
-471045
-470996
-470984
-470984
-470954
-470945
-470937
-470918
-470889
-470878
-470871
-470849
-470844
-470813
-470811
-470776
-470772
-470714
-470678
-470627
-470626
-470614
-470612
-470604
-470592
-470587
-470568
-470564
-470533
-470518
-470511
-470462
-470420
-470420
-470353
-470340
-470329
-470318
-470300
-470300
-470268
-470257
-470256
-470245
-470219
-470218
-470217
-470211
-470197
-470192
-470174
-470168
-470165
-470161
-470158
-470153
-470134
-470101
-470098
-470088
-470044
-470043
-470021
-470009
-470003
-469998
-469986
-469964
-469944
-469909
-469902
-469897
-469880
-469855
-469844
-469823
-469819
-469751
-469729
-469714
-469695
-469683
-469679
-469661
-469656
-469638
-469606
-469596
-469577
-469566
-469556
-469535
-469510
-469496
-469478
-469474
-469449
-469442
-469435
-469422
-469417
-469364
-469356
-469333
-469324
-469291
-469288
-469287
-469267
-469237
-469233
-469228
-469214
-469202
-469184
-469178
-469146
-469114
-469103
-469038
-469007
-469005
-468991
-468953
-468925
-468888
-468863
-468859
-468858
-468848
-468847
-468846
-468839
-468832
-468831
-468779
-468733
-468720
-468704
-468689
-468671
-468642
-468640
-468604
-468561
-468531
-468515
-468495
-468473
-468452
-468444
-468420
-468409
-468398
-468354
-468339
-468324
-468313
-468302
-468242
-468240
-468221
-468221
-468195
-468186
-468158
-468149
-468101
-468091
-468075
-468062
-468040
-468032
-468010
-468007
-467986
-467964
-467946
-467945
-467938
-467922
-467878
-467865
-467846
-467824
-467811
-467807
-467802
-467798
-467792
-467769
-467728
-467711
-467702
-467668
-467661
-467604
-467598
-467546
-467521
-467515
-467495
-467488
-467451
-467393
-467387
-467372
-467367
-467361
-467343
-467335
-467310
-467281
-467280
-467238
-467231
-467140
-467082
-467024
-466999
-466981
-466942
-466910
-466885
-466857
-466835
-466807
-466795
-466761
-466725
-466651
-466626
-466614
-466545
-466541
-466521
-466503
-466450
-466415
-466386
-466371
-466331
-466329
-466288
-466276
-466262
-466229
-466166
-466115
-466098
-466061
-466034
-466001
-466000
-465990
-465927
-465891
-465889
-465872
-465839
-465836
-465835
-465827
-465806
-465778
-465773
-465773
-465763
-465746
-465744
-465742
-465724
-465702
-465670
-465638
-465627
-465624
-465612
-465593
-465563
-465549
-465547
-465543
-465527
-465518
-465512
-465486
-465486
-465471
-465399
-465394
-465392
-465391
-465378
-465375
-465324
-465271
-465269
-465269
-465267
-465264
-465261
-465246
-465240
-465181
-465177
-465174
-465167
-465167
-465149
-465129
-465121
-465115
-465020
-464966
-464963
-464956
-464925
-464889
-464846
-464818
-464781
-464738
-464736
-464695
-464693
-464686
-464685
-464667
-464591
-464584
-464561
-464550
-464523
-464516
-464505
-464475
-464440
-464425
-464417
-464417
-464387
-464373
-464364
-464357
-464342
-464307
-464287
-464280
-464277
-464246
-464241
-464235
-464212
-464197
-464187
-464179
-464159
-464129
-464113
-464087
-463990
-463956
-463945
-463922
-463892
-463862
-463853
-463847
-463832
-463818
-463771
-463738
-463707
-463702
-463691
-463686
-463641
-463517
-463479
-463469
-463449
-463438
-463422
-463381
-463341
-463340
-463337
-463315
-463314
-463313
-463279
-463257
-463250
-463228
-463164
-463118
-463048
-463029
-462958
-462922
-462906
-462896
-462872
-462829
-462818
-462809
-462778
-462756
-462755
-462755
-462746
-462671
-462669
-462654
-462609
-462607
-462591
-462579
-462465
-462448
-462443
-462441
-462399
-462388
-462383
-462379
-462343
-462329
-462293
-462292
-462280
-462273
-462257
-462257
-462221
-462215
-462210
-462209
-462199
-462181
-462138
-462127
-462030
-462028
-461996
-461996
-461968
-461953
-461940
-461932
-461928
-461927
-461916
-461905
-461888
-461878
-461875
-461842
-461809
-461805
-461744
-461719
-461711
-461661
-461635
-461600
-461598
-461594
-461587
-461585
-461580
-461532
-461524
-461517
-461506
-461485
-461485
-461482
-461473
-461461
-461454
-461450
-461446
-461442
-461440
-461411
-461383
-461358
-461334
-461318
-461301
-461255
-461210
-461162
-461157
-461157
-461125
-461088
-461075
-461069
-461055
-461044
-461041
-461040
-460975
-460944
-460919
-460902
-460901
-460900
-460896
-460895
-460884
-460879
-460868
-460865
-460855
-460850
-460846
-460842
-460796
-460773
-460741
-460714
-460707
-460699
-460673
-460670
-460658
-460657
-460618
-460618
-460588
-460576
-460573
-460568
-460547
-460503
-460497
-460496
-460489
-460430
-460366
-460300
-460290
-460276
-460273
-460269
-460262
-460235
-460208
-460183
-460176
-460146
-460145
-460133
-460126
-460116
-460115
-460074
-460068
-460028
-460011
-459996
-459988
-459976
-459971
-459970
-459969
-459962
-459958
-459954
-459944
-459938
-459918
-459884
-459881
-459864
-459803
-459803
-459791
-459745
-459715
-459693
-459687
-459646
-459636
-459606
-459563
-459547
-459544
-459529
-459514
-459462
-459442
-459418
-459413
-459378
-459373
-459350
-459343
-459338
-459327
-459282
-459278
-459265
-459262
-459216
-459206
-459195
-459185
-459183
-459155
-459108
-459073
-459051
-459019
-458945
-458913
-458910
-458893
-458888
-458856
-458843
-458790
-458780
-458778
-458747
-458714
-458678
-458669
-458655
-458652
-458626
-458608
-458598
-458588
-458521
-458519
-458505
-458504
-458472
-458462
-458402
-458401
-458379
-458374
-458300
-458289
-458259
-458236
-458229
-458174
-458169
-458138
-458126
-458091
-458076
-458072
-458063
-458033
-458013
-457969
-457968
-457946
-457946
-457915
-457880
-457843
-457789
-457786
-457777
-457772
-457762
-457755
-457747
-457741
-457734
-457730
-457725
-457715
-457712
-457695
-457692
-457678
-457666
-457632
-457614
-457598
-457598
-457585
-457561
-457536
-457531
-457483
-457457
-457423
-457416
-457406
-457365
-457342
-457325
-457304
-457278
-457204
-457186
-457185
-457173
-457166
-457145
-457128
-457128
-457124
-457118
-457111
-457100
-457093
-457074
-457067
-457020
-456995
-456990
-456972
-456950
-456940
-456924
-456917
-456889
-456885
-456839
-456839
-456795
-456720
-456716
-456706
-456686
-456664
-456612
-456570
-456449
-456443
-456436
-456408
-456364
-456313
-456313
-456289
-456275
-456269
-456254
-456251
-456202
-456198
-456134
-456123
-456068
-456063
-456052
-456051
-455999
-455994
-455972
-455969
-455953
-455933
-455923
-455862
-455848
-455836
-455834
-455829
-455807
-455805
-455794
-455783
-455778
-455773
-455772
-455769
-455767
-455751
-455738
-455719
-455715
-455683
-455672
-455651
-455605
-455599
-455597
-455582
-455532
-455532
-455505
-455494
-455463
-455457
-455450
-455421
-455382
-455371
-455352
-455347
-455333
-455306
-455258
-455249
-455243
-455218
-455157
-455120
-455091
-455089
-455051
-455041
-455039
-455013
-455008
-454999
-454994
-454900
-454886
-454871
-454853
-454819
-454809
-454779
-454760
-454739
-454708
-454692
-454685
-454664
-454616
-454604
-454603
-454554
-454453
-454436
-454410
-454395
-454315
-454304
-454285
-454254
-454221
-454204
-454152
-454130
-454121
-454114
-454112
-454111
-454104
-454089
-454030
-453996
-453986
-453968
-453919
-453886
-453869
-453856
-453848
-453847
-453831
-453826
-453793
-453730
-453684
-453674
-453614
-453612
-453592
-453558
-453555
-453549
-453529
-453508
-453503
-453491
-453456
-453444
-453402
-453391
-453391
-453390
-453388
-453317
-453309
-453285
-453210
-453190
-453169
-453163
-453145
-453107
-453107
-453103
-453090
-453085
-453076
-453059
-453039
-453036
-453024
-453001
-452958
-452956
-452940
-452931
-452928
-452878
-452875
-452864
-452854
-452825
-452815
-452803
-452781
-452779
-452752
-452679
-452635
-452593
-452583
-452565
-452543
-452540
-452538
-452519
-452516
-452509
-452509
-452476
-452429
-452405
-452403
-452378
-452317
-452313
-452309
-452299
-452250
-452230
-452228
-452184
-452162
-452149
-452147
-452139
-452126
-452119
-452074
-452042
-452020
-451993
-451990
-451933
-451930
-451923
-451907
-451870
-451854
-451786
-451767
-451717
-451716
-451711
-451697
-451670
-451667
-451649
-451636
-451634
-451573
-451535
-451532
-451499
-451463
-451430
-451418
-451408
-451406
-451399
-451396
-451394
-451371
-451347
-451342
-451317
-451311
-451285
-451281
-451271
-451267
-451267
-451261
-451170
-451113
-451091
-451075
-451056
-451055
-451049
-451024
-450982
-450976
-450963
-450957
-450950
-450947
-450910
-450882
-450852
-450818
-450817
-450806
-450775
-450766
-450760
-450752
-450748
-450728
-450702
-450677
-450671
-450597
-450591
-450586
-450572
-450571
-450564
-450525
-450502
-450484
-450475
-450474
-450377
-450324
-450311
-450291
-450286
-450277
-450266
-450265
-450262
-450256
-450254
-450254
-450232
-450226
-450190
-450178
-450144
-450118
-450111
-450093
-450087
-450050
-450036
-450025
-450023
-450019
-450002
-450002
-449919
-449916
-449845
-449844
-449789
-449778
-449752
-449749
-449748
-449727
-449719
-449716
-449682
-449653
-449596
-449595
-449585
-449584
-449561
-449509
-449485
-449443
-449405
-449394
-449390
-449384
-449377
-449354
-449344
-449300
-449286
-449274
-449273
-449246
-449226
-449220
-449144
-449139
-449138
-449138
-449111
-449085
-449084
-449082
-449066
-449059
-449052
-449024
-449013
-449011
-448997
-448992
-448986
-448980
-448931
-448929
-448926
-448907
-448894
-448894
-448871
-448772
-448720
-448707
-448698
-448698
-448696
-448689
-448597
-448597
-448586
-448584
-448555
-448543
-448501
-448493
-448480
-448440
-448430
-448364
-448356
-448352
-448256
-448232
-448224
-448197
-448184
-448177
-448135
-448124
-448114
-448088
-448076
-448045
-448031
-448026
-447994
-447817
-447812
-447803
-447789
-447784
-447779
-447754
-447729
-447725
-447690
-447680
-447680
-447677
-447669
-447659
-447656
-447627
-447577
-447570
-447563
-447518
-447512
-447493
-447470
-447426
-447415
-447404
-447389
-447387
-447379
-447367
-447334
-447318
-447313
-447304
-447284
-447233
-447224
-447213
-447207
-447199
-447183
-447178
-447159
-447153
-447148
-447146
-447137
-447105
-447105
-447095
-447076
-447068
-447047
-447033
-447013
-446999
-446983
-446973
-446957
-446944
-446934
-446914
-446887
-446877
-446869
-446861
-446844
-446818
-446794
-446775
-446759
-446758
-446740
-446732
-446689
-446650
-446602
-446592
-446519
-446513
-446492
-446488
-446482
-446461
-446413
-446407
-446375
-446368
-446364
-446360
-446320
-446259
-446255
-446220
-446212
-446204
-446193
-446164
-446123
-446121
-446088
-446049
-446046
-445989
-445974
-445935
-445850
-445832
-445830
-445807
-445801
-445781
-445712
-445683
-445683
-445665
-445657
-445592
-445579
-445560
-445554
-445544
-445534
-445534
-445519
-445511
-445464
-445451
-445451
-445419
-445412
-445394
-445393
-445392
-445371
-445371
-445282
-445280
-445268
-445266
-445252
-445238
-445230
-445210
-445208
-445185
-445185
-445108
-445105
-445075
-444983
-444980
-444970
-444963
-444925
-444913
-444913
-444835
-444816
-444740
-444599
-444570
-444540
-444534
-444532
-444503
-444495
-444455
-444422
-444420
-444415
-444405
-444387
-444350
-444336
-444333
-444299
-444293
-444280
-444275
-444242
-444163
-444163
-444142
-444113
-444113
-444103
-444078
-444068
-444020
-444020
-443965
-443941
-443925
-443907
-443889
-443871
-443830
-443826
-443802
-443712
-443708
-443687
-443680
-443663
-443649
-443648
-443637
-443598
-443586
-443582
-443580
-443575
-443572
-443542
-443539
-443523
-443517
-443509
-443472
-443459
-443455
-443440
-443436
-443407
-443396
-443381
-443381
-443326
-443309
-443270
-443248
-443241
-443227
-443205
-443189
-443166
-443152
-443112
-443078
-443018
-443007
-443007
-442958
-442928
-442891
-442861
-442861
-442833
-442831
-442830
-442828
-442819
-442817
-442795
-442793
-442774
-442740
-442710
-442705
-442686
-442642
-442630
-442620
-442595
-442594
-442574
-442564
-442544
-442530
-442517
-442517
-442494
-442478
-442478
-442467
-442461
-442450
-442440
-442438
-442427
-442414
-442410
-442395
-442352
-442350
-442346
-442325
-442321
-442293
-442286
-442211
-442154
-442122
-442096
-442060
-442055
-442055
-442038
-442034
-442023
-442013
-441992
-441987
-441983
-441961
-441960
-441946
-441927
-441916
-441897
-441885
-441868
-441865
-441861
-441840
-441831
-441817
-441787
-441784
-441777
-441755
-441753
-441751
-441744
-441742
-441740
-441699
-441698
-441689
-441666
-441656
-441644
-441623
-441617
-441617
-441609
-441606
-441603
-441590
-441567
-441549
-441545
-441543
-441540
-441528
-441519
-441511
-441490
-441482
-441479
-441471
-441458
-441388
-441348
-441327
-441317
-441305
-441279
-441214
-441207
-441202
-441167
-441165
-441098
-441088
-441081
-441062
-441061
-441054
-441037
-441023
-440996
-440975
-440972
-440963
-440961
-440944
-440943
-440935
-440884
-440827
-440818
-440805
-440805
-440794
-440788
-440754
-440696
-440643
-440609
-440571
-440535
-440534
-440529
-440513
-440511
-440504
-440487
-440443
-440419
-440414
-440403
-440372
-440340
-440325
-440318
-440315
-440293
-440287
-440278
-440275
-440265
-440237
-440228
-440227
-440211
-440204
-440190
-440185
-440180
-440175
-440152
-440076
-440034
-440000
-439999
-439978
-439951
-439945
-439914
-439901
-439874
-439854
-439850
-439840
-439830
-439813
-439801
-439801
-439780
-439699
-439697
-439676
-439662
-439632
-439613
-439560
-439545
-439542
-439509
-439486
-439483
-439476
-439468
-439418
-439367
-439355
-439342
-439334
-439195
-439192
-439183
-439182
-439182
-439160
-439085
-439084
-439057
-439054
-439042
-439037
-439034
-439012
-438983
-438953
-438937
-438898
-438892
-438879
-438867
-438804
-438804
-438790
-438771
-438748
-438708
-438702
-438665
-438657
-438612
-438560
-438559
-438532
-438486
-438483
-438467
-438407
-438385
-438345
-438345
-438317
-438264
-438248
-438221
-438186
-438140
-438113
-438102
-438079
-438076
-438074
-438055
-438043
-438032
-437994
-437991
-437988
-437963
-437952
-437952
-437949
-437913
-437912
-437897
-437897
-437859
-437842
-437786
-437776
-437771
-437741
-437732
-437700
-437683
-437672
-437592
-437588
-437576
-437535
-437510
-437500
-437486
-437473
-437462
-437441
-437433
-437422
-437398
-437377
-437376
-437359
-437351
-437291
-437291
-437279
-437276
-437271
-437266
-437205
-437202
-437197
-437195
-437184
-437176
-437151
-437116
-437104
-437102
-437048
-437042
-437006
-437004
-437002
-436988
-436957
-436953
-436940
-436935
-436935
-436933
-436926
-436915
-436909
-436899
-436883
-436875
-436859
-436852
-436846
-436842
-436820
-436769
-436754
-436744
-436656
-436656
-436642
-436639
-436637
-436630
-436618
-436585
-436573
-436564
-436559
-436558
-436499
-436474
-436473
-436470
-436405
-436362
-436349
-436244
-436219
-436211
-436194
-436157
-436157
-436149
-436138
-436137
-436120
-436100
-436069
-436056
-436053
-436030
-436015
-435993
-435976
-435974
-435967
-435956
-435945
-435933
-435903
-435859
-435823
-435811
-435797
-435791
-435763
-435760
-435743
-435742
-435716
-435677
-435637
-435633
-435603
-435600
-435595
-435586
-435575
-435536
-435466
-435460
-435460
-435455
-435413
-435393
-435372
-435369
-435359
-435325
-435315
-435273
-435255
-435239
-435214
-435183
-435164
-435145
-435140
-435124
-435124
-435044
-435044
-435043
-435004
-435001
-434977
-434973
-434960
-434958
-434924
-434920
-434899
-434891
-434874
-434870
-434867
-434838
-434784
-434716
-434699
-434594
-434569
-434553
-434542
-434540
-434536
-434496
-434477
-434469
-434453
-434444
-434410
-434408
-434392
-434374
-434363
-434341
-434312
-434311
-434302
-434300
-434287
-434286
-434245
-434220
-434204
-434191
-434181
-434135
-434048
-433957
-433925
-433912
-433911
-433872
-433857
-433844
-433839
-433814
-433778
-433763
-433759
-433749
-433740
-433711
-433689
-433603
-433590
-433554
-433519
-433510
-433496
-433475
-433439
-433420
-433398
-433380
-433376
-433368
-433353
-433352
-433328
-433298
-433254
-433250
-433242
-433242
-433242
-433205
-433199
-433190
-433183
-433180
-433128
-433127
-433124
-433114
-433113
-433106
-433059
-433051
-432966
-432933
-432915
-432844
-432836
-432828
-432827
-432813
-432796
-432773
-432769
-432767
-432723
-432688
-432687
-432662
-432633
-432565
-432536
-432535
-432527
-432505
-432503
-432477
-432440
-432427
-432427
-432393
-432372
-432369
-432353
-432332
-432325
-432323
-432285
-432205
-432195
-432183
-432179
-432178
-432168
-432155
-432108
-432082
-432038
-432027
-432025
-432019
-431946
-431930
-431926
-431892
-431887
-431865
-431794
-431746
-431730
-431676
-431658
-431645
-431636
-431601
-431567
-431473
-431469
-431455
-431433
-431397
-431393
-431389
-431362
-431351
-431306
-431259
-431153
-431152
-431065
-431061
-431052
-431044
-431030
-431021
-430971
-430963
-430950
-430944
-430928
-430921
-430872
-430841
-430824
-430800
-430800
-430782
-430731
-430671
-430670
-430647
-430636
-430630
-430616
-430590
-430581
-430567
-430563
-430563
-430550
-430541
-430515
-430490
-430408
-430370
-430365
-430348
-430339
-430317
-430295
-430294
-430277
-430269
-430215
-430213
-430206
-430201
-430189
-430104
-430086
-430072
-430064
-430057
-430032
-429973
-429971
-429969
-429957
-429926
-429923
-429919
-429902
-429902
-429856
-429834
-429782
-429776
-429771
-429760
-429737
-429725
-429713
-429675
-429669
-429614
-429614
-429609
-429540
-429471
-429470
-429467
-429466
-429462
-429420
-429418
-429409
-429405
-429398
-429392
-429377
-429369
-429337
-429251
-429239
-429238
-429225
-429219
-429216
-429210
-429209
-429164
-429108
-429064
-429038
-429036
-429018
-429000
-428931
-428882
-428869
-428858
-428823
-428822
-428794
-428782
-428745
-428739
-428732
-428692
-428676
-428662
-428650
-428640
-428635
-428612
-428588
-428573
-428497
-428487
-428480
-428478
-428477
-428429
-428407
-428380
-428362
-428347
-428344
-428305
-428295
-428293
-428290
-428231
-428230
-428226
-428195
-428153
-428127
-428089
-428057
-428011
-428000
-427964
-427958
-427954
-427941
-427925
-427917
-427887
-427870
-427855
-427850
-427830
-427830
-427815
-427811
-427730
-427716
-427704
-427672
-427670
-427630
-427583
-427580
-427561
-427558
-427552
-427537
-427520
-427514
-427491
-427489
-427484
-427483
-427448
-427434
-427400
-427397
-427379
-427375
-427372
-427365
-427320
-427311
-427309
-427274
-427270
-427269
-427237
-427208
-427179
-427174
-427108
-427105
-427101
-427083
-427077
-427060
-427027
-427025
-427023
-426981
-426970
-426963
-426935
-426923
-426900
-426899
-426896
-426867
-426846
-426822
-426807
-426802
-426778
-426760
-426729
-426715
-426692
-426687
-426678
-426668
-426664
-426664
-426656
-426649
-426639
-426625
-426607
-426590
-426585
-426539
-426528
-426525
-426520
-426512
-426503
-426486
-426470
-426414
-426387
-426378
-426344
-426281
-426267
-426252
-426245
-426221
-426018
-426011
-425963
-425878
-425864
-425827
-425777
-425772
-425766
-425762
-425762
-425758
-425751
-425729
-425721
-425678
-425657
-425612
-425592
-425554
-425546
-425456
-425452
-425442
-425407
-425387
-425381
-425366
-425334
-425332
-425325
-425260
-425235
-425232
-425192
-425188
-425183
-425174
-425172
-425116
-425092
-425087
-425079
-425073
-425045
-425025
-425022
-424932
-424886
-424883
-424750
-424746
-424736
-424729
-424704
-424690
-424672
-424649
-424603
-424582
-424570
-424566
-424514
-424497
-424463
-424432
-424371
-424366
-424349
-424311
-424206
-424202
-424146
-424125
-424114
-424101
-424071
-424070
-424061
-423989
-423970
-423970
-423957
-423950
-423920
-423907
-423902
-423901
-423877
-423869
-423854
-423802
-423797
-423765
-423723
-423710
-423695
-423684
-423619
-423610
-423602
-423582
-423555
-423533
-423500
-423469
-423466
-423445
-423414
-423406
-423355
-423322
-423306
-423302
-423293
-423266
-423251
-423205
-423127
-423122
-423120
-423120
-423113
-423069
-423037
-423000
-422999
-422987
-422964
-422951
-422944
-422941
-422912
-422905
-422893
-422888
-422887
-422885
-422884
-422865
-422865
-422862
-422853
-422853
-422844
-422825
-422814
-422795
-422717
-422715
-422688
-422685
-422643
-422614
-422607
-422602
-422580
-422498
-422467
-422448
-422445
-422422
-422408
-422403
-422383
-422344
-422343
-422319
-422302
-422293
-422280
-422244
-422233
-422089
-422084
-422080
-422057
-422028
-422013
-421983
-421951
-421948
-421903
-421899
-421870
-421860
-421832
-421828
-421824
-421819
-421775
-421756
-421749
-421746
-421746
-421712
-421704
-421634
-421623
-421616
-421615
-421614
-421601
-421580
-421567
-421534
-421478
-421452
-421437
-421430
-421424
-421421
-421393
-421379
-421374
-421364
-421307
-421283
-421269
-421237
-421196
-421192
-421191
-421180
-421166
-421131
-421129
-421042
-421040
-421029
-421021
-421012
-421006
-420990
-420988
-420967
-420932
-420917
-420902
-420897
-420829
-420812
-420804
-420794
-420780
-420760
-420744
-420744
-420739
-420646
-420634
-420616
-420597
-420542
-420514
-420513
-420466
-420459
-420408
-420386
-420378
-420374
-420370
-420336
-420334
-420332
-420331
-420318
-420309
-420300
-420273
-420254
-420253
-420242
-420185
-420112
-420079
-420049
-420037
-420033
-420012
-420010
-419996
-419914
-419907
-419831
-419819
-419817
-419814
-419795
-419792
-419778
-419770
-419767
-419763
-419759
-419712
-419688
-419673
-419644
-419623
-419621
-419616
-419616
-419588
-419564
-419550
-419542
-419542
-419534
-419502
-419487
-419484
-419473
-419448
-419435
-419405
-419322
-419282
-419281
-419275
-419256
-419216
-419211
-419207
-419185
-419172
-419168
-419150
-419148
-419094
-419090
-419090
-419084
-419079
-419076
-419059
-419042
-419037
-419032
-419007
-418999
-418980
-418974
-418933
-418877
-418853
-418845
-418812
-418793
-418779
-418739
-418732
-418730
-418662
-418648
-418645
-418599
-418584
-418540
-418539
-418535
-418507
-418498
-418450
-418432
-418391
-418383
-418382
-418382
-418377
-418345
-418303
-418290
-418274
-418263
-418254
-418252
-418239
-418224
-418204
-418186
-418160
-418129
-418116
-418114
-418095
-418092
-418078
-418053
-418032
-418022
-418018
-418006
-417972
-417926
-417872
-417872
-417862
-417854
-417814
-417795
-417773
-417705
-417677
-417669
-417635
-417632
-417619
-417574
-417557
-417523
-417495
-417448
-417433
-417361
-417343
-417318
-417308
-417302
-417296
-417290
-417249
-417225
-417216
-417186
-417168
-417125
-417096
-417068
-417030
-417023
-417021
-416996
-416966
-416944
-416895
-416858
-416850
-416846
-416824
-416812
-416796
-416757
-416733
-416722
-416700
-416672
-416672
-416672
-416661
-416650
-416633
-416607
-416576
-416570
-416548
-416522
-416516
-416498
-416476
-416466
-416459
-416458
-416456
-416443
-416357
-416353
-416335
-416327
-416309
-416308
-416307
-416295
-416274
-416223
-416192
-416186
-416184
-416176
-416137
-416120
-416107
-416105
-416080
-416024
-415993
-415982
-415954
-415951
-415949
-415897
-415886
-415884
-415875
-415866
-415832
-415774
-415764
-415750
-415743
-415734
-415728
-415727
-415687
-415650
-415622
-415613
-415613
-415587
-415503
-415497
-415472
-415462
-415451
-415402
-415387
-415361
-415292
-415287
-415268
-415256
-415215
-415170
-415168
-415164
-415159
-415123
-415074
-415060
-415015
-414989
-414975
-414972
-414961
-414899
-414888
-414849
-414841
-414832
-414807
-414802
-414774
-414708
-414703
-414685
-414682
-414665
-414663
-414651
-414645
-414616
-414607
-414586
-414576
-414554
-414551
-414535
-414527
-414519
-414498
-414490
-414451
-414397
-414385
-414320
-414289
-414285
-414267
-414263
-414260
-414248
-414221
-414211
-414196
-414176
-414174
-414159
-414139
-414138
-414128
-414102
-414079
-414075
-414056
-414003
-413987
-413927
-413875
-413809
-413793
-413759
-413755
-413752
-413745
-413726
-413723
-413704
-413696
-413693
-413690
-413650
-413647
-413645
-413613
-413587
-413565
-413549
-413518
-413475
-413474
-413465
-413454
-413453
-413422
-413415
-413408
-413384
-413365
-413342
-413301
-413270
-413268
-413262
-413256
-413239
-413183
-413173
-413158
-413096
-413072
-413052
-413017
-413012
-412966
-412948
-412945
-412913
-412900
-412879
-412877
-412877
-412874
-412864
-412862
-412832
-412819
-412814
-412779
-412775
-412765
-412763
-412756
-412687
-412673
-412642
-412610
-412603
-412573
-412545
-412518
-412488
-412439
-412421
-412393
-412390
-412368
-412361
-412347
-412342
-412323
-412316
-412313
-412309
-412301
-412300
-412272
-412258
-412249
-412248
-412232
-412191
-412167
-412131
-412093
-412010
-412004
-412004
-411981
-411979
-411951
-411909
-411885
-411871
-411869
-411865
-411859
-411828
-411806
-411794
-411741
-411707
-411705
-411685
-411680
-411679
-411675
-411670
-411659
-411645
-411632
-411610
-411607
-411592
-411588
-411536
-411534
-411513
-411494
-411447
-411408
-411374
-411371
-411327
-411253
-411192
-411185
-411180
-411163
-411149
-411128
-411127
-411089
-411050
-411014
-410965
-410958
-410935
-410889
-410887
-410873
-410845
-410806
-410803
-410779
-410777
-410746
-410716
-410713
-410650
-410648
-410640
-410595
-410561
-410560
-410507
-410439
-410308
-410284
-410270
-410245
-410244
-410244
-410231
-410230
-410222
-410135
-410132
-410119
-410099
-410081
-410080
-410061
-410050
-410024
-409996
-409993
-409992
-409971
-409924
-409857
-409849
-409684
-409636
-409628
-409610
-409598
-409591
-409589
-409563
-409558
-409554
-409513
-409504
-409500
-409497
-409496
-409475
-409451
-409449
-409427
-409397
-409385
-409374
-409365
-409348
-409325
-409317
-409259
-409253
-409223
-409215
-409185
-409161
-409146
-409113
-409088
-409040
-409000
-408988
-408980
-408958
-408957
-408948
-408938
-408927
-408917
-408916
-408862
-408822
-408808
-408801
-408800
-408790
-408775
-408770
-408663
-408641
-408621
-408612
-408600
-408596
-408561
-408548
-408541
-408535
-408505
-408504
-408487
-408478
-408477
-408462
-408454
-408450
-408437
-408412
-408398
-408357
-408287
-408253
-408207
-408187
-408169
-408155
-408155
-408019
-408016
-407988
-407977
-407968
-407938
-407911
-407886
-407870
-407855
-407842
-407826
-407798
-407791
-407768
-407763
-407754
-407754
-407737
-407736
-407733
-407714
-407708
-407676
-407636
-407589
-407576
-407521
-407482
-407468
-407466
-407458
-407435
-407426
-407406
-407371
-407366
-407361
-407354
-407340
-407314
-407264
-407196
-407172
-407164
-407092
-407090
-407087
-407012
-407010
-406982
-406978
-406968
-406949
-406934
-406925
-406919
-406913
-406911
-406906
-406902
-406892
-406881
-406877
-406877
-406859
-406853
-406848
-406810
-406802
-406793
-406765
-406762
-406744
-406742
-406708
-406702
-406701
-406696
-406672
-406641
-406629
-406620
-406576
-406516
-406477
-406454
-406448
-406420
-406404
-406382
-406381
-406371
-406303
-406284
-406271
-406246
-406233
-406210
-406209
-406207
-406200
-406171
-406144
-406111
-406086
-406083
-406080
-406080
-406047
-406032
-405962
-405955
-405954
-405931
-405899
-405872
-405855
-405851
-405829
-405823
-405813
-405760
-405760
-405650
-405628
-405626
-405600
-405591
-405562
-405538
-405522
-405466
-405462
-405435
-405435
-405409
-405399
-405397
-405361
-405350
-405327
-405283
-405227
-405223
-405194
-405177
-405164
-405157
-405125
-405113
-405113
-405102
-405079
-405052
-405018
-405001
-404983
-404955
-404904
-404902
-404891
-404883
-404883
-404869
-404849
-404818
-404806
-404802
-404801
-404794
-404776
-404773
-404751
-404748
-404736
-404721
-404714
-404699
-404685
-404678
-404668
-404657
-404640
-404618
-404580
-404560
-404539
-404519
-404510
-404499
-404474
-404466
-404465
-404430
-404408
-404343
-404342
-404340
-404322
-404284
-404264
-404214
-404183
-404171
-404161
-404153
-404142
-404138
-404109
-404101
-404079
-404043
-404000
-403994
-403917
-403829
-403829
-403826
-403821
-403782
-403758
-403750
-403732
-403728
-403725
-403722
-403700
-403692
-403687
-403679
-403666
-403629
-403623
-403621
-403578
-403544
-403537
-403535
-403508
-403479
-403461
-403423
-403419
-403390
-403383
-403333
-403314
-403282
-403274
-403267
-403258
-403248
-403229
-403219
-403218
-403196
-403191
-403113
-403099
-403058
-403053
-403047
-403047
-403043
-402998
-402984
-402863
-402850
-402825
-402793
-402793
-402783
-402775
-402764
-402761
-402747
-402741
-402741
-402731
-402694
-402678
-402626
-402595
-402572
-402569
-402535
-402529
-402523
-402471
-402438
-402415
-402399
-402362
-402351
-402340
-402339
-402337
-402328
-402290
-402275
-402246
-402240
-402196
-402192
-402188
-402118
-402109
-402103
-402051
-401999
-401982
-401968
-401943
-401926
-401888
-401884
-401874
-401856
-401830
-401829
-401821
-401811
-401802
-401787
-401773
-401767
-401736
-401703
-401679
-401662
-401638
-401588
-401578
-401576
-401571
-401561
-401559
-401497
-401492
-401483
-401482
-401444
-401417
-401383
-401359
-401327
-401324
-401313
-401313
-401274
-401263
-401263
-401213
-401211
-401190
-401136
-401078
-401032
-401030
-401028
-401014
-400991
-400966
-400958
-400931
-400888
-400851
-400829
-400822
-400812
-400734
-400709
-400657
-400628
-400581
-400565
-400565
-400549
-400480
-400466
-400460
-400419
-400417
-400411
-400408
-400388
-400381
-400345
-400328
-400295
-400275
-400265
-400263
-400261
-400213
-400188
-400117
-400112
-400107
-400093
-400078
-400060
-400046
-400042
-400016
-399949
-399934
-399901
-399874
-399862
-399850
-399845
-399832
-399797
-399733
-399713
-399625
-399618
-399617
-399613
-399606
-399586
-399580
-399559
-399551
-399547
-399531
-399530
-399521
-399519
-399490
-399484
-399437
-399435
-399410
-399370
-399368
-399348
-399344
-399335
-399300
-399265
-399237
-399234
-399220
-399215
-399213
-399201
-399200
-399197
-399183
-399183
-399170
-399145
-399144
-399142
-399125
-399110
-399093
-399076
-399056
-399028
-399020
-399019
-398980
-398953
-398921
-398867
-398856
-398854
-398816
-398811
-398798
-398748
-398744
-398740
-398674
-398663
-398661
-398641
-398633
-398605
-398572
-398559
-398547
-398500
-398497
-398459
-398445
-398432
-398418
-398406
-398401
-398384
-398365
-398361
-398359
-398353
-398346
-398303
-398297
-398284
-398239
-398208
-398196
-398140
-398113
-398090
-398089
-398056
-398045
-398040
-398025
-398023
-397998
-397993
-397977
-397881
-397860
-397841
-397801
-397798
-397765
-397747
-397736
-397731
-397684
-397645
-397637
-397635
-397606
-397606
-397584
-397552
-397524
-397505
-397487
-397461
-397450
-397406
-397388
-397379
-397358
-397356
-397305
-397206
-397184
-397169
-397158
-397153
-397147
-397122
-397121
-397110
-397100
-397083
-397075
-397067
-397040
-396994
-396992
-396992
-396922
-396893
-396887
-396880
-396859
-396830
-396824
-396779
-396774
-396738
-396709
-396694
-396670
-396666
-396592
-396592
-396579
-396543
-396489
-396461
-396454
-396450
-396421
-396421
-396415
-396383
-396366
-396346
-396341
-396330
-396267
-396267
-396262
-396232
-396230
-396196
-396186
-396164
-396135
-396132
-396078
-396060
-396035
-395952
-395934
-395905
-395878
-395865
-395843
-395832
-395801
-395729
-395714
-395713
-395710
-395687
-395673
-395652
-395651
-395646
-395621
-395609
-395604
-395596
-395558
-395555
-395540
-395529
-395508
-395505
-395480
-395457
-395431
-395402
-395376
-395375
-395371
-395355
-395302
-395293
-395293
-395188
-395172
-395171
-395159
-395139
-395124
-395113
-395104
-395087
-395067
-395045
-394994
-394987
-394985
-394981
-394954
-394934
-394868
-394861
-394849
-394818
-394805
-394802
-394788
-394786
-394764
-394737
-394727
-394718
-394704
-394697
-394689
-394639
-394624
-394612
-394606
-394592
-394567
-394530
-394507
-394502
-394496
-394439
-394418
-394415
-394360
-394316
-394315
-394287
-394286
-394286
-394274
-394256
-394249
-394208
-394154
-394149
-394122
-394118
-394110
-394091
-394088
-394071
-394063
-394035
-394021
-394012
-393959
-393923
-393905
-393879
-393869
-393859
-393822
-393821
-393804
-393796
-393765
-393750
-393653
-393631
-393627
-393620
-393620
-393606
-393606
-393594
-393557
-393500
-393481
-393463
-393452
-393367
-393363
-393303
-393300
-393284
-393229
-393229
-393226
-393226
-393220
-393138
-393136
-393113
-393109
-393081
-393012
-393010
-392995
-392989
-392951
-392949
-392945
-392941
-392904
-392900
-392900
-392887
-392878
-392856
-392855
-392839
-392829
-392828
-392755
-392720
-392697
-392602
-392597
-392562
-392537
-392495
-392463
-392451
-392442
-392432
-392429
-392423
-392401
-392386
-392361
-392354
-392353
-392334
-392310
-392290
-392286
-392265
-392265
-392238
-392236
-392162
-392121
-392100
-392071
-392070
-392060
-392060
-392041
-392034
-392030
-391997
-391975
-391962
-391922
-391903
-391891
-391857
-391834
-391834
-391831
-391811
-391799
-391764
-391761
-391739
-391704
-391697
-391676
-391591
-391546
-391542
-391523
-391516
-391466
-391419
-391333
-391285
-391283
-391271
-391254
-391231
-391159
-391141
-391127
-391101
-391083
-391058
-391012
-390927
-390909
-390889
-390860
-390815
-390807
-390803
-390764
-390702
-390695
-390680
-390673
-390598
-390581
-390574
-390570
-390567
-390561
-390540
-390533
-390502
-390470
-390469
-390427
-390427
-390392
-390372
-390330
-390313
-390291
-390278
-390270
-390234
-390230
-390217
-390216
-390215
-390209
-390198
-390144
-390119
-390112
-390094
-390062
-390058
-390050
-390029
-390001
-389951
-389942
-389942
-389903
-389868
-389741
-389715
-389675
-389664
-389638
-389567
-389548
-389546
-389543
-389509
-389438
-389433
-389432
-389424
-389309
-389305
-389301
-389290
-389274
-389264
-389249
-389235
-389190
-389183
-389167
-389144
-389132
-389093
-389088
-389064
-389049
-389040
-389025
-388937
-388937
-388862
-388827
-388782
-388752
-388696
-388670
-388631
-388619
-388609
-388605
-388593
-388558
-388543
-388539
-388459
-388430
-388396
-388394
-388381
-388337
-388316
-388310
-388276
-388236
-388182
-388177
-388168
-388167
-388157
-388155
-388141
-388119
-388090
-388083
-388076
-388075
-388067
-388061
-387992
-387991
-387977
-387977
-387886
-387850
-387801
-387800
-387787
-387775
-387767
-387714
-387692
-387680
-387636
-387631
-387602
-387562
-387557
-387534
-387466
-387461
-387402
-387320
-387320
-387289
-387256
-387244
-387230
-387208
-387169
-387127
-387113
-387093
-387080
-387033
-387021
-387010
-387004
-387001
-386931
-386921
-386892
-386886
-386874
-386863
-386863
-386856
-386853
-386835
-386828
-386811
-386794
-386641
-386626
-386593
-386579
-386574
-386568
-386567
-386560
-386517
-386505
-386496
-386457
-386455
-386454
-386447
-386407
-386403
-386399
-386378
-386360
-386352
-386346
-386325
-386304
-386294
-386293
-386270
-386257
-386249
-386157
-386153
-386137
-386099
-386080
-386066
-386050
-386016
-386007
-385983
-385971
-385960
-385953
-385941
-385938
-385925
-385917
-385895
-385884
-385857
-385811
-385760
-385747
-385743
-385737
-385722
-385706
-385699
-385646
-385637
-385634
-385612
-385609
-385604
-385595
-385508
-385497
-385462
-385458
-385435
-385394
-385392
-385363
-385342
-385308
-385208
-385208
-385144
-385116
-385103
-385075
-385054
-385023
-385013
-385003
-384976
-384973
-384961
-384958
-384955
-384942
-384908
-384895
-384860
-384827
-384749
-384728
-384644
-384625
-384624
-384563
-384524
-384511
-384509
-384442
-384432
-384310
-384276
-384219
-384211
-384201
-384169
-384116
-384097
-384068
-384042
-384033
-384010
-383999
-383928
-383902
-383881
-383876
-383858
-383850
-383747
-383733
-383733
-383673
-383656
-383655
-383626
-383617
-383615
-383606
-383596
-383553
-383548
-383525
-383488
-383480
-383479
-383458
-383454
-383425
-383421
-383406
-383399
-383364
-383282
-383255
-383252
-383234
-383232
-383216
-383180
-383056
-383046
-383042
-383000
-382990
-382980
-382956
-382923
-382920
-382914
-382913
-382912
-382909
-382864
-382796
-382776
-382732
-382725
-382610
-382597
-382545
-382506
-382496
-382495
-382493
-382477
-382473
-382449
-382394
-382368
-382361
-382350
-382327
-382323
-382247
-382212
-382199
-382198
-382190
-382126
-382112
-382110
-382086
-382081
-382050
-382048
-381960
-381890
-381870
-381844
-381842
-381807
-381723
-381715
-381706
-381681
-381667
-381635
-381589
-381563
-381541
-381533
-381491
-381482
-381478
-381455
-381437
-381436
-381436
-381418
-381414
-381401
-381386
-381364
-381356
-381332
-381305
-381290
-381282
-381279
-381273
-381222
-381220
-381219
-381216
-381185
-381172
-381163
-381143
-381118
-381092
-380981
-380964
-380937
-380906
-380882
-380854
-380793
-380782
-380767
-380765
-380729
-380725
-380715
-380714
-380707
-380686
-380661
-380631
-380624
-380620
-380597
-380597
-380580
-380563
-380537
-380507
-380501
-380500
-380433
-380368
-380337
-380328
-380304
-380262
-380245
-380232
-380213
-380207
-380205
-380203
-380177
-380176
-380167
-380133
-380116
-380104
-380097
-380089
-380077
-380020
-380010
-380007
-379987
-379928
-379891
-379884
-379867
-379864
-379861
-379836
-379824
-379821
-379820
-379820
-379815
-379795
-379785
-379781
-379769
-379719
-379696
-379685
-379661
-379642
-379598
-379574
-379561
-379541
-379529
-379509
-379508
-379502
-379495
-379434
-379409
-379387
-379375
-379347
-379235
-379235
-379218
-379212
-379154
-379149
-379145
-379112
-379101
-379036
-379016
-378997
-378959
-378957
-378940
-378907
-378901
-378898
-378853
-378852
-378810
-378789
-378780
-378754
-378739
-378720
-378720
-378712
-378705
-378702
-378689
-378687
-378684
-378677
-378661
-378582
-378548
-378541
-378540
-378518
-378488
-378487
-378464
-378426
-378408
-378369
-378359
-378317
-378300
-378285
-378278
-378240
-378221
-378207
-378201
-378169
-378110
-378107
-378046
-377982
-377923
-377911
-377890
-377886
-377864
-377845
-377844
-377810
-377774
-377773
-377765
-377742
-377737
-377732
-377696
-377694
-377633
-377627
-377600
-377567
-377546
-377543
-377543
-377531
-377501
-377491
-377447
-377411
-377405
-377394
-377380
-377360
-377358
-377355
-377351
-377349
-377328
-377319
-377318
-377304
-377293
-377287
-377213
-377171
-377161
-377146
-377132
-377110
-377106
-377082
-377058
-377055
-377018
-377001
-376973
-376895
-376891
-376846
-376817
-376777
-376771
-376742
-376715
-376710
-376687
-376677
-376642
-376642
-376597
-376580
-376563
-376529
-376489
-376482
-376478
-376454
-376443
-376431
-376403
-376396
-376395
-376391
-376370
-376340
-376335
-376309
-376271
-376249
-376219
-376216
-376206
-376201
-376159
-376148
-376143
-376127
-376121
-376117
-376115
-376104
-376104
-376093
-376084
-376080
-376075
-376067
-376046
-376014
-376010
-375948
-375931
-375922
-375912
-375892
-375856
-375852
-375849
-375823
-375803
-375786
-375739
-375706
-375644
-375644
-375629
-375613
-375587
-375585
-375534
-375526
-375508
-375495
-375477
-375439
-375423
-375369
-375323
-375312
-375296
-375291
-375289
-375283
-375280
-375266
-375260
-375259
-375215
-375213
-375159
-375147
-375118
-375106
-375101
-375060
-375059
-375047
-375044
-375018
-374995
-374994
-374982
-374974
-374948
-374942
-374941
-374937
-374912
-374885
-374858
-374848
-374846
-374821
-374818
-374817
-374808
-374789
-374784
-374781
-374776
-374773
-374768
-374756
-374737
-374693
-374690
-374680
-374680
-374676
-374659
-374658
-374641
-374639
-374638
-374636
-374623
-374586
-374584
-374580
-374567
-374565
-374538
-374532
-374508
-374505
-374505
-374501
-374432
-374405
-374402
-374401
-374398
-374346
-374339
-374331
-374279
-374239
-374239
-374216
-374137
-374128
-374126
-374120
-374059
-374057
-374054
-374053
-374050
-374044
-374026
-373999
-373982
-373967
-373948
-373942
-373936
-373901
-373879
-373866
-373848
-373846
-373845
-373765
-373758
-373660
-373650
-373623
-373563
-373529
-373521
-373520
-373517
-373515
-373503
-373457
-373440
-373427
-373419
-373408
-373394
-373393
-373341
-373294
-373274
-373260
-373252
-373237
-373228
-373188
-373173
-373059
-373053
-373044
-373043
-373027
-373024
-373005
-372997
-372981
-372977
-372975
-372952
-372951
-372854
-372848
-372844
-372816
-372789
-372736
-372730
-372718
-372578
-372576
-372575
-372573
-372570
-372570
-372555
-372550
-372516
-372489
-372480
-372473
-372458
-372427
-372401
-372372
-372356
-372352
-372345
-372319
-372246
-372230
-372229
-372127
-372100
-372045
-372031
-372022
-372010
-371974
-371971
-371969
-371918
-371902
-371879
-371838
-371834
-371818
-371751
-371749
-371721
-371709
-371671
-371662
-371519
-371483
-371482
-371476
-371445
-371425
-371416
-371405
-371395
-371390
-371385
-371376
-371369
-371279
-371245
-371191
-371168
-371158
-371150
-371145
-371139
-371118
-371110
-371082
-371067
-371034
-371024
-371014
-371004
-370962
-370915
-370901
-370884
-370818
-370789
-370784
-370774
-370745
-370737
-370732
-370731
-370679
-370668
-370665
-370663
-370662
-370653
-370652
-370650
-370641
-370626
-370597
-370524
-370462
-370453
-370428
-370407
-370394
-370381
-370360
-370359
-370318
-370312
-370274
-370272
-370262
-370257
-370192
-370143
-370121
-370103
-370077
-370076
-370057
-370013
-369999
-369949
-369942
-369934
-369931
-369921
-369919
-369889
-369850
-369800
-369755
-369678
-369677
-369665
-369654
-369640
-369629
-369628
-369620
-369620
-369619
-369603
-369583
-369543
-369479
-369475
-369461
-369450
-369398
-369357
-369350
-369341
-369328
-369288
-369285
-369265
-369237
-369200
-369200
-369185
-369174
-369154
-369135
-369119
-369115
-369105
-369099
-369099
-369094
-369082
-369065
-369065
-369056
-369032
-369027
-369016
-369000
-368984
-368981
-368976
-368948
-368948
-368897
-368867
-368867
-368864
-368716
-368705
-368678
-368672
-368630
-368609
-368597
-368555
-368521
-368465
-368444
-368385
-368376
-368372
-368362
-368313
-368291
-368286
-368265
-368255
-368240
-368231
-368201
-368166
-368157
-368148
-368131
-368128
-368120
-368102
-368080
-368079
-368059
-368053
-368027
-367952
-367950
-367943
-367939
-367928
-367918
-367918
-367915
-367898
-367887
-367858
-367838
-367830
-367806
-367798
-367792
-367730
-367728
-367695
-367690
-367651
-367642
-367633
-367629
-367606
-367598
-367596
-367590
-367517
-367515
-367504
-367489
-367440
-367437
-367425
-367405
-367379
-367379
-367345
-367324
-367276
-367252
-367247
-367241
-367232
-367230
-367214
-367214
-367204
-367198
-367185
-367162
-367157
-367155
-367133
-367095
-367042
-367003
-366982
-366972
-366961
-366933
-366927
-366927
-366915
-366896
-366890
-366866
-366843
-366840
-366838
-366831
-366826
-366819
-366811
-366808
-366799
-366783
-366750
-366721
-366719
-366682
-366646
-366637
-366636
-366630
-366620
-366571
-366561
-366503
-366481
-366480
-366413
-366409
-366379
-366358
-366350
-366344
-366343
-366328
-366323
-366319
-366277
-366274
-366261
-366213
-366201
-366177
-366173
-366151
-366150
-366147
-366125
-366121
-366100
-366092
-366073
-366048
-366045
-366026
-365976
-365975
-365954
-365953
-365930
-365923
-365918
-365902
-365856
-365850
-365834
-365807
-365800
-365790
-365765
-365752
-365744
-365738
-365716
-365689
-365682
-365678
-365654
-365651
-365624
-365595
-365595
-365570
-365546
-365522
-365448
-365400
-365391
-365376
-365345
-365336
-365278
-365258
-365247
-365229
-365141
-365134
-365124
-365107
-365086
-365067
-365018
-364995
-364970
-364963
-364945
-364932
-364930
-364925
-364925
-364903
-364854
-364841
-364832
-364805
-364697
-364644
-364633
-364615
-364604
-364558
-364553
-364521
-364507
-364473
-364471
-364465
-364441
-364426
-364421
-364386
-364350
-364348
-364344
-364334
-364240
-364223
-364177
-364150
-364140
-364135
-364120
-364115
-364105
-364073
-364027
-364021
-364001
-363994
-363966
-363947
-363942
-363941
-363881
-363873
-363864
-363819
-363818
-363775
-363769
-363757
-363750
-363731
-363720
-363719
-363716
-363684
-363671
-363668
-363611
-363608
-363603
-363580
-363565
-363491
-363490
-363423
-363374
-363372
-363343
-363330
-363306
-363305
-363292
-363290
-363285
-363270
-363227
-363187
-363172
-363171
-363144
-363103
-363096
-363083
-363043
-363001
-363001
-362936
-362929
-362900
-362880
-362877
-362870
-362865
-362841
-362833
-362764
-362745
-362744
-362730
-362717
-362713
-362665
-362651
-362627
-362616
-362616
-362589
-362570
-362566
-362565
-362559
-362542
-362487
-362485
-362473
-362456
-362453
-362439
-362433
-362410
-362408
-362391
-362391
-362386
-362383
-362346
-362342
-362338
-362333
-362296
-362290
-362268
-362263
-362256
-362252
-362243
-362221
-362162
-362155
-362143
-362141
-362124
-362122
-362110
-362103
-362072
-362070
-362020
-362020
-362017
-362013
-361988
-361909
-361880
-361879
-361861
-361820
-361781
-361771
-361770
-361763
-361706
-361698
-361678
-361678
-361671
-361620
-361606
-361599
-361577
-361536
-361526
-361521
-361490
-361486
-361486
-361462
-361438
-361425
-361399
-361398
-361393
-361392
-361357
-361309
-361268
-361235
-361218
-361199
-361164
-361134
-361097
-361073
-361034
-360983
-360931
-360928
-360885
-360870
-360853
-360848
-360790
-360766
-360711
-360680
-360662
-360661
-360588
-360526
-360525
-360467
-360351
-360348
-360302
-360298
-360282
-360249
-360190
-360123
-360119
-360108
-360080
-360077
-360072
-360072
-360066
-360057
-360031
-360024
-360002
-359982
-359971
-359951
-359927
-359918
-359907
-359901
-359888
-359885
-359878
-359873
-359864
-359862
-359856
-359829
-359810
-359805
-359804
-359795
-359790
-359783
-359752
-359745
-359744
-359680
-359672
-359671
-359628
-359618
-359578
-359563
-359546
-359540
-359531
-359528
-359519
-359512
-359511
-359465
-359438
-359420
-359413
-359391
-359375
-359367
-359359
-359347
-359337
-359302
-359274
-359270
-359244
-359239
-359221
-359178
-359172
-359159
-359159
-359155
-359056
-359026
-359016
-359011
-358968
-358931
-358925
-358912
-358908
-358903
-358902
-358878
-358851
-358839
-358769
-358766
-358762
-358740
-358727
-358658
-358641
-358612
-358578
-358568
-358536
-358517
-358483
-358473
-358473
-358447
-358432
-358424
-358389
-358364
-358360
-358356
-358326
-358314
-358314
-358260
-358259
-358231
-358225
-358221
-358221
-358206
-358184
-358174
-358173
-358162
-358155
-358150
-358139
-358132
-358124
-358109
-358061
-358047
-358047
-358018
-357978
-357956
-357929
-357912
-357891
-357835
-357830
-357826
-357825
-357777
-357756
-357720
-357665
-357650
-357612
-357553
-357549
-357519
-357514
-357506
-357500
-357442
-357421
-357417
-357410
-357401
-357390
-357384
-357365
-357359
-357271
-357247
-357223
-357221
-357200
-357195
-357176
-357174
-357171
-357122
-357092
-357082
-357080
-357046
-357045
-356970
-356949
-356920
-356879
-356871
-356858
-356831
-356810
-356779
-356718
-356717
-356714
-356675
-356657
-356656
-356570
-356563
-356540
-356506
-356476
-356467
-356459
-356459
-356435
-356407
-356353
-356343
-356339
-356260
-356254
-356253
-356240
-356229
-356218
-356204
-356201
-356171
-356161
-356150
-356148
-356147
-356147
-356142
-356138
-356088
-356079
-356059
-356057
-356041
-355958
-355928
-355919
-355917
-355912
-355890
-355871
-355827
-355819
-355802
-355769
-355767
-355755
-355686
-355666
-355567
-355562
-355561
-355503
-355497
-355459
-355405
-355357
-355314
-355284
-355273
-355253
-355245
-355236
-355233
-355211
-355191
-355179
-355176
-355172
-355148
-355143
-355135
-355132
-355110
-355102
-355076
-355062
-355042
-355037
-355030
-355025
-354993
-354983
-354970
-354965
-354963
-354947
-354940
-354922
-354916
-354911
-354898
-354889
-354875
-354873
-354866
-354864
-354859
-354841
-354805
-354804
-354804
-354752
-354741
-354715
-354652
-354606
-354600
-354592
-354578
-354569
-354533
-354528
-354515
-354504
-354481
-354411
-354385
-354384
-354382
-354363
-354355
-354354
-354353
-354344
-354324
-354318
-354313
-354286
-354253
-354207
-354172
-354142
-354140
-354110
-354108
-354106
-354097
-354065
-354052
-354037
-354023
-353999
-353988
-353980
-353971
-353923
-353916
-353916
-353905
-353899
-353897
-353884
-353811
-353803
-353753
-353741
-353731
-353723
-353656
-353623
-353617
-353614
-353574
-353556
-353543
-353536
-353536
-353531
-353529
-353515
-353484
-353464
-353464
-353396
-353389
-353332
-353207
-353179
-353175
-353161
-353137
-353084
-353071
-353071
-353063
-353043
-353035
-353004
-352992
-352940
-352853
-352824
-352816
-352802
-352787
-352783
-352781
-352735
-352720
-352699
-352689
-352673
-352672
-352665
-352643
-352629
-352619
-352611
-352563
-352555
-352548
-352527
-352509
-352505
-352497
-352445
-352428
-352382
-352295
-352278
-352274
-352250
-352246
-352225
-352186
-352181
-352163
-352153
-352152
-352127
-352057
-352029
-352012
-352008
-352000
-351940
-351847
-351846
-351843
-351831
-351828
-351826
-351823
-351790
-351769
-351768
-351762
-351756
-351724
-351710
-351701
-351686
-351670
-351650
-351609
-351585
-351551
-351549
-351540
-351518
-351505
-351498
-351472
-351470
-351433
-351426
-351416
-351411
-351404
-351385
-351377
-351375
-351359
-351280
-351218
-351203
-351156
-351141
-351137
-351128
-351096
-351089
-351070
-351054
-351049
-351036
-351023
-351022
-351010
-350996
-350969
-350939
-350925
-350920
-350910
-350864
-350830
-350826
-350757
-350725
-350715
-350697
-350697
-350644
-350555
-350520
-350520
-350479
-350443
-350412
-350372
-350349
-350327
-350277
-350255
-350255
-350251
-350218
-350201
-350178
-350165
-350144
-350135
-350123
-350082
-350062
-350059
-349992
-349969
-349935
-349914
-349891
-349891
-349889
-349887
-349872
-349863
-349852
-349847
-349845
-349839
-349805
-349794
-349792
-349773
-349727
-349721
-349721
-349681
-349649
-349615
-349589
-349573
-349557
-349548
-349544
-349534
-349531
-349507
-349477
-349434
-349390
-349374
-349351
-349338
-349336
-349287
-349284
-349280
-349277
-349268
-349263
-349223
-349217
-349208
-349114
-349097
-349096
-349089
-349072
-349054
-349034
-349033
-349016
-349000
-348968
-348968
-348952
-348932
-348920
-348906
-348879
-348866
-348863
-348842
-348832
-348811
-348807
-348796
-348778
-348698
-348675
-348656
-348581
-348569
-348554
-348549
-348547
-348531
-348518
-348498
-348494
-348476
-348459
-348455
-348454
-348452
-348440
-348434
-348424
-348417
-348380
-348365
-348362
-348335
-348306
-348302
-348279
-348250
-348238
-348231
-348186
-348158
-348140
-348086
-348070
-348009
-347978
-347967
-347931
-347924
-347922
-347880
-347871
-347869
-347797
-347791
-347789
-347787
-347773
-347766
-347764
-347756
-347751
-347741
-347736
-347717
-347671
-347665
-347632
-347623
-347612
-347562
-347514
-347504
-347501
-347470
-347423
-347380
-347378
-347346
-347319
-347307
-347236
-347233
-347208
-347208
-347199
-347161
-347150
-347144
-347137
-347134
-347097
-347094
-347045
-347044
-347031
-347024
-346972
-346933
-346928
-346927
-346919
-346905
-346884
-346871
-346798
-346751
-346709
-346696
-346557
-346543
-346537
-346488
-346485
-346480
-346451
-346413
-346407
-346326
-346322
-346321
-346281
-346273
-346257
-346245
-346235
-346223
-346190
-346181
-346169
-346149
-346110
-346080
-346023
-345958
-345923
-345900
-345898
-345884
-345864
-345823
-345799
-345747
-345661
-345640
-345632
-345622
-345620
-345613
-345573
-345519
-345482
-345458
-345450
-345443
-345421
-345418
-345404
-345396
-345385
-345360
-345357
-345330
-345292
-345259
-345240
-345239
-345126
-345089
-345034
-345022
-345011
-344992
-344991
-344960
-344924
-344898
-344889
-344876
-344871
-344832
-344826
-344825
-344809
-344808
-344793
-344790
-344786
-344783
-344783
-344781
-344712
-344706
-344705
-344701
-344670
-344666
-344644
-344612
-344592
-344531
-344517
-344452
-344433
-344392
-344363
-344341
-344339
-344338
-344332
-344322
-344270
-344262
-344249
-344235
-344208
-344197
-344179
-344167
-344139
-344117
-344103
-344066
-344045
-344022
-343993
-343978
-343960
-343958
-343954
-343949
-343948
-343946
-343925
-343869
-343857
-343843
-343830
-343812
-343804
-343785
-343782
-343775
-343773
-343760
-343713
-343704
-343685
-343674
-343653
-343642
-343623
-343615
-343576
-343560
-343545
-343542
-343494
-343460
-343453
-343448
-343446
-343433
-343413
-343410
-343408
-343375
-343368
-343329
-343325
-343297
-343287
-343286
-343271
-343267
-343263
-343230
-343216
-343205
-343164
-343111
-343088
-343078
-343046
-343028
-343023
-343015
-343010
-343003
-342974
-342954
-342916
-342915
-342888
-342874
-342864
-342839
-342836
-342804
-342744
-342717
-342714
-342713
-342670
-342631
-342612
-342609
-342585
-342539
-342528
-342513
-342500
-342483
-342451
-342449
-342443
-342442
-342433
-342425
-342410
-342400
-342383
-342378
-342338
-342324
-342303
-342293
-342286
-342275
-342274
-342208
-342048
-342047
-342040
-342010
-341990
-341984
-341968
-341945
-341944
-341928
-341887
-341882
-341809
-341793
-341762
-341732
-341714
-341665
-341654
-341644
-341632
-341601
-341558
-341526
-341442
-341436
-341414
-341361
-341344
-341343
-341315
-341294
-341290
-341230
-341220
-341177
-341172
-341172
-341162
-341145
-341132
-341122
-341122
-341114
-341062
-341052
-341000
-340992
-340981
-340964
-340957
-340956
-340952
-340947
-340932
-340929
-340915
-340892
-340887
-340833
-340809
-340799
-340774
-340760
-340744
-340740
-340717
-340694
-340692
-340675
-340658
-340654
-340649
-340639
-340607
-340601
-340597
-340589
-340520
-340520
-340503
-340452
-340429
-340415
-340415
-340410
-340409
-340384
-340379
-340349
-340317
-340313
-340284
-340247
-340220
-340202
-340194
-340184
-340183
-340183
-340173
-340110
-340108
-340105
-340081
-340071
-340058
-340054
-340042
-340039
-340008
-340002
-339990
-339971
-339970
-339967
-339961
-339946
-339910
-339909
-339902
-339877
-339859
-339845
-339827
-339745
-339743
-339734
-339723
-339654
-339619
-339594
-339553
-339551
-339523
-339522
-339516
-339500
-339489
-339475
-339471
-339463
-339458
-339454
-339443
-339416
-339416
-339358
-339351
-339301
-339281
-339268
-339255
-339246
-339244
-339203
-339169
-339153
-339152
-339148
-339145
-339137
-339121
-339120
-339096
-339065
-339056
-339032
-339018
-339007
-338994
-338912
-338901
-338885
-338879
-338853
-338844
-338796
-338784
-338776
-338757
-338757
-338672
-338668
-338611
-338600
-338574
-338553
-338549
-338547
-338539
-338526
-338513
-338495
-338491
-338477
-338428
-338401
-338380
-338367
-338321
-338307
-338300
-338296
-338289
-338273
-338265
-338257
-338252
-338227
-338201
-338180
-338147
-338139
-338124
-338122
-338120
-338102
-338101
-338098
-338093
-338091
-338065
-338063
-338062
-338061
-338045
-338022
-337968
-337949
-337944
-337874
-337862
-337842
-337838
-337823
-337806
-337791
-337775
-337732
-337720
-337703
-337686
-337682
-337667
-337652
-337634
-337630
-337611
-337597
-337567
-337565
-337559
-337541
-337533
-337530
-337526
-337474
-337472
-337472
-337456
-337394
-337389
-337384
-337366
-337344
-337307
-337299
-337287
-337283
-337259
-337251
-337249
-337218
-337207
-337203
-337196
-337187
-337170
-337165
-337135
-337131
-337126
-337122
-337112
-337103
-337101
-337087
-337086
-337075
-337071
-337063
-337061
-337002
-336981
-336974
-336967
-336939
-336896
-336856
-336807
-336799
-336775
-336773
-336746
-336733
-336721
-336669
-336669
-336653
-336647
-336631
-336626
-336618
-336584
-336578
-336536
-336508
-336482
-336469
-336464
-336444
-336432
-336387
-336372
-336369
-336336
-336324
-336320
-336308
-336286
-336278
-336260
-336251
-336214
-336204
-336204
-336192
-336191
-336177
-336166
-336144
-336134
-336112
-336081
-336057
-336028
-336014
-335998
-335963
-335884
-335872
-335865
-335844
-335825
-335822
-335773
-335762
-335755
-335752
-335713
-335668
-335643
-335597
-335512
-335505
-335438
-335406
-335395
-335387
-335375
-335371
-335368
-335360
-335333
-335315
-335309
-335307
-335297
-335229
-335208
-335207
-335202
-335198
-335188
-335181
-335179
-335166
-335153
-335133
-335118
-335097
-335051
-335028
-335027
-335027
-335006
-335004
-334999
-334996
-334994
-334990
-334952
-334939
-334888
-334877
-334864
-334861
-334813
-334806
-334787
-334779
-334764
-334754
-334739
-334710
-334685
-334666
-334653
-334639
-334639
-334625
-334623
-334533
-334532
-334510
-334495
-334494
-334485
-334485
-334480
-334444
-334422
-334387
-334374
-334362
-334354
-334353
-334320
-334310
-334301
-334279
-334276
-334250
-334232
-334225
-334196
-334174
-334151
-334145
-334131
-334123
-334075
-334069
-334058
-334022
-334021
-333970
-333969
-333962
-333950
-333924
-333903
-333894
-333881
-333852
-333831
-333818
-333807
-333790
-333790
-333697
-333694
-333680
-333675
-333658
-333616
-333610
-333603
-333597
-333569
-333546
-333526
-333500
-333486
-333483
-333477
-333458
-333455
-333454
-333419
-333396
-333378
-333361
-333301
-333300
-333277
-333255
-333246
-333229
-333193
-333191
-333176
-333159
-333128
-333125
-333117
-333090
-333088
-333083
-333068
-333052
-332906
-332817
-332814
-332813
-332740
-332737
-332732
-332731
-332699
-332690
-332673
-332669
-332588
-332588
-332576
-332564
-332556
-332553
-332548
-332514
-332462
-332428
-332399
-332382
-332366
-332352
-332322
-332317
-332309
-332284
-332282
-332273
-332261
-332258
-332164
-332116
-332112
-332077
-332032
-332006
-332005
-331984
-331982
-331954
-331947
-331907
-331875
-331866
-331825
-331799
-331766
-331755
-331743
-331733
-331715
-331714
-331711
-331707
-331694
-331589
-331582
-331573
-331565
-331564
-331516
-331478
-331477
-331477
-331468
-331467
-331464
-331463
-331419
-331408
-331384
-331368
-331336
-331321
-331315
-331279
-331272
-331238
-331201
-331199
-331194
-331175
-331127
-331097
-331093
-331080
-331050
-331049
-331039
-331038
-331009
-330907
-330903
-330817
-330769
-330767
-330763
-330757
-330744
-330725
-330702
-330680
-330663
-330637
-330632
-330628
-330617
-330616
-330547
-330526
-330472
-330426
-330425
-330420
-330365
-330327
-330313
-330304
-330299
-330246
-330242
-330220
-330215
-330187
-330163
-330157
-330155
-330151
-330150
-330139
-330079
-330055
-330030
-330013
-329955
-329865
-329828
-329817
-329739
-329735
-329733
-329726
-329706
-329666
-329611
-329608
-329572
-329553
-329542
-329536
-329524
-329507
-329502
-329488
-329485
-329474
-329468
-329446
-329437
-329436
-329424
-329416
-329407
-329389
-329372
-329368
-329364
-329333
-329313
-329311
-329303
-329303
-329299
-329282
-329267
-329259
-329258
-329213
-329200
-329194
-329193
-329110
-329085
-329078
-329054
-329039
-329023
-329017
-329013
-328994
-328987
-328978
-328978
-328975
-328954
-328945
-328931
-328930
-328917
-328907
-328872
-328856
-328845
-328837
-328827
-328806
-328791
-328775
-328763
-328727
-328722
-328715
-328714
-328709
-328706
-328687
-328676
-328646
-328639
-328617
-328595
-328585
-328581
-328544
-328521
-328510
-328473
-328446
-328440
-328437
-328430
-328387
-328361
-328329
-328327
-328313
-328310
-328290
-328268
-328261
-328259
-328222
-328187
-328161
-328148
-328126
-328061
-328048
-328044
-328030
-328003
-327989
-327964
-327938
-327928
-327902
-327836
-327829
-327732
-327713
-327703
-327680
-327643
-327635
-327620
-327574
-327549
-327538
-327536
-327522
-327491
-327487
-327483
-327468
-327434
-327434
-327407
-327400
-327367
-327312
-327311
-327296
-327273
-327241
-327240
-327232
-327222
-327212
-327191
-327167
-327143
-327139
-327096
-327086
-327080
-327035
-327033
-327020
-327015
-326984
-326960
-326940
-326933
-326922
-326919
-326894
-326865
-326843
-326834
-326803
-326752
-326744
-326687
-326665
-326632
-326616
-326603
-326588
-326561
-326533
-326523
-326507
-326491
-326472
-326437
-326426
-326426
-326390
-326386
-326382
-326372
-326368
-326355
-326322
-326317
-326282
-326275
-326257
-326236
-326234
-326218
-326206
-326202
-326178
-326121
-326111
-326074
-325989
-325958
-325943
-325899
-325884
-325873
-325869
-325862
-325819
-325809
-325809
-325783
-325777
-325764
-325757
-325756
-325703
-325703
-325699
-325672
-325642
-325611
-325577
-325565
-325530
-325509
-325489
-325487
-325466
-325460
-325415
-325358
-325337
-325331
-325328
-325323
-325288
-325280
-325252
-325224
-325210
-325199
-325195
-325187
-325186
-325186
-325147
-325128
-325107
-325054
-324957
-324937
-324925
-324836
-324829
-324818
-324811
-324803
-324788
-324779
-324726
-324699
-324662
-324660
-324626
-324606
-324591
-324563
-324561
-324516
-324496
-324478
-324478
-324468
-324393
-324369
-324361
-324354
-324341
-324325
-324272
-324260
-324243
-324243
-324235
-324210
-324191
-324153
-324120
-324101
-324094
-324091
-324084
-324048
-324003
-323993
-323971
-323954
-323827
-323822
-323760
-323753
-323741
-323736
-323713
-323701
-323696
-323695
-323690
-323688
-323675
-323669
-323657
-323649
-323640
-323640
-323634
-323591
-323584
-323536
-323521
-323517
-323503
-323489
-323470
-323449
-323447
-323445
-323438
-323416
-323415
-323412
-323392
-323329
-323314
-323306
-323304
-323295
-323231
-323228
-323182
-323162
-323137
-323075
-323062
-323038
-323029
-322990
-322976
-322973
-322964
-322949
-322928
-322917
-322862
-322862
-322861
-322856
-322825
-322813
-322804
-322802
-322796
-322782
-322777
-322751
-322702
-322663
-322656
-322636
-322549
-322548
-322547
-322541
-322541
-322531
-322507
-322458
-322450
-322446
-322444
-322424
-322406
-322363
-322324
-322310
-322293
-322264
-322246
-322244
-322241
-322232
-322217
-322162
-322075
-322063
-322053
-322034
-322033
-322026
-322018
-322011
-321979
-321955
-321947
-321937
-321929
-321920
-321905
-321839
-321825
-321804
-321797
-321754
-321741
-321723
-321713
-321708
-321703
-321698
-321693
-321683
-321678
-321664
-321664
-321659
-321647
-321642
-321632
-321630
-321609
-321606
-321566
-321565
-321556
-321538
-321533
-321514
-321502
-321481
-321470
-321438
-321429
-321419
-321418
-321410
-321395
-321382
-321356
-321348
-321339
-321326
-321323
-321319
-321302
-321301
-321286
-321270
-321247
-321237
-321236
-321205
-321203
-321195
-321151
-321149
-321136
-321110
-321109
-321085
-321084
-321073
-321017
-320963
-320957
-320927
-320918
-320916
-320914
-320879
-320877
-320865
-320864
-320854
-320841
-320771
-320742
-320739
-320735
-320734
-320727
-320727
-320721
-320698
-320695
-320667
-320666
-320616
-320593
-320571
-320553
-320526
-320496
-320493
-320485
-320478
-320460
-320458
-320452
-320366
-320279
-320212
-320182
-320181
-320169
-320163
-320143
-320124
-320105
-320101
-320097
-320086
-320073
-320070
-320039
-320009
-319998
-319980
-319966
-319949
-319913
-319909
-319894
-319889
-319862
-319857
-319823
-319822
-319801
-319781
-319755
-319753
-319746
-319733
-319728
-319728
-319727
-319678
-319666
-319650
-319644
-319634
-319631
-319617
-319617
-319565
-319510
-319476
-319465
-319463
-319461
-319421
-319413
-319390
-319369
-319354
-319332
-319313
-319297
-319290
-319261
-319247
-319214
-319187
-319175
-319134
-319129
-319111
-319106
-319031
-318977
-318966
-318914
-318909
-318896
-318863
-318850
-318839
-318837
-318833
-318831
-318822
-318786
-318774
-318774
-318758
-318743
-318723
-318681
-318639
-318636
-318616
-318616
-318578
-318575
-318548
-318543
-318528
-318456
-318416
-318409
-318407
-318398
-318359
-318337
-318313
-318312
-318286
-318257
-318240
-318234
-318197
-318180
-318163
-318124
-318120
-318084
-318080
-318070
-318031
-318009
-317996
-317986
-317950
-317932
-317895
-317873
-317842
-317839
-317819
-317768
-317767
-317749
-317742
-317721
-317718
-317703
-317695
-317689
-317642
-317619
-317604
-317596
-317557
-317515
-317472
-317467
-317460
-317444
-317418
-317417
-317405
-317403
-317397
-317397
-317360
-317353
-317314
-317294
-317272
-317266
-317221
-317211
-317175
-317164
-317142
-317121
-317104
-317101
-317090
-317075
-317060
-317051
-317049
-316986
-316952
-316945
-316927
-316919
-316908
-316834
-316817
-316783
-316780
-316756
-316736
-316689
-316654
-316582
-316579
-316566
-316565
-316544
-316527
-316506
-316467
-316458
-316456
-316445
-316445
-316409
-316395
-316381
-316373
-316327
-316315
-316307
-316282
-316268
-316266
-316264
-316253
-316251
-316196
-316154
-316087
-316081
-316076
-316064
-316063
-316027
-316010
-315989
-315973
-315971
-315950
-315876
-315844
-315726
-315719
-315682
-315639
-315580
-315572
-315547
-315527
-315501
-315476
-315459
-315459
-315447
-315437
-315411
-315411
-315409
-315349
-315309
-315291
-315290
-315282
-315241
-315203
-315188
-315183
-315156
-315146
-315116
-315109
-315103
-315095
-315080
-315077
-315063
-315050
-315046
-314999
-314978
-314978
-314934
-314882
-314865
-314822
-314757
-314714
-314640
-314628
-314579
-314565
-314557
-314532
-314518
-314503
-314419
-314381
-314372
-314372
-314339
-314322
-314268
-314229
-314224
-314220
-314218
-314214
-314174
-314153
-314147
-314139
-314102
-314098
-314083
-314060
-314060
-314056
-314039
-314001
-313951
-313922
-313917
-313916
-313908
-313904
-313898
-313897
-313873
-313833
-313799
-313790
-313777
-313764
-313740
-313733
-313722
-313722
-313708
-313670
-313628
-313570
-313511
-313407
-313407
-313341
-313341
-313334
-313276
-313254
-313222
-313219
-313211
-313199
-313183
-313124
-313121
-313100
-313077
-313064
-313050
-313049
-313038
-313005
-312970
-312955
-312947
-312946
-312919
-312912
-312911
-312907
-312891
-312882
-312877
-312857
-312846
-312806
-312803
-312792
-312754
-312724
-312669
-312647
-312624
-312577
-312540
-312540
-312537
-312532
-312520
-312465
-312459
-312419
-312407
-312388
-312384
-312336
-312165
-312141
-312121
-312110
-312108
-312101
-312096
-312029
-312028
-312016
-312000
-311896
-311864
-311849
-311849
-311833
-311822
-311776
-311721
-311708
-311667
-311610
-311593
-311534
-311533
-311509
-311405
-311395
-311360
-311324
-311299
-311297
-311147
-311123
-311096
-311089
-311087
-311079
-311053
-311042
-311039
-311035
-311019
-311013
-311005
-310987
-310986
-310958
-310949
-310931
-310927
-310899
-310884
-310859
-310851
-310851
-310846
-310829
-310828
-310824
-310822
-310810
-310808
-310793
-310772
-310761
-310758
-310751
-310749
-310711
-310679
-310673
-310650
-310619
-310606
-310599
-310562
-310558
-310550
-310542
-310531
-310521
-310498
-310479
-310451
-310431
-310425
-310423
-310411
-310351
-310346
-310331
-310325
-310319
-310276
-310253
-310202
-310194
-310190
-310161
-310123
-310113
-310083
-310032
-310020
-310014
-309978
-309974
-309957
-309935
-309928
-309924
-309918
-309908
-309886
-309778
-309772
-309758
-309748
-309745
-309736
-309727
-309710
-309708
-309689
-309657
-309651
-309649
-309614
-309520
-309512
-309506
-309502
-309478
-309477
-309474
-309451
-309444
-309429
-309412
-309409
-309401
-309387
-309351
-309330
-309284
-309234
-309217
-309211
-309126
-309105
-309082
-309061
-309034
-309014
-308950
-308944
-308888
-308886
-308836
-308835
-308815
-308775
-308733
-308708
-308600
-308599
-308568
-308560
-308544
-308468
-308463
-308436
-308426
-308422
-308409
-308399
-308351
-308302
-308298
-308293
-308260
-308246
-308244
-308243
-308235
-308208
-308202
-308169
-308161
-308147
-308135
-308038
-308015
-307964
-307902
-307901
-307885
-307784
-307783
-307781
-307776
-307768
-307766
-307728
-307715
-307713
-307711
-307700
-307670
-307641
-307631
-307623
-307619
-307573
-307570
-307529
-307444
-307406
-307401
-307398
-307363
-307341
-307332
-307263
-307255
-307250
-307167
-307083
-307070
-307025
-307022
-307002
-306958
-306944
-306916
-306886
-306861
-306801
-306787
-306781
-306778
-306770
-306760
-306753
-306750
-306747
-306747
-306735
-306715
-306692
-306675
-306643
-306632
-306620
-306607
-306602
-306576
-306554
-306551
-306546
-306509
-306452
-306441
-306419
-306409
-306359
-306356
-306340
-306337
-306314
-306287
-306285
-306260
-306230
-306230
-306217
-306156
-306143
-306132
-306102
-306102
-306095
-306023
-306006
-305995
-305941
-305924
-305890
-305872
-305856
-305835
-305814
-305794
-305785
-305761
-305734
-305712
-305697
-305693
-305679
-305665
-305657
-305631
-305615
-305612
-305597
-305594
-305594
-305590
-305567
-305542
-305538
-305518
-305518
-305515
-305502
-305491
-305468
-305434
-305434
-305429
-305420
-305386
-305379
-305343
-305315
-305308
-305265
-305259
-305251
-305235
-305227
-305223
-305213
-305162
-305156
-305127
-305110
-305093
-305081
-305076
-305012
-305010
-304992
-304976
-304969
-304957
-304923
-304902
-304894
-304842
-304837
-304814
-304708
-304684
-304648
-304622
-304593
-304562
-304541
-304532
-304523
-304501
-304477
-304443
-304427
-304415
-304394
-304385
-304379
-304336
-304273
-304270
-304260
-304242
-304242
-304241
-304229
-304192
-304134
-304134
-304123
-304106
-304101
-304059
-304053
-304035
-303997
-303996
-303996
-303958
-303903
-303895
-303795
-303770
-303769
-303760
-303750
-303675
-303674
-303616
-303594
-303587
-303568
-303552
-303545
-303517
-303516
-303492
-303475
-303463
-303456
-303359
-303344
-303334
-303330
-303324
-303321
-303315
-303282
-303282
-303280
-303278
-303245
-303220
-303215
-303207
-303151
-303117
-303105
-303067
-303029
-303029
-303018
-303007
-302990
-302956
-302940
-302938
-302914
-302899
-302876
-302848
-302844
-302805
-302804
-302798
-302790
-302786
-302743
-302739
-302722
-302713
-302695
-302670
-302663
-302645
-302627
-302621
-302621
-302619
-302616
-302610
-302588
-302565
-302559
-302513
-302512
-302476
-302473
-302457
-302449
-302448
-302447
-302443
-302430
-302400
-302397
-302387
-302357
-302354
-302291
-302290
-302267
-302233
-302216
-302183
-302152
-302070
-302063
-302044
-302029
-302022
-301996
-301989
-301982
-301965
-301919
-301906
-301883
-301843
-301831
-301812
-301787
-301760
-301732
-301728
-301677
-301666
-301616
-301568
-301547
-301524
-301474
-301464
-301444
-301440
-301440
-301420
-301403
-301389
-301324
-301314
-301312
-301276
-301251
-301250
-301204
-301204
-301203
-301201
-301172
-301149
-301137
-301113
-301099
-301094
-301088
-301061
-301024
-301006
-301004
-301002
-300980
-300918
-300917
-300914
-300897
-300834
-300823
-300810
-300800
-300764
-300759
-300748
-300710
-300687
-300675
-300664
-300620
-300605
-300582
-300566
-300551
-300539
-300484
-300475
-300440
-300425
-300420
-300399
-300392
-300389
-300386
-300373
-300352
-300259
-300185
-300182
-300167
-300148
-300139
-300134
-300129
-300126
-300106
-300100
-300094
-300090
-300049
-300047
-299993
-299989
-299982
-299977
-299962
-299933
-299913
-299899
-299773
-299606
-299589
-299558
-299556
-299540
-299526
-299506
-299499
-299492
-299489
-299488
-299404
-299402
-299355
-299344
-299321
-299307
-299304
-299288
-299280
-299275
-299248
-299180
-299179
-299175
-299122
-299119
-299113
-299096
-299088
-299079
-299001
-298998
-298970
-298907
-298880
-298865
-298812
-298803
-298799
-298789
-298778
-298768
-298761
-298746
-298710
-298660
-298657
-298634
-298579
-298555
-298550
-298516
-298511
-298503
-298497
-298478
-298462
-298454
-298418
-298404
-298393
-298393
-298384
-298384
-298331
-298263
-298239
-298237
-298220
-298206
-298156
-298083
-298058
-298044
-298012
-297967
-297932
-297883
-297853
-297852
-297845
-297837
-297818
-297766
-297746
-297689
-297687
-297642
-297632
-297605
-297598
-297590
-297585
-297583
-297575
-297563
-297557
-297527
-297518
-297506
-297482
-297480
-297464
-297415
-297410
-297375
-297367
-297351
-297332
-297295
-297269
-297261
-297251
-297208
-297171
-297103
-297099
-297012
-296971
-296970
-296961
-296944
-296942
-296939
-296914
-296912
-296897
-296880
-296807
-296772
-296753
-296747
-296740
-296739
-296721
-296716
-296713
-296700
-296696
-296688
-296664
-296646
-296612
-296608
-296514
-296485
-296482
-296469
-296451
-296442
-296439
-296437
-296429
-296418
-296386
-296384
-296372
-296363
-296358
-296352
-296346
-296346
-296268
-296265
-296263
-296192
-296170
-296143
-296078
-296076
-296062
-296061
-296060
-296055
-296003
-295951
-295929
-295894
-295874
-295851
-295848
-295841
-295826
-295808
-295786
-295768
-295757
-295673
-295670
-295662
-295600
-295595
-295573
-295557
-295498
-295449
-295444
-295422
-295412
-295404
-295394
-295393
-295368
-295352
-295346
-295340
-295322
-295310
-295308
-295287
-295277
-295267
-295255
-295157
-295128
-295124
-295122
-295055
-295033
-295020
-294975
-294968
-294968
-294958
-294937
-294930
-294876
-294866
-294825
-294811
-294808
-294763
-294723
-294718
-294642
-294630
-294629
-294623
-294605
-294590
-294568
-294546
-294526
-294490
-294486
-294472
-294396
-294375
-294324
-294317
-294284
-294238
-294209
-294151
-294127
-294116
-294109
-294078
-294067
-293988
-293966
-293958
-293917
-293899
-293893
-293890
-293880
-293857
-293787
-293767
-293764
-293707
-293698
-293691
-293681
-293678
-293654
-293631
-293626
-293606
-293580
-293531
-293530
-293523
-293509
-293494
-293481
-293463
-293449
-293448
-293422
-293421
-293419
-293400
-293365
-293355
-293341
-293305
-293272
-293224
-293221
-293208
-293148
-293147
-293121
-293114
-293101
-293096
-293090
-293068
-293062
-293046
-293042
-293024
-293020
-292953
-292945
-292903
-292902
-292833
-292808
-292792
-292755
-292752
-292744
-292740
-292736
-292728
-292701
-292677
-292650
-292613
-292601
-292597
-292596
-292594
-292582
-292563
-292563
-292533
-292523
-292518
-292516
-292498
-292485
-292485
-292446
-292430
-292418
-292353
-292324
-292314
-292284
-292269
-292266
-292266
-292244
-292240
-292216
-292205
-292203
-292194
-292171
-292113
-292110
-292093
-292067
-292056
-291994
-291982
-291971
-291969
-291935
-291905
-291901
-291899
-291871
-291870
-291818
-291800
-291798
-291736
-291720
-291714
-291708
-291690
-291680
-291672
-291651
-291625
-291620
-291588
-291585
-291534
-291507
-291505
-291505
-291505
-291489
-291474
-291447
-291430
-291407
-291406
-291398
-291396
-291391
-291355
-291344
-291343
-291337
-291328
-291295
-291247
-291243
-291235
-291206
-291202
-291195
-291155
-291153
-291145
-291137
-291134
-291086
-291076
-291060
-291051
-291028
-291015
-291001
-290994
-290980
-290973
-290972
-290963
-290963
-290954
-290951
-290950
-290944
-290933
-290917
-290902
-290887
-290880
-290860
-290848
-290823
-290814
-290790
-290789
-290765
-290763
-290758
-290711
-290694
-290672
-290648
-290645
-290640
-290617
-290575
-290526
-290509
-290501
-290476
-290458
-290425
-290425
-290425
-290418
-290417
-290376
-290355
-290353
-290313
-290310
-290287
-290264
-290243
-290221
-290206
-290165
-290162
-290141
-290126
-290124
-290080
-290072
-290044
-290035
-290020
-290014
-290005
-289978
-289966
-289964
-289959
-289958
-289941
-289904
-289885
-289840
-289808
-289769
-289745
-289739
-289735
-289719
-289705
-289704
-289689
-289688
-289685
-289664
-289600
-289592
-289535
-289530
-289525
-289523
-289520
-289509
-289508
-289480
-289459
-289451
-289441
-289366
-289343
-289336
-289332
-289327
-289312
-289279
-289264
-289230
-289227
-289224
-289223
-289221
-289211
-289198
-289190
-289147
-289130
-289117
-289093
-289075
-289073
-289057
-289039
-289026
-289009
-289006
-289001
-288999
-288960
-288954
-288931
-288920
-288915
-288909
-288878
-288877
-288866
-288824
-288812
-288810
-288807
-288786
-288720
-288712
-288709
-288701
-288693
-288684
-288617
-288616
-288598
-288576
-288565
-288516
-288510
-288488
-288479
-288456
-288438
-288412
-288343
-288340
-288339
-288305
-288293
-288268
-288248
-288236
-288236
-288222
-288160
-288115
-288072
-288070
-288062
-288061
-288039
-288035
-287980
-287968
-287966
-287962
-287960
-287952
-287940
-287936
-287894
-287847
-287846
-287825
-287810
-287801
-287785
-287773
-287684
-287643
-287620
-287616
-287608
-287593
-287555
-287486
-287453
-287403
-287380
-287313
-287299
-287294
-287281
-287269
-287239
-287222
-287220
-287190
-287139
-287121
-287100
-287072
-287052
-287046
-287040
-287038
-287033
-287005
-287000
-286979
-286945
-286936
-286884
-286781
-286744
-286744
-286719
-286714
-286705
-286687
-286673
-286668
-286637
-286633
-286611
-286591
-286539
-286518
-286501
-286468
-286462
-286434
-286429
-286407
-286402
-286376
-286360
-286353
-286347
-286320
-286306
-286254
-286197
-286148
-286144
-286119
-286079
-286066
-286055
-286053
-286052
-286041
-286033
-285994
-285983
-285978
-285966
-285952
-285940
-285922
-285917
-285907
-285889
-285888
-285856
-285853
-285827
-285812
-285805
-285743
-285733
-285703
-285701
-285656
-285653
-285634
-285503
-285493
-285476
-285474
-285454
-285454
-285439
-285432
-285410
-285403
-285388
-285369
-285368
-285367
-285335
-285332
-285310
-285305
-285278
-285268
-285257
-285234
-285221
-285212
-285185
-285158
-285098
-285058
-285051
-285037
-285030
-285021
-285016
-285004
-284977
-284945
-284881
-284875
-284874
-284864
-284851
-284789
-284785
-284761
-284666
-284653
-284627
-284610
-284609
-284572
-284566
-284532
-284469
-284421
-284418
-284416
-284401
-284398
-284381
-284366
-284319
-284297
-284291
-284288
-284268
-284221
-284103
-284098
-284061
-284042
-284009
-283974
-283931
-283910
-283906
-283902
-283902
-283879
-283782
-283739
-283739
-283736
-283716
-283713
-283713
-283680
-283668
-283662
-283654
-283636
-283624
-283621
-283615
-283603
-283536
-283527
-283465
-283447
-283444
-283438
-283432
-283413
-283412
-283400
-283388
-283382
-283356
-283345
-283330
-283305
-283266
-283261
-283236
-283231
-283230
-283230
-283215
-283207
-283195
-283195
-283182
-283143
-283109
-283087
-283076
-283046
-283045
-283042
-283032
-283016
-282993
-282926
-282921
-282883
-282875
-282830
-282794
-282746
-282732
-282705
-282701
-282692
-282646
-282640
-282629
-282625
-282623
-282599
-282578
-282536
-282529
-282527
-282462
-282447
-282395
-282313
-282289
-282284
-282273
-282254
-282237
-282236
-282233
-282210
-282177
-282164
-282108
-282100
-282083
-282052
-282008
-281990
-281956
-281955
-281947
-281919
-281914
-281884
-281815
-281812
-281773
-281758
-281729
-281725
-281635
-281632
-281616
-281616
-281613
-281582
-281577
-281577
-281561
-281471
-281430
-281415
-281381
-281376
-281359
-281358
-281347
-281342
-281261
-281254
-281254
-281250
-281237
-281233
-281207
-281191
-281165
-281156
-281144
-281108
-281087
-281045
-280919
-280887
-280849
-280840
-280840
-280836
-280829
-280820
-280807
-280803
-280800
-280754
-280728
-280693
-280689
-280654
-280644
-280594
-280585
-280546
-280546
-280543
-280540
-280464
-280461
-280455
-280437
-280420
-280356
-280318
-280291
-280247
-280186
-280177
-280166
-280115
-280107
-280101
-280061
-280052
-280010
-279996
-279985
-279946
-279943
-279940
-279925
-279919
-279856
-279814
-279807
-279804
-279802
-279791
-279764
-279739
-279727
-279666
-279664
-279636
-279627
-279614
-279610
-279608
-279576
-279525
-279513
-279499
-279489
-279458
-279454
-279451
-279444
-279418
-279390
-279367
-279320
-279320
-279300
-279294
-279221
-279167
-279125
-279120
-279110
-279100
-279098
-279045
-279036
-279002
-278983
-278983
-278974
-278970
-278961
-278956
-278947
-278909
-278904
-278868
-278802
-278779
-278772
-278768
-278752
-278737
-278716
-278702
-278685
-278677
-278670
-278620
-278596
-278588
-278569
-278529
-278518
-278508
-278485
-278461
-278438
-278429
-278407
-278380
-278363
-278340
-278332
-278312
-278310
-278265
-278260
-278258
-278193
-278190
-278189
-278179
-278169
-278162
-278142
-278138
-278134
-278120
-278108
-278104
-278053
-278047
-277984
-277983
-277982
-277910
-277906
-277894
-277892
-277890
-277862
-277859
-277837
-277822
-277787
-277783
-277783
-277781
-277772
-277747
-277696
-277680
-277643
-277642
-277615
-277613
-277571
-277557
-277545
-277525
-277493
-277490
-277446
-277446
-277417
-277387
-277383
-277348
-277343
-277322
-277266
-277230
-277209
-277152
-277146
-277108
-277094
-277088
-277066
-277047
-277041
-277012
-277006
-276978
-276973
-276928
-276909
-276896
-276835
-276802
-276800
-276797
-276779
-276704
-276685
-276676
-276675
-276648
-276602
-276579
-276564
-276561
-276553
-276551
-276548
-276542
-276532
-276528
-276497
-276467
-276438
-276343
-276317
-276285
-276252
-276234
-276219
-276219
-276149
-276144
-276114
-276114
-276088
-276004
-275992
-275979
-275947
-275910
-275889
-275884
-275872
-275829
-275802
-275799
-275787
-275733
-275668
-275657
-275646
-275591
-275556
-275524
-275469
-275436
-275366
-275363
-275360
-275333
-275331
-275331
-275296
-275270
-275265
-275254
-275251
-275233
-275213
-275192
-275176
-275159
-275126
-275115
-275113
-275065
-275040
-275027
-274984
-274944
-274939
-274925
-274855
-274827
-274820
-274800
-274780
-274729
-274714
-274688
-274684
-274682
-274676
-274671
-274640
-274632
-274621
-274621
-274612
-274607
-274578
-274563
-274482
-274482
-274457
-274446
-274445
-274413
-274352
-274347
-274337
-274332
-274267
-274211
-274175
-274156
-274152
-274133
-274094
-274093
-274085
-274052
-274044
-274032
-274021
-273954
-273950
-273938
-273916
-273913
-273898
-273869
-273854
-273840
-273817
-273807
-273775
-273756
-273751
-273740
-273738
-273734
-273721
-273678
-273636
-273635
-273615
-273603
-273601
-273580
-273448
-273427
-273404
-273389
-273370
-273361
-273352
-273280
-273270
-273261
-273231
-273227
-273210
-273207
-273201
-273168
-273161
-273152
-273151
-273147
-273126
-273112
-273096
-273071
-273063
-273045
-273035
-272974
-272972
-272954
-272949
-272944
-272931
-272929
-272929
-272926
-272910
-272904
-272788
-272782
-272779
-272757
-272747
-272688
-272687
-272621
-272620
-272597
-272564
-272549
-272547
-272528
-272516
-272453
-272444
-272418
-272395
-272375
-272354
-272349
-272329
-272328
-272323
-272322
-272304
-272300
-272286
-272224
-272222
-272160
-272147
-272140
-272115
-272082
-272079
-272076
-272061
-272041
-271977
-271956
-271943
-271928
-271928
-271865
-271809
-271776
-271751
-271729
-271728
-271724
-271720
-271711
-271691
-271650
-271632
-271615
-271599
-271595
-271586
-271582
-271572
-271570
-271545
-271527
-271523
-271464
-271452
-271446
-271441
-271431
-271396
-271382
-271377
-271357
-271339
-271337
-271325
-271321
-271309
-271298
-271264
-271258
-271258
-271246
-271243
-271201
-271198
-271181
-271155
-271149
-271122
-271080
-271039
-271005
-270927
-270917
-270874
-270873
-270853
-270810
-270762
-270760
-270751
-270714
-270713
-270703
-270661
-270646
-270646
-270632
-270561
-270536
-270523
-270476
-270472
-270447
-270320
-270290
-270284
-270282
-270263
-270248
-270215
-270165
-270149
-270145
-270107
-270100
-270095
-270076
-270062
-270018
-270001
-269982
-269972
-269968
-269949
-269941
-269936
-269927
-269854
-269828
-269825
-269818
-269816
-269802
-269694
-269637
-269605
-269591
-269572
-269569
-269536
-269504
-269455
-269393
-269372
-269370
-269328
-269310
-269286
-269236
-269226
-269212
-269208
-269203
-269173
-269147
-269117
-269109
-269057
-269043
-269012
-268972
-268940
-268935
-268914
-268911
-268894
-268894
-268892
-268874
-268873
-268871
-268835
-268813
-268809
-268746
-268732
-268711
-268665
-268653
-268618
-268581
-268573
-268566
-268563
-268548
-268534
-268530
-268527
-268456
-268423
-268423
-268385
-268359
-268245
-268240
-268211
-268211
-268181
-268170
-268168
-268167
-268156
-268130
-268103
-268073
-268067
-268046
-267967
-267955
-267949
-267934
-267924
-267849
-267830
-267822
-267815
-267811
-267798
-267775
-267751
-267712
-267682
-267662
-267659
-267630
-267561
-267531
-267503
-267487
-267484
-267471
-267464
-267458
-267457
-267450
-267426
-267417
-267404
-267396
-267342
-267340
-267312
-267287
-267280
-267277
-267269
-267260
-267249
-267243
-267235
-267207
-267173
-267172
-267155
-267154
-267149
-267131
-267120
-267108
-267094
-267061
-267033
-267030
-267029
-267001
-266981
-266976
-266972
-266955
-266902
-266868
-266868
-266865
-266843
-266823
-266816
-266751
-266695
-266692
-266671
-266671
-266648
-266629
-266609
-266582
-266565
-266557
-266529
-266529
-266515
-266498
-266476
-266410
-266407
-266404
-266382
-266381
-266358
-266336
-266331
-266318
-266313
-266299
-266278
-266245
-266228
-266147
-266126
-266079
-266071
-266000
-265929
-265909
-265874
-265867
-265864
-265778
-265773
-265764
-265754
-265727
-265707
-265612
-265605
-265586
-265584
-265560
-265550
-265550
-265528
-265469
-265440
-265433
-265428
-265427
-265422
-265412
-265384
-265336
-265296
-265283
-265220
-265136
-265109
-265101
-265066
-265050
-265046
-265023
-264982
-264981
-264980
-264976
-264956
-264920
-264896
-264851
-264851
-264805
-264777
-264735
-264696
-264672
-264670
-264661
-264660
-264599
-264593
-264569
-264493
-264478
-264476
-264456
-264446
-264396
-264318
-264293
-264275
-264259
-264213
-264203
-264191
-264171
-264139
-264129
-264101
-264092
-264069
-264068
-264038
-264016
-264016
-264011
-264010
-264003
-263986
-263985
-263977
-263958
-263950
-263930
-263927
-263913
-263902
-263872
-263864
-263824
-263791
-263785
-263777
-263742
-263735
-263724
-263706
-263685
-263653
-263623
-263619
-263603
-263598
-263565
-263556
-263555
-263537
-263525
-263512
-263497
-263491
-263490
-263482
-263460
-263434
-263427
-263426
-263400
-263389
-263329
-263323
-263321
-263295
-263286
-263233
-263207
-263177
-263165
-263142
-263137
-262983
-262967
-262965
-262900
-262891
-262880
-262867
-262789
-262785
-262768
-262753
-262719
-262718
-262685
-262681
-262671
-262665
-262657
-262655
-262642
-262616
-262595
-262589
-262562
-262530
-262529
-262509
-262492
-262389
-262385
-262383
-262381
-262344
-262245
-262212
-262212
-262212
-262189
-262136
-262129
-262087
-262087
-261958
-261954
-261942
-261938
-261935
-261934
-261921
-261899
-261878
-261836
-261802
-261789
-261758
-261752
-261733
-261722
-261702
-261684
-261658
-261632
-261602
-261597
-261596
-261579
-261570
-261562
-261553
-261547
-261512
-261480
-261463
-261427
-261427
-261423
-261416
-261368
-261342
-261325
-261321
-261320
-261306
-261278
-261258
-261225
-261222
-261206
-261187
-261183
-261166
-261163
-261142
-261134
-261124
-261123
-261120
-261119
-261101
-261096
-261091
-261091
-261065
-261053
-261021
-261010
-261003
-261002
-260973
-260972
-260953
-260839
-260827
-260811
-260809
-260795
-260781
-260780
-260769
-260736
-260702
-260700
-260687
-260680
-260585
-260568
-260527
-260506
-260503
-260497
-260472
-260472
-260456
-260438
-260429
-260410
-260390
-260370
-260358
-260356
-260353
-260333
-260332
-260248
-260240
-260222
-260191
-260175
-260169
-260109
-260098
-260088
-260075
-260066
-260028
-259997
-259988
-259970
-259951
-259938
-259905
-259899
-259892
-259883
-259870
-259864
-259780
-259765
-259743
-259732
-259667
-259626
-259606
-259605
-259585
-259505
-259483
-259479
-259429
-259378
-259326
-259311
-259308
-259307
-259303
-259296
-259253
-259219
-259190
-259185
-259172
-259140
-259111
-259110
-259102
-259083
-259077
-259077
-259063
-258999
-258998
-258951
-258941
-258904
-258868
-258808
-258797
-258791
-258782
-258782
-258749
-258722
-258710
-258690
-258634
-258633
-258625
-258608
-258605
-258588
-258552
-258538
-258506
-258505
-258475
-258445
-258424
-258406
-258387
-258348
-258335
-258319
-258305
-258300
-258286
-258283
-258222
-258201
-258189
-258179
-258143
-258124
-258124
-258119
-258117
-258109
-258101
-258085
-258051
-258027
-257997
-257977
-257975
-257967
-257954
-257945
-257924
-257890
-257860
-257789
-257783
-257780
-257779
-257774
-257745
-257738
-257718
-257715
-257713
-257696
-257621
-257617
-257616
-257588
-257584
-257570
-257567
-257562
-257538
-257532
-257530
-257484
-257482
-257474
-257411
-257354
-257353
-257338
-257286
-257280
-257242
-257204
-257203
-257199
-257184
-257166
-257130
-257113
-257098
-257071
-257037
-257036
-256984
-256969
-256958
-256928
-256910
-256875
-256864
-256849
-256818
-256794
-256709
-256688
-256653
-256650
-256541
-256534
-256521
-256514
-256507
-256477
-256455
-256446
-256436
-256431
-256427
-256396
-256380
-256298
-256232
-256205
-256203
-256175
-256104
-256092
-256091
-256077
-256051
-256021
-255956
-255954
-255954
-255931
-255909
-255885
-255882
-255864
-255861
-255820
-255803
-255792
-255776
-255735
-255708
-255699
-255675
-255664
-255655
-255614
-255601
-255579
-255543
-255513
-255508
-255497
-255487
-255467
-255455
-255453
-255424
-255391
-255338
-255320
-255315
-255306
-255293
-255257
-255218
-255216
-255187
-255178
-255152
-255116
-255098
-255097
-255097
-255085
-255076
-255074
-255069
-255022
-255016
-254993
-254991
-254964
-254940
-254929
-254901
-254895
-254862
-254855
-254821
-254749
-254737
-254730
-254727
-254724
-254668
-254637
-254631
-254612
-254596
-254568
-254528
-254514
-254478
-254472
-254463
-254449
-254440
-254360
-254331
-254326
-254283
-254261
-254253
-254247
-254192
-254165
-254142
-254123
-254071
-254055
-254039
-254033
-254025
-253981
-253969
-253933
-253927
-253925
-253879
-253862
-253831
-253824
-253817
-253792
-253787
-253786
-253751
-253725
-253723
-253710
-253696
-253691
-253666
-253662
-253659
-253659
-253561
-253549
-253536
-253508
-253500
-253499
-253487
-253446
-253407
-253388
-253359
-253345
-253337
-253335
-253334
-253322
-253317
-253288
-253255
-253225
-253218
-253208
-253200
-253195
-253138
-253099
-253070
-253016
-252985
-252976
-252944
-252909
-252897
-252896
-252895
-252893
-252873
-252867
-252866
-252799
-252790
-252783
-252772
-252733
-252681
-252674
-252671
-252651
-252644
-252615
-252613
-252599
-252589
-252582
-252566
-252565
-252474
-252457
-252455
-252452
-252450
-252442
-252407
-252402
-252328
-252328
-252303
-252300
-252300
-252255
-252238
-252209
-252186
-252167
-252159
-252149
-252134
-252089
-252071
-252068
-252063
-252049
-252014
-251984
-251971
-251970
-251932
-251908
-251890
-251864
-251796
-251794
-251777
-251775
-251698
-251686
-251680
-251668
-251639
-251614
-251584
-251565
-251552
-251548
-251502
-251463
-251441
-251424
-251367
-251343
-251269
-251263
-251229
-251218
-251211
-251192
-251181
-251166
-251160
-251160
-251133
-251131
-251124
-251121
-251104
-251083
-251069
-251058
-251052
-251031
-251018
-250978
-250945
-250927
-250905
-250902
-250878
-250870
-250843
-250839
-250794
-250788
-250745
-250742
-250719
-250699
-250699
-250685
-250670
-250664
-250663
-250639
-250626
-250618
-250581
-250506
-250475
-250413
-250392
-250306
-250306
-250301
-250295
-250294
-250285
-250219
-250194
-250164
-250161
-250151
-250145
-250132
-250099
-250087
-250069
-250046
-249986
-249985
-249932
-249918
-249892
-249884
-249869
-249859
-249842
-249834
-249830
-249800
-249789
-249785
-249774
-249767
-249763
-249751
-249703
-249698
-249695
-249664
-249654
-249624
-249608
-249599
-249589
-249572
-249540
-249540
-249528
-249527
-249514
-249509
-249486
-249484
-249470
-249467
-249440
-249403
-249376
-249351
-249337
-249315
-249300
-249292
-249278
-249274
-249272
-249129
-249120
-249118
-248858
-248846
-248816
-248810
-248808
-248805
-248798
-248786
-248771
-248709
-248695
-248683
-248671
-248671
-248633
-248632
-248632
-248625
-248624
-248598
-248579
-248537
-248530
-248490
-248441
-248422
-248378
-248350
-248339
-248333
-248307
-248293
-248288
-248209
-248180
-248138
-248123
-248106
-248100
-248068
-248064
-248063
-248039
-248033
-248001
-247988
-247966
-247946
-247925
-247901
-247901
-247900
-247895
-247887
-247867
-247864
-247854
-247847
-247826
-247821
-247817
-247798
-247789
-247750
-247746
-247708
-247650
-247641
-247626
-247623
-247617
-247612
-247603
-247601
-247592
-247571
-247552
-247469
-247426
-247417
-247407
-247399
-247393
-247385
-247383
-247364
-247351
-247346
-247302
-247296
-247273
-247262
-247256
-247252
-247196
-247184
-247151
-247119
-247106
-247042
-247017
-247009
-246982
-246944
-246943
-246939
-246938
-246928
-246920
-246884
-246863
-246833
-246795
-246784
-246767
-246750
-246735
-246653
-246644
-246602
-246538
-246537
-246518
-246504
-246475
-246434
-246434
-246395
-246386
-246376
-246361
-246307
-246289
-246278
-246270
-246268
-246189
-246148
-246137
-246134
-246116
-246033
-246033
-246023
-245967
-245966
-245947
-245942
-245941
-245905
-245857
-245855
-245816
-245737
-245720
-245679
-245649
-245633
-245629
-245619
-245594
-245593
-245580
-245572
-245569
-245562
-245558
-245554
-245551
-245527
-245500
-245437
-245415
-245400
-245371
-245329
-245276
-245257
-245254
-245246
-245225
-245223
-245172
-245168
-245148
-245141
-245135
-245085
-245024
-245016
-245010
-245007
-244961
-244951
-244901
-244897
-244882
-244871
-244866
-244834
-244823
-244802
-244794
-244777
-244771
-244738
-244708
-244689
-244656
-244633
-244617
-244611
-244604
-244602
-244561
-244528
-244502
-244494
-244469
-244411
-244385
-244384
-244341
-244331
-244310
-244300
-244264
-244245
-244243
-244241
-244227
-244220
-244197
-244126
-244119
-244108
-244089
-244081
-244046
-243943
-243928
-243916
-243866
-243853
-243836
-243803
-243800
-243785
-243771
-243767
-243751
-243711
-243701
-243697
-243697
-243659
-243638
-243637
-243628
-243603
-243563
-243550
-243549
-243544
-243539
-243469
-243465
-243444
-243412
-243398
-243383
-243379
-243369
-243365
-243355
-243335
-243332
-243303
-243298
-243253
-243229
-243228
-243203
-243191
-243188
-243166
-243160
-243141
-243130
-243101
-243069
-243009
-242973
-242870
-242838
-242822
-242805
-242804
-242770
-242749
-242739
-242732
-242692
-242644
-242612
-242606
-242598
-242554
-242551
-242537
-242535
-242504
-242487
-242446
-242390
-242356
-242342
-242300
-242262
-242239
-242230
-242225
-242192
-242183
-242153
-242145
-242138
-242137
-242128
-242115
-242085
-242083
-242052
-242036
-242028
-242004
-242000
-241986
-241960
-241936
-241934
-241931
-241915
-241912
-241832
-241809
-241797
-241763
-241754
-241749
-241746
-241728
-241726
-241659
-241652
-241635
-241634
-241633
-241627
-241575
-241572
-241544
-241539
-241491
-241488
-241451
-241451
-241438
-241408
-241351
-241341
-241333
-241330
-241324
-241227
-241210
-241193
-241170
-241157
-241148
-241107
-241066
-241058
-241049
-241044
-241031
-241026
-240981
-240959
-240940
-240903
-240881
-240811
-240771
-240769
-240731
-240690
-240675
-240668
-240624
-240593
-240560
-240560
-240557
-240545
-240503
-240499
-240497
-240413
-240396
-240370
-240345
-240320
-240307
-240294
-240276
-240201
-240162
-240156
-240054
-240029
-240007
-239996
-239986
-239942
-239942
-239939
-239932
-239931
-239927
-239868
-239860
-239824
-239819
-239813
-239764
-239688
-239676
-239675
-239607
-239577
-239571
-239568
-239553
-239550
-239550
-239548
-239546
-239543
-239490
-239434
-239427
-239425
-239425
-239407
-239397
-239396
-239371
-239331
-239297
-239284
-239282
-239249
-239073
-239007
-239005
-238990
-238974
-238934
-238933
-238933
-238930
-238928
-238924
-238919
-238910
-238888
-238877
-238856
-238845
-238843
-238832
-238759
-238706
-238675
-238663
-238644
-238637
-238599
-238557
-238537
-238532
-238526
-238517
-238517
-238517
-238509
-238497
-238497
-238488
-238478
-238457
-238425
-238412
-238411
-238387
-238379
-238362
-238334
-238309
-238304
-238269
-238267
-238257
-238242
-238228
-238227
-238224
-238204
-238192
-238161
-238091
-238062
-238048
-237993
-237988
-237981
-237942
-237920
-237908
-237820
-237801
-237798
-237764
-237758
-237750
-237736
-237697
-237689
-237685
-237654
-237644
-237634
-237591
-237535
-237531
-237480
-237439
-237438
-237436
-237387
-237383
-237380
-237377
-237334
-237326
-237294
-237273
-237250
-237233
-237217
-237196
-237191
-237097
-237027
-237008
-236939
-236892
-236873
-236869
-236853
-236833
-236774
-236765
-236758
-236738
-236730
-236713
-236688
-236658
-236648
-236629
-236628
-236618
-236613
-236612
-236565
-236565
-236479
-236473
-236449
-236439
-236433
-236431
-236391
-236374
-236360
-236340
-236316
-236313
-236308
-236293
-236281
-236267
-236267
-236265
-236204
-236136
-236124
-236124
-236116
-236094
-236069
-236069
-236063
-236047
-236035
-236017
-236008
-235983
-235951
-235924
-235911
-235874
-235870
-235836
-235820
-235805
-235794
-235785
-235773
-235725
-235709
-235707
-235699
-235697
-235675
-235667
-235659
-235656
-235635
-235634
-235609
-235599
-235556
-235499
-235494
-235475
-235451
-235402
-235377
-235371
-235362
-235346
-235327
-235309
-235292
-235291
-235282
-235256
-235242
-235240
-235232
-235190
-235175
-235157
-235154
-235122
-235115
-235082
-235039
-235002
-234998
-234891
-234890
-234859
-234819
-234803
-234761
-234671
-234660
-234652
-234641
-234627
-234614
-234605
-234594
-234542
-234475
-234458
-234457
-234444
-234421
-234368
-234305
-234276
-234275
-234273
-234268
-234260
-234240
-234235
-234171
-234148
-234147
-234144
-234133
-234124
-234082
-234081
-234034
-234006
-234006
-233962
-233940
-233905
-233871
-233871
-233854
-233843
-233841
-233834
-233829
-233818
-233816
-233792
-233754
-233746
-233730
-233727
-233724
-233706
-233671
-233660
-233617
-233583
-233576
-233561
-233535
-233529
-233525
-233472
-233457
-233434
-233399
-233395
-233383
-233375
-233362
-233256
-233238
-233232
-233216
-233174
-233162
-233153
-233153
-233140
-233123
-233096
-233047
-233027
-233013
-233002
-232953
-232942
-232940
-232937
-232917
-232901
-232889
-232876
-232858
-232846
-232839
-232834
-232791
-232785
-232778
-232716
-232710
-232704
-232704
-232702
-232693
-232682
-232680
-232655
-232598
-232591
-232562
-232560
-232525
-232505
-232471
-232465
-232454
-232416
-232408
-232400
-232388
-232374
-232323
-232319
-232298
-232266
-232253
-232220
-232192
-232180
-232169
-232152
-232146
-232131
-232119
-232099
-232073
-232071
-232049
-232037
-232022
-231989
-231978
-231970
-231961
-231957
-231940
-231914
-231907
-231895
-231892
-231865
-231838
-231832
-231829
-231809
-231797
-231765
-231737
-231709
-231675
-231666
-231654
-231645
-231610
-231598
-231596
-231581
-231549
-231541
-231536
-231527
-231510
-231468
-231394
-231385
-231378
-231374
-231365
-231354
-231329
-231328
-231326
-231313
-231237
-231208
-231192
-231185
-231181
-231150
-231132
-231126
-231111
-231098
-231065
-231041
-231034
-231003
-230983
-230970
-230947
-230945
-230926
-230923
-230885
-230874
-230870
-230851
-230833
-230795
-230792
-230759
-230739
-230719
-230627
-230626
-230613
-230593
-230578
-230560
-230534
-230526
-230513
-230483
-230443
-230436
-230434
-230427
-230412
-230412
-230404
-230389
-230374
-230363
-230332
-230294
-230226
-230179
-230127
-230123
-230122
-230109
-230105
-230094
-229970
-229958
-229949
-229934
-229897
-229890
-229884
-229879
-229857
-229815
-229781
-229776
-229769
-229729
-229727
-229688
-229667
-229634
-229634
-229629
-229585
-229583
-229570
-229514
-229508
-229481
-229465
-229460
-229459
-229447
-229418
-229403
-229389
-229389
-229377
-229354
-229336
-229274
-229261
-229254
-229225
-229215
-229179
-229110
-229057
-228940
-228927
-228920
-228891
-228885
-228867
-228863
-228819
-228819
-228802
-228783
-228764
-228724
-228651
-228639
-228592
-228580
-228573
-228554
-228514
-228510
-228472
-228463
-228456
-228408
-228397
-228384
-228383
-228380
-228357
-228349
-228328
-228321
-228309
-228288
-228283
-228273
-228266
-228240
-228230
-228215
-228173
-228162
-228134
-228122
-228108
-228073
-228073
-228046
-228007
-227927
-227920
-227914
-227876
-227873
-227870
-227819
-227780
-227767
-227762
-227754
-227744
-227731
-227715
-227710
-227704
-227694
-227683
-227662
-227655
-227644
-227601
-227565
-227564
-227546
-227530
-227522
-227498
-227495
-227493
-227456
-227449
-227434
-227405
-227383
-227370
-227367
-227342
-227338
-227292
-227281
-227230
-227227
-227190
-227147
-227113
-227085
-227012
-227001
-226997
-226992
-226987
-226987
-226946
-226905
-226895
-226886
-226859
-226858
-226855
-226812
-226794
-226790
-226743
-226716
-226703
-226703
-226688
-226681
-226670
-226643
-226621
-226605
-226598
-226591
-226560
-226548
-226488
-226456
-226406
-226389
-226388
-226378
-226355
-226302
-226288
-226278
-226278
-226222
-226194
-226163
-226152
-226129
-226120
-226108
-226073
-226060
-226026
-226020
-226009
-226009
-226000
-225961
-225945
-225928
-225924
-225893
-225836
-225787
-225769
-225736
-225713
-225676
-225663
-225637
-225628
-225602
-225599
-225588
-225538
-225528
-225500
-225494
-225473
-225470
-225466
-225464
-225461
-225458
-225451
-225448
-225446
-225401
-225401
-225396
-225381
-225349
-225346
-225252
-225235
-225227
-225201
-225200
-225190
-225183
-225182
-225149
-225142
-225139
-225104
-225101
-225099
-225064
-225035
-225033
-225019
-225015
-225000
-224999
-224975
-224945
-224904
-224844
-224840
-224828
-224815
-224810
-224782
-224770
-224751
-224734
-224684
-224679
-224616
-224607
-224581
-224580
-224533
-224529
-224518
-224451
-224429
-224415
-224412
-224395
-224367
-224361
-224360
-224331
-224325
-224262
-224256
-224242
-224162
-224124
-224120
-224076
-224017
-224008
-224004
-223994
-223952
-223892
-223868
-223860
-223832
-223761
-223722
-223709
-223701
-223699
-223690
-223673
-223670
-223665
-223656
-223654
-223650
-223582
-223551
-223551
-223411
-223387
-223382
-223357
-223316
-223293
-223280
-223277
-223252
-223213
-223205
-223199
-223197
-223145
-223125
-223081
-223079
-223078
-223062
-223035
-223010
-222998
-222972
-222969
-222959
-222955
-222955
-222947
-222912
-222896
-222891
-222881
-222855
-222798
-222779
-222744
-222742
-222677
-222670
-222654
-222604
-222590
-222584
-222556
-222553
-222547
-222490
-222484
-222448
-222443
-222439
-222430
-222410
-222396
-222393
-222339
-222305
-222276
-222257
-222234
-222166
-222165
-222165
-222144
-222091
-222076
-222065
-222039
-222036
-221976
-221951
-221951
-221873
-221866
-221851
-221824
-221814
-221784
-221781
-221772
-221754
-221749
-221742
-221726
-221668
-221649
-221620
-221614
-221614
-221602
-221596
-221590
-221559
-221554
-221521
-221490
-221474
-221464
-221415
-221373
-221370
-221363
-221360
-221331
-221327
-221275
-221268
-221239
-221212
-221202
-221199
-221188
-221168
-221158
-221155
-221151
-221149
-221114
-221085
-221083
-221073
-221072
-221002
-220939
-220937
-220928
-220924
-220921
-220857
-220856
-220853
-220841
-220837
-220799
-220796
-220773
-220751
-220717
-220708
-220699
-220681
-220667
-220644
-220619
-220608
-220512
-220492
-220476
-220448
-220422
-220403
-220375
-220370
-220365
-220362
-220353
-220342
-220342
-220333
-220324
-220316
-220273
-220252
-220209
-220196
-220168
-220092
-220077
-220042
-220040
-220022
-220002
-219954
-219946
-219937
-219921
-219890
-219862
-219848
-219845
-219840
-219813
-219811
-219809
-219773
-219756
-219726
-219706
-219680
-219677
-219665
-219647
-219633
-219626
-219612
-219564
-219544
-219527
-219505
-219494
-219474
-219462
-219450
-219415
-219399
-219391
-219383
-219372
-219362
-219335
-219329
-219328
-219318
-219313
-219306
-219287
-219263
-219256
-219252
-219238
-219230
-219223
-219203
-219165
-219141
-219134
-219126
-219100
-219082
-219062
-219052
-219051
-219008
-219008
-219006
-218939
-218931
-218895
-218869
-218862
-218857
-218774
-218745
-218744
-218743
-218725
-218723
-218720
-218703
-218688
-218685
-218677
-218633
-218601
-218543
-218541
-218531
-218500
-218495
-218492
-218452
-218421
-218418
-218414
-218404
-218385
-218354
-218333
-218326
-218290
-218266
-218255
-218250
-218250
-218248
-218225
-218200
-218197
-218176
-218169
-218167
-218160
-218158
-218139
-218132
-218084
-218078
-218075
-218057
-218027
-218016
-217990
-217980
-217976
-217953
-217921
-217886
-217863
-217861
-217806
-217772
-217768
-217765
-217755
-217745
-217729
-217716
-217713
-217703
-217604
-217522
-217520
-217511
-217510
-217434
-217431
-217425
-217384
-217377
-217330
-217320
-217297
-217283
-217276
-217271
-217244
-217229
-217216
-217210
-217209
-217200
-217172
-217145
-217107
-217074
-217065
-217047
-217041
-217026
-216992
-216962
-216922
-216918
-216895
-216888
-216863
-216800
-216772
-216759
-216745
-216713
-216667
-216645
-216632
-216607
-216586
-216572
-216569
-216530
-216499
-216497
-216475
-216452
-216413
-216392
-216382
-216364
-216352
-216348
-216344
-216330
-216296
-216292
-216275
-216273
-216255
-216255
-216252
-216247
-216246
-216234
-216203
-216201
-216201
-216177
-216171
-216161
-216150
-216144
-216143
-216142
-216112
-216093
-216048
-215991
-215971
-215968
-215935
-215913
-215891
-215861
-215843
-215785
-215770
-215761
-215759
-215727
-215705
-215635
-215623
-215606
-215593
-215567
-215529
-215491
-215475
-215469
-215458
-215391
-215369
-215332
-215314
-215302
-215286
-215275
-215264
-215251
-215244
-215229
-215228
-215096
-215063
-215031
-215030
-215021
-214994
-214926
-214911
-214905
-214901
-214900
-214867
-214849
-214846
-214837
-214824
-214820
-214811
-214798
-214794
-214765
-214755
-214754
-214693
-214675
-214673
-214671
-214654
-214639
-214635
-214624
-214581
-214566
-214564
-214563
-214551
-214517
-214497
-214468
-214458
-214446
-214434
-214427
-214383
-214372
-214347
-214339
-214312
-214305
-214294
-214286
-214278
-214270
-214265
-214256
-214254
-214188
-214187
-214174
-214170
-214168
-214145
-214131
-214091
-214074
-214008
-214003
-213973
-213937
-213927
-213895
-213892
-213876
-213848
-213843
-213833
-213761
-213748
-213734
-213730
-213724
-213722
-213714
-213713
-213709
-213699
-213684
-213671
-213620
-213618
-213613
-213586
-213473
-213467
-213454
-213431
-213414
-213395
-213394
-213392
-213373
-213355
-213220
-213200
-213184
-213172
-213170
-213148
-213123
-213113
-213101
-213089
-213066
-213063
-213034
-213027
-213002
-212986
-212978
-212944
-212887
-212881
-212870
-212865
-212861
-212840
-212819
-212747
-212665
-212652
-212648
-212628
-212617
-212614
-212608
-212551
-212517
-212511
-212485
-212478
-212470
-212454
-212335
-212331
-212320
-212307
-212304
-212283
-212281
-212269
-212246
-212235
-212214
-212209
-212205
-212195
-212194
-212162
-212148
-212115
-212092
-212076
-212036
-212034
-212032
-212031
-212012
-212011
-212009
-211986
-211981
-211975
-211971
-211962
-211958
-211956
-211943
-211937
-211924
-211924
-211901
-211885
-211884
-211881
-211787
-211744
-211743
-211739
-211737
-211732
-211725
-211714
-211695
-211644
-211558
-211520
-211499
-211495
-211493
-211484
-211423
-211363
-211361
-211340
-211338
-211331
-211313
-211283
-211259
-211191
-211095
-211067
-211066
-210995
-210985
-210984
-210984
-210966
-210944
-210929
-210929
-210910
-210909
-210881
-210877
-210871
-210841
-210827
-210821
-210820
-210805
-210787
-210694
-210683
-210677
-210613
-210613
-210603
-210581
-210577
-210567
-210539
-210512
-210502
-210495
-210472
-210454
-210396
-210321
-210305
-210234
-210227
-210179
-210160
-210110
-210107
-210071
-210069
-210050
-209998
-209988
-209973
-209920
-209912
-209902
-209899
-209875
-209862
-209852
-209850
-209838
-209825
-209771
-209768
-209745
-209734
-209700
-209692
-209653
-209636
-209608
-209607
-209534
-209509
-209505
-209463
-209460
-209435
-209403
-209372
-209370
-209364
-209357
-209327
-209308
-209295
-209294
-209285
-209239
-209212
-209202
-209152
-209128
-209124
-209099
-209035
-209032
-209026
-209023
-209005
-208965
-208957
-208956
-208911
-208885
-208877
-208871
-208846
-208796
-208783
-208780
-208769
-208756
-208738
-208679
-208663
-208612
-208539
-208493
-208485
-208465
-208444
-208442
-208430
-208422
-208407
-208376
-208360
-208359
-208326
-208258
-208250
-208204
-208191
-208178
-208167
-208141
-208139
-208073
-208044
-207988
-207983
-207974
-207960
-207941
-207891
-207877
-207870
-207869
-207846
-207842
-207825
-207816
-207798
-207794
-207785
-207757
-207738
-207737
-207711
-207701
-207688
-207651
-207646
-207608
-207597
-207591
-207574
-207553
-207515
-207502
-207494
-207492
-207477
-207475
-207448
-207435
-207424
-207380
-207378
-207365
-207333
-207322
-207316
-207300
-207295
-207251
-207218
-207208
-207126
-207124
-207061
-206964
-206947
-206877
-206863
-206851
-206811
-206809
-206795
-206784
-206753
-206752
-206748
-206745
-206745
-206743
-206698
-206677
-206651
-206632
-206629
-206617
-206589
-206586
-206583
-206561
-206552
-206540
-206535
-206518
-206515
-206498
-206472
-206418
-206407
-206345
-206328
-206325
-206290
-206281
-206255
-206236
-206232
-206213
-206210
-206171
-206167
-206160
-206153
-206141
-206115
-206082
-206048
-206030
-206022
-206019
-206016
-205978
-205929
-205927
-205927
-205922
-205906
-205899
-205883
-205867
-205836
-205817
-205813
-205791
-205747
-205746
-205707
-205699
-205629
-205629
-205600
-205596
-205595
-205582
-205573
-205529
-205528
-205506
-205482
-205481
-205464
-205435
-205392
-205368
-205350
-205349
-205334
-205320
-205316
-205299
-205293
-205290
-205266
-205264
-205234
-205223
-205218
-205216
-205211
-205210
-205142
-205137
-205133
-205086
-205086
-205083
-205077
-205077
-205074
-204951
-204905
-204900
-204889
-204875
-204875
-204863
-204855
-204849
-204842
-204821
-204816
-204790
-204780
-204777
-204764
-204742
-204722
-204699
-204669
-204662
-204649
-204641
-204632
-204594
-204549
-204524
-204517
-204507
-204494
-204471
-204416
-204397
-204356
-204331
-204322
-204299
-204297
-204286
-204253
-204199
-204177
-204170
-204139
-204114
-204098
-204088
-204078
-204042
-204033
-204029
-204027
-203989
-203964
-203916
-203856
-203829
-203807
-203800
-203758
-203743
-203731
-203696
-203681
-203668
-203614
-203610
-203595
-203533
-203523
-203506
-203457
-203449
-203433
-203419
-203416
-203388
-203373
-203368
-203365
-203359
-203338
-203328
-203262
-203218
-203201
-203193
-203140
-203132
-203116
-203115
-203097
-203068
-203053
-202999
-202961
-202944
-202930
-202915
-202904
-202860
-202835
-202801
-202798
-202752
-202717
-202713
-202706
-202705
-202698
-202697
-202696
-202694
-202674
-202674
-202673
-202672
-202661
-202653
-202647
-202635
-202626
-202624
-202621
-202620
-202563
-202539
-202508
-202488
-202486
-202439
-202406
-202392
-202368
-202362
-202350
-202320
-202295
-202278
-202271
-202260
-202258
-202241
-202241
-202194
-202193
-202180
-202160
-202153
-202130
-202111
-202106
-202078
-202029
-202020
-202000
-201998
-201977
-201963
-201922
-201903
-201854
-201813
-201754
-201729
-201696
-201677
-201648
-201640
-201626
-201611
-201591
-201589
-201587
-201567
-201543
-201541
-201523
-201490
-201471
-201445
-201434
-201430
-201409
-201407
-201398
-201394
-201372
-201356
-201321
-201291
-201267
-201232
-201211
-201189
-201188
-201134
-201124
-201115
-201107
-201101
-201074
-201025
-201017
-201002
-201001
-200986
-200966
-200964
-200951
-200929
-200906
-200889
-200883
-200862
-200859
-200847
-200835
-200828
-200822
-200806
-200793
-200783
-200739
-200709
-200682
-200677
-200676
-200663
-200659
-200654
-200649
-200644
-200577
-200542
-200523
-200514
-200513
-200494
-200486
-200484
-200483
-200445
-200442
-200391
-200386
-200361
-200341
-200256
-200242
-200242
-200237
-200219
-200209
-200188
-200178
-200145
-200143
-200127
-200092
-200063
-200060
-200060
-199895
-199890
-199877
-199830
-199819
-199781
-199774
-199764
-199760
-199757
-199756
-199756
-199734
-199711
-199702
-199693
-199676
-199669
-199643
-199622
-199617
-199598
-199598
-199576
-199529
-199489
-199489
-199483
-199467
-199466
-199428
-199421
-199414
-199413
-199404
-199395
-199389
-199363
-199316
-199296
-199243
-199237
-199218
-199209
-199159
-199135
-199115
-199101
-199087
-199048
-198948
-198937
-198907
-198877
-198874
-198793
-198758
-198682
-198674
-198643
-198602
-198598
-198594
-198577
-198570
-198567
-198552
-198548
-198525
-198512
-198497
-198439
-198404
-198396
-198383
-198354
-198311
-198272
-198241
-198235
-198213
-198196
-198138
-198112
-198104
-198100
-198083
-198032
-198000
-198000
-197969
-197967
-197964
-197943
-197938
-197930
-197930
-197903
-197893
-197880
-197861
-197834
-197753
-197722
-197696
-197673
-197656
-197647
-197628
-197606
-197582
-197565
-197506
-197468
-197395
-197381
-197365
-197340
-197327
-197321
-197302
-197285
-197283
-197225
-197215
-197200
-197140
-197123
-197117
-197117
-197116
-197053
-197045
-197019
-197004
-197003
-196971
-196957
-196913
-196889
-196882
-196875
-196863
-196854
-196825
-196815
-196805
-196801
-196796
-196749
-196719
-196657
-196638
-196598
-196582
-196575
-196539
-196532
-196489
-196471
-196471
-196462
-196456
-196441
-196414
-196385
-196378
-196361
-196354
-196334
-196324
-196306
-196299
-196230
-196228
-196165
-196106
-196087
-196077
-196036
-196030
-196026
-196021
-196018
-196007
-195970
-195951
-195928
-195916
-195907
-195905
-195892
-195880
-195873
-195843
-195841
-195763
-195757
-195744
-195661
-195638
-195628
-195580
-195574
-195572
-195569
-195566
-195482
-195468
-195443
-195413
-195409
-195406
-195402
-195401
-195401
-195394
-195387
-195351
-195343
-195308
-195285
-195271
-195258
-195229
-195205
-195177
-195175
-195116
-195070
-195054
-195018
-194966
-194961
-194898
-194884
-194874
-194850
-194842
-194838
-194830
-194817
-194797
-194783
-194771
-194752
-194723
-194718
-194713
-194706
-194659
-194628
-194613
-194607
-194586
-194518
-194494
-194487
-194439
-194409
-194392
-194367
-194357
-194341
-194281
-194242
-194218
-194210
-194203
-194198
-194161
-194139
-194078
-194078
-194062
-194059
-194043
-194018
-194018
-194013
-193983
-193974
-193971
-193960
-193930
-193919
-193895
-193866
-193802
-193786
-193771
-193751
-193743
-193737
-193699
-193699
-193641
-193639
-193638
-193626
-193617
-193583
-193552
-193548
-193529
-193500
-193456
-193451
-193450
-193392
-193392
-193382
-193355
-193335
-193333
-193304
-193297
-193278
-193272
-193266
-193263
-193261
-193261
-193248
-193232
-193043
-193037
-193029
-193004
-193000
-192990
-192973
-192953
-192939
-192911
-192911
-192877
-192851
-192849
-192848
-192822
-192709
-192703
-192676
-192675
-192671
-192637
-192625
-192609
-192545
-192532
-192531
-192503
-192491
-192476
-192466
-192461
-192451
-192450
-192412
-192395
-192379
-192362
-192358
-192354
-192331
-192304
-192301
-192286
-192276
-192263
-192234
-192229
-192217
-192216
-192205
-192193
-192183
-192176
-192169
-192166
-192141
-192114
-192114
-192062
-192057
-192028
-192018
-192007
-192003
-191993
-191969
-191960
-191914
-191911
-191907
-191903
-191892
-191863
-191832
-191798
-191795
-191788
-191781
-191700
-191684
-191677
-191670
-191648
-191633
-191614
-191609
-191591
-191584
-191556
-191528
-191496
-191411
-191406
-191385
-191360
-191342
-191329
-191315
-191275
-191267
-191236
-191178
-191136
-191129
-191124
-191118
-191111
-191099
-191086
-191084
-191069
-191027
-191026
-191010
-191003
-190973
-190926
-190924
-190905
-190900
-190890
-190876
-190816
-190799
-190785
-190778
-190775
-190755
-190734
-190722
-190720
-190716
-190708
-190681
-190677
-190672
-190659
-190613
-190579
-190574
-190560
-190552
-190548
-190540
-190505
-190479
-190431
-190388
-190383
-190381
-190369
-190362
-190300
-190276
-190262
-190236
-190232
-190223
-190218
-190215
-190205
-190179
-190158
-190150
-190116
-190112
-190091
-190089
-190089
-190060
-190022
-190022
-189994
-189973
-189973
-189967
-189935
-189921
-189833
-189829
-189812
-189804
-189750
-189739
-189724
-189714
-189681
-189679
-189645
-189644
-189611
-189593
-189589
-189532
-189507
-189500
-189493
-189463
-189452
-189451
-189423
-189387
-189378
-189352
-189335
-189323
-189295
-189292
-189262
-189232
-189141
-189103
-189074
-189072
-189072
-189048
-188979
-188959
-188928
-188916
-188910
-188895
-188894
-188893
-188866
-188863
-188861
-188796
-188795
-188767
-188705
-188698
-188634
-188629
-188611
-188595
-188532
-188531
-188527
-188524
-188522
-188522
-188517
-188503
-188498
-188490
-188431
-188397
-188357
-188352
-188336
-188332
-188318
-188305
-188295
-188286
-188226
-188213
-188189
-188168
-188149
-188136
-188104
-188060
-188057
-188003
-187987
-187976
-187960
-187960
-187948
-187936
-187931
-187923
-187837
-187811
-187793
-187774
-187771
-187695
-187691
-187687
-187659
-187634
-187620
-187585
-187559
-187546
-187509
-187500
-187468
-187435
-187427
-187417
-187384
-187351
-187334
-187264
-187263
-187248
-187170
-187168
-187147
-187096
-187071
-187067
-187049
-186941
-186924
-186924
-186912
-186910
-186888
-186870
-186862
-186818
-186796
-186789
-186719
-186693
-186686
-186660
-186614
-186613
-186596
-186586
-186578
-186573
-186540
-186521
-186519
-186503
-186486
-186466
-186465
-186403
-186334
-186263
-186261
-186258
-186253
-186244
-186243
-186234
-186226
-186183
-186176
-186168
-186161
-186128
-186079
-186070
-186066
-186065
-186032
-186006
-185998
-185975
-185969
-185966
-185940
-185905
-185904
-185855
-185842
-185799
-185772
-185770
-185755
-185692
-185606
-185602
-185588
-185584
-185569
-185560
-185556
-185460
-185452
-185451
-185405
-185403
-185392
-185391
-185372
-185326
-185306
-185304
-185297
-185296
-185262
-185259
-185254
-185235
-185231
-185162
-185141
-185072
-185069
-185054
-185035
-185023
-184959
-184953
-184938
-184924
-184860
-184856
-184813
-184811
-184778
-184751
-184704
-184700
-184657
-184650
-184642
-184624
-184611
-184523
-184517
-184500
-184463
-184427
-184424
-184420
-184400
-184399
-184348
-184328
-184294
-184278
-184262
-184254
-184241
-184220
-184220
-184209
-184196
-184182
-184135
-184092
-184070
-184059
-184042
-184040
-184026
-184011
-184001
-183988
-183985
-183969
-183967
-183964
-183905
-183897
-183873
-183840
-183801
-183793
-183789
-183756
-183749
-183749
-183729
-183710
-183707
-183703
-183702
-183683
-183641
-183618
-183603
-183569
-183569
-183548
-183519
-183498
-183462
-183430
-183427
-183424
-183390
-183386
-183386
-183382
-183335
-183293
-183277
-183247
-183239
-183236
-183221
-183213
-183150
-183134
-183134
-183131
-183104
-183075
-183060
-183051
-183043
-183024
-182939
-182876
-182828
-182784
-182780
-182738
-182731
-182724
-182718
-182662
-182614
-182592
-182584
-182583
-182530
-182487
-182459
-182430
-182429
-182408
-182400
-182375
-182364
-182358
-182325
-182323
-182312
-182311
-182307
-182293
-182260
-182246
-182243
-182226
-182206
-182206
-182160
-182148
-182146
-182133
-182129
-182087
-182062
-182058
-182056
-182051
-181986
-181937
-181921
-181902
-181890
-181805
-181802
-181799
-181771
-181706
-181656
-181647
-181644
-181584
-181556
-181529
-181529
-181480
-181463
-181458
-181392
-181363
-181362
-181355
-181310
-181300
-181293
-181263
-181196
-181195
-181180
-181147
-181142
-181075
-181069
-181054
-181046
-181032
-181022
-181012
-181010
-181008
-181002
-180998
-180994
-180964
-180959
-180957
-180941
-180922
-180908
-180848
-180823
-180749
-180733
-180691
-180656
-180647
-180643
-180623
-180610
-180579
-180500
-180492
-180490
-180487
-180439
-180400
-180320
-180279
-180275
-180257
-180255
-180247
-180191
-180188
-180169
-180167
-180138
-180078
-180070
-180018
-179990
-179961
-179957
-179956
-179933
-179887
-179883
-179864
-179848
-179760
-179748
-179704
-179677
-179635
-179630
-179580
-179569
-179562
-179524
-179436
-179406
-179377
-179362
-179360
-179352
-179348
-179342
-179240
-179234
-179233
-179170
-179112
-179094
-179077
-179052
-179044
-178997
-178973
-178939
-178898
-178883
-178873
-178867
-178865
-178852
-178850
-178847
-178841
-178786
-178785
-178748
-178737
-178698
-178687
-178684
-178663
-178640
-178605
-178602
-178602
-178578
-178560
-178508
-178504
-178499
-178489
-178453
-178450
-178440
-178411
-178402
-178394
-178388
-178374
-178362
-178331
-178323
-178318
-178317
-178317
-178315
-178306
-178293
-178268
-178264
-178263
-178221
-178199
-178181
-178179
-178163
-178149
-178134
-178098
-178058
-178039
-177984
-177950
-177947
-177907
-177895
-177891
-177888
-177879
-177858
-177826
-177812
-177805
-177770
-177758
-177756
-177751
-177748
-177748
-177742
-177709
-177699
-177696
-177672
-177671
-177644
-177630
-177608
-177597
-177594
-177590
-177583
-177576
-177571
-177568
-177512
-177504
-177459
-177459
-177449
-177434
-177421
-177420
-177397
-177379
-177376
-177374
-177359
-177340
-177321
-177306
-177198
-177169
-177141
-177123
-177107
-177003
-176980
-176968
-176965
-176961
-176949
-176905
-176891
-176880
-176864
-176845
-176838
-176835
-176833
-176767
-176754
-176752
-176751
-176751
-176730
-176693
-176675
-176656
-176619
-176618
-176571
-176556
-176537
-176528
-176518
-176497
-176427
-176426
-176399
-176376
-176373
-176372
-176365
-176322
-176276
-176250
-176217
-176210
-176208
-176199
-176180
-176176
-176160
-176153
-176152
-176131
-176127
-176118
-176060
-176044
-176007
-175994
-175979
-175936
-175905
-175822
-175720
-175697
-175669
-175648
-175606
-175590
-175583
-175574
-175552
-175542
-175542
-175538
-175529
-175520
-175515
-175508
-175432
-175409
-175380
-175366
-175335
-175334
-175325
-175285
-175265
-175264
-175259
-175235
-175230
-175228
-175183
-175175
-175170
-175162
-175120
-175117
-175107
-175104
-175087
-175076
-175072
-175009
-174994
-174952
-174931
-174929
-174904
-174888
-174859
-174851
-174790
-174772
-174717
-174660
-174635
-174625
-174585
-174575
-174560
-174554
-174544
-174521
-174489
-174468
-174453
-174413
-174357
-174304
-174251
-174231
-174189
-174177
-174169
-174156
-174150
-174126
-174111
-174101
-174076
-174063
-174059
-174054
-174045
-174042
-174037
-174034
-174031
-174007
-173984
-173974
-173944
-173935
-173929
-173921
-173919
-173883
-173867
-173866
-173856
-173834
-173800
-173781
-173771
-173766
-173712
-173684
-173669
-173640
-173638
-173634
-173620
-173607
-173604
-173594
-173586
-173564
-173552
-173542
-173521
-173478
-173440
-173434
-173428
-173421
-173420
-173349
-173340
-173338
-173298
-173296
-173271
-173252
-173247
-173235
-173222
-173209
-173182
-173171
-173159
-173122
-173105
-173012
-172997
-172987
-172982
-172964
-172940
-172934
-172931
-172923
-172916
-172891
-172867
-172866
-172860
-172860
-172855
-172790
-172783
-172766
-172755
-172725
-172667
-172665
-172662
-172657
-172648
-172625
-172617
-172594
-172528
-172488
-172462
-172417
-172398
-172371
-172353
-172348
-172345
-172326
-172323
-172311
-172311
-172308
-172285
-172284
-172282
-172279
-172266
-172189
-172184
-172183
-172177
-172172
-172135
-172132
-172085
-172008
-172005
-171988
-171976
-171973
-171944
-171898
-171879
-171877
-171874
-171851
-171823
-171806
-171795
-171770
-171748
-171709
-171656
-171611
-171603
-171596
-171594
-171535
-171524
-171515
-171510
-171509
-171477
-171432
-171431
-171418
-171370
-171308
-171304
-171244
-171241
-171205
-171199
-171198
-171191
-171189
-171185
-171175
-171151
-171149
-171057
-171056
-171032
-171027
-170971
-170969
-170932
-170926
-170920
-170832
-170817
-170812
-170783
-170767
-170756
-170749
-170693
-170679
-170588
-170566
-170497
-170487
-170463
-170445
-170392
-170307
-170160
-170129
-170065
-170035
-170008
-169987
-169982
-169970
-169909
-169901
-169897
-169894
-169887
-169882
-169859
-169825
-169814
-169802
-169801
-169666
-169624
-169590
-169581
-169579
-169577
-169564
-169544
-169534
-169527
-169523
-169487
-169479
-169476
-169459
-169457
-169447
-169444
-169428
-169378
-169208
-169204
-169173
-169162
-169072
-169045
-169026
-169022
-169013
-169007
-168930
-168892
-168864
-168858
-168818
-168813
-168764
-168754
-168750
-168745
-168734
-168723
-168710
-168697
-168684
-168656
-168622
-168621
-168616
-168607
-168597
-168555
-168544
-168534
-168524
-168380
-168336
-168285
-168278
-168260
-168241
-168188
-168183
-168183
-168136
-168132
-168059
-167943
-167938
-167907
-167880
-167858
-167857
-167853
-167836
-167834
-167833
-167788
-167776
-167763
-167756
-167750
-167748
-167736
-167657
-167640
-167630
-167622
-167618
-167607
-167597
-167565
-167527
-167516
-167484
-167475
-167463
-167463
-167456
-167442
-167420
-167394
-167375
-167295
-167261
-167257
-167249
-167240
-167214
-167152
-167124
-167109
-167033
-167015
-167014
-166992
-166949
-166908
-166904
-166903
-166868
-166865
-166837
-166809
-166806
-166788
-166787
-166764
-166751
-166741
-166734
-166720
-166671
-166654
-166642
-166625
-166598
-166574
-166533
-166530
-166524
-166479
-166464
-166443
-166429
-166419
-166372
-166354
-166353
-166343
-166302
-166281
-166279
-166271
-166257
-166202
-166183
-166130
-166113
-166104
-166069
-166044
-166034
-166017
-166014
-165949
-165943
-165922
-165858
-165824
-165780
-165778
-165756
-165752
-165750
-165739
-165720
-165654
-165634
-165556
-165546
-165465
-165444
-165376
-165371
-165362
-165347
-165339
-165272
-165265
-165247
-165219
-165191
-165186
-165186
-165184
-165173
-165145
-165136
-165128
-165096
-165073
-165073
-165057
-165030
-164982
-164981
-164981
-164952
-164952
-164915
-164888
-164860
-164855
-164853
-164840
-164837
-164827
-164801
-164800
-164794
-164764
-164742
-164742
-164725
-164709
-164684
-164681
-164666
-164630
-164595
-164594
-164578
-164560
-164537
-164514
-164463
-164416
-164384
-164379
-164336
-164289
-164236
-164210
-164189
-164179
-164174
-164159
-164154
-164147
-164142
-164135
-164100
-164097
-164055
-163993
-163979
-163882
-163875
-163860
-163860
-163834
-163817
-163785
-163767
-163735
-163721
-163697
-163682
-163650
-163647
-163635
-163614
-163610
-163603
-163595
-163567
-163542
-163533
-163503
-163498
-163372
-163361
-163354
-163337
-163332
-163325
-163307
-163275
-163262
-163220
-163210
-163200
-163163
-163155
-163152
-163147
-163132
-163107
-163097
-163079
-163064
-163049
-163016
-163007
-162991
-162976
-162914
-162907
-162834
-162831
-162825
-162803
-162794
-162756
-162731
-162673
-162653
-162586
-162581
-162571
-162559
-162515
-162454
-162380
-162329
-162328
-162297
-162293
-162279
-162277
-162251
-162198
-162172
-162143
-162119
-162098
-162086
-162075
-162058
-162048
-162014
-162000
-161951
-161941
-161914
-161858
-161777
-161776
-161764
-161758
-161747
-161741
-161733
-161718
-161699
-161682
-161682
-161658
-161633
-161633
-161630
-161614
-161592
-161569
-161550
-161530
-161528
-161514
-161512
-161509
-161498
-161497
-161483
-161454
-161407
-161326
-161289
-161289
-161276
-161268
-161266
-161263
-161249
-161234
-161226
-161210
-161206
-161185
-161142
-161142
-161128
-161123
-161113
-161107
-161097
-161054
-161053
-161039
-161015
-161012
-161003
-160984
-160975
-160960
-160916
-160873
-160867
-160825
-160821
-160785
-160750
-160731
-160730
-160720
-160661
-160618
-160602
-160592
-160590
-160576
-160573
-160561
-160499
-160498
-160473
-160470
-160439
-160401
-160382
-160340
-160313
-160312
-160305
-160299
-160294
-160254
-160235
-160202
-160170
-160142
-160131
-160115
-160064
-160063
-159989
-159986
-159921
-159877
-159869
-159864
-159856
-159833
-159814
-159773
-159659
-159656
-159616
-159600
-159591
-159558
-159557
-159533
-159526
-159523
-159473
-159462
-159351
-159350
-159347
-159328
-159327
-159296
-159253
-159223
-159216
-159195
-159154
-159134
-159129
-159107
-159105
-159095
-159094
-159080
-159051
-159027
-159015
-159003
-158994
-158982
-158980
-158979
-158886
-158881
-158876
-158859
-158857
-158855
-158818
-158815
-158797
-158773
-158769
-158758
-158695
-158640
-158630
-158623
-158606
-158580
-158574
-158553
-158516
-158452
-158442
-158440
-158437
-158429
-158426
-158375
-158356
-158309
-158285
-158272
-158245
-158215
-158202
-158138
-158121
-158078
-158078
-158071
-158066
-158036
-158033
-158001
-157993
-157966
-157950
-157931
-157924
-157917
-157904
-157895
-157891
-157854
-157834
-157827
-157774
-157772
-157735
-157726
-157713
-157691
-157679
-157671
-157665
-157654
-157645
-157629
-157616
-157601
-157589
-157520
-157513
-157510
-157509
-157499
-157457
-157443
-157420
-157407
-157383
-157377
-157372
-157326
-157319
-157317
-157287
-157270
-157259
-157217
-157194
-157165
-157122
-157104
-157058
-156980
-156974
-156960
-156957
-156955
-156935
-156897
-156854
-156827
-156806
-156778
-156778
-156773
-156760
-156743
-156713
-156675
-156667
-156624
-156604
-156584
-156560
-156559
-156536
-156535
-156530
-156469
-156422
-156386
-156361
-156357
-156326
-156300
-156293
-156290
-156270
-156257
-156240
-156217
-156142
-156125
-156106
-156079
-156074
-156068
-156056
-156045
-156031
-156005
-155960
-155946
-155917
-155902
-155827
-155824
-155787
-155775
-155757
-155744
-155741
-155708
-155691
-155684
-155672
-155645
-155639
-155620
-155600
-155598
-155557
-155555
-155532
-155500
-155489
-155469
-155461
-155439
-155406
-155402
-155363
-155350
-155341
-155305
-155278
-155259
-155243
-155200
-155167
-155158
-155140
-155121
-155093
-155074
-155066
-155049
-155016
-155007
-154993
-154936
-154925
-154916
-154913
-154908
-154906
-154900
-154879
-154844
-154839
-154804
-154781
-154752
-154739
-154715
-154668
-154663
-154650
-154583
-154571
-154570
-154563
-154563
-154561
-154542
-154450
-154421
-154351
-154344
-154336
-154332
-154324
-154317
-154302
-154232
-154223
-154139
-154122
-154110
-154074
-154050
-154018
-154008
-153999
-153997
-153961
-153936
-153929
-153904
-153896
-153888
-153838
-153828
-153793
-153734
-153673
-153667
-153664
-153661
-153612
-153610
-153593
-153551
-153549
-153500
-153494
-153489
-153465
-153452
-153426
-153392
-153376
-153370
-153313
-153266
-153245
-153230
-153187
-153166
-153155
-153153
-153106
-153102
-153094
-153084
-153076
-153002
-152993
-152958
-152958
-152954
-152942
-152939
-152932
-152878
-152837
-152812
-152790
-152753
-152749
-152702
-152669
-152596
-152535
-152523
-152502
-152452
-152417
-152349
-152336
-152301
-152297
-152282
-152276
-152273
-152269
-152219
-152100
-152097
-152087
-152064
-152044
-152038
-152022
-151944
-151936
-151917
-151896
-151865
-151850
-151840
-151836
-151816
-151803
-151797
-151792
-151787
-151765
-151744
-151715
-151689
-151688
-151671
-151663
-151659
-151620
-151615
-151604
-151580
-151561
-151555
-151479
-151464
-151458
-151404
-151348
-151331
-151315
-151283
-151281
-151280
-151279
-151263
-151220
-151209
-151157
-151156
-151152
-151148
-151146
-151114
-151098
-151079
-151001
-150988
-150985
-150950
-150919
-150915
-150891
-150869
-150853
-150837
-150826
-150817
-150791
-150746
-150746
-150614
-150602
-150549
-150498
-150476
-150472
-150462
-150453
-150452
-150446
-150423
-150386
-150379
-150344
-150297
-150297
-150289
-150273
-150242
-150221
-150181
-150179
-150139
-150103
-150099
-150090
-150089
-150050
-150044
-150036
-150029
-150004
-149982
-149981
-149980
-149938
-149935
-149913
-149888
-149850
-149839
-149818
-149811
-149805
-149803
-149775
-149772
-149750
-149745
-149718
-149685
-149677
-149669
-149647
-149624
-149619
-149582
-149482
-149481
-149481
-149440
-149436
-149434
-149423
-149408
-149403
-149396
-149361
-149322
-149286
-149270
-149261
-149243
-149211
-149205
-149193
-149162
-149136
-149111
-149110
-149103
-149069
-149052
-149020
-149002
-148977
-148954
-148952
-148931
-148917
-148876
-148796
-148779
-148762
-148750
-148736
-148690
-148683
-148658
-148638
-148633
-148618
-148588
-148566
-148554
-148542
-148527
-148512
-148484
-148479
-148465
-148465
-148427
-148380
-148373
-148372
-148360
-148345
-148338
-148304
-148287
-148282
-148237
-148229
-148190
-148181
-148159
-148158
-148158
-148137
-148128
-148110
-148102
-148079
-148054
-148039
-148036
-148032
-147999
-147987
-147975
-147962
-147938
-147934
-147929
-147915
-147880
-147868
-147860
-147831
-147808
-147790
-147785
-147785
-147761
-147760
-147732
-147657
-147614
-147609
-147583
-147566
-147554
-147549
-147505
-147495
-147487
-147464
-147455
-147402
-147396
-147252
-147245
-147226
-147218
-147199
-147180
-147166
-147165
-147150
-147143
-147139
-147096
-147057
-147054
-147001
-146993
-146948
-146923
-146917
-146909
-146883
-146862
-146860
-146829
-146762
-146737
-146732
-146717
-146702
-146702
-146659
-146632
-146603
-146603
-146594
-146593
-146583
-146576
-146552
-146537
-146470
-146432
-146431
-146418
-146408
-146395
-146340
-146333
-146319
-146315
-146308
-146306
-146295
-146288
-146281
-146277
-146247
-146233
-146230
-146217
-146175
-146170
-146149
-146127
-146127
-146123
-146098
-145969
-145962
-145923
-145906
-145903
-145887
-145833
-145828
-145749
-145693
-145682
-145655
-145651
-145648
-145647
-145625
-145617
-145617
-145600
-145577
-145570
-145548
-145523
-145512
-145462
-145409
-145393
-145385
-145384
-145372
-145351
-145346
-145320
-145300
-145222
-145195
-145194
-145177
-145155
-145132
-145113
-145065
-145050
-145046
-145042
-145038
-145012
-144989
-144987
-144984
-144981
-144977
-144938
-144920
-144902
-144897
-144877
-144870
-144835
-144824
-144822
-144801
-144788
-144775
-144771
-144767
-144765
-144739
-144716
-144713
-144702
-144675
-144659
-144648
-144621
-144597
-144527
-144525
-144496
-144477
-144466
-144439
-144429
-144419
-144416
-144413
-144388
-144367
-144361
-144353
-144315
-144311
-144310
-144297
-144284
-144265
-144251
-144238
-144223
-144204
-144194
-144152
-144150
-144134
-144125
-144051
-144036
-144035
-144017
-143996
-143941
-143923
-143872
-143867
-143861
-143772
-143762
-143660
-143660
-143659
-143642
-143628
-143622
-143611
-143598
-143549
-143538
-143529
-143515
-143496
-143495
-143473
-143465
-143439
-143402
-143362
-143358
-143351
-143318
-143310
-143274
-143260
-143257
-143255
-143243
-143233
-143231
-143200
-143197
-143184
-143065
-143056
-143045
-143011
-142970
-142957
-142924
-142918
-142910
-142902
-142900
-142891
-142882
-142869
-142850
-142817
-142791
-142789
-142787
-142766
-142756
-142738
-142708
-142705
-142665
-142661
-142648
-142601
-142553
-142535
-142528
-142464
-142434
-142433
-142398
-142361
-142334
-142314
-142179
-142168
-142158
-142127
-142116
-142113
-142077
-142074
-142063
-142061
-142049
-141988
-141982
-141962
-141940
-141939
-141933
-141929
-141925
-141924
-141908
-141905
-141904
-141898
-141887
-141841
-141831
-141812
-141797
-141796
-141703
-141685
-141657
-141650
-141608
-141594
-141581
-141578
-141567
-141556
-141530
-141511
-141505
-141482
-141455
-141421
-141414
-141322
-141287
-141271
-141260
-141216
-141208
-141192
-141183
-141174
-141174
-141169
-141148
-141080
-141060
-141056
-141043
-141024
-141003
-140992
-140986
-140986
-140978
-140942
-140936
-140920
-140879
-140873
-140865
-140853
-140851
-140843
-140830
-140798
-140765
-140753
-140706
-140693
-140678
-140675
-140670
-140602
-140567
-140548
-140526
-140521
-140495
-140469
-140442
-140378
-140350
-140321
-140307
-140307
-140300
-140275
-140254
-140254
-140252
-140251
-140242
-140193
-140104
-140062
-140052
-140023
-140009
-139986
-139951
-139945
-139935
-139905
-139831
-139814
-139800
-139798
-139794
-139765
-139739
-139684
-139676
-139657
-139646
-139638
-139617
-139611
-139610
-139593
-139582
-139529
-139515
-139510
-139495
-139475
-139461
-139458
-139427
-139415
-139369
-139363
-139328
-139311
-139307
-139296
-139249
-139217
-139215
-139189
-139185
-139180
-139173
-139155
-139136
-139130
-139126
-139116
-139109
-139088
-139081
-139051
-139046
-139033
-139021
-139015
-138986
-138958
-138949
-138933
-138872
-138853
-138837
-138831
-138780
-138732
-138716
-138690
-138690
-138682
-138665
-138640
-138634
-138630
-138618
-138580
-138552
-138539
-138516
-138511
-138506
-138468
-138459
-138408
-138358
-138357
-138354
-138330
-138321
-138320
-138300
-138296
-138244
-138234
-138204
-138198
-138192
-138179
-138175
-138144
-138143
-138143
-138135
-138106
-138077
-138072
-138017
-138011
-138004
-137947
-137947
-137915
-137880
-137873
-137823
-137818
-137781
-137770
-137712
-137703
-137631
-137627
-137518
-137491
-137446
-137443
-137390
-137360
-137339
-137335
-137326
-137318
-137295
-137295
-137284
-137281
-137164
-137136
-137119
-137104
-137102
-137087
-137085
-137066
-137064
-137035
-137034
-137031
-137027
-136942
-136935
-136929
-136929
-136916
-136903
-136870
-136843
-136842
-136840
-136795
-136793
-136747
-136709
-136702
-136693
-136677
-136658
-136651
-136640
-136631
-136627
-136605
-136589
-136571
-136553
-136519
-136514
-136505
-136468
-136464
-136386
-136369
-136364
-136359
-136338
-136326
-136291
-136273
-136268
-136258
-136258
-136255
-136251
-136249
-136245
-136243
-136231
-136214
-136209
-136180
-136174
-136126
-136109
-136077
-136066
-136049
-136036
-136030
-136000
-135963
-135939
-135934
-135901
-135896
-135894
-135842
-135834
-135828
-135770
-135705
-135697
-135688
-135687
-135686
-135681
-135639
-135634
-135626
-135623
-135609
-135605
-135593
-135575
-135568
-135555
-135517
-135435
-135421
-135414
-135410
-135393
-135384
-135362
-135299
-135265
-135202
-135193
-135192
-135188
-135157
-135125
-135119
-135067
-135044
-135008
-134999
-134962
-134949
-134944
-134899
-134888
-134858
-134817
-134800
-134748
-134748
-134742
-134739
-134730
-134722
-134717
-134694
-134682
-134671
-134670
-134668
-134661
-134649
-134633
-134582
-134563
-134554
-134548
-134535
-134509
-134463
-134460
-134452
-134441
-134430
-134402
-134400
-134390
-134388
-134358
-134341
-134338
-134304
-134303
-134287
-134278
-134278
-134269
-134216
-134210
-134208
-134202
-134154
-134151
-134133
-134105
-134105
-134097
-134068
-134059
-134054
-134052
-134045
-134043
-134032
-134020
-133935
-133911
-133897
-133857
-133840
-133821
-133794
-133787
-133763
-133707
-133699
-133683
-133675
-133654
-133637
-133621
-133616
-133613
-133603
-133580
-133553
-133549
-133549
-133514
-133485
-133453
-133440
-133439
-133419
-133390
-133373
-133369
-133359
-133318
-133317
-133261
-133138
-133122
-133060
-133042
-133023
-132989
-132982
-132949
-132926
-132854
-132851
-132849
-132848
-132841
-132821
-132806
-132785
-132783
-132761
-132752
-132732
-132690
-132678
-132673
-132661
-132598
-132562
-132554
-132551
-132528
-132509
-132506
-132504
-132484
-132463
-132415
-132384
-132382
-132369
-132344
-132332
-132331
-132327
-132323
-132314
-132263
-132242
-132211
-132183
-132182
-132176
-132139
-132125
-132092
-132092
-132080
-132051
-132029
-132020
-132017
-132017
-132008
-132003
-131940
-131939
-131903
-131900
-131898
-131881
-131875
-131853
-131850
-131844
-131843
-131828
-131825
-131812
-131747
-131742
-131722
-131657
-131628
-131628
-131621
-131615
-131603
-131590
-131565
-131484
-131481
-131461
-131458
-131453
-131441
-131371
-131367
-131361
-131337
-131323
-131317
-131311
-131230
-131164
-131139
-131137
-131125
-131118
-131115
-131090
-131072
-131043
-131008
-131005
-130976
-130952
-130905
-130901
-130895
-130867
-130852
-130839
-130829
-130809
-130791
-130713
-130686
-130667
-130613
-130523
-130518
-130491
-130488
-130481
-130469
-130461
-130442
-130438
-130414
-130413
-130406
-130364
-130344
-130340
-130336
-130332
-130319
-130317
-130311
-130280
-130268
-130233
-130200
-130183
-130173
-130129
-130118
-130118
-130114
-130083
-130069
-130028
-130014
-129936
-129909
-129892
-129882
-129879
-129864
-129859
-129834
-129819
-129813
-129811
-129797
-129768
-129753
-129718
-129697
-129620
-129617
-129613
-129598
-129589
-129565
-129555
-129552
-129498
-129492
-129444
-129433
-129430
-129429
-129391
-129377
-129369
-129364
-129346
-129342
-129339
-129339
-129318
-129310
-129296
-129287
-129279
-129244
-129233
-129221
-129219
-129194
-129169
-129164
-129112
-129111
-129110
-129085
-129076
-129067
-129057
-129056
-129053
-129051
-129017
-129013
-129007
-129000
-128996
-128979
-128962
-128916
-128892
-128884
-128873
-128853
-128850
-128771
-128763
-128763
-128746
-128743
-128735
-128677
-128669
-128669
-128631
-128629
-128609
-128551
-128536
-128530
-128521
-128498
-128479
-128464
-128428
-128375
-128329
-128297
-128280
-128278
-128238
-128160
-128156
-128125
-128091
-128032
-128018
-128003
-127976
-127965
-127948
-127907
-127864
-127862
-127855
-127846
-127840
-127839
-127812
-127807
-127766
-127759
-127743
-127738
-127734
-127728
-127724
-127712
-127712
-127704
-127702
-127672
-127672
-127642
-127611
-127603
-127562
-127557
-127552
-127521
-127521
-127505
-127498
-127491
-127467
-127457
-127451
-127428
-127419
-127375
-127342
-127330
-127319
-127308
-127307
-127303
-127299
-127290
-127244
-127221
-127173
-127162
-127144
-127142
-127126
-127090
-127057
-127009
-127009
-126971
-126941
-126937
-126912
-126902
-126899
-126892
-126840
-126817
-126797
-126792
-126755
-126747
-126737
-126732
-126725
-126725
-126717
-126713
-126707
-126679
-126677
-126667
-126665
-126639
-126629
-126566
-126547
-126507
-126457
-126445
-126363
-126336
-126330
-126310
-126301
-126278
-126236
-126226
-126201
-126184
-126118
-126113
-126103
-126100
-126099
-126099
-126075
-126053
-126022
-126004
-125975
-125933
-125854
-125838
-125824
-125819
-125813
-125793
-125762
-125754
-125747
-125730
-125675
-125669
-125645
-125638
-125630
-125616
-125607
-125604
-125594
-125592
-125578
-125566
-125555
-125534
-125513
-125469
-125456
-125451
-125445
-125437
-125405
-125403
-125382
-125372
-125356
-125348
-125227
-125214
-125212
-125208
-125205
-125198
-125165
-125163
-125156
-125149
-125131
-125120
-125114
-125114
-125114
-125094
-125040
-125038
-125029
-125020
-125000
-124949
-124895
-124876
-124863
-124847
-124846
-124838
-124830
-124808
-124803
-124786
-124780
-124774
-124742
-124716
-124710
-124683
-124611
-124603
-124548
-124534
-124519
-124516
-124436
-124421
-124384
-124383
-124327
-124304
-124275
-124266
-124264
-124259
-124250
-124233
-124219
-124194
-124191
-124186
-124182
-124173
-124170
-124141
-124139
-124114
-124066
-124014
-124004
-123936
-123899
-123897
-123857
-123846
-123783
-123783
-123760
-123744
-123733
-123697
-123668
-123654
-123617
-123606
-123602
-123596
-123576
-123570
-123568
-123559
-123555
-123537
-123533
-123524
-123522
-123515
-123503
-123502
-123502
-123492
-123490
-123489
-123470
-123465
-123425
-123419
-123418
-123417
-123414
-123399
-123393
-123381
-123355
-123323
-123290
-123286
-123236
-123221
-123175
-123162
-123139
-123136
-123106
-123097
-123092
-123090
-123062
-123060
-123055
-123044
-123038
-122910
-122904
-122893
-122891
-122889
-122875
-122839
-122824
-122775
-122765
-122761
-122718
-122704
-122572
-122548
-122504
-122462
-122452
-122390
-122390
-122383
-122380
-122379
-122369
-122361
-122326
-122310
-122303
-122271
-122257
-122240
-122230
-122142
-122054
-122054
-122052
-122047
-122038
-121997
-121988
-121984
-121983
-121978
-121943
-121893
-121889
-121870
-121858
-121820
-121759
-121740
-121726
-121713
-121707
-121678
-121673
-121662
-121645
-121626
-121624
-121590
-121583
-121579
-121547
-121543
-121499
-121475
-121470
-121456
-121454
-121434
-121387
-121363
-121360
-121281
-121277
-121277
-121263
-121226
-121221
-121215
-121205
-121193
-121181
-121177
-121109
-121104
-121104
-121095
-121063
-121057
-121044
-121040
-121038
-121032
-121026
-121021
-121018
-121008
-120991
-120970
-120944
-120938
-120896
-120833
-120832
-120807
-120673
-120659
-120596
-120593
-120511
-120505
-120502
-120500
-120490
-120490
-120469
-120455
-120391
-120388
-120351
-120341
-120334
-120332
-120324
-120283
-120273
-120266
-120253
-120251
-120233
-120208
-120207
-120203
-120160
-120103
-120084
-120078
-120076
-120066
-120006
-119988
-119945
-119931
-119923
-119922
-119869
-119834
-119773
-119768
-119713
-119637
-119635
-119628
-119625
-119596
-119588
-119579
-119510
-119490
-119468
-119437
-119429
-119410
-119318
-119315
-119314
-119313
-119277
-119273
-119251
-119232
-119227
-119205
-119204
-119202
-119170
-119132
-119120
-119110
-119094
-119086
-119080
-119064
-119052
-119045
-119029
-119022
-119019
-119015
-119007
-118992
-118975
-118971
-118943
-118851
-118822
-118777
-118773
-118756
-118726
-118720
-118705
-118701
-118681
-118655
-118653
-118652
-118652
-118646
-118623
-118621
-118618
-118618
-118593
-118587
-118581
-118566
-118540
-118518
-118494
-118494
-118489
-118458
-118448
-118442
-118356
-118347
-118342
-118339
-118293
-118286
-118278
-118216
-118192
-118180
-118175
-118155
-118151
-118144
-118109
-118103
-118076
-118032
-118013
-118011
-117998
-117971
-117872
-117870
-117861
-117836
-117830
-117802
-117765
-117734
-117697
-117686
-117675
-117671
-117644
-117637
-117613
-117578
-117564
-117552
-117548
-117548
-117540
-117538
-117519
-117499
-117478
-117463
-117453
-117409
-117393
-117385
-117361
-117291
-117282
-117275
-117268
-117264
-117260
-117218
-117215
-117212
-117170
-117141
-117125
-117070
-117051
-117033
-117006
-117004
-116970
-116953
-116910
-116908
-116891
-116882
-116836
-116789
-116780
-116762
-116687
-116666
-116663
-116653
-116600
-116600
-116588
-116473
-116459
-116431
-116421
-116407
-116373
-116363
-116330
-116302
-116300
-116296
-116273
-116241
-116225
-116224
-116223
-116178
-116109
-116109
-116080
-116043
-115996
-115979
-115973
-115943
-115932
-115909
-115891
-115864
-115850
-115828
-115815
-115812
-115802
-115790
-115788
-115731
-115726
-115696
-115672
-115655
-115655
-115648
-115640
-115637
-115629
-115612
-115597
-115574
-115539
-115523
-115510
-115493
-115492
-115478
-115454
-115449
-115407
-115407
-115386
-115375
-115366
-115365
-115355
-115348
-115340
-115316
-115307
-115304
-115277
-115248
-115220
-115206
-115181
-115158
-115120
-115111
-115089
-115086
-115049
-114944
-114937
-114931
-114928
-114924
-114896
-114834
-114783
-114783
-114777
-114773
-114744
-114744
-114734
-114684
-114593
-114568
-114538
-114519
-114421
-114418
-114401
-114394
-114382
-114342
-114318
-114297
-114257
-114250
-114238
-114232
-114229
-114167
-114161
-114104
-114093
-114060
-114052
-114051
-114024
-114002
-113986
-113947
-113943
-113942
-113906
-113904
-113890
-113853
-113835
-113777
-113770
-113757
-113734
-113725
-113719
-113717
-113699
-113686
-113673
-113671
-113664
-113625
-113602
-113602
-113516
-113506
-113496
-113481
-113464
-113443
-113407
-113375
-113351
-113292
-113276
-113247
-113239
-113231
-113212
-113197
-113183
-113177
-113168
-113127
-113112
-113085
-113077
-113075
-113073
-113059
-112995
-112991
-112989
-112976
-112973
-112960
-112944
-112937
-112934
-112860
-112821
-112813
-112806
-112687
-112672
-112656
-112615
-112570
-112562
-112521
-112516
-112504
-112502
-112493
-112491
-112475
-112468
-112440
-112433
-112433
-112426
-112426
-112415
-112412
-112355
-112351
-112348
-112342
-112320
-112309
-112297
-112288
-112286
-112280
-112272
-112217
-112202
-112193
-112169
-112167
-112107
-112102
-112072
-112062
-112056
-112056
-112036
-112005
-111988
-111972
-111947
-111937
-111929
-111920
-111899
-111891
-111889
-111861
-111817
-111809
-111769
-111753
-111709
-111706
-111697
-111632
-111604
-111580
-111537
-111519
-111510
-111497
-111485
-111474
-111471
-111469
-111453
-111431
-111415
-111410
-111389
-111368
-111367
-111334
-111331
-111320
-111265
-111255
-111247
-111225
-111198
-111184
-111183
-111127
-111112
-111091
-111083
-111060
-111024
-110991
-110986
-110969
-110939
-110937
-110921
-110844
-110830
-110805
-110793
-110790
-110701
-110698
-110682
-110658
-110643
-110634
-110606
-110539
-110533
-110514
-110506
-110490
-110479
-110471
-110460
-110404
-110329
-110314
-110309
-110291
-110259
-110236
-110220
-110214
-110212
-110204
-110177
-110147
-110132
-110105
-110071
-110050
-110023
-110007
-109996
-109971
-109971
-109963
-109939
-109936
-109929
-109925
-109923
-109903
-109891
-109876
-109872
-109869
-109832
-109790
-109785
-109741
-109725
-109698
-109690
-109689
-109612
-109549
-109548
-109498
-109473
-109432
-109430
-109422
-109418
-109399
-109395
-109347
-109344
-109311
-109310
-109289
-109251
-109244
-109224
-109199
-109180
-109166
-109151
-109146
-109064
-109055
-109055
-109038
-109035
-109034
-108993
-108988
-108980
-108968
-108930
-108927
-108912
-108905
-108857
-108829
-108771
-108756
-108753
-108749
-108726
-108722
-108700
-108656
-108654
-108636
-108629
-108611
-108609
-108607
-108600
-108580
-108576
-108566
-108563
-108538
-108506
-108498
-108498
-108482
-108472
-108438
-108432
-108424
-108403
-108394
-108366
-108353
-108334
-108289
-108272
-108244
-108240
-108217
-108185
-108149
-108139
-108091
-108058
-108037
-107994
-107965
-107925
-107917
-107909
-107852
-107774
-107768
-107734
-107729
-107712
-107694
-107673
-107663
-107656
-107624
-107608
-107570
-107533
-107469
-107360
-107335
-107309
-107281
-107264
-107247
-107245
-107237
-107203
-107154
-107146
-107122
-107078
-107045
-107043
-107041
-107025
-107025
-106898
-106895
-106870
-106859
-106829
-106819
-106796
-106786
-106784
-106748
-106745
-106743
-106727
-106695
-106693
-106676
-106651
-106626
-106616
-106608
-106584
-106532
-106462
-106425
-106385
-106384
-106349
-106305
-106299
-106294
-106292
-106286
-106270
-106237
-106234
-106213
-106171
-106159
-106156
-106152
-106138
-106102
-106081
-106060
-106059
-106043
-106034
-106022
-105985
-105970
-105937
-105931
-105926
-105923
-105920
-105919
-105909
-105899
-105865
-105825
-105814
-105727
-105718
-105713
-105694
-105691
-105662
-105651
-105631
-105622
-105616
-105612
-105595
-105560
-105547
-105526
-105511
-105509
-105507
-105498
-105448
-105420
-105417
-105373
-105372
-105353
-105322
-105306
-105305
-105265
-105198
-105186
-105173
-105164
-105097
-105094
-105088
-105078
-105074
-105069
-105066
-105057
-105014
-104988
-104983
-104970
-104955
-104899
-104818
-104792
-104774
-104761
-104735
-104725
-104719
-104706
-104703
-104684
-104676
-104654
-104636
-104633
-104626
-104591
-104582
-104577
-104575
-104533
-104531
-104510
-104473
-104471
-104432
-104420
-104399
-104378
-104377
-104339
-104309
-104293
-104290
-104285
-104276
-104238
-104231
-104217
-104207
-104207
-104206
-104180
-104175
-104158
-104157
-104148
-104146
-104121
-104106
-104102
-104067
-104062
-104053
-104038
-104028
-104024
-104001
-103973
-103940
-103934
-103932
-103928
-103916
-103901
-103872
-103870
-103840
-103818
-103797
-103753
-103750
-103726
-103709
-103709
-103709
-103699
-103630
-103624
-103613
-103612
-103579
-103536
-103481
-103472
-103459
-103452
-103450
-103425
-103372
-103369
-103351
-103322
-103316
-103291
-103224
-103210
-103205
-103201
-103201
-103136
-103136
-103133
-103114
-103110
-103104
-103073
-103063
-103047
-103035
-102994
-102989
-102973
-102957
-102956
-102949
-102940
-102900
-102852
-102844
-102799
-102785
-102778
-102694
-102674
-102644
-102623
-102616
-102614
-102613
-102549
-102544
-102541
-102518
-102497
-102440
-102428
-102417
-102406
-102399
-102362
-102350
-102339
-102318
-102269
-102221
-102176
-102143
-102116
-102113
-102107
-102091
-102088
-102065
-102052
-102015
-102000
-101999
-101987
-101979
-101965
-101958
-101948
-101907
-101892
-101887
-101868
-101857
-101856
-101847
-101838
-101827
-101827
-101821
-101815
-101791
-101774
-101771
-101756
-101754
-101737
-101724
-101694
-101680
-101668
-101666
-101659
-101654
-101653
-101649
-101633
-101599
-101548
-101543
-101535
-101532
-101499
-101499
-101498
-101487
-101484
-101463
-101414
-101380
-101363
-101344
-101338
-101315
-101294
-101294
-101275
-101260
-101252
-101225
-101215
-101205
-101191
-101190
-101156
-101154
-101154
-101100
-101097
-101082
-101078
-100990
-100951
-100948
-100938
-100899
-100897
-100853
-100847
-100821
-100812
-100806
-100795
-100760
-100739
-100731
-100724
-100721
-100718
-100707
-100697
-100654
-100640
-100578
-100569
-100569
-100522
-100521
-100513
-100509
-100490
-100457
-100455
-100451
-100423
-100410
-100389
-100371
-100353
-100339
-100310
-100289
-100259
-100256
-100200
-100131
-100121
-100104
-100092
-100091
-100071
-100046
-100042
-100040
-100038
-99987
-99969
-99953
-99943
-99934
-99930
-99899
-99887
-99876
-99857
-99849
-99839
-99828
-99819
-99783
-99779
-99775
-99762
-99742
-99671
-99646
-99617
-99611
-99602
-99601
-99590
-99572
-99533
-99533
-99517
-99466
-99461
-99450
-99435
-99419
-99395
-99388
-99351
-99338
-99268
-99265
-99183
-99172
-99120
-99062
-99053
-99052
-99026
-98983
-98974
-98954
-98886
-98873
-98867
-98859
-98851
-98850
-98819
-98790
-98739
-98728
-98707
-98687
-98687
-98670
-98655
-98652
-98647
-98634
-98615
-98610
-98526
-98520
-98506
-98499
-98496
-98494
-98484
-98481
-98475
-98450
-98442
-98417
-98386
-98381
-98374
-98355
-98354
-98315
-98307
-98298
-98280
-98232
-98153
-98114
-98096
-98088
-98082
-98074
-98059
-98056
-98042
-97991
-97991
-97980
-97942
-97942
-97867
-97822
-97792
-97791
-97787
-97759
-97754
-97737
-97712
-97712
-97705
-97695
-97678
-97676
-97667
-97657
-97623
-97597
-97585
-97557
-97515
-97511
-97489
-97474
-97469
-97439
-97427
-97417
-97414
-97405
-97352
-97330
-97328
-97279
-97276
-97264
-97261
-97238
-97227
-97165
-97164
-97162
-97138
-97116
-97101
-97100
-97084
-97069
-97066
-97062
-97054
-97039
-97021
-97002
-96983
-96971
-96935
-96921
-96887
-96887
-96851
-96804
-96792
-96770
-96746
-96702
-96694
-96586
-96578
-96535
-96502
-96479
-96469
-96469
-96419
-96358
-96332
-96329
-96327
-96306
-96293
-96271
-96252
-96243
-96216
-96187
-96153
-96111
-96083
-96021
-95961
-95961
-95959
-95934
-95901
-95861
-95859
-95752
-95752
-95717
-95712
-95710
-95709
-95695
-95682
-95666
-95659
-95646
-95618
-95558
-95539
-95455
-95442
-95416
-95406
-95392
-95386
-95381
-95365
-95355
-95328
-95324
-95312
-95300
-95300
-95294
-95280
-95277
-95276
-95266
-95240
-95239
-95202
-95192
-95192
-95181
-95151
-95151
-95098
-95097
-95084
-95063
-95035
-95033
-95008
-95006
-95001
-94986
-94974
-94956
-94955
-94942
-94939
-94888
-94879
-94879
-94865
-94817
-94812
-94802
-94773
-94763
-94729
-94689
-94663
-94587
-94570
-94560
-94555
-94414
-94403
-94380
-94318
-94299
-94298
-94263
-94261
-94228
-94200
-94170
-94169
-94110
-94104
-94095
-94083
-94066
-94065
-94046
-94041
-93976
-93965
-93939
-93929
-93928
-93905
-93874
-93863
-93861
-93773
-93701
-93700
-93700
-93673
-93670
-93653
-93638
-93602
-93570
-93569
-93561
-93560
-93556
-93532
-93525
-93488
-93476
-93460
-93414
-93382
-93373
-93353
-93320
-93282
-93251
-93242
-93221
-93212
-93186
-93185
-93177
-93173
-93152
-93134
-93126
-93078
-93057
-93035
-93034
-92977
-92973
-92957
-92937
-92928
-92926
-92926
-92890
-92852
-92843
-92818
-92804
-92762
-92756
-92726
-92693
-92689
-92667
-92659
-92657
-92618
-92616
-92596
-92586
-92567
-92506
-92505
-92461
-92421
-92405
-92375
-92350
-92343
-92306
-92293
-92267
-92234
-92213
-92212
-92194
-92160
-92159
-92151
-92130
-92130
-92097
-92041
-92026
-91988
-91986
-91976
-91964
-91945
-91936
-91890
-91865
-91863
-91846
-91792
-91746
-91712
-91576
-91534
-91507
-91489
-91411
-91394
-91373
-91360
-91359
-91344
-91339
-91306
-91277
-91276
-91248
-91215
-91134
-91076
-91031
-91020
-91017
-91007
-90972
-90906
-90897
-90893
-90871
-90862
-90843
-90840
-90820
-90818
-90815
-90786
-90784
-90784
-90764
-90759
-90738
-90721
-90713
-90709
-90685
-90678
-90666
-90659
-90650
-90647
-90646
-90511
-90499
-90496
-90495
-90470
-90423
-90418
-90391
-90383
-90369
-90345
-90342
-90299
-90276
-90254
-90235
-90222
-90202
-90189
-90184
-90170
-90154
-90135
-90130
-90084
-90065
-90043
-90018
-90000
-89997
-89994
-89994
-89989
-89988
-89986
-89959
-89954
-89950
-89899
-89864
-89856
-89835
-89815
-89791
-89784
-89769
-89762
-89757
-89731
-89716
-89707
-89663
-89609
-89583
-89569
-89566
-89561
-89548
-89547
-89529
-89492
-89484
-89458
-89458
-89445
-89399
-89298
-89293
-89269
-89157
-89151
-89139
-89127
-89109
-89107
-89088
-89082
-89056
-89003
-88996
-88980
-88977
-88908
-88880
-88865
-88828
-88825
-88811
-88809
-88789
-88753
-88749
-88733
-88728
-88693
-88648
-88606
-88597
-88579
-88549
-88545
-88532
-88529
-88516
-88511
-88509
-88505
-88500
-88491
-88489
-88439
-88429
-88407
-88387
-88362
-88289
-88283
-88208
-88198
-88153
-88143
-88104
-88065
-88063
-88060
-88051
-88018
-88014
-88012
-87977
-87971
-87965
-87960
-87958
-87941
-87939
-87936
-87914
-87900
-87898
-87884
-87834
-87832
-87830
-87825
-87824
-87784
-87769
-87761
-87755
-87755
-87737
-87714
-87694
-87660
-87645
-87626
-87574
-87574
-87528
-87508
-87502
-87498
-87437
-87433
-87384
-87360
-87327
-87312
-87311
-87309
-87290
-87265
-87239
-87237
-87211
-87201
-87199
-87174
-87161
-87158
-87157
-87145
-87132
-87099
-87037
-87030
-87017
-87009
-87008
-86975
-86973
-86950
-86914
-86898
-86870
-86863
-86842
-86801
-86783
-86781
-86767
-86748
-86738
-86729
-86725
-86700
-86683
-86668
-86664
-86651
-86619
-86609
-86587
-86587
-86554
-86539
-86516
-86501
-86500
-86483
-86482
-86456
-86452
-86442
-86410
-86407
-86379
-86336
-86277
-86276
-86251
-86245
-86241
-86230
-86204
-86190
-86183
-86155
-86153
-86152
-86148
-86142
-86125
-86120
-86117
-86077
-86027
-86022
-85962
-85923
-85913
-85879
-85870
-85869
-85850
-85841
-85837
-85808
-85807
-85769
-85725
-85709
-85684
-85648
-85643
-85624
-85612
-85577
-85536
-85522
-85498
-85494
-85473
-85433
-85416
-85415
-85370
-85369
-85360
-85330
-85274
-85266
-85230
-85218
-85202
-85199
-85186
-85161
-85156
-85144
-85100
-85079
-85057
-85023
-85004
-84995
-84966
-84951
-84944
-84922
-84916
-84906
-84877
-84871
-84849
-84834
-84833
-84826
-84797
-84781
-84759
-84719
-84688
-84684
-84675
-84670
-84648
-84626
-84607
-84597
-84595
-84584
-84565
-84563
-84532
-84505
-84491
-84473
-84455
-84422
-84421
-84395
-84334
-84321
-84266
-84199
-84132
-84130
-84124
-84104
-84093
-84048
-84028
-84025
-84019
-84016
-84011
-84005
-83946
-83932
-83877
-83867
-83865
-83862
-83860
-83837
-83832
-83806
-83800
-83797
-83780
-83766
-83754
-83743
-83729
-83646
-83640
-83612
-83541
-83534
-83530
-83517
-83437
-83403
-83397
-83397
-83391
-83350
-83341
-83333
-83317
-83275
-83246
-83232
-83195
-83186
-83154
-83143
-83143
-83142
-83136
-83085
-83077
-83068
-83044
-83021
-82992
-82975
-82971
-82970
-82951
-82944
-82908
-82908
-82874
-82826
-82802
-82728
-82688
-82677
-82650
-82590
-82569
-82549
-82520
-82510
-82478
-82442
-82436
-82436
-82433
-82424
-82423
-82421
-82418
-82399
-82366
-82360
-82353
-82339
-82313
-82306
-82297
-82274
-82251
-82206
-82154
-82132
-82131
-82053
-82029
-82024
-82010
-81991
-81968
-81962
-81948
-81902
-81877
-81840
-81839
-81735
-81729
-81702
-81652
-81650
-81645
-81625
-81623
-81614
-81611
-81591
-81587
-81577
-81576
-81536
-81529
-81524
-81517
-81502
-81498
-81494
-81481
-81467
-81466
-81425
-81423
-81412
-81396
-81360
-81358
-81343
-81330
-81247
-81244
-81208
-81194
-81180
-81173
-81170
-81167
-81155
-81128
-81110
-81101
-81093
-81017
-80983
-80966
-80901
-80896
-80858
-80852
-80843
-80833
-80819
-80770
-80768
-80750
-80737
-80720
-80687
-80646
-80636
-80629
-80477
-80475
-80466
-80458
-80438
-80423
-80421
-80410
-80386
-80343
-80330
-80326
-80318
-80253
-80251
-80248
-80242
-80229
-80196
-80179
-80175
-80105
-80099
-80071
-80046
-80013
-80007
-79974
-79955
-79936
-79905
-79904
-79886
-79875
-79862
-79862
-79860
-79828
-79806
-79804
-79804
-79800
-79793
-79787
-79776
-79746
-79739
-79739
-79680
-79666
-79663
-79630
-79551
-79544
-79524
-79517
-79497
-79475
-79466
-79437
-79433
-79415
-79409
-79400
-79384
-79364
-79360
-79355
-79352
-79337
-79331
-79259
-79237
-79234
-79209
-79207
-79192
-79175
-79140
-79133
-79129
-79094
-79093
-79090
-79081
-79070
-79057
-79013
-79011
-78967
-78957
-78938
-78924
-78888
-78861
-78844
-78838
-78815
-78784
-78753
-78714
-78654
-78635
-78628
-78616
-78607
-78522
-78495
-78482
-78480
-78467
-78445
-78387
-78377
-78364
-78349
-78326
-78287
-78277
-78252
-78194
-78158
-78127
-78110
-78102
-78056
-77998
-77976
-77964
-77949
-77948
-77892
-77868
-77866
-77841
-77807
-77794
-77778
-77775
-77757
-77734
-77672
-77664
-77626
-77612
-77572
-77512
-77482
-77450
-77447
-77416
-77298
-77295
-77286
-77266
-77233
-77228
-77216
-77188
-77183
-77177
-77133
-77097
-77082
-77071
-77031
-77017
-76982
-76981
-76897
-76897
-76896
-76886
-76882
-76873
-76865
-76831
-76793
-76789
-76721
-76711
-76710
-76707
-76667
-76662
-76648
-76561
-76555
-76552
-76501
-76486
-76462
-76447
-76434
-76408
-76408
-76386
-76310
-76306
-76284
-76237
-76227
-76192
-76118
-76092
-76069
-76068
-76062
-76014
-76002
-75982
-75981
-75969
-75956
-75938
-75931
-75924
-75910
-75891
-75860
-75850
-75826
-75820
-75807
-75765
-75754
-75745
-75727
-75705
-75705
-75698
-75691
-75690
-75688
-75680
-75675
-75654
-75645
-75644
-75612
-75600
-75597
-75592
-75586
-75584
-75583
-75582
-75565
-75560
-75554
-75550
-75539
-75535
-75515
-75508
-75410
-75371
-75356
-75329
-75326
-75257
-75223
-75205
-75198
-75156
-75154
-75123
-75088
-75088
-75078
-75068
-75067
-75052
-75051
-75041
-74985
-74972
-74972
-74960
-74922
-74890
-74878
-74856
-74835
-74788
-74733
-74729
-74688
-74651
-74635
-74622
-74600
-74581
-74569
-74536
-74471
-74470
-74459
-74412
-74404
-74403
-74401
-74380
-74370
-74358
-74347
-74344
-74338
-74326
-74320
-74245
-74242
-74223
-74211
-74174
-74170
-74166
-74141
-74141
-74129
-74121
-74112
-74104
-74083
-74073
-74069
-74023
-74006
-73949
-73946
-73940
-73937
-73921
-73918
-73892
-73890
-73874
-73845
-73815
-73810
-73807
-73761
-73752
-73749
-73729
-73722
-73664
-73618
-73608
-73586
-73559
-73559
-73523
-73521
-73514
-73482
-73477
-73475
-73459
-73412
-73384
-73281
-73281
-73244
-73240
-73234
-73224
-73204
-73200
-73182
-73175
-73174
-73162
-73140
-73114
-73099
-73098
-73086
-73083
-73013
-73000
-72977
-72946
-72924
-72917
-72845
-72844
-72843
-72828
-72818
-72788
-72785
-72776
-72775
-72773
-72771
-72721
-72714
-72706
-72678
-72650
-72610
-72599
-72578
-72570
-72560
-72559
-72548
-72530
-72521
-72510
-72507
-72476
-72472
-72436
-72430
-72391
-72359
-72334
-72297
-72296
-72267
-72238
-72235
-72219
-72178
-72175
-72170
-72163
-72137
-72131
-72119
-72112
-72085
-72064
-72028
-72012
-72006
-71994
-71986
-71912
-71911
-71902
-71900
-71887
-71886
-71860
-71858
-71845
-71834
-71807
-71779
-71760
-71741
-71718
-71688
-71686
-71683
-71644
-71617
-71596
-71535
-71508
-71483
-71480
-71475
-71473
-71468
-71447
-71444
-71375
-71328
-71322
-71320
-71295
-71290
-71260
-71228
-71222
-71114
-71102
-71100
-71079
-71076
-71067
-70992
-70958
-70948
-70947
-70922
-70905
-70903
-70899
-70867
-70845
-70787
-70716
-70698
-70670
-70659
-70642
-70601
-70542
-70525
-70512
-70382
-70381
-70363
-70336
-70318
-70305
-70299
-70291
-70280
-70259
-70239
-70233
-70229
-70210
-70199
-70150
-70107
-70104
-70093
-70091
-70069
-70066
-70054
-70011
-69989
-69973
-69953
-69952
-69865
-69817
-69768
-69760
-69739
-69717
-69682
-69669
-69669
-69644
-69632
-69570
-69560
-69544
-69527
-69520
-69499
-69471
-69445
-69415
-69414
-69412
-69405
-69360
-69343
-69331
-69329
-69323
-69308
-69300
-69288
-69280
-69280
-69272
-69252
-69246
-69230
-69211
-69197
-69174
-69166
-69155
-69142
-69109
-69104
-69033
-69020
-68996
-68991
-68972
-68965
-68948
-68941
-68940
-68929
-68902
-68886
-68848
-68836
-68786
-68774
-68765
-68753
-68741
-68732
-68732
-68725
-68667
-68657
-68625
-68621
-68618
-68609
-68609
-68584
-68579
-68542
-68540
-68508
-68465
-68441
-68431
-68412
-68399
-68388
-68380
-68345
-68341
-68339
-68324
-68315
-68272
-68266
-68257
-68243
-68211
-68175
-68167
-68162
-68142
-68128
-68128
-68127
-68127
-68112
-68110
-68102
-68078
-68053
-68044
-68043
-68021
-68017
-68003
-67989
-67977
-67973
-67913
-67877
-67864
-67862
-67832
-67812
-67807
-67773
-67772
-67747
-67740
-67737
-67728
-67681
-67503
-67495
-67481
-67476
-67458
-67452
-67422
-67417
-67391
-67383
-67378
-67356
-67333
-67330
-67299
-67238
-67216
-67212
-67211
-67161
-67158
-67157
-67151
-67124
-67116
-67103
-67064
-67048
-67036
-67030
-67022
-66993
-66939
-66934
-66927
-66884
-66882
-66861
-66845
-66831
-66826
-66799
-66765
-66751
-66745
-66662
-66648
-66611
-66530
-66520
-66519
-66480
-66479
-66440
-66437
-66433
-66432
-66431
-66405
-66392
-66390
-66378
-66361
-66342
-66341
-66321
-66290
-66288
-66277
-66261
-66256
-66216
-66197
-66193
-66177
-66123
-66085
-66046
-66042
-66031
-66029
-65971
-65951
-65945
-65925
-65904
-65899
-65885
-65879
-65866
-65866
-65863
-65855
-65789
-65778
-65751
-65738
-65728
-65713
-65696
-65641
-65612
-65599
-65586
-65535
-65517
-65501
-65500
-65488
-65483
-65448
-65440
-65428
-65410
-65368
-65351
-65330
-65312
-65311
-65302
-65300
-65296
-65283
-65274
-65222
-65193
-65164
-65163
-65143
-65122
-65073
-65058
-65057
-65033
-65029
-64997
-64984
-64977
-64964
-64932
-64923
-64884
-64858
-64854
-64852
-64848
-64815
-64804
-64803
-64798
-64774
-64765
-64760
-64728
-64658
-64635
-64635
-64581
-64581
-64569
-64526
-64508
-64507
-64492
-64490
-64474
-64461
-64453
-64451
-64449
-64431
-64345
-64308
-64298
-64289
-64261
-64253
-64252
-64250
-64246
-64239
-64215
-64208
-64196
-64193
-64167
-64150
-64146
-64139
-64130
-64115
-64065
-64064
-64052
-64010
-63954
-63951
-63941
-63930
-63876
-63870
-63859
-63853
-63848
-63835
-63828
-63807
-63804
-63791
-63770
-63740
-63738
-63695
-63655
-63651
-63647
-63645
-63610
-63610
-63607
-63595
-63586
-63578
-63573
-63548
-63530
-63484
-63455
-63438
-63388
-63363
-63362
-63359
-63212
-63202
-63198
-63181
-63150
-63136
-63127
-63100
-63072
-63067
-62959
-62954
-62951
-62823
-62805
-62801
-62761
-62735
-62728
-62667
-62653
-62571
-62544
-62519
-62495
-62494
-62489
-62487
-62475
-62474
-62458
-62421
-62406
-62347
-62329
-62324
-62304
-62297
-62222
-62187
-62138
-62128
-62119
-62112
-62106
-62103
-62064
-62036
-61983
-61954
-61950
-61935
-61928
-61925
-61903
-61902
-61891
-61890
-61859
-61854
-61841
-61832
-61815
-61772
-61741
-61721
-61670
-61657
-61621
-61605
-61549
-61520
-61503
-61491
-61473
-61451
-61444
-61382
-61351
-61331
-61324
-61322
-61320
-61255
-61223
-61180
-61179
-61145
-61144
-61127
-61120
-61102
-61098
-61090
-61063
-61058
-61055
-61055
-61027
-60996
-60943
-60920
-60915
-60915
-60906
-60899
-60893
-60888
-60863
-60802
-60792
-60786
-60778
-60773
-60766
-60753
-60749
-60745
-60733
-60729
-60722
-60704
-60683
-60665
-60663
-60640
-60606
-60541
-60523
-60500
-60442
-60402
-60368
-60356
-60355
-60351
-60337
-60319
-60318
-60309
-60277
-60245
-60226
-60215
-60207
-60120
-60120
-60106
-60090
-60087
-60084
-60056
-60048
-60023
-60021
-59970
-59970
-59929
-59924
-59905
-59851
-59833
-59814
-59799
-59737
-59700
-59691
-59688
-59650
-59639
-59633
-59583
-59578
-59577
-59564
-59547
-59502
-59501
-59478
-59447
-59408
-59406
-59391
-59334
-59322
-59313
-59303
-59167
-59153
-59138
-59123
-59098
-59080
-59074
-59069
-59060
-59055
-59052
-59052
-59045
-59031
-59013
-59003
-58948
-58916
-58909
-58896
-58889
-58889
-58822
-58811
-58784
-58739
-58695
-58683
-58682
-58681
-58663
-58647
-58592
-58575
-58557
-58542
-58494
-58476
-58426
-58423
-58410
-58387
-58356
-58355
-58326
-58318
-58301
-58287
-58245
-58204
-58198
-58186
-58170
-58135
-58131
-58126
-58102
-58101
-58057
-58056
-58007
-57974
-57968
-57965
-57963
-57929
-57857
-57856
-57819
-57815
-57804
-57796
-57780
-57751
-57725
-57683
-57676
-57664
-57636
-57610
-57589
-57575
-57538
-57520
-57509
-57504
-57502
-57482
-57474
-57456
-57448
-57430
-57416
-57386
-57366
-57362
-57330
-57299
-57294
-57282
-57274
-57246
-57234
-57181
-57172
-57109
-57094
-57073
-57071
-57055
-57048
-57033
-57027
-57024
-57001
-56975
-56956
-56946
-56941
-56930
-56927
-56910
-56903
-56890
-56856
-56855
-56815
-56764
-56753
-56745
-56708
-56695
-56691
-56683
-56654
-56637
-56635
-56610
-56609
-56606
-56596
-56548
-56544
-56525
-56519
-56488
-56469
-56437
-56424
-56411
-56383
-56338
-56313
-56308
-56306
-56259
-56248
-56246
-56223
-56212
-56149
-56140
-56131
-56096
-56089
-56064
-56057
-56044
-56040
-56003
-55972
-55967
-55945
-55927
-55901
-55885
-55854
-55786
-55786
-55775
-55745
-55736
-55716
-55714
-55662
-55657
-55633
-55630
-55556
-55545
-55534
-55525
-55525
-55523
-55507
-55422
-55419
-55341
-55338
-55336
-55329
-55318
-55308
-55304
-55249
-55232
-55203
-55199
-55190
-55158
-55039
-55033
-54981
-54972
-54966
-54949
-54948
-54886
-54850
-54826
-54817
-54783
-54751
-54694
-54668
-54668
-54645
-54640
-54636
-54622
-54603
-54576
-54572
-54545
-54525
-54441
-54431
-54409
-54383
-54364
-54358
-54357
-54357
-54350
-54347
-54337
-54325
-54300
-54283
-54246
-54239
-54231
-54228
-54226
-54204
-54180
-54126
-54123
-54090
-54090
-54073
-54030
-54017
-53923
-53917
-53886
-53859
-53849
-53823
-53817
-53808
-53759
-53730
-53713
-53708
-53703
-53655
-53610
-53595
-53592
-53585
-53573
-53565
-53562
-53560
-53543
-53446
-53432
-53431
-53420
-53340
-53330
-53328
-53308
-53242
-53241
-53215
-53207
-53202
-53176
-53148
-53146
-53142
-53130
-53119
-53118
-53105
-53096
-53090
-53088
-53055
-52962
-52949
-52926
-52923
-52908
-52871
-52861
-52860
-52832
-52807
-52807
-52804
-52740
-52721
-52704
-52655
-52567
-52549
-52537
-52510
-52506
-52505
-52489
-52479
-52477
-52462
-52447
-52446
-52431
-52411
-52346
-52343
-52334
-52330
-52326
-52323
-52319
-52288
-52279
-52267
-52263
-52255
-52250
-52219
-52207
-52203
-52201
-52149
-52133
-52131
-52122
-52036
-52035
-51997
-51994
-51990
-51962
-51941
-51909
-51899
-51874
-51833
-51781
-51769
-51718
-51708
-51675
-51630
-51624
-51624
-51620
-51620
-51607
-51579
-51551
-51519
-51441
-51384
-51371
-51301
-51265
-51217
-51175
-51119
-51106
-51104
-51098
-51063
-51024
-51001
-50946
-50923
-50918
-50884
-50838
-50822
-50807
-50764
-50744
-50741
-50734
-50699
-50689
-50674
-50656
-50633
-50619
-50616
-50551
-50509
-50488
-50487
-50421
-50416
-50393
-50386
-50341
-50332
-50328
-50241
-50204
-50189
-50178
-50168
-50152
-50148
-50142
-50110
-50106
-50025
-50022
-50006
-50003
-49992
-49964
-49948
-49921
-49905
-49897
-49894
-49893
-49880
-49876
-49853
-49840
-49780
-49775
-49774
-49773
-49770
-49759
-49757
-49746
-49719
-49698
-49616
-49609
-49601
-49579
-49554
-49525
-49506
-49479
-49476
-49409
-49393
-49375
-49266
-49261
-49230
-49197
-49193
-49164
-49148
-49144
-49134
-49080
-49016
-48967
-48964
-48959
-48949
-48933
-48871
-48831
-48826
-48780
-48763
-48759
-48757
-48750
-48731
-48726
-48693
-48683
-48666
-48638
-48635
-48632
-48630
-48610
-48587
-48535
-48512
-48491
-48471
-48466
-48461
-48460
-48446
-48440
-48432
-48425
-48338
-48324
-48293
-48286
-48256
-48250
-48236
-48209
-48190
-48104
-48101
-48053
-48035
-48026
-47997
-47985
-47980
-47931
-47925
-47914
-47885
-47843
-47842
-47772
-47742
-47736
-47711
-47649
-47646
-47645
-47640
-47634
-47616
-47554
-47553
-47552
-47488
-47476
-47459
-47456
-47437
-47409
-47405
-47372
-47349
-47342
-47332
-47321
-47318
-47273
-47261
-47240
-47216
-47187
-47175
-47169
-47149
-47148
-47136
-47132
-47099
-47072
-47070
-47061
-47060
-47054
-47050
-47045
-47030
-47029
-47012
-47006
-46967
-46914
-46911
-46900
-46895
-46824
-46812
-46791
-46783
-46771
-46735
-46713
-46640
-46633
-46622
-46542
-46537
-46536
-46513
-46509
-46503
-46495
-46488
-46444
-46415
-46392
-46346
-46328
-46326
-46325
-46310
-46261
-46190
-46121
-46096
-46085
-46022
-45986
-45938
-45925
-45918
-45887
-45881
-45835
-45834
-45816
-45797
-45766
-45758
-45748
-45708
-45646
-45614
-45607
-45598
-45597
-45571
-45518
-45497
-45494
-45483
-45476
-45475
-45434
-45427
-45409
-45402
-45364
-45355
-45346
-45313
-45310
-45295
-45263
-45238
-45237
-45206
-45189
-45170
-45150
-45137
-45130
-45116
-45094
-45070
-45055
-45045
-45009
-44954
-44917
-44904
-44900
-44857
-44850
-44834
-44829
-44825
-44813
-44795
-44752
-44665
-44653
-44636
-44620
-44601
-44593
-44583
-44581
-44544
-44529
-44505
-44459
-44450
-44426
-44425
-44377
-44302
-44254
-44242
-44226
-44120
-44119
-44100
-44076
-44013
-43998
-43975
-43955
-43939
-43920
-43867
-43853
-43828
-43820
-43814
-43780
-43737
-43705
-43704
-43681
-43679
-43652
-43612
-43555
-43552
-43530
-43445
-43407
-43384
-43329
-43300
-43236
-43172
-43157
-43151
-43099
-43074
-43058
-43052
-43047
-43045
-43033
-43005
-43003
-42971
-42934
-42829
-42763
-42736
-42724
-42711
-42700
-42697
-42660
-42651
-42644
-42640
-42632
-42615
-42542
-42541
-42537
-42531
-42503
-42501
-42456
-42436
-42423
-42379
-42363
-42358
-42356
-42312
-42286
-42286
-42275
-42258
-42250
-42225
-42154
-42146
-42134
-42126
-42087
-42065
-42050
-42044
-42039
-42028
-41982
-41962
-41921
-41898
-41894
-41878
-41862
-41841
-41835
-41824
-41815
-41807
-41783
-41783
-41780
-41756
-41720
-41706
-41694
-41693
-41687
-41656
-41641
-41641
-41636
-41634
-41624
-41608
-41598
-41576
-41562
-41546
-41545
-41542
-41529
-41500
-41404
-41387
-41377
-41353
-41352
-41329
-41289
-41250
-41241
-41240
-41237
-41185
-41184
-41180
-41143
-41141
-41133
-41121
-41111
-41109
-41089
-41081
-41066
-41053
-41039
-41007
-40991
-40931
-40925
-40915
-40862
-40835
-40825
-40820
-40805
-40793
-40793
-40705
-40698
-40692
-40671
-40665
-40659
-40645
-40643
-40637
-40611
-40594
-40577
-40533
-40525
-40491
-40481
-40459
-40427
-40379
-40361
-40319
-40298
-40293
-40287
-40253
-40245
-40198
-40144
-40134
-40121
-40114
-40100
-40093
-40090
-40083
-40063
-40041
-40006
-39983
-39970
-39941
-39924
-39863
-39853
-39797
-39790
-39755
-39735
-39710
-39703
-39681
-39681
-39668
-39665
-39661
-39640
-39627
-39627
-39624
-39620
-39617
-39612
-39590
-39576
-39565
-39548
-39546
-39538
-39537
-39535
-39509
-39473
-39458
-39449
-39435
-39426
-39412
-39404
-39392
-39391
-39375
-39370
-39363
-39313
-39310
-39280
-39278
-39259
-39241
-39222
-39193
-39171
-39169
-39166
-39166
-39123
-39094
-39038
-39012
-38970
-38896
-38895
-38851
-38831
-38791
-38787
-38773
-38754
-38748
-38744
-38737
-38735
-38699
-38695
-38683
-38657
-38655
-38630
-38606
-38595
-38574
-38565
-38560
-38507
-38506
-38487
-38453
-38449
-38446
-38411
-38405
-38374
-38373
-38341
-38307
-38297
-38287
-38276
-38244
-38239
-38228
-38203
-38197
-38178
-38166
-38161
-38156
-38129
-38117
-38099
-38062
-38056
-38048
-38038
-38003
-38001
-37986
-37983
-37959
-37946
-37946
-37892
-37884
-37869
-37868
-37867
-37866
-37864
-37859
-37813
-37813
-37810
-37753
-37751
-37749
-37743
-37735
-37722
-37715
-37667
-37657
-37635
-37631
-37610
-37609
-37604
-37602
-37556
-37550
-37505
-37448
-37442
-37394
-37371
-37358
-37356
-37349
-37324
-37280
-37255
-37214
-37201
-37195
-37175
-37048
-37038
-37022
-37014
-37013
-36981
-36963
-36961
-36937
-36914
-36914
-36893
-36891
-36865
-36865
-36855
-36841
-36806
-36805
-36799
-36799
-36796
-36794
-36792
-36783
-36763
-36761
-36712
-36660
-36652
-36650
-36639
-36626
-36579
-36561
-36542
-36510
-36488
-36478
-36460
-36437
-36397
-36365
-36354
-36328
-36322
-36318
-36266
-36258
-36238
-36213
-36158
-36075
-36037
-36035
-35977
-35973
-35932
-35927
-35800
-35781
-35771
-35765
-35759
-35741
-35726
-35715
-35704
-35660
-35654
-35652
-35640
-35628
-35609
-35608
-35602
-35591
-35588
-35582
-35572
-35558
-35512
-35505
-35493
-35458
-35453
-35383
-35341
-35332
-35296
-35291
-35288
-35285
-35277
-35211
-35202
-35140
-35134
-35109
-35078
-35076
-35068
-35065
-35054
-35031
-35027
-35022
-35020
-34982
-34978
-34965
-34941
-34938
-34931
-34926
-34861
-34840
-34819
-34801
-34731
-34698
-34691
-34672
-34662
-34644
-34627
-34618
-34569
-34553
-34538
-34537
-34508
-34502
-34472
-34470
-34467
-34455
-34437
-34422
-34419
-34412
-34383
-34374
-34368
-34352
-34330
-34318
-34306
-34268
-34260
-34239
-34230
-34177
-34164
-34140
-34137
-34129
-34110
-34098
-34074
-34063
-34038
-34031
-34027
-34014
-34012
-33988
-33975
-33961
-33926
-33922
-33891
-33872
-33855
-33836
-33824
-33822
-33818
-33802
-33782
-33767
-33681
-33660
-33631
-33601
-33587
-33583
-33567
-33558
-33552
-33533
-33514
-33489
-33474
-33451
-33415
-33367
-33341
-33320
-33299
-33291
-33174
-33118
-33108
-33087
-33074
-33071
-33069
-33054
-32995
-32992
-32938
-32906
-32863
-32849
-32822
-32793
-32783
-32780
-32719
-32698
-32697
-32679
-32679
-32668
-32667
-32640
-32620
-32614
-32596
-32580
-32511
-32478
-32475
-32470
-32456
-32445
-32412
-32368
-32360
-32345
-32334
-32327
-32271
-32267
-32177
-32146
-32134
-32110
-32074
-32030
-32003
-31985
-31977
-31962
-31962
-31923
-31904
-31894
-31862
-31860
-31771
-31709
-31704
-31684
-31683
-31675
-31571
-31570
-31538
-31519
-31519
-31517
-31431
-31420
-31404
-31383
-31374
-31247
-31201
-31176
-31171
-31162
-31134
-31078
-31069
-31040
-31036
-31036
-31031
-31023
-31017
-31016
-31006
-31005
-30997
-30994
-30963
-30952
-30898
-30865
-30855
-30841
-30824
-30701
-30653
-30613
-30609
-30599
-30572
-30559
-30557
-30457
-30439
-30367
-30358
-30355
-30352
-30345
-30343
-30330
-30277
-30247
-30247
-30228
-30193
-30183
-30173
-30154
-30141
-30130
-30121
-30106
-30060
-30050
-30030
-30023
-30000
-29975
-29914
-29910
-29862
-29836
-29832
-29821
-29766
-29737
-29705
-29702
-29686
-29665
-29641
-29600
-29599
-29578
-29561
-29539
-29537
-29496
-29482
-29479
-29478
-29462
-29438
-29430
-29373
-29367
-29338
-29301
-29273
-29247
-29230
-29228
-29216
-29207
-29202
-29182
-29180
-29130
-29125
-29112
-29092
-29016
-28990
-28980
-28910
-28899
-28872
-28832
-28802
-28780
-28779
-28777
-28775
-28729
-28718
-28697
-28676
-28673
-28662
-28641
-28627
-28624
-28562
-28497
-28493
-28485
-28477
-28475
-28433
-28420
-28392
-28336
-28262
-28241
-28225
-28207
-28189
-28177
-28177
-28171
-28089
-28084
-28065
-28060
-28022
-28007
-27992
-27969
-27938
-27937
-27901
-27889
-27876
-27868
-27867
-27811
-27794
-27786
-27783
-27766
-27749
-27731
-27729
-27717
-27712
-27696
-27693
-27686
-27684
-27683
-27682
-27640
-27638
-27636
-27592
-27536
-27519
-27517
-27499
-27487
-27415
-27381
-27344
-27342
-27327
-27292
-27291
-27287
-27262
-27250
-27240
-27232
-27230
-27229
-27228
-27203
-27189
-27167
-27112
-27097
-27096
-27091
-27079
-27072
-27049
-27047
-27038
-27002
-27000
-26992
-26975
-26962
-26930
-26921
-26884
-26880
-26860
-26847
-26832
-26829
-26825
-26823
-26808
-26801
-26731
-26707
-26706
-26638
-26638
-26623
-26600
-26590
-26586
-26585
-26577
-26565
-26518
-26486
-26444
-26436
-26408
-26382
-26363
-26351
-26339
-26325
-26270
-26262
-26235
-26190
-26176
-26172
-26160
-26149
-26142
-26142
-26105
-26087
-26060
-26033
-26014
-25987
-25985
-25975
-25936
-25935
-25925
-25919
-25905
-25896
-25896
-25890
-25888
-25876
-25840
-25835
-25811
-25810
-25809
-25797
-25792
-25777
-25757
-25711
-25689
-25684
-25661
-25642
-25629
-25612
-25593
-25573
-25546
-25524
-25466
-25455
-25448
-25413
-25406
-25384
-25342
-25341
-25335
-25333
-25308
-25275
-25234
-25222
-25196
-25190
-25184
-25177
-25162
-25128
-25122
-25110
-25099
-25080
-25055
-25027
-25020
-24999
-24983
-24973
-24968
-24950
-24946
-24933
-24928
-24887
-24883
-24861
-24858
-24820
-24814
-24791
-24738
-24735
-24733
-24710
-24708
-24696
-24694
-24681
-24664
-24636
-24628
-24618
-24607
-24606
-24590
-24573
-24553
-24523
-24426
-24372
-24343
-24312
-24312
-24307
-24305
-24285
-24278
-24255
-24248
-24238
-24237
-24225
-24111
-24090
-24074
-24032
-24017
-24011
-23986
-23979
-23971
-23966
-23959
-23953
-23931
-23875
-23868
-23855
-23838
-23830
-23821
-23813
-23762
-23761
-23755
-23749
-23744
-23719
-23712
-23696
-23686
-23672
-23646
-23578
-23521
-23499
-23421
-23420
-23411
-23391
-23358
-23355
-23336
-23320
-23292
-23288
-23286
-23281
-23279
-23204
-23181
-23178
-23172
-22976
-22962
-22940
-22937
-22933
-22917
-22899
-22880
-22873
-22846
-22844
-22836
-22833
-22826
-22802
-22792
-22783
-22754
-22735
-22734
-22730
-22718
-22660
-22647
-22624
-22613
-22596
-22590
-22590
-22395
-22371
-22352
-22309
-22295
-22289
-22257
-22254
-22242
-22205
-22184
-22173
-22168
-22118
-22118
-22092
-22085
-22082
-22065
-22057
-22044
-22042
-22024
-22023
-22021
-21977
-21930
-21910
-21894
-21892
-21869
-21861
-21860
-21839
-21834
-21826
-21824
-21795
-21772
-21756
-21750
-21741
-21739
-21711
-21692
-21679
-21633
-21612
-21609
-21602
-21600
-21578
-21569
-21540
-21531
-21527
-21495
-21446
-21443
-21440
-21416
-21401
-21362
-21354
-21346
-21309
-21288
-21262
-21238
-21226
-21194
-21193
-21175
-21153
-21146
-21140
-21128
-21059
-21049
-21048
-21025
-21021
-21002
-21001
-20975
-20953
-20911
-20878
-20874
-20869
-20866
-20847
-20822
-20777
-20753
-20707
-20687
-20659
-20628
-20626
-20621
-20620
-20614
-20606
-20575
-20572
-20552
-20543
-20539
-20515
-20491
-20467
-20445
-20441
-20422
-20421
-20365
-20336
-20308
-20304
-20280
-20233
-20211
-20198
-20177
-20166
-20151
-20134
-20065
-20004
-19955
-19862
-19826
-19819
-19720
-19668
-19667
-19658
-19651
-19626
-19618
-19612
-19607
-19560
-19540
-19535
-19456
-19432
-19423
-19421
-19384
-19372
-19361
-19357
-19355
-19354
-19318
-19283
-19277
-19272
-19259
-19244
-19243
-19194
-19190
-19177
-19157
-19119
-19118
-19105
-19071
-19041
-19022
-19016
-19015
-18994
-18991
-18991
-18976
-18920
-18894
-18890
-18876
-18857
-18769
-18755
-18731
-18718
-18698
-18687
-18683
-18683
-18680
-18668
-18651
-18643
-18640
-18638
-18635
-18634
-18634
-18617
-18615
-18610
-18608
-18605
-18588
-18572
-18565
-18564
-18554
-18541
-18534
-18505
-18495
-18479
-18478
-18453
-18441
-18427
-18420
-18412
-18410
-18380
-18375
-18309
-18296
-18289
-18277
-18273
-18259
-18193
-18186
-18164
-18144
-18133
-18099
-18062
-18041
-18030
-18025
-18021
-18019
-18013
-17998
-17998
-17978
-17894
-17887
-17854
-17852
-17838
-17827
-17792
-17778
-17763
-17763
-17743
-17738
-17727
-17711
-17689
-17661
-17655
-17654
-17651
-17647
-17589
-17502
-17468
-17448
-17402
-17401
-17397
-17386
-17339
-17325
-17281
-17281
-17280
-17269
-17239
-17179
-17176
-17176
-17166
-17071
-17063
-17060
-17052
-17021
-16980
-16960
-16944
-16910
-16899
-16852
-16819
-16810
-16803
-16795
-16779
-16774
-16762
-16730
-16727
-16725
-16703
-16690
-16629
-16610
-16557
-16530
-16528
-16498
-16488
-16458
-16457
-16429
-16421
-16402
-16364
-16362
-16352
-16350
-16329
-16278
-16259
-16257
-16250
-16245
-16227
-16219
-16187
-16150
-16125
-16123
-16050
-16043
-16030
-16008
-15996
-15952
-15933
-15924
-15895
-15857
-15852
-15827
-15827
-15782
-15781
-15776
-15775
-15715
-15655
-15647
-15639
-15613
-15606
-15588
-15577
-15555
-15508
-15499
-15473
-15463
-15417
-15409
-15405
-15333
-15302
-15280
-15266
-15255
-15232
-15224
-15172
-15165
-15160
-15159
-15137
-15131
-15119
-15081
-15077
-15071
-15056
-15009
-15002
-14976
-14898
-14880
-14873
-14848
-14736
-14732
-14715
-14712
-14710
-14698
-14629
-14624
-14622
-14609
-14582
-14582
-14572
-14558
-14532
-14524
-14485
-14473
-14472
-14467
-14459
-14457
-14446
-14445
-14444
-14439
-14411
-14358
-14346
-14344
-14343
-14328
-14328
-14291
-14289
-14248
-14233
-14227
-14218
-14194
-14193
-14181
-14180
-14134
-14127
-14126
-14088
-14032
-14016
-14011
-14003
-13975
-13969
-13956
-13952
-13938
-13933
-13897
-13864
-13848
-13827
-13816
-13816
-13771
-13765
-13755
-13744
-13731
-13729
-13703
-13642
-13639
-13629
-13627
-13561
-13533
-13525
-13513
-13471
-13463
-13448
-13433
-13432
-13411
-13371
-13361
-13348
-13324
-13304
-13302
-13263
-13243
-13239
-13222
-13175
-13168
-13131
-13112
-13049
-13042
-12962
-12960
-12940
-12935
-12902
-12894
-12876
-12867
-12849
-12837
-12814
-12785
-12781
-12777
-12770
-12727
-12684
-12680
-12652
-12589
-12588
-12542
-12480
-12465
-12459
-12453
-12426
-12397
-12396
-12387
-12367
-12358
-12336
-12332
-12322
-12322
-12311
-12199
-12148
-12144
-12135
-12118
-12111
-12081
-12063
-12034
-12016
-12014
-11987
-11967
-11960
-11931
-11925
-11893
-11871
-11856
-11826
-11825
-11820
-11809
-11808
-11801
-11793
-11791
-11781
-11742
-11733
-11731
-11706
-11696
-11677
-11663
-11657
-11638
-11616
-11611
-11588
-11579
-11558
-11554
-11491
-11454
-11422
-11405
-11399
-11388
-11382
-11373
-11359
-11338
-11303
-11292
-11261
-11261
-11260
-11255
-11240
-11228
-11166
-11142
-11113
-11103
-11035
-11021
-10979
-10974
-10963
-10914
-10839
-10819
-10798
-10741
-10740
-10737
-10693
-10675
-10668
-10622
-10620
-10610
-10608
-10605
-10557
-10548
-10544
-10533
-10484
-10456
-10437
-10371
-10370
-10358
-10350
-10287
-10255
-10240
-10239
-10236
-10227
-10204
-10175
-10163
-10130
-10116
-10084
-10076
-10075
-10071
-10069
-10030
-10005
-9990
-9982
-9889
-9880
-9854
-9849
-9832
-9815
-9809
-9710
-9705
-9666
-9536
-9530
-9530
-9499
-9494
-9483
-9454
-9447
-9443
-9417
-9413
-9404
-9323
-9298
-9295
-9283
-9255
-9162
-9152
-9143
-9137
-9131
-9031
-9027
-9021
-8989
-8988
-8946
-8889
-8884
-8866
-8863
-8850
-8850
-8846
-8833
-8824
-8823
-8823
-8815
-8790
-8779
-8762
-8754
-8724
-8720
-8683
-8682
-8676
-8662
-8618
-8615
-8570
-8570
-8556
-8552
-8510
-8460
-8431
-8423
-8422
-8410
-8409
-8404
-8398
-8352
-8349
-8328
-8290
-8261
-8226
-8210
-8191
-8169
-8163
-8154
-8139
-8120
-8090
-8065
-8045
-8040
-8027
-8010
-7991
-7990
-7978
-7939
-7869
-7869
-7861
-7859
-7852
-7826
-7760
-7722
-7692
-7671
-7670
-7621
-7608
-7547
-7533
-7527
-7524
-7522
-7493
-7462
-7437
-7385
-7366
-7344
-7331
-7285
-7260
-7257
-7232
-7221
-7216
-7207
-7201
-7193
-7180
-7175
-7160
-7155
-7153
-7139
-7131
-7128
-7111
-7060
-7029
-7004
-6990
-6974
-6928
-6916
-6885
-6878
-6857
-6856
-6850
-6808
-6806
-6794
-6792
-6788
-6767
-6744
-6716
-6698
-6669
-6638
-6628
-6622
-6560
-6525
-6523
-6481
-6417
-6408
-6388
-6381
-6372
-6368
-6357
-6338
-6323
-6250
-6236
-6200
-6126
-6126
-6123
-6114
-6112
-6092
-6067
-6061
-6020
-5953
-5949
-5932
-5924
-5910
-5892
-5831
-5768
-5762
-5755
-5723
-5696
-5682
-5671
-5671
-5667
-5603
-5550
-5530
-5444
-5413
-5397
-5390
-5345
-5338
-5332
-5324
-5292
-5251
-5243
-5237
-5223
-5182
-5178
-5151
-5102
-5057
-5017
-5005
-4972
-4965
-4940
-4906
-4894
-4863
-4824
-4819
-4786
-4785
-4778
-4776
-4720
-4716
-4709
-4700
-4679
-4609
-4558
-4543
-4538
-4534
-4534
-4495
-4480
-4468
-4463
-4460
-4457
-4437
-4401
-4388
-4385
-4375
-4364
-4333
-4269
-4261
-4251
-4250
-4247
-4230
-4228
-4216
-4203
-4200
-4176
-4173
-4165
-4165
-4165
-4162
-4106
-4103
-4072
-4072
-4061
-4044
-3979
-3962
-3954
-3951
-3928
-3919
-3902
-3887
-3876
-3848
-3824
-3811
-3806
-3802
-3799
-3793
-3772
-3764
-3727
-3726
-3715
-3702
-3702
-3696
-3666
-3665
-3638
-3580
-3580
-3520
-3496
-3492
-3466
-3439
-3438
-3410
-3399
-3373
-3370
-3333
-3312
-3251
-3185
-3164
-3127
-3115
-3115
-3100
-3097
-3076
-3074
-3045
-3035
-3031
-3029
-3006
-2989
-2961
-2943
-2914
-2882
-2855
-2837
-2835
-2793
-2789
-2768
-2742
-2703
-2690
-2660
-2638
-2617
-2597
-2593
-2584
-2564
-2555
-2551
-2521
-2510
-2501
-2494
-2489
-2453
-2422
-2411
-2410
-2404
-2363
-2351
-2291
-2291
-2274
-2259
-2249
-2240
-2217
-2215
-2215
-2186
-2171
-2157
-2144
-2120
-2117
-2110
-2109
-2050
-2046
-2045
-2044
-2041
-2026
-1981
-1956
-1943
-1935
-1935
-1920
-1918
-1907
-1852
-1789
-1771
-1755
-1736
-1703
-1693
-1684
-1653
-1648
-1646
-1622
-1605
-1586
-1514
-1353
-1341
-1337
-1326
-1317
-1311
-1284
-1280
-1227
-1227
-1211
-1133
-1129
-1119
-1103
-1086
-1076
-1049
-1032
-1001
-977
-959
-957
-899
-899
-889
-879
-845
-840
-839
-803
-796
-789
-752
-738
-729
-729
-680
-667
-663
-597
-586
-555
-500
-485
-469
-461
-451
-427
-420
-394
-349
-345
-313
-313
-291
-286
-276
-245
-239
-202
-176
-171
-160
-108
-86
-56
-30
52
90
99
115
142
146
182
206
228
249
256
264
271
271
277
292
327
337
356
369
373
377
402
468
473
477
493
525
527
549
556
569
573
587
587
617
648
655
668
674
697
733
755
771
774
792
794
797
916
933
953
979
986
1051
1128
1130
1165
1194
1231
1234
1236
1243
1278
1308
1315
1318
1344
1347
1400
1402
1409
1409
1436
1444
1489
1492
1503
1509
1523
1534
1535
1565
1568
1583
1586
1586
1588
1589
1591
1605
1614
1619
1621
1630
1650
1677
1680
1715
1715
1725
1792
1827
1833
1843
1847
1890
1893
1897
1923
1930
2003
2023
2074
2075
2088
2118
2161
2191
2205
2212
2230
2237
2278
2281
2292
2360
2376
2409
2433
2464
2471
2483
2514
2515
2558
2563
2581
2625
2666
2702
2705
2724
2730
2731
2736
2763
2778
2798
2803
2816
2824
2834
2863
2918
2927
2930
2948
2971
3016
3142
3156
3159
3183
3203
3215
3236
3239
3242
3249
3269
3271
3294
3302
3314
3336
3383
3407
3409
3442
3472
3504
3521
3569
3607
3621
3629
3653
3752
3764
3773
3780
3793
3803
3804
3822
3834
3871
3892
3898
3900
3909
3922
3940
3941
3945
3952
3961
3988
4007
4035
4036
4058
4064
4070
4073
4081
4095
4107
4107
4133
4142
4157
4175
4192
4193
4208
4216
4228
4231
4234
4243
4244
4246
4249
4271
4287
4295
4300
4325
4339
4371
4375
4379
4381
4388
4399
4433
4435
4486
4489
4564
4587
4625
4659
4673
4691
4693
4722
4731
4748
4761
4765
4788
4802
4804
4825
4855
4895
4938
4939
4941
4972
4981
4982
4983
4989
5043
5044
5051
5059
5065
5073
5074
5079
5080
5089
5092
5100
5112
5116
5134
5136
5192
5215
5216
5240
5254
5275
5333
5342
5351
5365
5380
5392
5404
5411
5417
5467
5476
5494
5515
5525
5534
5561
5563
5592
5725
5741
5746
5768
5769
5793
5815
5841
5842
5849
5862
5873
5882
5915
5925
5935
5965
5985
6013
6025
6030
6039
6039
6044
6046
6064
6078
6083
6095
6111
6137
6170
6189
6200
6231
6236
6238
6258
6261
6281
6290
6296
6307
6308
6320
6322
6328
6336
6342
6352
6366
6375
6407
6411
6414
6425
6426
6427
6431
6463
6466
6468
6479
6488
6497
6524
6533
6543
6555
6582
6629
6686
6731
6753
6762
6779
6785
6788
6820
6857
6859
6867
6874
6933
6935
6990
7060
7060
7061
7077
7078
7079
7101
7143
7146
7162
7166
7167
7172
7175
7192
7199
7203
7235
7252
7276
7319
7325
7329
7369
7389
7441
7459
7480
7491
7503
7523
7530
7531
7568
7580
7591
7656
7663
7681
7694
7794
7815
7844
7847
7849
7852
7868
7885
7885
7935
7946
7949
7955
7956
7970
7974
7975
7982
7995
8046
8049
8089
8131
8165
8171
8192
8205
8209
8213
8230
8248
8279
8283
8284
8435
8483
8587
8619
8622
8662
8698
8744
8750
8772
8786
8803
8810
8812
8819
8881
8895
8911
8912
8918
8939
8946
8949
8951
8966
9005
9033
9040
9044
9052
9097
9112
9129
9131
9132
9136
9148
9178
9178
9180
9184
9203
9203
9240
9261
9264
9266
9272
9275
9284
9307
9395
9425
9432
9454
9461
9473
9480
9482
9484
9495
9517
9522
9531
9552
9578
9582
9588
9606
9634
9638
9692
9710
9711
9721
9732
9752
9759
9779
9786
9792
9803
9817
9830
9845
9851
9854
9860
9863
9965
9973
9978
10023
10028
10052
10091
10126
10171
10181
10188
10259
10275
10303
10313
10317
10323
10328
10352
10375
10385
10403
10436
10438
10447
10455
10511
10518
10524
10530
10543
10579
10583
10618
10663
10682
10724
10739
10740
10789
10797
10912
10922
10965
10992
11028
11082
11115
11147
11164
11197
11202
11206
11211
11215
11246
11254
11327
11335
11336
11337
11340
11350
11378
11406
11422
11444
11447
11459
11548
11552
11565
11575
11616
11621
11636
11642
11708
11719
11735
11807
11853
11905
11931
11953
11956
11962
12036
12054
12082
12111
12114
12150
12160
12160
12168
12182
12196
12211
12245
12258
12272
12296
12302
12314
12324
12346
12354
12376
12389
12467
12468
12490
12493
12516
12517
12524
12528
12533
12553
12615
12623
12641
12641
12678
12697
12720
12767
12801
12807
12817
12872
12895
12947
12953
12965
12999
13003
13020
13029
13075
13090
13101
13128
13161
13192
13198
13222
13234
13235
13242
13263
13352
13352
13354
13370
13399
13401
13424
13446
13476
13497
13515
13546
13615
13624
13669
13696
13717
13753
13754
13787
13789
13801
13815
13817
13872
13895
13897
13950
13963
14017
14045
14051
14076
14110
14112
14127
14141
14166
14177
14188
14192
14202
14208
14215
14246
14260
14285
14294
14308
14313
14344
14352
14363
14399
14402
14411
14412
14461
14495
14561
14615
14652
14662
14681
14689
14724
14736
14743
14764
14771
14775
14777
14788
14811
14816
14849
14859
14926
14928
14953
14964
14972
15002
15018
15025
15116
15137
15152
15210
15256
15276
15341
15377
15390
15406
15446
15461
15484
15485
15495
15526
15527
15603
15642
15672
15712
15714
15732
15766
15907
15915
15932
15962
16050
16055
16076
16079
16098
16154
16158
16174
16188
16252
16253
16365
16405
16412
16413
16529
16537
16539
16577
16590
16594
16641
16669
16672
16732
16763
16775
16798
16800
16803
16813
16903
16928
16944
17045
17078
17098
17124
17138
17160
17201
17207
17229
17236
17238
17269
17275
17282
17294
17296
17315
17328
17331
17392
17413
17511
17545
17581
17630
17670
17687
17699
17732
17760
17771
17790
17791
17798
17849
17883
17896
17903
17955
17958
17979
17987
17988
18001
18004
18030
18037
18037
18047
18050
18060
18066
18078
18082
18084
18098
18104
18105
18119
18124
18129
18142
18155
18211
18213
18214
18272
18274
18280
18300
18361
18415
18430
18458
18555
18608
18622
18628
18638
18655
18691
18715
18753
18760
18762
18838
18844
18860
18892
18937
18942
18965
19034
19042
19055
19080
19129
19140
19168
19199
19222
19231
19236
19303
19309
19312
19357
19359
19359
19375
19379
19383
19416
19445
19449
19486
19548
19548
19557
19564
19566
19583
19653
19715
19741
19762
19788
19793
19828
19846
19861
19872
19885
19892
19903
19924
19956
19959
19969
19987
20033
20042
20043
20048
20063
20066
20076
20095
20110
20161
20205
20210
20212
20217
20239
20253
20257
20269
20274
20285
20290
20308
20319
20337
20340
20344
20354
20362
20381
20385
20410
20415
20417
20429
20454
20512
20525
20542
20631
20632
20650
20681
20693
20728
20728
20734
20737
20740
20742
20780
20783
20786
20800
20809
20889
20960
20965
20966
20978
21007
21054
21065
21083
21106
21116
21117
21140
21160
21171
21178
21179
21185
21218
21218
21236
21244
21274
21331
21342
21343
21348
21384
21391
21396
21396
21406
21423
21452
21475
21490
21536
21559
21562
21572
21584
21608
21614
21625
21627
21637
21694
21743
21782
21787
21799
21877
21925
21943
21964
21965
21988
22035
22055
22062
22098
22103
22110
22117
22132
22134
22136
22142
22150
22157
22176
22222
22222
22247
22250
22271
22284
22336
22337
22348
22386
22399
22424
22439
22448
22460
22503
22511
22513
22554
22562
22574
22580
22609
22622
22629
22641
22676
22699
22719
22721
22728
22750
22760
22808
22840
22848
22877
22903
22939
22951
23005
23014
23019
23131
23149
23154
23173
23186
23191
23198
23203
23215
23276
23302
23323
23327
23364
23369
23383
23393
23398
23400
23430
23486
23503
23527
23539
23540
23544
23565
23596
23604
23608
23653
23664
23666
23671
23685
23728
23749
23750
23777
23778
23814
23816
23828
23845
23858
23881
23905
23907
23918
23934
23940
23953
23989
24017
24055
24072
24098
24163
24232
24255
24273
24294
24307
24344
24355
24358
24371
24389
24396
24399
24409
24410
24428
24458
24487
24508
24518
24521
24523
24538
24554
24627
24643
24666
24666
24688
24755
24800
24835
24854
24897
24914
24990
24991
25027
25044
25049
25071
25091
25163
25195
25211
25215
25217
25240
25287
25297
25331
25376
25412
25427
25428
25495
25505
25509
25538
25540
25544
25551
25592
25595
25621
25623
25627
25653
25682
25709
25738
25754
25808
25836
25891
25928
25939
25975
25994
26065
26072
26100
26115
26126
26144
26151
26154
26159
26167
26257
26259
26260
26281
26284
26302
26304
26337
26377
26377
26400
26418
26420
26437
26453
26457
26476
26493
26512
26532
26533
26548
26604
26612
26653
26657
26734
26737
26752
26806
26825
26847
26922
26982
26994
27007
27009
27018
27030
27049
27106
27106
27114
27125
27131
27137
27139
27140
27172
27203
27204
27215
27216
27260
27271
27286
27328
27337
27346
27371
27372
27407
27432
27449
27475
27481
27529
27535
27542
27569
27599
27619
27623
27642
27642
27672
27673
27724
27734
27751
27767
27794
27810
27859
27874
27907
27936
27939
27940
27943
27972
28020
28029
28040
28049
28069
28072
28072
28080
28083
28098
28127
28170
28179
28209
28220
28238
28266
28315
28317
28340
28348
28358
28366
28378
28413
28420
28425
28451
28477
28508
28567
28593
28594
28604
28607
28610
28616
28677
28725
28740
28746
28757
28775
28800
28838
28910
28923
28951
28990
29005
29006
29026
29112
29159
29184
29211
29220
29259
29261
29292
29298
29318
29324
29327
29343
29367
29372
29390
29390
29396
29431
29456
29484
29512
29533
29541
29569
29592
29592
29634
29656
29661
29712
29725
29748
29776
29810
29816
29816
29879
29882
29886
29970
29978
29986
29987
29992
30002
30003
30003
30012
30052
30064
30142
30174
30183
30184
30210
30249
30259
30280
30323
30329
30331
30373
30391
30431
30450
30454
30460
30475
30479
30513
30521
30534
30540
30543
30568
30580
30593
30602
30627
30628
30643
30645
30653
30673
30687
30712
30735
30751
30766
30768
30782
30792
30820
30830
30854
30865
30878
30883
30895
30921
30938
31000
31015
31035
31037
31054
31087
31087
31094
31138
31187
31212
31216
31263
31289
31316
31318
31327
31362
31388
31402
31403
31421
31441
31445
31468
31480
31490
31507
31538
31543
31583
31584
31598
31622
31623
31654
31665
31683
31703
31710
31713
31728
31743
31773
31784
31801
31802
31807
31812
31835
31849
31866
31880
31883
31934
32018
32037
32046
32054
32056
32073
32076
32078
32100
32110
32122
32139
32148
32152
32179
32198
32210
32217
32242
32263
32284
32287
32307
32377
32403
32406
32427
32435
32440
32484
32485
32499
32514
32557
32565
32593
32636
32637
32638
32681
32684
32702
32707
32750
32759
32769
32809
32825
32884
32901
32953
32976
33001
33004
33004
33013
33014
33018
33019
33056
33078
33087
33088
33098
33107
33169
33193
33264
33273
33278
33305
33317
33321
33336
33356
33396
33405
33405
33412
33417
33438
33476
33561
33606
33632
33657
33658
33659
33677
33680
33700
33727
33757
33787
33793
33814
33832
33877
33888
33906
33941
33962
33969
33972
33977
33981
33993
34036
34056
34067
34084
34119
34128
34139
34147
34157
34236
34240
34315
34371
34383
34389
34422
34514
34518
34548
34558
34581
34584
34596
34620
34628
34660
34683
34689
34702
34719
34725
34728
34793
34809
34821
34850
34869
34896
34900
34907
34914
34993
34999
35006
35006
35052
35070
35075
35109
35141
35142
35152
35156
35163
35193
35206
35240
35281
35286
35295
35296
35300
35339
35353
35396
35414
35419
35523
35532
35543
35544
35546
35574
35579
35584
35601
35607
35615
35661
35665
35676
35695
35723
35734
35765
35823
35844
35868
35882
35890
35896
35944
35978
35984
35989
35996
36000
36015
36024
36066
36073
36081
36124
36150
36207
36214
36216
36222
36234
36293
36300
36349
36363
36396
36419
36492
36497
36519
36521
36523
36564
36567
36569
36569
36571
36593
36596
36685
36688
36707
36755
36759
36769
36781
36787
36796
36847
36848
36903
36929
36986
36993
36997
37000
37020
37028
37030
37049
37094
37097
37104
37112
37153
37160
37200
37204
37216
37238
37246
37247
37248
37250
37255
37262
37265
37271
37279
37291
37296
37299
37327
37352
37361
37403
37421
37431
37462
37481
37491
37529
37552
37580
37611
37646
37676
37711
37722
37741
37811
37818
37844
37855
37859
37859
37869
37875
37896
37902
37911
37963
37968
37982
38011
38019
38023
38028
38050
38064
38124
38166
38200
38229
38237
38249
38251
38267
38315
38324
38340
38359
38372
38386
38408
38410
38423
38441
38445
38464
38481
38488
38498
38518
38541
38553
38561
38584
38608
38620
38638
38658
38660
38668
38677
38679
38682
38687
38708
38713
38728
38799
38801
38833
38852
38861
38895
38897
38935
38939
38992
39057
39065
39070
39077
39106
39127
39132
39135
39195
39258
39261
39261
39270
39298
39304
39310
39321
39359
39390
39396
39420
39450
39480
39510
39526
39542
39554
39607
39610
39612
39635
39642
39655
39658
39665
39686
39699
39741
39784
39784
39815
39834
39839
39848
39881
39923
39931
39942
39955
39963
39987
40002
40016
40043
40078
40088
40150
40163
40173
40195
40216
40231
40248
40253
40328
40344
40346
40357
40380
40381
40460
40485
40566
40589
40633
40634
40679
40680
40712
40741
40781
40794
40882
40928
40973
40973
41039
41045
41049
41049
41086
41110
41111
41168
41175
41175
41176
41181
41203
41255
41259
41273
41323
41336
41355
41398
41400
41414
41415
41426
41438
41445
41448
41454
41463
41479
41548
41553
41573
41576
41580
41584
41597
41611
41643
41682
41707
41719
41725
41767
41784
41791
41846
41905
41907
41916
41923
41963
41976
42041
42052
42105
42148
42197
42205
42216
42225
42235
42242
42248
42273
42285
42315
42346
42365
42418
42440
42465
42490
42502
42504
42546
42588
42595
42597
42599
42692
42714
42737
42757
42776
42780
42790
42793
42803
42816
42842
42862
42895
42949
42953
42993
43068
43079
43089
43122
43152
43177
43198
43203
43233
43261
43275
43276
43288
43327
43387
43393
43479
43494
43528
43530
43556
43600
43615
43622
43627
43640
43642
43651
43679
43719
43728
43733
43752
43773
43785
43808
43826
43898
43907
43920
43920
43939
43954
43967
44008
44020
44035
44054
44090
44100
44105
44115
44119
44121
44142
44155
44203
44208
44233
44237
44264
44270
44276
44281
44318
44340
44341
44351
44376
44414
44416
44453
44468
44485
44551
44572
44572
44623
44628
44639
44645
44648
44664
44674
44679
44681
44689
44690
44690
44702
44707
44722
44738
44796
44803
44813
44824
44854
44865
44887
44903
44934
44958
44974
44993
44999
45012
45075
45077
45089
45091
45096
45099
45129
45139
45168
45186
45189
45197
45222
45224
45232
45233
45245
45274
45283
45360
45361
45386
45469
45484
45508
45517
45525
45537
45540
45549
45557
45589
45598
45628
45660
45699
45724
45743
45793
45801
45823
45838
45860
45877
45887
45889
45900
45926
45949
45962
45979
45992
46000
46029
46076
46091
46115
46118
46136
46158
46160
46175
46205
46216
46224
46227
46251
46345
46386
46418
46471
46480
46541
46542
46552
46567
46588
46598
46616
46616
46616
46654
46705
46709
46709
46727
46741
46751
46758
46759
46763
46770
46779
46803
46866
46901
46916
46917
46948
47038
47063
47070
47086
47086
47092
47107
47120
47121
47128
47144
47199
47218
47235
47246
47250
47259
47295
47297
47311
47318
47325
47359
47378
47396
47401
47421
47447
47478
47493
47497
47503
47515
47548
47577
47579
47593
47605
47656
47658
47682
47685
47702
47704
47711
47712
47717
47718
47722
47734
47783
47794
47798
47812
47820
47837
47839
47845
47862
47917
47921
47921
47954
47957
47964
47988
47991
48030
48045
48056
48063
48063
48079
48105
48116
48142
48143
48149
48198
48232
48246
48271
48317
48324
48355
48472
48478
48484
48491
48534
48534
48539
48544
48580
48585
48592
48594
48637
48643
48651
48652
48681
48703
48742
48750
48756
48760
48817
48855
48886
48886
48914
49021
49027
49090
49103
49123
49133
49154
49157
49189
49196
49201
49205
49239
49280
49304
49306
49312
49322
49328
49331
49334
49387
49388
49404
49421
49437
49455
49503
49504
49511
49515
49552
49558
49583
49604
49620
49625
49634
49656
49685
49706
49708
49710
49717
49731
49769
49796
49825
49902
49911
49963
49980
49994
50002
50031
50046
50133
50134
50145
50217
50236
50281
50375
50375
50387
50420
50448
50477
50518
50520
50546
50576
50582
50605
50617
50625
50647
50652
50656
50657
50678
50732
50752
50782
50804
50856
50856
50868
50917
50945
50995
51039
51043
51091
51092
51126
51134
51166
51177
51187
51221
51242
51305
51321
51333
51334
51343
51377
51381
51397
51516
51524
51546
51557
51571
51625
51644
51690
51730
51770
51782
51785
51825
51859
51870
51871
51873
51900
51956
51967
51988
52081
52106
52140
52170
52175
52178
52190
52205
52214
52225
52225
52243
52243
52308
52313
52348
52393
52401
52401
52424
52479
52485
52504
52505
52522
52523
52531
52537
52544
52551
52562
52569
52589
52602
52609
52610
52612
52656
52663
52679
52703
52717
52738
52752
52758
52791
52817
52914
52936
52977
53038
53060
53063
53080
53086
53116
53179
53192
53231
53247
53333
53369
53370
53377
53388
53419
53428
53433
53436
53449
53466
53469
53471
53482
53486
53497
53516
53533
53563
53598
53609
53609
53648
53669
53671
53675
53690
53696
53743
53750
53756
53796
53803
53826
53834
53851
53866
53879
53881
53954
53971
54010
54036
54045
54065
54072
54087
54126
54140
54196
54200
54212
54214
54239
54247
54252
54337
54356
54373
54431
54439
54444
54451
54453
54542
54571
54575
54581
54613
54659
54662
54681
54714
54720
54726
54729
54745
54750
54750
54780
54800
54817
54824
54863
54886
54911
54913
54922
54942
54943
54949
54984
54991
54994
55062
55066
55084
55097
55129
55152
55162
55179
55194
55218
55225
55235
55243
55286
55298
55359
55379
55420
55473
55503
55505
55522
55531
55550
55559
55596
55618
55621
55650
55768
55789
55799
55813
55819
55846
55866
55877
55910
55912
55938
55942
55951
55953
55981
55996
56039
56051
56073
56096
56119
56126
56174
56178
56186
56189
56218
56221
56242
56268
56311
56320
56339
56376
56377
56407
56446
56484
56510
56535
56554
56568
56572
56598
56602
56621
56624
56640
56646
56649
56661
56662
56669
56672
56689
56691
56715
56724
56732
56739
56787
56797
56802
56817
56819
56861
56865
56875
56879
56889
56995
57000
57029
57057
57060
57062
57068
57097
57131
57133
57154
57161
57165
57232
57255
57256
57283
57301
57326
57356
57472
57493
57499
57500
57500
57576
57597
57611
57622
57624
57630
57638
57667
57695
57713
57732
57737
57740
57744
57764
57784
57792
57893
57899
57927
57946
57946
57955
57991
58005
58016
58029
58043
58059
58131
58284
58298
58304
58306
58319
58447
58494
58503
58516
58531
58549
58550
58552
58594
58604
58617
58618
58632
58651
58658
58665
58674
58675
58678
58693
58707
58710
58731
58756
58784
58790
58859
58881
58888
58893
58906
58952
58970
58970
58989
58993
59008
59024
59037
59063
59067
59095
59099
59141
59144
59179
59188
59232
59240
59249
59264
59265
59293
59309
59360
59449
59451
59454
59480
59513
59514
59559
59561
59574
59608
59748
59753
59754
59785
59797
59801
59816
59843
59856
59906
59912
59921
59947
59958
59960
59968
59998
60030
60065
60089
60096
60107
60119
60125
60135
60149
60153
60162
60184
60184
60195
60202
60221
60264
60268
60298
60299
60347
60398
60411
60413
60511
60513
60525
60526
60545
60555
60583
60586
60654
60697
60711
60751
60784
60784
60784
60811
60843
60876
60907
60922
60964
60987
60991
61009
61057
61089
61107
61136
61151
61178
61203
61241
61268
61278
61306
61321
61328
61409
61415
61437
61514
61522
61529
61534
61556
61558
61599
61655
61762
61803
61840
61843
61873
61882
61927
61952
61960
61982
62075
62109
62131
62160
62178
62217
62311
62328
62359
62365
62406
62424
62441
62456
62463
62465
62492
62511
62533
62577
62578
62588
62601
62605
62610
62638
62642
62674
62715
62731
62762
62846
62879
62922
62936
62940
62970
63000
63012
63019
63038
63048
63137
63158
63204
63222
63227
63234
63274
63285
63304
63318
63394
63398
63420
63428
63445
63479
63487
63492
63492
63493
63535
63591
63591
63595
63671
63709
63713
63722
63726
63738
63758
63788
63827
63843
63843
63844
63855
63866
63869
63990
64046
64049
64079
64108
64110
64173
64191
64194
64212
64223
64269
64283
64288
64310
64326
64328
64341
64404
64430
64450
64461
64472
64484
64491
64526
64549
64566
64568
64569
64577
64584
64594
64596
64601
64631
64646
64695
64697
64711
64714
64715
64716
64721
64726
64743
64751
64755
64784
64786
64824
64834
64884
64897
64899
64921
64945
64950
64972
64974
64974
64985
65012
65014
65039
65045
65078
65130
65133
65153
65161
65253
65269
65291
65298
65309
65324
65342
65360
65372
65374
65424
65440
65443
65463
65469
65502
65508
65510
65510
65518
65523
65530
65564
65580
65600
65617
65621
65629
65670
65675
65731
65737
65758
65762
65768
65784
65819
65819
65828
65844
65886
65890
65903
65984
65989
65993
66015
66021
66049
66093
66104
66130
66133
66147
66153
66157
66158
66185
66195
66218
66226
66244
66274
66291
66302
66321
66342
66371
66412
66464
66477
66482
66537
66559
66563
66575
66591
66619
66647
66753
66785
66806
66831
66880
66899
66944
66945
66957
67006
67039
67043
67048
67068
67081
67082
67085
67100
67104
67118
67145
67182
67218
67236
67247
67257
67261
67285
67306
67331
67336
67337
67368
67379
67386
67396
67408
67425
67429
67448
67453
67480
67482
67490
67491
67507
67522
67596
67630
67637
67646
67661
67667
67676
67697
67710
67712
67714
67733
67767
67783
67834
67844
67846
67847
67870
67883
67899
67903
67928
67932
67950
68032
68109
68129
68164
68165
68173
68198
68222
68255
68265
68267
68317
68361
68376
68401
68451
68460
68473
68492
68499
68515
68549
68566
68582
68630
68636
68678
68697
68743
68746
68788
68794
68823
68831
68852
68911
68939
68958
68998
69010
69035
69067
69072
69075
69088
69105
69144
69174
69177
69192
69218
69255
69260
69262
69265
69275
69292
69294
69310
69322
69332
69339
69360
69456
69520
69546
69617
69619
69622
69627
69655
69668
69693
69700
69707
69749
69751
69783
69786
69787
69789
69803
69864
69909
69954
69960
69966
69968
69984
69995
70017
70055
70081
70091
70126
70127
70149
70163
70179
70201
70205
70242
70284
70299
70341
70348
70361
70400
70416
70419
70437
70460
70507
70563
70567
70567
70592
70596
70618
70619
70656
70660
70665
70695
70704
70705
70794
70885
70897
70900
70920
70924
70932
70957
70961
70980
70996
71001
71002
71069
71102
71132
71148
71153
71194
71203
71212
71227
71318
71364
71370
71375
71405
71421
71426
71433
71446
71453
71473
71475
71480
71489
71491
71576
71594
71611
71616
71633
71692
71705
71720
71776
71807
71814
71817
71844
71877
71891
71920
71953
71970
72042
72069
72098
72113
72134
72139
72184
72220
72246
72251
72252
72268
72285
72323
72332
72352
72355
72382
72404
72411
72416
72490
72523
72528
72532
72539
72539
72541
72545
72557
72562
72569
72613
72690
72696
72698
72700
72713
72715
72752
72756
72767
72797
72819
72826
72841
72849
72943
72945
72968
73005
73049
73129
73139
73152
73154
73160
73169
73189
73238
73241
73278
73329
73339
73357
73368
73408
73422
73427
73467
73498
73501
73520
73526
73550
73551
73576
73584
73629
73680
73686
73712
73725
73740
73741
73749
73754
73773
73830
73839
73848
73853
73853
73866
73870
73907
73926
73944
73956
73956
73960
73981
73991
73997
74083
74085
74090
74094
74107
74119
74147
74161
74252
74259
74272
74284
74289
74307
74308
74325
74328
74332
74345
74348
74350
74404
74418
74429
74436
74472
74481
74526
74544
74615
74633
74713
74720
74721
74731
74744
74751
74758
74765
74766
74769
74790
74810
74818
74858
74866
74981
74995
75004
75034
75074
75097
75109
75112
75151
75163
75171
75176
75239
75264
75269
75281
75320
75338
75376
75453
75455
75456
75461
75519
75624
75659
75672
75676
75686
75696
75720
75726
75747
75749
75757
75764
75768
75798
75814
75823
75852
75859
75875
75915
75918
75965
75994
76005
76029
76055
76056
76080
76134
76150
76152
76157
76169
76200
76208
76224
76257
76272
76283
76291
76296
76308
76319
76370
76394
76448
76495
76501
76505
76535
76562
76572
76584
76602
76627
76627
76680
76683
76694
76696
76705
76766
76808
76844
76876
76886
76896
76905
76907
76917
76921
76938
76942
76978
77011
77022
77029
77080
77125
77131
77148
77164
77167
77190
77202
77290
77315
77340
77367
77373
77376
77392
77405
77406
77431
77443
77461
77486
77510
77554
77616
77625
77634
77636
77665
77695
77722
77751
77763
77765
77769
77807
77899
77920
77926
77931
77969
77980
78004
78012
78039
78049
78056
78089
78107
78126
78129
78153
78172
78189
78190
78221
78250
78268
78269
78269
78327
78328
78400
78401
78406
78411
78420
78433
78465
78470
78471
78471
78489
78490
78520
78522
78560
78562
78577
78612
78620
78656
78670
78672
78677
78686
78717
78728
78755
78784
78818
78842
78851
78913
78926
78936
78960
78991
79000
79022
79034
79077
79087
79117
79144
79205
79214
79222
79240
79266
79317
79337
79414
79414
79475
79495
79501
79502
79502
79515
79526
79575
79583
79584
79624
79625
79635
79639
79658
79671
79703
79708
79729
79735
79738
79758
79760
79774
79779
79787
79801
79849
79886
79890
79891
79928
79942
79953
79956
80008
80020
80043
80088
80094
80109
80134
80168
80172
80175
80177
80192
80222
80257
80272
80282
80286
80286
80288
80313
80358
80395
80395
80414
80434
80460
80462
80483
80498
80516
80543
80545
80567
80573
80579
80617
80692
80722
80731
80762
80784
80790
80836
80851
80854
80887
80898
80907
80923
80943
80947
80964
80972
81058
81063
81114
81128
81129
81140
81158
81212
81244
81263
81276
81276
81303
81338
81380
81383
81390
81468
81507
81553
81560
81571
81581
81683
81695
81699
81734
81746
81765
81773
81782
81789
81810
81829
81858
81863
81871
81910
81917
81975
81991
82017
82023
82023
82058
82060
82095
82095
82100
82150
82155
82201
82211
82228
82245
82261
82261
82314
82317
82334
82345
82361
82367
82388
82422
82425
82433
82447
82453
82462
82509
82573
82578
82622
82680
82686
82695
82720
82737
82744
82747
82752
82754
82793
82794
82795
82809
82814
82831
82890
82917
82927
82934
82942
82947
82967
82974
83034
83066
83072
83074
83120
83155
83158
83191
83191
83195
83204
83237
83273
83274
83289
83297
83319
83365
83411
83454
83463
83499
83503
83521
83525
83532
83568
83575
83603
83604
83610
83614
83627
83636
83639
83651
83673
83737
83745
83745
83753
83773
83794
83819
83825
83834
83849
83867
83873
83886
83899
83906
83945
83979
83980
84006
84015
84069
84072
84077
84078
84086
84098
84107
84115
84121
84141
84174
84188
84252
84358
84359
84418
84420
84428
84470
84587
84608
84687
84702
84714
84721
84728
84749
84796
84824
84846
84863
84876
84878
84881
84919
84937
84967
84977
84988
85031
85033
85048
85072
85073
85085
85097
85144
85245
85276
85280
85296
85302
85308
85324
85327
85328
85340
85350
85370
85378
85391
85405
85441
85444
85463
85480
85498
85524
85541
85616
85638
85645
85655
85660
85715
85716
85717
85723
85740
85760
85774
85844
85845
85867
85871
85876
85877
85910
85913
85918
85932
85939
85945
85947
85985
85991
85996
86002
86053
86065
86074
86082
86086
86097
86169
86201
86205
86211
86216
86257
86264
86318
86321
86341
86350
86393
86399
86405
86445
86448
86455
86460
86463
86464
86488
86518
86585
86679
86691
86696
86709
86715
86723
86737
86750
86757
86757
86775
86780
86817
86829
86841
86876
86914
86933
86937
86940
86948
86956
86961
86963
86969
86997
86997
87020
87034
87054
87080
87087
87088
87131
87159
87178
87198
87250
87264
87266
87320
87338
87350
87351
87356
87384
87407
87417
87422
87455
87502
87584
87658
87664
87679
87767
87778
87838
87862
87890
87898
87901
87920
87930
87973
87991
87997
88096
88120
88137
88144
88149
88168
88173
88176
88193
88200
88207
88234
88243
88264
88264
88269
88319
88363
88374
88397
88409
88411
88437
88467
88493
88542
88552
88558
88580
88627
88629
88643
88665
88668
88681
88728
88729
88769
88809
88850
88894
88899
88903
88935
88945
88970
89019
89021
89028
89032
89039
89043
89089
89114
89143
89172
89174
89182
89217
89223
89224
89260
89298
89321
89325
89326
89331
89339
89345
89364
89373
89389
89390
89437
89476
89490
89524
89549
89553
89576
89587
89608
89615
89629
89685
89712
89746
89757
89761
89767
89770
89816
89820
89821
89858
89863
89917
89939
89949
89972
89984
89992
89999
90021
90039
90040
90116
90120
90136
90138
90148
90149
90197
90198
90202
90207
90239
90277
90315
90320
90350
90379
90382
90387
90420
90423
90423
90455
90469
90478
90485
90505
90515
90528
90529
90530
90547
90559
90570
90591
90612
90628
90672
90702
90734
90744
90752
90756
90773
90781
90837
90854
90873
90888
90891
90897
90901
90908
90938
90947
90955
90963
90976
90998
91039
91042
91078
91093
91112
91125
91156
91165
91169
91178
91199
91259
91276
91278
91282
91295
91300
91301
91381
91382
91406
91413
91416
91423
91434
91458
91466
91470
91490
91511
91520
91534
91536
91541
91570
91581
91589
91643
91644
91706
91728
91731
91808
91816
91833
91846
91916
91921
91946
91951
91997
92015
92025
92032
92035
92040
92041
92041
92044
92057
92060
92069
92152
92181
92191
92195
92200
92220
92221
92234
92246
92248
92250
92282
92309
92341
92343
92344
92354
92357
92358
92371
92391
92405
92420
92429
92445
92457
92460
92469
92469
92491
92502
92511
92549
92616
92624
92638
92660
92667
92669
92697
92712
92741
92746
92768
92794
92800
92836
92910
92928
92936
93012
93015
93049
93064
93065
93076
93099
93110
93136
93165
93204
93225
93249
93263
93344
93348
93365
93389
93389
93405
93410
93465
93476
93509
93545
93554
93560
93577
93578
93608
93635
93659
93677
93689
93690
93713
93748
93748
93769
93784
93820
93864
93875
93885
93911
93912
93952
93965
93975
93983
93990
94004
94006
94009
94014
94025
94068
94081
94106
94114
94135
94190
94210
94220
94251
94272
94277
94306
94324
94333
94363
94377
94437
94465
94479
94489
94535
94543
94572
94587
94622
94635
94639
94698
94720
94735
94817
94821
94826
94864
94871
94883
94907
94945
95016
95029
95085
95104
95113
95119
95124
95126
95153
95155
95160
95162
95172
95190
95190
95195
95213
95237
95238
95243
95292
95300
95323
95325
95340
95402
95486
95505
95514
95525
95528
95550
95617
95626
95638
95641
95648
95679
95692
95694
95715
95721
95748
95795
95800
95812
95816
95831
95836
95838
95840
95859
95859
95881
95886
95908
95910
95910
95938
95946
95956
95967
95973
95974
95975
95989
96121
96123
96125
96136
96158
96158
96161
96166
96183
96185
96189
96220
96223
96253
96295
96332
96333
96383
96386
96409
96421
96424
96432
96442
96452
96478
96626
96674
96687
96701
96711
96723
96738
96758
96786
96794
96806
96807
96840
96854
96893
96904
96907
96932
96997
97000
97013
97036
97081
97100
97101
97111
97118
97121
97159
97189
97227
97245
97293
97309
97331
97343
97377
97406
97445
97478
97480
97500
97517
97564
97565
97605
97611
97626
97650
97685
97706
97732
97752
97766
97798
97823
97834
97841
97841
97857
97874
97923
97961
97988
97990
98002
98012
98106
98110
98167
98180
98204
98215
98222
98224
98229
98257
98267
98344
98409
98410
98425
98490
98519
98532
98534
98537
98557
98563
98574
98582
98629
98672
98682
98688
98694
98695
98716
98742
98760
98785
98818
98870
98902
98948
98983
99003
99009
99014
99035
99053
99063
99070
99071
99084
99104
99112
99119
99160
99168
99186
99204
99205
99225
99226
99261
99281
99285
99296
99296
99308
99310
99321
99342
99345
99347
99348
99365
99379
99386
99436
99494
99504
99518
99565
99567
99605
99615
99622
99644
99727
99752
99792
99813
99832
99931
99991
100075
100133
100145
100161
100161
100163
100178
100179
100180
100181
100183
100194
100276
100292
100304
100317
100377
100384
100424
100451
100465
100470
100489
100516
100548
100550
100552
100573
100575
100588
100591
100608
100615
100624
100629
100630
100645
100658
100660
100725
100744
100781
100790
100807
100822
100824
100831
100847
100852
100858
100879
100884
100891
100917
100981
101001
101048
101073
101108
101113
101148
101155
101157
101175
101207
101210
101242
101291
101304
101321
101340
101390
101437
101443
101444
101472
101475
101509
101511
101517
101518
101523
101538
101542
101563
101568
101575
101590
101599
101604
101662
101695
101766
101814
101817
101818
101833
101833
101834
101835
101849
101861
101881
101905
101944
101947
101951
101963
101984
101987
102027
102033
102039
102060
102063
102064
102078
102080
102092
102100
102108
102202
102224
102228
102250
102257
102275
102342
102364
102387
102415
102425
102428
102531
102593
102594
102602
102613
102682
102699
102729
102733
102749
102759
102791
102793
102808
102829
102837
102840
102842
102844
102845
102859
102862
102870
102870
102890
102924
102948
102963
103012
103039
103043
103044
103045
103074
103074
103076
103079
103105
103127
103134
103169
103205
103210
103311
103319
103328
103356
103375
103382
103394
103397
103419
103423
103439
103440
103527
103557
103563
103565
103589
103591
103601
103616
103635
103643
103648
103657
103661
103663
103689
103747
103754
103789
103812
103829
103881
103895
103906
103910
103915
103919
103922
103950
104004
104076
104137
104146
104162
104168
104184
104229
104233
104245
104247
104250
104272
104302
104318
104328
104330
104333
104376
104418
104447
104454
104456
104470
104502
104506
104515
104524
104539
104542
104572
104576
104580
104604
104647
104689
104694
104736
104744
104745
104765
104771
104773
104815
104822
104830
104831
104880
104887
104898
104911
104971
104974
105023
105030
105034
105070
105075
105088
105102
105111
105138
105175
105184
105185
105234
105264
105326
105341
105352
105369
105375
105377
105380
105389
105402
105433
105451
105468
105519
105525
105547
105559
105591
105606
105614
105650
105734
105781
105795
105847
105848
105878
105885
105902
105931
105936
105967
105968
105980
105980
106010
106035
106046
106060
106081
106087
106110
106112
106114
106133
106176
106212
106250
106254
106264
106303
106308
106314
106351
106362
106362
106432
106450
106451
106456
106475
106486
106492
106507
106519
106529
106556
106560
106567
106568
106608
106631
106632
106651
106684
106709
106710
106716
106730
106809
106811
106813
106813
106846
106860
106870
106920
106947
106953
106988
107040
107058
107069
107090
107113
107120
107143
107158
107159
107180
107183
107195
107204
107205
107232
107251
107295
107329
107338
107356
107369
107388
107423
107426
107441
107444
107519
107532
107557
107587
107590
107599
107659
107661
107667
107687
107712
107733
107739
107742
107761
107814
107828
107852
107881
107899
107913
107951
107965
107972
107980
107988
107990
108044
108064
108082
108099
108104
108132
108226
108229
108231
108261
108262
108295
108304
108326
108329
108333
108354
108365
108377
108383
108387
108389
108419
108420
108425
108431
108443
108469
108471
108508
108511
108535
108537
108550
108551
108597
108713
108714
108725
108728
108752
108779
108790
108855
108880
108899
108904
108906
108932
108938
108962
108987
108996
109007
109034
109045
109060
109117
109122
109166
109191
109205
109206
109208
109240
109247
109257
109303
109361
109395
109399
109402
109407
109407
109438
109460
109460
109519
109532
109553
109637
109649
109658
109661
109672
109696
109715
109746
109762
109767
109770
109787
109795
109810
109825
109833
109834
109881
109911
109945
109956
109960
109992
110067
110075
110119
110148
110173
110198
110237
110241
110273
110287
110287
110358
110426
110445
110460
110470
110484
110494
110519
110520
110545
110548
110558
110568
110597
110597
110653
110659
110660
110681
110695
110749
110756
110760
110820
110842
110845
110852
110874
110901
110909
110911
110969
110994
110999
111000
111003
111018
111057
111067
111081
111088
111102
111112
111137
111191
111195
111198
111240
111262
111282
111288
111294
111314
111341
111354
111380
111404
111426
111433
111442
111455
111489
111516
111518
111526
111555
111577
111589
111606
111615
111636
111648
111672
111728
111774
111787
111806
111835
111856
111868
111871
111906
111922
111927
111958
111961
111974
112001
112013
112025
112047
112069
112072
112094
112110
112112
112131
112140
112184
112186
112197
112213
112224
112240
112278
112284
112295
112325
112333
112333
112345
112367
112378
112400
112411
112413
112418
112419
112421
112423
112434
112437
112546
112551
112569
112580
112605
112611
112614
112627
112657
112672
112675
112694
112697
112698
112729
112741
112744
112763
112803
112829
112832
112854
112858
112872
112903
112914
112923
112951
112975
112979
113020
113047
113064
113066
113071
113077
113094
113119
113139
113144
113150
113164
113169
113182
113185
113185
113186
113218
113219
113259
113288
113305
113324
113326
113337
113362
113364
113382
113400
113425
113459
113501
113503
113534
113544
113549
113562
113564
113569
113574
113581
113633
113648
113660
113668
113670
113672
113677
113697
113706
113713
113713
113803
113827
113836
113865
113928
113968
113979
113982
113989
114024
114028
114039
114045
114046
114090
114119
114140
114154
114199
114202
114216
114247
114262
114271
114282
114342
114352
114375
114418
114439
114472
114485
114513
114555
114569
114572
114579
114606
114615
114621
114632
114675
114675
114713
114743
114768
114801
114824
114843
114847
114852
114883
114894
114917
114926
114931
114936
114939
114945
114961
114989
115002
115007
115020
115028
115071
115084
115084
115126
115138
115189
115210
115215
115225
115256
115278
115282
115329
115340
115352
115373
115377
115395
115474
115479
115503
115513
115532
115539
115555
115611
115645
115660
115705
115709
115715
115732
115736
115740
115761
115767
115769
115790
115794
115806
115835
115848
115850
115982
115983
115987
115996
115996
115998
116028
116030
116051
116075
116085
116096
116116
116139
116151
116151
116156
116187
116203
116229
116242
116270
116272
116273
116278
116285
116308
116310
116313
116313
116320
116332
116344
116368
116372
116393
116460
116464
116485
116501
116505
116519
116539
116571
116577
116607
116650
116659
116659
116668
116748
116748
116751
116758
116802
116819
116821
116827
116834
116874
116881
116895
116896
116909
116957
116978
116989
117024
117048
117088
117170
117170
117177
117188
117201
117204
117212
117212
117246
117253
117270
117280
117282
117303
117305
117305
117386
117440
117466
117482
117520
117577
117580
117620
117623
117637
117645
117695
117709
117724
117728
117730
117806
117807
117815
117849
117862
117899
117906
117929
117932
117961
117992
118003
118010
118090
118106
118125
118143
118144
118161
118198
118264
118278
118372
118384
118392
118393
118396
118421
118428
118444
118452
118464
118564
118643
118645
118659
118668
118682
118693
118706
118741
118754
118824
118859
118875
118901
118943
118959
118970
119003
119015
119052
119060
119064
119077
119111
119182
119230
119269
119336
119341
119365
119383
119386
119410
119433
119459
119490
119493
119521
119529
119539
119560
119564
119580
119589
119597
119619
119672
119692
119697
119744
119766
119770
119792
119798
119835
119846
119846
119872
119881
119897
119924
119943
119946
119974
119984
119988
120024
120027
120033
120060
120089
120130
120150
120172
120184
120189
120199
120236
120269
120287
120329
120378
120380
120384
120396
120448
120463
120476
120483
120657
120660
120681
120717
120744
120747
120800
120802
120826
120856
120862
120866
120914
120926
120929
120946
120961
120977
120998
121079
121092
121093
121123
121148
121171
121172
121199
121221
121235
121276
121277
121281
121282
121285
121286
121292
121293
121348
121367
121381
121391
121410
121475
121486
121487
121491
121501
121604
121621
121627
121634
121658
121686
121711
121723
121726
121736
121737
121739
121818
121820
121844
121867
121901
121917
121918
121919
121931
121952
121988
122011
122036
122045
122060
122074
122088
122092
122101
122109
122123
122131
122178
122185
122193
122196
122222
122222
122231
122245
122246
122266
122285
122344
122385
122498
122507
122517
122564
122575
122587
122596
122642
122655
122681
122698
122716
122718
122723
122724
122740
122748
122762
122780
122827
122829
122843
122844
122854
122889
122920
122924
122945
122995
122997
123006
123023
123048
123062
123071
123100
123151
123154
123176
123177
123184
123232
123245
123266
123370
123382
123404
123405
123407
123434
123435
123451
123492
123560
123587
123594
123605
123613
123625
123687
123695
123720
123732
123739
123761
123792
123802
123814
123906
123910
123941
123941
123971
123982
124001
124005
124015
124067
124080
124136
124145
124154
124193
124205
124206
124216
124217
124218
124266
124277
124379
124384
124418
124452
124469
124488
124503
124509
124520
124529
124544
124562
124566
124611
124683
124720
124725
124754
124790
124796
124801
124803
124817
124818
124843
124853
124853
124859
124859
124874
124885
124887
124890
124893
124895
124933
124937
124962
124976
125077
125113
125114
125115
125123
125128
125166
125188
125195
125205
125210
125246
125251
125281
125298
125310
125327
125333
125346
125382
125396
125402
125419
125457
125469
125473
125480
125525
125532
125565
125576
125590
125592
125600
125615
125634
125638
125645
125691
125701
125704
125761
125763
125795
125812
125814
125825
125836
125844
125891
125893
125914
125914
125928
125944
125972
125974
125980
126014
126034
126056
126062
126084
126096
126110
126119
126147
126161
126166
126178
126268
126276
126309
126317
126345
126366
126374
126382
126386
126400
126411
126414
126424
126459
126496
126504
126506
126511
126582
126612
126612
126718
126740
126780
126801
126810
126812
126823
126836
126847
126863
126876
126902
126910
126916
126916
126951
126955
126995
127005
127007
127024
127033
127041
127059
127080
127091
127102
127108
127108
127149
127175
127215
127237
127248
127293
127304
127315
127343
127382
127382
127386
127421
127434
127462
127468
127477
127511
127513
127542
127550
127585
127605
127614
127620
127629
127633
127634
127639
127673
127692
127712
127728
127765
127818
127964
128012
128053
128068
128073
128077
128124
128191
128209
128218
128220
128238
128245
128263
128270
128288
128318
128325
128352
128354
128361
128364
128367
128417
128421
128460
128464
128508
128550
128562
128624
128626
128631
128638
128662
128711
128739
128762
128766
128785
128805
128811
128842
128843
128867
128899
128911
128936
128938
128965
128968
128969
129033
129042
129054
129074
129076
129090
129097
129099
129101
129165
129174
129202
129206
129214
129231
129244
129245
129252
129258
129261
129262
129284
129290
129303
129307
129312
129330
129342
129356
129389
129403
129433
129448
129470
129471
129485
129486
129523
129592
129601
129607
129623
129671
129677
129692
129714
129753
129758
129775
129776
129780
129782
129793
129799
129809
129816
129833
129844
129847
129870
129902
129936
129977
129988
130023
130040
130051
130055
130069
130087
130155
130157
130162
130163
130183
130189
130192
130207
130228
130263
130272
130299
130310
130322
130333
130341
130354
130357
130361
130365
130388
130391
130391
130415
130417
130528
130549
130551
130563
130571
130580
130592
130610
130621
130625
130628
130638
130646
130683
130709
130765
130783
130804
130809
130813
130836
130847
130865
130866
130869
130872
130885
130938
130942
131000
131060
131060
131075
131082
131166
131168
131168
131231
131269
131281
131321
131326
131357
131395
131417
131498
131503
131543
131577
131579
131583
131590
131665
131674
131675
131684
131689
131723
131726
131747
131785
131793
131847
131853
131891
131911
131964
131966
131969
131974
131995
132025
132047
132060
132069
132082
132093
132113
132143
132152
132161
132162
132166
132178
132185
132192
132193
132204
132229
132233
132267
132289
132314
132316
132321
132330
132331
132392
132394
132442
132453
132458
132474
132488
132513
132582
132591
132593
132604
132607
132626
132635
132642
132659
132720
132725
132745
132788
132795
132832
132841
132913
132929
132976
133015
133016
133038
133049
133067
133083
133106
133115
133145
133161
133179
133186
133196
133202
133227
133236
133255
133279
133294
133325
133330
133352
133375
133386
133410
133467
133485
133508
133524
133529
133539
133541
133581
133606
133615
133617
133622
133622
133643
133651
133679
133681
133683
133721
133728
133753
133781
133794
133801
133819
133822
133837
133879
133891
133912
133920
133929
133930
133962
134044
134062
134099
134114
134166
134177
134179
134193
134200
134239
134249
134261
134270
134290
134331
134333
134340
134345
134365
134367
134379
134384
134480
134483
134484
134490
134516
134526
134533
134551
134587
134588
134594
134601
134602
134629
134655
134660
134711
134711
134731
134738
134744
134755
134776
134779
134794
134845
134866
134871
134877
134879
134890
134928
134942
134974
134976
134981
134984
135009
135018
135028
135033
135035
135041
135044
135072
135094
135147
135191
135236
135241
135254
135293
135306
135311
135321
135414
135423
135438
135444
135464
135487
135492
135518
135525
135575
135587
135597
135601
135633
135634
135634
135635
135714
135725
135728
135732
135752
135769
135778
135781
135784
135832
135969
135974
135977
136012
136021
136022
136033
136051
136091
136098
136134
136151
136191
136242
136257
136271
136286
136312
136363
136370
136379
136383
136389
136390
136405
136409
136442
136516
136598
136608
136614
136622
136634
136665
136702
136713
136724
136738
136753
136773
136784
136808
136830
136832
136846
136859
136884
136891
136898
136904
136907
136913
136933
136938
136955
136985
137005
137012
137039
137047
137071
137076
137080
137082
137084
137090
137093
137108
137113
137118
137120
137174
137205
137221
137230
137277
137308
137314
137331
137338
137340
137342
137375
137388
137407
137469
137469
137486
137519
137536
137537
137538
137554
137610
137691
137730
137732
137736
137747
137819
137856
137856
137863
137866
137868
137868
137892
137904
137904
137905
137940
137951
137988
137999
138023
138046
138056
138075
138099
138190
138281
138331
138340
138359
138364
138377
138414
138423
138427
138432
138441
138482
138495
138509
138517
138532
138629
138689
138696
138708
138710
138723
138731
138787
138795
138799
138818
138831
138833
138840
138910
138919
138919
138952
138979
139008
139043
139052
139053
139066
139079
139085
139096
139104
139106
139117
139169
139176
139178
139187
139193
139219
139258
139286
139305
139314
139315
139361
139371
139375
139384
139385
139394
139407
139413
139429
139444
139446
139454
139492
139574
139603
139611
139621
139651
139653
139659
139667
139679
139687
139693
139714
139734
139774
139776
139841
139842
139843
139844
139867
139870
139878
139895
139898
139907
139915
139949
139976
139981
139993
140064
140077
140085
140086
140088
140096
140096
140190
140195
140208
140220
140248
140257
140280
140288
140384
140390
140420
140428
140506
140518
140523
140555
140624
140637
140645
140665
140690
140692
140696
140709
140740
140751
140765
140783
140784
140793
140800
140820
140825
140831
140879
140885
140891
140895
140961
140974
140979
140999
141017
141040
141046
141055
141092
141100
141112
141136
141156
141163
141176
141180
141189
141239
141253
141276
141288
141305
141360
141392
141412
141425
141487
141498
141509
141510
141545
141568
141595
141603
141636
141637
141709
141740
141751
141761
141772
141839
141846
141848
141862
141877
141878
141935
141946
141968
141968
141994
142006
142008
142019
142027
142065
142092
142133
142138
142186
142197
142211
142212
142224
142226
142259
142313
142322
142377
142378
142389
142389
142393
142428
142428
142458
142487
142492
142522
142523
142550
142560
142581
142602
142617
142638
142655
142655
142661
142691
142725
142760
142775
142785
142818
142820
142822
142825
142838
142852
142868
142883
142917
142920
142942
142950
142962
142992
142998
143047
143066
143086
143116
143131
143132
143153
143155
143178
143190
143222
143226
143251
143257
143299
143331
143348
143352
143402
143415
143441
143445
143456
143467
143472
143524
143539
143603
143608
143616
143628
143643
143686
143707
143748
143761
143770
143775
143793
143849
143850
143851
143855
143880
143907
143908
143934
143960
143977
143992
144000
144021
144077
144097
144105
144120
144183
144197
144211
144240
144283
144308
144339
144362
144375
144386
144392
144414
144417
144422
144427
144447
144495
144499
144538
144555
144583
144652
144675
144698
144726
144732
144738
144755
144766
144785
144807
144832
144847
144908
144948
144948
144967
144968
144970
144971
144983
145010
145035
145040
145047
145060
145090
145107
145114
145145
145211
145230
145233
145258
145261
145273
145289
145304
145310
145311
145348
145378
145383
145398
145417
145428
145433
145471
145496
145512
145540
145544
145561
145605
145626
145629
145642
145698
145699
145757
145777
145853
145877
145904
145917
145960
145961
145991
146076
146082
146083
146095
146121
146126
146144
146146
146179
146199
146200
146207
146211
146221
146270
146275
146304
146307
146309
146383
146389
146408
146472
146488
146491
146509
146512
146557
146563
146645
146662
146735
146766
146799
146818
146833
146847
146873
146886
146901
146927
146931
146951
146952
146954
146960
146985
147022
147032
147045
147059
147064
147068
147100
147157
147178
147194
147211
147219
147233
147234
147234
147282
147293
147298
147310
147326
147331
147341
147347
147386
147401
147466
147508
147533
147550
147559
147583
147584
147603
147635
147657
147668
147674
147696
147733
147740
147746
147756
147787
147820
147837
147862
147863
147871
147873
147911
147916
147949
147958
147992
148014
148021
148111
148154
148195
148230
148253
148256
148260
148273
148278
148287
148293
148364
148406
148415
148418
148419
148432
148443
148472
148515
148519
148520
148549
148553
148560
148574
148618
148620
148636
148654
148661
148662
148696
148701
148702
148721
148726
148737
148841
148892
148898
148901
148903
148908
148912
148934
148961
148963
148966
149006
149008
149031
149042
149044
149072
149081
149098
149123
149124
149126
149147
149197
149229
149253
149273
149327
149329
149378
149380
149397
149419
149424
149431
149442
149490
149502
149534
149535
149549
149554
149556
149660
149688
149693
149710
149743
149791
149806
149851
149857
149857
149891
149896
149900
149904
149921
149938
149965
149971
149984
149996
150024
150045
150047
150063
150085
150109
150122
150153
150215
150221
150242
150247
150294
150295
150295
150320
150345
150349
150371
150385
150392
150414
150415
150426
150429
150430
150456
150462
150488
150506
150516
150532
150532
150571
150600
150609
150667
150718
150725
150734
150775
150782
150790
150807
150818
150823
150840
150871
150889
150898
150910
150914
150951
150956
150986
151009
151027
151047
151056
151065
151092
151141
151161
151166
151180
151185
151191
151195
151200
151200
151203
151213
151254
151258
151260
151283
151331
151334
151373
151384
151423
151427
151442
151444
151466
151528
151541
151620
151624
151646
151648
151669
151672
151686
151723
151737
151774
151782
151790
151804
151829
151841
151906
151916
151928
151931
151933
151933
151934
151988
152012
152073
152087
152129
152137
152164
152168
152192
152212
152220
152312
152319
152320
152366
152377
152400
152402
152413
152442
152471
152529
152533
152572
152594
152598
152604
152663
152694
152694
152701
152706
152708
152709
152726
152735
152775
152790
152802
152811
152847
152849
152874
152880
152892
152915
152968
152992
153004
153017
153026
153029
153032
153035
153071
153080
153084
153101
153117
153209
153224
153226
153238
153241
153250
153254
153262
153304
153358
153362
153399
153418
153420
153505
153508
153565
153585
153586
153594
153618
153624
153643
153645
153678
153678
153689
153702
153725
153729
153761
153774
153782
153805
153810
153813
153815
153822
153838
153840
153860
153871
153892
153920
154001
154007
154078
154143
154143
154188
154190
154200
154209
154211
154211
154219
154229
154280
154297
154421
154425
154457
154461
154473
154533
154691
154700
154748
154752
154771
154774
154783
154795
154815
154821
154828
154839
154927
154931
154994
155007
155020
155036
155043
155096
155119
155171
155175
155179
155189
155220
155248
155274
155293
155334
155355
155391
155403
155405
155470
155476
155525
155534
155541
155544
155558
155582
155591
155604
155619
155657
155697
155717
155737
155768
155857
155866
155878
155898
155943
155943
155974
155992
156004
156099
156105
156107
156164
156165
156175
156192
156211
156215
156224
156230
156309
156349
156382
156395
156399
156420
156492
156497
156500
156560
156560
156589
156617
156644
156681
156706
156707
156710
156769
156776
156793
156823
156948
156996
157004
157028
157037
157054
157075
157107
157145
157152
157170
157237
157244
157253
157295
157302
157304
157315
157459
157466
157526
157528
157542
157567
157584
157589
157592
157626
157654
157715
157734
157734
157736
157762
157764
157779
157822
157859
157860
157864
157874
157880
157882
157892
157895
157918
157923
157958
158002
158042
158073
158103
158104
158110
158113
158114
158114
158117
158122
158130
158168
158184
158216
158250
158271
158275
158283
158312
158318
158325
158337
158348
158356
158360
158422
158424
158469
158494
158513
158537
158647
158647
158658
158672
158700
158716
158739
158742
158745
158746
158781
158800
158809
158809
158810
158841
158845
158857
158863
158881
158889
158899
158926
158947
158986
158997
159003
159034
159041
159111
159123
159148
159182
159225
159254
159385
159430
159445
159451
159466
159479
159481
159482
159503
159505
159507
159529
159535
159536
159545
159561
159571
159593
159626
159638
159647
159658
159685
159690
159698
159709
159717
159720
159729
159761
159762
159779
159794
159852
159856
159862
159864
159880
159894
159913
159925
159980
159996
160000
160013
160026
160027
160051
160060
160115
160150
160150
160168
160170
160174
160178
160183
160204
160224
160225
160233
160278
160306
160316
160330
160365
160368
160372
160377
160410
160438
160450
160458
160499
160527
160543
160548
160568
160575
160655
160690
160740
160801
160803
160825
160863
160881
160901
160915
160961
160961
160989
161004
161024
161027
161046
161048
161062
161071
161076
161112
161141
161167
161173
161182
161183
161271
161286
161289
161297
161300
161316
161339
161343
161352
161445
161474
161479
161481
161490
161507
161512
161552
161556
161568
161590
161613
161623
161655
161679
161694
161697
161701
161703
161735
161752
161772
161787
161821
161885
161887
161889
161896
161921
161937
161970
161970
162004
162017
162046
162065
162090
162117
162134
162139
162151
162188
162211
162232
162235
162245
162300
162353
162354
162447
162510
162516
162523
162523
162525
162560
162580
162601
162609
162630
162631
162636
162684
162685
162690
162698
162710
162763
162776
162798
162829
162834
162869
162875
162896
162909
162937
162938
162938
162941
162950
162992
163047
163052
163075
163099
163101
163124
163128
163128
163130
163133
163155
163203
163217
163234
163254
163281
163287
163317
163342
163346
163396
163399
163431
163443
163449
163449
163457
163460
163498
163499
163540
163553
163573
163598
163612
163649
163650
163653
163658
163677
163682
163685
163723
163744
163760
163770
163776
163780
163792
163805
163823
163857
163882
163882
163890
163938
163950
163971
163974
163982
164014
164016
164026
164027
164040
164041
164046
164050
164057
164067
164075
164085
164089
164117
164128
164225
164225
164243
164271
164274
164322
164342
164344
164349
164351
164417
164418
164419
164426
164439
164446
164453
164490
164493
164499
164502
164510
164531
164534
164559
164579
164692
164693
164736
164778
164798
164808
164835
164852
164856
164876
164884
164896
164902
164902
164904
164949
164973
164974
164981
165000
165060
165073
165074
165117
165167
165204
165205
165219
165273
165275
165307
165353
165396
165432
165443
165454
165470
165476
165519
165548
165562
165578
165606
165635
165655
165657
165672
165685
165701
165703
165713
165720
165727
165761
165836
165847
165856
165870
165888
165903
165913
165966
165977
165995
166051
166067
166081
166088
166100
166135
166141
166142
166197
166215
166232
166243
166251
166285
166309
166333
166336
166379
166379
166386
166386
166396
166401
166405
166420
166420
166426
166449
166463
166472
166473
166476
166488
166491
166496
166529
166560
166593
166627
166670
166690
166712
166730
166788
166803
166821
166825
166880
166890
166898
166901
166902
166916
166950
166962
166966
167012
167020
167025
167046
167063
167081
167086
167086
167104
167207
167226
167242
167244
167276
167276
167335
167336
167355
167365
167392
167403
167403
167419
167434
167458
167544
167567
167628
167640
167651
167664
167711
167756
167833
168002
168011
168031
168039
168052
168105
168117
168125
168131
168134
168148
168160
168166
168178
168185
168190
168198
168225
168227
168245
168251
168275
168324
168330
168334
168348
168395
168421
168453
168461
168475
168502
168528
168534
168547
168601
168625
168632
168661
168677
168691
168724
168753
168759
168766
168778
168781
168872
168887
168894
168898
168907
168934
168946
168961
169008
169032
169069
169081
169091
169109
169124
169142
169161
169199
169239
169247
169256
169269
169323
169330
169335
169346
169373
169432
169458
169461
169461
169509
169509
169557
169594
169603
169656
169657
169679
169684
169691
169720
169723
169728
169729
169744
169798
169809
169816
169823
169835
169853
169881
169883
169894
169902
169902
169930
169931
169938
169954
169982
170002
170011
170025
170025
170040
170095
170097
170103
170118
170126
170130
170168
170187
170200
170226
170247
170265
170302
170410
170428
170428
170440
170447
170452
170454
170463
170467
170487
170496
170524
170540
170573
170579
170581
170605
170624
170640
170642
170647
170652
170660
170670
170702
170710
170712
170733
170756
170774
170814
170895
170896
170914
170918
170928
170930
170937
170943
170987
171009
171011
171045
171112
171122
171131
171140
171190
171208
171210
171248
171266
171278
171283
171293
171338
171371
171386
171390
171407
171424
171444
171472
171527
171536
171552
171604
171644
171654
171656
171664
171669
171695
171696
171746
171798
171800
171867
171901
171954
172032
172036
172040
172054
172076
172081
172147
172176
172179
172180
172221
172233
172275
172284
172302
172320
172335
172341
172401
172425
172454
172488
172493
172516
172520
172528
172564
172607
172630
172637
172702
172707
172711
172735
172753
172756
172761
172796
172802
172829
172844
172932
172942
172944
172953
172971
172972
173023
173086
173123
173140
173154
173176
173184
173199
173218
173219
173239
173281
173298
173334
173364
173383
173411
173421
173425
173436
173443
173446
173498
173538
173538
173556
173574
173577
173622
173626
173683
173729
173878
173884
173891
173923
173934
173935
173939
173960
173988
174019
174040
174056
174103
174118
174131
174143
174155
174160
174192
174211
174232
174259
174260
174261
174308
174359
174408
174408
174424
174435
174444
174467
174481
174487
174529
174531
174553
174566
174597
174604
174619
174636
174668
174674
174732
174745
174749
174755
174777
174796
174798
174808
174809
174865
174868
174877
174885
174890
174916
174922
174936
174951
174975
174991
175133
175142
175144
175179
175179
175216
175221
175270
175295
175299
175335
175352
175377
175399
175420
175429
175484
175491
175509
175528
175536
175575
175597
175646
175673
175677
175700
175702
175708
175718
175719
175738
175749
175836
175854
175856
175860
175861
175868
175905
175940
175944
175958
175961
175986
176002
176042
176043
176054
176073
176080
176087
176098
176132
176139
176157
176158
176159
176208
176246
176261
176292
176301
176305
176341
176352
176390
176433
176454
176457
176491
176499
176507
176538
176540
176558
176586
176608
176624
176629
176662
176674
176674
176702
176706
176717
176739
176761
176828
176846
176892
176916
176917
176929
176933
176943
176963
176979
176983
176989
176990
177002
177052
177102
177105
177127
177190
177204
177205
177237
177263
177300
177352
177373
177416
177421
177428
177456
177459
177479
177482
177485
177501
177524
177525
177528
177542
177546
177564
177581
177588
177592
177622
177625
177638
177639
177655
177655
177672
177679
177689
177693
177717
177720
177729
177768
177791
177792
177792
177796
177803
177805
177830
177888
177894
177919
177996
178011
178017
178024
178094
178117
178126
178138
178176
178180
178183
178203
178231
178249
178249
178284
178319
178325
178330
178348
178474
178488
178496
178515
178517
178519
178623
178644
178662
178762
178816
178837
178851
178881
178895
178898
178907
178948
178951
178986
178987
178989
178991
179012
179025
179029
179034
179040
179077
179106
179183
179185
179187
179201
179211
179234
179235
179266
179298
179306
179311
179325
179333
179378
179402
179417
179431
179502
179573
179586
179612
179642
179645
179660
179672
179682
179694
179700
179713
179716
179812
179835
179844
179865
179895
179901
179932
179948
179968
180017
180058
180091
180102
180136
180150
180169
180184
180219
180220
180270
180305
180307
180317
180335
180358
180412
180412
180416
180437
180439
180451
180518
180519
180533
180560
180592
180625
180660
180675
180714
180737
180788
180797
180863
180868
180879
180914
180985
180995
180998
181028
181037
181049
181067
181069
181095
181102
181104
181147
181155
181172
181208
181223
181240
181245
181255
181280
181292
181294
181295
181318
181340
181349
181353
181362
181381
181393
181406
181427
181439
181558
181588
181602
181612
181634
181646
181680
181681
181702
181729
181756
181758
181795
181805
181842
181842
181861
181864
181869
181896
181907
181919
181932
181943
181962
181971
182034
182062
182084
182102
182132
182169
182195
182260
182269
182309
182333
182338
182355
182395
182408
182420
182424
182436
182497
182523
182566
182573
182599
182608
182638
182651
182680
182687
182716
182758
182783
182831
182886
182900
182940
182948
182957
182961
182973
182975
183020
183059
183099
183114
183165
183208
183210
183246
183252
183285
183301
183332
183340
183385
183386
183414
183417
183437
183446
183467
183503
183527
183550
183564
183604
183611
183665
183670
183675
183705
183748
183768
183845
183859
183859
183912
183914
183933
183943
183988
183989
184002
184013
184024
184024
184029
184042
184050
184050
184056
184058
184085
184093
184163
184172
184177
184290
184336
184345
184369
184385
184386
184431
184440
184444
184463
184505
184508
184524
184560
184601
184609
184635
184639
184656
184680
184683
184728
184746
184797
184805
184810
184816
184821
184856
184861
184878
184887
184898
184900
184915
184931
185005
185006
185022
185101
185103
185126
185133
185152
185189
185205
185229
185301
185310
185317
185338
185356
185390
185444
185459
185537
185537
185556
185568
185578
185581
185676
185676
185698
185718
185766
185784
185803
185844
185885
185886
185939
185940
185947
185959
185978
185996
186012
186021
186051
186074
186097
186108
186135
186140
186146
186172
186195
186200
186243
186244
186256
186258
186260
186275
186289
186303
186339
186390
186392
186393
186396
186448
186491
186527
186532
186535
186549
186579
186590
186591
186617
186623
186623
186633
186646
186679
186682
186710
186746
186751
186764
186771
186801
186816
186825
186834
186836
186842
186845
186856
186867
186870
186874
186879
186887
186890
186915
186927
186934
186953
186968
186989
186997
187004
187022
187040
187040
187052
187056
187088
187093
187150
187154
187187
187210
187211
187233
187242
187246
187289
187339
187369
187380
187400
187408
187418
187418
187422
187423
187436
187445
187480
187493
187502
187570
187593
187632
187688
187690
187732
187749
187781
187798
187821
187828
187830
187847
187864
187895
187916
187924
187934
187969
187979
187980
187995
188015
188028
188044
188063
188100
188108
188112
188172
188185
188192
188232
188254
188270
188403
188416
188420
188435
188510
188525
188539
188571
188599
188606
188611
188662
188692
188740
188753
188761
188786
188798
188846
188853
188883
188886
188905
188909
188947
188961
188973
188974
188975
189012
189022
189047
189098
189112
189114
189119
189122
189152
189154
189155
189160
189181
189222
189337
189392
189457
189458
189500
189514
189516
189519
189523
189527
189539
189581
189608
189628
189639
189657
189658
189661
189688
189715
189726
189743
189756
189773
189784
189812
189826
189858
189862
189876
189914
189918
189951
189956
189977
189984
189993
190001
190075
190075
190103
190138
190145
190191
190230
190249
190266
190312
190314
190325
190336
190351
190365
190380
190389
190396
190421
190425
190443
190449
190451
190512
190567
190586
190638
190648
190669
190674
190687
190729
190757
190783
190868
190869
190898
190911
190978
191023
191033
191054
191059
191060
191068
191164
191166
191247
191249
191252
191256
191273
191280
191281
191283
191284
191289
191314
191324
191328
191331
191344
191363
191377
191395
191428
191523
191544
191555
191602
191621
191639
191653
191660
191681
191690
191699
191708
191737
191782
191813
191846
191852
191863
191933
191965
191976
191981
191987
191992
192003
192018
192066
192066
192094
192147
192150
192153
192167
192172
192202
192207
192264
192283
192286
192307
192309
192340
192356
192460
192470
192476
192537
192592
192657
192709
192710
192720
192740
192778
192821
192854
192875
192890
192900
192902
192905
192921
192922
192946
192956
192971
192974
192983
192987
192987
192993
193028
193048
193051
193062
193074
193093
193094
193094
193133
193158
193173
193183
193200
193241
193241
193245
193246
193250
193279
193298
193304
193327
193334
193347
193358
193394
193404
193412
193439
193504
193658
193658
193664
193690
193702
193704
193719
193722
193820
193825
193849
193906
193927
193979
193990
194022
194039
194040
194056
194063
194104
194172
194191
194207
194224
194252
194280
194322
194357
194413
194417
194439
194472
194475
194524
194575
194585
194611
194631
194659
194722
194724
194741
194752
194768
194817
194840
194854
194868
194875
194919
194956
194979
195019
195040
195061
195105
195145
195149
195157
195176
195213
195227
195254
195314
195345
195359
195361
195367
195394
195411
195452
195459
195484
195490
195510
195516
195529
195539
195548
195549
195571
195607
195623
195629
195639
195640
195657
195675
195684
195708
195714
195726
195737
195744
195752
195786
195828
195845
195865
195873
195898
195907
195915
195923
195923
195938
195941
195954
196013
196058
196060
196103
196116
196170
196186
196201
196206
196208
196223
196318
196327
196327
196336
196349
196387
196412
196422
196430
196450
196479
196504
196531
196536
196584
196709
196739
196771
196791
196798
196821
196839
196881
196887
196906
196917
196927
196953
196966
196974
196979
196981
196982
196986
196992
197011
197091
197104
197124
197127
197129
197157
197158
197159
197164
197178
197181
197183
197192
197245
197262
197288
197292
197301
197325
197345
197347
197409
197410
197411
197412
197414
197445
197486
197493
197556
197566
197625
197637
197652
197673
197685
197708
197710
197779
197782
197789
197799
197832
197849
197876
197879
197910
197931
197937
197937
197959
197988
198001
198010
198020
198023
198028
198066
198073
198082
198093
198098
198116
198127
198129
198139
198141
198147
198198
198205
198244
198291
198296
198306
198316
198375
198384
198399
198419
198443
198460
198463
198499
198500
198515
198516
198582
198600
198616
198629
198676
198681
198690
198690
198700
198704
198705
198717
198726
198737
198761
198772
198796
198814
198826
198851
198860
198879
198902
198969
199010
199047
199064
199066
199101
199132
199133
199169
199173
199200
199228
199228
199228
199229
199236
199255
199262
199284
199288
199309
199315
199317
199352
199373
199375
199385
199391
199401
199425
199427
199451
199501
199530
199533
199543
199560
199585
199594
199604
199606
199607
199609
199622
199663
199686
199696
199713
199727
199752
199763
199782
199819
199848
199859
199877
199886
199908
199938
199955
199960
199988
200011
200042
200070
200093
200104
200126
200142
200144
200160
200179
200196
200221
200282
200321
200324
200328
200353
200358
200365
200389
200401
200436
200465
200485
200503
200522
200530
200544
200569
200587
200629
200685
200693
200702
200704
200733
200743
200760
200769
200850
200855
200866
200902
200925
200929
200940
200945
200946
200946
201021
201063
201090
201100
201150
201162
201212
201222
201234
201238
201251
201251
201260
201270
201271
201276
201320
201339
201387
201391
201422
201433
201455
201477
201490
201494
201523
201540
201556
201564
201587
201601
201609
201612
201621
201652
201661
201719
201729
201741
201742
201749
201761
201776
201810
201846
201885
201932
201956
201959
201969
201993
201995
202030
202053
202071
202123
202148
202184
202206
202234
202248
202255
202281
202296
202340
202365
202376
202376
202411
202450
202488
202514
202520
202525
202540
202581
202588
202589
202594
202613
202626
202632
202645
202658
202667
202726
202729
202788
202809
202809
202811
202812
202814
202820
202842
202844
202879
202884
202900
202902
202904
202910
202920
202953
203001
203005
203007
203060
203084
203094
203118
203149
203188
203191
203193
203196
203204
203213
203221
203233
203239
203240
203241
203308
203309
203377
203379
203389
203391
203501
203541
203542
203562
203564
203617
203626
203667
203687
203706
203723
203731
203753
203763
203807
203837
203878
203881
203925
203925
203954
203963
203991
204054
204116
204117
204135
204170
204180
204213
204227
204236
204250
204294
204302
204352
204362
204399
204400
204421
204431
204448
204456
204471
204472
204477
204483
204526
204598
204613
204625
204633
204660
204671
204672
204718
204734
204742
204746
204753
204754
204789
204789
204803
204836
204847
204852
204863
204872
204887
204908
204946
204981
205001
205027
205032
205091
205130
205152
205167
205216
205223
205239
205248
205251
205254
205263
205291
205293
205296
205313
205326
205334
205361
205366
205388
205420
205437
205506
205520
205531
205536
205542
205557
205567
205575
205585
205593
205594
205698
205716
205733
205774
205799
205800
205808
205841
205847
205865
205942
205953
205959
205969
206002
206022
206029
206040
206112
206149
206172
206182
206237
206249
206256
206263
206280
206318
206325
206330
206363
206367
206430
206459
206510
206511
206512
206529
206546
206553
206559
206652
206696
206702
206741
206746
206754
206851
206868
206881
206892
206898
206916
207033
207073
207090
207140
207150
207159
207189
207194
207223
207240
207316
207333
207335
207364
207418
207428
207439
207460
207489
207517
207556
207565
207572
207575
207599
207635
207683
207684
207706
207713
207718
207767
207784
207787
207791
207806
207828
207830
207841
207845
207880
207896
207897
207918
207938
207947
207961
208044
208045
208053
208059
208093
208124
208168
208186
208189
208203
208228
208229
208246
208296
208314
208324
208400
208408
208417
208424
208462
208463
208466
208466
208490
208490
208527
208548
208564
208569
208595
208606
208634
208654
208657
208670
208687
208699
208726
208747
208763
208776
208803
208805
208812
208845
208861
208866
208879
208887
208892
208902
208917
208948
208965
209046
209059
209073
209087
209088
209100
209136
209221
209259
209279
209289
209290
209299
209312
209363
209394
209464
209464
209489
209526
209541
209543
209560
209569
209576
209591
209620
209644
209690
209694
209707
209711
209755
209760
209771
209797
209798
209801
209802
209893
209920
209942
209950
209992
210002
210009
210022
210047
210067
210069
210078
210080
210099
210120
210127
210153
210167
210188
210230
210237
210245
210259
210261
210264
210268
210273
210282
210287
210309
210312
210355
210356
210359
210378
210398
210431
210450
210456
210460
210466
210468
210508
210604
210679
210685
210699
210699
210724
210735
210758
210796
210802
210865
210876
210903
210921
210932
210935
210936
210940
210986
210997
211038
211038
211072
211121
211130
211178
211186
211253
211255
211256
211267
211275
211299
211305
211327
211339
211375
211388
211411
211431
211444
211453
211549
211559
211563
211617
211633
211669
211671
211679
211695
211720
211753
211817
211848
211863
211965
211998
212002
212049
212055
212062
212130
212134
212153
212185
212201
212214
212218
212221
212245
212265
212278
212341
212342
212358
212360
212368
212369
212370
212391
212410
212413
212418
212436
212445
212451
212466
212481
212604
212616
212643
212647
212671
212679
212700
212703
212705
212741
212756
212760
212773
212803
212832
212850
212854
212862
212874
212900
212971
212971
212989
213033
213035
213040
213042
213053
213061
213073
213092
213093
213113
213122
213126
213131
213153
213174
213192
213202
213220
213231
213240
213251
213259
213273
213275
213286
213292
213314
213326
213347
213361
213385
213422
213426
213447
213506
213535
213537
213538
213543
213544
213549
213552
213590
213592
213607
213645
213646
213663
213672
213675
213676
213689
213699
213728
213738
213747
213754
213788
213793
213803
213815
213815
213827
213831
213866
213888
213897
213914
213927
213982
214027
214036
214052
214072
214088
214090
214134
214154
214176
214186
214206
214213
214262
214271
214277
214285
214295
214303
214338
214364
214399
214401
214404
214442
214475
214486
214492
214498
214511
214520
214542
214549
214551
214557
214560
214593
214651
214685
214737
214742
214745
214755
214760
214814
214855
214866
214906
214933
214973
214977
214987
214992
215006
215010
215033
215062
215082
215104
215151
215187
215202
215206
215229
215229
215260
215265
215275
215300
215309
215312
215324
215333
215340
215340
215345
215349
215358
215388
215397
215429
215434
215445
215451
215459
215497
215502
215522
215524
215529
215549
215549
215573
215671
215687
215690
215693
215702
215703
215768
215777
215791
215795
215857
215861
215862
215875
215943
215949
215954
215990
216002
216040
216045
216130
216131
216143
216145
216158
216170
216183
216188
216220
216234
216252
216264
216279
216290
216292
216297
216300
216301
216304
216306
216309
216320
216408
216410
216429
216442
216567
216571
216575
216582
216587
216616
216617
216653
216671
216676
216682
216709
216710
216738
216743
216783
216809
216843
216896
216908
216915
216920
216923
216957
217003
217004
217011
217020
217054
217085
217113
217161
217184
217187
217203
217218
217220
217225
217280
217297
217308
217320
217340
217356
217366
217377
217379
217383
217390
217394
217396
217408
217458
217466
217482
217499
217499
217524
217538
217557
217562
217568
217598
217602
217604
217611
217612
217634
217673
217696
217707
217726
217737
217739
217782
217788
217797
217811
217821
217831
217835
217852
217867
217871
217899
217925
218030
218036
218064
218081
218100
218102
218107
218112
218157
218242
218255
218284
218289
218298
218325
218328
218341
218345
218375
218383
218385
218402
218405
218455
218472
218476
218478
218478
218511
218518
218581
218608
218623
218629
218634
218672
218729
218733
218739
218748
218751
218756
218837
218846
218849
218853
218878
218887
218888
218891
218899
218971
218975
219002
219034
219068
219114
219135
219165
219188
219198
219207
219243
219265
219282
219286
219287
219355
219380
219381
219391
219402
219429
219429
219443
219447
219457
219462
219476
219504
219517
219539
219541
219588
219593
219623
219675
219706
219720
219751
219763
219791
219799
219810
219835
219843
219902
219903
219938
219938
219940
219970
219977
219983
219986
219997
220000
220005
220007
220007
220109
220112
220138
220155
220157
220162
220166
220175
220189
220199
220200
220200
220222
220224
220271
220275
220277
220288
220301
220313
220324
220335
220338
220341
220344
220406
220411
220421
220432
220439
220467
220470
220479
220492
220504
220507
220513
220520
220535
220545
220560
220579
220585
220606
220613
220620
220650
220664
220686
220691
220691
220712
220733
220745
220750
220773
220825
220827
220844
220846
220859
220866
220943
220945
220968
220987
220999
221007
221052
221056
221057
221121
221130
221144
221184
221206
221225
221226
221230
221233
221249
221267
221276
221337
221357
221370
221418
221444
221444
221488
221490
221491
221504
221510
221548
221576
221580
221600
221630
221634
221651
221794
221803
221814
221838
221846
221901
221921
221960
222008
222020
222041
222053
222060
222078
222085
222088
222091
222115
222145
222158
222181
222185
222206
222218
222219
222243
222244
222245
222250
222301
222386
222457
222458
222464
222517
222531
222566
222571
222582
222586
222594
222600
222617
222665
222675
222690
222704
222712
222726
222730
222736
222737
222739
222758
222764
222769
222786
222812
222818
222895
222897
222909
222941
222996
223000
223021
223031
223045
223045
223056
223058
223086
223092
223107
223122
223124
223167
223185
223187
223258
223274
223278
223319
223345
223350
223352
223366
223382
223386
223386
223423
223459
223464
223525
223536
223536
223554
223588
223591
223593
223615
223635
223648
223658
223663
223695
223707
223763
223782
223782
223793
223834
223852
223860
223868
223886
223892
223936
223943
223947
223967
223971
223996
224011
224045
224060
224062
224114
224119
224128
224128
224146
224154
224177
224190
224225
224232
224289
224299
224318
224325
224374
224406
224419
224421
224427
224435
224521
224532
224574
224576
224586
224651
224661
224670
224697
224711
224718
224751
224763
224764
224790
224803
224810
224838
224903
224908
224920
224937
224957
224976
224990
225010
225037
225045
225076
225081
225122
225137
225175
225184
225185
225187
225213
225218
225221
225232
225239
225262
225269
225284
225317
225342
225367
225378
225395
225403
225421
225425
225432
225438
225441
225472
225537
225538
225580
225674
225692
225746
225746
225814
225851
225868
225884
225885
225887
226029
226037
226088
226154
226166
226191
226214
226220
226222
226248
226267
226275
226291
226311
226313
226325
226328
226361
226379
226392
226407
226422
226426
226436
226445
226462
226501
226517
226524
226530
226535
226551
226578
226595
226606
226606
226637
226639
226649
226662
226666
226677
226753
226758
226768
226771
226784
226811
226816
226830
226833
226837
226913
226946
226950
226970
226999
227042
227054
227096
227112
227139
227141
227143
227213
227215
227222
227232
227269
227276
227304
227314
227323
227323
227343
227344
227352
227385
227385
227386
227406
227466
227491
227533
227560
227614
227623
227665
227708
227718
227743
227745
227762
227769
227781
227855
227907
227927
227933
228026
228032
228039
228108
228119
228143
228163
228172
228175
228190
228192
228207
228212
228216
228236
228250
228292
228332
228430
228433
228440
228446
228455
228529
228549
228580
228582
228586
228593
228639
228714
228723
228763
228774
228778
228849
228911
228913
228914
228949
228986
229020
229034
229048
229083
229118
229123
229123
229142
229152
229169
229275
229275
229311
229317
229327
229364
229453
229469
229470
229473
229529
229556
229565
229591
229592
229622
229631
229631
229644
229654
229744
229748
229777
229799
229802
229807
229832
229847
229880
229881
229885
229889
229985
229993
230007
230050
230076
230118
230143
230166
230205
230209
230224
230225
230227
230232
230233
230296
230385
230402
230411
230425
230456
230468
230478
230502
230510
230547
230570
230590
230615
230619
230620
230623
230663
230670
230673
230685
230695
230714
230716
230733
230735
230771
230782
230842
230846
230855
230863
230867
230868
230868
230878
230914
230919
230930
230949
230987
231001
231040
231044
231058
231123
231145
231146
231174
231175
231179
231182
231212
231273
231300
231314
231324
231336
231353
231386
231406
231408
231410
231429
231454
231455
231503
231513
231520
231527
231528
231541
231550
231551
231613
231623
231632
231638
231646
231646
231663
231667
231726
231764
231764
231779
231789
231801
231807
231836
231863
231909
231913
231944
231970
231992
232078
232086
232104
232116
232173
232217
232271
232271
232285
232302
232334
232346
232350
232368
232375
232385
232421
232429
232445
232476
232481
232494
232529
232539
232552
232578
232607
232625
232637
232668
232698
232700
232704
232714
232743
232777
232778
232795
232824
232837
232850
232851
232866
232891
232903
232944
232954
233056
233058
233058
233131
233143
233171
233175
233211
233220
233234
233238
233246
233247
233276
233306
233313
233313
233337
233397
233408
233421
233426
233454
233457
233458
233464
233498
233537
233539
233574
233580
233652
233658
233664
233667
233673
233677
233699
233718
233736
233739
233740
233741
233761
233769
233813
233822
233843
233857
233857
233876
233914
233983
233991
234022
234063
234087
234097
234131
234135
234137
234159
234167
234173
234174
234187
234213
234250
234252
234253
234307
234308
234353
234362
234374
234388
234400
234448
234489
234500
234521
234596
234601
234605
234608
234618
234641
234657
234657
234704
234708
234742
234765
234783
234833
234833
234840
234848
234906
234962
234964
234981
234984
235020
235058
235065
235081
235085
235101
235115
235165
235167
235177
235189
235239
235372
235405
235416
235423
235425
235457
235486
235492
235503
235515
235536
235554
235555
235579
235615
235621
235630
235640
235653
235655
235683
235696
235710
235727
235781
235785
235796
235820
235833
235901
235901
235931
235955
235984
235986
235995
236014
236026
236095
236095
236116
236130
236149
236162
236198
236229
236232
236303
236342
236355
236361
236459
236477
236483
236490
236507
236558
236585
236635
236643
236656
236681
236690
236690
236733
236762
236785
236834
236845
236855
236893
236909
236914
236915
236940
236964
237032
237044
237049
237057
237065
237077
237117
237126
237171
237175
237178
237245
237259
237277
237321
237350
237366
237391
237396
237404
237474
237483
237486
237518
237519
237523
237572
237577
237592
237672
237687
237726
237729
237819
237836
237839
237841
237843
237853
237859
237870
237876
237895
237910
237912
237958
237979
238015
238021
238078
238094
238095
238133
238144
238146
238180
238228
238268
238309
238347
238352
238378
238423
238429
238455
238466
238479
238538
238556
238570
238596
238617
238625
238685
238694
238698
238698
238702
238743
238751
238793
238813
238842
238877
238893
238922
238936
238973
239007
239013
239028
239030
239047
239054
239092
239097
239121
239122
239164
239205
239206
239261
239280
239294
239302
239341
239348
239372
239394
239402
239405
239406
239447
239462
239463
239479
239516
239551
239552
239566
239570
239576
239601
239602
239634
239643
239725
239741
239757
239788
239835
239854
239864
239877
239883
239886
239937
239959
239961
239979
239981
239998
240008
240043
240047
240053
240056
240063
240068
240100
240114
240195
240212
240224
240291
240296
240297
240299
240305
240317
240385
240393
240411
240428
240444
240449
240486
240530
240542
240589
240632
240642
240647
240664
240677
240687
240689
240770
240785
240785
240792
240831
240889
240917
240921
240925
240945
240950
240967
240978
240992
240998
241018
241020
241060
241074
241079
241085
241092
241103
241156
241162
241166
241168
241190
241191
241194
241224
241237
241265
241292
241303
241350
241360
241368
241448
241448
241470
241496
241496
241553
241559
241562
241568
241577
241596
241615
241643
241738
241750
241763
241778
241821
241824
241825
241834
241864
241869
241878
241902
241909
241913
241936
241936
241937
241969
241978
241989
242006
242008
242044
242046
242047
242053
242063
242063
242080
242099
242102
242139
242177
242186
242189
242195
242204
242208
242213
242217
242251
242253
242273
242337
242371
242393
242416
242422
242439
242439
242463
242466
242487
242497
242589
242617
242693
242694
242751
242820
242830
242861
242874
242895
242918
242942
242961
242967
242970
242976
242980
243049
243059
243068
243074
243133
243152
243172
243211
243234
243261
243284
243327
243334
243365
243367
243374
243383
243385
243421
243422
243452
243453
243457
243466
243474
243480
243548
243570
243572
243657
243661
243662
243715
243762
243788
243821
243846
243859
243881
243893
243952
243957
243963
243977
243998
244019
244021
244031
244074
244079
244089
244109
244136
244137
244161
244187
244189
244193
244226
244235
244252
244303
244303
244318
244347
244397
244429
244444
244453
244461
244540
244545
244549
244553
244558
244559
244573
244581
244626
244632
244632
244656
244671
244677
244679
244706
244744
244747
244751
244821
244822
244828
244834
244853
244885
244899
244903
244919
244946
244949
244955
244963
245005
245013
245036
245089
245096
245114
245124
245124
245126
245129
245134
245137
245180
245189
245190
245212
245241
245253
245289
245297
245299
245312
245314
245325
245333
245347
245375
245379
245421
245452
245482
245496
245543
245572
245603
245666
245684
245694
245711
245714
245917
245927
245927
245968
246013
246034
246035
246113
246122
246124
246128
246129
246141
246165
246171
246193
246216
246233
246248
246269
246282
246289
246298
246310
246313
246336
246341
246374
246387
246389
246409
246430
246453
246463
246486
246497
246508
246519
246542
246544
246576
246627
246645
246681
246718
246742
246745
246786
246786
246807
246874
246907
246932
246936
246943
246944
246945
246966
246981
246987
246995
247001
247013
247034
247039
247049
247054
247065
247066
247106
247141
247228
247238
247256
247308
247308
247319
247335
247365
247369
247369
247402
247412
247419
247433
247472
247493
247497
247507
247534
247555
247569
247608
247611
247675
247726
247734
247742
247748
247753
247794
247809
247814
247823
247898
247909
247917
247925
247930
247980
247988
247999
248017
248018
248019
248023
248029
248043
248065
248113
248129
248191
248202
248222
248281
248283
248326
248328
248351
248353
248357
248371
248431
248447
248454
248546
248548
248592
248622
248662
248665
248680
248685
248690
248691
248696
248765
248768
248773
248781
248793
248877
248877
248888
248923
248939
249002
249009
249017
249040
249040
249058
249099
249202
249219
249249
249278
249290
249294
249323
249366
249381
249407
249409
249425
249458
249472
249493
249521
249521
249532
249533
249546
249551
249553
249558
249561
249580
249590
249656
249690
249719
249740
249773
249776
249781
249790
249796
249810
249841
249849
249849
249865
249875
249937
249938
249977
249999
250005
250036
250037
250095
250096
250157
250157
250169
250186
250221
250275
250282
250321
250332
250339
250359
250382
250400
250419
250419
250449
250469
250472
250485
250492
250497
250523
250531
250577
250591
250591
250591
250611
250614
250647
250688
250730
250757
250772
250779
250785
250825
250895
250905
250935
250967
250990
250991
251007
251013
251024
251044
251086
251091
251096
251105
251123
251165
251239
251245
251247
251248
251271
251275
251282
251307
251312
251317
251335
251337
251340
251347
251367
251387
251391
251400
251416
251424
251431
251440
251479
251519
251520
251523
251559
251567
251579
251611
251624
251637
251717
251805
251826
251852
251899
251900
251950
251954
251966
251976
251977
251986
251995
251995
251998
252020
252026
252041
252047
252062
252065
252113
252115
252125
252129
252130
252141
252156
252170
252221
252258
252309
252386
252396
252412
252425
252429
252441
252484
252492
252497
252525
252527
252530
252531
252558
252597
252606
252623
252624
252671
252671
252675
252706
252742
252747
252789
252794
252803
252855
252871
252922
252932
252940
252942
252966
252967
252971
252983
252984
253001
253016
253055
253068
253087
253095
253131
253160
253213
253227
253267
253304
253305
253330
253337
253350
253365
253378
253406
253426
253442
253446
253463
253484
253502
253625
253634
253652
253675
253683
253739
253742
253783
253799
253817
253865
253915
253937
253966
254062
254090
254098
254117
254186
254193
254209
254241
254247
254259
254270
254273
254312
254343
254408
254420
254460
254466
254473
254496
254531
254560
254616
254707
254727
254733
254738
254744
254752
254753
254756
254758
254767
254803
254813
254814
254820
254834
254851
254886
254896
254899
254919
254919
254921
254942
254991
255097
255109
255134
255140
255162
255177
255195
255205
255246
255253
255267
255291
255300
255315
255353
255370
255383
255402
255402
255402
255417
255423
255436
255446
255457
255476
255541
255542
255556
255566
255592
255637
255654
255676
255716
255725
255755
255758
255776
255778
255780
255795
255805
255840
255845
255855
255856
255864
255875
255882
255900
255905
255945
255949
255950
255953
255967
255979
256006
256006
256036
256051
256058
256070
256077
256085
256087
256116
256144
256147
256161
256165
256218
256260
256285
256294
256300
256318
256320
256322
256351
256417
256422
256459
256475
256484
256489
256501
256505
256510
256518
256528
256562
256572
256594
256620
256647
256680
256688
256699
256708
256737
256754
256779
256798
256819
256848
256856
256880
256903
256904
256918
256926
256933
256933
256935
256954
256955
256972
256990
256991
256998
257044
257056
257071
257079
257111
257140
257144
257154
257163
257185
257194
257204
257205
257206
257210
257231
257236
257294
257296
257327
257332
257333
257346
257367
257396
257401
257409
257444
257458
257465
257503
257506
257506
257526
257541
257554
257574
257600
257609
257639
257652
257656
257688
257697
257710
257717
257728
257735
257746
257781
257791
257791
257792
257809
257823
257840
257842
257884
257950
257958
257983
257992
258001
258029
258044
258075
258082
258113
258144
258161
258190
258248
258297
258334
258384
258425
258445
258494
258498
258513
258519
258524
258539
258544
258558
258584
258608
258673
258709
258714
258721
258722
258733
258775
258808
258817
258827
258832
258865
258907
258935
258970
258978
259004
259011
259016
259040
259067
259070
259076
259140
259162
259179
259182
259188
259207
259242
259257
259268
259289
259291
259322
259325
259332
259368
259374
259405
259409
259446
259516
259521
259535
259644
259691
259698
259752
259792
259796
259816
259858
259868
259901
259924
259929
259936
259939
259971
259977
259982
260004
260011
260071
260077
260113
260129
260136
260142
260151
260151
260151
260152
260209
260209
260240
260255
260281
260293
260297
260302
260302
260335
260353
260384
260440
260443
260450
260453
260458
260475
260491
260496
260497
260501
260511
260589
260620
260625
260627
260641
260653
260657
260667
260688
260696
260701
260718
260739
260772
260773
260791
260858
260869
260871
260872
260921
260924
260925
260968
260976
260986
260987
260996
261015
261026
261031
261080
261086
261115
261141
261160
261163
261172
261195
261218
261218
261225
261280
261307
261322
261327
261359
261386
261404
261421
261427
261456
261463
261472
261481
261505
261510
261527
261537
261539
261565
261566
261632
261635
261639
261648
261664
261667
261684
261695
261703
261728
261733
261757
261812
261851
261914
261924
261957
261959
261962
261998
262027
262042
262051
262063
262071
262074
262094
262104
262105
262139
262142
262187
262193
262230
262245
262265
262294
262336
262339
262360
262392
262408
262429
262430
262446
262475
262482
262485
262495
262504
262516
262524
262558
262566
262588
262589
262605
262625
262640
262645
262664
262685
262690
262724
262732
262747
262760
262782
262786
262802
262810
262810
262817
262833
262868
262869
262904
262944
262944
262946
262962
262977
263032
263033
263033
263049
263095
263133
263134
263163
263180
263214
263222
263224
263230
263249
263276
263319
263333
263359
263405
263450
263454
263490
263505
263529
263541
263541
263574
263585
263624
263638
263668
263670
263689
263695
263739
263739
263754
263786
263821
263899
263917
263930
263983
263983
263985
264001
264014
264018
264021
264036
264056
264077
264110
264112
264114
264146
264147
264159
264183
264193
264222
264231
264250
264265
264267
264268
264268
264282
264301
264315
264327
264334
264379
264440
264455
264459
264489
264500
264515
264533
264535
264544
264554
264625
264633
264671
264672
264677
264736
264742
264743
264762
264783
264783
264798
264798
264816
264851
264860
264963
264963
264970
264985
264993
264997
265023
265025
265043
265051
265059
265065
265083
265090
265120
265125
265128
265133
265135
265135
265136
265140
265142
265149
265169
265203
265219
265224
265250
265294
265328
265345
265347
265370
265396
265405
265484
265485
265492
265501
265515
265540
265548
265551
265569
265595
265598
265610
265619
265644
265682
265700
265704
265707
265794
265797
265801
265804
265847
265864
265867
265868
265873
265876
265896
265896
265898
265900
265928
265933
265945
265946
265947
265972
265976
265992
265994
265999
266007
266025
266057
266077
266108
266140
266141
266191
266198
266216
266243
266257
266292
266297
266342
266351
266355
266358
266385
266385
266396
266426
266483
266485
266489
266499
266568
266594
266628
266663
266669
266671
266675
266684
266692
266694
266694
266801
266911
266942
266951
266981
266990
267064
267140
267142
267146
267156
267173
267186
267196
267198
267199
267212
267213
267221
267250
267288
267298
267311
267317
267324
267355
267356
267361
267365
267367
267390
267463
267463
267481
267482
267483
267501
267515
267549
267559
267560
267561
267572
267592
267679
267712
267720
267746
267756
267786
267805
267848
267852
267882
267914
267938
267938
267942
267964
267972
267973
267973
268006
268016
268020
268025
268064
268069
268087
268135
268182
268214
268252
268265
268274
268284
268286
268323
268330
268356
268367
268369
268375
268432
268450
268466
268483
268492
268495
268546
268553
268588
268589
268656
268670
268721
268729
268730
268741
268805
268812
268841
268877
268895
268929
268950
268957
268977
268984
269000
269010
269024
269050
269062
269074
269085
269098
269102
269118
269128
269147
269149
269219
269228
269248
269249
269282
269284
269292
269332
269364
269373
269374
269396
269418
269430
269431
269440
269446
269453
269470
269529
269536
269545
269575
269600
269607
269633
269635
269648
269666
269713
269740
269755
269777
269786
269800
269825
269830
269857
269924
269958
269969
270002
270007
270017
270023
270031
270072
270111
270199
270206
270219
270261
270295
270307
270307
270318
270364
270401
270490
270571
270578
270583
270588
270630
270660
270663
270668
270676
270702
270703
270712
270730
270814
270817
270834
270854
270882
270884
270895
270896
270897
270939
271033
271042
271054
271089
271091
271135
271143
271180
271197
271202
271207
271213
271267
271275
271278
271290
271292
271337
271351
271353
271374
271397
271409
271419
271423
271431
271446
271458
271488
271515
271524
271529
271540
271561
271562
271569
271575
271580
271582
271588
271606
271616
271650
271724
271737
271822
271842
271859
271888
271900
271921
271962
271994
272012
272022
272041
272070
272076
272090
272103
272105
272140
272145
272170
272211
272215
272258
272266
272272
272290
272307
272329
272364
272399
272404
272407
272408
272439
272459
272475
272494
272527
272620
272629
272656
272661
272675
272687
272696
272698
272736
272738
272766
272777
272812
272813
272894
272897
272901
272904
272954
272959
272981
273083
273116
273121
273135
273161
273169
273221
273252
273265
273314
273318
273354
273386
273411
273425
273451
273453
273478
273504
273521
273529
273535
273541
273542
273551
273552
273588
273602
273624
273672
273693
273735
273737
273757
273766
273806
273825
273826
273837
273837
273889
273946
273956
273969
274008
274009
274029
274053
274068
274077
274090
274092
274095
274121
274134
274182
274186
274205
274211
274364
274373
274383
274410
274411
274433
274441
274505
274514
274527
274552
274572
274583
274617
274628
274645
274655
274701
274704
274711
274771
274773
274823
274838
274841
274906
274910
274973
274986
275042
275044
275065
275071
275097
275177
275183
275183
275193
275198
275200
275232
275252
275254
275262
275274
275282
275294
275333
275411
275467
275476
275476
275500
275501
275504
275520
275526
275529
275563
275661
275664
275679
275679
275709
275750
275751
275758
275767
275770
275788
275802
275803
275845
275854
275891
275912
275934
275943
275949
276002
276026
276038
276039
276040
276105
276107
276107
276107
276109
276113
276170
276192
276237
276256
276257
276266
276270
276286
276295
276314
276338
276353
276377
276421
276431
276433
276500
276507
276533
276548
276561
276582
276592
276601
276639
276648
276685
276805
276845
276848
276907
276916
276924
276930
276953
276962
276979
276997
277023
277028
277033
277033
277052
277054
277063
277064
277101
277102
277108
277121
277138
277139
277194
277224
277248
277278
277299
277305
277313
277334
277340
277342
277360
277392
277422
277443
277444
277456
277460
277484
277505
277533
277548
277551
277608
277611
277632
277687
277712
277714
277756
277768
277774
277801
277830
277840
277844
277854
277856
277869
277869
277871
277872
277917
277919
277920
277922
277974
278025
278026
278032
278064
278074
278087
278101
278108
278117
278120
278190
278192
278201
278206
278215
278216
278232
278235
278304
278306
278316
278352
278369
278384
278426
278427
278428
278435
278467
278490
278500
278508
278515
278535
278590
278593
278594
278597
278609
278622
278715
278729
278731
278732
278749
278781
278790
278801
278805
278807
278808
278812
278814
278824
278830
278840
278856
278859
278866
278904
278914
278945
278949
278957
278964
278987
279007
279062
279070
279090
279098
279111
279121
279124
279156
279193
279234
279243
279288
279306
279366
279376
279391
279425
279449
279450
279458
279462
279485
279491
279507
279522
279524
279530
279575
279576
279583
279703
279703
279708
279743
279758
279769
279786
279835
279957
279989
280016
280021
280022
280065
280097
280115
280121
280151
280153
280169
280174
280197
280219
280238
280260
280295
280297
280348
280397
280400
280406
280432
280437
280437
280438
280467
280489
280492
280516
280516
280527
280548
280612
280625
280679
280684
280703
280775
280778
280814
280823
280835
280893
280906
280918
280923
280940
280947
280982
281014
281018
281027
281045
281065
281074
281083
281090
281115
281132
281158
281180
281225
281246
281256
281260
281262
281270
281277
281285
281300
281318
281322
281381
281391
281399
281440
281458
281474
281527
281535
281574
281616
281624
281690
281705
281739
281757
281902
281907
281926
281941
281972
281985
281986
281988
282008
282021
282038
282070
282092
282092
282110
282137
282170
282171
282171
282187
282203
282206
282207
282224
282244
282245
282246
282248
282258
282273
282273
282281
282293
282351
282387
282406
282408
282417
282421
282470
282474
282478
282499
282518
282535
282536
282603
282610
282655
282666
282677
282685
282724
282735
282753
282785
282789
282814
282883
282898
282919
282923
282980
282996
283011
283083
283087
283095
283126
283156
283159
283169
283176
283178
283203
283270
283303
283308
283323
283328
283333
283351
283352
283361
283373
283429
283456
283527
283598
283615
283627
283658
283659
283675
283715
283715
283715
283722
283728
283731
283749
283751
283753
283774
283792
283793
283863
283889
283932
283936
283943
283955
283969
283982
283991
284042
284083
284127
284150
284157
284163
284175
284179
284187
284195
284264
284303
284305
284330
284379
284384
284406
284484
284523
284531
284549
284562
284590
284678
284717
284834
284876
284891
284904
284904
284939
285005
285060
285084
285089
285098
285137
285161
285171
285190
285233
285246
285274
285275
285281
285331
285334
285334
285339
285369
285370
285379
285388
285442
285449
285455
285460
285463
285499
285519
285545
285559
285562
285643
285672
285687
285691
285706
285732
285749
285767
285814
285839
285853
285871
285875
285882
285884
285905
285936
285975
285993
285993
285999
286008
286016
286038
286043
286058
286085
286161
286170
286187
286242
286260
286272
286281
286313
286320
286359
286370
286371
286377
286411
286412
286419
286456
286463
286466
286478
286486
286559
286572
286596
286613
286641
286643
286643
286662
286689
286694
286707
286726
286728
286752
286803
286815
286818
286826
286828
286879
286879
286884
286903
286951
286951
287000
287050
287050
287062
287098
287163
287200
287234
287239
287267
287289
287292
287304
287312
287316
287336
287365
287426
287442
287460
287475
287486
287494
287516
287540
287586
287594
287636
287662
287669
287670
287730
287734
287758
287768
287797
287862
287869
287883
287915
287930
287956
288023
288063
288093
288146
288159
288166
288171
288202
288209
288210
288239
288260
288261
288295
288378
288386
288398
288414
288480
288495
288504
288533
288537
288538
288540
288549
288556
288559
288566
288575
288580
288580
288582
288607
288608
288623
288627
288631
288653
288662
288672
288689
288706
288709
288742
288747
288763
288764
288774
288805
288827
288866
288877
288931
288963
288967
288967
288999
289007
289015
289056
289088
289097
289102
289108
289146
289162
289167
289195
289232
289249
289253
289285
289302
289323
289394
289413
289428
289448
289496
289499
289591
289646
289651
289667
289685
289687
289699
289729
289731
289753
289764
289776
289790
289801
289873
289885
289895
289902
289928
289934
289955
289955
289982
289998
290007
290041
290068
290070
290123
290161
290162
290163
290163
290237
290238
290270
290307
290309
290347
290370
290424
290428
290464
290482
290497
290504
290508
290514
290539
290567
290594
290618
290636
290636
290695
290776
290778
290806
290809
290870
290896
290898
290903
290932
290969
290981
290988
290994
290997
291025
291025
291035
291044
291055
291060
291078
291092
291107
291154
291168
291178
291216
291225
291228
291238
291247
291272
291277
291286
291295
291308
291329
291371
291377
291395
291402
291429
291455
291482
291590
291601
291634
291641
291665
291674
291677
291678
291692
291712
291747
291784
291795
291823
291828
291832
291833
291837
291868
291885
291905
292012
292036
292048
292066
292076
292108
292112
292113
292188
292209
292212
292222
292265
292304
292319
292326
292355
292366
292404
292407
292418
292424
292429
292435
292436
292442
292501
292510
292521
292540
292567
292570
292580
292601
292626
292639
292654
292668
292677
292701
292769
292773
292775
292796
292878
292884
292896
292913
292940
292978
293035
293052
293054
293059
293104
293105
293184
293188
293230
293262
293273
293277
293333
293342
293346
293358
293359
293360
293367
293369
293411
293424
293449
293462
293469
293493
293528
293538
293548
293610
293660
293661
293681
293685
293689
293755
293787
293790
293797
293837
293873
293874
293894
293895
293909
293911
293943
293962
293995
294004
294007
294016
294019
294019
294021
294057
294120
294125
294137
294151
294163
294174
294179
294221
294240
294247
294254
294278
294285
294294
294322
294358
294360
294384
294393
294408
294425
294427
294448
294503
294512
294528
294540
294547
294553
294579
294586
294593
294593
294598
294605
294623
294628
294636
294654
294697
294699
294700
294701
294745
294775
294786
294790
294794
294853
294853
294861
294888
294905
294911
294925
294958
294984
295017
295027
295037
295060
295072
295087
295126
295129
295167
295174
295182
295189
295207
295237
295277
295294
295295
295353
295355
295356
295359
295374
295411
295426
295440
295469
295483
295557
295609
295646
295721
295758
295777
295779
295780
295822
295827
295831
295849
295852
295870
295877
295885
295901
295953
295963
295963
295969
295979
296028
296041
296053
296068
296102
296121
296123
296144
296172
296190
296190
296201
296217
296223
296238
296297
296349
296370
296391
296432
296470
296477
296479
296485
296505
296506
296510
296522
296548
296586
296604
296693
296695
296715
296750
296757
296783
296797
296826
296837
296867
296874
296899
296912
296922
296935
296938
296943
296966
296974
296987
296988
296993
297004
297008
297027
297035
297048
297055
297110
297113
297121
297136
297142
297144
297189
297203
297206
297238
297258
297268
297296
297327
297358
297390
297395
297408
297410
297442
297445
297484
297494
297526
297547
297550
297606
297618
297628
297640
297641
297658
297664
297664
297679
297699
297703
297741
297741
297785
297791
297809
297897
297928
297987
297990
298021
298028
298039
298061
298068
298068
298113
298134
298161
298168
298197
298265
298276
298297
298314
298371
298380
298403
298453
298489
298559
298581
298582
298645
298662
298702
298735
298758
298800
298828
298897
298909
298940
298949
298979
299015
299054
299121
299144
299181
299203
299240
299273
299309
299324
299327
299328
299352
299374
299386
299387
299435
299436
299454
299514
299529
299544
299580
299589
299627
299630
299634
299642
299661
299678
299729
299747
299748
299823
299824
299829
299877
299903
299929
299954
299955
299957
299960
299972
299992
300024
300032
300044
300141
300142
300155
300222
300242
300255
300272
300280
300283
300310
300327
300340
300389
300402
300408
300409
300411
300458
300459
300462
300472
300475
300475
300485
300488
300489
300507
300545
300569
300577
300583
300596
300612
300671
300674
300695
300716
300718
300818
300879
300888
300903
300907
300914
300945
300960
300962
300972
300985
300994
301005
301040
301056
301060
301067
301102
301120
301169
301185
301233
301249
301253
301273
301296
301341
301361
301370
301390
301396
301419
301436
301438
301449
301464
301500
301504
301512
301519
301540
301562
301594
301629
301642
301658
301710
301724
301724
301746
301750
301757
301774
301776
301776
301792
301798
301804
301809
301820
301836
301850
301938
301946
301979
302066
302120
302137
302139
302163
302181
302297
302300
302308
302323
302335
302341
302356
302372
302381
302480
302481
302506
302515
302518
302527
302539
302551
302555
302558
302560
302568
302576
302585
302591
302604
302610
302614
302648
302679
302687
302759
302773
302784
302786
302798
302800
302868
302868
302888
302908
302911
302931
302949
302959
302960
302970
302987
303016
303021
303044
303058
303091
303091
303133
303133
303140
303196
303201
303207
303224
303224
303225
303238
303251
303265
303283
303310
303319
303352
303367
303394
303411
303480
303499
303503
303519
303525
303560
303593
303601
303603
303619
303633
303648
303649
303654
303696
303748
303770
303792
303797
303819
303820
303859
303871
303903
303904
303915
303918
303935
303984
303988
304031
304032
304055
304121
304129
304149
304181
304196
304198
304201
304231
304271
304305
304312
304375
304376
304387
304410
304474
304475
304484
304491
304509
304570
304580
304583
304628
304685
304691
304693
304698
304705
304712
304799
304801
304831
304869
304871
304899
304903
304921
304939
304980
305028
305034
305103
305103
305132
305133
305158
305161
305176
305207
305210
305212
305225
305243
305259
305296
305300
305328
305370
305382
305427
305464
305466
305499
305499
305505
305524
305528
305535
305562
305584
305674
305676
305713
305730
305783
305796
305796
305826
305840
305843
305892
305922
305927
305946
305956
305960
305982
305997
306005
306019
306046
306069
306077
306088
306119
306128
306166
306176
306179
306179
306194
306218
306234
306245
306296
306307
306308
306332
306347
306487
306489
306491
306508
306547
306579
306606
306618
306635
306645
306661
306667
306726
306743
306757
306760
306763
306767
306781
306804
306810
306813
306847
306851
306865
306877
306889
306927
306930
306935
306965
306966
306974
306982
307055
307108
307108
307128
307143
307144
307149
307178
307179
307210
307224
307263
307264
307274
307280
307289
307304
307324
307326
307328
307339
307358
307368
307429
307504
307511
307553
307563
307570
307586
307589
307604
307653
307684
307689
307691
307721
307752
307772
307788
307802
307841
307894
307902
307907
307937
307946
307955
307992
308023
308061
308074
308076
308192
308216
308217
308222
308268
308296
308326
308343
308356
308366
308380
308405
308415
308418
308419
308427
308432
308433
308445
308467
308483
308503
308515
308525
308560
308560
308566
308573
308613
308630
308715
308737
308749
308780
308796
308823
308876
308967
308974
308988
308999
309042
309046
309050
309067
309076
309087
309090
309110
309112
309183
309195
309199
309214
309249
309292
309293
309294
309294
309326
309391
309397
309419
309431
309444
309467
309476
309501
309521
309541
309553
309561
309625
309641
309650
309656
309673
309694
309698
309728
309747
309758
309809
309825
309835
309850
309860
309896
309896
309906
309941
309976
310035
310077
310100
310102
310155
310223
310255
310292
310295
310301
310355
310355
310410
310476
310480
310514
310519
310524
310526
310533
310550
310555
310581
310602
310636
310637
310661
310673
310674
310683
310718
310720
310736
310738
310740
310750
310781
310799
310844
310847
310898
310909
310951
310957
310977
310977
311023
311038
311044
311046
311053
311067
311074
311075
311082
311090
311113
311141
311143
311211
311232
311254
311262
311273
311274
311329
311334
311336
311401
311419
311443
311444
311481
311499
311506
311535
311577
311605
311615
311616
311642
311671
311671
311683
311702
311710
311719
311721
311741
311755
311817
311824
311852
311879
311880
311895
311904
311939
311957
311961
312011
312017
312049
312058
312082
312162
312188
312203
312227
312248
312261
312277
312298
312307
312311
312361
312381
312385
312418
312426
312474
312486
312488
312541
312563
312571
312571
312573
312587
312588
312591
312612
312615
312636
312654
312657
312668
312692
312741
312801
312808
312809
312847
312851
312856
312861
312879
312900
312937
312941
312985
312986
313037
313046
313055
313099
313115
313122
313129
313134
313139
313147
313163
313204
313206
313207
313207
313213
313220
313226
313293
313315
313358
313364
313367
313381
313381
313418
313442
313457
313459
313461
313502
313511
313514
313514
313548
313562
313564
313599
313605
313613
313634
313651
313652
313658
313663
313751
313775
313815
313861
313899
313902
313946
313959
314003
314021
314037
314106
314117
314123
314127
314135
314216
314239
314239
314261
314314
314314
314368
314428
314446
314446
314463
314604
314606
314616
314675
314676
314697
314705
314720
314783
314798
314803
314811
314849
314865
314876
314905
314925
314992
314993
315041
315042
315042
315081
315141
315166
315172
315191
315220
315225
315231
315238
315293
315303
315371
315397
315412
315436
315495
315517
315531
315549
315552
315556
315558
315567
315577
315577
315594
315617
315619
315674
315685
315711
315717
315740
315783
315808
315824
315854
315859
315885
315897
315897
315915
315934
315952
315956
315971
315994
315998
316000
316038
316040
316042
316071
316094
316181
316184
316204
316204
316206
316211
316236
316263
316316
316325
316335
316379
316383
316388
316428
316432
316440
316448
316464
316476
316491
316520
316528
316550
316585
316586
316601
316644
316646
316732
316736
316753
316759
316777
316780
316783
316817
316862
316908
316916
316918
316927
316948
316957
316957
316998
317008
317009
317052
317063
317093
317098
317105
317177
317217
317226
317234
317241
317249
317254
317306
317354
317362
317369
317371
317374
317428
317433
317439
317454
317457
317474
317492
317493
317496
317518
317533
317540
317554
317573
317587
317591
317637
317650
317663
317677
317687
317761
317798
317812
317829
317867
317868
317887
317893
317899
317902
317920
317950
317958
317970
317973
317978
317993
317997
318024
318031
318045
318066
318077
318087
318099
318111
318142
318162
318175
318177
318221
318236
318239
318319
318367
318383
318420
318469
318469
318471
318487
318495
318503
318507
318512
318529
318552
318559
318573
318600
318644
318677
318712
318747
318755
318773
318776
318794
318795
318825
318825
318910
319003
319006
319009
319009
319013
319022
319044
319049
319069
319091
319111
319156
319159
319177
319182
319183
319197
319198
319224
319271
319358
319370
319370
319372
319378
319387
319390
319391
319437
319441
319443
319454
319471
319471
319476
319493
319498
319555
319564
319617
319694
319757
319802
319818
319818
319846
319854
319904
319914
319956
319967
320041
320054
320054
320098
320103
320106
320126
320144
320149
320169
320175
320182
320202
320234
320257
320297
320313
320326
320347
320353
320395
320398
320403
320408
320424
320448
320455
320467
320470
320478
320504
320508
320515
320517
320527
320533
320578
320605
320614
320616
320630
320635
320642
320711
320712
320741
320752
320766
320779
320779
320782
320783
320806
320811
320834
320840
320852
320881
320892
320915
320923
320935
320941
320944
320954
320962
320975
320977
321022
321047
321057
321063
321067
321069
321079
321105
321110
321167
321226
321233
321253
321270
321347
321355
321361
321373
321401
321404
321416
321427
321448
321480
321483
321506
321528
321529
321554
321563
321564
321565
321704
321711
321742
321752
321769
321807
321816
321828
321830
321842
321892
321894
321909
321913
321920
321982
321996
322013
322031
322036
322062
322123
322124
322162
322238
322240
322253
322281
322284
322296
322310
322331
322358
322383
322424
322429
322484
322500
322511
322516
322562
322578
322586
322598
322638
322641
322656
322678
322689
322709
322715
322727
322783
322829
322841
322861
322897
322905
322927
322953
322959
322991
323021
323045
323045
323089
323092
323095
323122
323127
323156
323195
323225
323225
323270
323398
323410
323483
323492
323510
323510
323547
323559
323563
323576
323582
323597
323602
323621
323638
323647
323687
323718
323747
323756
323773
323850
323858
323875
323877
323891
323899
323903
323913
323914
323948
323969
323974
323994
324011
324023
324050
324064
324118
324207
324213
324215
324239
324243
324299
324307
324308
324308
324314
324333
324365
324384
324416
324422
324425
324450
324468
324479
324518
324534
324581
324599
324606
324609
324644
324645
324670
324672
324682
324777
324778
324781
324790
324798
324806
324827
324851
324900
324909
324926
324952
324963
324985
325049
325075
325084
325085
325088
325126
325130
325160
325189
325191
325200
325258
325258
325272
325286
325295
325301
325302
325309
325312
325322
325343
325370
325379
325389
325398
325432
325464
325483
325523
325530
325559
325583
325590
325590
325597
325649
325733
325769
325771
325776
325778
325816
325818
325845
325898
325910
325920
325923
325950
325982
326008
326024
326032
326034
326037
326062
326067
326083
326100
326162
326183
326185
326197
326198
326210
326242
326285
326298
326310
326336
326343
326398
326407
326410
326410
326469
326470
326480
326494
326508
326523
326528
326540
326541
326546
326563
326565
326621
326627
326657
326657
326729
326752
326776
326790
326811
326866
326889
326904
326916
326934
326950
326967
326983
327002
327026
327044
327046
327055
327061
327075
327077
327098
327104
327126
327147
327155
327206
327226
327235
327247
327337
327361
327361
327432
327462
327474
327503
327511
327520
327542
327567
327570
327581
327581
327601
327613
327629
327631
327632
327632
327732
327741
327749
327750
327799
327803
327808
327814
327819
327842
327850
327898
327912
327943
327946
327982
327990
327999
328001
328022
328037
328048
328058
328070
328106
328111
328141
328168
328196
328197
328197
328219
328229
328264
328283
328300
328302
328303
328352
328412
328430
328478
328492
328564
328591
328614
328622
328671
328749
328762
328776
328790
328797
328806
328830
328840
328841
328859
328860
328882
328923
328934
328956
328959
329000
329007
329056
329106
329167
329197
329215
329226
329238
329284
329288
329313
329332
329342
329375
329404
329409
329499
329525
329540
329548
329556
329562
329564
329571
329590
329623
329653
329665
329700
329726
329755
329758
329775
329792
329809
329821
329824
329841
329884
329890
329925
329930
329959
329965
329966
329975
329986
330001
330052
330058
330063
330074
330089
330125
330147
330152
330239
330244
330265
330284
330291
330323
330343
330343
330348
330358
330384
330403
330434
330469
330486
330487
330504
330559
330567
330578
330581
330597
330670
330679
330686
330705
330730
330733
330754
330768
330792
330816
330817
330835
330893
330909
330916
330928
330933
330945
330951
331031
331036
331036
331055
331098
331104
331132
331162
331181
331182
331182
331183
331187
331192
331230
331240
331266
331277
331300
331304
331314
331318
331339
331352
331366
331385
331390
331546
331581
331620
331634
331652
331663
331664
331667
331720
331735
331772
331809
331816
331838
331908
331924
331928
331937
331942
331954
331992
331995
332052
332056
332075
332104
332109
332142
332144
332149
332162
332177
332187
332216
332218
332240
332259
332279
332314
332360
332435
332452
332455
332504
332516
332518
332520
332528
332539
332556
332557
332561
332602
332619
332631
332631
332637
332672
332682
332707
332766
332804
332825
332828
332830
332856
332862
332866
332907
332913
332953
332970
332976
332991
332998
333014
333018
333019
333030
333041
333053
333054
333062
333063
333079
333112
333130
333131
333165
333174
333213
333244
333249
333250
333251
333262
333274
333278
333320
333327
333339
333341
333351
333484
333499
333499
333507
333517
333522
333583
333599
333631
333642
333650
333659
333684
333687
333712
333714
333721
333723
333726
333744
333749
333751
333754
333759
333761
333778
333782
333790
333799
333819
333838
333861
333915
333917
333935
333936
333954
333967
333969
334000
334014
334022
334037
334054
334115
334146
334146
334158
334161
334164
334165
334181
334185
334187
334191
334217
334250
334260
334296
334298
334380
334417
334434
334438
334474
334497
334518
334518
334519
334659
334659
334705
334709
334724
334783
334835
334848
334853
334867
334960
334992
335024
335031
335036
335038
335058
335149
335149
335151
335152
335179
335181
335196
335207
335224
335230
335240
335318
335327
335356
335399
335409
335416
335423
335464
335519
335553
335571
335576
335619
335637
335659
335673
335674
335706
335708
335724
335733
335752
335792
335803
335885
335923
335989
335989
335990
336039
336069
336079
336081
336094
336094
336110
336126
336158
336189
336198
336284
336294
336359
336366
336423
336449
336457
336477
336508
336509
336547
336547
336552
336558
336592
336626
336653
336691
336694
336744
336768
336797
336804
336837
336843
336846
336852
336871
336908
336954
336965
336968
337029
337030
337031
337054
337055
337075
337105
337124
337187
337254
337261
337278
337280
337284
337308
337328
337338
337340
337345
337357
337375
337377
337398
337406
337421
337429
337432
337444
337463
337469
337491
337500
337535
337538
337563
337575
337593
337613
337628
337690
337692
337722
337794
337798
337814
337827
337893
337914
337919
337919
337919
337921
337930
337934
337941
337959
337973
337978
337978
337990
338004
338038
338074
338076
338080
338098
338157
338164
338168
338285
338286
338296
338310
338340
338375
338376
338381
338421
338463
338470
338570
338593
338624
338625
338634
338668
338689
338719
338720
338721
338727
338755
338768
338805
338832
338834
338854
338893
338944
339037
339082
339109
339169
339214
339239
339248
339267
339267
339286
339287
339300
339322
339324
339386
339430
339478
339488
339497
339503
339508
339519
339522
339525
339559
339593
339623
339640
339650
339663
339669
339670
339685
339685
339707
339760
339768
339777
339777
339778
339779
339797
339819
339860
339869
339870
339890
339891
339920
339933
339959
339986
340008
340043
340062
340063
340072
340094
340114
340141
340177
340230
340234
340257
340262
340285
340288
340288
340306
340316
340345
340351
340386
340423
340460
340512
340520
340559
340571
340582
340619
340622
340631
340631
340657
340720
340730
340796
340837
340844
340861
340867
340897
340940
340942
340950
340981
341026
341059
341103
341112
341140
341143
341146
341161
341165
341175
341186
341204
341233
341271
341277
341328
341344
341345
341350
341406
341410
341440
341449
341449
341464
341476
341480
341481
341510
341520
341520
341529
341544
341601
341610
341626
341669
341682
341682
341684
341727
341791
341814
341826
341835
341837
341841
341849
341861
341909
341915
341959
341962
342034
342078
342091
342095
342131
342159
342160
342199
342208
342243
342318
342335
342335
342371
342408
342467
342474
342484
342539
342544
342586
342658
342658
342668
342673
342673
342701
342766
342777
342781
342785
342796
342803
342846
342849
342892
342935
342958
343047
343083
343093
343107
343120
343141
343145
343145
343163
343164
343180
343222
343232
343242
343269
343280
343312
343365
343365
343383
343387
343393
343436
343438
343441
343445
343469
343516
343539
343549
343590
343596
343638
343656
343662
343662
343667
343681
343682
343692
343697
343700
343714
343716
343748
343751
343780
343792
343795
343849
343854
343884
343895
343896
343905
343934
343942
343948
343953
343953
343956
343981
343998
344013
344033
344034
344043
344046
344050
344071
344071
344077
344122
344146
344176
344178
344202
344235
344242
344255
344285
344294
344349
344368
344380
344387
344401
344406
344419
344428
344438
344498
344504
344524
344527
344542
344553
344609
344665
344703
344893
344916
344920
344969
344971
344988
344997
345012
345030
345045
345063
345078
345095
345100
345137
345178
345184
345191
345202
345203
345233
345247
345249
345270
345282
345282
345325
345349
345368
345375
345375
345390
345408
345453
345454
345489
345499
345501
345549
345550
345576
345581
345591
345613
345637
345647
345664
345722
345725
345815
345829
345875
345932
345940
345974
346015
346035
346061
346091
346102
346108
346116
346130
346137
346156
346166
346187
346194
346199
346214
346256
346263
346373
346432
346434
346457
346469
346478
346519
346577
346610
346638
346642
346649
346681
346691
346702
346713
346735
346757
346773
346792
346806
346843
346848
346860
346880
346924
346969
346976
346984
346991
347000
347042
347059
347070
347071
347107
347145
347178
347180
347189
347200
347257
347258
347260
347274
347284
347289
347289
347309
347329
347355
347356
347393
347396
347397
347401
347405
347426
347434
347482
347496
347504
347528
347535
347540
347549
347557
347588
347605
347608
347623
347624
347631
347659
347686
347756
347780
347810
347849
347873
347880
347880
347888
347895
347917
347933
347946
347958
347963
348029
348064
348100
348154
348179
348187
348191
348195
348221
348235
348246
348260
348271
348290
348293
348299
348330
348370
348375
348389
348412
348417
348431
348445
348469
348473
348481
348491
348521
348523
348530
348559
348583
348597
348647
348650
348659
348683
348690
348704
348712
348748
348783
348809
348871
348872
348874
348902
348905
348928
348978
348998
349016
349021
349055
349077
349120
349213
349257
349259
349309
349331
349340
349386
349396
349471
349498
349531
349575
349614
349622
349623
349629
349647
349652
349659
349677
349687
349703
349739
349747
349759
349768
349772
349800
349801
349806
349815
349834
349844
349881
349935
349937
349952
349953
349956
349957
349960
349963
349978
349986
349996
349998
350018
350019
350030
350053
350064
350091
350103
350111
350129
350142
350148
350157
350163
350164
350221
350241
350258
350288
350290
350294
350298
350319
350324
350337
350452
350464
350481
350481
350488
350498
350528
350583
350617
350659
350690
350731
350753
350781
350789
350792
350806
350816
350887
350888
350895
350905
350906
350921
350944
350947
350956
350968
350984
351021
351063
351066
351083
351088
351105
351112
351170
351207
351219
351237
351244
351256
351275
351278
351281
351291
351337
351337
351340
351343
351361
351374
351398
351410
351458
351461
351483
351496
351518
351534
351555
351573
351585
351629
351687
351703
351709
351715
351745
351757
351768
351793
351794
351796
351801
351870
351893
351902
351907
351921
351929
351933
351985
352016
352017
352032
352060
352065
352099
352157
352168
352172
352216
352221
352246
352274
352296
352302
352346
352350
352415
352436
352438
352446
352449
352449
352461
352468
352471
352478
352549
352616
352645
352653
352686
352702
352730
352734
352756
352761
352784
352803
352825
352838
352875
352876
352883
352898
352899
352914
352964
352971
353052
353063
353098
353105
353165
353195
353228
353265
353302
353346
353416
353475
353494
353564
353588
353588
353593
353649
353697
353703
353720
353721
353745
353764
353812
353836
353841
353846
353858
353862
353877
353883
353896
353904
353905
353928
353939
353942
354007
354014
354037
354064
354112
354134
354149
354154
354223
354231
354252
354258
354270
354270
354339
354375
354391
354408
354415
354423
354434
354459
354498
354546
354571
354614
354636
354649
354662
354664
354667
354711
354719
354749
354787
354808
354820
354822
354824
354828
354872
354874
354884
354918
354918
354932
354934
354938
354940
354950
354964
355001
355018
355019
355026
355043
355117
355134
355134
355159
355167
355181
355192
355204
355214
355217
355226
355277
355324
355332
355351
355358
355382
355386
355416
355434
355436
355441
355519
355541
355612
355651
355678
355680
355695
355721
355726
355788
355791
355796
355809
355833
355835
355836
355849
355893
355898
355907
355949
355954
355958
355959
355972
355987
356015
356039
356085
356134
356141
356146
356148
356191
356203
356286
356300
356358
356412
356420
356424
356435
356450
356479
356513
356551
356570
356574
356628
356654
356688
356693
356728
356748
356749
356754
356779
356826
356859
356873
356878
356889
356923
356947
356965
357016
357089
357093
357124
357131
357151
357164
357165
357169
357206
357229
357232
357233
357235
357263
357279
357295
357305
357363
357432
357449
357489
357492
357502
357514
357565
357572
357602
357646
357656
357676
357694
357725
357736
357760
357769
357786
357792
357794
357809
357829
357837
357843
357843
357849
357878
357880
357884
357892
357910
357915
357937
357940
357945
357953
357966
357983
358029
358048
358066
358069
358146
358150
358174
358193
358195
358258
358304
358314
358316
358321
358333
358349
358359
358364
358372
358383
358384
358390
358401
358402
358417
358485
358506
358520
358527
358551
358560
358584
358612
358659
358703
358726
358730
358752
358799
358822
358851
358873
358912
358923
358942
358944
358955
358990
358996
359049
359065
359075
359076
359089
359106
359106
359113
359120
359122
359139
359151
359178
359178
359194
359223
359228
359229
359235
359238
359250
359340
359348
359420
359449
359476
359483
359497
359532
359546
359549
359558
359558
359589
359673
359678
359695
359718
359745
359750
359767
359810
359845
359862
359881
359913
359934
359949
359955
359981
360013
360021
360048
360050
360070
360072
360076
360118
360122
360125
360145
360150
360165
360167
360215
360223
360238
360271
360278
360288
360293
360314
360352
360368
360373
360476
360478
360486
360542
360556
360567
360567
360569
360592
360594
360636
360638
360640
360648
360655
360663
360704
360742
360743
360760
360764
360776
360817
360826
360833
360892
360900
360956
360961
361020
361027
361028
361065
361086
361122
361148
361149
361194
361207
361228
361284
361296
361324
361374
361400
361473
361526
361541
361544
361559
361571
361611
361614
361643
361655
361666
361674
361676
361683
361685
361694
361698
361779
361786
361813
361915
361928
361937
361948
361953
361955
361966
362035
362053
362057
362088
362098
362106
362130
362161
362168
362177
362183
362193
362205
362214
362222
362233
362244
362276
362277
362283
362315
362320
362325
362336
362357
362366
362405
362406
362422
362435
362438
362451
362460
362471
362477
362484
362492
362513
362541
362579
362599
362607
362626
362639
362661
362701
362737
362765
362777
362829
362855
362857
362865
362877
362887
362899
362914
362948
362950
362962
362966
362968
363026
363028
363030
363074
363128
363164
363179
363188
363191
363196
363207
363224
363232
363290
363338
363351
363488
363503
363506
363551
363570
363593
363600
363652
363673
363680
363686
363699
363800
363821
363822
363827
363846
363847
363849
363870
363874
363903
363914
363940
363946
363952
363961
363987
363996
363998
364016
364023
364054
364061
364067
364096
364113
364118
364135
364143
364143
364151
364187
364198
364210
364246
364256
364290
364292
364293
364297
364304
364306
364308
364339
364342
364343
364347
364397
364398
364432
364441
364481
364495
364553
364555
364583
364583
364586
364590
364595
364605
364666
364722
364750
364751
364755
364765
364803
364807
364807
364855
364882
364885
364889
364893
364938
364952
365047
365052
365076
365097
365129
365130
365132
365208
365208
365227
365239
365246
365252
365263
365273
365273
365335
365338
365401
365498
365498
365509
365516
365517
365525
365587
365607
365612
365615
365682
365692
365717
365733
365745
365751
365800
365804
365844
365847
365852
365853
365872
365923
365924
365925
365948
365964
365988
366009
366014
366034
366054
366055
366064
366067
366077
366118
366146
366157
366164
366165
366168
366212
366245
366247
366251
366273
366273
366299
366300
366302
366316
366335
366337
366374
366390
366398
366459
366463
366463
366507
366582
366684
366709
366744
366753
366758
366769
366773
366779
366782
366798
366811
366813
366818
366829
366851
366880
366881
366887
366895
366895
366902
366915
366922
366922
366935
366998
367009
367053
367077
367080
367098
367153
367167
367203
367241
367252
367270
367298
367328
367331
367335
367458
367462
367488
367493
367514
367518
367542
367545
367560
367575
367638
367701
367703
367703
367721
367754
367761
367805
367809
367814
367821
367828
367856
367866
367879
367934
367936
367955
367973
367974
367974
367998
367999
368014
368063
368077
368082
368124
368167
368177
368304
368307
368320
368321
368338
368346
368423
368448
368470
368470
368504
368522
368527
368528
368544
368547
368572
368669
368684
368698
368703
368711
368733
368746
368749
368757
368764
368818
368831
368832
368841
368847
368867
368885
368887
368920
368995
369055
369086
369137
369141
369194
369208
369214
369265
369294
369325
369336
369357
369456
369474
369476
369506
369519
369521
369540
369602
369614
369655
369656
369663
369671
369684
369716
369722
369728
369752
369757
369758
369767
369805
369851
369855
369956
369974
370038
370051
370059
370075
370120
370217
370225
370235
370249
370250
370271
370302
370372
370372
370377
370397
370414
370440
370462
370465
370472
370480
370480
370487
370528
370528
370543
370555
370564
370614
370621
370626
370694
370697
370702
370711
370713
370716
370723
370763
370764
370792
370816
370830
370846
370885
370900
370931
370960
370976
371022
371033
371046
371046
371068
371079
371098
371110
371111
371119
371154
371190
371228
371254
371260
371261
371290
371295
371305
371330
371338
371358
371384
371434
371456
371464
371486
371490
371493
371505
371516
371526
371528
371541
371543
371560
371575
371585
371622
371626
371644
371680
371783
371788
371801
371815
371817
371828
371834
371844
371845
371848
371855
371858
371861
371889
371889
371926
371928
371934
371986
372013
372033
372034
372039
372056
372059
372097
372119
372133
372138
372140
372194
372245
372257
372293
372311
372342
372355
372365
372382
372386
372496
372497
372497
372506
372526
372541
372550
372580
372584
372607
372614
372641
372664
372665
372679
372694
372695
372705
372707
372720
372724
372766
372798
372831
372859
372862
372862
372914
372914
372939
372951
372955
372968
372994
372997
373025
373078
373079
373081
373083
373093
373132
373143
373175
373213
373215
373219
373232
373289
373293
373307
373329
373436
373450
373453
373467
373476
373478
373486
373536
373549
373553
373655
373671
373684
373691
373698
373714
373718
373815
373817
373868
373876
373895
373939
373997
374029
374032
374063
374075
374095
374125
374154
374163
374175
374228
374246
374272
374288
374310
374312
374399
374408
374424
374440
374468
374468
374506
374529
374533
374545
374550
374553
374563
374576
374596
374600
374611
374615
374644
374653
374660
374673
374680
374690
374755
374759
374772
374774
374856
374859
374860
374863
374864
374906
374911
374955
374964
374983
375038
375077
375089
375129
375172
375200
375213
375218
375221
375255
375256
375291
375304
375308
375345
375386
375400
375415
375419
375437
375480
375481
375500
375524
375526
375563
375573
375581
375593
375597
375625
375627
375627
375635
375648
375649
375693
375706
375706
375728
375739
375779
375785
375789
375791
375821
375836
375837
375864
375867
375894
375905
375913
375923
375963
375965
375969
375972
375987
375992
375992
376011
376036
376067
376072
376072
376085
376111
376142
376177
376194
376216
376232
376244
376260
376261
376267
376271
376280
376291
376298
376342
376359
376368
376433
376482
376537
376560
376578
376584
376594
376604
376613
376618
376634
376640
376673
376704
376724
376748
376753
376760
376762
376805
376837
376848
376867
376878
376897
376931
377044
377081
377101
377103
377136
377143
377204
377205
377225
377236
377278
377286
377301
377303
377305
377371
377376
377399
377400
377418
377429
377438
377477
377479
377493
377500
377518
377539
377544
377550
377551
377556
377597
377600
377605
377608
377706
377707
377727
377751
377757
377807
377822
377920
377964
377981
377992
378003
378030
378037
378059
378068
378089
378090
378117
378118
378133
378153
378161
378182
378204
378207
378212
378243
378268
378296
378328
378346
378350
378350
378362
378365
378388
378394
378440
378449
378480
378486
378492
378529
378548
378585
378586
378656
378674
378681
378687
378699
378703
378716
378721
378740
378771
378780
378836
378853
378880
378888
378889
378939
378940
378950
378964
378979
378992
378994
378995
379001
379030
379035
379044
379065
379084
379090
379093
379101
379105
379141
379160
379203
379205
379212
379220
379233
379237
379274
379300
379309
379329
379396
379401
379403
379418
379426
379439
379444
379604
379630
379671
379729
379735
379749
379775
379802
379817
379851
379852
379853
379854
379857
379913
379933
379959
380002
380004
380025
380042
380046
380051
380121
380135
380191
380199
380256
380265
380271
380276
380296
380340
380352
380385
380409
380416
380436
380462
380523
380575
380582
380590
380616
380630
380654
380655
380657
380661
380707
380713
380724
380733
380800
380803
380820
380830
380839
380845
380856
380876
380918
380948
380958
380959
381004
381052
381056
381063
381071
381149
381188
381189
381210
381227
381236
381254
381258
381277
381360
381385
381400
381401
381427
381429
381437
381438
381440
381449
381452
381474
381479
381487
381520
381534
381535
381544
381550
381557
381559
381602
381609
381650
381659
381671
381672
381698
381708
381729
381755
381770
381827
381844
381851
381852
381864
381892
381919
381923
382118
382140
382145
382145
382146
382196
382199
382201
382224
382227
382235
382235
382261
382264
382301
382411
382414
382470
382495
382498
382501
382502
382505
382526
382552
382576
382604
382666
382667
382672
382673
382673
382679
382681
382703
382711
382716
382756
382829
382848
382858
382901
382903
382920
382940
383003
383038
383041
383067
383071
383092
383106
383113
383133
383139
383158
383188
383200
383251
383265
383292
383306
383332
383356
383379
383388
383388
383404
383469
383511
383531
383582
383595
383626
383627
383664
383683
383699
383703
383725
383744
383782
383882
383893
383899
383921
383923
383936
383946
383960
383966
383973
384007
384008
384023
384033
384033
384034
384039
384079
384104
384105
384109
384118
384147
384166
384169
384212
384246
384358
384378
384397
384455
384488
384491
384497
384513
384518
384587
384606
384625
384629
384650
384670
384696
384731
384819
384850
384898
384938
384964
384980
384997
385042
385042
385097
385100
385117
385155
385213
385222
385223
385234
385235
385246
385248
385267
385290
385308
385333
385337
385337
385349
385360
385366
385480
385492
385512
385541
385566
385593
385607
385618
385618
385642
385649
385654
385655
385664
385667
385686
385696
385699
385702
385707
385720
385721
385812
385813
385827
385851
385873
385883
385911
385913
385945
385957
385978
386005
386009
386014
386016
386033
386095
386109
386109
386128
386138
386163
386212
386260
386262
386292
386336
386376
386387
386390
386398
386400
386401
386413
386418
386423
386445
386493
386511
386563
386565
386567
386570
386579
386583
386665
386675
386678
386699
386701
386702
386710
386728
386754
386779
386791
386805
386818
386823
386825
386870
386872
386882
386902
386910
386938
386949
386957
386979
386979
386992
386996
387076
387081
387081
387119
387120
387133
387154
387186
387189
387196
387264
387313
387327
387349
387358
387369
387406
387407
387411
387456
387489
387489
387522
387560
387568
387569
387575
387601
387603
387613
387616
387616
387624
387638
387662
387673
387679
387694
387716
387721
387732
387734
387750
387888
387892
387906
387910
387937
387938
387945
387978
387979
387987
387988
388006
388037
388048
388063
388074
388110
388178
388193
388197
388205
388209
388211
388242
388246
388372
388397
388413
388434
388459
388474
388477
388488
388549
388549
388551
388556
388612
388614
388620
388652
388660
388678
388683
388706
388741
388745
388763
388770
388801
388807
388869
388873
388902
388910
388990
389007
389016
389016
389065
389097
389099
389111
389170
389184
389230
389234
389240
389241
389254
389267
389288
389305
389317
389340
389417
389447
389450
389468
389489
389536
389567
389572
389590
389605
389636
389638
389655
389671
389705
389711
389737
389772
389774
389820
389843
389872
389893
389914
389971
389974
389985
390003
390016
390024
390030
390063
390089
390100
390129
390153
390162
390170
390177
390177
390183
390197
390206
390222
390253
390275
390293
390325
390328
390396
390419
390475
390477
390481
390556
390561
390569
390599
390602
390631
390645
390658
390698
390706
390768
390773
390780
390788
390813
390838
390868
390873
390896
390913
390914
390930
390932
390932
390949
390973
391016
391027
391047
391056
391064
391083
391090
391097
391142
391153
391158
391161
391161
391173
391187
391199
391209
391212
391304
391324
391416
391422
391422
391426
391456
391460
391487
391493
391527
391536
391556
391585
391589
391591
391598
391600
391603
391607
391610
391628
391662
391674
391684
391709
391737
391804
391834
391847
391856
391877
391883
391912
391926
391928
391931
391956
392001
392017
392019
392050
392104
392110
392129
392149
392153
392198
392253
392254
392257
392282
392292
392301
392360
392376
392377
392379
392381
392384
392443
392453
392458
392469
392477
392486
392544
392609
392642
392649
392671
392725
392726
392739
392896
392904
392916
392928
392938
392944
392947
392989
392996
393054
393061
393104
393117
393180
393197
393206
393207
393208
393228
393245
393295
393352
393375
393386
393392
393398
393407
393413
393423
393463
393480
393501
393540
393559
393628
393641
393652
393657
393665
393682
393741
393767
393801
393806
393807
393828
393830
393846
393851
393853
393893
393912
393952
393955
394042
394062
394070
394087
394101
394103
394110
394127
394129
394135
394144
394158
394219
394226
394242
394271
394332
394351
394352
394369
394398
394407
394440
394443
394452
394456
394466
394477
394492
394504
394513
394517
394536
394539
394589
394593
394599
394620
394635
394660
394672
394693
394704
394735
394740
394775
394807
394808
394809
394823
394829
394830
394865
394933
394941
394948
394985
395046
395090
395099
395101
395105
395113
395127
395133
395152
395156
395158
395159
395187
395251
395272
395330
395337
395384
395390
395404
395406
395408
395411
395421
395434
395450
395484
395528
395547
395557
395562
395647
395660
395705
395707
395778
395807
395810
395830
395836
395844
395849
395861
395963
395977
395997
396002
396020
396027
396088
396089
396125
396190
396200
396235
396237
396251
396253
396309
396317
396335
396366
396368
396377
396386
396401
396413
396415
396421
396445
396448
396524
396551
396554
396558
396563
396598
396629
396632
396668
396673
396695
396702
396756
396805
396843
396879
396880
396895
396899
396918
396923
396944
396965
397014
397035
397047
397063
397064
397066
397093
397106
397117
397123
397129
397159
397174
397198
397209
397235
397235
397248
397284
397340
397355
397374
397379
397383
397404
397420
397435
397448
397460
397499
397512
397515
397522
397559
397568
397613
397634
397639
397655
397658
397678
397687
397703
397704
397739
397740
397756
397757
397815
397837
397866
397867
397878
397890
397890
397902
397917
397940
397967
397972
397983
397985
398010
398018
398029
398038
398056
398074
398116
398133
398141
398149
398212
398213
398224
398357
398379
398410
398410
398447
398495
398504
398533
398545
398558
398571
398583
398610
398658
398708
398724
398759
398759
398761
398796
398813
398816
398833
398846
398846
398862
398935
398939
398991
398992
399030
399046
399062
399065
399081
399092
399102
399104
399105
399110
399111
399149
399178
399208
399209
399218
399234
399319
399380
399396
399443
399453
399463
399487
399499
399507
399512
399541
399559
399564
399574
399578
399579
399587
399620
399627
399634
399669
399676
399683
399683
399702
399709
399754
399760
399778
399800
399916
399922
399940
400001
400076
400100
400132
400155
400172
400179
400223
400227
400245
400246
400256
400305
400308
400313
400316
400362
400500
400507
400551
400613
400619
400644
400671
400673
400702
400710
400719
400730
400763
400785
400801
400815
400817
400845
400876
400886
400893
400898
400906
400922
400935
400939
400965
400977
400989
400994
401029
401047
401080
401102
401108
401109
401121
401128
401148
401148
401171
401194
401217
401229
401230
401236
401256
401307
401310
401320
401325
401350
401353
401386
401402
401411
401415
401427
401477
401541
401551
401556
401568
401612
401639
401647
401658
401710
401725
401738
401742
401745
401761
401766
401820
401862
401867
401945
401958
401960
401977
401979
401997
402006
402007
402046
402052
402082
402130
402138
402182
402197
402234
402257
402260
402284
402286
402330
402358
402364
402373
402376
402429
402457
402464
402478
402482
402485
402487
402503
402515
402543
402626
402627
402641
402643
402656
402657
402679
402681
402765
402773
402798
402823
402841
402855
402864
402867
402869
402884
402884
402917
402928
402950
403046
403082
403083
403121
403129
403136
403145
403179
403185
403192
403217
403219
403227
403243
403249
403297
403298
403299
403309
403310
403330
403370
403372
403389
403393
403399
403408
403510
403517
403518
403562
403578
403583
403620
403633
403687
403713
403719
403733
403788
403826
403828
403831
403834
403855
403855
403926
403972
403975
404032
404036
404055
404062
404164
404181
404198
404286
404330
404334
404344
404396
404407
404423
404428
404435
404453
404470
404495
404515
404522
404531
404533
404579
404610
404703
404719
404723
404738
404744
404744
404767
404795
404797
404820
404838
404879
404903
404922
404939
404990
405014
405014
405040
405066
405087
405089
405109
405123
405128
405176
405281
405287
405312
405339
405378
405400
405412
405424
405433
405458
405476
405478
405547
405595
405641
405682
405683
405684
405685
405708
405710
405713
405722
405722
405732
405751
405765
405766
405781
405786
405797
405915
405938
405943
405962
406020
406035
406054
406063
406077
406085
406092
406139
406154
406196
406247
406248
406307
406310
406328
406341
406351
406390
406409
406424
406426
406426
406432
406435
406443
406457
406513
406532
406543
406563
406579
406602
406607
406653
406662
406665
406681
406723
406749
406752
406828
406834
406844
406846
406847
406854
406925
406928
406953
406955
406964
406976
406977
407018
407025
407064
407074
407090
407096
407102
407114
407121
407142
407169
407241
407256
407274
407290
407292
407296
407308
407309
407312
407316
407318
407319
407326
407344
407392
407420
407425
407459
407475
407488
407494
407511
407518
407530
407595
407601
407624
407627
407627
407627
407628
407632
407640
407649
407650
407693
407710
407716
407772
407778
407787
407847
407854
407862
407924
407935
407965
407977
408005
408005
408011
408012
408026
408037
408042
408072
408093
408154
408186
408194
408208
408211
408223
408329
408331
408351
408372
408425
408425
408432
408438
408476
408494
408513
408515
408543
408550
408563
408569
408587
408594
408640
408663
408665
408667
408678
408708
408715
408730
408746
408773
408810
408822
408832
408841
408871
408894
408943
408943
408970
408972
408978
409022
409023
409049
409050
409079
409132
409138
409142
409149
409160
409200
409219
409232
409242
409273
409278
409279
409289
409304
409306
409307
409333
409334
409339
409342
409424
409433
409450
409474
409534
409534
409545
409561
409640
409642
409667
409674
409680
409689
409689
409708
409710
409710
409732
409740
409743
409782
409787
409812
409831
409853
409864
409889
409910
409916
409986
410000
410031
410084
410175
410207
410222
410255
410263
410263
410282
410289
410325
410341
410380
410447
410456
410480
410491
410507
410512
410518
410557
410573
410587
410607
410655
410677
410680
410685
410698
410745
410754
410756
410787
410807
410839
410852
410868
410871
410871
410893
410893
410963
410963
410963
410981
410983
411016
411032
411038
411042
411044
411047
411050
411071
411120
411122
411155
411176
411184
411202
411212
411229
411271
411292
411310
411320
411334
411352
411383
411403
411409
411472
411488
411500
411505
411506
411517
411577
411584
411588
411597
411616
411625
411675
411684
411688
411700
411701
411702
411719
411727
411728
411729
411761
411787
411813
411843
411844
411846
411878
411889
411891
411894
411924
411974
411998
412000
412056
412067
412125
412144
412182
412182
412188
412210
412229
412243
412254
412256
412258
412294
412334
412347
412372
412375
412402
412403
412430
412439
412457
412460
412484
412486
412495
412499
412532
412539
412582
412621
412640
412658
412687
412729
412732
412757
412760
412761
412762
412776
412803
412811
412846
412847
412896
412910
412989
413002
413062
413073
413088
413229
413234
413239
413308
413310
413329
413337
413345
413353
413366
413370
413401
413408
413433
413440
413446
413450
413460
413465
413471
413490
413509
413556
413605
413646
413683
413688
413709
413711
413723
413740
413768
413779
413780
413805
413815
413855
413883
413891
413897
413933
413957
413960
413999
414005
414024
414039
414059
414061
414081
414106
414116
414130
414182
414203
414247
414273
414275
414291
414301
414303
414307
414313
414320
414326
414339
414341
414348
414351
414375
414390
414402
414419
414420
414420
414423
414431
414446
414480
414494
414516
414558
414569
414573
414576
414577
414603
414614
414638
414642
414672
414686
414691
414691
414702
414703
414714
414716
414718
414719
414752
414754
414771
414786
414798
414847
414866
414878
414901
414903
414915
414915
414956
414968
414975
414978
414998
415003
415040
415088
415113
415167
415197
415234
415248
415283
415296
415301
415307
415317
415332
415370
415384
415449
415479
415546
415552
415570
415588
415593
415632
415696
415714
415731
415733
415761
415761
415798
415801
415877
415891
415891
415891
415901
415918
415923
415949
415962
415963
415964
416004
416006
416028
416029
416029
416047
416096
416129
416142
416143
416165
416168
416186
416231
416259
416279
416289
416303
416304
416385
416389
416421
416427
416429
416432
416470
416471
416518
416520
416524
416528
416529
416540
416541
416559
416594
416596
416621
416638
416648
416727
416740
416750
416755
416756
416761
416767
416773
416798
416851
416856
416860
416880
416895
416902
416911
416921
416924
416930
416931
416968
416974
416996
417003
417022
417026
417031
417073
417086
417115
417116
417142
417143
417166
417296
417331
417339
417359
417373
417384
417397
417440
417452
417454
417457
417461
417470
417480
417483
417486
417497
417505
417553
417574
417639
417670
417674
417699
417703
417708
417711
417763
417768
417776
417779
417805
417827
417835
417880
417895
417908
417925
417934
417938
417958
417959
417973
417973
417992
417996
418028
418033
418043
418046
418051
418109
418112
418155
418179
418220
418247
418276
418286
418340
418391
418413
418438
418450
418453
418456
418483
418491
418498
418584
418601
418636
418644
418676
418699
418720
418723
418727
418739
418758
418825
418837
418934
418941
418952
418961
419002
419007
419014
419023
419031
419033
419073
419082
419102
419118
419125
419134
419137
419142
419152
419170
419194
419208
419215
419215
419236
419266
419288
419307
419321
419333
419337
419341
419348
419392
419428
419456
419467
419496
419498
419522
419527
419591
419613
419630
419682
419698
419712
419734
419748
419754
419761
419765
419785
419786
419789
419798
419809
419815
419823
419845
419853
419896
419910
419922
419922
419954
419967
420011
420018
420021
420045
420046
420048
420085
420089
420097
420098
420102
420123
420141
420152
420176
420212
420278
420287
420296
420304
420346
420358
420369
420388
420410
420418
420426
420451
420501
420519
420536
420540
420582
420597
420623
420624
420637
420648
420655
420672
420730
420748
420755
420785
420790
420814
420853
420862
420875
420879
420897
420905
420909
420916
420930
420942
420976
420984
420997
421005
421028
421086
421089
421091
421100
421108
421128
421146
421200
421211
421219
421220
421261
421323
421331
421346
421358
421359
421384
421405
421415
421418
421460
421467
421467
421493
421513
421520
421547
421555
421571
421581
421618
421623
421649
421673
421742
421749
421762
421781
421792
421805
421826
421836
421870
421874
421882
421913
421932
421934
421969
421972
421977
421978
421981
421988
422012
422040
422042
422139
422150
422152
422162
422162
422205
422234
422253
422255
422284
422288
422318
422351
422367
422374
422381
422394
422397
422406
422438
422442
422449
422457
422457
422474
422480
422506
422511
422527
422551
422597
422613
422632
422635
422696
422702
422706
422729
422751
422814
422821
422853
422876
422901
422934
422965
422983
422988
423061
423069
423086
423091
423103
423136
423173
423201
423203
423216
423223
423225
423228
423245
423267
423279
423280
423309
423336
423405
423407
423413
423526
423532
423632
423634
423644
423654
423674
423678
423725
423726
423749
423761
423777
423780
423790
423793
423920
423943
423950
423988
423995
424001
424034
424039
424042
424062
424083
424110
424111
424131
424140
424206
424245
424255
424274
424276
424282
424289
424312
424322
424336
424365
424391
424405
424417
424419
424429
424443
424474
424478
424538
424539
424552
424557
424564
424595
424596
424610
424652
424671
424681
424682
424695
424730
424737
424742
424751
424773
424813
424826
424846
424858
424896
424903
424910
424925
424929
424934
424966
424990
424996
425009
425025
425085
425116
425128
425150
425192
425195
425245
425270
425335
425349
425350
425359
425382
425418
425441
425446
425466
425495
425515
425539
425558
425565
425575
425600
425601
425636
425648
425665
425668
425731
425740
425768
425820
425835
425843
425871
425875
425878
425955
425966
425967
425997
425998
426017
426023
426027
426063
426106
426114
426133
426155
426197
426204
426227
426240
426266
426285
426299
426317
426376
426397
426407
426410
426437
426454
426469
426545
426573
426576
426604
426615
426620
426625
426632
426641
426662
426677
426684
426716
426731
426741
426750
426762
426770
426774
426784
426857
426874
426880
426894
426901
426912
426929
426946
426979
427008
427011
427087
427111
427130
427138
427144
427160
427160
427179
427184
427191
427231
427237
427240
427260
427314
427327
427351
427372
427417
427455
427467
427479
427481
427486
427493
427511
427546
427548
427566
427645
427650
427655
427676
427681
427683
427684
427685
427710
427721
427754
427806
427834
427839
427839
427846
427865
427925
427953
427956
428003
428020
428023
428037
428045
428056
428078
428102
428109
428113
428140
428141
428145
428146
428162
428163
428165
428173
428191
428204
428205
428221
428274
428308
428354
428361
428416
428437
428470
428490
428491
428498
428543
428546
428559
428582
428585
428592
428610
428654
428674
428681
428706
428737
428742
428770
428785
428795
428871
428920
428945
428956
428959
428982
428984
429006
429021
429059
429085
429128
429161
429172
429222
429259
429264
429465
429473
429486
429511
429531
429538
429555
429581
429587
429594
429598
429607
429650
429653
429653
429657
429702
429711
429718
429763
429786
429797
429799
429805
429813
429824
429830
429848
429902
429953
429983
430019
430025
430095
430098
430164
430192
430194
430198
430215
430223
430234
430330
430351
430380
430390
430422
430436
430446
430470
430491
430500
430508
430513
430534
430557
430571
430607
430636
430637
430640
430653
430660
430666
430675
430689
430700
430700
430751
430774
430857
430879
430912
430913
430927
430951
430959
430968
430972
430991
431004
431012
431025
431038
431050
431053
431075
431153
431166
431178
431181
431209
431217
431221
431223
431236
431237
431242
431254
431271
431274
431278
431279
431297
431308
431320
431348
431373
431381
431384
431413
431433
431443
431453
431455
431517
431529
431532
431535
431555
431571
431598
431602
431618
431625
431640
431672
431689
431695
431704
431707
431711
431753
431764
431786
431822
431849
431849
431937
431940
432000
432002
432012
432027
432039
432063
432071
432150
432170
432173
432199
432217
432230
432233
432245
432268
432292
432306
432338
432345
432360
432416
432440
432453
432456
432467
432477
432485
432498
432500
432538
432541
432578
432586
432616
432628
432680
432740
432747
432773
432778
432807
432819
432824
432832
432850
432875
432896
432907
432915
432915
432919
432924
432926
432967
433017
433021
433044
433100
433101
433140
433168
433185
433199
433286
433306
433310
433312
433397
433478
433511
433528
433543
433565
433682
433703
433705
433710
433718
433722
433728
433728
433757
433787
433804
433813
433822
433826
433838
433884
433884
433899
433901
433940
433957
433963
433970
433975
434037
434071
434096
434168
434169
434177
434197
434203
434222
434223
434252
434255
434269
434285
434296
434297
434303
434305
434312
434378
434378
434398
434402
434405
434417
434457
434504
434528
434529
434532
434544
434552
434571
434623
434702
434718
434719
434725
434728
434729
434734
434755
434780
434813
434816
434817
434873
434884
434907
434922
434950
434960
434965
435022
435040
435077
435089
435095
435095
435105
435116
435152
435187
435188
435215
435249
435261
435272
435278
435294
435311
435323
435328
435342
435346
435352
435384
435388
435391
435403
435408
435468
435478
435508
435509
435602
435634
435647
435649
435666
435674
435688
435692
435697
435712
435778
435779
435785
435788
435795
435820
435849
435867
435868
435908
435957
435966
435981
435990
436032
436036
436041
436086
436103
436120
436157
436252
436285
436306
436317
436323
436334
436335
436346
436355
436401
436414
436419
436424
436458
436460
436465
436481
436495
436501
436550
436559
436570
436627
436640
436642
436652
436659
436669
436679
436684
436692
436713
436728
436756
436760
436762
436771
436777
436788
436801
436809
436838
436852
436912
436930
436951
436967
436988
437020
437023
437057
437157
437199
437211
437310
437322
437334
437354
437358
437397
437427
437427
437452
437477
437515
437530
437538
437601
437605
437638
437643
437647
437679
437684
437728
437787
437792
437811
437820
437822
437824
437956
437972
437983
437988
437997
438012
438041
438044
438050
438139
438148
438161
438163
438176
438203
438221
438249
438256
438260
438263
438279
438280
438282
438321
438321
438325
438368
438391
438393
438424
438426
438449
438464
438474
438477
438508
438517
438519
438569
438592
438624
438658
438667
438673
438685
438709
438717
438735
438746
438758
438776
438861
438880
438907
438910
438913
438913
438914
438921
438948
438983
438992
438993
439014
439027
439035
439040
439052
439082
439109
439134
439149
439176
439178
439183
439192
439206
439212
439252
439260
439270
439275
439287
439327
439329
439367
439374
439450
439469
439475
439483
439496
439504
439517
439525
439537
439537
439543
439544
439572
439633
439640
439642
439653
439669
439671
439676
439722
439789
439797
439818
439833
439871
439885
439901
439970
439973
439992
440033
440036
440038
440053
440064
440072
440114
440132
440145
440163
440194
440232
440244
440278
440284
440314
440328
440361
440415
440433
440433
440462
440473
440479
440480
440481
440495
440524
440539
440597
440626
440680
440684
440696
440703
440704
440721
440732
440775
440789
440792
440831
440878
440901
440912
440918
440943
440951
440967
440982
441001
441036
441040
441048
441078
441107
441144
441149
441157
441162
441164
441190
441215
441217
441224
441257
441265
441265
441297
441334
441451
441456
441463
441496
441511
441526
441549
441558
441562
441579
441600
441619
441657
441663
441670
441671
441696
441721
441736
441740
441833
441846
441849
441870
441892
441907
441907
441936
441954
441969
442002
442003
442004
442009
442033
442046
442047
442055
442085
442121
442123
442158
442176
442181
442185
442202
442226
442271
442334
442362
442369
442412
442420
442441
442441
442451
442458
442498
442534
442539
442575
442591
442611
442616
442631
442640
442660
442710
442720
442732
442766
442810
442832
442868
442882
442912
442961
442972
443029
443037
443039
443045
443049
443079
443151
443182
443202
443247
443269
443269
443296
443348
443371
443384
443386
443395
443404
443427
443480
443530
443549
443550
443569
443598
443601
443612
443633
443687
443722
443736
443757
443780
443803
443803
443878
443900
443935
443947
443958
443959
443984
443986
444007
444023
444043
444067
444068
444085
444088
444102
444112
444127
444170
444200
444214
444216
444264
444277
444280
444304
444306
444324
444353
444356
444368
444373
444384
444401
444412
444415
444420
444421
444436
444438
444446
444454
444511
444550
444581
444605
444683
444706
444709
444738
444749
444765
444765
444776
444816
444832
444833
444843
444889
444904
444919
444988
445003
445020
445020
445030
445099
445114
445122
445173
445179
445208
445209
445214
445219
445220
445244
445266
445286
445296
445300
445342
445353
445364
445391
445437
445454
445521
445596
445639
445692
445707
445725
445746
445773
445777
445812
445829
445835
445893
445896
445897
445915
445929
445939
445940
445944
445952
445977
446003
446010
446025
446025
446076
446078
446118
446143
446149
446158
446212
446240
446244
446271
446272
446288
446300
446371
446388
446394
446430
446444
446447
446449
446481
446501
446516
446551
446614
446647
446706
446717
446732
446745
446764
446767
446800
446835
446877
446879
446880
446891
446933
446939
446998
447066
447070
447090
447121
447169
447182
447185
447222
447231
447254
447260
447260
447282
447292
447296
447307
447313
447330
447338
447385
447398
447412
447424
447441
447443
447506
447556
447575
447585
447587
447605
447624
447689
447728
447737
447762
447765
447793
447813
447861
447877
447878
447913
447925
447958
447959
447979
447987
448000
448006
448035
448038
448054
448078
448085
448086
448089
448100
448131
448138
448147
448148
448168
448200
448227
448229
448241
448252
448258
448316
448356
448360
448374
448462
448469
448474
448502
448554
448557
448561
448568
448597
448621
448624
448627
448637
448638
448658
448666
448678
448689
448704
448742
448744
448771
448787
448789
448793
448805
448825
448853
448878
448883
448895
448912
448915
448928
448952
448973
448987
448991
448991
448995
449027
449030
449030
449076
449092
449103
449124
449132
449148
449173
449224
449227
449249
449314
449331
449332
449344
449390
449402
449419
449428
449447
449459
449497
449509
449521
449529
449544
449548
449559
449560
449568
449587
449590
449593
449605
449608
449638
449657
449667
449673
449690
449690
449692
449704
449717
449718
449747
449761
449775
449787
449790
449797
449808
449821
449920
449925
449959
449962
450003
450004
450004
450033
450040
450041
450041
450063
450068
450118
450139
450161
450189
450217
450242
450242
450254
450295
450317
450337
450352
450354
450358
450374
450398
450429
450439
450450
450485
450542
450559
450575
450586
450589
450604
450612
450620
450652
450667
450668
450728
450736
450748
450755
450764
450798
450823
450840
450865
450924
450925
450931
450951
450958
450990
450995
451004
451074
451100
451119
451125
451130
451136
451143
451183
451231
451302
451310
451320
451329
451338
451368
451392
451418
451443
451463
451464
451489
451507
451516
451528
451540
451549
451550
451564
451574
451588
451625
451712
451720
451725
451736
451745
451765
451765
451766
451770
451774
451783
451792
451857
451860
451861
451866
451975
451975
451980
452005
452007
452025
452037
452113
452119
452125
452127
452129
452130
452131
452167
452176
452178
452186
452274
452289
452333
452407
452425
452431
452433
452437
452468
452485
452492
452494
452510
452537
452537
452554
452557
452615
452619
452682
452730
452744
452749
452752
452755
452773
452798
452813
452850
452851
452870
452925
452941
452965
452983
452985
452998
453006
453042
453054
453058
453061
453086
453110
453116
453147
453165
453190
453207
453220
453277
453285
453323
453352
453385
453392
453399
453422
453433
453459
453473
453493
453495
453495
453529
453612
453632
453713
453734
453761
453769
453786
453867
453867
453868
453879
453917
453932
453937
453940
454001
454004
454052
454066
454130
454196
454197
454197
454268
454272
454273
454323
454355
454402
454412
454424
454448
454460
454524
454525
454557
454572
454604
454607
454617
454619
454627
454631
454640
454643
454707
454710
454743
454748
454768
454798
454841
454881
454901
454921
454936
454964
454982
455007
455012
455024
455038
455045
455057
455085
455108
455128
455133
455139
455145
455154
455188
455204
455256
455265
455276
455282
455310
455355
455370
455371
455371
455382
455383
455403
455426
455447
455476
455483
455499
455558
455584
455620
455630
455693
455695
455710
455727
455765
455772
455809
455811
455863
455898
455904
455912
455918
455923
455957
455957
455962
455971
455975
455984
456051
456059
456091
456094
456099
456123
456129
456159
456166
456202
456222
456222
456234
456252
456298
456309
456322
456348
456353
456356
456358
456384
456388
456405
456432
456434
456471
456484
456525
456542
456584
456612
456630
456637
456638
456681
456709
456733
456736
456863
456903
456922
456924
456943
456957
456996
456999
457008
457010
457038
457044
457053
457063
457093
457163
457171
457173
457223
457241
457254
457255
457278
457298
457327
457333
457349
457386
457389
457465
457474
457475
457500
457516
457518
457548
457552
457553
457557
457600
457614
457617
457624
457669
457670
457690
457707
457746
457754
457765
457773
457788
457809
457821
457834
457834
457843
457851
457866
457885
457886
457894
457941
457944
457948
457979
458005
458041
458051
458083
458097
458099
458121
458155
458169
458199
458208
458213
458223
458243
458275
458297
458303
458323
458354
458373
458375
458381
458409
458445
458495
458497
458517
458603
458630
458631
458642
458669
458717
458729
458780
458831
458836
458848
458897
458899
458932
458939
458941
458995
459028
459040
459059
459060
459080
459080
459081
459082
459090
459091
459097
459111
459164
459165
459179
459181
459226
459246
459252
459263
459274
459352
459358
459368
459500
459501
459520
459529
459546
459549
459551
459556
459556
459559
459563
459600
459602
459610
459617
459645
459666
459681
459728
459729
459749
459753
459774
459775
459798
459820
459867
459929
459935
459974
460029
460030
460042
460079
460118
460144
460151
460162
460179
460199
460212
460239
460240
460298
460320
460352
460374
460397
460400
460490
460496
460520
460533
460545
460559
460578
460590
460600
460650
460695
460731
460751
460764
460765
460773
460792
460813
460858
460897
460953
460966
460968
460973
460988
460991
461013
461059
461067
461093
461099
461114
461116
461135
461157
461180
461195
461199
461200
461204
461233
461238
461278
461293
461305
461312
461333
461338
461384
461402
461427
461434
461437
461449
461480
461519
461532
461555
461565
461568
461586
461591
461603
461614
461659
461665
461667
461769
461809
461844
461866
461897
461911
461937
461939
461955
461988
461995
462006
462040
462054
462088
462101
462113
462121
462126
462148
462157
462211
462217
462220
462223
462242
462315
462320
462320
462323
462343
462349
462356
462375
462418
462436
462477
462553
462559
462567
462573
462590
462652
462676
462721
462741
462776
462785
462786
462792
462804
462836
462856
462880
462883
462895
462931
462963
463003
463028
463063
463089
463090
463106
463146
463172
463196
463211
463225
463264
463270
463298
463341
463341
463351
463354
463378
463380
463397
463429
463433
463433
463472
463486
463489
463491
463498
463512
463514
463532
463551
463620
463623
463684
463713
463718
463755
463761
463762
463775
463838
463858
463872
463891
463899
463918
463940
463964
463969
464024
464059
464066
464106
464109
464125
464182
464212
464215
464218
464226
464234
464245
464249
464256
464265
464266
464270
464286
464295
464315
464364
464370
464376
464424
464441
464448
464453
464464
464486
464494
464496
464531
464539
464549
464622
464645
464648
464654
464680
464694
464697
464769
464811
464820
464827
464874
464874
464893
464977
464977
464991
465093
465102
465136
465146
465182
465185
465207
465212
465256
465269
465297
465302
465307
465333
465338
465343
465370
465405
465433
465437
465447
465460
465466
465475
465544
465586
465614
465629
465723
465742
465796
465886
465888
465918
465919
465960
465977
465979
465994
466002
466144
466146
466196
466200
466203
466222
466240
466260
466276
466299
466314
466329
466338
466361
466372
466384
466421
466432
466442
466482
466485
466571
466588
466598
466607
466658
466678
466679
466679
466684
466691
466717
466752
466758
466800
466802
466808
466812
466814
466825
466838
466894
466899
466916
466927
466936
466942
466970
466986
467012
467031
467038
467038
467056
467063
467079
467090
467114
467164
467167
467176
467207
467215
467216
467261
467261
467287
467304
467316
467329
467354
467368
467391
467407
467414
467456
467480
467510
467601
467648
467674
467674
467761
467774
467777
467793
467805
467829
467840
467843
467864
467864
467895
467941
467956
467989
467993
467997
468004
468038
468042
468058
468116
468140
468171
468200
468204
468211
468258
468283
468291
468295
468308
468322
468331
468359
468369
468377
468390
468408
468422
468468
468504
468529
468537
468595
468620
468626
468662
468687
468697
468706
468718
468743
468749
468754
468768
468791
468791
468830
468843
468853
468873
468891
468907
468913
468953
468970
468977
468981
468986
469006
469030
469040
469044
469046
469059
469060
469061
469073
469084
469164
469211
469221
469259
469266
469310
469364
469364
469384
469386
469410
469433
469437
469453
469463
469464
469485
469496
469520
469544
469588
469598
469615
469624
469639
469649
469673
469676
469685
469695
469710
469718
469726
469765
469778
469782
469796
469812
469837
469858
469858
469859
469862
469862
469882
469904
469942
469947
469947
469953
469979
469980
470018
470026
470046
470048
470092
470096
470108
470113
470125
470133
470142
470205
470215
470216
470219
470232
470234
470245
470271
470291
470310
470311
470326
470339
470362
470397
470454
470476
470497
470502
470558
470573
470601
470608
470651
470652
470668
470686
470691
470694
470708
470713
470724
470727
470734
470735
470818
470836
470844
470854
470879
470880
470900
470945
470995
470996
471017
471017
471078
471091
471094
471126
471128
471155
471159
471206
471221
471240
471276
471289
471318
471337
471354
471359
471370
471422
471426
471465
471469
471473
471484
471523
471589
471597
471623
471629
471647
471650
471652
471676
471694
471701
471706
471722
471751
471772
471790
471790
471792
471808
471818
471826
471844
471852
471881
471892
471917
471918
471945
471983
472003
472011
472020
472131
472137
472145
472148
472178
472228
472262
472288
472296
472309
472316
472346
472389
472394
472401
472428
472447
472450
472506
472516
472524
472529
472543
472554
472597
472600
472634
472653
472660
472664
472667
472672
472683
472687
472697
472742
472747
472762
472763
472764
472776
472781
472788
472832
472833
472872
472874
472876
472883
472890
472894
472900
472901
472908
472924
472931
472953
472974
472983
472993
473043
473062
473069
473086
473096
473158
473242
473243
473279
473281
473283
473307
473368
473370
473371
473401
473406
473533
473546
473563
473571
473579
473586
473590
473623
473624
473637
473651
473664
473670
473702
473702
473725
473729
473756
473788
473810
473821
473869
473871
473911
473916
473925
473967
473969
473985
474020
474045
474046
474101
474112
474117
474126
474214
474331
474335
474374
474377
474377
474377
474381
474383
474426
474457
474463
474510
474542
474573
474589
474618
474634
474650
474653
474688
474718
474725
474729
474739
474743
474778
474779
474783
474810
474811
474819
474826
474854
474889
474897
474914
474935
474962
474973
475033
475038
475051
475073
475074
475094
475121
475127
475162
475165
475178
475195
475199
475248
475249
475250
475253
475254
475258
475276
475285
475314
475327
475344
475349
475358
475400
475502
475520
475531
475540
475554
475565
475581
475602
475603
475622
475627
475632
475634
475659
475677
475678
475691
475742
475756
475796
475823
475831
475836
475854
475863
475874
475885
475944
475983
475999
476016
476020
476041
476099
476102
476108
476135
476162
476164
476194
476194
476227
476241
476244
476252
476266
476283
476288
476300
476329
476386
476388
476415
476429
476452
476468
476472
476495
476505
476546
476551
476560
476595
476598
476645
476671
476699
476710
476725
476735
476762
476827
476843
476913
476927
476982
477008
477011
477021
477031
477049
477064
477072
477088
477097
477250
477279
477292
477311
477314
477321
477327
477340
477351
477360
477379
477397
477404
477426
477431
477483
477496
477509
477532
477548
477548
477557
477558
477585
477603
477612
477634
477636
477639
477641
477675
477683
477707
477710
477711
477715
477727
477740
477773
477779
477814
477863
477909
477910
477919
477927
477932
477936
477957
477978
477987
478080
478083
478104
478110
478113
478157
478158
478160
478178
478194
478255
478261
478288
478294
478306
478315
478322
478328
478337
478338
478442
478449
478488
478494
478502
478509
478540
478563
478567
478569
478611
478629
478632
478632
478685
478729
478745
478749
478756
478771
478873
478903
478912
478973
478975
479065
479127
479129
479167
479195
479201
479216
479223
479242
479290
479322
479350
479366
479379
479388
479409
479410
479422
479429
479430
479438
479439
479441
479456
479462
479525
479535
479559
479608
479646
479674
479704
479709
479709
479799
479810
479830
479851
479852
479864
479900
479901
479904
479907
479914
479927
479939
479940
479949
479958
479994
480012
480019
480024
480059
480059
480064
480087
480138
480143
480173
480220
480230
480267
480345
480353
480362
480460
480530
480559
480576
480618
480642
480644
480681
480693
480699
480701
480706
480714
480787
480814
480857
480891
480954
480986
481022
481034
481045
481048
481114
481130
481137
481186
481192
481198
481206
481237
481262
481275
481284
481304
481308
481337
481352
481358
481361
481405
481418
481428
481438
481448
481507
481513
481517
481539
481543
481553
481569
481576
481606
481607
481616
481631
481640
481644
481655
481674
481696
481698
481735
481817
481821
481822
481823
481829
481836
481841
481858
481889
481891
481952
481952
481954
481954
481991
482069
482079
482093
482117
482135
482142
482159
482161
482165
482169
482170
482280
482285
482295
482337
482338
482340
482352
482379
482413
482417
482433
482443
482469
482470
482481
482495
482517
482519
482570
482609
482616
482618
482660
482664
482665
482667
482671
482672
482680
482687
482702
482706
482709
482743
482756
482773
482773
482807
482812
482823
482824
482882
482899
482911
482922
482931
482947
482954
482966
482998
483008
483020
483024
483024
483055
483058
483064
483094
483115
483134
483141
483158
483167
483173
483229
483247
483258
483323
483336
483345
483363
483399
483408
483414
483433
483480
483511
483517
483521
483532
483545
483570
483571
483607
483617
483628
483651
483705
483711
483722
483740
483821
483822
483826
483864
483929
483983
483985
484003
484010
484018
484027
484030
484038
484054
484091
484094
484095
484095
484111
484141
484179
484271
484276
484282
484313
484314
484334
484337
484365
484375
484485
484503
484509
484608
484678
484679
484681
484728
484748
484749
484766
484776
484808
484845
484854
484902
484919
484948
484974
484978
485018
485066
485106
485115
485124
485124
485140
485175
485180
485189
485193
485194
485202
485205
485207
485208
485248
485255
485307
485317
485339
485353
485459
485524
485542
485548
485564
485564
485591
485607
485616
485637
485693
485729
485754
485755
485820
485842
485853
485899
485904
485908
485908
485909
485916
485969
486064
486065
486069
486073
486104
486108
486128
486139
486156
486161
486174
486177
486225
486245
486253
486254
486265
486267
486281
486302
486308
486341
486359
486397
486398
486408
486428
486448
486491
486497
486545
486571
486574
486586
486602
486641
486671
486704
486710
486716
486748
486749
486830
486837
486845
486854
486869
486920
486933
486987
487055
487062
487105
487209
487214
487254
487312
487312
487326
487338
487389
487398
487421
487421
487448
487455
487485
487490
487515
487542
487569
487586
487595
487599
487601
487626
487627
487687
487732
487749
487773
487778
487796
487832
487833
487844
487923
487923
487936
487971
487993
488006
488010
488067
488090
488098
488157
488175
488239
488253
488258
488264
488291
488304
488315
488321
488327
488354
488367
488368
488375
488388
488390
488431
488461
488465
488477
488509
488510
488541
488566
488569
488579
488590
488625
488634
488669
488673
488690
488692
488700
488722
488733
488750
488774
488792
488793
488816
488837
488880
488954
488954
489003
489020
489022
489025
489050
489053
489056
489070
489074
489080
489085
489166
489201
489248
489269
489279
489294
489316
489329
489344
489346
489361
489367
489372
489400
489436
489437
489446
489461
489466
489466
489511
489555
489689
489725
489739
489747
489766
489794
489799
489805
489822
489830
489854
489866
489877
489877
489901
489973
490025
490044
490077
490079
490122
490123
490165
490171
490221
490229
490271
490274
490276
490278
490316
490319
490320
490349
490373
490402
490446
490491
490518
490521
490551
490552
490594
490611
490612
490629
490656
490790
490798
490857
490858
490864
490870
491016
491050
491051
491066
491074
491080
491111
491118
491125
491177
491195
491212
491221
491246
491280
491316
491328
491356
491361
491385
491401
491404
491416
491429
491440
491457
491463
491484
491495
491508
491536
491550
491550
491586
491609
491614
491617
491694
491696
491713
491713
491718
491723
491748
491757
491817
491826
491826
491838
491884
491890
491899
491933
491941
491963
491980
491990
492045
492061
492077
492106
492107
492109
492138
492194
492201
492210
492237
492242
492267
492278
492288
492291
492332
492357
492359
492362
492398
492492
492508
492575
492662
492667
492674
492703
492706
492717
492768
492833
492839
492855
492858
492910
492910
492924
492929
492930
492952
492957
492964
492993
492996
493002
493004
493015
493112
493154
493184
493198
493221
493234
493246
493260
493270
493273
493276
493315
493351
493358
493375
493381
493383
493422
493450
493459
493465
493468
493474
493491
493532
493575
493588
493605
493615
493633
493669
493671
493694
493719
493722
493772
493784
493840
493846
493868
493906
493943
493945
493957
494027
494046
494072
494084
494087
494101
494128
494141
494203
494213
494223
494237
494257
494296
494349
494370
494381
494400
494403
494434
494461
494531
494541
494545
494547
494553
494613
494618
494619
494621
494628
494636
494640
494707
494721
494755
494772
494774
494821
494853
494890
494891
494918
494959
494983
495034
495063
495087
495106
495121
495136
495141
495152
495179
495214
495281
495295
495305
495307
495327
495362
495378
495410
495415
495425
495449
495495
495508
495523
495569
495602
495625
495638
495642
495656
495683
495712
495725
495727
495740
495740
495808
495821
495874
495877
495886
495896
495897
495898
495917
495926
495928
495931
495964
495998
496005
496009
496027
496062
496075
496091
496220
496236
496236
496255
496259
496269
496272
496281
496282
496303
496306
496330
496349
496353
496390
496393
496404
496425
496430
496437
496463
496511
496537
496537
496542
496564
496568
496576
496582
496586
496591
496596
496610
496616
496649
496654
496682
496713
496715
496718
496750
496803
496816
496830
496860
496891
496927
496938
496942
496943
496960
496976
497005
497018
497022
497025
497033
497064
497091
497152
497204
497206
497207
497242
497266
497294
497296
497300
497316
497332
497333
497400
497405
497416
497453
497473
497473
497479
497519
497520
497551
497575
497579
497591
497655
497734
497736
497763
497771
497774
497839
497846
497866
497878
497892
497892
497909
497942
497981
497993
497998
497999
498011
498042
498067
498090
498090
498121
498143
498163
498195
498198
498198
498198
498214
498262
498304
498308
498317
498352
498359
498373
498374
498421
498433
498489
498500
498523
498555
498561
498593
498635
498660
498666
498734
498748
498759
498824
498846
498878
498911
498920
498931
498939
498975
498975
498982
499010
499021
499040
499100
499101
499104
499104
499106
499161
499190
499201
499207
499208
499226
499228
499243
499260
499283
499286
499292
499314
499321
499335
499360
499374
499412
499422
499442
499458
499477
499479
499482
499489
499498
499503
499523
499544
499560
499569
499595
499610
499662
499679
499682
499685
499690
499699
499702
499720
499738
499787
499794
499802
499896
499908
499909
499968
500004
500008
500024
500036
500049
500069
500069
500121
500156
500169
500170
500190
500210
500257
500268
500292
500293
500296
500339
500364
500385
500399
500440
500453
500478
500500
500509
500509
500518
500527
500550
500574
500604
500613
500619
500632
500641
500655
500656
500738
500746
500770
500780
500815
500818
500852
500874
500881
500997
501004
501019
501043
501054
501086
501094
501096
501098
501109
501122
501135
501167
501182
501238
501252
501253
501255
501260
501260
501280
501308
501311
501316
501318
501344
501356
501356
501357
501358
501377
501407
501450
501495
501526
501534
501540
501573
501598
501612
501635
501652
501663
501669
501674
501692
501695
501742
501750
501756
501770
501778
501783
501798
501801
501811
501851
501868
501883
501901
501909
501929
501953
501965
501967
501976
501993
502041
502075
502077
502098
502099
502122
502159
502219
502232
502248
502284
502311
502397
502400
502401
502406
502431
502442
502451
502474
502481
502482
502495
502507
502516
502598
502613
502620
502623
502638
502645
502672
502726
502819
502844
502848
502870
502904
502912
502921
503002
503005
503018
503024
503027
503029
503035
503043
503053
503058
503062
503076
503095
503106
503113
503144
503146
503147
503155
503175
503194
503197
503205
503207
503221
503226
503256
503279
503282
503308
503315
503336
503352
503360
503375
503397
503424
503439
503480
503530
503536
503549
503556
503563
503583
503648
503680
503755
503757
503760
503805
503809
503813
503848
503855
503869
503872
503874
503885
503943
503943
503975
503985
504008
504035
504042
504093
504121
504143
504175
504189
504236
504250
504280
504295
504303
504305
504323
504367
504370
504383
504391
504410
504464
504478
504524
504532
504542
504544
504571
504586
504603
504608
504610
504615
504616
504636
504673
504680
504682
504691
504700
504725
504733
504754
504781
504782
504798
504800
504803
504804
504870
504872
504886
504890
504900
504920
504929
504973
504979
504992
505004
505039
505062
505071
505078
505138
505144
505157
505194
505214
505254
505282
505287
505294
505301
505307
505326
505372
505373
505386
505403
505408
505431
505440
505451
505460
505489
505490
505493
505499
505512
505612
505614
505624
505642
505656
505672
505674
505688
505694
505713
505714
505726
505738
505781
505827
505853
505874
505949
506002
506105
506121
506125
506149
506178
506240
506242
506271
506274
506276
506292
506313
506320
506337
506346
506351
506387
506399
506446
506448
506453
506462
506467
506486
506488
506524
506544
506564
506587
506588
506624
506719
506723
506729
506766
506778
506811
506822
506829
506844
506849
506868
506874
506883
506884
506892
506896
506934
506953
506986
507000
507014
507024
507038
507048
507081
507088
507089
507106
507118
507119
507167
507192
507252
507255
507265
507265
507271
507286
507331
507336
507350
507354
507375
507395
507473
507516
507554
507561
507586
507588
507596
507607
507610
507622
507626
507632
507663
507686
507696
507703
507708
507748
507761
507781
507798
507799
507805
507821
507895
507913
507935
507954
507955
507975
507991
508029
508037
508045
508087
508088
508122
508123
508125
508191
508198
508225
508237
508287
508289
508325
508328
508337
508377
508392
508425
508438
508458
508495
508538
508546
508602
508653
508654
508664
508672
508704
508743
508764
508788
508811
508817
508824
508837
508931
508938
508975
508977
508998
508998
509039
509040
509069
509074
509116
509122
509144
509181
509191
509214
509239
509268
509281
509303
509311
509320
509321
509330
509368
509381
509399
509409
509439
509452
509460
509473
509489
509499
509523
509569
509571
509598
509614
509616
509631
509667
509672
509685
509699
509728
509756
509766
509776
509784
509832
509855
509880
509892
509894
509894
509898
509907
509927
509932
509946
509976
510059
510071
510072
510088
510106
510133
510138
510170
510179
510188
510192
510207
510211
510245
510253
510307
510315
510337
510351
510374
510391
510402
510402
510459
510472
510475
510487
510498
510514
510519
510530
510537
510556
510557
510557
510559
510614
510619
510631
510636
510636
510670
510685
510698
510699
510712
510714
510717
510726
510730
510752
510765
510775
510780
510800
510836
510864
510896
510902
510923
510956
510975
510990
511051
511089
511098
511138
511149
511152
511219
511247
511250
511258
511262
511350
511351
511366
511386
511401
511406
511434
511435
511447
511456
511466
511470
511486
511506
511509
511538
511542
511545
511556
511602
511696
511699
511714
511723
511767
511777
511781
511789
511805
511813
511824
511844
511855
511873
511889
511898
511928
511940
511959
511973
511988
512009
512041
512055
512087
512087
512090
512090
512103
512109
512168
512175
512184
512185
512190
512197
512239
512257
512306
512333
512341
512351
512352
512369
512383
512385
512419
512428
512435
512447
512448
512450
512454
512468
512484
512491
512496
512552
512560
512579
512597
512600
512604
512625
512629
512718
512768
512777
512784
512791
512801
512808
512827
512833
512841
512848
512880
512880
512884
512891
512896
512976
512986
512992
512998
513013
513018
513041
513080
513141
513156
513203
513215
513252
513298
513300
513334
513343
513353
513386
513408
513429
513467
513508
513543
513552
513554
513561
513601
513604
513612
513629
513642
513645
513678
513696
513705
513730
513734
513795
513805
513834
513848
513859
513868
513937
513946
513962
513968
513972
513975
514015
514015
514046
514050
514057
514065
514078
514092
514162
514162
514191
514201
514204
514204
514230
514242
514259
514279
514285
514287
514291
514337
514339
514358
514391
514509
514527
514529
514562
514567
514574
514590
514591
514596
514645
514674
514720
514736
514751
514757
514821
514838
514851
514854
514872
514901
514905
514911
514914
514919
514927
514937
514966
514993
515034
515037
515056
515074
515104
515125
515190
515223
515269
515280
515280
515302
515318
515325
515352
515355
515380
515385
515390
515408
515446
515474
515481
515487
515529
515551
515573
515614
515640
515646
515667
515740
515742
515784
515784
515801
515802
515829
515872
515898
515899
515906
515998
516026
516045
516085
516157
516160
516186
516235
516237
516238
516323
516329
516421
516440
516465
516482
516561
516568
516600
516625
516625
516626
516640
516644
516649
516667
516706
516732
516745
516756
516761
516777
516834
516839
516884
516912
516965
516969
516971
517015
517025
517032
517058
517066
517071
517074
517108
517134
517136
517144
517154
517171
517191
517198
517234
517275
517277
517333
517353
517372
517445
517501
517540
517543
517546
517596
517608
517624
517638
517658
517704
517717
517771
517798
517801
517832
517836
517930
517964
517975
517987
517990
518155
518245
518255
518266
518288
518290
518335
518336
518346
518363
518386
518421
518435
518444
518451
518471
518496
518535
518547
518551
518570
518581
518592
518601
518611
518620
518627
518642
518644
518650
518690
518730
518730
518759
518762
518785
518811
518825
518841
518857
518860
518861
518868
518883
518885
518906
518938
518958
518966
519010
519027
519046
519077
519081
519088
519139
519146
519179
519201
519209
519286
519304
519305
519315
519329
519370
519385
519391
519397
519407
519446
519473
519484
519496
519507
519518
519524
519531
519534
519543
519551
519552
519558
519566
519579
519579
519608
519637
519638
519638
519651
519656
519675
519692
519715
519738
519766
519772
519795
519839
519842
519843
519893
519904
519905
519953
519973
520011
520028
520045
520049
520129
520138
520197
520200
520209
520218
520248
520265
520282
520302
520307
520327
520393
520399
520428
520446
520469
520550
520559
520576
520591
520602
520629
520660
520661
520663
520692
520700
520705
520724
520754
520761
520781
520813
520818
520834
520840
520849
520882
520895
520951
520961
521018
521027
521041
521054
521062
521065
521128
521160
521165
521171
521201
521211
521220
521253
521256
521279
521286
521302
521305
521312
521314
521331
521331
521351
521359
521365
521370
521372
521378
521394
521418
521425
521428
521430
521447
521501
521501
521527
521531
521548
521574
521592
521639
521663
521725
521737
521762
521785
521785
521788
521858
521887
521935
521936
521974
521989
522031
522045
522062
522085
522127
522133
522150
522161
522161
522183
522192
522219
522224
522227
522229
522246
522267
522274
522290
522308
522322
522364
522390
522396
522453
522479
522486
522488
522512
522542
522554
522568
522582
522605
522649
522659
522662
522670
522682
522692
522789
522789
522806
522808
522836
522879
522884
522894
522946
522982
523015
523026
523055
523068
523104
523128
523129
523138
523148
523164
523258
523262
523263
523264
523283
523297
523380
523422
523461
523488
523525
523571
523604
523606
523608
523611
523627
523628
523663
523685
523740
523749
523752
523757
523765
523774
523774
523787
523816
523848
523849
523969
523972
523973
523983
524007
524035
524058
524064
524066
524136
524155
524160
524190
524202
524222
524230
524268
524278
524282
524283
524287
524328
524363
524377
524398
524408
524423
524451
524480
524487
524498
524506
524514
524522
524527
524540
524541
524555
524594
524637
524663
524667
524674
524689
524700
524721
524753
524780
524785
524789
524802
524808
524816
524830
524841
524900
524906
524934
524946
524947
524970
524970
524970
524974
524975
524991
525004
525029
525043
525053
525060
525103
525116
525128
525132
525158
525268
525281
525285
525298
525316
525322
525335
525342
525347
525409
525436
525444
525469
525505
525507
525526
525581
525582
525582
525641
525655
525662
525681
525682
525714
525714
525720
525721
525723
525750
525751
525758
525762
525778
525812
525863
525874
525880
525898
525937
525943
525950
525955
525960
525962
525980
526032
526138
526202
526202
526212
526234
526243
526249
526287
526289
526295
526296
526296
526327
526371
526402
526403
526414
526416
526432
526434
526441
526444
526469
526554
526559
526566
526590
526605
526619
526628
526632
526643
526672
526686
526702
526705
526706
526734
526738
526747
526765
526830
526842
526857
526878
526880
526922
526925
526945
526949
526985
526990
527048
527066
527072
527082
527111
527119
527138
527161
527164
527188
527231
527273
527289
527298
527332
527351
527352
527371
527422
527447
527477
527533
527568
527577
527588
527608
527624
527631
527693
527695
527723
527743
527763
527779
527788
527820
527824
527861
527871
527889
527914
527928
527954
527959
527975
527996
528001
528014
528051
528051
528062
528096
528104
528130
528190
528230
528270
528275
528300
528332
528337
528405
528425
528426
528442
528456
528461
528496
528498
528513
528524
528533
528540
528542
528547
528550
528560
528568
528608
528613
528638
528678
528683
528689
528697
528727
528743
528772
528776
528782
528787
528800
528802
528802
528805
528807
528828
528829
528849
528855
528919
528968
528995
529006
529009
529025
529033
529035
529063
529065
529104
529112
529125
529129
529133
529140
529198
529202
529205
529216
529230
529241
529265
529308
529314
529323
529323
529331
529344
529350
529367
529376
529381
529397
529413
529425
529431
529440
529445
529475
529495
529502
529505
529538
529585
529586
529621
529654
529665
529710
529775
529785
529812
529820
529832
529835
529861
529939
529940
529961
529962
529977
530020
530023
530075
530110
530132
530149
530156
530178
530209
530222
530285
530293
530295
530301
530306
530308
530309
530321
530401
530412
530453
530460
530484
530527
530528
530569
530575
530577
530596
530640
530645
530653
530667
530731
530786
530802
530803
530818
530855
530911
530914
530919
530919
530943
530947
530958
530966
530967
530978
530984
530994
531012
531029
531051
531053
531058
531079
531081
531081
531086
531114
531122
531176
531177
531186
531206
531237
531239
531316
531338
531340
531342
531371
531385
531416
531419
531419
531439
531484
531501
531526
531565
531597
531651
531681
531717
531726
531751
531763
531765
531771
531791
531803
531814
531816
531840
531917
531965
531968
531972
531975
531990
531996
532037
532053
532129
532131
532140
532177
532191
532214
532271
532288
532294
532404
532409
532414
532437
532438
532465
532484
532494
532510
532527
532536
532637
532663
532668
532674
532693
532700
532737
532737
532805
532823
532869
532870
532901
532926
532939
532957
532979
532982
533000
533018
533030
533046
533064
533065
533084
533139
533140
533145
533168
533198
533236
533237
533240
533254
533267
533276
533277
533299
533312
533334
533339
533374
533392
533411
533423
533451
533461
533475
533503
533511
533526
533528
533533
533544
533601
533615
533632
533636
533674
533688
533741
533775
533792
533793
533794
533807
533808
533811
533827
533834
533845
533863
533883
533889
533906
533911
533919
533952
533964
533980
533984
534014
534015
534015
534016
534043
534096
534142
534157
534178
534207
534221
534223
534226
534228
534248
534331
534339
534350
534353
534361
534388
534398
534403
534411
534412
534479
534530
534554
534608
534643
534700
534722
534730
534765
534772
534831
534833
534839
534857
534863
534963
535029
535046
535049
535067
535089
535091
535138
535148
535171
535184
535217
535241
535252
535309
535317
535334
535367
535382
535385
535469
535482
535575
535579
535582
535612
535613
535645
535682
535707
535709
535729
535733
535776
535787
535801
535817
535839
535849
535865
535879
535882
535919
535934
535941
535950
535976
535991
535993
536017
536023
536043
536059
536093
536094
536123
536133
536175
536261
536283
536304
536308
536317
536322
536323
536359
536369
536393
536400
536461
536476
536515
536531
536541
536613
536657
536662
536676
536678
536704
536704
536716
536719
536723
536737
536751
536799
536844
536865
536868
536868
536933
536938
536950
536965
536973
536997
537005
537006
537010
537014
537035
537137
537140
537142
537144
537163
537167
537206
537240
537250
537257
537302
537365
537369
537407
537410
537437
537437
537446
537453
537456
537460
537490
537546
537553
537594
537610
537632
537680
537744
537761
537777
537791
537794
537828
537849
537883
537896
537902
537912
537912
537923
537932
537950
537974
537990
538066
538070
538077
538088
538091
538109
538120
538129
538130
538141
538166
538167
538189
538193
538197
538199
538202
538236
538239
538256
538260
538271
538281
538291
538294
538317
538319
538322
538345
538399
538418
538425
538431
538444
538474
538520
538560
538568
538620
538636
538649
538654
538655
538675
538702
538710
538713
538714
538750
538756
538787
538795
538821
538823
538842
538851
538918
538993
539015
539042
539044
539047
539079
539137
539142
539168
539196
539203
539221
539236
539403
539442
539459
539483
539510
539515
539552
539567
539586
539616
539662
539662
539677
539690
539705
539737
539746
539760
539761
539821
539845
539845
539847
539871
539875
539876
539888
539932
539936
539946
539948
539959
539995
540020
540038
540065
540095
540109
540113
540148
540152
540192
540201
540227
540244
540253
540264
540270
540287
540319
540338
540349
540356
540374
540378
540402
540410
540412
540414
540457
540460
540461
540485
540485
540507
540522
540543
540589
540609
540624
540626
540667
540682
540706
540713
540725
540742
540791
540799
540808
540819
540856
540884
540888
540897
540924
540935
540949
540951
540992
541056
541082
541086
541104
541106
541132
541159
541171
541182
541215
541218
541221
541239
541273
541307
541316
541351
541367
541421
541445
541448
541478
541489
541492
541503
541522
541549
541588
541619
541624
541625
541644
541677
541702
541705
541706
541724
541753
541760
541790
541793
541801
541811
541834
541846
541853
541876
541887
541909
541916
541929
541944
541965
541977
542026
542026
542071
542073
542106
542153
542166
542202
542211
542211
542220
542299
542322
542362
542367
542459
542465
542471
542492
542496
542508
542520
542539
542541
542543
542559
542598
542611
542611
542637
542638
542677
542689
542716
542730
542736
542768
542768
542818
542830
542834
542838
542884
542894
542914
542936
542956
542965
542994
542996
543063
543098
543149
543158
543163
543173
543183
543189
543201
543218
543230
543272
543292
543322
543358
543362
543379
543392
543413
543417
543473
543477
543480
543487
543494
543498
543502
543530
543545
543555
543556
543565
543569
543572
543573
543574
543577
543616
543627
543646
543648
543705
543709
543766
543784
543799
543804
543815
543833
543842
543858
543879
543882
543891
543910
543947
543983
543985
543992
543993
544018
544020
544031
544036
544048
544085
544166
544202
544255
544256
544273
544281
544286
544293
544363
544384
544399
544413
544423
544432
544439
544457
544465
544470
544506
544534
544580
544598
544609
544636
544669
544709
544761
544763
544822
544824
544852
544870
544876
544892
544914
544932
545016
545030
545030
545053
545058
545066
545101
545103
545140
545145
545151
545198
545215
545238
545239
545276
545308
545325
545342
545414
545416
545420
545465
545466
545478
545510
545530
545541
545556
545561
545569
545584
545585
545591
545594
545623
545627
545657
545659
545666
545733
545739
545743
545748
545752
545764
545768
545781
545794
545818
545826
545852
545873
545883
545889
545917
545927
545943
545944
545953
545975
546012
546087
546105
546174
546215
546222
546228
546229
546236
546264
546266
546272
546284
546316
546322
546367
546391
546395
546439
546521
546527
546532
546573
546607
546610
546631
546654
546656
546660
546687
546706
546708
546718
546725
546739
546770
546771
546773
546779
546841
546856
546880
546882
546909
546920
546953
546961
546971
546971
546976
547001
547085
547127
547165
547257
547268
547277
547330
547340
547345
547360
547368
547417
547472
547522
547526
547595
547652
547677
547702
547717
547719
547724
547774
547788
547829
547836
547842
548001
548033
548074
548086
548105
548122
548123
548126
548134
548161
548166
548168
548209
548215
548219
548224
548230
548265
548293
548296
548327
548334
548341
548356
548365
548395
548406
548407
548407
548453
548454
548461
548479
548514
548519
548542
548572
548580
548593
548598
548656
548674
548674
548682
548690
548704
548726
548748
548780
548833
548834
548835
548849
548852
548858
548883
548890
548891
548894
548900
548927
548932
548985
548989
548992
549006
549027
549042
549049
549065
549119
549121
549126
549170
549207
549220
549229
549245
549277
549295
549349
549354
549358
549398
549399
549457
549519
549528
549555
549611
549620
549628
549635
549647
549671
549674
549691
549719
549739
549741
549778
549788
549841
549853
549866
549867
549893
549909
549920
549947
549955
549982
550005
550015
550023
550069
550082
550114
550116
550117
550161
550163
550172
550208
550246
550259
550273
550278
550319
550324
550331
550334
550356
550357
550385
550415
550531
550579
550591
550595
550640
550646
550652
550701
550722
550760
550780
550881
550986
550988
551022
551025
551060
551076
551084
551085
551095
551118
551121
551127
551130
551147
551169
551208
551256
551272
551273
551275
551303
551386
551389
551423
551435
551487
551528
551552
551555
551570
551579
551616
551644
551650
551655
551739
551767
551801
551807
551894
551919
552008
552025
552032
552064
552082
552095
552128
552160
552189
552223
552240
552268
552272
552276
552280
552281
552285
552312
552313
552329
552332
552353
552381
552382
552404
552406
552424
552475
552478
552492
552506
552532
552545
552563
552590
552659
552682
552713
552736
552744
552849
552865
552868
552877
552888
552934
552955
553013
553053
553072
553105
553139
553185
553201
553232
553247
553256
553259
553284
553308
553326
553329
553361
553367
553408
553409
553422
553426
553460
553510
553567
553575
553576
553591
553595
553604
553610
553625
553659
553666
553718
553730
553745
553745
553768
553768
553770
553796
553803
553815
553815
553824
553825
553830
553835
553882
553929
553945
553957
553971
553972
553973
553978
553984
553988
554012
554029
554058
554081
554094
554144
554159
554164
554164
554176
554178
554212
554228
554234
554251
554254
554262
554263
554285
554299
554299
554301
554308
554329
554358
554365
554393
554424
554435
554441
554463
554474
554496
554510
554534
554535
554584
554602
554672
554679
554696
554711
554713
554728
554743
554777
554784
554786
554794
554819
554825
554832
554845
554852
554888
554923
554928
554966
554977
555004
555005
555010
555025
555055
555059
555107
555147
555179
555205
555224
555271
555293
555310
555375
555445
555459
555470
555566
555579
555598
555611
555620
555633
555649
555655
555658
555681
555701
555707
555714
555716
555716
555732
555734
555753
555759
555779
555800
555825
555834
555839
555879
555898
555900
555911
555931
555950
555980
556131
556137
556161
556163
556208
556255
556270
556315
556319
556324
556360
556362
556363
556366
556375
556383
556403
556414
556487
556497
556500
556520
556553
556573
556573
556583
556588
556591
556604
556663
556667
556675
556682
556686
556687
556700
556722
556722
556755
556770
556803
556817
556828
556835
556878
556902
556965
556989
556991
556993
557033
557120
557197
557252
557256
557256
557257
557263
557276
557371
557378
557420
557449
557483
557488
557494
557514
557520
557536
557540
557573
557585
557606
557643
557692
557718
557728
557744
557746
557820
557833
557856
557863
557880
557887
557890
557895
557915
557927
557956
557999
558034
558043
558045
558074
558175
558179
558208
558255
558269
558282
558290
558301
558302
558359
558364
558376
558377
558410
558420
558424
558430
558440
558453
558488
558491
558524
558540
558547
558562
558591
558622
558704
558727
558732
558732
558740
558751
558783
558786
558892
558894
558901
558905
558911
558926
558932
558953
558965
558993
559005
559034
559067
559068
559092
559153
559154
559173
559194
559197
559216
559243
559251
559278
559302
559309
559316
559353
559365
559390
559400
559408
559417
559450
559455
559462
559478
559508
559512
559573
559581
559611
559618
559650
559683
559708
559728
559736
559749
559754
559771
559788
559819
559822
559843
559851
559852
559878
559914
559917
559920
559931
559945
559950
559975
559984
559994
559997
559999
560023
560035
560036
560054
560081
560113
560145
560200
560217
560253
560255
560291
560311
560326
560375
560420
560432
560445
560450
560521
560574
560591
560605
560656
560657
560668
560679
560747
560767
560803
560808
560815
560834
560847
560847
560860
560880
560970
560976
561055
561075
561098
561135
561139
561154
561159
561203
561211
561272
561278
561312
561342
561345
561369
561404
561412
561428
561439
561439
561455
561467
561478
561512
561536
561604
561615
561638
561659
561660
561666
561675
561682
561688
561712
561752
561768
561799
561842
561867
561876
561902
561932
561939
561971
561997
562015
562018
562026
562033
562072
562098
562125
562161
562167
562177
562251
562275
562280
562282
562290
562296
562296
562316
562355
562355
562361
562364
562370
562384
562407
562412
562460
562535
562545
562545
562549
562563
562584
562587
562604
562607
562627
562635
562636
562654
562672
562672
562685
562700
562744
562766
562785
562810
562817
562835
562884
562894
562918
562939
562966
562972
562993
562996
563015
563028
563070
563077
563079
563142
563158
563174
563178
563195
563223
563245
563253
563257
563261
563265
563273
563281
563282
563314
563338
563396
563405
563472
563475
563476
563489
563498
563519
563527
563527
563533
563541
563541
563592
563596
563596
563642
563645
563648
563667
563685
563695
563712
563746
563757
563760
563770
563789
563807
563855
563865
563882
563884
563886
563914
563946
563953
563970
564019
564031
564031
564056
564065
564081
564084
564101
564114
564132
564136
564197
564217
564232
564236
564266
564276
564279
564320
564343
564388
564397
564400
564437
564438
564440
564454
564551
564562
564579
564586
564601
564602
564617
564624
564635
564655
564655
564674
564684
564696
564698
564761
564765
564781
564781
564823
564856
564869
564873
564893
564904
564910
564924
564950
564953
564974
565000
565005
565014
565132
565155
565181
565183
565186
565210
565231
565255
565261
565278
565288
565293
565303
565306
565323
565324
565338
565356
565380
565383
565389
565396
565411
565432
565438
565442
565457
565457
565471
565477
565493
565515
565532
565551
565557
565583
565597
565617
565639
565665
565712
565752
565757
565793
565818
565824
565851
565880
565915
565956
565959
565965
565973
566008
566017
566049
566058
566072
566082
566084
566101
566142
566160
566182
566192
566213
566225
566231
566281
566286
566289
566305
566367
566370
566374
566383
566384
566384
566412
566420
566447
566496
566507
566512
566520
566538
566539
566555
566558
566591
566597
566610
566625
566659
566666
566693
566732
566769
566781
566796
566796
566799
566803
566824
566882
566887
566912
566919
566959
566965
567015
567039
567040
567048
567062
567064
567066
567067
567108
567124
567153
567165
567190
567216
567216
567248
567252
567266
567274
567298
567328
567402
567427
567432
567463
567474
567480
567556
567567
567587
567591
567598
567606
567618
567619
567692
567742
567747
567756
567774
567779
567794
567803
567948
567963
568022
568075
568087
568131
568136
568149
568177
568192
568199
568218
568271
568355
568360
568366
568418
568423
568501
568564
568578
568596
568597
568597
568608
568610
568634
568636
568637
568663
568675
568676
568706
568729
568732
568737
568770
568801
568852
568864
568888
568892
568929
568938
568943
568954
569025
569043
569065
569100
569113
569116
569127
569129
569141
569223
569239
569246
569266
569290
569298
569332
569367
569393
569394
569406
569426
569433
569445
569470
569471
569481
569483
569500
569526
569532
569551
569560
569664
569665
569675
569691
569725
569739
569742
569748
569749
569790
569794
569799
569804
569808
569840
569843
569846
569931
569967
569972
570034
570044
570049
570057
570073
570090
570098
570107
570149
570188
570188
570223
570225
570226
570269
570275
570276
570309
570325
570340
570340
570352
570353
570374
570399
570409
570447
570449
570450
570457
570469
570470
570473
570487
570521
570526
570528
570545
570545
570549
570549
570649
570666
570668
570672
570689
570705
570759
570774
570778
570792
570810
570820
570857
570860
570861
570876
570876
570909
570915
570916
570920
570933
570934
570964
570966
570993
571000
571050
571058
571068
571074
571080
571121
571122
571155
571175
571181
571211
571212
571216
571256
571261
571263
571337
571351
571366
571385
571399
571429
571429
571468
571526
571535
571540
571554
571558
571656
571657
571678
571693
571717
571742
571747
571766
571790
571812
571831
571858
571861
571863
571877
571878
571893
571913
571914
571949
571958
571994
572005
572010
572051
572052
572076
572104
572110
572119
572139
572150
572170
572204
572211
572235
572246
572266
572274
572290
572301
572325
572488
572537
572585
572595
572610
572624
572666
572667
572684
572717
572780
572800
572802
572833
572855
572858
572873
572882
572891
572900
572906
572917
572937
572964
572997
573006
573008
573022
573047
573049
573057
573062
573083
573095
573096
573138
573146
573168
573199
573213
573222
573239
573274
573351
573379
573413
573414
573423
573431
573442
573449
573452
573458
573462
573474
573477
573492
573531
573539
573558
573570
573580
573595
573621
573640
573642
573677
573683
573719
573741
573745
573828
573860
573887
573891
573907
573914
573980
573985
573988
573993
574007
574032
574063
574087
574096
574122
574145
574146
574157
574169
574175
574179
574195
574198
574236
574255
574282
574304
574311
574313
574332
574342
574343
574381
574394
574394
574407
574417
574419
574445
574447
574468
574483
574488
574505
574544
574573
574578
574594
574608
574625
574633
574656
574664
574670
574699
574722
574727
574736
574738
574814
574816
574827
574887
574901
574963
574964
574993
575015
575023
575031
575039
575058
575075
575154
575187
575190
575192
575233
575251
575337
575368
575378
575389
575392
575409
575444
575454
575462
575513
575530
575531
575531
575546
575608
575617
575636
575647
575657
575694
575730
575795
575799
575817
575897
575904
575928
575951
575958
575962
575967
575975
575980
575985
575986
576023
576113
576147
576179
576181
576183
576194
576213
576218
576229
576237
576250
576269
576301
576310
576343
576355
576403
576411
576429
576481
576491
576494
576533
576548
576572
576586
576639
576644
576669
576705
576729
576738
576758
576762
576774
576775
576815
576834
576843
576903
576946
576948
576951
576974
577013
577030
577052
577061
577064
577072
577074
577096
577108
577138
577160
577163
577186
577194
577199
577219
577255
577257
577263
577269
577275
577279
577292
577301
577312
577329
577341
577376
577380
577382
577390
577406
577414
577492
577507
577590
577618
577666
577707
577757
577760
577810
577835
577836
577886
577908
577929
577931
577995
577998
578008
578032
578061
578067
578069
578085
578089
578112
578121
578172
578213
578309
578309
578322
578341
578446
578472
578496
578522
578538
578540
578567
578571
578595
578617
578688
578706
578728
578731
578753
578784
578836
578858
578884
578892
578905
578927
578940
578963
578974
578976
579049
579060
579072
579080
579092
579095
579106
579107
579134
579138
579167
579175
579188
579190
579238
579241
579242
579262
579293
579310
579439
579450
579452
579467
579468
579478
579488
579491
579493
579549
579613
579657
579663
579672
579738
579753
579758
579758
579825
579830
579831
579843
579863
579886
579889
579922
579989
579992
579998
580007
580017
580039
580043
580064
580070
580091
580143
580148
580175
580178
580179
580188
580269
580292
580294
580301
580305
580383
580415
580420
580425
580442
580508
580518
580527
580535
580535
580541
580626
580628
580685
580695
580699
580707
580737
580742
580757
580851
580851
580855
580856
580863
580864
580893
580896
580901
580921
580924
580926
580927
580967
580975
580980
580981
580986
580991
581009
581010
581012
581034
581042
581074
581138
581204
581222
581246
581320
581322
581355
581358
581513
581520
581533
581540
581543
581563
581576
581605
581635
581640
581643
581655
581673
581712
581722
581729
581730
581732
581743
581759
581777
581806
581830
581847
581849
581882
581919
581946
581954
581985
581996
581996
582016
582057
582070
582089
582098
582108
582121
582158
582159
582176
582187
582197
582207
582213
582246
582271
582297
582300
582318
582335
582339
582350
582401
582409
582409
582409
582489
582510
582561
582577
582590
582609
582619
582623
582625
582645
582674
582689
582745
582761
582765
582773
582784
582787
582793
582812
582834
582852
582855
582867
582903
582910
582911
582928
582934
582944
582963
583030
583036
583073
583075
583095
583130
583152
583156
583168
583223
583257
583266
583294
583307
583336
583346
583366
583383
583454
583456
583502
583506
583521
583546
583630
583633
583637
583640
583685
583695
583709
583713
583718
583723
583767
583772
583806
583858
583869
583890
583905
583921
583922
583922
583962
583965
583972
583988
584012
584079
584142
584154
584188
584223
584273
584311
584311
584365
584366
584375
584380
584389
584390
584444
584470
584474
584477
584479
584507
584515
584515
584523
584562
584571
584619
584664
584713
584734
584739
584754
584777
584799
584819
584827
584827
584828
584848
584874
584881
584889
584914
584933
584949
584961
584972
585001
585003
585012
585026
585043
585088
585090
585102
585108
585136
585153
585161
585175
585181
585192
585198
585229
585231
585255
585287
585290
585322
585329
585331
585353
585355
585397
585411
585486
585506
585527
585548
585557
585580
585585
585592
585594
585604
585622
585633
585634
585636
585644
585663
585663
585692
585702
585730
585758
585763
585768
585795
585795
585806
585844
585853
585871
585880
585906
585907
585914
585919
585970
585970
585971
585974
585977
585995
585996
586024
586038
586042
586069
586128
586150
586166
586167
586175
586200
586340
586347
586372
586429
586458
586482
586482
586518
586530
586562
586566
586585
586670
586690
586706
586736
586741
586797
586812
586831
586831
586839
586854
586867
586924
586960
586989
586995
587026
587027
587123
587124
587141
587201
587208
587239
587304
587312
587324
587335
587339
587363
587368
587401
587404
587434
587440
587453
587456
587463
587473
587487
587515
587522
587548
587548
587580
587596
587622
587626
587629
587655
587688
587688
587701
587707
587710
587722
587766
587797
587804
587810
587857
587872
587892
587993
588016
588018
588059
588115
588142
588143
588291
588295
588329
588338
588339
588361
588364
588368
588392
588416
588441
588507
588544
588548
588562
588609
588614
588688
588692
588699
588703
588763
588835
588866
588921
588931
589019
589022
589023
589041
589076
589127
589162
589179
589190
589197
589217
589226
589228
589259
589267
589268
589288
589310
589315
589320
589332
589354
589363
589402
589417
589427
589442
589444
589466
589484
589506
589508
589536
589551
589557
589578
589585
589587
589591
589594
589598
589611
589616
589628
589634
589683
589696
589717
589722
589742
589761
589776
589799
589801
589830
589906
589958
589979
589986
589988
589992
590008
590063
590083
590086
590090
590101
590126
590141
590159
590159
590216
590239
590258
590289
590324
590329
590381
590392
590399
590434
590477
590491
590507
590528
590574
590611
590628
590638
590662
590750
590782
590798
590830
590958
590966
591002
591019
591044
591049
591059
591072
591086
591110
591112
591113
591122
591122
591146
591189
591196
591202
591216
591218
591233
591267
591295
591324
591334
591340
591344
591368
591426
591450
591458
591481
591489
591493
591500
591507
591513
591513
591581
591581
591625
591632
591644
591646
591648
591654
591666
591749
591813
591817
591821
591825
591852
591866
591881
591882
591906
591907
591961
591969
591989
592013
592014
592025
592032
592050
592054
592066
592076
592107
592133
592206
592232
592235
592257
592273
592289
592315
592338
592338
592341
592364
592366
592408
592434
592446
592513
592530
592536
592539
592563
592597
592612
592630
592630
592656
592718
592721
592733
592742
592798
592825
592872
592877
592893
592894
592895
592919
592924
592935
592965
593159
593198
593209
593209
593257
593298
593305
593322
593362
593440
593471
593482
593482
593496
593510
593514
593523
593525
593543
593552
593558
593565
593579
593584
593598
593608
593609
593613
593712
593731
593747
593763
593796
593797
593800
593812
593836
593899
593912
593913
593951
593956
593957
593984
593986
594004
594015
594015
594020
594021
594050
594062
594079
594089
594104
594105
594119
594121
594123
594140
594147
594156
594157
594177
594204
594233
594236
594270
594279
594317
594339
594381
594395
594448
594486
594495
594527
594537
594544
594589
594593
594641
594646
594681
594692
594715
594735
594756
594758
594786
594821
594823
594882
594897
594902
594912
594932
594949
594961
594980
594990
595005
595009
595034
595078
595080
595148
595153
595186
595200
595224
595243
595247
595253
595268
595328
595349
595377
595396
595437
595443
595474
595523
595556
595566
595576
595577
595589
595592
595653
595720
595765
595797
595825
595827
595850
595853
595869
595912
595962
595977
595979
595989
595993
595998
596012
596028
596050
596075
596092
596102
596102
596107
596143
596157
596159
596166
596205
596231
596238
596247
596251
596252
596266
596277
596287
596427
596439
596540
596570
596595
596623
596670
596687
596704
596721
596746
596747
596795
596865
596886
596888
596907
596926
596938
596943
596952
596964
596989
596997
596998
596999
597013
597026
597031
597060
597091
597128
597177
597184
597189
597205
597227
597236
597255
597288
597331
597359
597386
597394
597404
597433
597486
597512
597522
597533
597538
597544
597570
597573
597595
597598
597644
597655
597663
597666
597724
597729
597738
597772
597828
597847
597886
597894
597923
597931
597947
597955
598030
598069
598074
598080
598106
598139
598145
598148
598172
598178
598255
598263
598297
598318
598336
598343
598383
598387
598394
598395
598435
598453
598454
598479
598529
598533
598539
598539
598551
598579
598585
598635
598652
598656
598678
598688
598717
598730
598760
598772
598791
598798
598807
598848
598877
598880
598901
598951
598969
599000
599055
599065
599071
599071
599086
599094
599112
599123
599199
599254
599268
599271
599280
599297
599372
599415
599446
599448
599463
599464
599471
599525
599536
599545
599554
599608
599616
599660
599674
599705
599781
599799
599818
599833
599833
599860
599874
599878
599922
599937
599957
599961
599985
600009
600018
600036
600069
600091
600100
600103
600112
600112
600166
600180
600192
600197
600217
600244
600267
600307
600314
600326
600341
600382
600419
600424
600497
600508
600520
600540
600553
600566
600582
600595
600609
600617
600664
600665
600680
600692
600709
600731
600736
600744
600750
600790
600792
600814
600816
600822
600882
600908
600914
600937
600988
601003
601030
601043
601090
601111
601123
601145
601150
601153
601164
601173
601190
601192
601214
601274
601303
601306
601326
601361
601366
601379
601398
601461
601471
601550
601579
601591
601602
601609
601625
601629
601637
601654
601684
601694
601704
601720
601724
601758
601763
601791
601794
601796
601813
601818
601839
601854
601862
601869
601871
601877
601905
601906
601909
601957
601966
601979
601981
601985
602044
602062
602074
602090
602092
602100
602109
602126
602163
602167
602237
602252
602263
602268
602291
602313
602320
602339
602359
602376
602413
602423
602429
602479
602503
602512
602566
602576
602588
602589
602589
602599
602602
602677
602683
602684
602699
602762
602794
602810
602871
602889
602912
602968
603004
603065
603079
603091
603113
603145
603156
603161
603201
603217
603220
603223
603241
603272
603274
603275
603279
603284
603330
603331
603344
603348
603357
603361
603367
603374
603386
603411
603417
603429
603433
603475
603480
603520
603530
603541
603561
603579
603586
603606
603618
603626
603628
603628
603687
603700
603744
603750
603754
603800
603844
603854
603876
603883
603914
603920
603931
603991
604001
604002
604008
604016
604052
604060
604062
604101
604104
604130
604136
604148
604149
604156
604168
604214
604222
604266
604281
604327
604333
604337
604360
604372
604395
604450
604458
604461
604461
604503
604542
604543
604554
604577
604651
604698
604728
604731
604768
604781
604798
604815
604860
604878
604878
604888
604889
604894
604957
604958
604980
605030
605038
605050
605074
605108
605109
605131
605132
605134
605184
605201
605299
605361
605379
605382
605433
605445
605446
605465
605515
605556
605561
605562
605608
605613
605649
605696
605705
605758
605758
605773
605789
605797
605817
605831
605853
605876
605917
605964
605980
605988
606020
606068
606073
606096
606103
606112
606120
606130
606138
606152
606159
606181
606188
606191
606215
606222
606228
606244
606257
606268
606278
606293
606300
606331
606338
606350
606408
606422
606488
606522
606534
606552
606555
606560
606571
606571
606587
606608
606632
606644
606644
606662
606678
606690
606697
606716
606755
606767
606772
606785
606791
606804
606804
606806
606837
606863
606873
606953
607020
607051
607056
607067
607080
607099
607104
607111
607116
607120
607148
607153
607225
607242
607253
607283
607307
607313
607338
607373
607410
607420
607459
607492
607495
607540
607559
607562
607565
607566
607601
607614
607672
607673
607673
607695
607705
607742
607754
607755
607755
607760
607816
607820
607838
607865
607922
607930
607933
607942
607987
608006
608021
608045
608045
608054
608064
608094
608101
608131
608170
608179
608220
608251
608270
608270
608307
608329
608351
608381
608391
608392
608393
608424
608486
608513
608515
608550
608551
608563
608566
608625
608646
608646
608657
608701
608713
608722
608748
608793
608802
608833
608838
608861
608864
608914
608933
608943
608961
608976
608995
609006
609065
609084
609113
609150
609158
609208
609213
609221
609230
609277
609297
609305
609344
609384
609411
609423
609452
609467
609478
609558
609585
609599
609602
609642
609647
609648
609660
609669
609669
609696
609746
609751
609871
609882
609897
609946
609969
609979
609981
609993
610008
610035
610039
610043
610050
610069
610094
610095
610145
610158
610164
610165
610177
610194
610217
610256
610278
610280
610288
610304
610310
610315
610342
610343
610388
610392
610415
610437
610441
610451
610455
610507
610538
610541
610556
610576
610621
610622
610638
610646
610657
610676
610679
610738
610785
610797
610799
610807
610829
610895
610897
610907
610939
610958
610959
610974
611014
611016
611032
611083
611085
611112
611184
611190
611195
611215
611219
611226
611263
611310
611344
611362
611384
611399
611482
611487
611528
611533
611561
611625
611645
611664
611674
611677
611746
611762
611768
611771
611781
611807
611809
611812
611820
611846
611850
611916
611923
611934
611936
611940
612008
612091
612117
612146
612183
612193
612244
612250
612302
612307
612316
612358
612391
612433
612448
612448
612453
612521
612537
612557
612569
612610
612620
612637
612650
612680
612694
612700
612730
612790
612793
612794
612848
612862
612943
612948
612954
612969
613005
613018
613051
613068
613077
613080
613087
613106
613127
613151
613160
613166
613185
613190
613224
613227
613237
613267
613268
613278
613287
613306
613308
613316
613348
613360
613389
613400
613431
613435
613439
613459
613462
613523
613543
613553
613562
613571
613578
613581
613586
613591
613597
613617
613707
613717
613727
613735
613748
613749
613784
613812
613822
613876
613881
613907
613908
613910
613948
614010
614022
614046
614047
614053
614094
614125
614151
614153
614153
614160
614166
614222
614259
614354
614375
614430
614443
614459
614461
614475
614477
614504
614522
614574
614640
614659
614679
614681
614759
614780
614794
614819
614846
614857
614881
614895
614906
614907
614967
614974
614985
615020
615085
615097
615108
615148
615176
615201
615216
615223
615223
615252
615253
615256
615385
615420
615430
615444
615489
615498
615515
615515
615516
615526
615534
615541
615569
615573
615681
615697
615711
615716
615753
615755
615787
615801
615873
615889
615944
615979
615988
615998
616012
616019
616035
616061
616075
616084
616085
616126
616158
616219
616239
616242
616246
616249
616267
616339
616341
616344
616462
616476
616509
616530
616566
616628
616646
616689
616698
616705
616710
616726
616738
616795
616796
616835
616836
616846
616885
616889
616905
616906
616922
616922
617001
617015
617035
617062
617084
617110
617121
617123
617150
617153
617189
617216
617228
617252
617285
617286
617328
617332
617464
617473
617480
617496
617497
617530
617556
617626
617646
617676
617677
617680
617680
617683
617687
617713
617727
617728
617748
617757
617761
617762
617785
617787
617818
617874
617882
617888
617912
617935
617954
617956
617959
617967
617974
617977
617993
618016
618022
618153
618164
618220
618241
618287
618336
618339
618374
618394
618453
618460
618520
618529
618530
618547
618565
618568
618569
618572
618598
618678
618685
618724
618751
618767
618774
618785
618792
618845
618851
618921
618934
618938
618958
618973
618983
619011
619021
619072
619119
619136
619185
619213
619225
619242
619250
619251
619254
619259
619300
619302
619303
619303
619308
619336
619343
619364
619379
619379
619444
619489
619520
619530
619532
619552
619564
619572
619575
619582
619583
619600
619643
619694
619706
619730
619755
619782
619782
619807
619838
619876
619914
619941
619955
619978
619993
620023
620023
620074
620079
620124
620192
620202
620213
620214
620238
620276
620281
620286
620290
620348
620449
620497
620526
620551
620601
620663
620666
620707
620769
620833
620849
620851
620865
620869
620895
620910
620986
620998
621056
621073
621082
621086
621109
621131
621135
621159
621251
621284
621302
621318
621328
621343
621358
621403
621436
621441
621471
621521
621559
621588
621614
621630
621640
621693
621694
621712
621732
621738
621757
621798
621817
621827
621830
621854
621867
621897
621939
621957
621976
621994
622005
622007
622010
622014
622014
622028
622040
622101
622107
622138
622153
622158
622185
622214
622259
622289
622301
622304
622323
622347
622380
622415
622433
622444
622450
622461
622470
622475
622482
622503
622514
622591
622646
622659
622663
622683
622716
622748
622779
622789
622794
622796
622814
622819
622827
622830
622855
622862
622895
622905
622914
622931
622986
622995
623003
623067
623081
623120
623128
623164
623197
623198
623207
623278
623299
623314
623360
623364
623366
623393
623395
623406
623432
623433
623439
623462
623491
623526
623529
623534
623569
623575
623585
623595
623626
623631
623631
623637
623645
623652
623690
623724
623727
623732
623736
623769
623809
623816
623841
623867
623875
623879
623902
623922
623926
623938
623967
623974
624058
624119
624136
624151
624161
624224
624317
624330
624349
624352
624359
624368
624376
624409
624416
624420
624422
624437
624449
624459
624470
624472
624492
624492
624502
624542
624545
624593
624598
624619
624654
624693
624718
624719
624730
624755
624804
624829
624832
624869
624892
624899
624909
624923
624936
624974
625017
625022
625030
625062
625063
625090
625116
625151
625174
625175
625181
625181
625189
625241
625250
625258
625294
625301
625311
625318
625339
625351
625384
625392
625396
625440
625447
625507
625510
625518
625529
625540
625557
625564
625582
625602
625606
625624
625654
625655
625660
625671
625678
625749
625761
625769
625790
625802
625889
625894
625918
625922
625944
625953
625956
625970
625994
626006
626026
626071
626139
626298
626299
626309
626328
626351
626358
626382
626429
626464
626466
626480
626535
626553
626604
626618
626626
626639
626667
626695
626697
626706
626729
626747
626762
626783
626796
626806
626831
626836
626841
626846
626847
626857
626863
626864
626896
627024
627029
627042
627050
627122
627125
627156
627183
627243
627245
627271
627276
627293
627315
627362
627372
627403
627431
627437
627480
627486
627499
627510
627523
627543
627551
627555
627585
627602
627604
627670
627678
627682
627692
627700
627757
627758
627770
627811
627851
627852
627872
627947
628028
628028
628083
628096
628120
628141
628145
628149
628154
628161
628176
628178
628208
628229
628233
628254
628282
628293
628299
628300
628309
628339
628352
628358
628372
628382
628411
628414
628449
628458
628461
628468
628470
628478
628480
628484
628492
628501
628504
628515
628518
628526
628529
628537
628553
628559
628585
628602
628614
628635
628638
628681
628693
628698
628712
628718
628749
628750
628781
628795
628799
628805
628824
628855
628862
628877
628921
628939
629003
629050
629075
629080
629134
629153
629153
629180
629186
629199
629204
629207
629207
629254
629254
629273
629311
629358
629392
629410
629415
629415
629421
629437
629455
629463
629470
629472
629487
629495
629510
629511
629530
629540
629548
629636
629651
629659
629669
629776
629807
629816
629833
629844
629854
629859
629882
629921
629998
630065
630148
630150
630177
630216
630222
630255
630282
630332
630342
630403
630415
630421
630444
630449
630465
630472
630522
630551
630617
630645
630658
630672
630677
630678
630690
630707
630723
630757
630775
630788
630838
630841
630842
630852
630886
630900
630905
630907
630933
630946
630958
630984
631020
631034
631050
631080
631108
631137
631143
631164
631235
631260
631264
631273
631307
631341
631369
631440
631467
631473
631503
631541
631567
631583
631646
631652
631709
631773
631775
631796
631813
631869
631893
631938
631955
631956
631987
632031
632033
632041
632043
632049
632050
632063
632075
632092
632096
632150
632166
632173
632200
632210
632216
632220
632224
632240
632253
632256
632261
632266
632280
632315
632322
632323
632337
632404
632453
632458
632473
632485
632491
632495
632497
632515
632539
632577
632639
632644
632667
632692
632693
632706
632734
632753
632763
632771
632786
632826
632831
632873
632877
632882
632920
632938
632953
632959
633038
633057
633063
633091
633107
633121
633150
633166
633175
633179
633189
633240
633245
633252
633253
633267
633350
633367
633368
633393
633418
633426
633432
633467
633471
633473
633509
633543
633567
633590
633653
633659
633721
633734
633757
633836
633844
633874
633908
633940
634021
634029
634070
634072
634083
634182
634183
634211
634264
634270
634279
634307
634333
634333
634333
634359
634409
634418
634446
634454
634486
634487
634540
634556
634606
634609
634639
634692
634695
634737
634747
634753
634851
634874
634904
634925
634931
634933
634934
634938
634960
634970
634976
634999
635009
635009
635016
635031
635057
635091
635149
635163
635166
635196
635204
635206
635207
635212
635251
635294
635305
635332
635351
635372
635374
635380
635408
635433
635447
635465
635483
635512
635518
635526
635529
635531
635545
635592
635596
635637
635668
635699
635709
635715
635729
635731
635745
635759
635768
635777
635817
635835
635940
635950
635968
635982
635992
636037
636062
636067
636070
636078
636116
636128
636131
636159
636171
636173
636189
636240
636274
636285
636290
636290
636296
636317
636317
636324
636330
636347
636367
636372
636384
636415
636446
636534
636544
636582
636592
636610
636612
636612
636645
636674
636684
636714
636725
636740
636760
636849
636852
636874
636874
636887
636894
636914
636920
636924
636932
636943
636949
636955
636967
636991
637021
637047
637057
637096
637124
637131
637152
637201
637221
637225
637254
637299
637305
637314
637382
637382
637386
637388
637401
637407
637431
637494
637501
637504
637507
637516
637526
637535
637536
637539
637597
637600
637639
637748
637756
637757
637765
637784
637785
637804
637808
637828
637832
637848
637858
637860
637886
637948
637950
637958
637960
637980
637981
638047
638058
638086
638088
638109
638126
638147
638163
638198
638224
638235
638258
638267
638274
638302
638332
638333
638335
638352
638372
638376
638382
638384
638398
638411
638499
638528
638530
638533
638545
638551
638556
638568
638582
638638
638645
638672
638690
638692
638707
638769
638776
638778
638799
638812
638814
638816
638841
638851
638880
638897
638903
638906
638926
638934
638941
638950
638971
638986
639002
639019
639030
639048
639072
639090
639122
639195
639206
639207
639223
639236
639241
639273
639286
639327
639369
639425
639430
639445
639470
639483
639498
639548
639551
639554
639562
639585
639589
639617
639638
639642
639664
639686
639698
639730
639744
639774
639778
639785
639796
639799
639841
639843
639853
639882
639884
639899
639921
639927
639931
639952
639972
639986
640010
640039
640051
640054
640074
640105
640148
640171
640179
640181
640206
640229
640231
640240
640260
640261
640284
640299
640305
640329
640353
640367
640407
640417
640424
640448
640489
640497
640507
640553
640562
640577
640591
640600
640607
640613
640637
640647
640652
640693
640694
640703
640726
640764
640779
640796
640808
640827
640867
640886
640899
640924
640940
640964
640979
640980
640987
641011
641012
641025
641047
641060
641078
641144
641192
641194
641216
641229
641237
641252
641257
641257
641259
641264
641293
641299
641304
641304
641356
641370
641391
641442
641447
641454
641460
641469
641497
641498
641498
641500
641523
641544
641636
641662
641667
641676
641680
641707
641724
641736
641747
641773
641780
641792
641794
641795
641828
641836
641838
641863
641890
641908
641908
641926
641928
642006
642014
642049
642062
642099
642125
642157
642210
642214
642229
642235
642239
642269
642297
642301
642316
642330
642350
642426
642483
642488
642488
642511
642556
642591
642614
642618
642621
642631
642650
642667
642704
642723
642789
642826
642829
642832
642837
642850
642872
642919
642922
642928
642942
642945
642956
642956
642981
642996
643017
643037
643060
643085
643102
643108
643147
643179
643203
643211
643219
643219
643254
643267
643296
643330
643367
643383
643457
643460
643461
643470
643486
643516
643561
643652
643664
643681
643685
643694
643731
643744
643757
643779
643785
643794
643831
643842
643851
643855
643884
643937
643999
644000
644025
644026
644036
644051
644055
644072
644074
644080
644085
644090
644128
644163
644169
644222
644223
644224
644226
644238
644276
644284
644307
644314
644315
644369
644374
644408
644428
644432
644461
644471
644479
644498
644514
644560
644571
644621
644627
644649
644683
644694
644695
644702
644708
644735
644780
644799
644808
644836
644864
644872
644891
644948
644952
644980
644992
645020
645051
645071
645072
645077
645110
645120
645129
645141
645144
645145
645150
645167
645208
645209
645217
645308
645319
645340
645371
645374
645397
645420
645427
645431
645544
645553
645579
645585
645613
645628
645639
645655
645695
645696
645753
645779
645785
645860
645863
645874
645904
645911
645913
645928
646016
646019
646033
646089
646104
646107
646112
646153
646158
646161
646171
646173
646182
646205
646250
646263
646268
646292
646316
646328
646328
646360
646415
646426
646445
646467
646474
646488
646493
646548
646567
646609
646618
646659
646673
646696
646734
646740
646751
646753
646786
646801
646826
646848
646853
646898
646909
646935
646958
646973
646981
646991
646991
647009
647033
647063
647074
647099
647103
647120
647131
647147
647190
647198
647212
647219
647222
647225
647261
647262
647272
647282
647291
647325
647360
647374
647389
647479
647481
647502
647584
647620
647671
647677
647680
647701
647703
647707
647731
647744
647765
647779
647802
647808
647836
647838
647856
647866
647903
647907
647927
647949
647974
647991
647996
648008
648029
648060
648067
648072
648085
648104
648124
648131
648131
648145
648198
648256
648278
648280
648299
648310
648330
648345
648378
648380
648397
648399
648402
648417
648423
648436
648463
648471
648480
648507
648547
648550
648562
648569
648619
648625
648658
648675
648684
648689
648693
648714
648737
648746
648773
648788
648820
648821
648828
648849
648870
648892
648892
648994
649002
649034
649049
649065
649104
649105
649113
649163
649186
649198
649253
649254
649260
649271
649289
649289
649291
649358
649359
649372
649392
649452
649459
649536
649543
649571
649573
649594
649603
649605
649620
649634
649638
649681
649691
649699
649710
649741
649774
649806
649815
649825
649837
649840
649873
649926
649926
649997
650015
650016
650033
650039
650115
650151
650187
650190
650250
650275
650276
650307
650309
650317
650317
650328
650341
650343
650355
650368
650421
650422
650422
650460
650462
650501
650501
650502
650514
650540
650542
650558
650567
650601
650623
650623
650640
650646
650686
650698
650720
650746
650829
650855
650856
650874
650877
650919
650931
650955
650968
650983
651014
651057
651063
651071
651077
651092
651101
651136
651146
651147
651231
651237
651247
651263
651269
651269
651279
651284
651325
651367
651387
651395
651416
651441
651446
651447
651455
651487
651520
651522
651549
651555
651556
651580
651594
651599
651612
651614
651656
651673
651681
651689
651702
651705
651719
651755
651771
651804
651824
651843
651859
651864
651886
651915
651958
651969
651978
652015
652023
652029
652042
652043
652066
652081
652097
652176
652190
652203
652228
652245
652249
652321
652332
652409
652440
652514
652521
652552
652559
652587
652597
652614
652643
652644
652657
652660
652662
652669
652671
652676
652678
652719
652729
652738
652746
652779
652811
652817
652826
652832
652848
652856
652886
652899
652920
652949
652974
652984
653038
653074
653108
653118
653148
653261
653306
653310
653313
653324
653341
653355
653355
653367
653385
653413
653422
653438
653458
653468
653518
653538
653554
653580
653610
653633
653644
653661
653663
653726
653732
653736
653774
653793
653798
653799
653828
653840
653866
653878
653886
653901
653920
653987
653991
654083
654086
654091
654150
654170
654182
654195
654207
654213
654217
654246
654260
654275
654282
654289
654298
654305
654337
654351
654363
654378
654390
654397
654409
654411
654421
654436
654440
654442
654464
654508
654512
654531
654548
654582
654592
654635
654646
654663
654668
654725
654733
654753
654762
654765
654784
654850
654868
654926
654932
654953
654983
654999
655010
655014
655020
655051
655053
655069
655082
655105
655125
655143
655170
655171
655215
655220
655225
655229
655240
655243
655245
655255
655280
655283
655319
655341
655364
655416
655542
655578
655614
655626
655637
655639
655640
655640
655654
655710
655716
655770
655774
655776
655789
655816
655834
655835
655878
655916
655917
655952
655997
656000
656014
656022
656111
656125
656169
656184
656204
656210
656272
656289
656300
656311
656346
656351
656375
656376
656383
656406
656447
656464
656473
656506
656509
656520
656566
656636
656669
656676
656680
656726
656766
656775
656808
656810
656814
656820
656831
656838
656901
656943
656945
656998
657007
657022
657034
657038
657040
657043
657044
657047
657088
657132
657138
657182
657183
657242
657258
657263
657266
657293
657321
657341
657346
657353
657426
657434
657436
657463
657469
657501
657511
657512
657523
657542
657556
657580
657602
657638
657639
657653
657693
657696
657706
657739
657740
657742
657743
657779
657799
657813
657817
657821
657828
657854
657866
657880
657884
657891
657899
657924
657938
657979
657984
658039
658048
658094
658095
658115
658134
658200
658278
658294
658324
658387
658407
658439
658465
658484
658485
658496
658504
658510
658534
658568
658583
658634
658646
658661
658663
658666
658679
658738
658765
658780
658783
658786
658799
658829
658854
658858
658863
658892
658944
658969
659008
659028
659052
659065
659075
659082
659105
659119
659138
659147
659152
659161
659238
659238
659259
659282
659316
659359
659365
659410
659421
659435
659475
659477
659486
659535
659539
659549
659551
659556
659567
659599
659622
659684
659687
659710
659717
659720
659737
659792
659928
659936
659938
659943
659949
659963
659970
659981
659992
660017
660024
660057
660066
660068
660148
660150
660174
660190
660207
660216
660246
660301
660318
660323
660323
660329
660336
660346
660348
660361
660373
660388
660406
660414
660447
660451
660467
660472
660475
660479
660481
660499
660514
660566
660594
660639
660663
660714
660735
660739
660753
660761
660811
660813
660823
660839
660853
660853
660892
660898
660925
660931
660934
660936
660941
660944
660977
660997
660998
661050
661098
661116
661179
661183
661207
661223
661268
661301
661307
661323
661325
661331
661335
661341
661379
661381
661392
661396
661437
661444
661447
661457
661476
661493
661531
661533
661540
661542
661544
661555
661582
661589
661604
661616
661634
661635
661651
661679
661695
661706
661714
661727
661733
661735
661741
661758
661768
661818
661843
661854
661879
661881
661889
661934
661946
661964
661976
661997
662010
662046
662051
662059
662085
662094
662194
662327
662341
662351
662356
662360
662360
662365
662398
662416
662434
662465
662484
662496
662497
662507
662526
662550
662588
662613
662614
662618
662626
662717
662738
662753
662758
662758
662778
662780
662851
662887
662929
662979
662984
663003
663010
663033
663045
663062
663081
663159
663264
663334
663360
663367
663418
663425
663430
663430
663439
663497
663505
663527
663553
663583
663595
663597
663643
663643
663652
663663
663682
663700
663700
663701
663711
663734
663745
663776
663857
663882
663904
663938
663997
664025
664034
664049
664062
664068
664070
664097
664101
664107
664111
664117
664138
664145
664182
664209
664217
664221
664228
664258
664286
664300
664337
664352
664355
664370
664375
664378
664398
664408
664439
664457
664494
664516
664536
664566
664574
664594
664629
664695
664699
664720
664732
664746
664751
664762
664822
664847
664862
664888
664933
664942
664958
664968
664975
665003
665015
665100
665102
665134
665187
665207
665288
665310
665357
665360
665378
665429
665446
665463
665478
665490
665506
665516
665536
665542
665548
665552
665617
665619
665627
665627
665628
665653
665659
665677
665681
665695
665707
665720
665736
665742
665749
665752
665811
665813
665899
665902
665933
665944
665944
665956
665957
665977
665992
665996
666018
666028
666040
666041
666055
666062
666093
666112
666112
666115
666116
666118
666143
666146
666158
666162
666167
666185
666195
666219
666244
666245
666249
666263
666270
666298
666300
666372
666436
666488
666491
666515
666527
666567
666569
666571
666666
666668
666683
666684
666707
666725
666750
666809
666865
666898
666946
666971
666983
666988
666991
667031
667038
667071
667080
667082
667113
667127
667137
667138
667170
667191
667193
667197
667240
667253
667273
667310
667387
667389
667404
667427
667487
667506
667559
667621
667625
667711
667723
667751
667751
667783
667783
667810
667821
667827
667859
667886
667894
667896
667943
667950
667950
667951
668011
668015
668021
668032
668032
668066
668075
668075
668095
668113
668123
668138
668148
668151
668157
668179
668192
668218
668232
668240
668310
668314
668325
668334
668369
668379
668427
668429
668517
668524
668531
668538
668549
668559
668578
668587
668594
668638
668682
668685
668715
668718
668724
668749
668752
668803
668851
668861
668913
668914
668940
668957
668969
668978
669019
669022
669092
669102
669121
669153
669163
669176
669180
669195
669213
669219
669248
669274
669293
669360
669363
669366
669368
669369
669414
669429
669450
669474
669479
669497
669502
669538
669548
669584
669588
669612
669614
669647
669675
669687
669702
669719
669723
669737
669809
669825
669827
669854
669873
669945
669975
669975
670042
670048
670139
670141
670155
670169
670176
670258
670261
670262
670264
670282
670318
670328
670351
670354
670368
670375
670377
670402
670442
670451
670467
670490
670515
670530
670533
670545
670560
670570
670600
670605
670643
670694
670695
670702
670738
670756
670763
670806
670874
670934
670944
670948
670994
671072
671096
671105
671112
671117
671131
671192
671207
671223
671248
671286
671297
671309
671318
671340
671342
671367
671374
671390
671390
671390
671415
671444
671484
671508
671521
671523
671554
671587
671594
671607
671622
671657
671692
671692
671693
671718
671750
671773
671783
671794
671834
671843
671865
671873
671910
671910
671914
671915
671953
671962
671971
671974
671992
672006
672048
672065
672085
672190
672192
672194
672209
672235
672249
672252
672258
672266
672276
672283
672294
672312
672314
672316
672316
672340
672381
672390
672397
672409
672411
672412
672432
672446
672469
672506
672569
672608
672627
672647
672663
672704
672716
672728
672732
672738
672765
672771
672774
672827
672882
672923
672934
672945
672957
672963
673053
673070
673085
673103
673115
673171
673204
673268
673302
673330
673335
673356
673359
673359
673400
673406
673419
673433
673439
673459
673460
673469
673490
673495
673533
673541
673557
673563
673570
673599
673601
673604
673629
673631
673632
673673
673684
673713
673738
673740
673744
673747
673828
673883
673895
673928
673957
674000
674015
674067
674111
674128
674130
674245
674296
674298
674302
674356
674358
674420
674444
674473
674486
674496
674549
674588
674638
674648
674656
674666
674693
674710
674710
674731
674759
674769
674828
674854
674863
674899
674917
674949
674964
674965
674967
674975
674981
674981
675038
675070
675160
675162
675239
675245
675250
675261
675290
675306
675307
675314
675319
675326
675330
675373
675382
675422
675430
675431
675445
675454
675458
675494
675506
675507
675548
675564
675606
675627
675648
675668
675693
675710
675730
675751
675772
675787
675840
675882
675894
675904
675906
675932
675937
675953
675954
675956
676016
676086
676099
676128
676152
676167
676191
676200
676220
676226
676251
676272
676331
676352
676358
676369
676394
676432
676484
676499
676533
676536
676610
676619
676695
676712
676750
676759
676776
676778
676822
676853
676860
676872
676952
676959
677017
677021
677065
677066
677071
677081
677090
677091
677093
677125
677130
677143
677151
677176
677179
677194
677205
677238
677247
677259
677370
677373
677430
677436
677443
677467
677476
677498
677509
677509
677517
677526
677554
677560
677563
677574
677583
677585
677591
677623
677671
677695
677718
677720
677747
677754
677785
677790
677811
677825
677848
677878
677884
677889
677898
677899
677920
677933
677956
677960
677971
677974
678038
678067
678069
678073
678110
678124
678133
678140
678145
678176
678183
678238
678313
678328
678351
678388
678393
678397
678398
678401
678447
678513
678526
678542
678580
678583
678596
678611
678633
678641
678649
678673
678695
678696
678708
678712
678728
678790
678819
678918
678926
678938
678977
679000
679000
679006
679011
679022
679052
679116
679141
679210
679244
679246
679252
679276
679287
679290
679309
679338
679349
679355
679358
679397
679401
679402
679419
679448
679473
679594
679599
679604
679613
679642
679671
679673
679717
679722
679723
679733
679763
679784
679786
679797
679821
679890
679925
679929
679936
679942
679986
679991
679992
680003
680024
680029
680073
680086
680116
680121
680131
680144
680156
680160
680201
680227
680238
680301
680323
680347
680360
680364
680378
680384
680394
680513
680547
680559
680561
680567
680584
680587
680593
680621
680625
680629
680662
680681
680684
680710
680720
680742
680752
680781
680839
680844
680897
680909
680912
680918
680973
680984
681020
681023
681031
681034
681039
681061
681067
681081
681110
681134
681153
681154
681191
681215
681281
681318
681368
681397
681436
681484
681496
681507
681559
681563
681576
681592
681628
681629
681647
681691
681699
681725
681778
681781
681797
681819
681846
681854
681859
681875
681886
681972
681993
682031
682043
682045
682077
682099
682123
682126
682155
682166
682183
682196
682205
682209
682214
682231
682245
682259
682276
682308
682319
682337
682342
682342
682344
682362
682386
682421
682428
682430
682468
682484
682521
682528
682564
682615
682617
682634
682638
682679
682692
682717
682752
682762
682772
682772
682790
682792
682800
682803
682818
682843
682848
682864
682872
682892
682893
682942
682949
682952
682978
682982
683024
683045
683056
683062
683069
683093
683103
683157
683210
683211
683222
683225
683229
683251
683267
683271
683285
683300
683304
683305
683319
683374
683460
683479
683494
683512
683536
683536
683565
683565
683586
683587
683602
683635
683651
683655
683666
683671
683694
683758
683785
683827
683892
683906
683911
683911
683922
683923
683931
683952
683959
683992
684007
684022
684047
684110
684112
684117
684126
684142
684167
684176
684214
684217
684222
684229
684237
684262
684279
684285
684293
684298
684322
684348
684386
684400
684452
684491
684506
684521
684541
684557
684568
684577
684587
684590
684629
684669
684699
684703
684733
684746
684750
684768
684783
684842
684850
684916
684925
684928
684940
684955
684965
684977
684988
684990
684993
685045
685057
685137
685149
685158
685170
685180
685196
685201
685208
685219
685227
685236
685267
685322
685331
685357
685361
685385
685390
685409
685434
685452
685473
685493
685495
685504
685534
685612
685627
685634
685645
685659
685691
685714
685731
685733
685770
685770
685782
685796
685810
685855
685861
685865
685899
685917
685926
685930
685963
685977
686000
686030
686038
686050
686104
686120
686145
686168
686168
686190
686282
686286
686305
686332
686334
686346
686353
686386
686445
686448
686451
686506
686514
686529
686539
686555
686624
686640
686680
686699
686700
686720
686724
686728
686742
686789
686802
686871
686914
686956
686967
686983
686988
687040
687057
687142
687159
687173
687178
687192
687199
687200
687203
687324
687330
687330
687333
687346
687354
687416
687449
687467
687476
687509
687518
687531
687540
687570
687628
687676
687698
687717
687728
687735
687765
687771
687835
687871
687904
687916
687932
687941
687969
687986
688002
688007
688020
688060
688066
688097
688102
688112
688117
688130
688180
688219
688221
688254
688264
688286
688341
688352
688359
688368
688400
688402
688420
688455
688539
688540
688549
688556
688589
688653
688671
688677
688704
688721
688750
688752
688830
688839
688840
688855
688865
688886
688896
688907
688910
688957
688993
689003
689039
689049
689079
689107
689110
689130
689136
689152
689154
689188
689231
689262
689306
689307
689311
689314
689319
689330
689333
689345
689345
689358
689373
689394
689405
689442
689464
689542
689550
689563
689568
689579
689592
689598
689656
689699
689704
689723
689724
689734
689741
689746
689757
689775
689798
689828
689834
689855
689868
689872
689885
689908
689943
689945
690012
690019
690021
690024
690054
690075
690077
690099
690103
690109
690121
690124
690283
690293
690296
690344
690347
690371
690423
690444
690452
690465
690481
690495
690571
690572
690605
690620
690631
690680
690709
690710
690760
690787
690810
690814
690827
690864
690901
690921
690944
690952
690965
690978
691051
691055
691112
691116
691134
691148
691172
691179
691212
691226
691262
691287
691362
691374
691391
691426
691446
691450
691485
691485
691486
691519
691521
691567
691578
691580
691586
691600
691613
691629
691630
691641
691654
691654
691676
691703
691711
691749
691780
691803
691805
691810
691834
691853
691877
691878
691896
691898
691909
691910
691938
691969
691982
691989
691995
692006
692010
692052
692059
692066
692074
692094
692101
692127
692134
692144
692197
692199
692218
692218
692226
692272
692313
692324
692411
692450
692487
692502
692514
692573
692573
692574
692600
692632
692637
692687
692691
692719
692731
692745
692766
692776
692802
692829
692840
692843
692876
692887
692899
693030
693035
693087
693104
693137
693167
693198
693203
693310
693318
693320
693416
693428
693493
693505
693518
693565
693572
693578
693599
693624
693625
693626
693626
693631
693649
693663
693682
693741
693811
693838
693853
693876
693903
693929
693949
693961
693970
693990
694024
694060
694096
694118
694128
694146
694206
694222
694233
694254
694261
694268
694299
694304
694313
694319
694339
694345
694377
694389
694391
694393
694446
694451
694456
694507
694533
694540
694619
694626
694680
694722
694726
694747
694801
694813
694850
694879
694886
694895
694914
694931
694932
694938
694945
695023
695051
695066
695078
695083
695091
695102
695104
695127
695132
695162
695259
695294
695330
695340
695353
695388
695435
695437
695450
695451
695453
695481
695481
695484
695491
695497
695511
695520
695557
695570
695582
695600
695640
695642
695664
695703
695707
695710
695710
695730
695734
695766
695835
695924
695924
695981
695983
695993
696006
696047
696076
696134
696139
696150
696191
696210
696225
696233
696239
696264
696266
696270
696277
696308
696333
696346
696357
696386
696400
696458
696509
696525
696552
696573
696648
696658
696667
696679
696690
696730
696769
696781
696782
696800
696878
696898
696917
696932
696935
696949
696981
697016
697017
697023
697045
697059
697115
697144
697196
697196
697212
697224
697232
697270
697277
697285
697340
697363
697374
697379
697393
697479
697484
697495
697520
697520
697542
697573
697579
697604
697641
697648
697650
697672
697674
697675
697722
697727
697728
697733
697748
697758
697763
697764
697816
697817
697830
697844
697845
697883
697911
697940
697959
697993
698019
698034
698063
698068
698122
698141
698146
698149
698194
698198
698227
698255
698293
698328
698365
698387
698403
698422
698459
698463
698471
698511
698551
698551
698554
698601
698601
698613
698621
698624
698630
698632
698672
698699
698707
698709
698714
698715
698724
698729
698765
698797
698810
698821
698874
698930
698979
698990
698992
699000
699009
699043
699056
699064
699077
699081
699084
699122
699130
699135
699151
699164
699167
699171
699175
699175
699180
699184
699184
699230
699240
699241
699258
699280
699290
699296
699330
699340
699341
699358
699374
699379
699401
699413
699418
699422
699455
699464
699466
699509
699520
699543
699558
699559
699583
699595
699610
699614
699621
699651
699728
699734
699749
699754
699812
699828
699857
699860
699873
699988
700024
700028
700028
700033
700034
700054
700055
700111
700116
700127
700197
700208
700211
700252
700274
700289
700363
700369
700389
700395
700408
700419
700429
700443
700457
700460
700482
700497
700530
700556
700653
700658
700706
700706
700708
700725
700753
700754
700762
700765
700769
700775
700779
700811
700826
700883
700916
700935
700944
700945
700953
700958
700996
701002
701012
701040
701042
701070
701096
701099
701103
701120
701158
701189
701206
701220
701221
701221
701223
701283
701320
701327
701357
701371
701384
701396
701450
701456
701479
701484
701488
701545
701548
701555
701612
701655
701660
701699
701718
701722
701727
701729
701765
701784
701800
701814
701827
701906
701920
701946
701950
701972
702005
702032
702033
702037
702048
702070
702072
702078
702110
702131
702145
702150
702156
702167
702186
702208
702225
702226
702233
702258
702262
702272
702304
702315
702412
702421
702440
702448
702487
702493
702534
702540
702540
702647
702652
702653
702658
702676
702686
702744
702771
702781
702824
702865
702875
702877
702880
702943
702968
703021
703080
703087
703090
703100
703127
703133
703138
703176
703195
703228
703232
703257
703266
703291
703293
703304
703322
703352
703361
703366
703382
703406
703424
703536
703541
703563
703602
703626
703639
703648
703650
703662
703667
703701
703705
703712
703750
703763
703797
703851
703852
703855
703930
703953
704043
704045
704051
704061
704091
704094
704104
704116
704126
704158
704159
704164
704204
704215
704241
704257
704315
704337
704348
704413
704414
704415
704460
704476
704482
704495
704496
704497
704507
704517
704519
704519
704525
704555
704574
704577
704614
704615
704623
704635
704688
704715
704734
704737
704766
704808
704835
704890
704898
704910
704916
704918
704929
704959
704961
704966
704994
705004
705007
705051
705079
705084
705105
705132
705135
705213
705223
705235
705242
705267
705288
705300
705329
705338
705370
705370
705386
705397
705435
705541
705570
705574
705581
705592
705618
705621
705652
705653
705655
705658
705685
705757
705762
705767
705785
705817
705823
705866
705872
705901
705929
705956
706006
706029
706037
706051
706051
706070
706078
706105
706151
706158
706159
706176
706211
706245
706246
706266
706276
706291
706300
706308
706316
706349
706376
706385
706400
706401
706409
706413
706413
706433
706468
706513
706533
706538
706561
706610
706625
706650
706652
706687
706692
706743
706780
706787
706830
706845
706913
706932
706942
706961
706977
706990
707022
707026
707063
707068
707091
707103
707126
707187
707190
707215
707255
707271
707298
707350
707360
707373
707377
707389
707410
707412
707415
707419
707424
707497
707516
707519
707530
707539
707583
707631
707696
707709
707727
707735
707747
707759
707801
707819
707834
707871
707875
707888
707920
707924
707929
707929
707994
708034
708047
708049
708056
708069
708078
708130
708135
708148
708157
708163
708231
708237
708269
708276
708288
708340
708342
708351
708450
708452
708475
708491
708493
708508
708521
708562
708576
708577
708580
708590
708606
708611
708629
708653
708658
708665
708673
708705
708709
708715
708836
708837
708863
708881
708904
708935
709015
709063
709069
709078
709090
709105
709180
709193
709225
709225
709241
709250
709291
709334
709353
709366
709374
709387
709388
709403
709414
709417
709426
709435
709461
709479
709487
709493
709497
709497
709499
709536
709540
709541
709585
709586
709606
709606
709624
709661
709679
709724
709730
709745
709748
709752
709807
709817
709853
709855
709863
709896
709902
709903
709936
709956
709976
709976
710025
710044
710049
710054
710054
710090
710092
710096
710125
710155
710155
710189
710211
710215
710223
710253
710262
710266
710271
710320
710394
710404
710422
710451
710465
710533
710542
710581
710591
710604
710612
710636
710644
710648
710652
710721
710724
710737
710747
710755
710765
710773
710784
710793
710810
710812
710821
710855
710880
710888
710907
710909
710932
710969
710982
711004
711021
711032
711033
711061
711063
711070
711084
711086
711124
711150
711157
711188
711201
711208
711244
711284
711295
711364
711372
711381
711418
711424
711432
711435
711441
711457
711462
711485
711489
711523
711561
711595
711618
711625
711671
711676
711701
711720
711745
711746
711746
711758
711771
711778
711848
711881
711911
711915
711925
711976
711980
711995
712004
712027
712031
712040
712047
712056
712062
712080
712082
712095
712133
712147
712170
712188
712193
712198
712207
712258
712275
712289
712308
712326
712382
712385
712403
712457
712492
712532
712536
712544
712549
712573
712574
712578
712606
712652
712671
712675
712694
712701
712706
712747
712751
712766
712845
712848
712860
712872
712884
712941
712947
712971
712974
712982
713001
713005
713032
713074
713088
713111
713115
713123
713139
713225
713241
713250
713309
713320
713339
713386
713432
713451
713461
713470
713475
713488
713529
713605
713612
713617
713661
713672
713734
713756
713820
713860
713878
713897
713921
713938
713941
714008
714011
714015
714110
714112
714127
714139
714151
714163
714177
714194
714205
714211
714221
714247
714250
714260
714280
714386
714403
714405
714420
714425
714450
714504
714504
714554
714588
714611
714644
714671
714676
714697
714777
714781
714781
714783
714801
714832
714869
714880
714887
714890
714896
714905
714935
714964
714969
714973
714977
714992
715026
715035
715085
715104
715135
715143
715159
715161
715186
715199
715209
715228
715242
715255
715279
715292
715332
715342
715365
715386
715389
715413
715454
715456
715472
715477
715486
715493
715493
715507
715518
715520
715520
715549
715582
715600
715631
715638
715644
715663
715667
715669
715727
715741
715745
715752
715832
715839
715849
715861
715863
715888
715893
715948
715955
715956
715971
715989
715990
715995
715996
716021
716025
716038
716046
716052
716095
716118
716149
716153
716165
716198
716248
716260
716315
716319
716337
716347
716354
716380
716380
716393
716408
716470
716478
716485
716530
716549
716556
716561
716570
716587
716590
716614
716633
716651
716680
716694
716743
716770
716771
716780
716791
716851
716881
716889
716919
716959
716990
717059
717063
717126
717130
717130
717133
717136
717154
717186
717193
717194
717202
717241
717264
717314
717343
717372
717383
717398
717405
717406
717407
717416
717432
717464
717474
717485
717506
717550
717574
717584
717601
717622
717649
717697
717700
717707
717716
717726
717764
717791
717823
717858
717895
717897
717919
717922
717925
717940
717952
717974
718001
718008
718049
718056
718065
718097
718108
718122
718143
718145
718172
718176
718193
718194
718196
718244
718274
718275
718307
718316
718327
718340
718371
718385
718396
718438
718478
718514
718516
718520
718527
718564
718565
718609
718627
718652
718694
718702
718711
718736
718753
718761
718778
718798
718835
718893
718895
718931
718971
718985
719008
719041
719051
719051
719055
719061
719070
719100
719126
719145
719152
719156
719173
719185
719234
719239
719244
719255
719261
719293
719384
719385
719427
719435
719446
719446
719494
719524
719553
719566
719570
719576
719637
719666
719674
719734
719750
719752
719803
719818
719830
719832
719841
719847
719862
719896
719964
719979
719988
720022
720081
720110
720157
720176
720199
720201
720211
720215
720232
720239
720289
720289
720314
720320
720327
720334
720336
720368
720373
720376
720386
720388
720436
720459
720484
720518
720528
720531
720542
720573
720580
720580
720620
720627
720681
720733
720734
720769
720790
720809
720819
720821
720836
720851
720864
720869
720880
720897
720903
720921
720926
720944
720954
720975
720994
721007
721025
721030
721033
721086
721111
721144
721152
721171
721176
721225
721267
721282
721315
721334
721356
721362
721366
721384
721422
721560
721603
721605
721611
721614
721624
721629
721656
721660
721712
721720
721740
721795
721798
721805
721811
721825
721854
721890
721906
721914
721973
722013
722042
722045
722084
722091
722103
722104
722123
722142
722145
722195
722200
722225
722230
722235
722242
722332
722361
722383
722398
722399
722410
722415
722426
722438
722451
722457
722461
722463
722472
722479
722505
722528
722549
722558
722565
722644
722663
722677
722689
722706
722717
722746
722765
722779
722796
722799
722826
722918
722923
722924
722974
722986
723027
723029
723053
723065
723090
723106
723115
723118
723134
723167
723174
723190
723192
723194
723212
723286
723289
723290
723311
723338
723378
723466
723497
723524
723536
723546
723590
723602
723609
723645
723649
723665
723673
723722
723736
723759
723775
723776
723779
723786
723791
723806
723819
723831
723849
723855
723874
723875
723892
723900
723925
723933
723949
723961
723961
723962
724008
724034
724040
724081
724100
724110
724174
724190
724192
724217
724227
724238
724293
724298
724315
724343
724346
724374
724396
724405
724422
724464
724486
724498
724519
724524
724538
724567
724600
724614
724633
724656
724660
724665
724684
724742
724743
724764
724783
724783
724811
724812
724820
724853
724866
724869
724869
724895
724905
724936
724945
724951
724969
724990
724997
725009
725018
725045
725052
725062
725069
725075
725094
725149
725156
725164
725180
725184
725193
725213
725221
725249
725252
725264
725307
725387
725469
725497
725511
725519
725534
725541
725551
725569
725580
725599
725605
725643
725645
725647
725680
725721
725792
725807
725809
725825
725875
725926
725971
725989
725994
725995
726020
726041
726063
726074
726084
726087
726111
726126
726172
726173
726192
726206
726245
726250
726277
726285
726331
726356
726358
726370
726381
726396
726406
726415
726423
726435
726448
726461
726467
726503
726504
726515
726517
726550
726571
726580
726582
726593
726615
726660
726683
726694
726697
726734
726775
726788
726789
726827
726839
726849
726873
726944
726971
726977
726981
727007
727048
727062
727082
727086
727121
727132
727138
727148
727229
727323
727334
727355
727391
727403
727440
727441
727501
727534
727537
727624
727751
727781
727784
727800
727800
727802
727829
727839
727840
727843
727866
727879
727910
727923
727977
727983
727989
728008
728013
728028
728034
728048
728065
728084
728088
728148
728155
728161
728165
728181
728185
728215
728231
728263
728331
728335
728368
728371
728373
728433
728511
728553
728558
728581
728619
728645
728653
728657
728669
728682
728701
728730
728755
728806
728817
728821
728865
728875
728923
728960
728969
728972
728995
728998
728999
729024
729037
729044
729054
729063
729077
729102
729174
729199
729201
729238
729253
729264
729294
729313
729316
729331
729336
729352
729355
729386
729482
729493
729513
729521
729581
729617
729629
729630
729641
729683
729696
729721
729782
729787
729813
729823
729827
729832
729857
729861
729865
729895
729937
729950
729959
730025
730031
730071
730096
730115
730152
730161
730172
730213
730216
730261
730270
730271
730273
730354
730370
730373
730428
730430
730449
730449
730453
730457
730497
730532
730580
730590
730595
730597
730603
730615
730630
730646
730683
730705
730729
730736
730756
730778
730790
730796
730821
730841
730847
730856
730864
730897
730906
730907
730908
730914
730950
730957
730971
730992
730997
731014
731017
731034
731068
731080
731176
731202
731237
731242
731276
731292
731304
731332
731363
731385
731392
731408
731435
731449
731517
731549
731549
731555
731562
731570
731579
731588
731593
731632
731634
731657
731675
731686
731690
731732
731750
731815
731826
731865
731867
731905
731925
731927
731927
731982
732021
732031
732042
732046
732061
732078
732098
732124
732173
732193
732198
732235
732267
732267
732274
732321
732330
732354
732377
732380
732386
732402
732405
732413
732439
732445
732452
732470
732472
732477
732529
732597
732658
732673
732698
732729
732784
732848
732848
732856
732856
732858
732858
732886
732952
732954
732960
732964
732968
733016
733037
733063
733066
733087
733096
733102
733122
733148
733164
733191
733207
733213
733227
733231
733262
733268
733278
733306
733322
733346
733390
733453
733455
733459
733466
733471
733474
733476
733480
733489
733523
733547
733556
733580
733581
733631
733634
733636
733671
733682
733687
733731
733747
733748
733749
733765
733769
733782
733798
733804
733808
733849
733852
733864
733871
733877
733900
733988
734000
734013
734024
734093
734168
734174
734186
734197
734202
734279
734286
734316
734331
734334
734361
734371
734395
734442
734458
734487
734499
734538
734554
734576
734578
734578
734622
734636
734655
734656
734687
734725
734732
734743
734771
734777
734786
734798
734807
734829
734839
734842
734862
734882
734915
734923
734925
734930
734934
734936
734963
734980
735075
735085
735143
735146
735153
735160
735186
735187
735190
735232
735277
735298
735303
735308
735347
735353
735357
735410
735464
735477
735478
735535
735544
735552
735572
735581
735584
735587
735596
735616
735623
735633
735634
735651
735654
735729
735747
735833
735835
735873
735877
735885
735889
735899
735899
735927
735962
736005
736011
736031
736036
736039
736075
736085
736095
736126
736128
736212
736218
736252
736257
736258
736276
736282
736292
736294
736301
736339
736374
736419
736427
736433
736444
736459
736459
736466
736515
736582
736584
736593
736594
736612
736624
736634
736655
736679
736683
736709
736715
736717
736776
736795
736796
736808
736848
736852
736887
736910
736911
736934
736953
736955
736959
736970
737006
737021
737025
737095
737119
737140
737141
737158
737160
737171
737177
737197
737224
737237
737245
737249
737264
737265
737274
737288
737314
737346
737350
737395
737436
737437
737463
737499
737506
737516
737546
737575
737607
737629
737647
737703
737719
737749
737799
737813
737815
737820
737846
737863
737876
737888
737905
737933
737957
737977
738008
738016
738079
738093
738105
738110
738203
738204
738223
738234
738247
738274
738288
738305
738340
738385
738418
738426
738435
738481
738489
738493
738530
738533
738543
738620
738621
738622
738648
738672
738677
738698
738754
738778
738787
738796
738805
738825
738836
738845
738865
738879
738888
738897
738956
738979
738982
738994
739021
739025
739035
739082
739103
739110
739159
739178
739181
739219
739241
739241
739249
739268
739296
739315
739365
739375
739383
739394
739409
739418
739442
739445
739451
739524
739548
739560
739577
739587
739638
739668
739676
739739
739751
739759
739772
739773
739777
739794
739799
739809
739819
739834
739859
739906
739919
739995
740001
740005
740016
740021
740022
740023
740056
740069
740071
740083
740111
740116
740153
740173
740212
740216
740282
740302
740309
740310
740312
740320
740338
740346
740381
740424
740428
740452
740465
740501
740510
740515
740547
740565
740626
740696
740718
740768
740800
740804
740817
740853
740913
740937
740941
741026
741047
741054
741077
741078
741107
741114
741119
741143
741148
741171
741195
741205
741248
741254
741266
741269
741288
741353
741390
741395
741406
741438
741441
741468
741468
741492
741533
741539
741546
741546
741550
741566
741605
741639
741683
741709
741717
741740
741747
741776
741791
741796
741848
741853
741901
741909
741912
741914
741927
741943
741955
742070
742144
742188
742207
742220
742228
742282
742294
742304
742313
742314
742360
742367
742367
742375
742376
742399
742406
742408
742412
742420
742421
742447
742504
742511
742516
742576
742603
742613
742670
742675
742679
742679
742704
742742
742745
742810
742813
742847
742849
742873
742881
742900
742910
742937
742947
742977
742992
743003
743005
743028
743062
743110
743126
743129
743133
743138
743147
743170
743195
743205
743215
743227
743235
743249
743321
743366
743367
743369
743370
743372
743399
743404
743414
743432
743454
743463
743495
743498
743525
743528
743544
743580
743601
743602
743624
743630
743635
743650
743651
743689
743698
743744
743749
743754
743855
743879
743885
743887
743903
743925
743928
743937
743943
743954
743959
743968
743969
743986
744009
744011
744013
744020
744027
744041
744051
744062
744073
744080
744090
744114
744128
744166
744184
744204
744232
744300
744307
744329
744361
744371
744402
744441
744456
744468
744502
744507
744555
744577
744583
744584
744589
744621
744637
744668
744717
744800
744801
744814
744816
744822
744843
744853
744869
744871
744883
744892
744897
744901
744921
744940
744946
744976
744977
745010
745029
745050
745080
745105
745111
745120
745175
745188
745203
745209
745259
745320
745392
745413
745423
745452
745480
745485
745491
745495
745526
745546
745586
745607
745618
745621
745658
745666
745668
745713
745726
745735
745742
745748
745778
745808
745843
745848
745850
745857
745866
745919
745945
745946
746001
746004
746038
746041
746051
746054
746059
746077
746088
746096
746113
746117
746179
746183
746209
746234
746274
746283
746309
746310
746317
746336
746348
746373
746389
746413
746433
746472
746488
746541
746564
746620
746637
746644
746655
746699
746700
746716
746733
746773
746781
746825
746836
746855
746868
746890
746920
746922
746944
746947
746965
746977
747015
747100
747109
747109
747115
747145
747173
747188
747216
747221
747232
747236
747279
747301
747322
747363
747371
747371
747376
747382
747427
747428
747460
747462
747476
747521
747539
747557
747563
747567
747582
747585
747612
747625
747628
747649
747650
747654
747661
747707
747738
747751
747814
747835
747862
747873
747888
747912
747959
747968
747978
747985
747994
748001
748015
748068
748115
748143
748151
748172
748181
748193
748207
748219
748236
748244
748267
748284
748305
748315
748350
748352
748364
748367
748367
748377
748402
748417
748453
748469
748473
748474
748481
748492
748507
748519
748565
748586
748586
748590
748591
748599
748602
748663
748669
748681
748702
748721
748731
748749
748765
748796
748806
748820
748829
748861
748864
748920
748923
748933
748988
748990
749002
749029
749037
749065
749067
749071
749092
749104
749114
749117
749127
749205
749231
749295
749339
749344
749374
749385
749441
749443
749450
749456
749464
749476
749549
749573
749593
749619
749649
749665
749666
749671
749671
749676
749707
749724
749759
749772
749780
749809
749823
749840
749909
749923
749924
749950
749964
749968
750039
750042
750062
750062
750099
750107
750112
750123
750125
750163
750192
750220
750228
750258
750273
750293
750307
750328
750331
750341
750349
750396
750412
750434
750437
750453
750474
750475
750478
750487
750498
750507
750515
750516
750569
750585
750594
750656
750671
750682
750691
750713
750749
750759
750783
750803
750807
750829
750834
750842
750842
750852
750880
750888
750902
750940
751004
751007
751029
751036
751117
751156
751165
751208
751211
751264
751275
751281
751308
751312
751372
751428
751429
751438
751477
751548
751561
751587
751595
751598
751611
751615
751626
751639
751677
751682
751694
751754
751764
751776
751778
751803
751887
751901
751912
751917
751945
751946
751968
751973
751974
751987
751996
751997
752034
752039
752077
752145
752159
752170
752200
752217
752242
752258
752265
752274
752288
752303
752307
752313
752323
752368
752372
752384
752408
752412
752447
752451
752472
752483
752489
752490
752497
752513
752524
752525
752580
752619
752633
752655
752657
752673
752678
752681
752703
752766
752790
752848
752877
752881
752881
752882
752889
752900
752903
752931
752938
752948
752993
753043
753067
753074
753086
753160
753165
753188
753199
753213
753272
753288
753327
753332
753334
753449
753504
753506
753528
753541
753556
753578
753586
753614
753621
753631
753644
753670
753681
753727
753742
753752
753772
753782
753785
753790
753812
753824
753830
753846
753866
753889
753921
753923
753956
754016
754042
754095
754104
754124
754126
754181
754182
754199
754212
754214
754216
754226
754234
754253
754277
754322
754338
754344
754347
754348
754433
754450
754457
754480
754484
754491
754506
754513
754518
754584
754615
754667
754675
754676
754683
754691
754700
754703
754769
754773
754774
754783
754812
754862
754889
754915
754924
754939
754946
754949
755006
755026
755026
755037
755069
755135
755142
755159
755168
755173
755184
755220
755243
755247
755293
755375
755409
755411
755431
755441
755451
755454
755463
755467
755500
755509
755513
755538
755555
755571
755612
755637
755668
755673
755682
755688
755718
755798
755807
755865
755894
755933
755952
755971
755977
756010
756010
756020
756041
756041
756090
756163
756234
756241
756243
756249
756289
756298
756338
756345
756358
756367
756371
756419
756437
756469
756476
756482
756492
756502
756531
756560
756563
756608
756640
756644
756657
756658
756674
756675
756683
756697
756780
756782
756788
756814
756859
756894
756896
756901
756911
756927
756948
756996
757011
757031
757033
757048
757060
757106
757113
757157
757179
757230
757232
757252
757296
757327
757329
757331
757375
757382
757383
757420
757437
757486
757507
757524
757543
757546
757556
757557
757567
757667
757669
757715
757725
757764
757808
757821
757841
757841
757906
757924
757950
757951
757973
757990
757992
758011
758030
758042
758060
758088
758108
758110
758132
758161
758172
758217
758237
758246
758269
758293
758297
758309
758339
758341
758377
758388
758413
758426
758460
758482
758496
758498
758506
758529
758542
758562
758570
758575
758585
758638
758659
758666
758670
758704
758716
758718
758728
758768
758769
758779
758790
758824
758843
758844
758852
758858
758879
758884
758888
758901
758922
758922
758947
758976
758985
759001
759035
759070
759090
759114
759135
759178
759187
759189
759202
759215
759239
759245
759270
759305
759305
759323
759361
759405
759416
759434
759465
759466
759467
759476
759494
759514
759519
759532
759549
759557
759565
759576
759627
759629
759651
759669
759686
759776
759801
759819
759824
759832
759848
759850
759884
759890
759923
759941
759951
759990
759991
759993
760065
760086
760096
760103
760170
760197
760218
760220
760255
760263
760272
760308
760324
760325
760409
760412
760414
760431
760449
760456
760463
760481
760495
760499
760515
760525
760529
760551
760551
760603
760604
760609
760614
760623
760624
760635
760652
760652
760668
760712
760746
760774
760790
760799
760852
760871
760872
760895
760919
760941
760982
761008
761013
761019
761035
761043
761049
761071
761076
761079
761109
761117
761179
761215
761217
761218
761257
761277
761279
761298
761302
761315
761323
761349
761356
761387
761398
761408
761416
761450
761512
761517
761532
761536
761564
761576
761596
761662
761757
761765
761773
761773
761805
761881
761883
761903
761914
761914
761915
761915
761920
761937
761968
761970
761978
761990
762001
762012
762022
762023
762027
762034
762044
762093
762119
762159
762205
762209
762238
762257
762273
762281
762292
762304
762304
762389
762389
762417
762439
762450
762460
762462
762488
762517
762520
762576
762623
762623
762628
762640
762644
762678
762681
762702
762744
762767
762781
762788
762789
762801
762827
762833
762841
762853
762900
762932
762938
762950
762960
762961
762990
762997
763007
763049
763061
763081
763082
763082
763110
763146
763157
763208
763249
763264
763265
763321
763338
763389
763420
763469
763521
763591
763603
763605
763644
763650
763661
763695
763700
763709
763732
763743
763764
763768
763782
763793
763806
763844
763879
763917
763938
763942
763948
763982
764004
764037
764039
764040
764068
764071
764071
764073
764113
764120
764129
764144
764164
764184
764191
764231
764275
764287
764292
764309
764336
764343
764358
764374
764378
764417
764418
764420
764438
764441
764442
764444
764454
764494
764530
764544
764610
764634
764647
764656
764676
764691
764707
764711
764728
764759
764765
764785
764800
764812
764822
764828
764849
764854
764860
764984
764997
765026
765041
765049
765059
765073
765095
765104
765134
765167
765186
765204
765249
765257
765307
765354
765368
765369
765372
765377
765396
765442
765465
765483
765526
765528
765535
765548
765559
765580
765583
765587
765592
765600
765695
765707
765737
765739
765749
765757
765766
765811
765824
765858
765882
765894
765910
765924
765981
765996
766001
766002
766006
766012
766034
766069
766074
766081
766120
766169
766239
766271
766271
766271
766287
766288
766294
766315
766321
766321
766336
766339
766377
766391
766392
766431
766463
766464
766468
766486
766494
766568
766569
766575
766579
766581
766586
766589
766664
766683
766689
766700
766718
766739
766758
766772
766804
766847
766848
766857
766858
766875
766880
766883
766887
766900
766977
766977
767001
767001
767089
767100
767110
767115
767148
767212
767236
767249
767270
767286
767307
767338
767349
767368
767396
767436
767443
767487
767493
767512
767529
767573
767664
767679
767697
767725
767739
767749
767778
767783
767811
767883
767904
767904
767909
767919
767926
767936
767940
767979
767985
768004
768005
768011
768019
768059
768060
768115
768171
768182
768187
768189
768218
768218
768238
768263
768264
768281
768282
768307
768313
768342
768361
768403
768409
768468
768472
768478
768487
768506
768514
768520
768552
768559
768569
768633
768674
768692
768713
768714
768809
768820
768830
768845
768860
768976
768986
769024
769027
769032
769032
769043
769045
769049
769051
769058
769079
769090
769093
769111
769113
769172
769173
769174
769181
769201
769232
769236
769295
769322
769331
769342
769351
769363
769381
769404
769514
769590
769593
769600
769641
769646
769649
769700
769710
769726
769728
769751
769755
769789
769834
769845
769897
769900
769915
769931
769933
769944
769975
769987
770022
770030
770091
770111
770111
770170
770186
770195
770229
770232
770246
770277
770333
770357
770367
770368
770445
770451
770457
770460
770479
770480
770485
770494
770494
770517
770548
770569
770578
770605
770607
770617
770631
770660
770677
770698
770700
770721
770747
770750
770755
770759
770765
770794
770840
770861
770867
770885
770886
770887
770932
770946
770956
770981
771008
771021
771034
771072
771095
771106
771131
771167
771186
771186
771215
771262
771272
771305
771324
771361
771375
771407
771407
771425
771455
771456
771461
771470
771495
771495
771496
771537
771549
771594
771614
771626
771641
771663
771683
771716
771717
771725
771758
771774
771781
771793
771825
771846
771860
771870
771880
771881
771891
771913
771917
771996
772050
772093
772115
772116
772117
772155
772155
772168
772168
772178
772200
772211
772275
772316
772332
772350
772387
772393
772446
772452
772453
772493
772500
772523
772539
772547
772611
772614
772637
772657
772707
772741
772743
772786
772786
772800
772802
772844
772859
772859
772860
772870
772898
772937
772967
772969
773012
773028
773029
773042
773070
773131
773133
773198
773211
773238
773239
773240
773250
773299
773306
773326
773349
773354
773378
773430
773445
773475
773498
773503
773510
773521
773540
773605
773606
773608
773631
773640
773686
773691
773708
773750
773802
773815
773834
773881
773893
773906
773924
773935
773962
773979
773983
774047
774055
774059
774066
774084
774125
774131
774133
774143
774147
774211
774223
774224
774233
774236
774241
774304
774343
774353
774353
774358
774359
774366
774380
774412
774420
774422
774487
774509
774528
774535
774547
774551
774552
774558
774567
774572
774575
774579
774584
774612
774620
774642
774646
774721
774758
774779
774780
774800
774810
774871
774874
774895
774942
774949
774960
774985
775014
775044
775077
775113
775114
775121
775127
775128
775170
775215
775244
775253
775279
775280
775300
775343
775349
775390
775400
775448
775454
775464
775492
775571
775579
775590
775614
775658
775660
775676
775687
775721
775748
775771
775798
775821
775823
775852
775866
775874
775881
775891
775894
775958
775978
775988
775996
776021
776043
776056
776068
776077
776077
776085
776102
776108
776140
776160
776196
776208
776217
776228
776264
776273
776330
776383
776394
776456
776476
776478
776525
776543
776568
776598
776604
776638
776653
776668
776681
776708
776758
776761
776766
776829
776878
776894
776895
776914
776934
776945
776947
776961
776967
776986
776988
777023
777031
777041
777041
777081
777087
777091
777183
777190
777203
777211
777226
777262
777276
777293
777312
777321
777329
777341
777344
777352
777355
777360
777368
777369
777391
777394
777412
777413
777420
777433
777438
777459
777507
777532
777549
777568
777569
777576
777586
777624
777625
777670
777690
777702
777718
777762
777767
777776
777800
777829
777883
777920
777937
777943
778003
778010
778076
778093
778096
778117
778125
778136
778184
778187
778193
778193
778237
778243
778243
778263
778263
778267
778309
778319
778321
778328
778357
778395
778418
778430
778505
778509
778521
778560
778569
778595
778602
778618
778681
778695
778698
778733
778763
778811
778836
778864
778880
778899
778908
778912
778932
778979
778999
779009
779029
779035
779050
779063
779079
779086
779097
779101
779108
779127
779134
779149
779156
779159
779179
779180
779183
779202
779207
779212
779222
779250
779254
779283
779307
779335
779339
779378
779419
779522
779522
779553
779560
779567
779579
779626
779631
779640
779653
779719
779731
779733
779754
779794
779824
779861
779868
779869
779883
779909
779913
779950
779958
780006
780012
780013
780026
780055
780097
780101
780108
780128
780152
780159
780182
780184
780192
780220
780226
780266
780304
780306
780308
780314
780321
780360
780442
780449
780450
780453
780473
780481
780487
780507
780512
780515
780519
780542
780545
780551
780571
780576
780588
780615
780623
780636
780643
780662
780804
780806
780874
780901
780963
780992
781025
781032
781040
781043
781050
781055
781069
781130
781130
781148
781165
781168
781171
781191
781225
781281
781298
781299
781319
781324
781328
781341
781360
781371
781394
781400
781405
781413
781416
781418
781430
781445
781458
781466
781491
781504
781616
781622
781630
781640
781658
781686
781693
781716
781741
781771
781778
781780
781809
781825
781834
781836
781842
781877
781893
781905
781934
781951
781993
782001
782001
782042
782063
782083
782093
782123
782144
782157
782157
782166
782167
782202
782210
782223
782232
782247
782345
782361
782420
782460
782524
782569
782620
782625
782643
782679
782720
782735
782745
782747
782862
782862
782868
782875
782884
782935
782989
782991
783009
783021
783028
783110
783117
783124
783178
783198
783221
783221
783237
783267
783286
783296
783323
783341
783344
783358
783362
783365
783369
783391
783430
783444
783453
783481
783483
783491
783512
783515
783522
783530
783553
783557
783602
783612
783618
783626
783643
783659
783703
783735
783782
783822
783846
783854
783857
783905
783947
784040
784041
784073
784084
784120
784123
784139
784146
784150
784190
784209
784240
784302
784314
784332
784344
784346
784351
784358
784359
784363
784385
784412
784425
784431
784444
784445
784448
784451
784470
784499
784546
784552
784561
784568
784590
784609
784618
784641
784642
784650
784676
784705
784727
784735
784756
784796
784797
784819
784821
784824
784829
784846
784889
784908
784931
784967
784981
784997
785074
785100
785101
785170
785182
785191
785215
785222
785228
785236
785276
785291
785294
785295
785317
785336
785360
785383
785442
785465
785513
785541
785552
785568
785582
785592
785617
785638
785645
785666
785730
785744
785762
785797
785857
785869
785874
785876
785910
785943
786041
786045
786077
786098
786154
786192
786231
786241
786251
786260
786266
786267
786291
786294
786308
786312
786366
786373
786378
786380
786408
786424
786428
786454
786464
786521
786535
786546
786582
786589
786596
786610
786694
786695
786720
786735
786784
786801
786813
786814
786834
786837
786890
786892
786918
786932
786964
786964
786965
786984
786989
787021
787120
787147
787225
787246
787251
787275
787287
787339
787359
787370
787370
787377
787380
787401
787412
787413
787455
787469
787479
787513
787515
787516
787532
787591
787602
787615
787642
787646
787666
787695
787718
787734
787747
787766
787774
787813
787827
787831
787845
787848
787852
787893
787935
787942
787955
787965
787986
787998
788018
788034
788040
788075
788089
788116
788147
788147
788173
788187
788190
788199
788202
788216
788224
788225
788259
788261
788268
788295
788324
788333
788341
788351
788365
788381
788395
788412
788425
788457
788462
788488
788497
788528
788539
788552
788555
788581
788590
788613
788634
788635
788694
788712
788738
788794
788798
788825
788832
788853
788859
788875
788877
788886
788898
788917
788968
788977
788993
788994
789046
789063
789063
789077
789144
789155
789163
789185
789194
789213
789225
789248
789270
789272
789327
789333
789346
789368
789404
789413
789417
789425
789473
789475
789500
789546
789553
789574
789590
789636
789657
789663
789700
789722
789744
789751
789783
789785
789787
789789
789791
789798
789813
789816
789820
789857
789867
789878
789903
789928
789950
789964
789967
790023
790024
790050
790078
790095
790116
790118
790130
790144
790145
790190
790195
790200
790239
790265
790266
790287
790317
790321
790326
790326
790346
790368
790391
790400
790435
790442
790447
790451
790485
790494
790538
790551
790603
790604
790642
790659
790669
790672
790683
790743
790754
790799
790821
790831
790867
790878
790896
790909
790936
790941
790960
790971
790977
790977
791000
791035
791056
791086
791094
791123
791131
791135
791137
791143
791165
791166
791197
791198
791208
791210
791225
791230
791235
791238
791360
791379
791384
791404
791412
791436
791443
791458
791458
791521
791524
791537
791548
791550
791582
791590
791593
791593
791610
791618
791622
791651
791692
791740
791740
791752
791798
791817
791858
791875
791889
791973
791995
791999
792023
792033
792052
792056
792057
792060
792072
792090
792095
792116
792153
792153
792182
792201
792204
792213
792229
792265
792280
792320
792376
792391
792398
792403
792409
792454
792456
792488
792512
792520
792526
792530
792547
792555
792597
792622
792625
792660
792661
792679
792688
792695
792700
792708
792810
792822
792853
792869
792893
792924
792935
792947
792963
792964
792983
793002
793008
793033
793035
793093
793097
793107
793130
793134
793178
793181
793268
793348
793392
793400
793401
793414
793430
793433
793437
793461
793476
793504
793530
793532
793568
793636
793696
793711
793723
793733
793738
793760
793767
793791
793833
793837
793886
793903
793912
793912
793934
793964
793973
794006
794012
794041
794061
794104
794118
794127
794132
794151
794163
794171
794181
794195
794204
794209
794218
794223
794276
794296
794313
794316
794318
794328
794333
794344
794353
794401
794419
794425
794439
794458
794538
794541
794544
794582
794594
794654
794658
794667
794692
794695
794700
794714
794723
794748
794756
794800
794818
794865
794888
794891
794914
794922
794934
794949
794953
794967
794976
794982
794996
794999
795046
795047
795058
795067
795077
795103
795112
795169
795190
795195
795270
795302
795337
795339
795353
795357
795361
795385
795392
795450
795472
795492
795498
795507
795575
795672
795681
795685
795696
795729
795749
795787
795811
795825
795829
795895
795899
795905
795946
795961
795989
796007
796073
796074
796078
796087
796112
796115
796163
796177
796196
796198
796201
796229
796246
796248
796253
796272
796301
796309
796314
796337
796367
796390
796422
796427
796543
796549
796569
796617
796618
796620
796624
796626
796640
796647
796656
796694
796696
796717
796736
796752
796762
796767
796773
796797
796841
796854
796870
796878
796880
796953
796970
796987
797031
797067
797075
797088
797094
797121
797157
797180
797310
797342
797347
797352
797360
797399
797401
797465
797466
797509
797537
797542
797591
797602
797608
797618
797634
797695
797708
797711
797716
797730
797731
797759
797782
797786
797788
797796
797803
797817
797845
797851
797878
797885
797890
797900
797907
797913
797953
797956
798005
798019
798022
798032
798032
798076
798106
798132
798134
798164
798203
798217
798229
798231
798269
798278
798314
798345
798347
798361
798399
798400
798409
798412
798435
798459
798461
798478
798490
798491
798528
798554
798600
798605
798615
798652
798675
798683
798729
798841
798861
798873
798879
798912
798913
798918
798921
798931
798950
798960
798963
798991
799025
799056
799065
799078
799092
799116
799126
799138
799150
799206
799206
799248
799272
799283
799300
799310
799335
799404
799433
799435
799444
799447
799453
799455
799457
799479
799490
799492
799498
799512
799517
799518
799526
799543
799553
799555
799581
799592
799648
799652
799692
799715
799717
799718
799775
799793
799805
799827
799849
799861
799863
799887
799888
799891
799924
799964
799964
800003
800027
800035
800117
800133
800165
800177
800200
800216
800224
800362
800396
800405
800424
800437
800438
800453
800479
800479
800481
800502
800506
800564
800611
800618
800635
800653
800664
800687
800711
800719
800730
800851
800856
800897
800907
800918
800925
800964
800981
801011
801013
801029
801033
801069
801081
801122
801131
801160
801168
801206
801223
801294
801361
801387
801419
801436
801467
801502
801513
801521
801552
801561
801573
801590
801622
801652
801683
801719
801756
801760
801789
801907
801908
801922
801927
801956
801970
802006
802010
802048
802056
802057
802062
802092
802107
802131
802168
802171
802192
802203
802210
802214
802216
802234
802242
802270
802292
802300
802326
802338
802349
802351
802360
802361
802387
802429
802497
802503
802505
802520
802526
802526
802542
802562
802567
802576
802577
802597
802605
802610
802655
802656
802681
802787
802813
802817
802835
802840
802889
802913
802923
802941
803001
803003
803026
803094
803101
803112
803128
803132
803158
803164
803232
803274
803282
803304
803324
803331
803363
803383
803408
803427
803435
803435
803484
803499
803504
803531
803548
803551
803553
803567
803593
803616
803631
803635
803638
803688
803720
803739
803748
803750
803766
803801
803806
803831
803860
803861
803871
803871
803874
803906
803928
803939
803949
803997
804007
804021
804053
804055
804090
804091
804109
804131
804133
804153
804168
804184
804220
804245
804248
804265
804266
804296
804303
804344
804346
804368
804396
804396
804406
804416
804424
804450
804466
804468
804473
804479
804488
804489
804501
804543
804565
804565
804570
804595
804616
804618
804620
804638
804659
804736
804761
804767
804787
804884
804927
804944
804975
804988
805006
805102
805119
805122
805140
805152
805175
805181
805195
805214
805225
805233
805239
805246
805253
805282
805303
805311
805324
805328
805419
805435
805436
805445
805455
805465
805468
805473
805491
805506
805559
805594
805630
805650
805653
805663
805677
805729
805732
805746
805753
805762
805887
805889
805915
805934
805982
806001
806014
806016
806047
806075
806115
806124
806131
806154
806154
806177
806195
806219
806233
806233
806301
806325
806337
806337
806364
806374
806375
806397
806464
806470
806525
806529
806566
806585
806611
806632
806654
806672
806696
806707
806723
806727
806729
806750
806771
806794
806794
806804
806819
806839
806845
806854
806983
807064
807099
807102
807105
807146
807188
807239
807275
807279
807279
807280
807295
807358
807385
807412
807456
807475
807478
807527
807539
807553
807568
807621
807646
807659
807682
807702
807717
807721
807753
807771
807789
807792
807804
807805
807838
807874
807887
807891
807956
807960
807966
807981
807993
808031
808091
808104
808115
808120
808144
808162
808203
808225
808229
808234
808236
808302
808306
808413
808420
808474
808493
808527
808550
808587
808603
808633
808639
808654
808686
808746
808747
808758
808810
808820
808820
808823
808847
808930
808930
808933
808935
808951
808972
808983
808985
809008
809009
809017
809018
809019
809020
809136
809140
809143
809174
809184
809194
809207
809242
809273
809276
809281
809285
809296
809317
809333
809381
809413
809417
809420
809443
809448
809516
809517
809546
809565
809648
809667
809708
809723
809727
809843
809846
809847
809851
809868
809880
809897
809907
809912
809954
809998
810003
810019
810078
810092
810129
810140
810147
810163
810179
810183
810231
810251
810298
810306
810312
810316
810369
810398
810405
810410
810441
810477
810482
810517
810567
810568
810581
810585
810590
810625
810630
810650
810682
810688
810764
810767
810774
810789
810832
810839
810846
810849
810850
810878
810882
810885
810897
810899
810929
810950
810965
810968
810974
810990
811003
811009
811016
811050
811071
811072
811105
811108
811128
811132
811135
811159
811234
811238
811269
811290
811317
811324
811331
811335
811346
811391
811415
811415
811419
811449
811467
811491
811494
811505
811514
811518
811531
811554
811604
811641
811669
811684
811690
811694
811710
811724
811730
811749
811763
811777
811785
811795
811822
811861
811866
811895
811903
811924
811932
811938
811966
811967
811971
811994
812016
812048
812059
812078
812086
812091
812104
812220
812252
812254
812261
812272
812276
812277
812288
812318
812322
812327
812333
812348
812368
812379
812411
812421
812428
812445
812483
812582
812613
812613
812635
812640
812648
812665
812668
812683
812719
812753
812755
812759
812767
812772
812776
812779
812786
812787
812829
812830
812866
812867
812876
812876
812911
812916
812918
812947
812950
812951
813085
813088
813093
813129
813137
813144
813154
813190
813286
813303
813319
813323
813325
813366
813385
813385
813408
813426
813449
813449
813450
813476
813483
813499
813527
813568
813570
813583
813615
813635
813641
813661
813671
813674
813693
813700
813710
813719
813725
813745
813759
813762
813762
813774
813823
813826
813829
813834
813839
813850
813866
813951
813976
814050
814078
814079
814193
814194
814251
814323
814332
814354
814358
814366
814387
814388
814420
814470
814479
814540
814562
814603
814621
814622
814662
814682
814685
814690
814692
814711
814718
814753
814754
814760
814796
814805
814810
814823
814843
814863
814869
814870
814871
814884
814884
814887
814924
814953
814957
814977
814981
814982
814997
815005
815016
815048
815063
815073
815076
815113
815118
815133
815196
815203
815241
815246
815246
815279
815341
815368
815380
815435
815441
815480
815502
815578
815584
815639
815648
815649
815674
815674
815678
815685
815687
815691
815695
815700
815723
815728
815733
815750
815774
815801
815811
815824
815889
815892
815897
815921
815927
815937
815944
816002
816010
816026
816090
816091
816099
816107
816142
816146
816174
816188
816194
816209
816215
816228
816249
816281
816299
816332
816344
816365
816379
816387
816425
816430
816454
816456
816471
816474
816476
816500
816515
816539
816547
816636
816640
816661
816697
816708
816709
816737
816761
816809
816843
816874
816874
816876
816956
816970
816982
816984
816989
817067
817120
817173
817182
817182
817187
817188
817192
817212
817229
817248
817249
817282
817310
817321
817327
817337
817353
817413
817418
817449
817452
817469
817471
817569
817584
817630
817631
817644
817654
817655
817660
817669
817692
817798
817815
817849
817863
817864
817878
817883
817895
817903
817941
817946
817967
817996
818000
818021
818030
818036
818041
818061
818090
818118
818120
818130
818186
818190
818318
818327
818375
818390
818398
818403
818433
818436
818457
818464
818472
818550
818587
818606
818633
818684
818706
818720
818750
818765
818773
818808
818814
818821
818852
818874
818875
818877
818907
818929
818974
818975
818988
819035
819041
819089
819120
819121
819125
819125
819167
819172
819187
819192
819225
819290
819303
819319
819327
819396
819415
819443
819489
819496
819517
819547
819589
819692
819748
819785
819797
819862
819881
819909
819947
819973
819993
819993
820001
820003
820011
820016
820033
820039
820061
820082
820121
820123
820126
820144
820148
820173
820179
820201
820202
820211
820215
820232
820238
820243
820264
820287
820293
820311
820330
820354
820471
820486
820493
820499
820525
820549
820597
820603
820632
820643
820658
820661
820686
820694
820782
820795
820806
820820
820828
820836
820874
821016
821020
821056
821098
821114
821126
821177
821187
821234
821244
821308
821313
821316
821342
821348
821407
821485
821535
821537
821562
821570
821582
821598
821606
821617
821641
821688
821703
821736
821763
821770
821773
821798
821838
821840
821878
821892
821895
821931
821931
821934
821967
821982
821984
821989
822044
822056
822065
822072
822076
822090
822095
822098
822103
822142
822149
822168
822186
822214
822222
822272
822286
822292
822303
822332
822332
822341
822342
822359
822374
822411
822426
822464
822493
822534
822548
822551
822564
822571
822572
822581
822587
822599
822629
822655
822659
822701
822714
822746
822751
822774
822778
822790
822797
822810
822841
822890
822904
822908
822925
822942
822962
822962
822975
822976
822978
822990
823009
823025
823030
823058
823104
823116
823123
823148
823191
823203
823222
823241
823267
823317
823323
823437
823459
823516
823535
823551
823556
823631
823637
823653
823658
823690
823698
823704
823705
823721
823749
823758
823776
823808
823823
823874
823905
823912
823921
823952
824001
824002
824103
824116
824134
824156
824177
824177
824191
824202
824204
824251
824256
824285
824286
824288
824296
824319
824344
824370
824370
824397
824435
824442
824466
824492
824514
824552
824556
824558
824623
824625
824637
824649
824663
824681
824699
824721
824731
824773
824814
824846
824859
824874
824878
824879
824939
824992
825075
825131
825143
825182
825185
825241
825280
825285
825305
825327
825346
825350
825363
825394
825438
825485
825495
825515
825516
825563
825576
825592
825606
825638
825651
825686
825699
825766
825766
825776
825784
825784
825837
825859
825866
825867
825888
825893
825926
825928
825933
825955
825967
825971
825979
826014
826023
826031
826050
826056
826065
826088
826101
826107
826129
826132
826138
826156
826165
826171
826192
826198
826204
826257
826271
826408
826413
826419
826437
826453
826475
826494
826499
826573
826582
826586
826638
826656
826702
826708
826764
826765
826791
826836
826856
826919
826959
826974
827044
827047
827059
827062
827085
827127
827173
827179
827183
827196
827239
827242
827244
827247
827257
827260
827274
827313
827325
827328
827353
827368
827369
827413
827443
827454
827461
827517
827531
827540
827563
827618
827664
827669
827673
827697
827726
827754
827761
827789
827798
827803
827821
827883
827915
827915
827955
827976
827976
828009
828026
828049
828057
828064
828076
828094
828109
828126
828131
828166
828183
828199
828209
828223
828290
828367
828449
828454
828506
828514
828549
828566
828571
828607
828672
828701
828716
828742
828742
828767
828779
828813
828813
828817
828835
828846
828864
828868
828870
828877
828889
828907
828936
828953
828956
828956
828969
828989
829055
829062
829093
829120
829123
829145
829190
829210
829240
829246
829259
829260
829275
829292
829303
829345
829354
829367
829371
829380
829397
829398
829412
829420
829423
829425
829449
829451
829458
829473
829494
829535
829561
829566
829581
829602
829614
829641
829688
829688
829695
829715
829716
829720
829728
829743
829779
829788
829805
829806
829820
829828
829859
829903
829927
829964
829987
829988
830006
830028
830034
830040
830042
830053
830069
830077
830086
830101
830159
830164
830176
830181
830270
830277
830310
830319
830329
830344
830365
830423
830455
830483
830500
830504
830573
830580
830585
830632
830636
830642
830646
830650
830659
830699
830759
830767
830808
830818
830855
830889
830923
830960
830973
830999
831000
831020
831043
831048
831048
831061
831073
831094
831095
831097
831113
831114
831127
831128
831147
831149
831153
831185
831189
831196
831198
831203
831205
831236
831245
831247
831256
831261
831287
831290
831297
831305
831318
831374
831389
831395
831397
831399
831409
831440
831445
831494
831495
831498
831500
831518
831583
831619
831658
831662
831687
831696
831702
831704
831717
831724
831753
831755
831765
831800
831810
831822
831826
831835
831846
831855
831873
831882
831897
831924
831936
831953
832023
832041
832045
832069
832081
832110
832111
832122
832126
832131
832177
832201
832222
832285
832311
832332
832333
832369
832394
832396
832400
832445
832464
832477
832495
832510
832534
832551
832588
832596
832615
832629
832636
832666
832672
832676
832727
832727
832729
832731
832780
832816
832922
832978
833012
833019
833022
833028
833038
833058
833082
833100
833105
833109
833114
833119
833129
833187
833200
833208
833222
833232
833243
833272
833308
833312
833319
833325
833351
833358
833404
833408
833440
833450
833458
833481
833568
833576
833579
833587
833594
833604
833606
833626
833645
833670
833681
833692
833697
833701
833760
833773
833790
833805
833808
833830
833868
833874
833894
833894
833905
833926
833931
833945
833968
833985
834021
834028
834043
834044
834048
834069
834076
834083
834084
834094
834112
834113
834134
834295
834301
834350
834350
834359
834376
834402
834424
834426
834438
834499
834499
834515
834530
834547
834566
834570
834576
834611
834622
834650
834657
834658
834677
834710
834714
834719
834741
834767
834830
834892
834922
834938
834982
834998
835081
835117
835136
835150
835228
835241
835257
835305
835313
835314
835355
835377
835378
835402
835428
835437
835458
835464
835470
835476
835478
835479
835515
835518
835549
835571
835588
835611
835639
835681
835720
835728
835814
835814
835836
835837
835857
835867
835931
836031
836082
836140
836218
836255
836341
836366
836375
836378
836394
836428
836443
836450
836493
836507
836516
836538
836558
836640
836648
836648
836650
836675
836680
836688
836763
836772
836791
836798
836801
836821
836839
836870
836915
836920
836971
837009
837014
837020
837027
837028
837035
837044
837080
837111
837130
837139
837152
837177
837194
837197
837225
837250
837296
837335
837357
837371
837383
837437
837440
837462
837469
837474
837494
837548
837577
837610
837610
837652
837659
837715
837765
837784
837788
837834
837861
837863
837868
837885
837887
837893
837912
837916
837925
837957
838002
838003
838004
838015
838112
838117
838121
838131
838143
838156
838161
838170
838189
838193
838207
838225
838230
838250
838250
838252
838259
838293
838316
838316
838330
838336
838417
838430
838445
838454
838494
838522
838572
838621
838626
838627
838630
838659
838691
838693
838716
838745
838762
838784
838787
838794
838800
838835
838842
838847
838868
838880
838884
838884
838897
838910
838969
838977
838977
838998
839014
839049
839066
839090
839129
839135
839164
839180
839186
839211
839234
839252
839275
839302
839302
839319
839346
839350
839357
839389
839393
839393
839412
839416
839444
839448
839482
839482
839483
839517
839517
839566
839575
839595
839624
839628
839686
839692
839706
839718
839718
839747
839765
839780
839793
839809
839858
839875
839903
839906
839914
839919
839930
839936
839945
839977
840001
840004
840014
840014
840043
840051
840056
840069
840069
840076
840080
840081
840145
840174
840196
840199
840242
840247
840272
840290
840292
840312
840373
840381
840383
840414
840414
840427
840449
840452
840490
840496
840509
840517
840524
840528
840536
840609
840656
840657
840663
840664
840707
840727
840771
840784
840830
840860
840875
840877
840882
840905
840913
840936
840951
840954
840985
841051
841052
841061
841083
841119
841137
841149
841155
841173
841181
841222
841229
841267
841329
841360
841380
841458
841462
841497
841514
841526
841535
841567
841587
841588
841600
841620
841624
841624
841656
841657
841666
841692
841693
841714
841714
841755
841763
841767
841826
841846
841853
841856
841895
841899
842004
842034
842076
842086
842108
842147
842158
842175
842190
842204
842222
842243
842253
842257
842260
842274
842321
842430
842454
842457
842475
842475
842490
842496
842511
842549
842551
842559
842600
842603
842620
842644
842658
842682
842724
842769
842778
842811
842821
842830
842832
842859
842875
842897
842900
842903
842907
842918
842946
842994
843005
843011
843015
843027
843112
843139
843171
843193
843253
843257
843258
843270
843283
843304
843305
843310
843342
843345
843351
843372
843380
843393
843403
843411
843441
843445
843455
843462
843481
843489
843501
843544
843563
843566
843572
843591
843626
843629
843630
843659
843665
843666
843684
843714
843722
843732
843748
843767
843778
843804
843896
843934
843965
843970
844068
844077
844095
844145
844171
844177
844201
844210
844218
844232
844245
844249
844271
844279
844298
844299
844301
844323
844329
844393
844406
844431
844431
844443
844472
844503
844559
844564
844575
844588
844606
844620
844659
844669
844739
844748
844752
844806
844820
844830
844832
844836
844847
844885
844921
844934
844942
844971
844983
845002
845012
845022
845032
845040
845047
845059
845080
845089
845096
845121
845159
845166
845189
845195
845196
845233
845260
845266
845306
845318
845329
845334
845360
845364
845372
845375
845379
845392
845422
845457
845460
845505
845520
845530
845538
845580
845594
845594
845599
845618
845622
845626
845695
845723
845731
845779
845793
845809
845818
845873
845928
845934
845944
845955
845972
846009
846022
846057
846075
846088
846098
846115
846152
846158
846166
846220
846242
846282
846294
846298
846338
846395
846423
846435
846479
846483
846536
846563
846566
846637
846639
846660
846664
846716
846725
846747
846764
846767
846767
846793
846820
846852
846888
846904
846912
846916
846921
846959
846971
846984
846995
847017
847020
847023
847034
847084
847090
847141
847147
847212
847220
847224
847239
847263
847288
847315
847329
847363
847386
847388
847399
847400
847465
847467
847468
847482
847541
847589
847629
847635
847638
847667
847687
847690
847714
847716
847735
847740
847742
847785
847828
847885
847887
847894
847914
847916
847933
847946
847971
847980
848020
848045
848060
848110
848124
848165
848199
848200
848205
848212
848223
848282
848317
848331
848395
848413
848422
848444
848456
848508
848549
848555
848583
848611
848652
848679
848694
848711
848728
848740
848741
848752
848761
848762
848779
848844
848928
848979
848983
849011
849059
849082
849085
849115
849138
849141
849215
849231
849299
849306
849330
849342
849345
849356
849384
849384
849417
849474
849474
849497
849523
849529
849534
849543
849613
849613
849630
849633
849663
849678
849679
849690
849697
849745
849750
849758
849778
849781
849791
849822
849827
849856
849858
849878
849892
849912
849919
849920
849941
849945
849980
849980
850004
850026
850044
850070
850105
850156
850165
850179
850192
850199
850208
850213
850219
850262
850269
850281
850292
850314
850319
850324
850341
850354
850370
850440
850486
850496
850546
850562
850612
850619
850620
850640
850679
850706
850714
850716
850717
850742
850757
850786
850819
850822
850832
850850
850894
850930
850951
850977
850984
851098
851108
851159
851164
851229
851239
851260
851293
851354
851361
851399
851443
851467
851471
851472
851506
851541
851545
851563
851570
851665
851706
851707
851721
851735
851739
851743
851744
851745
851761
851772
851793
851798
851810
851810
851812
851838
851907
851918
851940
851990
851997
852100
852119
852120
852150
852161
852175
852191
852191
852204
852210
852225
852255
852349
852370
852382
852395
852406
852407
852428
852457
852459
852525
852529
852545
852580
852589
852629
852648
852650
852665
852671
852674
852706
852728
852738
852758
852762
852782
852793
852801
852835
852873
852928
852957
852995
853006
853009
853018
853035
853070
853115
853171
853179
853184
853223
853223
853257
853264
853289
853289
853290
853299
853303
853310
853315
853333
853341
853346
853350
853366
853392
853400
853418
853424
853426
853476
853500
853502
853578
853580
853583
853594
853608
853612
853612
853626
853637
853661
853680
853687
853702
853726
853730
853751
853757
853763
853764
853802
853806
853838
853876
853880
853882
853892
853928
853940
853940
853994
854110
854127
854127
854155
854159
854175
854211
854226
854245
854256
854266
854312
854317
854345
854345
854362
854365
854389
854389
854429
854498
854499
854597
854615
854640
854649
854720
854723
854752
854755
854793
854834
854858
854871
854872
854899
854902
854912
854948
854950
854977
855007
855033
855081
855111
855122
855168
855235
855281
855285
855321
855346
855467
855476
855483
855487
855495
855497
855508
855515
855521
855527
855567
855576
855580
855584
855596
855599
855609
855617
855655
855655
855687
855697
855707
855744
855749
855756
855758
855767
855772
855785
855789
855810
855842
855889
855896
855930
855938
856005
856043
856074
856099
856100
856103
856107
856114
856205
856219
856222
856235
856248
856294
856336
856346
856354
856364
856378
856383
856395
856401
856427
856450
856450
856467
856479
856514
856531
856592
856629
856680
856700
856701
856717
856773
856790
856792
856795
856798
856805
856822
856835
856837
856867
856883
856896
856897
856921
856928
856958
856973
857015
857030
857051
857080
857099
857105
857118
857159
857230
857254
857263
857279
857290
857290
857311
857366
857372
857372
857381
857399
857412
857429
857447
857451
857454
857456
857461
857474
857475
857482
857491
857578
857605
857615
857632
857670
857710
857725
857726
857812
857838
857857
857894
857907
857913
857948
857949
857951
857972
857981
857993
858010
858023
858024
858114
858145
858146
858147
858192
858192
858208
858213
858253
858292
858298
858299
858301
858311
858318
858322
858325
858329
858337
858355
858419
858420
858428
858441
858456
858472
858474
858501
858559
858567
858596
858621
858631
858640
858648
858669
858706
858720
858746
858753
858768
858777
858804
858855
858938
858941
858951
858976
859021
859104
859121
859122
859134
859146
859157
859203
859216
859251
859257
859277
859287
859294
859308
859311
859357
859358
859368
859399
859408
859410
859417
859429
859503
859503
859506
859512
859513
859538
859545
859546
859551
859557
859618
859624
859638
859690
859690
859716
859739
859744
859744
859755
859760
859766
859801
859808
859822
859826
859830
859841
859842
859857
859887
859923
859942
859942
859951
859952
859958
859994
859999
860028
860042
860045
860065
860081
860127
860134
860216
860226
860236
860248
860264
860265
860286
860295
860323
860334
860341
860378
860395
860403
860404
860411
860413
860427
860427
860456
860459
860464
860465
860470
860477
860478
860480
860493
860514
860543
860559
860590
860600
860601
860602
860639
860647
860665
860676
860707
860719
860753
860818
860830
860861
860892
860906
860929
860938
860961
860975
860976
861003
861025
861077
861170
861202
861220
861222
861234
861284
861306
861319
861360
861368
861369
861395
861408
861418
861440
861451
861481
861483
861502
861529
861544
861613
861619
861639
861645
861661
861677
861683
861702
861717
861728
861732
861747
861750
861753
861766
861800
861809
861812
861817
861821
861977
861981
861996
862007
862041
862049
862058
862063
862096
862121
862134
862149
862168
862170
862223
862242
862263
862278
862281
862282
862282
862311
862358
862369
862378
862383
862399
862429
862450
862471
862472
862482
862488
862510
862513
862525
862546
862572
862573
862631
862644
862651
862695
862705
862727
862741
862754
862757
862771
862776
862785
862825
862833
862873
862881
862888
862889
862896
862908
862909
862909
862932
862950
862998
863003
863024
863069
863105
863106
863109
863174
863194
863216
863234
863267
863279
863288
863295
863321
863361
863373
863423
863457
863486
863529
863542
863590
863592
863593
863594
863615
863622
863622
863624
863646
863666
863688
863691
863691
863696
863714
863719
863727
863745
863746
863767
863772
863776
863776
863788
863790
863795
863808
863812
863838
863889
863908
863908
863919
863941
864008
864029
864032
864046
864076
864121
864122
864134
864175
864193
864194
864230
864231
864268
864289
864333
864346
864354
864355
864378
864406
864464
864471
864497
864522
864529
864566
864566
864571
864582
864594
864675
864690
864690
864698
864703
864724
864726
864729
864732
864767
864797
864822
864835
864838
864863
864876
864881
864882
864891
864915
864923
864926
864963
864981
865040
865045
865054
865065
865073
865075
865082
865160
865176
865222
865275
865323
865345
865357
865382
865388
865425
865436
865440
865449
865500
865529
865538
865539
865587
865616
865630
865658
865678
865695
865706
865721
865732
865773
865798
865841
865851
865864
865873
865898
865990
866036
866051
866060
866062
866095
866121
866150
866176
866241
866243
866244
866252
866254
866260
866268
866280
866286
866315
866325
866342
866370
866373
866387
866457
866537
866540
866559
866602
866612
866614
866634
866654
866665
866673
866697
866730
866741
866772
866779
866779
866804
866846
866896
866900
866923
866924
866936
866947
867022
867049
867073
867090
867099
867125
867228
867264
867266
867269
867326
867347
867374
867407
867430
867451
867459
867462
867483
867486
867488
867505
867538
867546
867554
867556
867573
867584
867596
867613
867649
867657
867690
867710
867717
867756
867784
867794
867796
867797
867815
867850
867866
867874
867936
867973
868023
868049
868085
868103
868113
868122
868130
868154
868159
868160
868175
868207
868212
868212
868308
868320
868322
868370
868377
868383
868387
868392
868400
868450
868453
868453
868464
868496
868520
868531
868549
868641
868643
868648
868667
868672
868674
868702
868749
868792
868812
868888
868895
868907
868941
868961
868973
868979
868980
869024
869038
869049
869079
869119
869157
869184
869198
869232
869250
869250
869252
869272
869289
869304
869311
869331
869352
869368
869410
869447
869452
869475
869476
869519
869537
869539
869543
869593
869594
869598
869619
869631
869634
869651
869695
869703
869710
869713
869737
869742
869756
869759
869821
869831
869839
869855
869879
869912
869923
869930
869945
869950
869954
869974
869974
870028
870049
870066
870071
870158
870167
870184
870186
870230
870241
870248
870261
870276
870287
870326
870345
870378
870385
870389
870397
870407
870411
870495
870524
870528
870531
870544
870555
870584
870599
870690
870702
870754
870765
870794
870810
870919
871024
871026
871036
871053
871064
871066
871082
871097
871109
871114
871114
871115
871133
871152
871182
871200
871229
871233
871262
871279
871289
871315
871336
871344
871376
871412
871428
871433
871434
871464
871489
871521
871543
871553
871555
871600
871631
871669
871690
871726
871740
871760
871779
871784
871784
871817
871834
871842
871861
871864
871868
871882
871907
871949
871969
872012
872059
872075
872129
872133
872142
872187
872196
872204
872225
872243
872288
872293
872327
872421
872432
872437
872445
872450
872471
872481
872488
872506
872519
872542
872567
872627
872636
872711
872798
872894
872894
872897
872919
872932
872935
872949
872950
872953
872973
873011
873027
873035
873074
873117
873133
873151
873163
873182
873192
873197
873203
873203
873218
873236
873296
873313
873329
873334
873338
873367
873376
873388
873414
873415
873480
873560
873581
873582
873613
873625
873636
873652
873662
873663
873668
873683
873698
873707
873730
873752
873755
873823
873861
873875
873881
873891
873967
873984
873998
873999
874011
874025
874053
874054
874059
874070
874075
874105
874124
874159
874181
874190
874207
874229
874248
874273
874276
874280
874289
874322
874324
874349
874393
874473
874488
874512
874572
874594
874598
874598
874611
874616
874616
874623
874646
874648
874741
874745
874753
874755
874764
874776
874781
874781
874788
874800
874812
874812
874818
874897
874921
874928
874947
874995
875008
875014
875014
875034
875036
875055
875057
875062
875075
875121
875138
875202
875231
875245
875284
875284
875324
875326
875370
875375
875394
875408
875415
875421
875425
875434
875451
875454
875458
875495
875558
875578
875600
875700
875709
875710
875734
875740
875744
875758
875769
875771
875789
875795
875799
875800
875801
875832
875908
875932
875960
875961
876009
876009
876014
876042
876047
876067
876095
876106
876139
876141
876165
876171
876174
876175
876196
876220
876226
876246
876249
876253
876254
876264
876297
876303
876358
876384
876389
876400
876407
876427
876473
876478
876486
876536
876608
876643
876645
876652
876657
876678
876689
876710
876723
876728
876736
876749
876761
876771
876793
876806
876860
876866
876878
876884
876900
876915
876915
876920
876933
876979
876998
877014
877019
877031
877068
877082
877125
877138
877199
877203
877213
877238
877246
877303
877311
877337
877349
877352
877359
877390
877392
877411
877417
877432
877450
877488
877497
877534
877548
877594
877612
877624
877642
877652
877690
877699
877721
877726
877748
877757
877775
877809
877830
877846
877852
877854
877858
877868
877897
877904
877926
877926
877928
877933
877963
877989
878000
878005
878017
878062
878067
878086
878089
878103
878106
878112
878119
878255
878264
878272
878305
878313
878315
878321
878326
878328
878356
878393
878409
878432
878449
878537
878568
878593
878608
878645
878661
878693
878723
878817
878824
878838
878841
878861
878925
878970
879013
879020
879107
879129
879140
879154
879186
879199
879222
879238
879245
879284
879286
879301
879322
879391
879457
879457
879462
879468
879522
879541
879547
879564
879628
879639
879651
879701
879702
879791
879816
879859
879876
879880
879904
879911
879931
879932
879946
879947
879948
879960
879974
879978
879978
879999
880054
880054
880074
880090
880093
880187
880195
880201
880219
880224
880226
880293
880313
880315
880322
880341
880394
880425
880428
880431
880464
880476
880487
880487
880545
880559
880579
880592
880610
880688
880728
880739
880756
880777
880823
880867
880892
880909
880943
880947
880974
880992
880999
881024
881040
881101
881140
881206
881208
881210
881260
881262
881263
881285
881290
881293
881298
881344
881346
881361
881361
881366
881377
881402
881418
881420
881460
881481
881499
881527
881534
881536
881541
881572
881576
881587
881590
881613
881693
881698
881721
881732
881747
881790
881810
881826
881835
881845
881856
881882
881898
881926
881944
881963
882047
882060
882065
882086
882087
882108
882113
882134
882155
882157
882169
882196
882206
882233
882258
882261
882288
882328
882332
882375
882385
882390
882407
882425
882442
882448
882452
882492
882493
882524
882527
882530
882552
882596
882604
882607
882656
882658
882664
882664
882671
882677
882684
882702
882726
882727
882730
882747
882767
882771
882795
882836
882847
882848
882858
882900
882901
882960
883000
883046
883070
883079
883108
883114
883120
883168
883195
883229
883267
883378
883416
883453
883468
883502
883527
883545
883591
883617
883652
883656
883668
883673
883719
883749
883751
883762
883772
883831
883841
883868
883889
883991
884021
884024
884098
884102
884167
884187
884240
884247
884251
884252
884271
884289
884328
884331
884359
884361
884383
884386
884406
884407
884418
884420
884433
884435
884473
884486
884506
884506
884512
884521
884533
884535
884566
884572
884597
884618
884625
884630
884637
884658
884683
884685
884726
884739
884755
884782
884785
884843
884850
884878
884899
884909
884912
884925
884932
884995
885037
885043
885049
885074
885076
885085
885088
885106
885128
885131
885206
885245
885263
885301
885311
885339
885349
885350
885354
885356
885361
885372
885391
885395
885400
885405
885416
885451
885460
885469
885473
885499
885539
885541
885564
885608
885622
885644
885646
885649
885706
885721
885774
885810
885868
885873
885880
885889
885896
885902
885905
885912
885956
885957
885978
885978
886005
886028
886034
886042
886101
886121
886122
886153
886163
886164
886181
886192
886195
886198
886203
886227
886227
886239
886262
886269
886309
886311
886334
886504
886593
886600
886685
886702
886715
886716
886717
886731
886758
886761
886789
886807
886822
886880
886884
886894
886901
886906
886908
886923
886930
886931
886941
886946
887003
887028
887046
887058
887060
887077
887077
887132
887137
887147
887166
887201
887211
887223
887254
887319
887326
887357
887360
887368
887387
887396
887399
887417
887446
887447
887531
887548
887567
887620
887643
887649
887650
887655
887690
887747
887751
887770
887774
887789
887814
887831
887834
887839
887863
887895
887924
887925
887942
887951
887969
887975
888028
888053
888077
888107
888137
888163
888169
888175
888185
888185
888186
888190
888191
888200
888226
888227
888248
888280
888292
888312
888326
888328
888357
888427
888453
888478
888492
888509
888512
888513
888528
888552
888588
888588
888589
888637
888648
888666
888675
888699
888701
888709
888757
888770
888789
888825
888829
888850
888887
888901
888949
888966
889004
889030
889051
889055
889073
889076
889095
889129
889141
889149
889159
889162
889163
889166
889264
889268
889269
889270
889318
889352
889360
889389
889398
889400
889423
889435
889468
889532
889548
889553
889693
889719
889727
889779
889809
889812
889837
889944
889954
889956
889970
889978
889992
890003
890038
890087
890097
890115
890170
890187
890239
890242
890286
890332
890338
890342
890360
890382
890410
890411
890418
890419
890444
890509
890527
890570
890583
890595
890599
890600
890611
890637
890667
890673
890684
890720
890797
890803
890820
890855
890855
890882
890913
890940
890981
890984
890997
891061
891114
891158
891159
891178
891197
891206
891218
891224
891268
891280
891312
891321
891321
891356
891374
891390
891406
891420
891422
891443
891511
891538
891562
891578
891599
891605
891614
891619
891629
891640
891644
891786
891802
891821
891860
891895
891897
891938
891939
891946
891957
891966
891976
892005
892005
892009
892023
892025
892028
892035
892037
892047
892082
892086
892099
892118
892119
892128
892136
892149
892193
892216
892222
892222
892231
892231
892259
892262
892275
892291
892293
892300
892307
892316
892323
892352
892353
892424
892430
892450
892461
892468
892475
892485
892490
892514
892530
892542
892618
892622
892632
892651
892682
892753
892759
892789
892804
892805
892818
892827
892835
892868
892876
892920
892939
892955
892964
892965
892977
892985
893010
893032
893033
893038
893061
893063
893085
893089
893095
893124
893129
893139
893168
893194
893210
893212
893214
893218
893218
893221
893235
893240
893246
893268
893268
893283
893286
893292
893317
893332
893352
893399
893402
893420
893432
893432
893466
893512
893518
893544
893545
893555
893558
893592
893666
893677
893699
893732
893743
893747
893796
893814
893822
893842
893850
893851
893901
893908
893917
893975
893977
893988
894044
894110
894117
894150
894159
894160
894164
894224
894229
894230
894247
894293
894308
894348
894370
894373
894390
894420
894456
894475
894496
894496
894513
894527
894532
894536
894547
894573
894575
894585
894600
894601
894633
894634
894642
894672
894678
894692
894699
894711
894715
894739
894741
894749
894751
894751
894762
894764
894765
894768
894785
894879
894886
894910
894916
894917
894945
894957
894973
894979
894992
894992
895015
895025
895066
895104
895120
895122
895127
895163
895163
895208
895220
895240
895242
895258
895258
895271
895312
895342
895342
895358
895359
895385
895397
895431
895452
895458
895509
895515
895571
895604
895638
895660
895671
895698
895709
895716
895776
895800
895803
895808
895822
895824
895848
895857
895870
895901
895979
896003
896016
896052
896077
896105
896112
896127
896131
896146
896178
896182
896185
896192
896208
896218
896270
896325
896393
896396
896404
896410
896445
896551
896572
896585
896618
896622
896623
896644
896646
896646
896661
896675
896676
896681
896700
896703
896720
896725
896743
896751
896825
896839
896853
896884
896906
896943
896946
896961
896967
896978
897023
897035
897076
897078
897084
897093
897103
897109
897110
897138
897156
897161
897237
897365
897376
897376
897394
897428
897440
897442
897498
897511
897525
897526
897537
897554
897554
897619
897627
897633
897639
897657
897674
897676
897690
897690
897716
897793
897810
897826
897842
897866
897888
897913
897985
898017
898018
898036
898047
898076
898079
898083
898102
898126
898157
898199
898221
898252
898299
898302
898317
898359
898386
898395
898449
898471
898493
898497
898508
898517
898533
898569
898570
898581
898588
898611
898645
898661
898671
898672
898674
898688
898754
898812
898815
898841
898848
898855
898865
898874
898900
898902
898962
898990
899004
899037
899043
899047
899054
899089
899091
899098
899120
899120
899130
899149
899158
899160
899175
899197
899206
899234
899237
899268
899270
899392
899416
899436
899438
899501
899504
899522
899530
899542
899550
899615
899632
899641
899644
899704
899736
899746
899800
899831
899859
899885
899967
899971
900000
900029
900031
900043
900064
900093
900095
900112
900117
900129
900132
900140
900169
900174
900185
900228
900246
900253
900255
900273
900277
900299
900328
900364
900379
900382
900430
900445
900450
900452
900457
900472
900480
900549
900564
900586
900589
900597
900679
900686
900695
900747
900779
900819
900838
900839
900851
900908
900967
900976
900976
901010
901088
901138
901169
901170
901172
901208
901235
901240
901266
901266
901287
901289
901309
901310
901320
901324
901339
901355
901357
901373
901421
901448
901451
901480
901490
901503
901517
901531
901536
901604
901620
901646
901705
901710
901719
901738
901746
901752
901772
901777
901788
901791
901804
901811
901814
901830
901848
901853
901884
901893
901909
901920
901940
901963
901996
901998
902001
902022
902053
902073
902129
902138
902185
902220
902252
902277
902293
902335
902359
902387
902393
902394
902492
902505
902519
902534
902545
902545
902557
902565
902604
902633
902641
902666
902675
902677
902710
902713
902726
902738
902748
902777
902784
902798
902804
902819
902868
902869
902919
902926
902954
902967
902967
902992
903012
903065
903070
903110
903110
903120
903156
903202
903220
903230
903249
903255
903277
903286
903304
903340
903360
903381
903425
903434
903438
903439
903453
903453
903457
903458
903461
903497
903505
903524
903532
903562
903600
903627
903646
903656
903672
903689
903703
903763
903817
903823
903842
903921
903955
903995
904026
904051
904085
904104
904107
904146
904146
904154
904157
904164
904188
904195
904212
904218
904233
904243
904294
904389
904390
904391
904434
904436
904444
904465
904489
904507
904542
904587
904592
904613
904662
904735
904735
904748
904771
904857
904879
904901
904918
904933
904963
904969
904987
904989
904994
905035
905056
905060
905078
905126
905181
905182
905198
905199
905220
905243
905339
905389
905441
905536
905553
905561
905589
905590
905621
905629
905653
905665
905665
905684
905697
905782
905796
905804
905811
905819
905832
905832
905870
905880
905894
905923
905924
905930
905949
905958
905959
905966
905966
905969
905993
906002
906027
906062
906127
906136
906144
906154
906161
906265
906266
906303
906317
906324
906324
906329
906349
906373
906387
906436
906450
906453
906462
906464
906524
906541
906541
906549
906553
906586
906592
906595
906603
906612
906650
906674
906689
906696
906739
906751
906755
906757
906778
906799
906813
906842
906853
906870
906934
907002
907024
907044
907059
907094
907096
907098
907113
907148
907159
907164
907180
907220
907280
907285
907366
907380
907455
907457
907477
907491
907516
907590
907591
907601
907627
907627
907628
907637
907657
907658
907666
907690
907691
907705
907723
907735
907763
907783
907846
907891
907905
907914
907916
907970
908012
908035
908077
908139
908180
908203
908205
908229
908238
908253
908267
908325
908389
908432
908445
908452
908465
908469
908483
908493
908537
908543
908565
908643
908656
908700
908735
908737
908781
908788
908860
908901
908930
908941
908977
909032
909060
909065
909155
909163
909232
909246
909286
909301
909315
909321
909359
909408
909444
909509
909526
909536
909549
909557
909589
909613
909657
909665
909707
909709
909713
909718
909764
909771
909786
909788
909794
909816
909832
909836
909836
909844
909848
909857
909859
909860
909880
909882
909929
909983
909994
910038
910051
910068
910083
910102
910113
910144
910154
910193
910207
910208
910222
910242
910276
910289
910293
910302
910327
910364
910375
910391
910395
910408
910432
910444
910467
910502
910538
910541
910583
910653
910701
910728
910730
910771
910792
910821
910919
910926
910938
910959
910978
910989
911001
911045
911052
911082
911126
911157
911211
911265
911287
911306
911329
911373
911377
911395
911403
911426
911428
911430
911470
911480
911522
911530
911531
911560
911635
911683
911685
911707
911710
911723
911747
911750
911760
911793
911822
911823
911834
911844
911845
911895
911896
911906
911926
911947
911961
911984
911986
912003
912024
912052
912053
912059
912076
912077
912081
912088
912089
912089
912127
912166
912168
912173
912176
912215
912298
912315
912337
912383
912385
912395
912428
912443
912447
912452
912468
912483
912488
912501
912529
912555
912578
912602
912616
912629
912665
912760
912762
912766
912767
912785
912799
912807
912833
912853
912870
912876
912883
912900
912901
912902
913056
913125
913151
913155
913178
913183
913199
913204
913208
913213
913221
913271
913336
913337
913372
913374
913392
913446
913447
913485
913493
913522
913535
913561
913620
913665
913665
913682
913684
913697
913703
913720
913723
913736
913749
913774
913784
913797
913802
913831
913838
913936
913937
913974
914003
914010
914012
914014
914031
914036
914073
914080
914086
914119
914127
914127
914205
914207
914211
914218
914224
914253
914265
914286
914307
914314
914356
914385
914412
914533
914542
914548
914551
914584
914603
914606
914616
914621
914626
914693
914721
914739
914752
914772
914786
914827
914829
914845
914879
914886
914942
914956
914972
915011
915030
915038
915047
915057
915077
915118
915121
915131
915134
915136
915144
915156
915165
915222
915227
915263
915277
915281
915282
915292
915369
915369
915441
915453
915465
915513
915521
915544
915554
915578
915581
915589
915596
915693
915702
915723
915729
915747
915752
915758
915761
915762
915796
915799
915819
915823
915880
915893
915895
915905
915981
915992
916048
916093
916106
916108
916130
916151
916155
916173
916173
916213
916217
916244
916267
916290
916294
916318
916327
916367
916380
916400
916443
916481
916481
916507
916526
916531
916532
916545
916552
916552
916568
916574
916576
916586
916612
916633
916647
916680
916689
916689
916726
916765
916774
916802
916809
916866
916870
916875
916906
916906
916914
916944
917005
917011
917024
917061
917066
917151
917180
917192
917268
917312
917315
917348
917368
917381
917401
917461
917500
917510
917525
917544
917571
917574
917577
917586
917618
917619
917665
917669
917676
917698
917741
917745
917752
917780
917786
917808
917809
917812
917829
917830
917846
917869
917876
917888
917897
917901
917928
917945
917965
917973
917983
917992
918046
918059
918123
918134
918135
918139
918145
918153
918169
918181
918190
918194
918199
918213
918227
918278
918285
918348
918351
918356
918369
918372
918372
918383
918405
918406
918408
918410
918521
918529
918533
918538
918559
918560
918611
918617
918618
918643
918659
918677
918716
918748
918750
918798
918806
918816
918830
918852
918871
918939
918992
918994
919003
919019
919023
919043
919061
919071
919078
919083
919118
919120
919120
919125
919174
919196
919214
919226
919261
919293
919303
919305
919324
919337
919347
919349
919354
919359
919378
919385
919414
919414
919433
919447
919456
919457
919461
919528
919534
919536
919562
919577
919595
919665
919668
919669
919673
919677
919739
919762
919767
919796
919804
919821
919826
919864
919873
919884
919919
919943
919966
920015
920016
920056
920064
920065
920077
920079
920154
920171
920182
920183
920183
920195
920255
920263
920271
920319
920321
920354
920368
920395
920405
920411
920414
920417
920454
920475
920483
920494
920495
920516
920524
920526
920535
920537
920564
920569
920570
920581
920582
920588
920600
920614
920631
920648
920660
920702
920709
920709
920733
920814
920825
920903
920919
920929
920963
921022
921028
921040
921052
921094
921120
921152
921153
921196
921227
921291
921308
921339
921346
921353
921356
921389
921390
921415
921420
921426
921436
921489
921490
921500
921536
921585
921604
921615
921624
921630
921649
921677
921685
921701
921709
921712
921719
921747
921776
921801
921812
921821
921830
921836
921840
921844
921852
921876
921883
921917
921962
921965
922002
922006
922032
922046
922129
922142
922144
922154
922181
922189
922218
922272
922277
922281
922287
922301
922310
922332
922407
922467
922474
922478
922495
922534
922555
922558
922582
922593
922628
922647
922655
922657
922665
922671
922680
922733
922736
922738
922746
922755
922759
922774
922783
922827
922830
922833
922839
922844
922850
922856
922866
922904
922905
922909
922930
922959
922977
922980
923013
923041
923044
923088
923101
923102
923111
923140
923141
923146
923157
923222
923224
923235
923253
923286
923297
923325
923328
923337
923350
923369
923375
923381
923406
923411
923426
923452
923463
923471
923481
923487
923521
923535
923537
923545
923561
923566
923596
923619
923669
923746
923754
923758
923772
923780
923802
923823
923849
923859
923882
923886
923887
923906
923920
923927
923938
923960
923963
923986
924016
924019
924040
924043
924051
924135
924159
924196
924208
924209
924213
924215
924216
924227
924233
924236
924257
924260
924340
924376
924396
924448
924451
924458
924474
924476
924482
924482
924490
924496
924508
924541
924541
924558
924622
924690
924706
924721
924727
924743
924752
924857
924866
924886
924918
924932
924960
924961
924982
925078
925078
925079
925134
925138
925167
925167
925177
925223
925281
925288
925298
925306
925318
925331
925373
925397
925423
925425
925475
925549
925589
925639
925640
925653
925654
925655
925666
925702
925755
925758
925772
925804
925811
925825
925867
925873
925883
925920
925948
925954
925972
926009
926073
926089
926107
926132
926171
926188
926232
926259
926281
926301
926318
926319
926326
926349
926365
926384
926403
926406
926409
926441
926508
926564
926571
926577
926585
926608
926644
926669
926692
926709
926710
926713
926718
926722
926726
926743
926789
926792
926808
926828
926840
926844
926850
926878
926909
926968
926984
927001
927038
927051
927053
927082
927091
927095
927101
927104
927111
927190
927225
927231
927276
927278
927313
927320
927332
927352
927357
927374
927399
927441
927460
927477
927550
927558
927580
927629
927633
927659
927666
927690
927691
927709
927737
927755
927756
927781
927783
927800
927801
927839
927844
927846
927864
927874
927897
927897
927905
927951
927956
927981
927985
927987
928039
928049
928056
928109
928114
928131
928140
928156
928171
928178
928191
928192
928201
928208
928234
928238
928271
928282
928284
928291
928297
928307
928314
928346
928370
928381
928414
928432
928452
928492
928533
928540
928541
928608
928625
928666
928692
928695
928726
928738
928749
928770
928807
928810
928821
928822
928826
928850
928861
928877
928931
928938
928968
928971
928986
928994
929053
929067
929135
929151
929175
929244
929251
929276
929287
929303
929365
929377
929383
929396
929402
929416
929465
929469
929484
929550
929578
929582
929615
929624
929643
929649
929669
929681
929688
929698
929720
929745
929757
929768
929800
929867
929900
929966
929967
930033
930037
930038
930085
930133
930134
930172
930230
930240
930246
930247
930255
930275
930283
930289
930301
930332
930371
930372
930387
930393
930397
930426
930455
930504
930515
930538
930538
930553
930561
930576
930583
930656
930685
930687
930690
930715
930731
930794
930843
930851
930860
930865
930874
930909
930927
930968
930981
930989
930996
931021
931045
931056
931110
931119
931143
931164
931217
931223
931320
931387
931403
931408
931440
931450
931451
931457
931488
931489
931498
931511
931565
931580
931607
931624
931638
931652
931685
931686
931707
931721
931737
931751
931768
931774
931777
931859
931864
931920
931949
931953
931969
931997
932015
932035
932042
932042
932067
932073
932117
932122
932122
932143
932160
932177
932193
932254
932268
932344
932357
932364
932365
932398
932400
932412
932417
932426
932436
932443
932452
932454
932494
932502
932509
932512
932541
932594
932623
932626
932657
932700
932703
932725
932732
932744
932769
932785
932788
932814
932821
932868
932884
932901
932907
932928
933008
933068
933075
933080
933134
933142
933162
933182
933286
933360
933386
933398
933426
933427
933443
933451
933470
933471
933480
933483
933492
933514
933582
933585
933588
933593
933613
933616
933630
933631
933649
933664
933717
933737
933751
933796
933806
933807
933827
933831
933866
933875
933888
933889
933893
933897
933911
933985
933990
933993
934011
934067
934072
934075
934091
934159
934174
934200
934212
934244
934257
934266
934278
934289
934322
934343
934351
934356
934363
934374
934411
934439
934452
934470
934494
934503
934529
934544
934548
934602
934608
934629
934660
934677
934686
934723
934736
934747
934767
934776
934802
934810
934825
934830
934860
934863
934880
934917
934928
934945
934960
934967
934981
934989
935019
935027
935029
935036
935058
935077
935089
935091
935103
935119
935120
935141
935141
935152
935161
935186
935204
935209
935236
935247
935266
935320
935324
935366
935390
935399
935443
935458
935502
935543
935556
935566
935579
935635
935732
935747
935748
935765
935772
935807
935831
936004
936016
936022
936044
936048
936061
936113
936159
936167
936172
936184
936185
936198
936199
936202
936220
936222
936238
936246
936257
936263
936287
936289
936333
936334
936344
936378
936427
936427
936460
936474
936494
936509
936512
936539
936579
936584
936588
936599
936604
936653
936665
936671
936695
936695
936703
936703
936716
936725
936745
936749
936755
936761
936807
936817
936849
936851
936856
936860
936909
936950
937036
937036
937070
937082
937122
937123
937132
937147
937184
937200
937234
937250
937251
937266
937306
937317
937338
937356
937366
937452
937509
937510
937512
937520
937547
937562
937584
937608
937612
937656
937675
937677
937688
937691
937711
937723
937731
937775
937780
937791
937880
937960
937965
937970
937982
937987
938012
938021
938028
938036
938046
938047
938047
938081
938089
938097
938126
938136
938145
938145
938187
938196
938203
938203
938213
938229
938254
938263
938267
938298
938301
938302
938320
938336
938453
938454
938477
938496
938513
938524
938528
938556
938580
938588
938589
938610
938624
938643
938673
938696
938713
938715
938722
938734
938779
938786
938844
938847
938877
938911
938959
938974
938981
938982
939050
939086
939098
939107
939114
939116
939219
939225
939230
939233
939257
939268
939296
939303
939356
939360
939372
939397
939440
939446
939453
939467
939501
939509
939534
939545
939561
939562
939565
939580
939648
939654
939657
939658
939659
939673
939676
939710
939737
939742
939743
939750
939791
939800
939807
939833
939860
939894
939898
939928
939946
939964
940021
940034
940081
940099
940109
940116
940131
940173
940175
940183
940189
940190
940237
940257
940260
940289
940301
940301
940346
940369
940386
940423
940455
940494
940519
940566
940584
940652
940702
940719
940724
940772
940784
940799
940837
940837
940849
940862
940876
940894
940911
940933
940974
940985
940988
941007
941033
941089
941118
941177
941192
941206
941235
941270
941285
941310
941366
941386
941389
941392
941395
941397
941406
941439
941463
941491
941494
941507
941515
941536
941559
941562
941569
941572
941582
941582
941586
941625
941643
941651
941657
941688
941730
941787
941793
941852
941854
941869
941899
941947
941968
942012
942020
942025
942104
942121
942161
942168
942176
942180
942235
942269
942281
942288
942292
942310
942328
942347
942367
942369
942393
942443
942449
942455
942458
942461
942505
942534
942568
942573
942580
942595
942655
942664
942679
942691
942694
942710
942718
942745
942752
942758
942764
942791
942809
942834
942853
942880
942882
942882
942903
942967
942974
942979
943012
943019
943031
943035
943066
943076
943082
943085
943111
943115
943124
943182
943204
943206
943213
943235
943236
943263
943264
943307
943316
943326
943354
943379
943459
943505
943513
943543
943559
943599
943600
943601
943612
943624
943629
943645
943681
943706
943727
943746
943760
943766
943808
943878
943879
943881
943911
943956
943959
943972
943975
943979
943988
944010
944018
944079
944082
944098
944126
944244
944276
944282
944282
944284
944318
944321
944329
944346
944363
944390
944395
944408
944411
944413
944435
944453
944488
944504
944559
944588
944596
944603
944633
944635
944656
944667
944674
944681
944690
944725
944741
944771
944788
944818
944834
944855
944868
944874
944894
944903
944914
944941
944947
944948
944951
944978
944993
945002
945013
945071
945075
945078
945080
945081
945085
945109
945153
945180
945186
945195
945222
945231
945232
945233
945236
945256
945277
945292
945298
945304
945318
945318
945356
945359
945393
945440
945494
945505
945507
945512
945530
945546
945572
945587
945611
945618
945663
945663
945673
945707
945724
945733
945752
945772
945836
945921
945936
945946
945980
945997
946017
946033
946046
946091
946121
946148
946149
946158
946175
946205
946254
946287
946287
946307
946329
946339
946370
946386
946399
946432
946440
946467
946514
946523
946533
946540
946568
946576
946579
946597
946607
946609
946627
946631
946632
946645
946670
946710
946735
946740
946744
946754
946797
946845
946867
946905
946913
946914
946919
946935
946939
946961
946980
947035
947050
947061
947065
947129
947130
947167
947175
947178
947204
947206
947211
947219
947241
947263
947280
947280
947285
947295
947394
947398
947422
947444
947447
947451
947508
947529
947541
947557
947559
947567
947571
947572
947594
947597
947652
947652
947654
947654
947695
947714
947728
947730
947731
947738
947759
947777
947782
947806
947821
947840
947859
947863
947867
947879
947924
947926
947936
947951
947952
947968
947975
947982
948014
948037
948051
948056
948066
948088
948091
948114
948115
948135
948145
948163
948209
948216
948229
948238
948281
948300
948347
948360
948371
948380
948392
948393
948403
948405
948438
948452
948473
948534
948551
948584
948589
948594
948676
948678
948688
948706
948714
948735
948746
948760
948765
948773
948785
948786
948789
948806
948809
948882
948890
948911
948936
948949
948966
948987
949004
949008
949040
949063
949079
949118
949124
949149
949163
949196
949211
949219
949237
949241
949248
949286
949337
949363
949365
949378
949387
949432
949474
949493
949500
949534
949555
949621
949625
949650
949663
949722
949751
949793
949803
949823
949841
949856
949860
949867
949910
949913
949931
949940
949949
949955
949955
949959
949964
950035
950087
950094
950098
950103
950135
950137
950140
950150
950161
950170
950201
950257
950388
950396
950411
950429
950444
950455
950464
950470
950511
950549
950560
950599
950622
950626
950684
950697
950727
950742
950756
950797
950819
950836
950889
950936
950963
950965
950994
951065
951084
951088
951091
951107
951112
951113
951125
951149
951173
951185
951189
951191
951192
951200
951224
951247
951258
951259
951294
951320
951337
951351
951404
951422
951442
951443
951456
951484
951556
951582
951606
951622
951624
951631
951632
951647
951684
951723
951770
951772
951791
951795
951795
951837
951850
951853
951856
951869
951879
951949
951965
951968
952009
952009
952019
952069
952090
952118
952166
952178
952221
952244
952258
952285
952326
952330
952378
952389
952400
952462
952516
952525
952526
952532
952611
952648
952655
952665
952676
952688
952693
952712
952719
952726
952756
952759
952774
952811
952849
952851
952855
952878
952878
952888
952892
952896
952900
952914
952921
952928
952932
952932
952950
952964
952996
953017
953018
953025
953070
953073
953090
953112
953113
953168
953176
953194
953209
953216
953233
953249
953262
953341
953361
953433
953447
953455
953470
953492
953527
953546
953547
953551
953669
953698
953704
953716
953731
953851
953916
953938
953964
953973
953977
953982
954015
954060
954068
954081
954131
954132
954133
954137
954154
954187
954196
954199
954211
954226
954227
954234
954267
954268
954373
954394
954400
954417
954479
954492
954517
954523
954553
954576
954596
954603
954616
954637
954644
954656
954682
954703
954739
954758
954777
954803
954806
954848
954919
954938
954960
954963
954991
954997
955037
955044
955069
955084
955102
955126
955134
955135
955141
955158
955209
955233
955235
955254
955260
955279
955288
955295
955315
955353
955375
955379
955379
955387
955392
955396
955406
955410
955411
955433
955433
955462
955485
955517
955518
955627
955636
955638
955666
955735
955749
955753
955781
955805
955815
955830
955930
956002
956010
956014
956026
956028
956055
956077
956089
956096
956098
956102
956130
956157
956172
956188
956202
956211
956223
956227
956249
956255
956331
956355
956381
956396
956416
956436
956451
956455
956545
956559
956577
956598
956604
956649
956680
956683
956687
956696
956721
956725
956746
956775
956782
956787
956796
956844
956853
956890
956934
956954
956956
956961
956965
956986
957011
957030
957035
957037
957044
957049
957087
957087
957125
957146
957148
957163
957173
957175
957197
957204
957220
957229
957252
957292
957321
957322
957348
957428
957481
957502
957519
957540
957566
957609
957611
957618
957637
957666
957721
957730
957737
957849
957864
957867
957888
957892
957950
957963
957965
957966
957982
957985
958009
958011
958014
958035
958048
958067
958093
958102
958114
958120
958146
958151
958166
958182
958209
958253
958259
958271
958290
958293
958301
958323
958326
958353
958386
958401
958420
958425
958443
958445
958501
958543
958562
958584
958587
958598
958634
958654
958662
958687
958687
958729
958732
958734
958737
958739
958741
958751
958801
958806
958836
958843
958851
958874
959008
959068
959171
959202
959224
959227
959232
959287
959288
959293
959307
959310
959346
959370
959458
959480
959528
959539
959559
959573
959621
959645
959655
959680
959694
959698
959737
959787
959828
959837
959840
959849
959879
959905
959920
959968
959980
959986
960066
960142
960147
960165
960169
960188
960204
960205
960205
960228
960232
960242
960305
960313
960326
960346
960350
960464
960482
960487
960514
960544
960576
960586
960608
960617
960621
960622
960631
960655
960668
960697
960706
960725
960774
960776
960787
960795
960812
960814
960817
960874
960881
960883
960926
960935
960940
960990
961028
961144
961150
961167
961168
961196
961241
961296
961298
961318
961324
961349
961361
961370
961400
961409
961427
961469
961523
961527
961531
961532
961574
961594
961614
961648
961655
961665
961681
961684
961690
961692
961694
961778
961787
961830
961837
961883
961907
961913
961928
961964
962010
962028
962032
962068
962076
962115
962152
962214
962215
962228
962231
962247
962286
962291
962301
962321
962344
962354
962368
962414
962426
962436
962436
962476
962478
962520
962550
962567
962606
962661
962670
962677
962712
962712
962735
962740
962746
962764
962772
962789
962794
962825
962847
962854
962866
962874
962905
962931
962933
962941
962975
962977
962999
963007
963013
963016
963042
963062
963074
963079
963125
963178
963186
963193
963207
963223
963240
963254
963257
963283
963293
963307
963329
963344
963350
963373
963375
963378
963474
963474
963491
963498
963503
963561
963571
963622
963645
963694
963696
963711
963721
963734
963748
963751
963768
963801
963819
963820
963821
963839
963841
963866
963876
963887
963903
964039
964039
964047
964066
964082
964128
964158
964163
964164
964190
964206
964215
964260
964265
964266
964269
964291
964305
964308
964322
964355
964359
964367
964370
964401
964459
964462
964521
964542
964546
964553
964557
964567
964602
964604
964640
964645
964656
964723
964789
964790
964813
964820
964833
964868
964879
964903
964904
964929
964955
964983
965010
965024
965047
965053
965055
965079
965083
965087
965088
965102
965174
965174
965185
965186
965230
965234
965238
965252
965265
965272
965296
965349
965358
965359
965363
965390
965407
965439
965440
965545
965550
965557
965558
965559
965595
965611
965617
965665
965667
965682
965684
965684
965690
965703
965705
965705
965708
965716
965717
965719
965721
965723
965725
965747
965767
965815
965847
965858
965865
965865
965881
965886
965930
965951
965967
965995
966018
966039
966041
966083
966101
966118
966127
966136
966138
966269
966291
966308
966342
966400
966423
966428
966433
966442
966481
966568
966573
966583
966624
966654
966658
966680
966717
966724
966731
966743
966744
966790
966798
966807
966833
966837
966853
966936
966941
966945
967001
967061
967061
967067
967080
967134
967143
967146
967155
967160
967165
967203
967217
967218
967235
967244
967273
967294
967318
967338
967340
967341
967353
967356
967384
967428
967455
967485
967487
967491
967494
967497
967576
967587
967593
967618
967623
967623
967626
967633
967635
967639
967673
967693
967714
967746
967783
967805
967852
967854
967875
967903
967940
967961
967971
968024
968040
968067
968083
968087
968097
968130
968141
968186
968191
968207
968246
968248
968260
968282
968288
968299
968325
968329
968333
968336
968373
968394
968412
968433
968447
968470
968496
968500
968518
968580
968591
968596
968604
968659
968674
968678
968701
968705
968725
968726
968777
968802
968840
968861
968869
968888
968891
968898
968900
968904
968939
968941
968951
968970
968994
969006
969009
969026
969035
969039
969039
969105
969114
969116
969135
969146
969148
969149
969151
969162
969166
969174
969183
969184
969204
969210
969225
969231
969255
969267
969319
969322
969331
969352
969355
969365
969380
969395
969425
969464
969471
969506
969547
969555
969582
969602
969633
969653
969656
969659
969662
969663
969685
969691
969710
969728
969741
969756
969768
969778
969782
969793
969793
969813
969844
969845
969895
969927
969940
969943
969982
969987
969992
970044
970054
970108
970139
970147
970157
970169
970181
970186
970189
970189
970214
970245
970277
970290
970324
970349
970356
970363
970390
970405
970428
970430
970441
970579
970585
970616
970666
970747
970764
970771
970797
970843
970854
970854
970895
970911
970937
970951
970975
970984
970990
970997
971004
971032
971077
971079
971109
971134
971157
971175
971203
971276
971279
971279
971311
971328
971339
971348
971377
971380
971474
971480
971497
971508
971517
971559
971559
971587
971626
971636
971641
971641
971644
971663
971686
971709
971720
971738
971750
971752
971777
971780
971817
971840
971842
971852
971865
971902
971914
971933
971946
971954
971957
971964
971993
971997
972003
972034
972049
972055
972090
972102
972127
972130
972197
972225
972227
972316
972329
972357
972389
972392
972400
972430
972450
972456
972467
972473
972474
972474
972479
972484
972527
972527
972535
972560
972567
972579
972590
972600
972609
972613
972665
972743
972784
972806
972826
972834
972860
972873
972880
972898
972913
972915
972916
972945
972980
972983
972990
973017
973018
973029
973030
973034
973043
973076
973082
973083
973102
973107
973111
973122
973132
973134
973147
973171
973177
973183
973197
973244
973259
973341
973383
973408
973408
973421
973424
973449
973485
973511
973542
973576
973611
973612
973622
973623
973660
973677
973699
973742
973748
973752
973767
973795
973806
973818
973841
973852
973875
973907
973915
973925
973941
973945
973946
973955
973959
973994
974008
974008
974018
974093
974094
974094
974113
974116
974120
974142
974172
974174
974198
974206
974291
974331
974381
974391
974436
974449
974455
974468
974472
974523
974523
974564
974575
974606
974624
974627
974630
974631
974633
974636
974646
974646
974650
974679
974712
974747
974759
974819
974853
974856
974867
974889
974926
974928
974932
974969
974981
975001
975034
975035
975051
975059
975082
975118
975176
975183
975266
975272
975350
975366
975389
975429
975439
975454
975484
975513
975513
975548
975612
975689
975690
975701
975705
975747
975775
975791
975797
975803
975828
975903
975904
975913
975928
975991
976011
976032
976033
976038
976075
976079
976082
976095
976108
976113
976123
976132
976134
976138
976144
976164
976190
976211
976227
976256
976265
976270
976283
976323
976331
976371
976392
976415
976421
976435
976443
976444
976448
976471
976475
976478
976496
976536
976539
976569
976573
976597
976598
976609
976644
976663
976681
976692
976723
976745
976763
976769
976776
976795
976812
976828
976853
976865
976868
976873
976874
976883
976883
976896
976917
976928
976955
976980
976986
977002
977007
977032
977036
977051
977081
977116
977119
977141
977159
977172
977195
977206
977208
977222
977257
977276
977306
977311
977314
977357
977358
977359
977385
977388
977408
977409
977445
977445
977486
977494
977496
977531
977554
977558
977576
977578
977607
977618
977625
977626
977632
977636
977661
977698
977709
977715
977718
977757
977867
977894
977899
977933
977939
977952
977959
977974
977983
977989
977993
978000
978049
978126
978126
978135
978149
978158
978169
978172
978172
978190
978215
978215
978223
978228
978251
978252
978264
978269
978275
978307
978326
978348
978350
978364
978370
978392
978420
978457
978462
978466
978496
978503
978538
978543
978547
978582
978624
978661
978672
978753
978756
978764
978779
978799
978821
978898
978908
978915
978917
978918
978936
978948
978984
978986
978991
979020
979050
979050
979081
979126
979171
979179
979180
979184
979189
979189
979226
979259
979277
979294
979299
979310
979314
979315
979323
979328
979338
979341
979342
979411
979416
979421
979460
979464
979475
979479
979520
979536
979557
979572
979585
979604
979607
979625
979633
979676
979722
979729
979813
979831
979834
979845
979956
979963
979970
980002
980011
980021
980024
980035
980046
980050
980075
980077
980079
980107
980111
980124
980128
980131
980173
980241
980273
980279
980305
980363
980378
980415
980444
980482
980495
980498
980504
980511
980511
980518
980526
980542
980557
980570
980572
980598
980624
980658
980661
980686
980697
980715
980746
980752
980756
980793
980799
980813
980849
980872
980905
980914
980964
980978
981035
981045
981073
981102
981107
981116
981137
981149
981176
981211
981256
981281
981285
981302
981312
981355
981370
981381
981412
981420
981443
981445
981505
981515
981531
981533
981630
981640
981749
981749
981756
981765
981788
981789
981790
981854
981893
981921
981925
981938
981940
981963
982008
982029
982040
982050
982062
982066
982074
982075
982157
982167
982189
982198
982228
982235
982268
982296
982318
982327
982402
982402
982417
982439
982451
982471
982493
982512
982572
982613
982706
982716
982800
982807
982810
982819
982827
982844
982870
982882
982895
982913
982960
982976
983039
983054
983055
983068
983070
983094
983095
983109
983161
983165
983193
983224
983267
983286
983294
983308
983310
983321
983325
983352
983431
983437
983448
983491
983504
983516
983518
983537
983547
983550
983563
983568
983579
983597
983619
983663
983668
983672
983680
983680
983700
983717
983730
983730
983737
983751
983754
983758
983769
983780
983794
983814
983828
983850
983904
983916
983917
983921
983942
983945
983966
983990
984042
984058
984082
984116
984122
984122
984159
984213
984258
984271
984277
984280
984293
984293
984310
984333
984368
984411
984439
984546
984551
984575
984577
984588
984593
984651
984656
984669
984675
984723
984724
984731
984731
984753
984803
984810
984816
984825
984843
984848
984853
984871
984898
984920
984922
984926
984931
984955
984993
985053
985063
985082
985110
985113
985141
985168
985179
985233
985258
985270
985334
985346
985362
985373
985387
985395
985398
985419
985432
985447
985479
985513
985524
985608
985615
985634
985652
985657
985658
985660
985689
985748
985751
985806
985811
985813
985864
985878
985879
985916
985934
985938
985941
985960
985969
986000
986039
986075
986104
986113
986113
986114
986119
986144
986161
986162
986189
986197
986221
986227
986276
986412
986451
986457
986458
986522
986557
986591
986594
986595
986644
986682
986729
986786
986811
986815
986821
986841
986899
986903
986923
986930
986940
986949
986964
986989
986995
987024
987025
987090
987109
987121
987145
987146
987175
987197
987236
987241
987245
987254
987257
987263
987277
987299
987319
987378
987418
987422
987463
987465
987508
987572
987617
987657
987658
987699
987728
987735
987744
987795
987822
987837
987859
987864
987868
987877
987904
987938
987953
988023
988073
988084
988085
988099
988100
988114
988207
988249
988264
988277
988285
988294
988312
988353
988381
988386
988453
988465
988494
988505
988536
988558
988595
988611
988620
988636
988642
988644
988687
988689
988691
988721
988721
988762
988817
988823
988848
988900
988925
988941
988962
988997
989017
989029
989032
989085
989093
989094
989106
989143
989151
989159
989162
989177
989196
989207
989263
989308
989354
989410
989442
989487
989490
989526
989535
989553
989582
989620
989627
989647
989665
989682
989747
989793
989810
989908
989949
989953
989972
990013
990048
990081
990099
990102
990122
990132
990190
990199
990209
990256
990259
990269
990317
990330
990332
990345
990353
990381
990410
990420
990444
990456
990469
990532
990583
990627
990646
990684
990688
990714
990731
990743
990748
990775
990781
990843
990900
990967
990995
991026
991040
991042
991096
991120
991121
991135
991144
991196
991262
991274
991283
991284
991285
991286
991294
991297
991334
991362
991367
991390
991426
991431
991517
991546
991547
991551
991594
991609
991654
991654
991667
991670
991700
991701
991714
991762
991837
991849
991849
991885
991886
991910
991911
991981
992027
992089
992122
992132
992185
992245
992314
992357
992386
992394
992417
992425
992450
992470
992504
992554
992573
992588
992619
992630
992632
992671
992675
992680
992691
992692
992698
992849
992873
992896
992923
992969
993002
993031
993065
993084
993092
993097
993098
993126
993131
993140
993142
993203
993259
993318
993351
993370
993395
993415
993454
993455
993461
993485
993500
993506
993512
993563
993567
993569
993573
993610
993612
993613
993658
993661
993687
993698
993702
993705
993721
993793
993799
993816
993816
993819
993824
993837
993861
993897
993898
993918
993919
993919
993922
993924
993925
993929
993945
993959
993990
994005
994017
994017
994020
994027
994041
994072
994092
994121
994130
994138
994161
994184
994198
994202
994219
994223
994232
994261
994299
994302
994314
994314
994328
994354
994373
994386
994405
994408
994461
994461
994527
994541
994584
994609
994612
994626
994635
994644
994664
994703
994745
994763
994764
994803
994806
994823
994831
994837
994857
994860
994860
994864
994870
994880
994980
995010
995020
995021
995031
995074
995099
995126
995129
995144
995253
995271
995274
995280
995356
995380
995401
995457
995489
995544
995554
995564
995588
995600
995612
995625
995630
995653
995673
995696
995714
995718
995729
995732
995773
995817
995907
995918
995933
995995
996015
996045
996058
996059
996073
996145
996187
996199
996204
996208
996241
996258
996286
996300
996304
996334
996348
996349
996354
996401
996410
996415
996442
996452
996486
996523
996564
996566
996595
996615
996619
996625
996677
996712
996724
996764
996768
996772
996778
996787
996790
996800
996855
996913
996969
997006
997012
997027
997047
997051
997054
997088
997111
997112
997139
997147
997153
997157
997196
997197
997206
997221
997273
997293
997317
997349
997350
997353
997383
997386
997396
997408
997424
997450
997456
997475
997484
997486
997491
997491
997576
997586
997600
997621
997626
997631
997647
997673
997728
997732
997733
997750
997750
997758
997767
997773
997773
997775
997775
997789
997797
997854
997885
997895
997941
997954
997971
998004
998007
998029
998033
998048
998062
998072
998096
998113
998118
998135
998139
998149
998159
998166
998167
998178
998203
998280
998281
998315
998376
998394
998400
998426
998434
998456
998457
998511
998531
998541
998549
998560
998566
998574
998658
998669
998678
998701
998728
998803
998815
998854
998905
998918
998918
998955
999000
999037
999147
999166
999169
999200
999213
999241
999271
999273
999287
999291
999322
999345
999354
999357
999363
999370
999370
999394
999409
999418
999427
999434
999507
999547
999548
999616
999635
999717
999728
999767
999834
999938
999985
