id,d00,d01,d02,d03,d04,d05,d06,d07,d08,d09,d10,d11,d12,d13,d14,d15,d16,d17,d18,d19,d20,d21,d22,d23
resume_0000,4.927249,-0.321400,4.503341,1.440042,-7.764030,-1.494014,8.064750,8.729143,-6.202850,3.294821,-9.271730,9.753483,-5.743468,-1.646251,1.614023,6.898355,10.866934,3.793325,0.701313,4.706806,-8.949231,5.874490,-4.780083,1.840085
resume_0001,4.597765,-1.218734,4.549854,1.271328,-8.180259,-3.143518,7.727246,8.064539,-4.750678,3.121167,-7.898700,8.974362,-4.980739,-2.398254,2.385595,6.793272,8.953187,4.393616,1.149506,5.640582,-9.324412,4.425798,-4.685418,1.155762
resume_0002,-2.957596,5.694589,5.100430,1.072736,4.208871,1.765467,-8.777173,4.962766,3.350615,-4.264072,-4.918967,-7.686322,-10.365332,9.475655,-1.850060,8.131764,-1.661009,-8.179761,-4.074344,8.093954,-4.120274,-7.277378,-2.818366,-10.291134
resume_0003,-7.230356,3.313373,1.154646,2.935779,-3.500993,-4.068325,4.777888,-4.558930,-8.799909,-3.420001,-7.996165,0.564069,8.704418,6.726168,-0.601970,8.893922,1.344145,-4.041200,-0.777081,7.400474,-6.091515,-3.413352,-5.549531,4.008477
resume_0004,-8.774775,-5.781049,-9.599565,-5.231529,-6.430773,-5.429225,6.146360,1.922238,-4.014490,-10.124280,-0.709326,-8.916694,6.247165,10.256896,-2.385882,2.122923,-4.156367,5.052325,-8.677894,0.144221,2.149018,-1.174429,-7.457356,-6.037408
resume_0005,-9.405767,-4.116177,8.849434,1.146361,6.010054,3.847196,2.773749,5.064393,7.448564,-4.395148,6.642910,-9.835883,-6.574965,-5.102234,1.556516,3.316384,-8.983562,-5.038805,0.483643,-5.892046,1.765367,7.376345,-7.824415,2.048195
resume_0006,-4.532896,2.859907,6.487640,10.336874,-5.964407,-3.371977,-6.364030,8.261455,9.264526,6.058176,-3.494519,-8.791068,3.625063,-0.083268,-3.696780,7.189382,6.840905,2.652998,-0.513708,4.859773,9.129876,-6.830452,-4.676835,-7.042570
resume_0007,-4.087685,4.547419,6.736408,9.690156,-6.635304,-2.777066,-5.644579,9.364181,8.981354,6.843696,-5.470112,-8.228854,4.351311,0.477286,-3.434263,8.720043,7.182577,1.591638,-0.221318,3.697545,9.494352,-6.489969,-4.951535,-8.169489
resume_0008,-3.720937,4.688584,7.066165,9.432315,-6.120937,-2.276333,-5.916780,8.668552,9.387159,5.974058,-3.264597,-7.761666,4.434897,-0.101657,-3.967818,8.723699,6.860162,2.557204,-1.947755,4.477547,9.075986,-6.108406,-4.764371,-8.066613
resume_0009,-7.552623,-2.489645,-2.335835,-4.254142,-1.123675,4.254443,-4.221619,-1.087652,-2.852896,-7.120135,-6.881433,-9.401520,-7.804763,6.772378,-9.745009,5.011213,7.242732,0.395681,-8.670940,5.100418,-1.293990,-1.776635,7.549663,-9.382906
resume_0010,-2.563654,5.187105,5.035011,1.601442,4.842283,1.639061,-8.715810,4.003474,3.351873,-3.141158,-5.873009,-6.226099,-9.957526,8.886951,-2.457798,6.134932,-2.519935,-7.066482,-4.478912,9.234720,-3.652591,-7.395107,-2.396861,-8.045610
resume_0011,-7.339841,-2.641070,-2.035324,-3.430320,-0.959917,3.263708,-3.526402,-1.270103,-2.763109,-7.130610,-7.663613,-9.133440,-6.698422,7.949455,-10.120282,3.855590,6.925553,1.414471,-8.843148,6.023651,-1.057764,-0.823388,7.340613,-8.734827
resume_0012,0.257516,-5.602394,4.005317,2.171234,8.509413,-9.451549,7.556195,0.068344,-2.003758,-1.420686,-7.473479,-8.230474,4.011662,3.267125,-1.764361,0.534283,-1.640957,-1.492060,-5.316235,6.748266,-0.672422,2.598872,3.594505,-6.297181
resume_0013,-3.940347,5.491852,6.096771,9.540408,-6.025445,-3.096190,-3.559683,7.556554,9.771889,6.783225,-3.182113,-7.550668,4.338991,-0.504178,-4.324874,8.457424,6.206340,1.711184,-0.592363,4.311548,9.302923,-6.677092,-5.184424,-8.049572
resume_0014,-3.415567,5.545694,6.829698,1.247272,4.174249,0.999026,-8.335067,5.168718,3.164019,-3.105498,-4.789457,-7.530954,-9.302528,8.460941,-3.163709,6.636792,-1.271653,-7.882426,-5.567721,8.786156,-3.982040,-7.483214,-2.570931,-8.749730
resume_0015,-7.524552,-3.503778,-0.737102,-2.974877,-0.908134,3.062061,-2.741316,-1.343324,-2.676087,-7.741169,-6.958915,-9.433575,-7.963275,7.447690,-8.940034,5.133764,7.389575,-0.090367,-10.169882,5.838822,-1.941476,-1.265632,6.661083,-8.990408
resume_0016,-0.415028,-5.752135,4.051718,2.393465,7.887424,-8.231462,6.830373,0.849055,-0.532726,-0.532696,-6.469542,-8.249685,3.602722,3.341191,-0.773025,0.255900,-2.036336,-1.340962,-5.563155,6.258866,1.199707,2.019951,3.832237,-5.540793
resume_0017,-9.481559,-6.438219,-8.429305,-5.997724,-6.707833,-4.774736,6.050735,2.143238,-4.970090,-8.846137,-0.858135,-9.735557,6.405715,9.647018,-3.186455,2.416531,-4.778827,4.952204,-10.085431,0.073930,3.673122,0.565868,-7.465267,-5.107329
resume_0018,4.416402,-1.594961,2.964476,2.300829,-7.554969,-1.048930,8.877116,7.675707,-5.627968,3.856410,-7.343252,10.258496,-4.910690,-2.298956,2.086076,6.181982,10.038861,4.653338,-0.016835,5.616432,-8.721905,5.048891,-5.502113,2.351785
resume_0019,-7.727622,1.701101,0.812216,3.859734,-2.767379,-4.330009,5.734256,-3.696022,-7.809527,-2.845353,-8.126967,0.867484,9.011700,6.011372,0.242632,8.116574,0.934966,-2.608482,0.084379,8.923460,-6.314954,-2.405266,-6.785602,5.013900
resume_0020,-7.000017,1.361982,0.333527,3.634440,-2.388553,-4.015332,5.776073,-4.683220,-6.645882,-4.880126,-9.164967,0.358926,8.342568,6.927540,-0.349662,10.557255,1.766877,-3.831333,0.434186,6.945063,-5.513694,-2.557989,-6.491263,4.784851
resume_0021,0.207203,-4.938519,5.150518,2.732413,7.706088,-9.072524,7.657930,-0.605028,-1.466512,-1.639600,-7.656131,-8.755802,5.133035,2.838062,-1.615280,0.805246,-2.140008,-1.703540,-7.118717,8.026762,0.849978,3.541724,2.852036,-6.576581
resume_0022,-6.776700,2.036892,0.797706,4.239130,-2.957525,-4.874857,3.856442,-3.762533,-9.076645,-3.582298,-7.345633,-0.016574,7.507618,6.492207,-0.158019,9.053060,1.171931,-2.393984,0.574144,7.135084,-5.204754,-2.219509,-5.674523,4.397353
resume_0023,-8.687099,-5.120343,-7.337375,-5.638421,-7.342935,-5.608244,5.533455,2.286520,-3.296502,-7.872447,0.941378,-7.932770,4.568609,9.128261,-2.574418,1.366034,-5.053453,4.894612,-10.492609,-0.292684,2.924067,0.491925,-7.924216,-4.872648
resume_0024,-9.098082,-6.302362,-7.935096,-4.735487,-7.062750,-5.929728,5.993286,3.075515,-5.645701,-8.015866,-1.066895,-9.753025,6.119403,9.928770,-2.694571,1.559825,-3.442314,6.150198,-10.067776,0.405740,1.803585,0.604770,-7.424033,-5.068071
resume_0025,-8.295695,-3.794226,-2.607553,-2.789966,-0.571293,4.618779,-3.042618,0.386890,-2.503011,-7.883830,-8.011930,-8.680656,-8.201380,7.046596,-9.206244,4.733902,8.009702,0.683128,-7.995328,4.599119,-2.949092,0.144068,8.936989,-8.762629
resume_0026,-9.818276,-5.083788,-8.843569,-5.870840,-6.139126,-5.654225,5.142263,1.517298,-4.860042,-8.983783,0.695158,-9.417909,7.808924,9.012499,-2.812956,2.467795,-3.689710,5.326454,-9.752406,-0.164008,2.302360,1.370347,-6.643606,-5.550469
resume_0027,-6.570991,-5.437421,-8.698925,-6.487818,-5.717309,-4.978257,6.155680,1.812581,-4.610403,-9.020217,-0.530533,-9.214327,5.980054,9.280035,-2.116019,2.174993,-3.651574,4.864236,-9.309339,-0.037096,2.547065,0.183261,-6.654978,-5.834353
resume_0028,-8.804546,-6.025384,-9.144896,-6.143033,-5.846914,-5.473930,6.484371,2.662909,-4.463849,-9.086056,0.352006,-9.104771,5.470832,9.107692,-2.198619,2.498888,-3.725680,5.631215,-8.908457,-0.271503,2.142413,-0.813442,-7.198097,-6.263344
resume_0029,-5.274267,4.542491,6.323554,10.675845,-6.173307,-3.245926,-5.117954,8.846149,9.073043,6.185677,-4.598072,-6.523587,4.906203,0.596688,-3.066360,8.403258,7.813292,2.218133,-0.406469,4.019859,7.169535,-8.156580,-5.178170,-8.140624
resume_0030,0.252875,-5.101706,4.983135,3.355353,8.864093,-9.292761,7.067635,0.124485,-1.013225,-1.208499,-7.772957,-8.762927,5.485414,3.583527,-1.599829,0.407152,-2.449008,-2.097391,-6.326771,6.363900,1.273719,2.618708,3.373467,-6.136188
resume_0031,-2.718793,4.710998,6.355119,1.058271,5.172860,0.468110,-9.342054,6.746561,2.184064,-2.341312,-6.055945,-6.821661,-9.087355,9.387303,-3.466709,7.818399,-1.821238,-6.279066,-4.086826,9.940825,-3.597382,-8.760075,-2.632941,-9.549103
resume_0032,-7.975866,2.066534,0.987198,3.727912,-2.310971,-4.455766,6.041558,-4.558330,-7.599859,-3.528441,-8.308763,0.657908,8.437949,6.763937,-1.428257,9.385756,0.429119,-3.278017,0.183344,7.795573,-5.622532,-2.718588,-5.106870,4.266381
resume_0033,-9.446625,-4.328761,10.247061,0.136737,6.137906,4.740847,0.758943,4.123038,7.853796,-3.932687,6.445385,-10.274327,-4.878338,-5.932776,1.909741,2.955352,-9.314325,-3.384146,1.033615,-5.560622,1.939209,7.569567,-8.137929,2.712039
resume_0034,-9.943620,-5.459306,10.282934,-0.245200,5.871216,4.407600,1.698787,4.967237,7.579299,-5.065669,6.224775,-8.420010,-4.810022,-5.049869,1.202280,3.324006,-9.258938,-5.429586,0.444288,-5.636623,2.296289,7.366118,-7.318725,4.120808
resume_0035,-9.378045,-4.084589,9.946158,0.562592,6.028556,3.691312,4.001204,4.250967,7.813211,-3.984347,7.500121,-9.355132,-4.684622,-4.689548,2.524403,2.668624,-8.790937,-4.887229,0.520944,-5.456804,2.635781,7.208568,-7.360665,3.729861
resume_0036,0.154009,-5.100883,4.191646,1.658422,8.487604,-9.041445,7.902577,-0.344189,0.270435,0.305158,-6.299149,-9.397311,4.387252,3.720815,-1.604745,0.672148,-2.042796,-1.364362,-5.820392,6.336465,0.037994,1.682752,2.751272,-5.790118
resume_0037,-3.691686,5.951170,5.545061,1.202379,3.584875,1.295658,-9.629868,4.727697,2.611637,-4.306333,-5.275043,-7.068433,-11.003827,7.683360,-2.386334,6.504652,-2.333085,-7.701945,-3.604246,8.847567,-2.885230,-8.203892,-1.915137,-9.129289
resume_0038,-7.079859,0.711544,1.207965,4.160365,-2.420764,-4.652875,4.428661,-5.242299,-6.964724,-3.697328,-7.633648,1.211787,8.956811,5.348792,-1.179534,9.119371,0.256723,-3.050167,0.444878,7.611852,-5.116704,-2.671902,-5.890398,4.143883
resume_0039,-3.507807,4.371818,6.254512,9.404373,-6.078612,-2.455304,-5.459743,10.058276,9.163080,7.220805,-3.865861,-8.529172,5.845522,0.307361,-3.915601,8.944540,6.013248,1.480837,-0.000859,4.501472,9.304989,-6.940650,-4.570848,-7.338955
resume_0040,-9.514462,-5.162709,11.209597,-0.089990,6.341536,3.214143,2.118596,6.049776,6.504790,-4.157819,6.277342,-9.519543,-5.518693,-5.731625,2.140429,2.864254,-10.281110,-4.483971,0.851193,-6.206170,2.491185,8.381496,-9.019238,3.465862
resume_0041,-4.270390,4.900710,7.214101,9.509076,-6.889621,-3.322941,-4.851388,9.016177,9.555870,6.381084,-4.645711,-7.436942,4.058492,0.070128,-3.395501,8.813271,7.078663,0.852679,-0.112931,4.218709,8.374735,-6.331189,-4.914490,-8.405794
resume_0042,4.528184,-1.101429,2.746067,1.309200,-7.387879,-1.945514,8.482598,9.372082,-4.776785,3.699325,-7.623032,9.640287,-6.315666,-2.411545,2.898127,6.303889,8.976052,3.503830,0.935754,5.410539,-7.819080,5.646774,-5.498212,2.646409
resume_0043,-3.962229,4.813968,6.284983,0.417112,4.228045,0.882324,-8.664259,6.029279,3.075986,-3.101804,-6.352202,-6.913757,-10.176385,9.075789,-3.412701,7.509651,-1.831091,-8.417518,-3.336510,9.557871,-2.271989,-9.403676,-2.814090,-7.839331
resume_0044,-7.097573,-5.411614,-2.649273,-3.917298,-0.070320,3.568363,-4.021214,-1.632693,-2.571006,-7.008624,-7.882499,-9.646444,-7.401002,6.181040,-8.536172,5.692053,7.036640,0.931563,-8.101111,5.069808,-1.195964,0.562561,7.054810,-8.818449
resume_0045,-7.541790,1.697937,-0.867405,3.337111,-3.307136,-3.970851,6.070100,-3.468919,-6.428610,-3.529380,-7.358460,0.700666,7.471403,6.386655,-0.830732,9.992023,0.996225,-2.891580,-0.062436,7.753740,-5.410659,-2.624536,-6.173475,5.397944
resume_0046,-7.857895,-4.442046,-2.382937,-4.428296,-1.280206,4.242572,-5.008466,-1.381949,-3.445779,-7.860356,-8.633076,-8.374675,-7.279490,6.860434,-8.888504,4.878749,8.501989,0.237848,-8.407364,5.353661,-2.279996,-0.104310,7.004535,-8.784844
resume_0047,-9.807660,-5.140897,-8.215709,-5.281359,-6.511842,-4.252393,5.630701,1.933896,-4.731380,-8.356735,0.034511,-9.172467,8.005900,9.679176,-3.633759,0.865054,-4.087574,6.148364,-10.182430,0.293001,1.584044,0.930092,-7.134290,-5.633083
resume_0048,0.478665,-4.606261,3.857916,2.981225,9.018415,-9.415516,6.128389,-0.783365,-2.597309,-0.576553,-8.290098,-8.731492,3.861414,2.836134,-1.783621,0.221449,-1.550675,-1.408907,-5.792951,5.968964,-0.188506,2.338505,2.292767,-6.075625
resume_0049,-0.415283,-5.775655,4.624130,2.505779,7.819311,-9.402996,6.645968,-0.058622,-1.190009,-0.385635,-6.762756,-9.198058,4.978812,3.382546,-2.722736,-0.054062,-1.971454,-1.895171,-5.106277,7.330931,0.509239,2.740793,3.776509,-6.859567
resume_0050,-10.078812,-6.480060,-9.329853,-5.800085,-6.162116,-5.423296,6.327583,2.853834,-5.612965,-9.168018,0.797229,-9.721276,6.563887,9.443401,-1.924292,1.386468,-4.643567,5.639933,-8.788172,0.227901,2.348883,-0.501262,-7.336362,-5.613480
resume_0051,-8.976384,-5.060129,8.935713,0.351787,5.950135,4.508070,1.297059,4.256025,7.186386,-5.344668,5.180709,-9.931813,-5.044171,-4.879374,1.284765,3.271030,-9.193767,-4.402585,0.044154,-5.833853,3.177013,8.230517,-8.322577,2.421916
resume_0052,-8.762479,-6.219146,-8.710104,-5.596772,-6.337437,-6.810497,5.705356,1.001558,-4.424622,-9.911365,-0.247573,-9.339887,5.492867,9.112160,-2.294205,2.259868,-4.860199,5.233934,-9.519093,0.382712,1.916186,0.307828,-6.999396,-5.355533
resume_0053,-3.609219,4.623144,6.473844,10.324315,-6.517690,-3.314343,-6.748491,8.641670,9.331504,6.703356,-3.779313,-8.066700,4.183294,1.431809,-3.816239,9.018159,6.820768,1.995393,-0.268586,4.282422,9.761663,-7.758048,-3.862508,-7.510396
resume_0054,-1.052560,-5.589120,4.145624,3.076156,8.334700,-9.122064,7.098239,-0.868575,-1.289534,-0.070404,-7.816152,-9.471254,5.068886,3.708735,-2.146252,0.609177,-2.653530,-2.096667,-5.066673,6.525411,-0.478205,2.856786,2.307745,-5.218208
resume_0055,-8.817581,-6.202264,-8.101158,-5.676912,-6.876579,-5.186779,6.003166,1.783472,-4.083032,-9.432834,0.058698,-9.981936,5.690722,9.099944,-2.504886,1.980539,-3.861667,5.525854,-10.013421,0.384398,1.915642,0.639514,-8.503376,-5.072507
resume_0056,-0.669179,-3.983534,3.933138,2.199191,8.051243,-8.767165,6.357008,-0.167910,-0.708493,-1.428114,-7.415553,-8.059007,5.406522,4.120371,-2.371834,0.952184,-2.495592,-2.386073,-5.035978,6.556980,1.144714,2.672925,3.335460,-6.124501
resume_0057,-7.840494,1.535599,0.901603,4.363162,-2.522018,-4.488158,5.896418,-4.466384,-7.446661,-2.915134,-8.058183,1.222462,7.874888,5.772982,-0.503460,9.344538,0.215741,-2.618113,0.569356,8.136564,-6.351973,-3.485731,-5.351863,3.978639
resume_0058,5.746420,-1.719702,4.624599,1.663208,-7.590622,-1.469561,8.886692,8.349907,-6.654847,3.330329,-8.104633,10.141925,-4.295118,-2.185433,2.497658,7.030213,8.044981,3.928233,1.208287,5.979875,-8.590803,5.187225,-3.504163,1.851058
resume_0059,-8.267376,-4.751814,10.077114,1.063899,6.246364,4.333242,2.633588,5.387739,7.729376,-4.904374,5.679620,-9.061459,-4.726079,-5.021343,2.696613,2.929883,-9.621112,-5.587657,-0.053257,-5.252007,2.752240,6.301184,-8.049742,2.717486
resume_0060,-3.907627,4.931580,6.787503,11.194266,-7.900938,-3.211474,-4.267451,8.633306,9.478344,6.554870,-4.140672,-8.725965,3.814510,-0.657185,-3.889350,7.915231,6.412435,2.384131,0.373053,4.191403,9.380421,-7.439844,-4.847263,-7.951405
resume_0061,-9.869277,-5.877582,-9.353219,-5.751925,-5.606365,-4.777513,5.240339,1.834808,-4.991795,-9.016656,-1.229563,-9.538102,6.331672,10.225049,-3.201181,1.498777,-5.043981,5.532417,-9.038099,-0.210878,2.186892,0.402951,-8.203498,-5.137130
resume_0062,4.541449,-1.403882,3.619503,1.278914,-7.838002,-1.191163,7.721087,8.790844,-5.588006,2.778636,-8.082500,10.191077,-5.846107,-1.825659,1.587869,6.406340,10.194030,4.690176,0.853253,5.538923,-9.531034,6.336429,-4.046504,3.046230
resume_0063,0.927853,-5.211650,3.868633,2.677522,9.351605,-8.578581,5.919531,0.300148,-0.185730,-0.028269,-7.385804,-8.315597,4.992340,1.590212,-2.638223,-0.457859,-2.558387,-2.152775,-5.275644,6.003268,0.318141,2.603396,2.635621,-6.520946
resume_0064,-0.555118,-5.564536,4.033028,3.510410,9.292715,-8.203506,6.769304,-0.442009,-0.767071,0.280924,-6.990710,-7.930919,5.347606,2.631989,-3.827138,0.394828,-2.332545,-2.975790,-5.674187,6.246485,0.596852,3.901895,2.206160,-5.920466
resume_0065,4.896420,-1.226105,3.258975,2.489641,-8.830610,-0.720136,8.606850,9.296380,-5.672625,3.635985,-6.452735,9.618202,-4.797238,-1.974116,2.939163,8.037225,9.120197,4.240803,0.453069,5.261263,-9.399261,5.673203,-4.926991,2.575850
resume_0066,-9.078756,-6.551099,-8.861463,-5.348484,-4.877253,-4.647560,4.377812,2.085176,-5.469415,-8.451922,-1.117612,-9.339375,6.673303,8.667769,-2.233927,2.457298,-4.249769,5.142207,-9.344131,-0.029298,1.746267,-0.192917,-8.306892,-5.441203
resume_0067,-9.304836,-6.104492,-7.622291,-5.492865,-7.006889,-5.685274,6.169756,1.874803,-4.825897,-7.595750,-1.168101,-9.907444,5.296727,9.590523,-3.544013,1.384489,-4.190982,4.800884,-10.096763,-0.264442,1.450687,0.185866,-6.908579,-5.584399
resume_0068,-8.677220,-4.542114,10.727794,1.164457,5.693413,3.477749,1.342247,3.977978,7.808130,-5.430696,6.352060,-10.333622,-4.778480,-4.909108,2.021995,4.545468,-8.642668,-4.326569,0.003929,-5.365177,2.620630,7.916357,-7.286144,2.205266
resume_0069,-0.726441,-4.878627,4.515568,2.779153,8.641294,-8.721959,7.479868,0.513222,-0.719362,-0.650167,-7.603019,-10.272561,3.928978,3.454988,-2.066595,0.670752,-2.294831,-1.218841,-6.566266,6.823447,0.128621,2.820095,3.471598,-6.136746
resume_0070,-7.483562,1.353341,0.617532,4.582038,-3.361780,-5.381142,5.380093,-4.504636,-8.480931,-3.789161,-7.830082,0.574473,8.152108,6.175617,-1.683097,9.797402,-0.461444,-2.391535,0.830444,8.494970,-4.444350,-3.064810,-6.594841,4.353636
resume_0071,-7.097401,1.883444,-0.298079,4.064546,-2.851871,-4.520509,6.302337,-4.715840,-8.023693,-4.356206,-7.609304,-0.764195,8.835822,5.815975,-0.732983,10.304720,0.318202,-2.462270,0.380567,7.764910,-4.684109,-2.268018,-4.787706,4.621376
resume_0072,-7.730508,1.654409,0.869925,3.817813,-3.774615,-4.933391,5.451048,-4.390711,-7.327238,-4.538581,-7.363480,0.478810,8.042188,6.255531,0.036608,9.974707,1.172082,-3.016086,-0.180704,8.245086,-5.491289,-2.145649,-6.071460,3.431180
resume_0073,-7.043055,2.211739,0.869048,3.136438,-4.239780,-3.386676,5.175572,-5.594620,-6.210575,-3.934399,-8.822551,0.622671,7.676476,6.308940,-0.498651,9.767979,-0.636776,-2.883203,-1.143635,7.115515,-5.878536,-2.830325,-5.545534,4.657185
resume_0074,-6.736741,-3.224414,-2.006523,-4.089834,-0.720460,3.290150,-5.449374,0.255415,-2.600687,-7.774832,-7.426515,-9.354225,-7.459112,6.230490,-9.583620,4.647416,7.242581,1.407787,-8.403831,5.785824,-2.269610,0.605894,8.107838,-8.757565
resume_0075,-2.934116,6.362905,5.985308,0.775125,3.914329,2.180295,-8.173535,4.497097,2.927532,-2.298649,-5.925184,-5.651647,-10.373833,8.642959,-3.580566,7.197080,-1.315465,-7.487426,-3.779774,9.079631,-3.466283,-8.243110,-2.880400,-8.421956
resume_0076,-0.302136,-4.574371,4.359307,3.538268,8.478679,-9.527999,7.019958,0.030802,-2.928987,0.012987,-7.575665,-8.218572,4.814088,3.085392,-1.951573,1.539461,-1.533816,-1.995209,-6.158493,6.473200,-0.966442,2.510236,3.607601,-6.172541
resume_0077,2.837417,-0.403904,3.397488,2.501521,-7.897816,-0.839083,7.304752,8.174744,-5.744955,3.436206,-7.694556,9.151089,-5.143418,-2.693190,2.645127,6.832790,9.550907,2.868250,1.286123,6.284736,-9.299803,4.911385,-4.971466,2.884944
resume_0078,-2.796322,4.958881,6.455468,0.288543,4.932033,1.663073,-8.784359,4.871288,2.779485,-3.243894,-6.398649,-8.469632,-10.364694,9.709238,-3.598856,7.162940,-2.053596,-7.643690,-3.964028,9.421313,-2.527851,-8.885592,-1.942940,-9.723511
resume_0079,-9.524258,-6.082592,-8.806919,-4.810097,-6.305138,-6.618919,5.066505,2.860666,-3.846068,-8.374323,-0.936720,-9.668094,7.049788,9.985292,-3.483252,1.901107,-4.437131,5.051647,-10.368312,-0.577896,3.049705,0.491241,-6.968778,-5.918659
resume_0080,-7.902493,-3.957685,-1.400190,-3.873075,-0.671045,4.728057,-3.625608,-1.467576,-2.867146,-7.185222,-6.565440,-9.359068,-8.012282,7.103235,-9.751666,4.609150,7.577025,0.839339,-8.660973,4.265264,-2.614172,-0.279478,7.932223,-8.900958
resume_0081,-3.488282,5.634130,5.758934,0.399243,4.475717,1.338850,-8.560147,4.801204,3.012453,-3.560160,-6.259760,-6.060579,-9.617687,9.063383,-2.480011,6.370772,-2.182351,-7.784810,-4.274221,9.195307,-2.863678,-8.035363,-3.307016,-8.961999
resume_0082,-5.226942,5.081488,6.506422,10.266739,-5.917822,-2.279931,-4.869209,9.047401,8.577856,6.343201,-3.453605,-8.369497,3.980310,0.875982,-3.476263,8.448790,6.262635,2.895659,-0.206387,3.964265,8.600982,-8.448457,-4.146283,-8.482166
resume_0083,-6.688561,2.020112,-0.271372,3.813065,-3.406178,-4.847271,5.940452,-4.771750,-7.421702,-3.259839,-7.601678,1.612200,7.627550,5.929593,-0.632700,10.069011,1.125895,-3.248206,0.156791,7.863474,-5.497537,-1.447764,-6.154955,4.573480
resume_0084,-7.625247,1.831487,1.115686,3.599789,-3.112456,-4.476470,5.946364,-4.765615,-7.129497,-3.782201,-9.391063,1.797010,8.110748,6.227013,-1.402610,10.029835,1.016596,-2.494074,0.255985,8.828696,-5.780363,-2.207777,-5.664028,4.082025
resume_0085,-4.423257,4.409635,5.968300,9.489225,-5.940786,-3.982252,-4.663204,9.074999,9.254230,6.516071,-3.736381,-7.682546,3.447684,0.905727,-4.347862,8.948635,6.418376,2.438922,-0.044078,4.008231,8.003630,-6.614588,-3.857085,-8.207712
resume_0086,-7.444127,2.884545,1.261629,3.935186,-2.360530,-4.253935,4.997628,-3.340030,-8.056380,-4.128036,-8.996325,0.964027,9.519341,6.139628,-1.346982,8.707471,0.943402,-3.239411,1.281370,8.358791,-5.066545,-2.962418,-4.900557,4.475919
resume_0087,-9.764892,-5.799874,9.563292,-0.815862,6.230187,4.456112,2.124824,4.518820,7.176490,-4.254436,5.331607,-9.528200,-5.751716,-5.288391,2.036068,2.880039,-8.679434,-5.068577,0.008323,-6.635760,2.213167,7.747919,-8.882686,3.151413
resume_0088,0.092921,-4.235574,5.242155,2.612030,9.151906,-8.926571,6.821972,-0.405478,-0.796628,-0.791632,-7.273563,-8.683699,5.167448,2.283492,-2.383869,1.174616,-1.867012,-1.219074,-4.901649,6.650888,0.362736,2.211171,3.717493,-6.689443
resume_0089,-8.685628,-4.747796,9.018376,-0.250076,5.236086,3.552632,3.781677,4.527840,7.826137,-4.325478,6.405998,-10.044080,-5.338993,-4.098930,2.549004,3.176432,-8.728649,-5.443940,0.312112,-5.537845,2.546645,8.313967,-8.568031,2.837172
resume_0090,-9.403615,-5.590294,-8.416691,-3.600336,-6.361094,-6.246105,5.714050,1.871153,-3.804652,-8.267443,-1.064193,-10.092451,6.441697,10.057892,-2.522049,1.942373,-4.610068,5.295706,-9.357477,-0.139762,1.931495,-0.394381,-7.265510,-5.358797
resume_0091,-3.335691,4.959500,7.323808,0.453329,3.270105,0.692719,-9.521172,5.037684,1.667823,-2.525469,-6.796167,-8.004620,-10.273178,9.606211,-2.245474,6.878170,-2.760205,-6.530518,-3.731217,10.590070,-4.133271,-8.026341,-3.256344,-10.558809
resume_0092,-9.071546,-3.877759,8.986243,-0.687423,6.747855,3.258406,2.586510,4.217694,7.934231,-4.176839,6.363470,-10.891647,-4.607161,-4.172055,1.807244,4.696318,-8.077371,-4.562590,0.738752,-6.813737,3.279809,7.274682,-7.919230,4.197556
resume_0093,4.055880,-1.844604,4.269887,2.715128,-6.408087,-2.081661,8.380741,8.312105,-5.224280,3.015956,-8.045890,10.918788,-5.924728,-2.015197,2.327883,7.261311,10.330795,5.014428,0.164634,6.371159,-8.687920,5.700887,-5.089714,2.221789
resume_0094,-7.269714,1.365863,0.535953,3.153456,-3.436273,-4.949663,5.863157,-4.443080,-7.267289,-4.669862,-7.465474,1.355791,9.300902,7.956847,-0.517886,8.682747,0.625663,-3.743053,0.380953,7.752184,-5.226641,-2.478654,-6.015293,4.969171
resume_0095,-0.384785,-3.529706,4.298834,2.937905,7.855264,-9.317398,7.242643,-0.536247,-0.343394,-0.841746,-6.147526,-8.540189,4.710959,2.336915,-2.365196,-0.199270,-1.496666,-0.984133,-5.115268,6.863030,1.013649,2.104884,3.700824,-5.686642
resume_0096,-7.992908,-4.848966,-2.616253,-3.843094,-0.237647,3.666277,-3.900371,-1.731020,-3.775010,-8.375157,-8.018554,-8.192873,-8.687319,6.688429,-9.555368,4.779497,6.447571,0.509078,-8.807389,4.361202,-2.114123,0.135373,8.256893,-9.660634
resume_0097,3.969417,-0.596346,3.898957,1.331076,-6.524413,-1.315342,8.145076,9.009546,-5.226293,3.677169,-8.101794,9.985280,-4.644477,-1.808012,2.919315,6.298841,10.021430,4.226307,0.219482,4.834893,-8.966739,4.858393,-4.346417,1.052478
resume_0098,-0.301486,-5.435403,4.687280,2.630241,7.896112,-10.144514,7.490624,0.999931,-0.704285,-0.410968,-7.487772,-9.478065,4.181829,3.300042,-1.413854,0.266181,-1.482196,-1.340160,-5.073681,6.302828,0.031343,3.267789,1.976432,-7.161535
resume_0099,-2.315601,6.277784,6.494944,0.455390,3.984600,0.864265,-9.128279,4.183920,3.028816,-3.540931,-6.190321,-6.870263,-10.850073,8.159122,-1.850586,6.882443,-1.832404,-6.851334,-4.629302,10.261700,-3.377089,-8.589143,-1.092253,-10.187188
resume_0100,4.790178,-1.586451,4.002312,0.892272,-6.860541,-1.336003,9.060819,8.422967,-6.181909,2.875031,-7.656025,9.364027,-4.338773,-2.067361,3.344065,6.516648,9.080655,4.644001,1.099361,4.857854,-8.566753,4.711142,-4.752265,2.495885
resume_0101,-7.269551,-4.425759,-2.824768,-4.387193,-0.137118,5.035507,-5.459681,-0.596676,-2.408016,-7.231626,-8.314542,-9.333229,-7.544482,8.068453,-9.643947,3.114377,7.241036,1.160245,-8.827661,5.391492,-1.154565,-0.967163,7.484782,-8.601171
resume_0102,-9.032697,-2.913968,9.681025,0.988485,6.448476,4.233965,2.321977,5.573719,7.425379,-4.559879,6.859915,-9.969142,-4.679907,-4.282248,1.632220,4.602185,-9.086822,-4.478868,1.124229,-6.341778,2.681157,7.229145,-8.773911,2.382358
resume_0103,-7.280257,-3.077401,-2.061671,-4.194231,-0.940613,4.344052,-4.975638,-0.103170,-1.679028,-8.032149,-8.672178,-8.840954,-7.397062,6.578664,-10.269214,4.314719,8.252514,-0.187007,-8.594634,4.949357,-1.707538,-0.464892,8.290845,-8.564197
resume_0104,4.598733,-1.804181,3.835217,1.569089,-7.599962,-1.117643,7.742194,8.687128,-4.852122,3.443950,-7.594713,10.014298,-4.194324,-1.279765,2.766882,6.266098,9.327183,4.553684,0.605442,6.296948,-8.860453,5.928582,-4.566974,2.774902
resume_0105,-9.583346,-4.731197,8.921829,0.898606,5.501795,3.481793,2.008039,4.509171,7.630851,-4.877211,7.423735,-9.525828,-4.260598,-5.665139,3.126848,3.745610,-7.669875,-4.587893,-0.138373,-5.585502,1.787983,6.533767,-7.568225,2.469590
resume_0106,-8.963864,-5.080847,9.650689,0.596174,6.992216,3.839380,2.396105,5.083886,7.124753,-5.968024,5.756231,-10.251039,-4.904762,-4.100716,2.397310,3.354489,-9.220799,-4.269603,0.493113,-6.005650,2.564883,6.155727,-8.832246,3.084227
resume_0107,-0.792341,-5.589296,3.875580,3.637970,8.338974,-8.795872,7.313017,0.142685,-1.819123,1.088942,-6.096338,-8.646782,5.065373,2.890328,-1.619300,0.807499,-2.028517,-1.561942,-5.384069,7.404426,-0.183557,2.335567,2.030471,-5.454799
resume_0108,-9.763926,-5.780869,-8.725530,-5.551408,-7.903346,-6.041742,6.151033,2.787927,-4.685378,-8.926183,-1.852231,-8.790693,5.946310,8.548662,-2.670505,1.531729,-4.510637,4.829508,-9.693855,0.491616,3.104195,-0.954592,-7.413161,-5.280094
resume_0109,-0.152387,-5.803041,4.407367,2.007600,8.991771,-9.403930,8.385565,-1.037523,-0.860914,0.015882,-7.548739,-8.153902,3.808973,4.000224,-1.859447,0.103602,-1.350910,-2.691455,-6.608570,6.154092,-0.423074,2.189887,2.853229,-5.053914
resume_0110,-10.277406,-4.049597,9.028643,-0.451597,7.338950,3.657509,2.657145,5.543971,7.512346,-5.328988,7.002236,-9.223579,-5.456293,-4.768459,3.036840,5.595122,-8.741185,-4.974423,0.006646,-6.281336,2.880255,7.704863,-7.872711,3.127251
resume_0111,-0.818151,-5.133824,4.775608,2.248519,8.744558,-9.681891,7.207657,0.541751,-2.334486,-0.861808,-5.673583,-9.365091,3.437001,2.968687,-0.902866,0.916908,-2.945507,-1.630988,-6.557844,5.759126,-0.342636,1.888274,2.500734,-5.602994
resume_0112,-10.057940,-5.277937,11.256783,-0.045466,7.382493,2.891070,3.360698,5.094038,8.013060,-3.747256,6.559586,-9.485416,-4.191075,-4.678953,0.888454,2.414320,-10.647982,-3.910233,0.212925,-6.204558,3.461308,6.919466,-7.716795,2.275155
resume_0113,-10.185378,-6.833913,-8.552728,-4.984156,-6.307657,-5.764977,5.816566,2.666598,-6.131384,-8.807083,-0.956319,-10.233047,7.097951,9.292170,-1.491043,2.191491,-5.250195,4.744220,-10.645886,0.671589,2.302701,0.504876,-8.064735,-5.753208
resume_0114,-3.197033,5.583754,4.673979,0.680700,5.114147,1.026842,-10.003947,5.255804,3.184238,-3.657506,-5.488193,-7.858150,-9.100212,9.211886,-2.456547,7.089289,-2.007077,-8.224982,-3.969611,9.460766,-2.628071,-7.861036,-2.535342,-8.153914
resume_0115,-2.269405,4.070024,6.437512,1.167055,4.892192,1.219792,-8.770834,5.909496,3.691393,-2.728747,-5.715621,-6.488378,-9.487540,7.015070,-3.286538,6.373121,-1.781534,-6.832351,-3.808090,10.153748,-2.235097,-8.249974,-2.465224,-8.967684
resume_0116,-9.568669,-6.483166,-8.553920,-5.204901,-6.061994,-5.629656,5.344760,1.072863,-4.667986,-10.108199,-0.716895,-8.917662,6.271030,9.528892,-2.676542,2.314616,-4.262978,4.902547,-9.271447,0.407330,2.384612,-0.526709,-7.064447,-5.554858
resume_0117,-3.223908,4.879895,5.652673,0.469119,4.215800,0.616982,-9.584860,5.869856,3.098423,-4.940557,-5.411117,-6.668622,-9.760700,9.480912,-2.184478,6.661648,-2.219157,-7.016677,-3.833900,9.628037,-2.038257,-8.020935,-2.166487,-9.516249
resume_0118,-7.891351,1.081237,1.272496,3.426841,-3.318270,-5.115034,5.918394,-3.690388,-7.268984,-4.162894,-7.907179,1.588406,8.822384,5.967890,-0.751999,10.383306,-0.174458,-3.213620,-0.448377,8.433617,-4.018536,-2.168026,-5.941949,6.043925
resume_0119,-8.894494,-4.937649,9.295417,-0.298277,6.472367,3.338822,1.944748,4.352339,7.548991,-4.672550,5.848348,-9.570925,-5.646153,-5.632018,2.697553,3.419132,-9.275516,-4.999876,0.517773,-4.861185,2.723089,6.489822,-7.868669,3.057399
resume_0120,-6.662102,1.202112,0.250978,2.921228,-3.244127,-5.069936,5.928931,-5.264417,-8.898921,-4.175304,-6.523114,0.874053,8.068716,7.659647,-1.166952,7.936244,0.099249,-3.064754,0.309044,7.760785,-5.843589,-2.773522,-6.859363,4.554347
resume_0121,3.398105,-0.822244,4.691783,1.970390,-7.399020,-1.850408,8.386289,8.388413,-6.028891,3.884314,-7.045830,10.282581,-4.931277,-1.904628,2.573775,6.559620,10.176679,3.223465,1.366425,4.689569,-8.776016,4.825951,-4.323736,2.505123
resume_0122,-6.446105,1.168613,1.771354,2.712538,-2.974763,-3.795170,7.103629,-3.704543,-7.907103,-4.162078,-7.482794,0.006998,7.814234,5.478245,-0.764323,9.327557,-0.388923,-3.805746,0.091200,6.862225,-5.567992,-2.842195,-5.807810,4.604405
resume_0123,-3.168186,6.022369,5.354972,0.841109,5.502736,1.454928,-8.473888,5.658481,2.900389,-3.213664,-5.958246,-6.225845,-10.078829,8.384954,-3.464055,6.890000,-1.112662,-7.407971,-4.904179,10.010203,-2.866781,-7.523792,-2.384792,-9.571409
resume_0124,-8.951379,-6.469858,-7.193823,-5.899608,-5.709680,-5.689546,5.094269,1.357515,-4.850915,-8.106497,-0.128333,-9.588699,6.237631,9.149844,-3.414587,1.129074,-3.677608,5.235551,-10.671279,1.741913,2.689354,-0.861442,-8.374871,-4.211031
resume_0125,-2.963453,4.592715,5.793987,1.969346,5.643694,1.518062,-9.135159,5.456802,2.376367,-2.908265,-6.134618,-8.002846,-10.318664,9.955961,-2.314406,6.723605,-2.409163,-7.113960,-4.122641,8.928594,-4.241153,-8.729983,-2.267430,-10.398155
resume_0126,-7.325460,1.965266,0.882612,4.072086,-3.129433,-4.482829,5.311353,-4.158732,-7.350939,-3.457428,-7.069608,1.035543,8.847251,6.140273,-1.232759,9.698874,0.796897,-2.688748,0.669948,7.518070,-4.559734,-2.527281,-6.026296,5.097073
resume_0127,-8.864322,-5.450577,9.813388,-0.300713,5.323066,4.281496,2.729228,5.207504,6.902294,-5.407913,6.086645,-10.364447,-4.355370,-5.169389,1.987368,3.804362,-8.561409,-5.517017,0.546835,-6.295593,3.458755,7.462153,-7.385332,2.201167
resume_0128,-0.687135,-5.171177,4.354592,1.999714,8.521792,-8.415189,6.768582,1.037445,-1.332116,-0.174217,-7.404661,-9.192193,4.242093,3.923581,-2.863386,-0.107999,-2.284197,-1.617589,-5.882912,6.931485,-0.068852,3.325067,2.262221,-6.290127
resume_0129,-9.928968,-4.458701,9.238408,-0.724307,5.695648,5.317282,2.767283,4.901290,7.788580,-5.114906,5.850201,-10.400112,-5.434587,-3.744507,0.593751,3.532274,-9.003928,-4.777163,0.588602,-5.775471,3.042818,8.506458,-8.798921,3.733074
resume_0130,-10.370527,-4.646546,10.023666,0.819597,6.396999,3.954635,2.467855,3.910378,7.261662,-4.705375,6.966446,-10.926226,-4.528839,-6.014879,1.665146,5.140614,-9.338873,-5.060659,0.166992,-5.774140,3.838017,8.248576,-8.222729,3.535520
resume_0131,-7.812151,-3.783491,-1.858843,-4.114160,-0.258477,4.069526,-3.459598,0.721800,-3.037630,-7.445385,-7.802667,-9.769800,-8.546158,6.555784,-9.942762,5.138050,7.782238,0.159287,-9.302715,5.066087,-1.119947,0.124849,8.713267,-8.858717
resume_0132,-8.417110,-6.160169,-7.909973,-4.783101,-6.933011,-4.956227,6.497566,2.271877,-5.683025,-8.550303,-1.516683,-9.731206,5.829848,9.188060,-2.245283,1.157695,-4.563273,5.569795,-10.781206,1.000674,3.375232,-0.593256,-7.561641,-5.352708
resume_0133,4.868131,-1.533612,4.161147,0.015023,-6.480669,-1.117522,8.914670,8.631381,-5.299407,3.833289,-7.555162,9.711706,-5.001353,-2.227644,2.415378,6.250172,8.876199,4.403849,0.857607,5.365666,-9.041043,4.910977,-5.296804,1.069372
resume_0134,-7.467214,-3.601563,-2.361744,-2.463836,-0.021961,4.051536,-4.696396,0.001192,-1.827872,-7.169249,-7.877899,-8.495762,-8.170931,7.334801,-9.784002,5.329183,8.667952,-0.124878,-8.817557,6.183818,-1.251927,-0.324470,7.644738,-9.919363
resume_0135,-8.742024,-6.053127,-7.499837,-5.977127,-6.293223,-6.185069,4.497462,2.269014,-4.091029,-10.082695,-0.705846,-9.790373,5.897006,10.855942,-2.033517,1.569762,-3.667168,4.443083,-9.704685,-0.346302,1.765040,0.492222,-7.731679,-5.141571
resume_0136,-2.305747,5.214555,6.915713,1.415198,4.654185,1.285357,-9.625930,4.053343,1.644908,-4.086452,-5.561790,-6.688491,-11.431600,8.590588,-2.893661,5.918305,-2.482159,-6.284308,-4.071928,9.078537,-2.965392,-7.226239,-2.866528,-9.555639
resume_0137,-4.251047,4.247715,5.802742,10.585322,-5.551880,-2.876060,-4.845694,9.824731,8.608655,6.145321,-3.618095,-8.537887,4.105113,0.126229,-3.896831,9.310947,7.332615,2.634474,-0.630255,3.591485,9.288653,-6.741777,-3.929047,-8.357036
resume_0138,-9.230475,-4.908668,9.358643,0.306404,4.718591,3.623868,2.011216,5.037764,6.916535,-4.707166,7.063816,-9.361648,-4.498172,-6.103450,2.029781,3.282677,-9.192340,-4.902989,-0.395614,-6.120077,2.748413,7.684812,-7.561140,2.654846
resume_0139,-8.456445,-6.090764,-8.462287,-5.120493,-6.223694,-4.900743,6.191845,1.897602,-4.048144,-7.900564,-1.097893,-9.732369,6.317340,8.645544,-2.675229,1.283353,-4.668458,4.957265,-9.807967,-0.151797,2.081970,0.075427,-7.509601,-5.125030
resume_0140,-10.227934,-5.594865,-8.755935,-5.641799,-6.650672,-6.344771,6.467319,1.708715,-4.898392,-9.232801,-0.580254,-8.705592,6.756918,9.969476,-3.043522,1.360907,-4.515092,4.493991,-10.474175,0.218077,2.322900,-0.123363,-7.452655,-4.967035
resume_0141,-6.823815,-3.695110,-2.192276,-3.787383,-0.503404,4.912280,-3.766802,-0.406346,-2.174112,-7.012600,-7.780206,-9.846877,-8.155648,7.471470,-9.349365,3.419717,6.003411,0.518978,-9.351632,5.602308,-2.402822,-0.738359,7.405335,-9.831240
resume_0142,-9.634854,-4.845432,9.287605,0.276537,6.485014,3.742360,2.772672,4.719141,7.907144,-5.230374,6.852200,-10.369400,-5.664704,-4.336665,1.193460,3.446922,-9.801159,-5.066286,0.307218,-5.621760,2.544850,7.503038,-8.582598,2.466668
resume_0143,-4.173703,4.261033,5.797826,10.024353,-5.575786,-3.463032,-5.917406,9.218115,8.940791,6.499361,-4.120973,-8.558200,4.250821,0.687472,-3.822163,8.485549,6.584174,2.517105,1.096572,3.615929,8.891238,-7.692407,-4.442926,-7.027405
resume_0144,-2.531121,5.386348,6.284740,0.468898,5.771966,0.881378,-9.197566,5.797157,3.746406,-3.499489,-4.759986,-6.046764,-9.743414,7.807469,-2.404219,7.392622,-1.873056,-7.596854,-5.067213,8.443052,-2.898909,-7.645396,-2.423662,-8.749164
resume_0145,4.520530,-1.302150,4.298329,1.477517,-6.670926,-0.543193,7.632896,9.365995,-5.894461,2.792471,-7.453951,8.735245,-5.115295,-1.244769,3.018945,6.646057,8.870771,5.540402,1.272571,5.710236,-8.554621,4.672958,-5.867843,2.291288
resume_0146,-0.250542,-5.194035,5.266065,3.253589,7.692018,-8.959123,5.934407,-1.036071,-2.251761,-0.327309,-6.769173,-8.701611,4.860919,4.495839,-2.212866,1.236681,-2.533724,-2.108518,-5.148660,6.164730,-0.266409,1.627514,2.650613,-5.893063
resume_0147,-7.556508,-4.195667,-1.873650,-3.081984,-0.800411,4.148384,-4.246804,-0.362935,-2.738448,-6.513123,-8.010132,-9.417914,-7.827597,7.395531,-8.358740,4.969642,7.226650,-0.961327,-9.220289,4.976662,-1.542968,0.638819,7.393202,-9.808231
resume_0148,-9.822729,-5.076315,9.555268,1.098672,6.187344,4.034038,1.374811,5.695171,6.233443,-4.397223,5.922236,-10.188513,-4.695083,-5.781061,2.249806,4.035250,-9.728774,-6.040660,-0.278695,-5.208873,2.545296,6.834587,-7.366610,3.022402
resume_0149,-0.755520,-5.269746,4.153235,2.786649,8.244164,-8.836487,5.683196,0.367158,-1.394997,-0.223947,-6.822009,-9.195281,3.979373,3.912293,-2.339576,0.857567,-3.152417,-2.414583,-6.971283,7.071041,-0.436412,2.444798,2.640794,-5.362610
resume_0150,-0.121317,-5.251992,4.424501,3.244166,8.858038,-8.471989,6.921557,-1.114070,-0.954477,-0.122255,-6.561935,-8.014114,4.371238,4.203922,-3.310338,0.698643,-2.657459,-2.035226,-5.409969,6.359382,0.320815,2.270895,2.257085,-5.262246
resume_0151,-7.191625,-2.824972,-2.530114,-4.426954,-1.070959,4.139756,-4.449285,-0.738622,-2.449855,-7.448461,-7.597262,-8.914043,-7.758471,7.923514,-9.224851,4.429844,6.675080,0.367352,-8.207408,5.261441,-1.487478,0.133562,8.575505,-10.555790
resume_0152,-3.099053,5.658327,5.539722,0.566783,5.603865,2.436829,-8.114668,5.797819,2.597397,-3.967057,-6.606427,-6.868431,-9.644985,8.779794,-2.608143,7.683708,-1.145075,-6.866275,-4.109483,9.128077,-3.185771,-8.104898,-3.324660,-9.964340
resume_0153,-2.522393,4.517778,6.132975,1.025423,5.398531,1.548259,-9.588816,5.598885,2.397283,-3.399882,-5.294235,-7.336820,-10.147779,10.027496,-3.503644,7.202259,-1.344352,-6.342506,-4.293330,9.019147,-4.316446,-8.423905,-2.540534,-10.534643
resume_0154,-7.414200,1.433186,1.377470,4.631282,-2.629395,-4.085229,5.072828,-4.617249,-7.339814,-4.690071,-7.434281,1.200452,8.973121,6.330899,-1.411897,9.306202,0.248443,-3.405205,0.052531,7.447338,-6.639995,-2.945847,-4.357737,5.289285
resume_0155,-6.600574,2.196373,0.828735,2.315300,-3.129215,-4.833216,6.940537,-5.235829,-7.532186,-3.823993,-8.506028,0.525680,8.765911,6.204207,-0.551807,9.610449,0.629240,-2.171117,0.005197,7.159049,-5.762383,-2.284645,-6.115947,4.628216
resume_0156,-3.687542,6.244483,6.168224,1.021308,5.019779,1.289603,-8.475561,6.514935,2.419291,-4.593565,-4.806964,-7.264548,-10.130371,8.594467,-2.936561,7.882495,-2.630300,-6.884882,-5.500575,8.778850,-2.220567,-7.047170,-2.525764,-9.030279
resume_0157,-4.566427,5.287997,6.830237,9.241106,-6.575226,-3.422855,-4.457068,8.713245,10.124037,5.573754,-5.208036,-6.724837,5.114899,0.578175,-3.291761,7.701410,6.070979,3.126377,0.803801,5.423085,9.434319,-7.556555,-4.556068,-7.941285
resume_0158,-9.715748,-4.245798,9.708922,0.726594,4.600059,3.891124,2.708583,4.376884,8.106711,-4.230987,6.262655,-9.886560,-5.012556,-5.343491,1.400834,2.283294,-9.752934,-4.842565,-0.786117,-5.789166,2.573596,7.147274,-7.647922,3.479964
resume_0159,-8.451535,-3.729430,-1.784484,-3.014774,-1.077402,4.176167,-4.087953,-0.740404,-2.854893,-8.079833,-7.155356,-9.385183,-7.626948,7.088356,-9.226522,4.911802,8.336755,0.136008,-8.334323,4.973304,-1.473522,-0.536851,7.296888,-9.302963
resume_0160,0.145382,-5.366012,3.895356,2.060528,9.276312,-9.888445,5.680694,-0.134960,-0.339251,-0.326511,-6.706406,-8.516645,4.597396,3.787962,-2.712299,0.730258,-1.972293,-1.970599,-6.106396,6.495162,1.092153,1.765739,3.353740,-5.730579
resume_0161,-9.548019,-5.433853,-8.854637,-5.519861,-5.872738,-5.583712,5.932122,1.318365,-3.346734,-8.969304,-0.874372,-9.422011,6.134314,9.872750,-2.526007,1.138262,-5.089474,5.249879,-10.497021,0.419038,1.283635,0.174996,-7.501060,-3.919839
resume_0162,-3.408420,5.390358,5.835081,10.583363,-6.480724,-3.546344,-3.997210,8.884204,10.069704,6.655389,-4.084864,-7.986565,4.905517,0.706590,-3.601037,8.969371,7.009344,1.754403,-1.179759,3.794931,9.417849,-6.877052,-4.970367,-8.108411
resume_0163,-0.853809,-4.826144,3.972843,1.588981,8.484672,-8.978656,6.807250,-0.801896,-0.101087,0.615952,-6.930679,-9.863329,4.755111,4.196680,-2.759482,1.587066,-2.736693,-1.385116,-6.440352,7.582973,1.116714,3.316308,3.259901,-5.424975
resume_0164,3.221629,-1.268647,3.960870,1.931628,-7.280448,-1.802627,8.567250,9.611099,-6.692649,3.412523,-7.982185,10.748498,-5.031063,-1.482607,2.124106,7.010818,8.742444,3.750649,-0.091356,5.860607,-8.212657,5.843129,-5.239065,1.560761
resume_0165,-0.117653,-4.755840,4.314282,3.393706,7.946211,-9.264484,6.408752,-0.601741,-1.310773,-1.192153,-7.483110,-8.855451,4.213577,3.725887,-1.476026,0.198790,-3.183406,-1.245886,-6.547405,6.882330,0.327388,1.722954,3.131583,-6.809086
resume_0166,-6.495007,-3.699256,-2.411428,-4.309754,-1.483513,4.196869,-4.727778,-0.186956,-2.222622,-6.985677,-8.220789,-10.022380,-8.405898,7.767137,-9.533265,4.675154,8.100106,0.965104,-8.557823,5.017131,-1.759658,-1.113782,7.732585,-9.429910
resume_0167,-3.211225,5.304744,6.338889,0.604588,4.506783,1.038000,-8.325670,5.678187,2.899921,-4.396969,-5.549454,-7.355749,-9.693160,8.640491,-1.964429,7.071647,-2.755787,-8.065998,-3.510985,8.960860,-3.042680,-7.805937,-3.070273,-8.034891
resume_0168,-7.212430,1.667832,0.991385,3.852622,-2.837081,-4.579695,4.842862,-5.055136,-7.951553,-3.899156,-8.467843,1.240688,9.368704,6.408545,-0.961034,8.153910,1.708313,-2.726313,-0.138441,7.866745,-6.225453,-2.632806,-6.394531,3.863930
resume_0169,-3.261891,4.555169,6.736518,0.916996,5.002485,0.974101,-9.514983,5.918331,2.232012,-4.139883,-6.356403,-7.289130,-9.492800,9.371018,-3.206120,7.046594,-2.508906,-7.403858,-4.243089,8.845937,-3.497309,-8.523555,-1.944784,-9.830068
resume_0170,-3.213679,6.121681,6.782310,10.473015,-6.002419,-3.101433,-5.071585,8.531017,8.440401,5.824870,-4.234835,-8.855045,5.425757,-0.125998,-3.423600,8.997600,6.879391,1.408910,-0.019273,2.863373,8.534945,-7.095811,-5.097960,-8.131943
resume_0171,-0.581822,-4.911345,4.480726,2.864398,9.026169,-9.604926,7.093344,-1.067465,-1.501741,-0.362137,-7.748741,-8.965385,4.424158,4.113233,-2.073800,0.765894,-1.174612,-2.844359,-5.181417,7.181195,0.555926,3.100213,2.160284,-5.575953
resume_0172,-7.360100,2.271855,0.352010,4.648238,-3.610074,-4.615499,5.674088,-4.768375,-7.017523,-4.052592,-7.419882,0.459023,8.059446,5.390579,-1.145472,7.932987,0.702723,-2.104030,-0.108967,7.782234,-6.933650,-2.399818,-5.124572,5.553639
resume_0173,4.008368,-0.978528,4.174873,2.279867,-6.818523,-1.434075,8.386713,8.524675,-4.816462,2.822693,-8.429118,10.241339,-5.465796,-2.008932,2.649244,6.997288,8.799998,3.612156,1.353022,4.791126,-9.551316,4.418236,-4.509224,1.634596
resume_0174,-9.755425,-4.061163,8.515735,-0.427725,6.213117,4.157931,2.286773,4.305778,7.404310,-5.054582,6.111413,-9.391936,-4.654672,-5.575817,2.761401,2.602236,-8.488177,-4.959437,1.149985,-6.128587,3.091842,6.367283,-7.279562,3.602660
resume_0175,-8.023108,-7.109976,-7.826166,-4.949160,-6.185447,-6.026937,5.399041,2.082466,-4.420938,-9.177381,-0.134827,-8.612988,5.544850,10.745582,-2.380059,2.259511,-4.832476,5.528222,-10.416160,0.503181,1.401421,0.543020,-8.203523,-5.685354
resume_0176,-4.989287,4.814836,7.018456,10.851689,-5.427789,-3.328935,-4.742735,9.460245,9.560140,5.631456,-4.762240,-7.816885,5.471769,1.794275,-3.885403,9.240146,7.001133,2.332244,0.300152,2.873606,7.907772,-7.176425,-4.954780,-7.814401
resume_0177,-10.204502,-6.437514,-7.898933,-5.128605,-6.382132,-5.339015,5.800348,0.731564,-5.807532,-7.440530,-1.405667,-9.150626,7.301305,9.462896,-1.199376,1.475778,-4.877485,4.814608,-10.115449,-0.250976,2.099370,0.057612,-7.348004,-5.739656
resume_0178,-8.584256,-4.314869,10.437354,0.270598,6.288132,3.406261,2.114782,5.886711,7.741640,-5.048876,6.081946,-9.521729,-5.129620,-5.263422,3.329299,3.680874,-9.503140,-5.477007,-0.773786,-6.283822,2.508682,8.775922,-7.513847,2.924992
resume_0179,5.232579,-1.351720,3.384539,2.272683,-7.366914,-0.876590,8.167816,8.390579,-5.461868,3.078609,-8.556183,9.637315,-4.364208,-1.609722,1.403566,6.322224,10.078380,4.263402,0.342733,4.371248,-7.761004,4.948292,-3.749794,2.934286
resume_0180,-4.239454,6.217278,5.946905,-0.368449,5.612379,1.495702,-8.776318,6.026664,3.502068,-3.341398,-5.190801,-6.830408,-10.434645,8.588422,-2.844836,6.733550,-1.917897,-6.588676,-4.329177,8.638476,-3.334038,-7.959965,-2.580293,-9.178885
resume_0181,-3.279802,5.510827,6.157354,0.679844,5.295274,1.743185,-9.085591,4.863764,2.375121,-4.296805,-6.744240,-6.889272,-9.758740,9.684275,-3.376179,6.387624,-2.165113,-7.007722,-3.573965,9.327533,-3.558521,-7.988465,-2.568513,-8.780367
resume_0182,-9.253802,-4.389144,9.122941,0.852761,7.656495,3.233564,3.718387,3.840369,7.421685,-4.242852,6.107794,-9.296300,-5.968353,-4.981532,2.578661,3.523938,-8.886757,-3.586447,0.057408,-5.633323,1.706317,6.597732,-7.699499,2.759098
resume_0183,-9.783833,-5.346936,-9.849065,-4.444485,-7.629640,-6.472943,6.447788,1.495337,-4.717951,-8.515189,-1.148768,-8.579131,5.840828,8.909217,-3.175649,1.128982,-4.651197,4.725622,-9.131043,0.675293,3.401522,0.408935,-7.677951,-5.070141
resume_0184,-7.888543,-3.035344,-2.274039,-4.146166,-0.463239,2.995248,-3.447417,0.160417,-3.391292,-7.114811,-8.389841,-9.674026,-7.870321,6.745642,-9.194938,3.623895,7.253979,0.712097,-8.853570,4.693724,-0.705869,-0.204910,7.783856,-9.531481
resume_0185,0.225561,-4.883267,4.128758,2.502261,8.350705,-9.700068,6.902458,0.454273,-0.607308,0.461255,-6.396540,-8.728083,5.562178,3.459034,-2.095666,0.988162,-1.877113,-1.213036,-5.408017,6.452366,0.247304,2.474144,3.215009,-5.637854
resume_0186,-8.698221,-6.123451,-8.122499,-5.849445,-5.505968,-5.975973,5.055541,1.284541,-3.512713,-8.478210,-0.787899,-9.567496,6.384510,9.045715,-3.060372,1.596893,-5.581924,5.020091,-10.502216,-0.588114,1.269408,0.642532,-7.567045,-5.397532
resume_0187,-7.214220,-4.771442,-2.094640,-3.689604,-0.661248,3.638135,-2.948472,-1.412455,-2.966576,-7.140963,-7.547047,-8.925731,-7.166059,7.402717,-9.433696,3.863680,7.190637,-0.728301,-8.926923,5.261577,-0.936247,-0.555102,6.377208,-8.874516
resume_0188,-4.498308,4.674541,5.523374,10.436858,-7.125472,-5.094240,-5.731734,9.501218,9.051283,5.855704,-3.710969,-7.555480,5.691770,0.204162,-4.346817,8.551156,5.769833,1.970621,0.143187,4.259396,8.480660,-6.586802,-3.427827,-8.337559
resume_0189,3.303508,-1.163144,4.132067,2.285931,-7.432357,-1.596863,7.850289,8.180040,-4.916763,4.107092,-9.566343,9.768062,-5.357963,-1.411623,1.761745,7.119182,8.757511,4.935513,0.805612,5.108734,-8.966376,5.958496,-5.548816,2.504846
resume_0190,-1.778514,-4.938867,4.435632,3.003624,8.194151,-9.856605,5.574295,-1.414937,-1.363858,-0.772356,-6.919883,-8.506929,4.320185,3.845114,-1.643769,0.091864,-2.052847,-2.098913,-5.745603,6.756247,-0.690073,2.242070,3.449224,-5.634014
resume_0191,-8.952611,-6.157351,-8.386893,-5.743089,-7.596856,-5.976471,5.583197,1.582921,-5.289649,-8.279587,-1.386757,-9.724032,6.302434,9.932828,-3.931522,2.857865,-3.094703,3.846896,-9.853533,0.301664,3.104670,0.353076,-7.664007,-5.641877
resume_0192,-9.614997,-4.349553,9.199092,-1.313358,6.488472,4.189705,2.400542,4.411754,6.914377,-4.797295,6.596924,-10.060500,-5.203402,-5.040734,1.110078,3.992893,-9.706331,-3.964045,-0.076967,-5.014404,3.107856,7.371196,-8.174777,3.205108
resume_0193,-0.599569,-5.094923,4.682868,2.899652,8.214574,-8.702136,6.694608,-0.486822,-1.583657,-0.961254,-7.597949,-8.508189,5.911400,2.810617,-2.018691,0.041247,-1.374313,-2.233219,-4.953710,6.080333,0.813874,2.051218,2.687015,-5.957602
resume_0194,-3.034458,5.933315,5.787056,0.793177,4.275563,1.734985,-9.201548,5.626506,2.224822,-3.164120,-6.618259,-7.007911,-8.865057,8.467088,-3.264069,7.916889,-2.547636,-7.141321,-3.589841,8.777040,-2.942789,-7.856967,-2.128287,-8.760203
resume_0195,-8.902954,-6.229287,-9.378922,-5.495446,-5.997909,-5.540912,7.163438,1.869893,-4.596349,-9.259018,-0.394525,-8.755794,4.795750,9.500296,-3.795949,2.779062,-5.206254,4.598406,-9.895856,0.367370,1.205103,0.254390,-7.024666,-5.246634
resume_0196,-0.423662,-4.741319,4.531611,1.983063,8.393446,-9.841874,6.398169,-0.873219,-1.145802,1.236769,-7.974213,-9.253875,4.912577,2.963416,-1.482695,0.590887,-1.701095,-2.919640,-5.930313,7.085070,0.682976,3.438218,2.525798,-6.707875
resume_0197,-0.715378,-5.382223,4.891587,2.431126,9.206786,-8.638652,7.054456,-0.202157,-0.878213,-0.344708,-6.610799,-8.343379,4.568260,3.206315,-2.279464,-0.190829,-2.294490,-1.993030,-4.958051,6.435024,1.730301,1.753887,3.723351,-7.194996
resume_0198,-7.300401,2.448555,0.507485,3.785190,-3.304567,-4.489216,5.345423,-4.038727,-6.911091,-3.718718,-7.800418,1.102944,8.592444,6.940785,-0.643809,9.854320,1.705641,-3.293080,1.084418,8.020132,-5.116115,-3.291906,-5.316453,4.505756
resume_0199,4.190697,-1.266517,3.567552,3.475567,-7.721513,-2.583332,7.129445,8.730628,-5.538282,3.313281,-8.385428,9.079788,-4.683918,-2.799573,2.015643,6.830937,9.872930,4.326123,1.445043,4.904042,-8.548675,5.109167,-4.962008,2.404344
resume_0200,-8.097435,1.237955,0.874001,3.937801,-4.050070,-4.602279,5.425526,-4.451435,-7.612742,-3.478290,-9.091635,1.193042,8.640414,6.705371,0.871293,9.704074,1.444843,-3.151660,0.407579,7.396602,-5.397089,-3.760294,-5.646492,3.611734
resume_0201,-2.223732,5.890270,5.827394,1.968090,5.049303,2.463176,-8.687419,4.726666,2.474046,-3.534583,-5.005624,-6.981273,-11.039123,9.241301,-3.405452,6.826881,-2.472211,-6.245912,-3.858749,8.943396,-3.079524,-7.753657,-2.928553,-9.085446
resume_0202,-3.988113,4.472004,6.459785,0.987265,5.109490,1.163576,-10.840983,6.037632,3.045561,-4.308753,-5.844146,-7.733567,-9.734299,8.423604,-2.111994,6.276491,-1.509513,-6.857766,-4.768553,8.739321,-2.599791,-8.409993,-3.623758,-9.557508
resume_0203,-4.188213,4.943549,6.587440,9.726493,-5.632201,-3.612309,-5.999405,8.146838,9.294278,5.638640,-3.993671,-8.594433,4.514838,-0.122168,-4.805076,8.269026,5.978246,2.144544,0.921441,3.566656,9.818981,-6.262659,-4.525851,-7.786176
resume_0204,-7.705044,-3.259545,-2.788482,-3.124619,-0.995373,4.420285,-4.957483,-0.928417,-3.325903,-7.541159,-7.203063,-9.775038,-7.669274,7.160903,-10.384921,5.436091,7.634980,-0.600852,-8.020936,4.654556,-0.470340,-0.188591,7.219988,-9.244071
resume_0205,-7.041108,1.580631,0.906569,3.678887,-4.269688,-4.834274,6.107033,-5.038359,-8.444954,-3.713385,-7.938336,0.277328,8.444574,6.076333,-1.670496,9.112479,1.111680,-3.656655,-0.564446,7.023127,-5.714347,-3.255277,-4.637729,4.055808
resume_0206,-4.105690,5.142479,6.564960,1.541211,5.020305,1.175689,-9.206248,4.617830,3.332526,-3.544683,-5.871416,-6.023643,-9.289128,8.733174,-2.645814,6.395873,-2.053350,-6.335527,-4.668545,8.087028,-2.954033,-7.759544,-2.306416,-9.158606
resume_0207,3.938929,-2.082233,3.468351,1.309475,-7.113781,-0.809709,8.178390,9.976856,-5.585711,3.815632,-7.247224,10.748927,-4.597844,-0.972832,3.127653,7.380685,10.048001,4.463705,0.877072,6.031486,-9.719778,4.582199,-5.022772,1.330601
resume_0208,-8.271409,-6.538459,-9.063967,-5.663636,-5.619406,-4.980989,5.773280,2.665964,-4.450086,-8.979758,-0.670013,-9.165974,6.623793,9.505749,-2.774846,3.160918,-4.853874,5.565347,-9.599288,0.127525,2.622292,0.761166,-8.071246,-4.540042
resume_0209,-8.490353,-6.253275,-7.784915,-5.487868,-5.357120,-4.564623,5.813314,2.709969,-3.870610,-9.810176,-0.850392,-8.101670,6.396698,9.703225,-2.385562,1.599598,-4.697842,5.487700,-10.080486,0.468598,2.684704,0.834663,-8.588140,-5.526563
resume_0210,-7.487526,-2.715359,-1.664504,-3.551280,-0.680358,3.308966,-3.887333,-0.830191,-3.373457,-6.919791,-8.843729,-9.532574,-7.452604,8.030270,-9.360881,3.862728,7.981740,0.540697,-8.268419,4.832865,-1.274274,-0.603840,8.058688,-9.546464
resume_0211,-3.789297,4.008035,7.262678,9.606224,-6.109408,-3.412448,-4.339720,8.883472,10.020122,6.352584,-4.205005,-7.977380,4.905850,1.210457,-3.537608,9.179675,7.183944,1.775926,-0.329943,4.142301,8.623878,-7.024438,-4.377572,-7.237954
resume_0212,-9.268944,-6.428022,-9.322278,-6.455860,-6.753803,-6.368635,5.677804,2.347900,-4.327451,-8.825391,-0.305841,-9.150895,5.912350,8.629903,-3.073017,2.086580,-5.296328,5.355560,-9.285280,-0.067372,3.027061,-0.415093,-7.867868,-5.127857
resume_0213,-10.443139,-4.462669,9.623436,-0.701337,4.961442,4.098760,4.252279,4.637803,7.398877,-4.897024,6.468151,-9.581673,-5.556822,-4.851440,1.520123,2.909362,-9.359734,-5.021572,0.709453,-5.262837,3.560963,7.301943,-8.770939,2.850215
resume_0214,4.288701,-1.964677,4.757359,2.037119,-7.650792,-1.842681,8.371698,8.916480,-6.425968,2.875908,-8.370325,9.930883,-5.052159,-2.196596,1.799448,7.226396,9.285362,4.141279,0.724837,5.755598,-9.434468,5.920014,-4.357520,2.389319
resume_0215,-6.638302,-2.462833,-1.676569,-3.276933,-0.533002,3.791258,-3.815414,-0.463632,-1.570477,-7.761751,-8.073136,-8.665321,-7.188747,6.698493,-9.148351,5.792540,6.622256,1.157118,-9.631907,5.631328,-2.919535,-0.296622,7.730081,-9.332712
resume_0216,-0.533791,-5.294361,5.094884,2.505240,8.813382,-9.185142,5.642897,0.834702,-1.279897,0.652911,-8.457802,-7.982563,3.835918,3.212031,-2.324615,0.791616,-2.110487,-1.730131,-5.317536,6.280186,0.173627,2.262672,1.468073,-5.575809
resume_0217,-10.164578,-4.696929,9.580496,0.136338,6.832221,3.144386,2.247426,4.607493,8.567318,-5.256593,7.232425,-8.039219,-4.675886,-4.836932,1.440532,2.901614,-10.007919,-5.428017,0.626573,-5.705448,2.811807,7.246198,-8.617192,2.951498
resume_0218,3.995186,-1.376282,4.127658,1.378565,-6.400319,-1.410356,6.942545,8.509626,-4.600703,3.956575,-8.092337,9.266172,-5.439226,-1.724805,1.947282,6.852022,9.955249,4.518802,0.407646,4.664705,-9.386201,5.327620,-5.524815,2.966729
resume_0219,-10.297492,-4.473609,9.430916,-0.573890,6.257322,2.708438,2.864728,5.003637,7.772105,-4.628417,6.821933,-10.265054,-4.026976,-5.214553,2.023605,3.328361,-9.873303,-5.351950,0.769220,-4.946780,2.696499,7.737467,-8.551392,3.134796
resume_0220,-7.464014,2.051018,0.110142,4.280524,-2.271948,-3.467245,5.560749,-4.685490,-8.016276,-3.788775,-7.703754,0.161761,8.711140,5.844970,-0.135387,8.611342,0.841263,-3.547126,0.483067,8.199305,-5.157565,-2.082154,-5.608643,4.812792
resume_0221,-7.401171,0.740638,0.640718,2.885875,-3.694226,-4.069487,6.763040,-3.954162,-7.600714,-3.783044,-8.086037,1.224897,9.101001,6.440470,0.007739,9.851445,0.708301,-3.272962,0.569126,8.957441,-5.479807,-3.631115,-5.706883,4.826884
resume_0222,-2.753656,5.120935,6.073519,9.421711,-6.579140,-3.475208,-5.653220,9.153141,8.604664,5.657356,-4.214801,-8.252870,4.863041,1.024215,-3.981236,9.005533,6.469241,1.626700,0.522867,5.286801,8.435138,-8.015095,-5.104884,-8.513541
resume_0223,5.688934,-1.481935,3.304119,1.845406,-8.030020,-2.085738,8.859227,8.234931,-6.100622,4.446484,-9.048288,10.255711,-6.171289,-2.582343,2.214228,5.777647,9.271448,4.599483,1.400625,5.100595,-9.233485,3.474987,-5.557606,2.875952
resume_0224,4.775376,-0.613889,3.077301,1.470369,-7.114513,-1.519147,7.601082,8.576702,-5.598501,3.162534,-8.454313,10.226562,-5.123690,-2.135590,3.069808,7.531811,10.035803,4.472968,0.133184,5.754070,-8.583853,5.298477,-5.235395,3.352153
resume_0225,-4.054898,5.253419,6.058355,0.947391,3.736480,1.451934,-9.644161,4.356350,2.296577,-2.572086,-6.027453,-6.891728,-10.682257,8.991168,-2.510597,6.020107,-1.976107,-7.413380,-4.681847,8.381463,-2.698257,-6.774955,-1.465039,-8.641241
resume_0226,4.780635,-1.653546,4.412975,1.962833,-7.458152,-1.768175,6.602894,8.932873,-5.916617,3.515173,-8.562648,10.352331,-5.633642,-2.724012,1.921843,7.471718,10.478763,3.912063,0.645781,4.770760,-8.455173,5.619801,-5.429358,1.507403
resume_0227,-3.754586,6.397342,7.016661,1.396196,5.308885,2.052111,-8.892665,5.289976,3.969019,-4.545204,-5.802249,-6.761800,-8.576612,8.717541,-3.113458,7.315138,-2.265551,-6.846132,-4.549122,9.256300,-2.298452,-6.682889,-2.579673,-10.020926
resume_0228,-10.124123,-3.058383,9.722896,0.158756,6.336360,3.439004,2.344612,5.552273,8.248128,-4.610335,6.634113,-9.286315,-5.825871,-4.445899,1.892717,4.149048,-9.614502,-4.752906,0.112578,-7.074503,2.092188,6.658125,-7.736650,3.763039
resume_0229,-1.101468,-4.184622,4.048462,2.616384,9.516204,-9.257118,6.023346,-1.148320,-1.850342,-1.407683,-7.065354,-8.941990,3.645762,2.350919,-1.428308,0.827010,-2.609929,-1.371168,-6.259343,6.299206,0.433378,2.948217,3.534948,-7.095454
resume_0230,-0.016610,-4.719142,4.521438,2.854907,9.717028,-9.316475,6.405432,0.350287,-0.913764,-0.607406,-8.423922,-9.240231,4.397097,3.803009,-1.838751,0.199670,-2.575108,-1.373167,-5.038380,5.662353,0.196279,2.350428,2.877493,-6.539657
resume_0231,-9.347668,-6.464750,-9.671954,-4.796445,-5.772932,-5.245840,5.137600,2.692142,-4.524486,-8.998232,-1.661375,-8.900649,6.463300,8.695770,-1.993266,3.179334,-3.957102,5.999786,-10.610750,-0.878039,3.001933,-0.474846,-7.487579,-5.511270
resume_0232,3.805933,-1.073149,4.080407,1.358529,-7.631195,-1.553047,7.798940,8.223683,-6.244688,3.694800,-7.931493,9.889626,-4.359323,-0.971477,1.761747,6.437857,9.286436,4.254908,0.252980,6.144454,-8.239279,5.540695,-4.127527,1.695325
resume_0233,-7.413957,-3.547500,-2.377454,-2.509034,-1.601153,5.073596,-4.711810,-0.557715,-2.578823,-7.098893,-7.867024,-8.862995,-7.510117,8.041915,-10.417569,5.030461,5.585311,0.032134,-8.377526,5.500696,-2.042393,-1.054163,7.930394,-8.885254
resume_0234,-3.939493,5.026108,7.890734,8.216584,-7.027692,-3.212831,-5.599597,8.313931,9.113494,5.636309,-4.236903,-7.867899,4.853201,1.819265,-4.384626,9.293490,6.576115,1.414743,0.559880,4.043510,7.921717,-6.844336,-4.753076,-8.145333
resume_0235,-6.611828,-3.641706,-2.361285,-3.526520,-0.765673,4.603104,-4.036724,-0.111805,-2.342048,-7.334923,-9.824334,-9.572517,-8.075252,8.562878,-9.010816,4.575337,8.471847,2.326422,-8.956249,4.665608,-1.293699,0.370338,6.601465,-9.440418
resume_0236,-7.525689,0.485947,0.863699,3.675158,-2.799052,-4.479975,4.504998,-3.502549,-7.426939,-3.982523,-7.517761,1.895233,8.206178,6.872279,-1.472519,9.227585,0.174343,-2.639927,-0.470932,8.093418,-6.537724,-2.682095,-5.773596,5.283508
resume_0237,-8.729679,-6.633534,-8.316268,-4.977135,-7.084024,-6.194710,4.655084,1.774639,-3.753979,-7.476383,-1.359448,-10.462794,5.331427,8.815827,-1.428054,1.731603,-4.193874,6.795929,-10.747285,0.631351,2.494231,-0.201143,-7.616058,-5.548433
resume_0238,-6.832571,-3.924553,-2.864388,-4.140990,-0.616471,4.222973,-3.834235,-0.413859,-3.168847,-7.190911,-7.787324,-9.951413,-7.592556,7.137738,-10.350049,4.448143,7.687733,0.575479,-8.458115,5.487628,-0.689554,-1.038959,7.536233,-8.909155
resume_0239,-9.290462,-6.250006,-7.534777,-5.154081,-7.018803,-4.952757,6.126903,1.766864,-4.105851,-8.834494,0.545350,-8.983906,6.703874,7.948115,-1.771069,2.601743,-4.192414,5.376326,-9.395776,-0.751166,2.978146,-0.697039,-7.580473,-5.527438
resume_0240,-0.126020,-4.620403,3.961435,2.756430,8.924950,-8.797911,6.558427,0.089083,-1.844292,-0.722406,-6.301979,-9.645485,4.988644,4.132457,-1.899677,0.689978,-1.682944,-1.556866,-5.319648,6.430931,-0.273924,2.535778,2.925377,-6.299960
resume_0241,-9.173179,1.340604,1.185843,4.284597,-3.496287,-4.015324,4.523220,-5.580200,-7.149032,-4.356083,-7.837884,1.432350,8.459948,6.716060,-1.060753,9.162632,0.883657,-1.543141,0.811864,8.382704,-5.349457,-2.351834,-6.429361,4.556212
resume_0242,-3.992804,5.444071,7.283308,9.783774,-6.212397,-3.833085,-5.310570,9.968378,8.499287,7.274356,-3.429016,-8.735314,5.112747,0.499458,-3.065710,7.985910,7.360914,2.370201,-0.810052,3.481871,8.138321,-6.814061,-4.518248,-7.308321
resume_0243,-8.820778,-6.065295,-7.827076,-4.845690,-5.192561,-6.118770,4.802369,3.488390,-3.983868,-8.746566,-0.676098,-9.050955,6.956694,8.663979,-3.527403,2.912053,-3.913368,6.680624,-10.298694,-0.274743,1.797814,-0.343381,-8.280809,-5.742398
resume_0244,-8.230784,2.015018,0.513021,3.476138,-3.815227,-4.586410,6.282061,-4.106414,-7.739078,-3.986367,-8.557205,0.839028,8.451535,5.650392,0.328437,9.967285,1.738121,-2.240105,-0.153825,8.209590,-4.535718,-2.554775,-6.484048,4.189182
resume_0245,-2.865208,6.097318,5.495268,2.436389,4.986850,1.519416,-9.395135,6.667539,2.884747,-4.003541,-5.342455,-6.430927,-9.335162,9.435235,-3.082922,6.287045,-2.372850,-7.194249,-5.221130,10.625933,-2.651942,-7.598987,-3.308724,-8.583991
resume_0246,-0.761680,-4.656127,4.276014,4.384856,8.330878,-9.305075,6.235656,-0.175317,-0.757941,1.436097,-7.919627,-8.170935,6.229823,2.870527,-1.879062,0.203390,-2.733777,-2.822594,-5.514077,7.101202,0.748833,1.077164,2.343845,-5.874985
resume_0247,3.797792,-1.266194,3.983848,1.286413,-6.999718,-1.485523,7.914921,8.035380,-5.506810,4.029441,-7.838908,9.450652,-4.540136,-1.949558,2.867723,6.395761,9.391232,5.046489,0.940010,6.316996,-8.006412,4.463213,-4.741893,3.142969
resume_0248,-3.083961,5.405572,4.934886,0.365437,4.249981,1.063198,-7.646792,4.619224,2.386723,-4.067254,-5.655436,-6.109864,-8.964240,8.811018,-2.810190,7.194357,-1.798852,-6.552183,-2.863013,8.749206,-1.427430,-7.928771,-1.460434,-9.207081
resume_0249,4.808350,-1.386371,3.647813,2.295929,-7.608144,-1.829719,8.707680,9.469230,-4.694697,2.859524,-8.505944,9.993546,-4.883216,-0.547282,2.112747,7.524189,10.096640,4.356680,0.561246,5.481291,-9.242429,6.074054,-5.180954,2.126923
resume_0250,-9.421674,-6.964448,-8.554476,-5.388544,-6.313592,-5.913030,5.864976,2.769050,-4.737096,-9.196008,-0.137143,-9.004015,6.428029,9.547320,-2.020683,2.393058,-5.652541,5.220209,-9.695901,0.559230,3.291830,0.916714,-7.350110,-6.096745
resume_0251,3.459857,-0.757251,3.985924,1.177429,-7.657815,-1.706888,8.074855,8.453763,-4.930387,3.727185,-8.418529,10.035469,-5.965881,-0.221895,2.579908,6.842958,9.225337,5.063885,0.291228,5.865196,-9.309868,4.575979,-5.525018,2.129053
resume_0252,-7.395308,2.435737,0.234533,4.387777,-2.551229,-4.634710,5.190297,-3.571465,-7.337965,-3.547489,-7.358240,0.027411,7.827066,7.918779,-1.541328,8.118094,0.403644,-3.488880,-0.071354,7.821083,-6.548975,-2.701482,-7.242108,5.031842
resume_0253,-3.401898,5.722435,7.379637,9.238622,-7.016166,-2.503786,-5.411219,9.951242,9.326236,6.054730,-4.165973,-8.334398,4.493479,0.238918,-3.611743,8.713462,7.367797,1.603575,0.235761,3.719885,8.717596,-7.545311,-5.113362,-6.761215
resume_0254,-8.926550,-6.624893,-9.281501,-5.383205,-6.598782,-6.502865,4.969257,2.099762,-4.192544,-8.994185,-0.932985,-9.564256,5.941281,8.217322,-2.917053,1.247589,-3.533228,6.038954,-10.218171,-0.155368,1.181718,0.193508,-6.865300,-5.533376
resume_0255,3.418289,-1.828541,4.120261,1.858351,-7.569609,-1.353127,7.820465,8.256406,-4.868627,4.356868,-8.324094,10.759553,-5.230253,-1.657141,2.828213,7.382686,10.663675,3.700375,0.189498,4.451488,-9.550478,4.806916,-6.069554,3.194807
resume_0256,-2.001872,5.140705,6.505725,0.289871,5.304836,1.440299,-8.976593,4.074748,3.344663,-3.194846,-5.947575,-6.256921,-9.816134,8.117922,-3.100155,6.347434,-2.353917,-6.955781,-4.397003,9.024062,-2.304839,-7.897792,-1.932670,-7.906784
resume_0257,-9.440006,-3.666229,9.995835,-0.556427,6.028638,3.388398,2.600104,5.746365,7.890150,-4.221557,6.388824,-10.691313,-4.868082,-5.011636,2.568477,2.926247,-8.627777,-5.409952,-0.108421,-5.601400,2.309564,7.319658,-7.957969,3.945477
resume_0258,-7.634183,-5.299938,-2.009910,-3.974106,-1.612229,3.774649,-4.851806,-2.176326,-2.661416,-8.202298,-7.806375,-9.097400,-7.908741,7.402902,-10.228854,5.070681,7.408709,1.051540,-9.917849,3.597260,-1.428733,-0.328015,8.340320,-9.506186
resume_0259,-2.195304,4.715625,5.516328,2.063697,5.604688,1.324816,-8.994785,5.915739,3.655687,-4.071120,-5.924107,-7.357444,-10.550785,9.399533,-2.272080,6.746751,-2.735867,-6.725448,-4.256275,9.723835,-3.701107,-7.156763,-2.836837,-8.968099
resume_0260,-3.412995,4.923685,6.751474,0.393448,4.784120,2.343281,-9.069192,5.229375,3.670028,-3.807566,-5.798226,-6.705923,-9.534442,9.787805,-2.191707,6.476229,-2.401253,-7.582494,-4.367442,8.369288,-2.081605,-7.400778,-3.396024,-9.845143
resume_0261,-8.218767,-6.088644,-9.491885,-4.966219,-5.724683,-5.580373,6.013775,2.526715,-4.327810,-8.794022,-0.500589,-9.282843,6.059813,9.346504,-3.301658,2.655332,-4.221362,4.292704,-9.353371,-0.607820,1.417746,0.542382,-7.047672,-5.534920
resume_0262,-3.643512,4.380667,7.202752,10.068125,-7.255783,-1.816059,-5.408303,7.512821,9.395946,5.579445,-3.894491,-7.529162,4.937272,-0.243320,-3.969601,8.230092,5.675481,3.158728,-0.371235,3.945778,9.783215,-6.539295,-5.209562,-8.215980
resume_0263,-7.761933,-3.251898,-2.360422,-2.942738,-1.887836,5.226896,-4.505435,-0.708745,-2.674422,-8.083410,-7.033330,-10.046048,-6.364005,8.372831,-8.959836,4.593582,7.680128,-0.931449,-8.937844,4.202365,-1.545589,-0.065699,7.893544,-9.913108
resume_0264,-4.408228,4.252916,6.775328,9.172454,-4.648716,-3.195700,-6.029460,8.797119,9.502723,6.451772,-3.418850,-7.586477,4.009497,0.720968,-4.110384,7.852943,6.983928,1.514199,-0.357924,4.139197,8.893044,-7.189123,-4.948462,-8.598862
resume_0265,-0.472429,-4.721871,3.786725,3.196928,9.837120,-9.150039,5.636938,0.494516,-0.996139,0.055277,-8.305602,-8.282292,5.402227,3.336431,-1.477137,1.191406,-1.186170,-1.346610,-4.942801,5.149408,0.291221,2.384017,2.846087,-6.694841
resume_0266,-8.887260,-4.594723,8.838700,0.882399,5.523421,4.155379,2.406353,5.252342,6.988942,-4.797094,6.003553,-9.768611,-5.169795,-5.170309,1.742371,3.435775,-8.728214,-5.554342,0.344954,-5.730216,2.948094,7.649669,-7.890420,2.984571
resume_0267,-9.118834,-4.346165,9.992186,0.495346,5.926129,4.100808,1.851670,4.383090,8.714434,-4.859743,6.553573,-10.165605,-5.152963,-4.956185,2.033676,2.483105,-9.037447,-3.402759,0.265773,-5.588510,1.728874,7.676495,-8.938658,3.176280
resume_0268,-10.158943,-5.181754,9.020005,-0.228080,5.141662,3.962272,2.442433,4.361321,7.968707,-4.578291,5.509436,-10.321297,-4.568391,-5.522596,2.252047,3.314256,-10.116833,-4.070086,0.860643,-6.445422,1.784057,7.116804,-8.283358,1.819259
resume_0269,-8.540992,1.778763,1.836400,3.611129,-3.251483,-4.331055,4.919512,-4.477148,-7.808517,-4.791598,-8.187669,1.414688,7.336727,5.306853,-0.748326,8.585918,1.455406,-3.336834,-0.111810,8.398757,-5.253703,-2.603592,-6.877805,4.909566
resume_0270,-4.301351,3.708466,6.272284,9.124939,-6.545917,-3.052540,-5.896867,10.502348,8.572392,6.668039,-4.846565,-6.812644,4.118540,0.247402,-2.425869,8.611628,5.886326,2.412297,-0.433336,2.573882,9.023117,-7.334758,-5.254822,-8.808579
resume_0271,-1.763781,-4.548669,3.948832,2.383917,8.708287,-9.456220,6.811107,-0.257984,-1.341652,0.030654,-7.725521,-7.935143,4.292202,2.921598,-2.383980,0.036153,-1.874116,-1.920395,-5.845725,6.548296,-0.177574,2.984909,2.706939,-6.025702
resume_0272,-8.158104,-5.509505,-8.532481,-5.482440,-5.615588,-5.806288,5.757272,1.616155,-3.643890,-8.199652,-0.963617,-10.567206,6.975626,9.457951,-2.612302,1.034734,-4.467006,5.520535,-10.066971,0.100214,1.772557,0.258077,-7.205147,-5.993769
resume_0273,-3.043693,5.318179,6.064750,0.373452,4.505091,1.861159,-9.260559,4.986317,1.655449,-3.693551,-5.869956,-7.075621,-10.079922,9.937076,-2.152911,7.429030,-2.401826,-7.216271,-3.784291,8.364763,-2.051344,-8.261009,-1.969297,-8.650068
resume_0274,-1.087308,-4.176606,4.785665,1.955927,8.635230,-8.309834,7.268109,0.185340,-1.473565,0.150768,-7.252342,-8.849875,4.045502,3.912006,-1.649744,1.129820,-2.629777,-1.285267,-5.799583,6.307850,0.152968,2.821013,3.289738,-6.264249
resume_0275,4.545133,-1.605596,3.990083,2.238255,-8.819459,-1.618716,8.071789,8.703104,-5.000915,3.730124,-7.738139,9.417529,-5.023364,-2.657944,1.865027,7.275144,10.060467,3.782162,0.810612,5.835176,-8.717723,5.178607,-5.084063,2.219432
resume_0276,4.087318,-0.468010,3.696880,2.462182,-7.909580,-2.605509,8.553939,8.603199,-6.556251,2.578387,-8.059143,10.562038,-5.359668,-2.872145,1.592352,7.553975,9.008204,4.132560,0.750847,4.882228,-9.729237,4.957667,-5.008062,2.584569
resume_0277,-3.667333,5.928877,6.626103,0.935254,4.950384,1.618515,-9.369993,5.209040,2.277757,-4.036400,-5.675909,-6.646367,-10.276568,9.115201,-3.059410,7.265278,-0.998440,-6.375383,-4.497596,8.695335,-3.072462,-8.642625,-2.659683,-10.154492
resume_0278,-6.595166,-3.916501,-1.772434,-4.315728,-1.046634,3.788850,-4.342280,-0.856330,-3.413255,-6.284760,-7.642184,-9.226137,-8.859809,7.803433,-10.023152,5.002454,7.766820,0.395202,-8.808555,5.514659,-0.929901,-0.409522,7.846127,-8.852235
resume_0279,-3.094923,5.621284,5.776004,1.321218,4.687299,0.678704,-8.700964,4.882081,3.295693,-3.725204,-5.189710,-7.581939,-9.538451,9.199010,-1.833974,5.682669,-1.168751,-5.984420,-4.702349,8.586222,-3.593551,-8.107942,-2.108996,-9.938500
resume_0280,-4.319963,5.185344,6.772034,9.566858,-6.040616,-2.262482,-6.039922,9.827990,9.033053,6.196307,-4.349345,-8.497800,3.785465,0.173284,-3.835716,8.304834,6.865375,3.074334,-0.637483,5.388030,7.896745,-6.953595,-4.542177,-7.927787
resume_0281,-0.577645,-5.951145,5.202250,2.137913,8.118939,-9.095592,7.650352,-0.209738,-1.116055,0.067325,-6.586441,-9.610251,4.806991,3.675005,-2.261915,1.318762,-1.679031,-1.285644,-5.656015,7.307341,-0.007618,3.956733,2.112108,-7.020540
resume_0282,-7.993011,-3.186498,-1.773391,-3.593081,-2.157295,3.694475,-3.461426,-0.466665,-3.333337,-7.192289,-9.074364,-8.475001,-7.246074,6.201993,-9.414506,4.493089,6.955287,-0.380536,-8.820482,5.734544,-1.262599,-0.016642,7.396248,-10.432820
resume_0283,-6.958351,2.171120,1.003399,3.926211,-4.034481,-4.062689,5.052578,-5.168552,-7.616032,-2.691268,-8.654879,0.658502,8.679718,6.535090,-0.098795,9.941551,1.388738,-3.254790,0.509999,6.404927,-4.231888,-2.618258,-5.793084,3.677643
resume_0284,-9.670234,-3.973232,9.121303,0.461629,6.704751,3.655292,2.593795,4.623570,8.024397,-4.417996,6.744633,-8.758605,-5.010320,-4.709820,1.022592,2.789300,-9.175514,-4.586847,0.087585,-6.305217,3.008393,8.459730,-7.701104,3.304913
resume_0285,-9.310405,-4.638475,9.497362,0.038394,5.009386,2.732718,1.750905,4.887244,6.554390,-3.756789,6.335147,-8.038834,-5.302089,-4.753066,1.971632,3.556887,-9.859454,-4.588419,0.591520,-5.583328,2.820931,7.706156,-8.843499,3.197753
resume_0286,-2.807446,5.357406,4.938015,1.587038,3.826674,1.431742,-9.008610,4.657796,3.148736,-2.966640,-5.590169,-7.394051,-9.299331,8.611860,-2.076232,5.795778,-2.722316,-6.661918,-3.294562,10.440101,-2.693916,-8.636928,-3.938284,-9.309404
resume_0287,-8.064166,-7.019385,-8.800039,-4.949428,-5.604913,-5.562120,5.716350,1.289163,-3.489758,-8.502758,-0.083846,-9.538633,6.316899,8.912035,-3.086400,0.286557,-5.509864,4.463394,-9.365830,-0.475243,1.930574,-0.059339,-7.553257,-5.112726
resume_0288,-1.095404,-4.245859,3.825521,2.842800,8.113614,-7.952223,6.987723,0.401141,-1.093893,1.403884,-8.210079,-8.228828,3.724999,3.182978,-1.577240,0.398528,-2.155241,-2.042572,-4.645934,7.495954,-0.088801,2.428789,3.431623,-5.846702
resume_0289,-0.931816,-4.900865,3.915718,1.702081,9.114430,-9.192885,6.366071,0.344571,0.291302,0.142963,-7.167581,-8.206780,3.677596,4.738099,-2.139849,-0.223826,-2.449116,-1.695252,-4.672410,6.578688,-0.717297,2.887854,3.110520,-6.158004
resume_0290,-6.302395,2.519224,1.080152,4.123116,-3.572591,-5.042574,5.131913,-4.667423,-7.720414,-3.759356,-8.377829,0.754439,8.411997,6.486023,0.214327,9.464861,-0.190697,-3.836719,0.729032,8.989363,-6.023191,-2.862025,-5.946540,4.169234
resume_0291,-7.803405,1.222049,-0.542144,2.887778,-3.068731,-4.513542,6.182687,-4.401941,-7.953916,-3.445300,-8.825186,2.093082,9.105712,5.785436,-1.444576,9.887997,1.414833,-1.850526,0.983235,7.029625,-5.582569,-2.211955,-6.630581,3.498194
resume_0292,-8.151666,2.309556,1.613237,4.017342,-3.009180,-3.797413,6.085042,-4.491726,-7.192071,-4.439486,-7.982213,1.539111,8.831800,6.340779,-0.766449,10.076251,0.272895,-2.023623,0.578922,7.271759,-5.226939,-2.865737,-6.000573,4.648124
resume_0293,3.701796,-0.815786,3.095230,2.147280,-7.096318,-1.334607,8.367032,8.310608,-6.168882,3.188836,-7.284507,9.909802,-5.863939,-1.879046,3.015244,6.613184,9.341032,4.528409,2.123472,5.649136,-8.964109,4.823242,-5.674753,3.304148
resume_0294,-4.204569,5.044463,7.536884,9.760585,-6.544669,-3.973227,-6.274734,8.882492,9.472869,6.467254,-4.393764,-6.253928,3.167623,-0.224305,-4.141736,8.532838,6.878875,1.247145,0.428789,3.985627,7.662054,-7.649013,-3.439252,-8.019451
resume_0295,-9.360503,-3.254173,10.169422,0.692215,5.692004,3.629016,2.174397,3.784387,7.781283,-4.288734,6.152928,-9.879471,-5.467865,-4.356360,1.690645,3.239657,-8.558364,-4.141911,-0.716125,-5.053525,2.016504,6.558048,-8.680307,2.312967
resume_0296,4.350992,-1.098102,3.228545,1.697373,-6.978932,-1.336522,8.430300,8.370029,-5.676656,4.157914,-6.717524,10.646856,-4.915236,-1.804627,3.451524,7.220815,8.985861,3.209732,1.638366,4.612429,-8.741958,3.541718,-4.761210,1.209382
resume_0297,-4.124659,4.962703,6.847586,8.653490,-5.251234,-2.728536,-5.158058,8.663296,9.246103,6.252774,-3.364733,-7.981398,4.564784,2.218701,-3.579974,8.305116,7.143290,1.534738,0.107047,3.514396,7.971305,-6.924944,-4.365214,-8.019046
resume_0298,-8.953887,-6.510974,-8.937443,-5.103963,-5.826309,-5.554049,5.503967,2.927596,-2.788330,-7.899725,-0.941192,-9.816032,5.129798,9.602903,-2.299843,0.604478,-3.580686,5.668792,-10.264941,-0.122741,2.555813,-0.168920,-8.241295,-5.952164
resume_0299,-6.474771,2.588214,1.192729,4.427665,-2.315221,-3.424347,4.913479,-3.839479,-6.532232,-3.693290,-8.315798,1.443426,8.790580,6.875248,-1.223532,8.083456,-0.397908,-2.951971,1.070694,8.477350,-5.133174,-1.592510,-5.840554,4.251676
resume_0300,-7.575577,3.030158,0.063724,4.281973,-2.386899,-3.335968,4.658702,-3.748896,-6.818398,-3.811742,-7.427053,-0.056815,8.966085,5.782035,-0.591458,9.612928,0.580164,-3.381963,0.804667,7.285951,-4.779883,-3.419265,-5.616132,4.828980
resume_0301,-6.607913,-3.169426,-1.936616,-3.300446,-0.131351,5.059248,-4.267314,-1.051277,-2.255904,-7.263494,-8.255113,-9.688867,-8.322854,6.822582,-10.393480,4.622615,7.107954,1.760751,-8.665313,4.595985,-1.076691,-0.227535,7.067350,-9.390933
resume_0302,-9.345699,-4.477306,10.228119,0.452343,5.282015,4.204428,2.915108,4.802316,8.295619,-5.359342,7.406559,-9.093586,-5.192768,-5.917156,2.565346,3.178974,-9.630203,-4.773880,0.489681,-5.564333,1.891762,7.106229,-8.959123,3.670052
resume_0303,-9.560736,-7.115137,-8.022163,-5.928424,-6.166089,-5.406985,5.854176,2.499434,-4.305817,-7.792652,-1.485692,-8.480291,6.525526,9.560175,-2.237924,0.758529,-4.330654,5.392079,-9.517684,0.162228,1.846435,-0.360395,-7.589926,-4.993866
resume_0304,-7.283286,-3.616290,-2.655828,-3.514985,-1.141764,4.532967,-4.375075,-0.921824,-2.672798,-7.933298,-7.168928,-8.680429,-7.956982,7.323947,-9.212723,5.432571,7.517125,0.140183,-7.765564,3.921479,-1.932883,0.708317,7.800192,-8.368900
resume_0305,4.494935,-1.467213,3.174122,0.856976,-5.513829,-1.067862,7.425810,8.008754,-5.589544,4.080624,-8.384755,10.422782,-5.121150,-1.541528,3.617135,7.966047,9.438275,4.236414,0.052398,5.038749,-8.063197,5.021957,-4.303646,2.434560
resume_0306,-2.416055,5.548565,6.208471,-0.167287,5.133672,2.335722,-10.220654,5.659088,1.857280,-3.096794,-5.368765,-7.665870,-9.737282,9.011906,-3.743735,5.704042,-1.603008,-7.129537,-4.554430,10.143723,-2.685246,-7.480762,-2.286894,-8.366436
resume_0307,-2.628250,5.158078,6.478349,1.496753,4.751382,0.323875,-8.616863,5.566064,2.721187,-3.798431,-5.565581,-6.723667,-9.487985,8.390042,-3.030670,8.004629,-1.379877,-7.016484,-3.806232,8.516366,-2.519760,-7.587638,-2.427564,-8.908675
resume_0308,4.230733,-2.102903,4.438362,2.532721,-6.308841,-2.875026,9.853988,7.993733,-5.919514,3.812977,-7.343329,9.522783,-5.311984,-1.885991,2.908432,5.874071,10.586502,4.179155,0.798564,6.135168,-9.033759,5.284509,-4.334220,2.136171
resume_0309,-0.749447,-4.865414,4.707079,2.379758,8.448968,-9.600818,7.177566,0.825539,-1.426719,-0.194439,-6.462633,-8.003717,5.158480,3.902348,-1.231177,-0.095070,-2.201322,-3.361508,-5.240569,6.297303,0.499112,2.126236,3.120331,-5.857890
resume_0310,4.442054,-1.372895,3.427224,2.491932,-8.212013,-2.219779,6.927168,9.127832,-4.114636,2.841013,-9.149031,9.971990,-4.876699,-2.198073,2.032046,6.822694,10.683638,4.499435,0.376725,6.005900,-7.938163,5.328557,-4.582241,3.446710
resume_0311,-7.121263,-4.355227,-2.752951,-4.091468,0.232786,3.263903,-2.945787,-0.654487,-2.009177,-7.383913,-7.732028,-10.284794,-6.420177,6.915894,-10.194939,4.699217,7.905279,-0.749078,-9.745574,4.740435,-2.187541,0.179597,7.803948,-9.443914
resume_0312,-9.233595,-6.755012,-8.196267,-4.842871,-5.240401,-6.571472,5.756228,3.151948,-5.265910,-8.475228,-1.613179,-9.785526,5.749820,8.932541,-4.295123,1.367916,-4.541232,4.502290,-8.945763,1.006055,1.984655,0.907635,-7.172760,-6.431769
resume_0313,-7.355972,1.892471,1.308256,2.929831,-3.680074,-4.331739,6.337270,-5.204022,-7.333327,-3.873105,-7.713711,0.872876,8.433315,6.852026,-0.482948,9.194162,0.658416,-2.124630,-0.815011,7.651976,-5.930374,-3.293724,-5.079443,3.949205
resume_0314,-8.673771,-3.215946,9.853971,-0.198568,7.043810,3.657684,2.790508,6.238792,8.206195,-4.469070,6.404056,-8.918693,-5.130608,-4.917035,1.887616,3.316787,-9.760427,-4.169876,0.439426,-5.678298,2.885299,7.674794,-8.037267,3.006939
resume_0315,-9.088376,-5.958230,-8.621414,-4.770733,-5.393192,-6.043346,6.758042,1.733187,-4.480571,-8.683542,-1.157796,-9.191238,7.387067,10.169156,-2.353181,1.738542,-5.019328,5.464021,-10.514037,0.814850,1.988238,-1.005041,-8.130978,-5.539255
resume_0316,-3.009052,5.316169,5.873694,0.081222,4.855700,1.962158,-9.315460,5.619191,2.414554,-3.441888,-6.162627,-7.891448,-9.665788,9.021567,-3.007979,7.385572,-2.492287,-7.651180,-4.992442,9.011257,-2.689196,-7.853135,-2.869935,-9.245484
resume_0317,3.880030,-1.937025,4.237496,3.022256,-7.251324,-1.977980,8.258259,9.537850,-4.541361,4.045358,-7.965840,9.732114,-4.957996,-1.602372,0.935350,6.809635,8.714682,4.180619,-0.224972,5.743234,-9.767855,5.143221,-4.486168,1.785819
resume_0318,-7.591422,-4.903648,-2.545333,-4.501645,0.264787,3.490872,-4.291055,-0.863378,-3.536324,-7.939130,-7.505956,-8.928599,-8.002605,8.020739,-9.520466,5.079227,6.889510,-0.262131,-9.386786,4.663567,-2.070375,-0.795175,8.693431,-10.268412
resume_0319,-5.038348,5.021312,6.156122,9.483258,-6.622908,-3.687149,-4.559526,9.290097,8.100389,5.184798,-4.178909,-8.835466,4.751782,1.075553,-4.501211,8.253557,6.336650,2.457725,0.076114,3.152060,8.863384,-7.504495,-4.732791,-9.305468
resume_0320,-2.492489,4.622831,5.779876,0.984447,4.883868,1.868642,-9.283975,5.846140,3.088607,-3.799974,-4.144892,-7.722597,-8.325053,9.063362,-4.223985,7.190122,-2.285750,-6.673687,-5.130775,9.777394,-3.151505,-8.888840,-2.346334,-9.507314
resume_0321,5.055640,-0.098657,3.755855,1.551206,-6.538552,-2.811448,9.204123,7.960779,-4.404504,2.625188,-8.868938,8.645269,-5.955024,-1.474910,3.286909,8.053681,10.209024,3.792365,0.309930,5.363800,-9.102919,5.020898,-5.068377,2.472027
resume_0322,0.122772,-5.496976,4.786097,0.477118,9.105058,-9.553931,7.619183,0.566740,-0.869032,0.155990,-6.806183,-7.517961,4.887349,2.521954,-0.091177,-0.806570,-1.598482,-1.574357,-4.791319,7.077442,0.472153,1.793106,2.747750,-5.891166
resume_0323,-4.553358,3.997455,6.507961,8.803748,-6.480748,-2.908836,-5.136656,8.365978,10.014120,6.061495,-5.377879,-8.442929,4.436063,0.388104,-3.525598,8.336278,5.687096,2.389462,-0.527673,4.612992,8.412220,-7.082016,-4.768990,-8.501650
resume_0324,-0.683179,-5.605292,5.254083,3.074947,8.559972,-9.823101,6.738873,-0.325255,-0.716219,-0.754370,-6.897757,-7.939418,3.307158,4.209754,-2.287274,0.882470,-1.915762,-3.355237,-6.005612,7.036330,0.190343,3.137666,2.944782,-5.965780
resume_0325,4.277097,-1.012443,3.279065,0.562236,-7.391612,-2.271435,8.020630,7.681466,-4.929153,4.568478,-7.828087,9.897062,-4.162726,-2.273557,1.918900,6.290166,10.227846,3.208974,1.183282,5.107682,-8.984383,5.808050,-6.299335,1.188583
resume_0326,-8.622766,-5.966979,-8.490213,-4.882823,-5.676742,-4.879912,5.657022,1.654393,-4.407688,-8.680139,-2.309387,-8.921467,7.056334,8.948295,-2.854488,0.218271,-4.702855,4.809674,-11.167433,-0.526484,1.498389,-0.346530,-7.040293,-5.526891
resume_0327,-8.437286,-5.670916,-8.573506,-6.024851,-6.360526,-4.474416,5.691907,3.387990,-3.360799,-8.098441,-0.471545,-9.441878,6.853883,8.794776,-2.960823,2.477608,-4.052532,5.544476,-10.147862,0.144789,3.554956,0.604160,-7.535078,-5.860715
resume_0328,-0.140281,-5.992511,3.673856,2.749457,7.975207,-7.607757,5.741768,-0.070397,-1.588324,0.425242,-7.311909,-8.859646,5.235880,2.264946,-1.769664,0.644215,-1.192970,-0.748989,-4.462615,7.379187,0.899988,2.059292,3.379580,-5.662590
resume_0329,-7.798198,1.524254,1.264638,3.559307,-2.912623,-3.569626,5.705760,-4.139616,-7.554681,-4.239703,-7.492912,0.227587,7.675216,6.048686,-0.094309,9.705918,0.602760,-4.288194,0.423633,7.731528,-5.346973,-2.109083,-5.465702,4.666404
resume_0330,-4.045833,5.194405,5.704930,10.228808,-6.915346,-3.437166,-6.134902,8.742782,8.667480,5.424569,-2.698590,-7.992799,4.066391,-0.631347,-3.534241,9.690577,6.006318,1.882299,1.343446,4.008758,9.521530,-6.826944,-4.665975,-7.987262
resume_0331,-3.812363,6.462902,6.706654,9.836153,-6.247340,-3.916853,-5.483347,8.191670,8.955678,5.647314,-3.951418,-7.348420,4.452637,-0.640631,-4.758446,9.174266,6.978151,1.090973,0.072181,4.361843,8.139308,-6.619164,-4.544650,-8.400634
resume_0332,0.007665,-4.481740,4.181427,3.336564,7.846247,-9.142796,8.190605,0.251324,-0.563015,-0.673676,-6.872367,-8.583570,4.768628,2.695959,-1.617614,0.089108,-2.196344,-1.070018,-5.848916,6.239098,1.256299,2.309214,3.505233,-6.908132
resume_0333,-7.210703,-2.400177,-1.303628,-3.637821,-0.716785,4.173855,-4.001966,-0.582365,-3.171742,-7.589419,-7.821069,-9.584829,-6.699130,7.791645,-9.283742,3.527665,7.605540,0.775758,-8.830902,4.663149,-1.100378,0.392265,7.173022,-9.478567
resume_0334,-4.347017,4.687463,6.686646,10.147731,-6.568359,-2.809143,-6.168783,9.089764,8.040679,6.237478,-4.048643,-7.580956,5.344121,0.142764,-3.843860,9.151104,6.816203,2.689729,-0.637581,4.227679,9.589787,-7.865913,-5.326769,-8.299999
resume_0335,-4.910874,4.454132,7.178994,10.484644,-5.881476,-4.696089,-6.173802,9.066741,9.040731,6.177583,-4.976701,-7.423175,4.175824,-0.060674,-4.042455,7.524632,6.047644,2.247180,0.142380,3.675440,8.961757,-6.710463,-4.320847,-8.111714
resume_0336,4.392479,-2.398801,3.406940,2.287804,-7.174051,-1.196594,7.116972,8.300630,-5.514114,4.457328,-7.357458,10.342002,-4.701930,-1.975533,2.261719,7.103059,9.482464,4.245068,0.885435,5.041096,-8.844161,4.843847,-4.771360,2.982240
resume_0337,-6.010168,-2.987382,-2.301411,-4.582381,-1.838258,4.140707,-3.850339,-1.231729,-2.296302,-8.423730,-8.347630,-9.400283,-8.885051,6.330434,-8.960979,4.467066,7.068591,0.554961,-8.843053,4.504941,-1.762904,-0.290865,7.405598,-10.369921
resume_0338,-7.839821,1.094271,1.599000,3.728658,-2.837268,-5.714669,5.562730,-4.174743,-6.936028,-3.250504,-8.390438,1.320603,8.599339,6.337520,0.132175,8.527077,-0.213345,-0.526434,-0.349823,8.241401,-5.701858,-2.381102,-6.491036,4.855845
resume_0339,-4.480417,5.131942,6.124117,8.904733,-6.016583,-3.886766,-5.973758,9.008564,8.502991,6.647658,-3.592039,-7.791677,4.372969,0.974909,-4.158190,7.198354,7.648357,2.471098,0.198971,4.775253,8.865319,-7.039612,-5.446985,-8.090708
resume_0340,-8.079249,-5.399187,-7.875930,-4.748765,-5.886575,-5.002490,5.398854,1.579578,-4.753920,-8.934060,-1.383778,-9.919801,6.056322,9.283906,-1.240483,2.107628,-3.638099,5.647512,-10.499630,0.567719,1.903480,-0.329774,-8.471353,-6.259533
resume_0341,-4.035762,4.625505,6.534804,8.976022,-6.564299,-3.960852,-6.254657,8.209271,9.350453,7.361888,-4.746821,-7.580237,3.731091,0.017836,-3.536669,7.790326,6.833351,2.992036,-0.656159,2.235381,8.144887,-7.320638,-4.228899,-7.870107
resume_0342,-8.459272,-6.046265,-10.052373,-4.885018,-5.094362,-5.982499,6.275588,2.143421,-4.328875,-8.172239,-1.678947,-10.356550,6.026128,9.871785,-3.417443,1.620641,-4.629724,5.545475,-11.482621,0.638517,2.301516,-0.636653,-7.674706,-5.880936
resume_0343,-0.559756,-5.012378,3.417406,5.083721,7.570419,-9.117069,6.904458,0.172488,-1.843770,0.056036,-7.370866,-8.588156,4.696036,3.007697,-2.061859,0.026154,-2.426631,-1.693113,-5.962520,6.492545,0.041594,2.189368,3.276167,-6.645352
resume_0344,-3.837914,5.078231,6.090393,9.551788,-6.308526,-3.215701,-4.337834,9.586176,8.900771,6.541918,-4.175194,-7.978782,4.813453,0.718897,-4.581591,7.665211,6.991585,2.618325,0.107528,5.181772,8.370560,-6.611810,-4.435814,-7.486517
resume_0345,-0.137319,-4.657368,4.540412,2.475465,9.066841,-10.143086,7.753341,-1.855616,-1.302460,-1.116570,-7.885420,-9.329619,4.278920,2.573615,-1.983181,0.417183,-2.545211,-2.197886,-6.436565,7.108898,0.597035,2.408217,2.783422,-7.165935
resume_0346,-8.287402,-6.323435,-9.464391,-4.885275,-5.986333,-5.372038,5.071618,2.583809,-4.423524,-8.650785,-0.220100,-8.416807,6.529997,9.211592,-3.010180,2.118046,-4.519878,4.853383,-9.638168,0.847821,1.698529,-0.274658,-7.711431,-6.805040
resume_0347,-7.179164,2.097312,0.934663,4.781264,-2.817881,-5.577038,5.381737,-3.856882,-8.379277,-3.686893,-6.395075,0.785958,8.596348,6.207651,-0.188453,8.744448,0.561850,-2.866315,-0.198307,7.080773,-5.191782,-2.836030,-6.418462,3.769116
resume_0348,-3.869348,5.341378,5.529998,0.970241,5.481453,1.564811,-8.602762,4.927106,2.993514,-4.497791,-5.445638,-6.906000,-9.909735,8.020402,-4.399978,7.270685,-2.272977,-7.170168,-4.047041,8.792179,-2.141284,-8.099206,-3.077994,-8.898429
resume_0349,-10.213365,-4.528348,9.759058,-0.439215,5.892912,3.332082,1.951495,5.639556,8.408162,-3.815664,6.202075,-10.095872,-6.332562,-4.895397,1.257036,3.180559,-9.453940,-4.828897,-0.480080,-6.195831,1.306102,7.888796,-8.188027,2.145995
resume_0350,-3.451920,5.228868,6.689515,9.986390,-7.687933,-2.202344,-5.495294,9.740441,10.581800,5.665942,-4.425010,-6.841478,4.856089,-0.277842,-3.580937,9.162609,6.387184,1.925735,1.707861,4.369032,8.724447,-6.755394,-4.941013,-7.330236
resume_0351,0.167615,-4.531014,3.520436,2.610903,8.705513,-8.947336,6.816677,-0.503725,-0.797864,-0.437351,-7.598231,-8.627897,3.848238,3.873991,-1.748252,1.317197,-2.625639,-2.752440,-5.746925,6.390528,0.143999,2.623362,3.211640,-5.801199
resume_0352,-9.250372,-6.401065,-8.589343,-4.620568,-6.931548,-5.998710,6.586408,2.425234,-5.085180,-8.993008,-0.987735,-8.720348,5.990937,9.171969,-3.179654,2.213765,-4.074010,5.408503,-10.120646,0.840743,2.115144,-0.657299,-8.542452,-5.396038
resume_0353,-9.546926,-4.985468,10.549870,0.613513,6.399350,3.629900,2.815879,3.956119,7.796560,-4.594075,7.021177,-9.345296,-4.277093,-4.703701,2.014823,2.808849,-9.465603,-4.748212,-0.889990,-6.537778,3.621603,7.049228,-8.476576,2.819827
resume_0354,-8.591825,-3.915022,9.370826,-0.724706,7.057023,4.423167,2.052700,4.361128,8.396562,-5.274393,5.726882,-10.884062,-5.479578,-5.780934,1.183105,3.298559,-9.471067,-3.964870,0.919843,-6.490937,1.967320,7.068613,-7.786533,2.976819
resume_0355,3.654911,-1.295853,3.749226,2.707581,-7.940086,-1.221544,7.453653,9.190429,-4.444898,3.646758,-8.153234,8.893898,-5.442441,-2.883164,2.971166,7.666379,8.866653,4.261250,1.404256,5.550380,-8.896943,4.717828,-5.082944,2.347732
resume_0356,-8.000516,-3.413510,-1.816819,-2.951928,-1.173859,3.994147,-4.351786,-0.529500,-2.568218,-7.395368,-7.588077,-8.863093,-6.642827,8.222206,-10.565641,5.067663,7.616656,-0.361856,-9.119778,5.008457,-2.121032,0.412608,8.390406,-9.644635
resume_0357,-7.956188,1.617297,2.007500,3.260163,-3.810061,-3.580263,5.098264,-4.552743,-7.698598,-4.118425,-8.471809,1.485907,8.742883,6.950663,-1.007579,10.502078,0.784904,-3.726726,0.258071,7.639938,-5.491287,-3.080812,-6.036705,3.946462
resume_0358,-9.474316,-4.164367,9.318459,0.510816,6.237582,2.675056,2.682789,5.002225,7.623484,-4.065006,6.348496,-9.673657,-5.402947,-4.964588,1.189351,5.559121,-8.679664,-5.212849,-0.898752,-5.407243,2.599323,6.996946,-7.952400,3.509707
resume_0359,-3.179296,4.194445,6.421131,2.117220,4.202768,1.152009,-8.583113,5.888971,2.970223,-3.900906,-5.551256,-6.779358,-10.139931,8.869978,-2.686525,7.331615,-2.401464,-6.618604,-3.938343,8.590127,-2.478770,-8.037203,-1.913468,-9.671189
resume_0360,3.561998,-0.985663,3.677169,1.486638,-7.110304,-1.406782,8.631670,7.809969,-5.935395,4.102652,-8.431915,9.929946,-4.404168,-2.749033,3.129641,7.283651,10.147242,4.043970,1.021726,6.119996,-9.482501,4.864129,-5.695679,2.104361
resume_0361,-8.910276,-5.722498,-9.068105,-5.132475,-6.153086,-5.967883,6.050869,0.908901,-4.341343,-9.091627,-0.679572,-9.771263,5.751304,10.599625,-3.042198,1.367771,-4.096510,5.187781,-10.714142,0.637795,1.264723,-0.239851,-7.610883,-6.678542
resume_0362,-3.103367,5.345449,5.852808,1.930461,4.803051,1.010471,-9.798518,5.893646,2.375968,-3.113069,-5.729681,-7.608729,-9.420749,9.149565,-2.053190,6.448057,-3.267665,-8.083041,-3.607335,9.443525,-3.260815,-8.563713,-2.240658,-8.837071
resume_0363,-8.583010,-3.919609,10.064155,0.512614,5.556609,3.741864,2.496192,4.851704,8.471794,-4.267713,6.116171,-11.344393,-4.464138,-5.492683,1.401695,3.557373,-9.774250,-4.616989,-0.069526,-6.047738,1.901110,7.144521,-7.793292,3.244555
resume_0364,0.554458,-5.785192,5.889096,1.474104,9.297852,-9.670334,7.575748,0.447275,-0.778648,0.444600,-8.192916,-8.829810,5.591150,3.751214,-2.355888,1.310898,-3.161528,-0.691449,-5.640277,6.532881,0.513471,2.042323,2.636301,-6.760612
resume_0365,-9.334640,-5.778470,-8.711019,-5.769575,-6.241856,-6.491457,5.717621,2.895249,-4.572082,-9.150376,-0.092131,-10.545942,5.733666,9.859427,-3.252269,1.558455,-5.169335,4.119255,-10.742030,0.328361,2.075544,0.296900,-7.243959,-5.616243
resume_0366,-2.288709,6.133104,6.174477,1.235886,5.253762,1.385859,-8.733588,5.044704,2.492404,-4.003981,-6.200388,-7.450767,-8.571527,8.628131,-2.914054,6.706248,-2.239496,-6.319078,-3.440446,10.140976,-2.371646,-7.962121,-2.003042,-8.757209
resume_0367,-4.771655,4.784828,4.916653,10.314245,-6.611331,-3.878333,-6.509055,8.813677,9.618409,6.226257,-4.991291,-7.423215,5.340260,0.846431,-4.584727,7.905433,6.513771,2.133531,0.218863,5.154211,8.488704,-6.842255,-3.704202,-6.829441
resume_0368,-3.364609,5.721199,6.160086,1.140324,5.120112,1.347772,-10.146846,5.195550,2.665892,-4.348733,-5.727471,-5.809255,-9.682604,8.708618,-2.430876,6.955314,-2.084251,-6.962804,-4.367644,9.413770,-2.797061,-8.426770,-1.814178,-8.676889
resume_0369,-4.365892,4.897751,6.318377,10.173832,-7.495299,-2.809124,-5.546901,9.244582,10.181033,6.543354,-4.392474,-7.327464,5.260558,0.546085,-3.265651,8.254547,6.917904,2.516410,-0.494366,4.745589,9.734688,-7.210929,-3.364932,-6.967727
resume_0370,4.863153,-1.251549,3.500091,1.179813,-7.839416,-2.353007,7.524842,9.061711,-6.169229,3.145236,-7.961792,9.412066,-5.249109,-2.323223,2.598494,6.790055,9.254248,3.951415,1.024090,6.249991,-10.006007,4.847652,-4.537746,3.244832
resume_0371,-4.009429,4.067646,6.082369,10.555012,-7.219688,-2.546056,-6.275498,9.414181,9.048685,6.012848,-4.611078,-7.949933,4.803637,0.706504,-3.936444,7.926456,6.736593,1.746870,0.199268,4.700952,8.950457,-6.848667,-5.807920,-8.613064
resume_0372,-9.055358,-3.762435,9.991829,0.460391,6.000402,4.130428,2.751266,4.430102,7.778825,-4.509572,6.509837,-9.053840,-5.283497,-5.876897,1.389935,4.603368,-9.027824,-5.253715,-0.496007,-6.303725,2.592375,7.309255,-7.281802,3.206542
resume_0373,4.828572,-1.850265,3.841397,2.945325,-7.561849,-2.478561,6.966957,7.831292,-4.609314,3.586685,-7.310413,11.063491,-5.221067,-1.548705,1.080584,6.798797,8.879230,3.557715,1.085795,6.443371,-10.244021,5.652042,-5.299808,2.672200
resume_0374,-9.132832,-4.970281,10.921023,-0.295974,5.061275,3.630639,1.511626,4.760116,6.984649,-5.028194,7.418591,-9.745847,-4.614333,-6.400198,2.121416,3.706128,-9.389036,-4.645858,1.019419,-5.710445,2.244726,7.855983,-8.676622,3.370300
resume_0375,-4.734489,4.984397,6.131556,9.610822,-5.379135,-2.804582,-5.225611,8.307402,8.806461,6.176627,-3.445099,-7.903524,4.504847,0.660726,-3.493207,8.270942,6.882831,2.210752,0.465957,3.998670,8.667744,-8.084016,-4.584124,-9.027707
resume_0376,-9.719704,-5.013887,9.155897,0.503408,6.160699,3.833436,3.136029,5.165202,8.043624,-4.632253,5.776288,-9.367185,-4.310253,-5.280078,1.773543,2.866938,-8.709505,-4.353841,0.642930,-6.411885,2.312218,7.193928,-7.287872,1.867187
resume_0377,-8.061746,-3.331708,-1.954876,-4.008405,0.346904,4.516454,-4.315546,-0.300832,-2.575550,-8.208426,-6.077575,-8.806645,-7.286441,7.729032,-8.856444,3.522437,7.538430,-0.644078,-8.362400,4.994312,-1.897566,-0.095796,8.210000,-9.436762
resume_0378,-3.914064,5.181488,6.780548,10.356182,-7.282675,-2.795867,-5.479423,9.203249,9.635438,7.160346,-3.111832,-7.840079,5.122011,-0.344408,-4.318239,8.424767,6.319654,2.600009,-0.392794,4.010973,8.995468,-7.482792,-4.626591,-8.604314
resume_0379,-7.358609,-2.681360,-2.104959,-2.955091,-0.218384,3.158489,-5.043684,-1.266251,-2.728160,-7.163058,-7.659636,-9.380120,-7.500552,6.899091,-9.528636,4.248621,7.408114,0.621610,-9.102884,4.843030,-1.458602,0.759505,7.201160,-8.952171
resume_0380,-6.528395,1.745668,1.780070,4.077058,-2.171752,-4.211907,5.303323,-3.954776,-7.153310,-4.554274,-7.792725,0.666608,9.218066,7.417910,-2.067156,9.935807,1.154828,-2.778199,0.382594,7.257279,-5.332662,-3.216714,-6.043124,4.700288
resume_0381,-7.653146,2.265054,0.310562,4.737746,-3.005197,-4.163390,5.274449,-4.908983,-7.113981,-3.244014,-7.626977,1.253264,8.588288,5.707779,-1.078990,9.911297,1.175537,-2.787872,0.424242,8.517314,-5.660901,-2.452217,-6.157786,3.784889
resume_0382,-9.185651,-5.077470,-8.871358,-5.578768,-6.952834,-5.573022,5.036722,0.603739,-4.341534,-8.537831,-0.843835,-9.606513,5.885492,9.646598,-2.993796,1.982572,-4.763216,4.777797,-10.335187,0.322096,2.434264,0.583670,-6.984940,-5.736820
resume_0383,-3.815114,5.280499,6.132183,1.669733,4.339926,1.345923,-8.834836,4.840666,2.299477,-2.504815,-6.423264,-6.065811,-10.389905,8.757545,-4.563583,7.674833,-2.685578,-6.558911,-3.110015,9.145458,-3.932222,-8.688648,-1.778066,-9.268247
resume_0384,-2.535872,4.953427,5.033638,1.091780,5.258785,0.996379,-8.746024,5.568322,3.473126,-4.526484,-4.923184,-6.941447,-8.633203,9.402047,-3.928917,6.412568,-1.653141,-7.663741,-3.962643,8.755923,-2.709439,-7.854673,-2.685001,-8.513078
resume_0385,4.705296,-1.985348,3.784301,3.297588,-7.117251,-1.529176,8.753671,8.522116,-5.213986,3.784405,-7.827465,10.461027,-5.666258,-2.593921,2.687974,6.546907,9.267961,3.703889,-0.890273,5.447735,-9.262203,5.542269,-3.858382,3.032463
resume_0386,-3.322373,5.330744,6.408395,-0.036460,4.876441,1.747851,-9.689553,4.777956,2.602568,-2.787458,-5.253556,-7.114513,-10.212749,8.146337,-2.484801,6.449817,-2.767227,-7.860715,-3.472039,8.613006,-3.672038,-7.379733,-1.996204,-9.354833
resume_0387,-9.346986,-4.850179,9.924385,-0.462770,7.461898,3.684320,1.835398,5.271319,7.456077,-5.175970,6.430963,-9.556306,-5.268080,-4.781531,2.703579,3.543086,-10.215863,-5.012875,1.032450,-5.028180,2.576556,7.247428,-8.045833,2.778595
resume_0388,-9.945362,-6.414788,-9.253668,-5.938279,-6.395758,-5.744929,5.805512,3.048773,-4.134135,-7.944627,-0.885823,-9.471629,6.210868,8.219235,-2.809698,2.592510,-4.687287,5.555751,-9.551976,1.024606,1.732472,0.489938,-8.283567,-5.835158
resume_0389,-3.870522,5.436246,7.332837,10.384129,-6.148921,-3.231327,-5.232962,9.488427,10.207920,6.465341,-3.978969,-8.055225,4.961842,-0.349836,-4.150165,7.673019,7.454073,2.739716,-0.498149,4.783816,7.925099,-7.882320,-5.064965,-8.117869
resume_0390,-3.631200,5.374529,6.037176,9.388976,-5.696755,-3.210744,-4.402395,8.878914,9.566272,6.642722,-3.078399,-8.356477,4.087453,1.109721,-2.619563,8.861538,6.186873,2.906212,0.878997,3.995537,8.034996,-7.105396,-5.269227,-8.090373
resume_0391,4.684885,-2.459321,3.868571,2.262233,-7.250709,-2.383106,8.724244,9.129570,-5.505390,3.234380,-7.492798,10.176352,-5.722313,-1.233835,2.032189,7.372625,8.842535,4.623472,1.031680,5.686463,-8.325395,6.092060,-4.638187,1.039569
resume_0392,-7.578597,-3.511397,-1.853148,-4.527202,-0.872939,4.608570,-3.606404,-0.260904,-3.086473,-7.399534,-7.316993,-9.293429,-8.128333,6.964177,-9.755705,4.643575,7.221870,0.879891,-9.117707,4.590262,-1.826531,-0.575363,7.998317,-8.020759
resume_0393,-0.305310,-5.144059,4.598485,1.906985,7.888129,-8.918723,6.490094,-0.298160,-1.415962,-1.054810,-8.484612,-8.345339,4.501151,2.520007,-0.742059,0.053540,-2.799672,-2.648989,-5.629101,6.895756,-0.279736,1.657176,2.940579,-6.671051
resume_0394,-8.466676,-7.201572,-8.966717,-4.870240,-7.109873,-7.085219,5.964460,3.636146,-3.345688,-8.268657,-1.028319,-8.531810,6.146959,8.280295,-1.995192,0.613092,-4.170469,4.980313,-10.411485,0.635529,0.918360,-1.482444,-7.926259,-6.017702
resume_0395,-6.798693,1.181276,1.117620,2.992035,-2.363029,-3.824122,5.560787,-3.863167,-7.275015,-3.710024,-8.315988,1.482113,8.174309,6.791320,-1.434652,9.100736,0.852004,-3.737821,-0.567926,7.856933,-4.757488,-2.698251,-5.182523,5.024005
resume_0396,-9.478421,-5.472846,10.121893,-0.397146,6.202841,4.830635,2.278345,4.678275,9.283777,-4.970298,6.926718,-9.059483,-4.752947,-4.276901,0.847339,3.821432,-8.851457,-4.307704,1.142861,-6.757464,2.543284,6.988178,-8.894399,3.565206
resume_0397,-8.903885,-4.281917,10.003633,0.514843,6.026351,2.970563,2.897283,4.337398,7.471368,-4.377867,5.587728,-9.522902,-4.203184,-4.235189,2.945524,3.987926,-8.084401,-5.867147,-0.316657,-6.316853,1.950619,6.755510,-8.072910,3.093539
resume_0398,-7.117002,-3.229404,-2.409758,-3.749083,-0.575865,4.391822,-4.607854,-1.083214,-2.424959,-7.820638,-8.156169,-9.708894,-7.599768,7.280621,-10.446660,5.209599,7.368190,0.639785,-8.291173,5.645734,-1.873780,0.055506,8.006772,-9.575804
resume_0399,-6.734968,-3.595351,-1.098878,-2.925768,0.020591,4.192230,-3.330248,-0.803344,-2.927964,-7.042566,-6.894998,-10.686053,-6.600618,7.038253,-9.934648,5.083427,7.120676,0.134360,-7.728642,5.793414,-2.555844,-0.015232,8.355961,-9.168447
resume_0400,-8.830745,-6.041588,-8.069809,-5.572340,-6.374647,-6.015599,5.097176,2.707512,-3.516312,-9.238474,-1.794468,-9.005029,6.643729,9.472503,-3.892651,2.658576,-3.667162,5.481896,-9.737808,-0.873523,2.242965,-1.190460,-7.106675,-5.595129
resume_0401,-6.815853,0.631368,1.446752,4.144197,-2.934020,-3.928927,5.033708,-4.227290,-7.542644,-4.378200,-9.069312,0.321645,9.019960,6.835017,-1.145028,9.180282,1.104755,-2.423557,-0.602910,7.886827,-4.464303,-2.227413,-6.029855,4.805980
resume_0402,-9.908069,-3.619409,9.498311,1.060113,5.886623,3.440524,2.177968,5.073735,7.775226,-5.652548,6.501759,-10.178289,-5.976939,-4.901748,1.633733,3.693584,-9.929410,-5.355064,-0.732009,-5.485343,2.644743,6.776326,-7.868807,3.813817
resume_0403,-9.266392,-4.986552,-8.751709,-4.780709,-5.175696,-5.510994,6.445085,2.864372,-4.195495,-8.807611,0.603088,-9.992601,6.723437,9.827966,-3.056500,1.991147,-4.558508,5.565303,-10.389234,-0.944141,3.234902,-0.034376,-7.699123,-6.003258
resume_0404,-8.417807,-6.131614,-8.986282,-4.577967,-6.456218,-4.746810,5.061963,3.364305,-4.135406,-9.644156,-0.644863,-10.141741,5.547914,9.604754,-3.318813,1.394719,-4.058603,5.506002,-10.007544,-1.304129,2.253534,0.188117,-8.599767,-6.025248
resume_0405,4.560876,-1.506918,4.477742,1.306607,-7.730877,-2.182692,7.722409,9.432576,-5.718550,3.479282,-8.812482,9.998422,-6.486592,-1.488112,1.775141,6.759423,9.295496,4.205542,1.186590,4.883186,-7.867389,5.024074,-5.921198,1.615173
resume_0406,-10.369590,-3.853207,9.759492,-0.268788,6.380167,2.980116,3.131786,3.879678,7.677048,-5.135579,6.081104,-9.579222,-5.047159,-4.185517,2.491477,2.710892,-7.710708,-4.404295,-0.363649,-6.873720,1.907649,6.834226,-7.352303,2.902157
resume_0407,-10.066383,-4.915884,9.330891,-0.009865,6.329073,4.163107,2.567166,4.301307,7.009924,-4.895088,5.910434,-9.949998,-3.856276,-4.652091,2.445171,2.782324,-9.651291,-3.861481,-0.117252,-5.578866,3.557001,7.717513,-7.780681,2.007526
resume_0408,-7.356204,-2.821377,-1.827040,-5.351625,-0.373947,3.876388,-4.000264,0.502993,-2.829450,-7.908088,-7.329955,-8.626186,-7.705411,7.779652,-10.220995,4.586628,7.543577,-0.577364,-9.407584,4.234682,-2.937863,0.531130,8.703261,-8.479730
resume_0409,-3.173739,4.427387,6.743052,8.731122,-7.127521,-2.278022,-5.834239,8.589191,9.143015,6.856218,-4.719396,-7.678583,3.907829,-0.525652,-4.466945,8.324697,6.045984,2.401710,-1.283132,4.929031,8.585096,-7.196376,-4.231275,-8.449698
resume_0410,1.139834,-6.677914,3.809778,3.970654,8.105536,-9.921650,6.112147,-0.701450,-0.923048,-0.613624,-6.823249,-7.723713,4.703510,4.788539,-2.115647,0.398077,-2.164886,-1.064082,-6.892933,7.390165,-0.387490,3.976585,2.642402,-6.926583
resume_0411,-0.115747,-5.432245,4.286956,3.785970,8.601308,-9.390575,7.088754,-0.010517,-0.880209,0.397577,-7.867494,-9.181977,4.444209,3.866258,-2.025505,0.269641,-3.131832,-1.895491,-5.856459,6.156564,0.005773,1.960449,3.052621,-7.020466
resume_0412,-9.369407,-4.269509,10.085948,-0.513726,6.761875,3.934216,2.565316,3.830888,7.119551,-4.682553,6.730655,-10.654284,-5.367119,-4.465543,2.720208,2.544121,-9.145327,-4.834146,-0.407173,-5.655900,2.361220,7.557803,-7.219311,3.344689
resume_0413,4.601901,0.213961,4.410419,1.889162,-7.234189,-1.129021,7.894903,8.950735,-5.407886,3.774481,-7.363074,9.005545,-4.028531,-1.708983,3.070114,8.995808,9.776617,3.989488,1.677312,5.535154,-9.152645,5.869313,-5.272959,2.121827
resume_0414,-0.895832,-5.034029,3.772938,3.261242,8.263969,-8.648585,7.014115,-0.482988,-1.145228,-0.605996,-6.146701,-8.528369,5.163995,3.404484,-2.251628,0.668324,-2.397337,-0.969333,-6.133239,5.751423,1.463900,2.640739,2.937289,-5.326804
resume_0415,-2.675244,5.842954,6.153604,0.720949,4.149191,1.372150,-9.249869,3.961435,2.643633,-3.332361,-5.101582,-6.300901,-9.718571,8.174259,-1.253798,5.714337,-2.404379,-6.981387,-4.381907,10.044043,-3.799937,-7.466671,-2.930711,-8.821147
resume_0416,0.863773,-4.771476,4.475857,1.410731,9.239412,-8.095859,7.536546,0.926099,-2.016620,-0.515891,-7.711903,-8.642254,4.707817,3.572438,-1.454539,-0.605428,-0.496356,-2.888365,-5.864420,6.380308,1.615838,1.657511,2.638450,-6.456854
resume_0417,-0.970566,-5.509692,4.284680,2.755983,9.253135,-7.987245,8.254896,-0.119183,-1.034494,-0.723023,-7.294908,-8.567208,5.719267,3.107572,-2.385706,0.580529,-2.289639,-1.182372,-5.978820,7.478510,0.825915,3.055281,3.162474,-5.925052
resume_0418,-9.772668,-5.434366,-8.218510,-4.566150,-6.981866,-6.225735,6.320938,2.074790,-4.569581,-8.205488,-1.237714,-10.727828,6.938153,9.354479,-1.654957,1.389686,-4.007542,5.402267,-9.657411,-0.054899,2.357815,0.201805,-7.201253,-5.001734
resume_0419,4.836790,-1.658224,4.134951,1.443679,-7.347517,-1.784280,9.513799,9.783444,-4.466442,3.005446,-8.774843,8.798117,-4.129139,-1.816812,1.312579,7.948255,9.574128,3.662075,0.298863,4.578168,-9.214229,4.911369,-3.447688,2.539563
resume_0420,-3.040065,4.671707,5.648672,0.398306,4.286621,1.705018,-9.000031,5.648812,2.496810,-2.943912,-6.336749,-6.875653,-10.090939,8.859619,-2.909607,6.148410,-1.879491,-6.926511,-5.054444,9.106018,-3.215763,-7.586111,-3.903195,-8.516382
resume_0421,-3.192315,4.873938,6.195562,0.618842,3.754679,1.354769,-9.063679,5.244273,2.526370,-3.588068,-5.520631,-6.964242,-10.288476,8.568377,-2.350160,6.857455,-1.387811,-7.817865,-5.477255,9.900436,-3.901815,-7.525179,-2.454356,-8.737219
resume_0422,-4.336648,3.799597,6.263791,9.614751,-6.661054,-2.185359,-5.226074,10.267813,8.955232,6.893988,-4.313228,-8.149910,4.348428,0.402579,-4.356283,7.961623,6.760163,2.475745,-0.212581,4.362371,8.122132,-7.489758,-4.844099,-7.487495
resume_0423,-3.636573,4.403304,6.723105,10.429232,-5.981707,-3.321784,-5.310757,9.016637,9.575882,6.612642,-4.497074,-8.154728,4.844863,0.184079,-4.857479,7.934771,6.728711,2.115862,-0.082216,4.055504,9.261157,-7.211539,-5.141904,-7.904395
resume_0424,-8.010943,2.111583,-0.037174,4.119574,-2.461898,-4.944560,6.248358,-5.105095,-6.896252,-4.702421,-7.462104,0.607092,9.196904,6.285670,-0.733842,9.910912,1.410652,-3.205885,-0.408215,7.073645,-5.104190,-1.836540,-5.787280,5.144825
resume_0425,-6.737839,1.421178,-0.312380,3.310443,-3.198350,-4.813195,4.982439,-4.350179,-7.441524,-4.555460,-9.024027,0.496608,8.247340,6.704494,-0.295840,9.080693,-0.296910,-1.105815,-0.406352,7.302936,-6.575453,-2.196589,-5.402185,3.803527
resume_0426,-4.286831,6.242067,5.724673,0.470669,4.526989,2.000497,-8.741363,6.177600,3.031259,-2.838532,-5.762237,-7.033883,-9.912000,8.730097,-3.116743,7.067675,-2.147127,-7.304074,-4.684807,10.082642,-2.801034,-6.873396,-2.458856,-9.359948
resume_0427,-7.348763,2.007043,0.737402,4.077456,-3.027199,-4.004497,5.791709,-4.499243,-6.830968,-3.962870,-8.750351,1.257685,8.735763,6.451509,-1.424742,9.745913,0.966385,-3.711325,0.278709,8.596678,-6.860229,-2.937754,-5.710353,5.107074
resume_0428,-10.283039,-4.547122,10.872102,-0.701788,6.661563,2.722790,1.812350,4.399542,8.619534,-4.674618,5.228327,-8.632189,-4.539981,-6.278581,2.629032,4.237522,-8.790286,-4.148191,0.509068,-5.943742,2.894199,7.689980,-7.647266,3.767460
resume_0429,-0.538454,-5.462453,3.566902,2.739163,8.438668,-9.007155,6.211522,-0.066766,-1.352894,-2.816820,-6.121284,-8.105116,4.843794,2.888120,-2.663036,1.182958,-3.485881,-1.604603,-6.106408,6.100074,-0.026458,2.022249,1.163726,-5.629699
resume_0430,4.294922,-0.614529,5.026371,1.556996,-6.831885,-1.971074,7.789720,8.166894,-6.023951,4.232475,-8.165837,9.697666,-4.482989,-1.407591,1.583952,6.093782,9.174269,3.478733,0.774295,3.975569,-9.850193,4.964530,-4.535566,2.575663
resume_0431,-8.487930,-4.302242,9.628978,0.180276,6.138654,4.346322,1.909503,4.586193,7.514706,-4.929803,5.365042,-9.537676,-4.904063,-5.299271,1.312499,3.445781,-8.728557,-4.784184,0.865939,-6.765544,3.360954,7.562700,-8.413380,3.421853
resume_0432,-6.981100,1.243958,1.296968,4.174801,-2.879343,-5.193929,4.180490,-3.643193,-7.206938,-4.305702,-8.506424,0.845975,8.783355,5.950976,-0.022430,8.261576,1.422343,-3.178120,-1.035657,8.196418,-4.824562,-1.714192,-5.082532,3.706923
resume_0433,-6.890673,1.148321,0.512926,2.584356,-1.976291,-4.782972,5.533516,-4.516874,-6.957394,-4.242034,-8.106977,1.406057,7.686136,5.569398,-0.126970,10.388697,0.694371,-2.505156,0.259284,7.777943,-5.404180,-3.096383,-6.504601,4.101631
resume_0434,-0.278289,-4.646689,4.372937,2.839522,8.037174,-8.826867,6.406273,-1.126953,-0.599001,0.099630,-7.009989,-8.195431,4.277142,2.878318,-2.108088,0.426026,-2.697268,-1.178274,-5.879524,6.450951,0.491392,1.328809,2.758247,-6.161667
resume_0435,-3.956920,4.493152,6.354095,8.840763,-5.625089,-2.187847,-6.095469,9.290215,8.203701,5.199166,-4.717755,-8.302206,5.190232,-0.413773,-2.412597,8.855960,6.937974,2.129439,0.264253,4.150206,8.583207,-8.066843,-4.848957,-8.188894
resume_0436,4.503337,-2.280730,4.253736,0.968011,-7.148594,-1.528843,8.896684,9.315202,-4.869921,3.300386,-8.759409,9.828127,-4.532830,-2.618229,2.497524,8.005230,8.937006,4.430418,1.225433,5.711252,-10.239525,4.728121,-5.660786,2.581754
resume_0437,-5.716032,2.061869,1.245072,2.772381,-3.541748,-3.840272,5.227846,-4.132411,-7.328826,-4.837408,-7.112932,0.748781,9.962994,5.530654,-1.321079,9.771769,0.585293,-1.534139,0.439015,6.652298,-5.950281,-2.456123,-4.620014,4.004568
resume_0438,-0.535250,-5.420776,5.511312,3.687982,9.085174,-9.016432,6.495745,-0.924650,-1.240279,0.068219,-6.620228,-8.151257,4.305484,4.433677,-3.351816,0.355387,-2.181846,-1.034426,-5.751078,6.652436,0.530082,2.985906,3.258350,-5.996762
resume_0439,-9.618312,-6.522084,-7.895572,-5.913388,-6.412411,-6.441930,5.886807,1.763897,-4.053659,-8.552863,-1.569844,-9.767367,6.196248,10.324959,-2.257042,2.405369,-3.590518,4.762218,-10.995532,-0.638411,2.787974,0.545347,-7.741767,-5.199378
resume_0440,3.214316,-2.040712,3.627579,1.357275,-7.071075,-2.025248,7.787828,9.014595,-5.520012,2.679234,-7.743820,11.067162,-4.783269,-1.948129,1.375804,5.438212,8.232962,3.414300,1.728610,5.110548,-8.778536,5.316447,-4.935252,3.705506
resume_0441,-7.654119,1.845470,1.053555,3.567706,-3.908183,-5.218236,5.395206,-3.706646,-7.129509,-2.880391,-7.742103,0.892015,9.624407,6.655178,-0.627763,8.664095,1.151545,-2.826721,0.169023,8.001458,-5.827725,-2.160461,-6.402574,4.686075
resume_0442,3.353044,-0.669197,3.773006,2.198636,-6.547180,-3.226776,7.351797,8.856841,-5.362946,2.462992,-7.576020,10.037489,-4.927304,-1.545441,3.158722,5.847893,9.662956,3.607700,-0.394522,4.584015,-9.322150,4.311009,-5.274642,1.287419
resume_0443,-7.639903,-2.864929,-2.141184,-4.156258,-1.207621,4.079357,-4.747865,-0.923055,-3.492536,-6.727825,-8.113712,-9.550970,-7.597068,7.033951,-10.477155,5.661781,7.610406,1.029264,-8.836435,5.245885,-2.358384,-0.334680,7.679441,-9.181267
resume_0444,-0.108762,-4.876128,4.758349,3.079377,8.963069,-8.467221,6.823091,0.364994,-0.588323,-0.776942,-7.771979,-9.432060,5.476811,2.242118,-2.009082,0.876388,-1.467607,-2.191111,-4.993297,6.576032,-0.885811,3.679479,2.377693,-5.958774
resume_0445,-3.755099,4.794240,7.276822,11.004897,-6.764426,-3.949315,-5.285740,8.975663,8.498177,6.127877,-4.085439,-7.738159,4.032793,-0.238178,-4.162253,8.997109,6.652715,2.682825,0.163051,4.272419,8.590385,-6.593664,-5.612842,-7.975322
resume_0446,-8.424706,1.031027,0.873464,4.144697,-3.018694,-3.806232,6.458585,-4.772333,-7.803931,-3.636779,-7.366127,0.713957,8.440219,6.874227,-0.451520,8.660025,1.344075,-3.569477,-0.186820,6.407578,-4.665144,-2.509644,-6.377530,5.272799
resume_0447,0.836781,-5.057011,4.457807,3.059707,8.162344,-8.984033,6.751196,-1.094125,-1.524956,-0.201106,-7.560182,-8.804736,4.084650,4.083215,-2.502804,0.607393,-1.873580,-1.778969,-5.614539,7.096651,0.526166,1.826411,2.960051,-6.288978
resume_0448,-0.062074,-4.728010,4.314107,3.820028,7.855741,-9.382707,7.196494,-0.397127,-0.776046,0.118673,-7.651570,-8.729954,4.274067,3.071597,-2.668658,0.834408,-2.392331,-1.952047,-5.729980,6.589234,0.591981,1.501847,3.528934,-5.536563
resume_0449,0.344982,-3.800696,4.884274,1.762855,8.059784,-8.733294,7.214129,0.113211,-0.283489,-0.326760,-8.073479,-7.738431,4.655130,3.555716,-1.167508,1.049988,-2.445902,-2.369958,-6.868214,7.167852,0.717090,2.336098,2.758730,-6.517506
resume_0450,-6.677434,-3.811388,-2.111156,-4.158541,-0.148275,4.201182,-4.693071,-0.741721,-2.410795,-8.124993,-7.961462,-8.894327,-8.382638,7.100218,-10.147938,4.438813,8.691661,-0.049187,-9.387331,4.575731,-2.099019,-0.350198,7.267800,-8.902790
resume_0451,-4.021449,5.593963,5.220240,0.599871,5.389068,0.778157,-8.314678,4.981593,2.884972,-3.254631,-5.081526,-7.034345,-10.254888,8.624270,-2.971996,7.035083,-2.324494,-6.510945,-4.157162,9.323954,-2.929944,-8.020444,-2.330035,-8.375410
resume_0452,-9.237525,-5.585274,-8.864735,-6.841749,-5.409888,-5.565522,6.253785,2.836587,-5.056719,-9.166932,-0.794329,-8.479346,6.903965,10.307871,-3.323688,2.242684,-4.207914,4.850562,-10.629834,0.683319,2.029920,-0.217280,-7.213968,-6.116732
resume_0453,-10.383617,-5.267242,9.892010,0.696518,6.112838,4.837393,3.274172,5.314846,7.971837,-4.597861,5.772557,-9.363407,-3.822058,-4.488238,2.502079,3.910796,-9.517455,-4.801251,0.868044,-5.574938,2.001584,7.724627,-8.702251,3.717464
resume_0454,-8.420139,-6.345555,-7.913915,-5.643772,-6.069642,-4.237149,5.790308,2.385334,-5.693056,-9.011092,0.108166,-8.732531,5.824396,10.735871,-3.056192,2.179517,-4.162802,4.274140,-9.627771,-0.339022,0.868319,-0.411317,-7.725858,-6.003807
resume_0455,-3.749108,5.163304,6.649663,1.169514,4.748105,1.267839,-9.710948,5.664309,3.164818,-3.209705,-5.881379,-6.731188,-9.966085,8.550885,-3.199043,7.036965,-1.983675,-6.868303,-3.599523,8.440914,-4.262198,-8.867852,-2.637743,-8.362765
resume_0456,-9.080242,1.902246,1.700080,4.172556,-2.217139,-2.738153,5.245543,-4.569335,-7.362700,-4.497879,-8.201216,0.945775,8.646983,6.202676,-1.090850,10.263808,0.742652,-3.170242,-1.138259,6.451209,-5.414431,-2.701463,-5.987392,5.349014
resume_0457,-7.202002,0.942077,0.953856,4.288718,-3.685006,-4.484039,5.248764,-3.976520,-7.750711,-3.715203,-7.572553,1.129581,8.447421,5.669295,-0.054320,9.324166,0.858325,-3.384746,-0.416682,7.095746,-6.013164,-2.894419,-5.532923,3.580911
resume_0458,-8.624148,-6.309677,-7.363599,-4.732494,-5.824830,-6.054861,5.481200,1.999897,-5.651033,-8.926753,-0.335102,-10.799834,6.176756,9.693453,-3.464855,0.951915,-4.516560,5.737914,-10.261193,-0.111374,2.002299,-0.856573,-7.183806,-5.228029
resume_0459,-4.805167,5.347727,7.218025,10.066406,-5.237702,-2.482589,-6.017373,9.058238,9.270022,5.867068,-4.640621,-7.493139,3.228564,0.158375,-3.480407,8.174911,7.751122,1.708250,-0.782011,3.400699,9.275035,-7.860249,-4.363596,-7.794620
resume_0460,0.326694,-4.542920,4.731498,2.685881,9.349516,-9.828211,6.647100,1.374129,-1.591414,-0.257766,-6.973153,-8.204644,3.711539,3.357266,-2.735439,0.704649,-1.387938,-1.480101,-6.379315,7.125376,-0.361743,2.547039,2.498613,-6.382236
resume_0461,-7.684414,-3.167118,-1.927848,-3.674603,-1.570435,4.708406,-4.331849,-0.821141,-3.025313,-6.201302,-8.411793,-9.526128,-7.495000,7.617514,-9.294232,4.228761,7.345746,0.932021,-9.063309,5.070840,-2.294125,0.461714,7.392403,-9.929874
resume_0462,-9.499683,-4.400711,10.508060,1.088150,5.440917,3.544419,2.898686,4.407136,7.075355,-4.516100,6.691468,-8.887872,-4.993946,-5.102313,1.722663,2.439198,-8.914138,-4.940495,0.088090,-5.280702,2.300100,7.026696,-7.687427,3.226072
resume_0463,-7.528906,-4.184838,-3.324566,-3.329129,-1.671476,3.666982,-2.767367,-0.971822,-2.303473,-7.169103,-8.176475,-9.474938,-8.564929,8.319995,-9.428466,3.268557,7.503701,-0.194247,-8.905658,5.875675,-1.975425,-0.475106,7.517413,-9.454774
resume_0464,-0.948773,-5.233285,5.078007,2.357998,8.580852,-9.849751,6.750955,-0.129345,-1.286450,-0.776933,-8.188513,-8.105492,4.238091,3.733890,-2.225311,0.483085,-1.091436,-1.476936,-5.815131,6.447896,0.347173,2.903594,2.655790,-6.286642
resume_0465,-8.899615,-6.396516,-8.657753,-5.521617,-5.948236,-5.895790,5.453624,2.186188,-4.091590,-8.647200,-0.929555,-9.435218,6.927838,9.758726,-3.839069,2.402528,-5.095986,5.434262,-10.642425,-0.135854,2.954749,-0.452338,-8.050138,-5.517762
resume_0466,-7.372328,1.633925,2.200652,3.698049,-4.258368,-4.622721,4.794355,-4.956739,-6.302033,-4.258416,-7.438968,1.060438,8.641423,7.027627,-1.203319,9.373888,0.466664,-3.101332,-0.243393,7.834150,-5.436156,-2.927044,-5.340513,5.536708
resume_0467,-6.501479,2.295356,-0.249057,3.657736,-2.191044,-4.051069,6.872711,-4.950957,-7.998883,-3.287575,-6.990092,1.507268,8.413699,6.129677,-0.574294,9.877260,1.126387,-1.730453,-0.008884,6.801309,-4.750586,-3.246279,-5.541624,3.747476
resume_0468,-8.358070,2.166755,1.004359,2.964052,-3.424666,-4.573608,5.238965,-4.972936,-6.383675,-3.926545,-6.863396,0.251856,8.702371,5.887956,-1.246452,8.587234,1.644361,-2.235698,0.372182,7.050682,-4.339052,-2.683030,-5.874871,4.657850
resume_0469,-8.575566,-5.939483,-7.771114,-4.675158,-6.653605,-6.090629,4.937657,1.568833,-4.570126,-8.683682,-0.324161,-9.526269,7.097873,10.045175,-2.491528,1.858665,-4.108100,4.502749,-9.483463,-0.490903,1.528217,0.042466,-6.787885,-4.921228
resume_0470,-10.963452,-3.990222,9.415621,-0.014393,6.322211,3.538211,2.172974,4.223851,6.796484,-4.367591,5.590502,-9.710308,-4.827455,-4.638904,2.151128,2.414444,-9.032870,-5.432362,0.896755,-5.956224,1.960877,7.478564,-7.692265,2.857242
resume_0471,-7.664585,2.119398,1.614070,3.933387,-3.160236,-4.508993,6.737788,-3.973461,-7.460508,-4.867136,-6.600133,2.057684,8.326091,5.927864,-0.067589,8.827016,1.260061,-3.369202,-0.305007,7.743028,-4.880435,-3.403864,-5.948776,4.856792
resume_0472,-4.671769,5.585047,6.111205,9.448319,-6.304129,-4.372936,-4.714022,9.292735,8.749598,7.400254,-4.139288,-8.274341,5.185230,0.986424,-3.859585,7.885732,7.978696,3.191756,-0.381833,3.551102,9.475230,-7.403799,-6.113324,-8.897993
resume_0473,4.297880,-1.090181,5.592202,1.620010,-7.503913,-2.342544,7.636377,8.308656,-4.994963,2.918726,-6.850981,9.789444,-4.599583,-1.703307,2.930399,5.566847,10.120402,3.800276,-0.259246,5.652542,-10.134271,4.761408,-6.564670,2.222090
resume_0474,-7.888030,2.195635,0.048974,2.951289,-3.251612,-5.513874,5.922959,-4.327316,-6.417030,-4.848466,-8.880772,0.826968,9.316993,6.280623,0.452480,9.905010,0.160575,-2.882035,0.939737,7.686807,-7.438673,-3.200208,-5.471846,4.141384
resume_0475,-6.667778,1.609188,0.577479,4.788100,-2.394885,-3.316937,5.208178,-3.535141,-7.934161,-4.219831,-9.194808,0.111658,9.398018,5.478895,0.088348,7.903002,0.817459,-3.313347,-0.616055,8.078850,-5.130495,-3.567913,-5.761239,4.867316
resume_0476,-0.432283,-4.590264,4.053540,3.785761,8.397929,-9.960634,6.968373,0.223204,-0.994483,-0.132032,-8.011106,-7.495039,5.080512,3.301586,-2.375569,-0.296185,-3.051230,-1.795675,-4.687150,6.430682,0.584017,3.565698,3.260051,-5.230110
resume_0477,-3.531460,4.185839,5.597343,10.046297,-7.682679,-4.193745,-5.548823,8.480634,8.663105,7.327184,-4.888941,-7.017828,4.580400,1.538046,-3.088201,9.629052,5.888844,2.277628,-0.552017,3.611861,8.188976,-7.864439,-3.575758,-8.176370
resume_0478,-7.587274,2.520132,1.085119,4.495431,-2.876797,-4.058379,6.312185,-4.641711,-6.757632,-3.046580,-8.536991,0.304537,7.188269,5.537810,-1.031018,8.931312,2.084530,-4.219181,0.009901,6.682522,-5.421208,-3.856561,-5.808337,4.524533
resume_0479,-6.737397,-3.523458,-1.860055,-4.352732,-0.663549,4.484970,-3.563127,0.017804,-3.569623,-7.874991,-9.047231,-8.633821,-7.978235,7.536635,-9.035603,4.470430,6.980011,0.094673,-7.886426,5.096986,-2.118176,-0.336515,7.411888,-8.857985
resume_0480,4.684390,-1.639416,3.763446,2.111660,-8.026283,-1.391825,6.589766,9.347059,-4.956953,3.527505,-8.118242,10.178085,-5.722586,-1.261662,1.963536,6.302630,10.257816,4.195908,1.011083,5.939114,-8.854700,4.808409,-4.612576,1.951007
resume_0481,-1.003328,-6.357530,4.556821,3.440654,7.565265,-8.071727,6.609553,0.021978,-1.260654,0.074613,-7.735917,-8.863191,5.198741,3.456445,-1.219939,0.492275,-1.423960,-0.443294,-4.993474,6.585100,-0.033045,2.313801,2.349193,-6.679497
resume_0482,3.702047,-0.104954,3.755070,0.628868,-7.947352,-1.568440,7.984141,8.274833,-4.791755,4.307672,-6.916358,9.511328,-5.421397,-1.730790,1.351103,7.075739,10.409926,3.281859,0.742246,5.456311,-9.910819,5.678390,-4.141822,2.448661
resume_0483,-7.383586,-3.083556,-2.175307,-3.841814,-1.315864,3.615123,-3.902801,-0.170566,-1.760985,-7.047862,-8.080598,-10.557335,-6.896199,6.751521,-9.454319,4.533622,7.769592,0.954161,-9.485398,5.015044,-1.183955,-0.099635,8.557762,-8.233258
resume_0484,0.592484,-4.673435,4.589196,2.112033,9.506638,-8.709680,6.305376,-0.542065,-1.130513,0.495931,-6.692334,-7.777821,3.831197,4.653883,-1.934476,1.655828,-2.494009,-1.655422,-5.395240,5.938602,0.189064,3.055516,1.955208,-5.784406
resume_0485,5.263583,-0.116700,4.261063,2.889288,-7.798642,-2.103194,8.265681,8.517999,-5.616378,3.099703,-7.989312,9.456031,-4.687071,-2.957567,3.083491,7.187586,9.240808,3.093767,0.771793,5.372418,-9.578479,5.705822,-5.348223,3.152113
resume_0486,-1.323575,-5.505081,4.134858,3.096143,8.741693,-8.721847,6.718655,0.973565,-0.899453,-0.689991,-7.231779,-8.675466,4.978634,3.393004,-2.561674,1.256272,-1.745990,-2.375318,-7.156510,5.919636,0.658204,2.384793,3.378125,-5.999116
resume_0487,-3.505637,4.625329,7.397877,9.169746,-5.858048,-4.791891,-6.188162,8.692196,9.707679,5.605581,-4.081193,-7.504079,5.219877,-0.136248,-4.144530,8.699639,6.142009,1.902985,-0.256422,3.672045,9.240234,-5.732026,-3.535025,-9.249966
resume_0488,-7.802223,2.214703,-0.861670,3.201210,-3.197873,-4.554789,6.465898,-4.582182,-6.807749,-3.693764,-8.141054,0.752127,8.712974,6.029973,-1.201487,9.124049,0.532642,-2.218402,1.378322,7.631268,-4.636920,-2.380279,-6.987039,4.300532
resume_0489,4.443115,-0.748594,4.178127,1.579302,-7.370905,-1.359567,8.454830,9.076497,-5.309796,3.394696,-7.384380,9.561905,-5.584946,-2.174054,2.016418,6.543397,9.839609,4.246663,-0.017404,5.113882,-8.808206,5.343461,-4.928623,1.813928
resume_0490,-8.625280,-6.542030,-9.402833,-6.417375,-6.667242,-5.093659,5.749245,2.553576,-5.699333,-9.540979,-0.217109,-9.467839,6.161020,10.389221,-2.865818,1.956809,-4.177563,5.575610,-9.703430,-0.509290,1.897439,0.239893,-6.972701,-4.800208
resume_0491,-9.170990,-4.328237,9.313044,-0.487766,5.664185,4.194769,1.491864,4.273421,8.339170,-4.442817,6.241963,-10.317093,-4.136122,-4.707704,1.715931,3.036083,-8.736656,-5.081785,0.729994,-5.546348,3.358982,6.987792,-8.083037,2.376218
resume_0492,-7.467199,-3.544401,-1.897858,-3.104997,-1.852526,4.959111,-4.464133,-0.693693,-3.589193,-7.128030,-7.387977,-9.126530,-8.692605,8.114437,-9.555047,4.484479,7.664255,0.205331,-8.452383,4.523016,-0.643295,0.093106,8.012359,-9.291029
resume_0493,-9.105167,-5.481550,-8.275392,-6.514066,-6.611178,-5.680171,5.865820,3.208765,-4.581468,-9.466430,-0.852596,-9.423758,5.300433,9.662509,-2.492239,1.160189,-4.277405,6.027733,-9.221137,0.115206,2.371799,-0.175773,-7.946952,-5.108698
resume_0494,-10.183391,-4.360076,10.505394,0.251203,6.689172,4.430303,1.104197,4.320013,7.877474,-3.974259,6.475802,-9.408479,-5.932544,-5.757406,1.762272,4.119285,-8.721353,-4.537176,0.734512,-5.975831,2.232295,7.181681,-8.154823,3.469286
resume_0495,-3.998460,4.474220,4.802923,1.326662,5.418113,0.339950,-9.895612,5.222144,1.900236,-3.861044,-4.625511,-7.290607,-10.146150,8.666209,-2.516283,6.901058,-2.373569,-6.139260,-4.003693,9.901731,-3.025052,-7.331577,-2.376380,-8.823543
resume_0496,-8.123500,0.848230,1.678795,4.080034,-3.010469,-3.962607,5.372088,-4.131011,-8.039526,-4.229436,-8.367402,0.705313,9.338912,7.181253,-0.363705,9.256505,0.635848,-2.759604,-0.723060,8.150367,-5.553503,-3.291017,-6.580337,3.675377
resume_0497,-0.787032,-5.340336,4.143459,2.312799,9.031800,-9.628144,5.943382,0.522124,-1.612337,-0.734171,-7.494032,-9.749512,5.533814,4.203634,-1.281218,1.155297,-1.503029,-2.289430,-5.112837,7.111266,1.008987,1.599485,3.327216,-5.227749
resume_0498,-8.967670,-5.660242,-7.458497,-6.374252,-5.525722,-5.625054,5.244627,0.687468,-3.922242,-8.999515,0.019270,-10.422053,6.080960,9.726208,-3.348423,1.615408,-3.809527,5.353910,-9.530163,-1.054556,2.676470,0.192734,-6.883863,-5.419127
resume_0499,-4.202314,7.022028,6.189060,0.772780,3.751151,1.065180,-8.873568,5.884597,2.367947,-3.368909,-6.167377,-6.913200,-10.901470,8.614038,-2.440125,6.973941,-2.709465,-7.642338,-4.386188,8.740742,-2.982261,-7.640873,-3.060153,-8.576956
resume_0500,0.329842,-4.951582,4.397259,2.484808,8.388213,-8.761110,6.366619,0.487183,-1.000453,-0.039149,-7.241155,-9.424187,4.899857,3.128324,-1.805314,1.223048,-0.656637,-1.249070,-5.184154,7.611280,0.127456,2.221659,2.628491,-6.016267
resume_0501,-3.541858,4.589300,5.881955,1.078288,3.945368,1.521321,-9.022251,5.142919,2.777766,-3.226354,-4.843162,-6.755586,-9.320117,9.250861,-2.086722,6.630105,-2.034272,-6.674374,-3.555076,8.447707,-2.642953,-7.731782,-3.164410,-9.343212
resume_0502,-8.188163,0.996604,1.641615,3.380819,-3.084285,-4.500196,4.455694,-4.031817,-7.450479,-3.901005,-7.243440,0.762960,8.117191,6.702591,-0.564090,9.754460,0.917913,-3.248993,0.441797,7.680376,-5.207232,-1.597722,-6.191264,4.186048
resume_0503,-7.077506,1.688415,1.122597,4.104405,-2.726807,-4.043337,5.965129,-3.707506,-8.208295,-3.829563,-8.762495,0.635303,8.630723,7.176783,-0.675235,10.038479,1.073663,-2.588917,0.575010,6.670480,-5.715749,-2.414842,-6.233783,4.796093
resume_0504,-7.908078,-6.133749,-8.432427,-6.422107,-5.950384,-5.939342,5.757530,1.512236,-4.831869,-9.006363,-0.866520,-8.532210,6.142879,8.750044,-3.275737,1.524658,-3.971344,4.251991,-10.155567,-1.335459,2.512743,0.459415,-6.964658,-5.319487
resume_0505,-8.507392,-6.563943,-8.066941,-4.827764,-6.828855,-4.831820,6.091436,2.538681,-3.277733,-8.851055,-1.037028,-9.031368,7.051961,10.415479,-2.576556,2.219407,-5.422775,5.005283,-9.491444,-0.384164,3.160894,-0.220505,-7.548710,-4.658994
resume_0506,-7.241735,-3.493959,-3.121358,-4.912868,-0.757246,3.574726,-4.730168,0.047303,-2.705035,-7.405443,-8.342000,-8.292552,-8.021067,7.364384,-10.534983,4.947782,8.522354,1.062285,-8.378806,4.812119,-1.834932,-0.612084,7.304380,-8.927453
resume_0507,-9.002175,-7.396171,-8.735825,-4.166570,-6.030909,-5.210496,5.042274,1.991267,-4.296043,-10.146929,-0.980425,-9.621770,6.615517,9.282019,-2.406474,1.232335,-4.646774,5.100912,-11.100052,-0.335182,2.322814,-0.442408,-7.261476,-6.227319
resume_0508,-9.447230,-4.276348,9.931330,-0.966374,6.963445,4.064304,2.935335,4.719029,7.874269,-4.387000,6.087781,-10.057885,-5.534001,-5.744773,1.899902,2.780709,-8.214943,-6.033826,-0.162491,-4.700882,0.570377,7.066602,-8.278580,3.996785
resume_0509,-4.872074,4.392907,6.444321,9.369641,-6.468191,-2.664929,-4.047903,8.811621,8.683296,7.092387,-4.055461,-7.995463,4.559010,0.107607,-3.540743,8.551454,6.319821,1.279135,-0.943488,4.011084,8.712394,-6.081981,-5.006023,-7.709329
resume_0510,-0.585139,-4.301685,3.962777,2.550910,8.407741,-9.394572,6.435799,-0.185525,-2.007507,-0.923058,-6.378398,-7.118109,4.205447,2.693893,-1.247514,-0.145805,-3.222453,-1.674798,-5.152086,6.927448,0.762348,2.168344,3.254013,-7.144233
resume_0511,-7.579207,1.987325,1.158284,5.092587,-4.323737,-4.318139,5.586588,-4.898576,-8.156079,-3.531829,-8.260363,0.875087,7.362990,5.254523,-0.821485,9.927718,-0.027708,-3.072793,0.355066,7.458381,-5.721048,-2.988110,-5.748570,4.100776
resume_0512,-2.905977,4.846073,6.231738,1.013354,5.375413,1.352566,-8.328758,6.663924,3.942846,-3.443932,-4.803738,-7.077237,-9.380040,9.237443,-3.814217,5.346401,-1.543859,-6.317152,-5.257454,9.237030,-2.898167,-7.582546,-1.641071,-9.052059
resume_0513,-2.291916,4.697900,6.775298,1.176499,4.357427,2.004677,-9.117115,5.937063,1.498114,-3.221635,-5.934693,-6.989340,-10.367385,9.530097,-2.157864,6.616962,-2.258840,-7.109595,-5.109153,8.580364,-3.028205,-8.109360,-2.601406,-8.961848
resume_0514,5.401482,-0.524396,3.243495,1.288120,-7.409067,-2.089744,8.094838,7.862570,-5.123832,2.525315,-8.143204,10.114143,-5.946149,-1.910975,2.100229,6.606469,10.380921,2.783249,0.393650,5.072741,-8.990723,4.248067,-4.858184,3.104043
resume_0515,-8.679777,-5.293066,-7.673097,-4.719089,-7.156378,-5.723069,6.031449,2.047741,-4.350309,-8.506266,-0.663880,-9.823525,5.152795,9.619989,-3.213509,2.215163,-5.062265,5.722299,-9.791816,-0.993677,2.770414,-0.137000,-8.458577,-5.916473
resume_0516,-10.492134,-5.004646,9.681248,1.020131,5.746156,3.053829,2.603866,6.043800,7.296062,-5.614785,6.009055,-9.099086,-4.230350,-4.827500,2.064371,3.863417,-8.175264,-4.038884,1.349338,-5.813796,2.739634,7.615866,-8.760332,3.474336
resume_0517,-8.891074,-4.305607,9.480973,-0.146883,6.462003,3.734936,2.330905,4.745859,8.662693,-4.238898,6.086144,-8.797639,-5.015890,-5.255614,1.180801,2.369436,-9.636427,-5.009420,-0.342454,-5.295862,2.814584,7.405880,-8.654329,2.901027
resume_0518,-9.104152,-5.806601,-8.055912,-4.141367,-6.636415,-5.174178,5.550593,3.119458,-5.324686,-8.608817,-0.649342,-9.233184,6.246505,9.532644,-2.616956,2.547427,-4.956678,5.290860,-9.328494,1.172153,3.340104,0.519388,-7.271856,-5.654392
resume_0519,-8.019788,0.118058,0.560992,4.272424,-2.743109,-3.556694,4.859916,-4.528004,-6.416199,-4.338653,-8.610511,0.925116,8.450229,5.079558,-1.395291,9.681549,0.855622,-3.488320,-0.083642,8.844660,-5.300702,-2.521962,-5.249837,4.993211
resume_0520,-3.303244,5.048347,6.239881,0.265243,4.569406,1.317449,-9.177428,5.933708,2.719788,-3.172878,-5.809878,-7.198276,-10.740471,9.024588,-2.700066,7.264648,-2.124934,-6.082405,-4.028448,9.334587,-4.483812,-7.541677,-3.021971,-8.408289
resume_0521,-2.576727,4.448653,6.536235,-0.095023,4.727356,0.389268,-8.673228,5.040083,2.685947,-3.937163,-5.536474,-7.976205,-9.663692,9.063842,-3.249107,6.004279,-2.786041,-7.015640,-4.500930,9.419756,-3.420904,-7.285231,-1.518042,-9.589444
resume_0522,4.833726,-1.838650,3.892981,0.949038,-6.902442,-1.458792,9.090451,9.255593,-4.773556,4.067628,-8.441827,9.741783,-4.946176,-1.620675,2.110401,7.225387,9.326273,4.241754,0.832125,5.884349,-9.322172,4.563843,-4.581606,2.045935
resume_0523,-7.648763,1.225686,0.379633,3.921217,-3.600424,-5.110240,5.188384,-5.559063,-7.116925,-3.531083,-7.330204,-0.422657,7.998487,5.379780,-1.387499,9.777141,1.278646,-4.334073,0.226198,8.776907,-5.054111,-3.813222,-6.279365,4.883710
resume_0524,0.105935,-5.138174,3.263876,2.688170,8.223956,-9.875122,6.353559,0.534007,-0.691284,-0.206645,-7.381583,-7.664260,3.907013,4.089155,-1.694589,1.257820,-1.953774,-1.411984,-5.658751,6.527233,-0.997922,1.265094,1.387986,-5.845678
resume_0525,-7.797845,-4.502394,-2.202565,-4.146713,-0.698843,3.019513,-2.955973,-0.258705,-2.794759,-7.721648,-7.515306,-9.822877,-6.903790,7.197881,-10.180808,4.944015,7.212415,-0.003884,-8.863865,4.648581,-2.688497,0.935138,8.963357,-9.578645
resume_0526,-0.256187,-4.916568,4.249922,3.136896,8.778036,-8.637291,7.155395,0.753513,-0.910701,-0.516999,-7.504816,-8.681782,4.974567,3.968867,-2.325421,1.091777,-2.501458,-2.293462,-6.057178,6.280976,0.217677,2.680876,3.205373,-6.146712
resume_0527,-6.982869,1.000152,0.074068,4.050822,-4.485224,-4.999828,5.699586,-4.182461,-7.088447,-4.060977,-7.634392,0.319122,8.648169,6.385148,-0.617702,9.490590,-0.112603,-3.455358,-0.964931,7.904631,-5.357571,-1.847714,-6.066143,3.664895
resume_0528,-8.751480,-5.959120,-8.546668,-5.455808,-6.724767,-4.849655,6.045838,2.936604,-4.868300,-8.255306,-0.882863,-9.118874,6.106557,9.571185,-2.926360,1.666197,-3.204148,5.897635,-9.713003,-0.126095,2.103630,0.098323,-7.031101,-5.449281
resume_0529,-9.651303,-4.544661,9.951440,-0.101867,6.424365,3.805232,2.449836,5.797551,7.572769,-4.489630,7.181669,-8.956884,-4.160862,-4.925266,1.654390,3.525776,-9.842976,-4.345370,0.335322,-6.021682,1.695243,7.452785,-7.609115,3.290563
resume_0530,-8.355018,2.211221,1.933682,5.092856,-2.429013,-4.793591,3.755149,-4.546079,-7.429576,-5.167822,-7.218551,0.468096,8.718069,6.716734,0.234831,9.297610,0.344070,-2.459986,0.663073,7.706223,-5.102587,-2.179713,-5.654700,4.172319
resume_0531,-4.437924,4.906642,6.353136,9.192242,-6.691431,-2.544224,-5.795815,8.200735,9.509452,6.130254,-5.266338,-6.651748,5.179266,-0.846278,-2.827949,8.629443,7.022623,1.803242,0.338923,3.269209,7.410579,-7.035472,-4.582938,-8.627732
resume_0532,-8.576262,-6.174515,-8.810034,-6.111309,-6.549519,-4.931175,6.468706,1.440682,-5.750533,-8.197951,-1.873859,-7.789930,6.049691,8.982037,-2.292210,1.466470,-4.322176,4.661566,-10.606534,0.062397,1.994987,0.475734,-8.762782,-5.777929
resume_0533,4.384329,-1.407149,2.913035,1.093090,-6.546060,-0.975959,8.229093,8.279540,-6.082096,3.501576,-7.435720,9.588325,-4.546741,-1.705010,2.220872,7.042283,9.032700,3.529429,0.661650,5.312713,-8.845285,5.003232,-4.892862,2.597148
resume_0534,-4.009653,4.939365,5.772390,1.144844,4.053174,1.397214,-9.933099,4.955096,2.699635,-3.653540,-5.399555,-6.934947,-10.110759,10.073594,-3.011311,6.936690,-0.434303,-6.024547,-3.877549,8.993269,-3.848285,-6.493572,-3.220139,-8.970457
resume_0535,4.151674,-2.692357,3.439917,1.717019,-6.683522,-2.459138,8.456580,7.759799,-4.905070,2.626849,-7.745126,10.330369,-3.550175,-2.250004,2.225790,7.083031,10.304828,3.804011,0.416495,6.940650,-8.752777,4.331900,-6.077593,2.059875
resume_0536,3.747785,-1.035911,3.446680,2.616684,-7.558674,-1.682818,8.311842,9.176801,-4.848194,3.155742,-8.039714,10.116070,-4.520180,-1.902885,1.706891,6.570175,10.419962,3.811058,0.543051,5.318270,-8.936577,5.287732,-4.954128,1.695561
resume_0537,-4.208556,5.919601,6.275342,8.919863,-6.624571,-2.503590,-5.910347,8.676269,9.112883,6.554038,-4.099829,-7.706788,4.759323,-0.296657,-2.750939,9.172220,6.765204,2.542155,-0.289490,3.407434,8.855062,-7.146754,-4.739836,-7.945523
resume_0538,-9.290537,-6.812135,-8.227230,-5.192150,-6.468092,-6.126911,4.810130,1.317246,-3.994749,-8.787466,0.134907,-8.411233,6.304252,9.562405,-2.721208,1.017384,-4.853332,4.934534,-9.734558,0.093052,2.065026,0.338443,-7.990340,-5.478397
resume_0539,-9.597017,-5.737091,-9.584648,-6.160419,-6.022411,-5.888549,5.156001,2.499519,-5.043211,-8.213855,-0.023644,-10.308824,6.417640,9.940804,-3.307657,0.259696,-5.038981,4.709483,-9.536564,0.867868,2.644452,0.237343,-7.706818,-5.161047
resume_0540,-7.724838,1.290458,0.568245,3.282391,-1.798128,-4.096510,5.969327,-5.669165,-8.506858,-3.254695,-8.009352,1.185326,7.677749,6.854503,-0.065607,9.401782,0.493872,-1.586559,0.268238,8.427479,-5.303434,-2.639268,-5.662479,4.241222
resume_0541,-7.095910,-4.486722,-1.633631,-3.788481,-0.560508,5.239898,-5.408420,-0.934658,-2.131788,-6.939203,-8.369327,-9.317615,-8.092868,8.176507,-10.137486,3.883706,6.640366,-0.281572,-9.523975,5.690460,-2.421904,-0.444468,7.945316,-9.619448
resume_0542,-7.643136,2.167090,-0.315375,3.971656,-2.031755,-5.673123,5.204747,-4.855394,-7.961934,-5.122098,-7.529354,0.618993,8.004474,6.441046,-1.351700,9.410495,0.852160,-2.523359,-0.323470,7.476223,-5.363015,-2.643902,-6.466536,3.817994
resume_0543,-0.277432,-5.550200,4.315598,2.122420,8.861744,-9.836063,6.426461,-0.915659,-1.054272,-0.591577,-7.310449,-8.606468,4.696993,2.840636,-2.073380,0.822253,-2.462950,-1.037862,-5.493722,6.487933,-0.112676,3.052573,2.261021,-5.945131
resume_0544,-7.765822,-7.156695,-8.123974,-3.932359,-6.127278,-5.409350,6.111384,1.123432,-5.643036,-7.852080,-0.203606,-8.731529,7.719995,9.112596,-2.300542,1.033198,-3.223195,5.134553,-9.511828,-0.841490,2.778181,-0.005943,-7.090458,-4.641684
resume_0545,0.325111,-5.326521,4.110016,2.899132,9.222203,-8.534912,6.032176,-0.149156,-1.252181,-1.255485,-7.600939,-9.837965,5.463471,3.477176,-1.260197,0.851313,-1.819310,-1.719541,-5.305008,5.984018,0.214594,2.269492,2.599596,-5.664196
resume_0546,-8.340607,-5.949217,-9.259746,-5.910364,-5.956812,-5.675472,6.259824,2.709792,-4.346078,-8.540613,0.386837,-9.383287,5.474474,8.721511,-3.392067,2.451418,-3.535077,4.504209,-9.580331,-0.363264,2.207385,-0.568340,-7.868820,-4.476780
resume_0547,-8.150880,-6.698043,-9.397345,-6.049080,-5.555263,-6.040972,5.457086,2.238052,-4.569097,-8.999161,1.283689,-9.838693,6.073514,9.600464,-3.033618,1.656610,-4.143147,6.050073,-9.883647,-0.275846,2.031906,-0.849768,-7.086095,-5.782788
resume_0548,-7.985436,-6.689555,-9.819422,-5.506761,-6.502946,-5.826515,5.650243,3.227635,-4.325470,-8.811089,-0.884983,-9.628526,5.138005,8.796084,-2.408045,1.581386,-4.783700,4.829125,-9.061988,-0.281969,2.958097,-0.868043,-6.914730,-5.718993
resume_0549,-2.991479,5.184101,6.084676,2.240974,4.106803,1.299141,-9.005145,4.985833,2.604155,-3.082615,-5.907472,-7.793278,-9.550358,9.629398,-2.742574,7.497669,-2.757403,-7.212575,-4.555826,9.769902,-2.798655,-6.528397,-2.082425,-9.579604
resume_0550,-10.054643,-6.810895,-8.707690,-4.930517,-7.687359,-5.494814,6.935258,3.219473,-3.623286,-8.955073,-1.100360,-9.353862,6.218237,8.816433,-2.586013,1.979899,-3.166766,6.354461,-10.920922,0.256632,2.192798,0.140826,-6.784817,-5.660751
resume_0551,-1.336027,-3.563930,3.895897,1.363916,8.795170,-10.965316,7.674017,-0.264394,-1.164730,-0.524477,-6.985603,-8.779938,4.993022,3.056776,-1.382854,0.451087,-1.142487,-1.762535,-6.197546,6.335741,1.636069,3.157070,3.083445,-6.478165
resume_0552,-6.728899,-3.057167,-2.403745,-4.778783,-0.347588,3.812116,-4.212547,-0.738762,-2.546737,-7.778095,-7.777789,-10.021197,-7.392003,6.220040,-10.598229,4.381448,7.141428,0.197835,-8.926064,4.692219,-2.767633,0.462812,8.801318,-9.947090
resume_0553,-7.114931,2.245010,-0.085687,3.372946,-2.322191,-4.067433,6.038581,-5.149912,-7.578957,-4.350008,-7.990227,0.859004,8.782329,6.304986,-1.272164,9.212015,1.601041,-3.265549,0.023651,7.784132,-6.656179,-2.932978,-6.121421,4.822113
resume_0554,-9.124367,-3.959241,10.499429,-0.703111,5.608451,3.234939,2.527301,4.708653,6.904847,-4.459389,5.917169,-10.349350,-4.246315,-4.488718,1.947413,3.724367,-8.698270,-4.356957,-0.446653,-5.635475,2.663673,8.129955,-7.647298,4.263429
resume_0555,-7.667478,2.245090,1.896111,4.541690,-2.817986,-5.345544,6.340675,-5.607579,-8.452262,-4.861831,-7.616831,1.539463,8.131403,6.186524,-0.507460,9.229500,0.893292,-3.630628,0.492614,9.022132,-5.483137,-1.869268,-5.860373,5.418379
resume_0556,3.961964,-0.223480,4.063688,1.423416,-6.131512,-0.297859,7.446751,9.838572,-5.272865,3.146920,-6.439546,10.075810,-5.080007,-2.086372,1.783358,6.536439,10.022197,4.683825,0.867638,5.024489,-9.413385,4.222049,-6.015805,3.257234
resume_0557,-8.103901,-3.994035,-3.558013,-3.531078,-0.558283,5.462477,-3.701712,0.623094,-3.852334,-7.676536,-7.813640,-8.686295,-7.082332,7.490239,-9.836996,4.680072,8.641915,0.688681,-9.082722,5.840094,-1.829221,-0.132881,7.101232,-8.776573
resume_0558,-7.001210,1.247262,-0.001326,4.509566,-3.871487,-4.536192,4.325814,-5.006729,-7.619253,-3.550024,-7.806884,0.414751,8.371381,5.804959,-0.573294,10.001985,0.742516,-1.971338,0.554232,7.124643,-5.829517,-2.838213,-6.486765,3.791542
resume_0559,-0.664570,-5.640190,4.682806,2.149399,8.570498,-9.036337,5.340501,-0.013933,-1.540823,-1.576364,-7.450063,-8.865761,5.234108,3.778268,-3.290938,0.696539,-2.302409,-1.492023,-5.138375,6.754148,0.957891,2.920763,4.085259,-5.332712
resume_0560,-9.676922,-4.256180,10.902300,1.469904,6.257311,2.459424,2.410816,5.099830,7.312574,-3.273233,7.586354,-10.930993,-5.032427,-5.160423,2.051024,3.573502,-10.815347,-4.753821,0.061461,-5.603678,2.498016,7.337484,-7.590548,3.262633
resume_0561,-9.932452,-6.095711,-9.482048,-6.756078,-4.955439,-4.744389,5.914185,2.415181,-4.741359,-10.046978,-0.901122,-8.680177,5.984262,8.994281,-3.101104,1.096169,-3.711260,5.109531,-10.280775,0.151066,2.883575,0.226172,-8.416869,-5.279922
resume_0562,-9.432460,-4.757243,10.503312,0.223361,5.924716,4.498594,2.057493,5.293764,7.964743,-4.001952,6.810799,-9.580835,-5.392284,-4.239977,1.882120,2.927103,-8.599613,-4.919807,-1.408158,-5.509627,2.314697,6.354176,-8.540372,3.022187
resume_0563,-10.102021,-5.751807,-8.772302,-4.340398,-6.464051,-6.231494,7.278299,2.028901,-4.636862,-9.452506,-0.715166,-9.245429,7.030575,9.132132,-2.680911,2.132169,-4.842875,4.904722,-10.331524,-0.011254,2.503904,-0.811898,-7.867730,-5.833199
resume_0564,-9.116397,-7.956605,-7.390657,-5.379529,-6.166429,-7.299167,4.590824,2.566458,-4.239504,-8.268804,-0.472315,-9.817007,5.810249,8.951569,-3.086595,1.699776,-4.372251,5.059848,-9.421425,-0.267309,1.854342,0.947860,-7.177843,-4.792256
resume_0565,4.108907,-0.789725,4.122056,2.194873,-7.730106,-0.588765,9.514241,8.173355,-6.556970,3.571780,-7.036668,9.442396,-5.696907,-1.324359,2.270766,7.338537,9.945563,3.689910,1.188319,5.985889,-8.442070,5.296333,-4.645476,1.929211
resume_0566,-10.694059,-4.355273,10.873784,-0.279341,5.531505,3.478221,3.399190,4.698893,7.805863,-3.766462,5.777818,-8.987333,-4.517953,-4.142823,1.824716,3.924285,-8.818141,-5.085602,-0.054278,-5.640834,1.227588,6.516727,-8.882486,2.110775
resume_0567,-7.427394,1.532903,1.497196,4.044732,-2.059958,-4.463077,5.799036,-3.875433,-7.034470,-4.031157,-8.510823,0.063742,9.830050,5.590148,-1.164073,8.415296,0.714996,-2.389027,-0.092711,7.275319,-5.343277,-2.126540,-6.134875,4.001437
resume_0568,-9.299799,-3.608838,11.362507,-0.645552,5.149182,4.786684,1.897566,4.114202,7.787415,-5.177300,6.553399,-9.010731,-4.871014,-5.158835,2.028150,3.872574,-9.250817,-3.837513,-0.908213,-5.802287,3.016280,7.962561,-9.124603,3.282460
resume_0569,-4.345882,5.320103,6.230386,9.932486,-6.903311,-3.313447,-4.954461,9.134066,9.385287,6.189491,-4.769277,-7.758510,4.174933,1.465240,-3.889167,8.059511,7.325960,1.883172,0.402452,3.534199,10.496342,-7.008600,-4.802099,-8.189837
resume_0570,-1.608523,-4.831613,4.553874,2.624645,8.546840,-9.213058,7.118285,-0.099377,-1.052681,-0.640693,-6.854815,-8.199538,4.102042,3.424148,-1.668776,-0.141643,-2.729159,-2.513448,-6.785739,5.866042,1.189156,2.567234,3.944730,-4.955603
resume_0571,-0.005723,-5.596350,4.010289,2.795887,8.759880,-9.827510,5.837111,-0.131496,-1.541390,-0.632381,-8.476096,-9.212673,5.721959,3.710522,-2.264950,0.427842,-1.126220,-1.644769,-5.304717,7.076451,0.401143,2.124086,3.459314,-6.478995
resume_0572,-2.030506,5.080588,5.961044,1.235291,5.418529,2.252243,-8.365878,5.759905,3.136414,-3.087132,-6.014770,-6.748564,-9.906930,7.728210,-3.246712,6.013442,-2.660643,-6.407828,-5.137488,8.849673,-3.346058,-8.284726,-1.924110,-9.778109
resume_0573,-7.042318,1.259684,0.019793,4.971958,-3.871935,-3.597826,4.813924,-3.391950,-7.380378,-4.035092,-8.737508,0.741541,8.240580,5.923137,-1.462069,8.434447,1.136670,-3.497267,-0.146072,7.895078,-4.550161,-3.085684,-5.563782,4.183691
resume_0574,-3.868733,4.036733,6.756482,10.231013,-7.366364,-3.612303,-5.808708,10.222531,9.504299,5.942050,-3.742130,-7.593686,5.009250,1.218212,-2.822494,8.472057,7.718628,2.614808,0.363523,4.076437,8.765484,-7.421006,-4.931965,-7.216252
resume_0575,-8.500899,-6.322626,-8.843247,-5.561108,-5.838628,-6.067086,5.754741,1.603716,-4.371049,-8.999833,-1.974996,-9.999145,6.880355,9.038749,-3.153407,2.200314,-3.199760,4.301478,-9.315456,0.385484,1.514541,0.425549,-7.653756,-4.123295
resume_0576,-8.970871,-6.499286,-8.207186,-4.096141,-6.688730,-5.710442,6.241277,1.854773,-4.173751,-8.381959,0.083898,-9.158905,5.768622,8.989712,-2.527226,2.221227,-3.995032,5.609029,-8.401330,0.442483,2.565686,-0.907399,-7.041825,-6.317990
resume_0577,-8.910945,-6.172635,-8.500194,-6.132223,-6.403191,-5.976589,4.741952,1.983258,-3.577003,-8.816421,-0.636457,-9.518220,5.683199,9.368491,-3.424479,2.718667,-4.026860,5.504712,-9.886506,0.463837,2.172870,0.992729,-6.719900,-6.247654
resume_0578,-7.503534,2.637297,0.522615,3.931380,-4.091071,-4.674037,4.773443,-5.429246,-7.718347,-4.162264,-8.066823,0.693964,7.358119,6.589570,-0.956216,9.604596,1.060966,-2.709740,-0.094939,7.924007,-5.740039,-2.963049,-5.788738,5.221145
resume_0579,-8.541622,-6.433338,-7.976984,-5.091883,-5.777448,-4.162990,6.003697,2.673404,-3.466201,-8.268183,-0.400735,-8.368343,5.553998,9.977132,-2.875622,1.390429,-4.543353,5.421252,-9.287002,0.698770,1.627542,0.354511,-7.473060,-6.162934
resume_0580,-3.865386,6.128055,7.219238,1.726077,4.567580,1.366455,-8.617335,5.625788,3.198752,-3.764554,-5.342808,-7.450381,-9.414926,9.015564,-3.151913,6.939069,-3.046086,-7.962221,-3.926349,9.078553,-3.243357,-7.599116,-2.002827,-8.527030
resume_0581,-2.191138,4.448395,5.881910,0.280878,4.116589,1.280769,-10.108065,4.706329,1.705960,-4.040245,-6.535901,-6.210752,-9.974905,8.124988,-1.969705,6.588636,-2.313332,-7.623156,-4.447156,8.689894,-2.475915,-8.773363,-2.548048,-9.050799
resume_0582,-0.449957,-4.907454,4.145332,2.902860,9.313873,-8.691118,5.945548,-0.300234,-1.251978,-1.215388,-7.476775,-8.541897,4.851523,2.408801,-1.246696,1.561477,-2.000257,-2.141503,-4.782259,7.370174,0.709830,3.024157,2.889840,-5.596651
resume_0583,-4.531402,5.256954,6.406752,9.703927,-5.935622,-2.754407,-5.178429,8.961905,9.857571,6.887342,-3.933687,-7.892757,4.397804,-0.221343,-4.545118,7.697908,6.012020,2.134403,0.150718,3.893604,9.556037,-7.001999,-3.402102,-6.302196
resume_0584,4.480012,-1.189476,4.696173,0.919204,-7.298055,-2.543444,8.486645,8.477652,-6.801137,3.697897,-8.563299,9.417885,-5.288573,-2.247886,2.654192,7.493120,10.421986,3.470857,0.977321,5.004025,-8.004743,5.531706,-5.120521,1.825938
resume_0585,-4.413986,6.499202,5.772641,1.412459,3.994528,1.618399,-8.586007,4.762199,2.653291,-3.873821,-5.067087,-6.916720,-8.811477,8.941928,-2.489752,6.799423,-1.842086,-6.734451,-5.391342,8.901253,-3.821983,-8.838584,-1.988436,-8.368431
resume_0586,-6.894212,-2.750199,-1.163984,-2.512387,-0.846977,4.339101,-3.342568,0.123032,-1.554123,-6.555596,-8.093569,-8.691448,-8.139779,7.540287,-10.104387,4.325270,7.401331,0.047218,-8.083953,4.996594,-2.316056,0.677350,8.080043,-9.424237
resume_0587,-8.626921,1.724230,-0.010849,4.911408,-2.596383,-3.699516,5.651688,-4.641165,-8.328034,-4.435114,-7.992204,1.264979,7.114172,6.628656,-0.234211,10.073612,0.880252,-2.754657,1.596809,7.193940,-5.153728,-3.150084,-6.005798,4.609556
resume_0588,-7.000094,-3.855237,-2.646505,-2.933356,0.416093,3.408241,-4.296502,-1.261879,-3.041168,-7.778636,-8.658669,-9.767236,-7.299254,8.140906,-9.468873,4.702787,8.142677,0.703504,-8.711617,5.288809,-1.517817,0.264024,7.014718,-8.645589
resume_0589,-1.124839,-4.545503,4.628547,2.702540,8.120550,-9.121332,6.520757,-0.404408,-1.435179,-0.201470,-6.844709,-9.085763,5.315789,3.436177,-2.394967,0.640361,-2.669209,-1.860682,-5.475589,6.843361,-0.320483,1.915745,2.770529,-6.032427
resume_0590,-8.999662,-5.455513,-8.127836,-4.865086,-6.201006,-5.755721,5.529470,1.074794,-5.424039,-8.614986,-0.443961,-9.613702,6.661837,9.680588,-3.538226,1.081443,-5.493456,5.893131,-10.267901,0.015107,2.661126,-0.233045,-8.635891,-5.695576
resume_0591,-7.372645,-2.066857,-2.327193,-3.724389,-1.380360,3.219684,-4.594498,-0.709426,-2.091177,-7.132788,-7.920613,-8.417690,-7.120563,6.311365,-10.663736,5.225584,7.608446,-0.472751,-9.543429,5.547215,-1.442586,-0.407032,8.197074,-9.610068
resume_0592,-8.945394,-7.376599,-9.347971,-4.440046,-6.269622,-5.918097,5.875542,2.072510,-4.877805,-9.273797,0.068142,-8.677059,6.972749,9.939294,-4.164490,2.741109,-4.234760,5.527840,-9.363941,-0.577739,2.817615,1.437207,-7.170091,-5.193149
resume_0593,-7.203364,-6.229732,-9.162946,-4.916829,-5.769808,-5.019548,5.885111,2.854892,-3.351104,-9.680535,-0.147697,-9.880480,6.111826,9.654303,-2.172140,1.055127,-4.498673,5.852992,-9.778378,-0.815313,1.638926,-0.330320,-7.833021,-5.631089
resume_0594,-5.418016,4.742721,6.512423,10.347070,-6.808715,-2.955856,-5.227166,9.711227,9.343125,6.306209,-4.619480,-7.360823,4.302046,-0.185596,-3.636666,8.478401,6.760325,2.628695,0.115169,4.178026,8.819360,-7.212772,-5.652983,-8.301402
resume_0595,-9.618799,-4.086879,10.296943,1.278064,7.229734,4.742340,2.019661,5.187410,6.464391,-4.890320,5.079771,-9.171124,-6.343950,-4.906181,4.072897,3.660106,-9.069847,-5.051990,-0.016048,-6.042373,1.740643,8.388946,-8.423033,2.051136
resume_0596,-8.007648,-2.914188,-1.665057,-4.588156,-0.412541,4.172754,-4.014050,-0.917500,-3.432407,-7.980173,-8.006512,-9.120077,-8.072893,8.009258,-10.124774,4.986247,7.019103,0.331968,-8.612909,4.935779,-2.307474,0.532565,7.400263,-8.250121
resume_0597,-8.718887,-4.447356,9.662781,0.574924,7.590357,2.563128,1.676342,3.689341,7.881057,-4.680943,6.309011,-9.470567,-4.857961,-4.780488,1.583293,2.819346,-8.760227,-4.586523,-0.472371,-7.148779,2.728133,7.224761,-7.584897,3.380908
resume_0598,-0.362766,-5.025315,4.070021,2.322225,9.533334,-9.643432,6.866808,0.300455,-0.856437,0.847102,-6.964851,-8.527680,5.124864,4.511158,-2.739286,-0.173496,-2.040754,-1.387769,-5.513055,6.339486,0.990713,2.422473,2.030769,-6.365386
resume_0599,4.511675,-0.743697,4.837389,1.705224,-6.408163,-2.457500,7.637366,8.799134,-5.186583,2.829558,-8.088607,8.711237,-4.788076,-2.458527,2.249493,7.137244,9.690594,3.988598,0.235773,5.650942,-9.220432,5.594085,-4.928667,3.439273
resume_0600,-9.634412,-6.489667,-8.908936,-5.493855,-6.061899,-6.063886,6.527382,1.979311,-4.535344,-8.515305,-1.593109,-9.682610,6.348655,9.931274,-3.531890,1.156095,-4.576284,4.887980,-9.536306,0.930742,2.175381,-0.732223,-6.539528,-4.224733
resume_0601,-6.887141,-3.133221,-3.032578,-3.169623,-1.940337,4.357135,-4.280133,-0.446217,-2.157058,-7.094725,-7.980104,-10.477554,-8.114204,6.403998,-10.951693,5.445361,7.357801,-0.576175,-8.352401,4.470706,-1.540805,0.370951,8.171431,-9.231500
resume_0602,-7.543959,2.734526,0.781511,3.956244,-3.829218,-3.577842,5.352266,-4.250658,-6.896855,-3.639466,-8.489263,0.856288,7.575224,6.087278,-2.441708,9.466996,-0.248058,-1.874418,0.175155,7.618197,-4.937439,-1.414296,-5.820058,5.016749
resume_0603,-8.949006,-3.107009,8.878596,-0.836124,6.786997,4.319596,2.097491,5.581063,8.100465,-4.819888,5.794145,-9.997527,-3.380457,-4.280316,1.893954,2.346425,-8.968162,-3.658056,0.705429,-6.522577,2.357186,7.688045,-7.317602,2.421300
resume_0604,-10.396972,-4.681705,9.777151,0.798953,5.976667,2.311811,1.931494,5.930459,7.437479,-4.354556,6.221326,-9.745246,-5.412451,-5.580493,2.460356,3.813529,-9.311105,-4.268622,0.255854,-5.049244,2.491544,7.553208,-7.262557,2.596455
resume_0605,0.003499,-4.286578,3.920263,3.170558,8.251028,-8.539653,6.499120,0.158892,-1.875883,-1.891443,-7.809913,-9.279070,4.531879,2.455360,-1.869039,-0.519788,-2.322533,-2.369564,-4.852175,6.767382,1.108375,1.081044,2.510301,-6.017088
resume_0606,-3.664569,4.644398,6.209248,10.265809,-6.188539,-2.698736,-5.320428,9.170345,8.686802,5.941511,-3.533377,-8.090768,4.108664,0.789227,-4.294286,9.118673,7.927906,3.152420,0.288368,4.741417,9.384204,-7.017846,-3.910934,-8.473627
resume_0607,-7.081128,-3.211626,-3.094302,-4.178866,-0.880750,5.072598,-4.602643,-0.689775,-1.808656,-7.170909,-7.944212,-10.501490,-7.387593,7.391398,-9.687449,4.622243,6.585598,-0.016312,-8.386757,6.397751,-1.243316,0.013340,7.532258,-9.922184
resume_0608,-7.779937,-3.796507,-2.722950,-3.410054,-1.360546,3.712144,-3.236735,-0.240132,-2.831800,-7.837485,-8.485012,-9.412919,-8.690461,6.985530,-9.801739,4.724880,8.188611,0.879405,-9.072709,4.950010,-1.488480,-0.427946,7.833209,-7.886741
resume_0609,-10.486494,-3.725690,10.113770,0.616434,6.146823,2.788597,2.429792,4.680901,7.948356,-5.668465,6.296206,-9.697200,-4.868071,-4.331031,3.903335,3.000439,-8.701143,-4.468187,0.409878,-5.905006,1.439013,7.580664,-8.035307,3.370287
resume_0610,-0.105771,-5.163471,5.243995,3.008882,9.363275,-9.156467,8.559805,0.351598,-0.867509,-0.780651,-6.394108,-8.303038,3.967709,4.101073,-1.902916,0.598370,-0.987715,-2.344296,-5.618458,6.654432,0.040691,2.789923,2.864309,-6.125935
resume_0611,-6.960223,-4.232552,-1.744348,-3.420112,-0.970465,2.902505,-4.840114,-0.466203,-3.069706,-7.258760,-7.789901,-9.293319,-7.966993,7.733435,-10.001121,4.593439,7.558419,0.258800,-8.892584,5.376115,-1.156628,0.152655,7.881216,-10.719630
resume_0612,-7.032030,1.730397,0.904504,4.736574,-2.775518,-4.134006,5.189332,-4.368899,-6.608280,-3.810211,-8.258851,0.581234,8.391891,6.373493,-0.147995,10.171448,2.010350,-4.393500,-0.596737,6.751143,-5.028085,-3.283082,-5.719428,4.815218
resume_0613,4.533231,-2.313100,3.662618,2.267679,-5.237680,-1.929493,8.402848,9.538465,-5.805082,3.838580,-7.623185,8.954064,-5.422564,-1.950800,2.843754,6.182008,9.211073,3.920489,1.307460,6.545647,-9.069959,4.398514,-5.620670,2.269325
resume_0614,4.206974,-0.933497,3.886219,1.005837,-6.585489,-1.436411,8.196959,9.175120,-4.741985,2.935736,-8.089902,9.984319,-4.776638,-2.809528,2.245554,6.914794,9.298129,5.754709,1.282896,4.932895,-8.178361,5.194142,-4.968880,2.519241
resume_0615,0.850814,-4.776874,4.499064,2.329922,9.817436,-8.968838,6.946604,0.449292,-1.003275,0.496513,-6.542597,-9.052531,5.214741,2.990730,-1.868255,0.472937,-2.067764,-2.379449,-6.033516,5.902115,0.330427,2.712455,2.803880,-5.771569
resume_0616,-3.527337,6.234377,6.303045,1.348296,6.247201,0.850111,-8.914428,5.854961,2.622745,-3.738853,-5.641514,-6.923142,-10.319438,8.267916,-2.101702,7.325729,-2.474522,-8.385325,-3.779044,9.511344,-2.334587,-8.228877,-3.100496,-9.167996
resume_0617,-8.475185,-6.225248,-8.133723,-5.253870,-6.467758,-6.077768,6.268265,2.496965,-5.106644,-8.948715,-2.434652,-9.781624,6.893687,9.826031,-2.432527,2.119353,-4.616931,5.107951,-9.314966,0.143742,2.281292,-0.633029,-8.676960,-5.131816
resume_0618,-7.544863,1.530617,2.451598,3.241077,-3.246631,-4.268434,4.412748,-4.120519,-7.019814,-4.722672,-7.315598,1.482911,7.172056,6.199484,-1.052196,9.198085,0.431145,-2.813956,1.141247,7.326476,-6.576319,-1.945950,-5.131365,4.754775
resume_0619,-10.119570,-4.976275,9.871298,-0.146942,5.883727,3.086787,0.935345,5.043507,8.066511,-5.421070,6.127998,-9.863755,-4.583262,-4.611177,2.676911,3.218496,-9.615994,-3.957344,-0.425913,-5.342627,3.596951,7.273135,-7.547145,3.395993
resume_0620,-8.347918,0.964316,0.900100,5.176846,-3.401926,-4.267360,5.821692,-3.631100,-6.974299,-4.833612,-8.398062,0.922358,9.408502,6.000877,-0.150254,9.187471,0.387251,-3.392202,0.063617,7.881939,-5.560877,-2.019588,-5.024791,5.116648
resume_0621,4.516583,-1.772090,4.290690,2.441651,-8.330510,-1.948596,7.821339,8.946557,-4.016250,3.952892,-8.837187,9.134631,-4.666521,-2.179896,3.636736,7.193160,10.016185,3.813102,0.782503,5.421247,-9.002155,4.642673,-4.254976,1.873252
resume_0622,-8.682160,-6.600987,-9.322972,-5.255153,-7.149118,-6.119841,5.197593,2.336262,-3.025206,-8.581714,-2.862163,-8.228972,6.443011,8.998559,-1.867166,2.373027,-5.053997,4.389360,-9.860326,-0.352563,2.514140,-0.594190,-7.195883,-6.080579
resume_0623,-3.477675,4.806074,6.543482,0.738455,4.935696,0.348404,-9.148072,5.373058,3.367908,-4.021367,-7.506494,-8.126141,-10.007347,10.617617,-4.322549,7.369796,-2.603232,-7.246954,-4.892519,8.077377,-3.682750,-7.468358,-3.412863,-8.918417
resume_0624,-4.591955,4.210670,6.931385,9.568387,-7.317043,-3.432741,-3.821194,9.471449,9.098095,7.272541,-3.601387,-9.006356,4.223143,0.737326,-3.918162,7.966348,7.246702,3.185583,-0.212877,4.890566,8.629771,-6.439794,-5.265730,-8.210031
resume_0625,-3.467183,5.213933,6.318848,10.377083,-4.850871,-2.041987,-5.950132,8.167612,8.853284,5.491784,-3.895938,-7.714561,4.082647,1.411708,-3.251716,8.449873,6.606308,2.280263,0.323070,3.687052,8.173135,-7.061504,-3.466577,-8.911785
resume_0626,-9.601175,-4.226715,9.031063,0.791811,6.528479,4.438136,3.056596,4.564149,6.787431,-5.497878,6.065239,-9.379091,-3.621225,-4.090770,2.027142,3.702177,-10.534651,-4.747494,0.105065,-6.480922,2.278234,9.417156,-9.076251,3.749495
resume_0627,6.144453,-0.877020,4.582876,2.204051,-7.411834,-2.009559,9.107384,8.985852,-5.519158,2.854162,-8.011956,9.223292,-5.567457,-1.572652,2.202876,7.150681,10.129457,4.147950,0.657645,5.765354,-9.858765,4.596048,-4.976619,2.208217
resume_0628,-6.411318,-2.389596,-3.169082,-3.398264,-2.296749,3.403363,-4.337145,-0.653992,-2.864790,-7.447982,-7.079442,-9.091752,-8.058157,7.788397,-8.382283,4.492323,6.727318,0.815571,-8.758230,4.713386,-2.104960,0.164166,7.754772,-9.282486
resume_0629,-0.687918,-4.790850,3.460506,2.533230,9.773663,-9.410539,7.275973,0.606422,-1.330604,-1.157586,-7.358105,-7.894905,4.582500,3.422582,-2.658058,0.107385,-2.413402,-2.474776,-4.987698,7.033908,0.734412,1.568393,3.067239,-6.052844
resume_0630,-8.945532,-5.079672,8.996325,0.310354,6.759145,3.993071,2.021955,4.916833,7.280515,-3.845856,6.140027,-9.878553,-5.527128,-4.404557,1.881752,3.830156,-8.804373,-5.574216,0.249605,-5.472962,2.719473,7.032733,-8.977689,2.686677
resume_0631,3.685344,-1.917873,3.259222,1.210426,-7.883612,-2.863671,7.549866,8.072928,-5.949261,3.392512,-9.017740,9.234610,-4.392058,-2.169712,3.286052,6.898500,10.205741,4.941026,0.308215,5.427892,-10.668475,5.813772,-4.268563,1.090256
resume_0632,-9.666170,-4.618558,9.500080,-0.256758,6.033913,3.600829,2.614703,5.447543,7.902753,-3.898794,5.335825,-10.396474,-4.860105,-4.887398,2.040747,4.144452,-9.575971,-5.072293,-0.288165,-5.187889,3.023780,5.963053,-5.990310,3.309372
resume_0633,-7.624193,-3.208365,-1.949753,-3.788126,-1.590996,2.461260,-3.503654,-1.581570,-3.621958,-7.195315,-7.918535,-8.029691,-8.749317,8.397629,-9.478437,3.544446,7.664706,0.517617,-9.055556,5.405892,-1.467886,-0.518306,7.140953,-8.971343
resume_0634,-7.034321,1.358471,2.139042,3.955517,-2.869095,-3.529786,4.587055,-4.734534,-7.422465,-4.477472,-6.944636,-0.449872,6.663034,5.597572,-1.279807,10.668216,0.262770,-3.387612,0.522513,7.215960,-4.540612,-2.715267,-7.106477,3.652254
resume_0635,-6.720319,-2.455331,-2.714535,-3.130245,0.000203,4.242472,-4.757494,0.438870,-2.745287,-8.144249,-9.073271,-9.418910,-7.390720,6.631871,-9.699402,5.070258,7.368547,-0.918552,-8.729372,5.488429,-1.534308,-0.576364,8.698775,-9.336268
resume_0636,-0.652661,-5.484995,3.735666,2.447119,7.871667,-9.964892,6.273466,-0.279368,-2.595045,0.265012,-6.013499,-9.099026,5.506377,3.082200,-2.683883,1.668160,-1.526510,-0.735668,-5.090899,6.496941,0.266625,2.705559,2.852840,-6.541504
resume_0637,-9.604068,-6.150673,-8.115246,-5.424049,-6.507841,-5.966256,6.334614,2.304494,-5.026401,-8.481976,0.310508,-9.544641,4.881181,9.892679,-2.931105,1.759421,-4.238854,5.480412,-8.983855,-0.363364,2.189951,-0.445775,-8.234222,-5.428932
resume_0638,3.599220,-1.330635,3.948384,2.456697,-7.851779,-0.674008,7.812791,8.464067,-5.482992,3.906771,-8.602226,9.941028,-4.824546,-1.448647,1.524779,6.483602,10.317459,4.002082,0.525360,4.949740,-8.616586,4.472969,-4.334418,1.870718
resume_0639,-3.903977,4.860311,7.216480,10.147815,-5.723865,-3.679040,-4.473869,9.780962,8.513269,6.362326,-4.771864,-8.248648,4.215599,1.204092,-4.073520,8.568879,7.284836,1.592778,0.319434,3.536587,8.693126,-8.018208,-3.505549,-7.583663
resume_0640,-9.862389,-4.207536,9.368077,0.759167,6.078871,3.764083,2.593856,5.252769,7.771237,-4.069380,6.516585,-9.918741,-4.173917,-4.454741,1.411632,4.145920,-9.415557,-4.695838,-1.330417,-5.277472,2.956055,7.760600,-8.736209,2.548450
resume_0641,-8.241751,-7.398113,-8.999279,-4.849436,-7.201647,-5.698864,6.240888,2.236497,-5.107452,-8.484669,-0.976343,-7.939063,5.736652,9.128337,-1.885833,1.401326,-3.451402,5.395661,-9.290069,-0.680102,1.800390,-0.324766,-7.912197,-5.344971
resume_0642,-8.213438,-5.660578,-9.076573,-5.252398,-6.103051,-4.556874,5.819396,1.584743,-4.590782,-9.259398,-1.025866,-8.843876,5.567444,9.539817,-2.704704,2.001660,-4.169979,4.780672,-9.804679,0.348821,1.887856,-0.605383,-7.454657,-5.543396
resume_0643,-10.161258,-4.249480,10.771844,0.402452,6.374601,2.967839,1.933658,4.383392,6.753245,-3.571906,5.982667,-10.048145,-4.372985,-5.539170,2.579614,3.848137,-10.038519,-3.841092,-0.118512,-5.445794,2.668424,7.539686,-7.623560,2.638621
resume_0644,0.153571,-5.600430,5.427554,2.942281,9.257800,-9.655413,6.257472,-0.830366,-1.955474,-0.180387,-7.143090,-7.835717,4.070330,3.881746,-2.094619,0.373879,-3.307158,-2.023487,-6.396598,7.551764,0.005639,3.845102,2.978545,-5.600335
resume_0645,-0.172849,-5.537121,5.174235,2.887637,9.502567,-8.744648,7.211523,-0.324928,-2.235782,0.583436,-7.051967,-8.593184,4.946567,3.382068,-2.140230,0.269410,-2.276788,-1.580727,-5.840141,6.517840,0.620156,2.116723,2.850702,-6.095968
resume_0646,-7.070749,2.015341,1.905057,3.572573,-2.965277,-4.161051,5.229897,-5.283156,-6.627919,-4.303316,-8.326555,0.600869,8.507050,7.038780,-1.681659,10.336965,0.478840,-3.517660,-0.725510,7.765693,-5.634118,-2.285254,-6.255728,5.447225
resume_0647,-7.536113,-3.472466,-1.887672,-3.305636,-0.824855,3.513961,-4.293094,-0.113540,-1.995077,-7.157069,-7.118198,-9.005900,-7.991220,7.793281,-9.634950,4.146754,6.535662,-0.674187,-8.227602,5.053203,-1.284221,-0.237206,8.175818,-9.163773
resume_0648,-9.232999,-5.626931,10.251236,-0.237603,6.000037,2.835137,2.744221,5.986095,7.498578,-4.752929,6.919276,-10.331783,-5.728143,-5.798709,2.658603,4.000613,-8.423019,-4.988640,-0.215486,-6.206591,2.600916,7.894161,-8.233089,2.246773
resume_0649,-5.648805,1.823740,0.379719,4.239741,-2.929327,-5.521266,5.981281,-5.550000,-6.314380,-3.370998,-7.772776,0.471931,8.389906,6.544555,-0.726183,9.377981,-0.175045,-2.535711,-0.048207,7.497277,-5.493960,-2.172270,-5.299018,5.068749
resume_0650,-3.892424,4.636985,6.243388,10.287754,-6.145411,-4.001760,-4.800023,8.760201,9.415625,6.238397,-3.560787,-7.639253,4.957885,0.647937,-3.780309,8.181547,7.069874,3.002402,0.508594,3.746202,8.952874,-6.890706,-4.682750,-7.625761
resume_0651,3.268553,-1.001218,3.237026,0.724219,-6.613911,-1.781949,8.504615,9.607568,-5.631045,4.402451,-8.479367,8.389591,-5.908948,-1.996155,1.837707,7.538500,9.434099,4.216682,0.590419,5.549795,-9.584804,5.647369,-4.940257,2.143714
resume_0652,-6.916023,-3.169401,-1.858821,-3.506176,-0.758197,4.564958,-4.341167,-0.114098,-2.487831,-8.430048,-8.551631,-10.691202,-8.041651,6.970286,-10.411245,4.858075,7.307695,0.413647,-8.566658,5.120757,-0.481343,0.121071,8.340249,-9.524241
resume_0653,-3.107390,5.820346,5.625727,1.266949,5.301877,0.605523,-9.381519,5.101698,2.031523,-3.350361,-5.375588,-7.192686,-10.233795,7.982834,-2.589526,6.625587,-3.550297,-6.938737,-4.283651,9.462413,-3.324116,-8.190168,-2.733275,-7.471265
resume_0654,-4.669205,5.522882,6.238436,9.037236,-7.332999,-2.616524,-4.969648,8.893545,8.813988,6.099439,-3.194779,-8.139346,4.906373,0.517708,-4.477346,8.492845,7.496622,0.734802,0.459636,4.368683,7.503890,-7.351103,-4.183452,-10.203073
resume_0655,-6.800442,1.031351,0.668558,3.758935,-3.927269,-5.177467,4.743660,-5.147815,-7.367272,-4.471148,-8.186379,1.252837,7.990545,5.280902,-1.654438,9.377980,1.417362,-2.654931,-0.211031,8.184440,-6.045603,-2.605538,-6.596903,3.710103
resume_0656,-9.092824,-6.630051,-8.078653,-6.091227,-5.061116,-5.325617,5.606476,2.845507,-3.469806,-8.444033,0.589198,-9.915283,5.527155,10.112295,-3.100235,0.484947,-3.535782,5.611418,-9.807995,0.040853,2.908685,-0.046482,-7.300608,-4.820381
resume_0657,-8.619075,-6.645437,-8.318516,-5.658585,-5.911105,-5.961394,5.641700,2.019496,-4.623245,-8.490360,-0.805735,-9.666244,6.706708,7.681153,-1.627091,1.546766,-4.004397,4.732162,-10.735118,0.527960,1.222341,-0.307751,-7.333967,-5.028917
resume_0658,0.300524,-4.080587,4.756141,3.205067,9.533390,-9.777903,7.336931,-0.554568,-1.370425,0.430032,-7.279058,-8.546703,4.385755,3.061942,-1.811441,0.653356,-1.845030,-2.424328,-5.744379,6.344229,1.689831,3.292494,2.633233,-6.199179
resume_0659,-10.207930,-4.544345,11.378265,-0.309705,5.989321,4.728486,2.305021,4.226461,8.708156,-4.850286,6.412034,-9.331967,-5.220712,-4.935371,1.610024,3.256366,-9.335799,-5.066398,-0.659758,-6.199152,2.491287,8.553125,-7.248942,3.538715
resume_0660,0.181672,-4.198872,4.888604,3.938590,7.975003,-8.982029,6.823681,-0.823000,-0.573290,-0.519598,-7.079204,-7.915715,3.678729,2.500548,-2.046186,1.056307,-1.715916,-1.531542,-5.784419,7.241344,0.750798,2.575211,3.066756,-5.494007
resume_0661,-5.834128,-4.604714,-1.970953,-2.788944,-1.041196,4.632118,-4.000769,-0.671658,-3.809631,-6.603159,-6.511712,-9.001381,-7.931782,7.929116,-10.314040,3.835356,8.099976,0.426008,-8.461991,4.081037,-2.542720,-1.197572,7.553030,-9.110429
resume_0662,-3.832128,5.764589,6.039434,9.576812,-6.498221,-3.849819,-5.182559,8.078668,8.864387,6.956269,-4.857850,-7.170935,4.349731,0.495663,-4.275087,8.770267,5.696381,2.676792,-0.683723,4.721221,8.739834,-6.887510,-5.039863,-7.715299
resume_0663,-8.114748,-3.553890,-1.467911,-3.617483,-1.608946,4.805390,-4.326773,-1.293284,-2.807021,-6.800405,-7.883435,-9.159656,-7.373357,6.444178,-10.959082,4.408675,8.976934,0.371310,-8.198039,5.639619,-1.208246,0.786783,8.840325,-9.345581
resume_0664,3.772651,-0.763066,4.218877,2.680750,-7.888404,-1.151428,8.107803,9.101055,-5.438130,2.969299,-7.659469,10.349018,-5.520498,-2.285719,2.599783,7.193858,9.750258,4.467465,0.299205,5.171428,-9.193134,5.122712,-4.667175,2.953828
resume_0665,-9.268369,-3.920184,10.739119,0.774170,7.107897,3.876607,3.705912,4.306691,7.740514,-4.526853,6.203935,-9.996586,-5.536745,-5.035812,1.702557,2.776782,-9.849636,-4.254381,0.777250,-5.870786,1.919355,7.552213,-8.223905,3.706323
resume_0666,-8.464758,-4.037296,9.467289,0.297271,6.145656,3.657405,2.765046,4.529934,8.070543,-4.413746,5.538803,-9.971106,-4.933215,-5.223549,1.848574,3.958993,-9.142935,-4.666630,0.734541,-5.615049,1.995584,7.410318,-7.370558,3.777037
resume_0667,-0.790527,-5.876231,4.499094,2.918225,9.279730,-9.927584,6.938940,-0.505114,0.058166,0.026072,-7.315172,-9.986352,5.565416,2.943587,-1.807949,0.807171,-1.498124,-1.398658,-5.116661,6.704219,-0.370419,2.847291,2.389220,-5.439962
resume_0668,-3.219315,5.331031,4.775655,0.378641,5.345670,0.508750,-8.726363,4.827007,3.398301,-3.333246,-6.063581,-7.329037,-10.975167,9.333984,-2.282865,7.434637,-1.475470,-6.642614,-5.216880,8.318627,-3.399022,-7.480069,-3.538105,-9.262186
resume_0669,-3.095884,6.189253,4.923891,1.636077,5.421175,0.495428,-8.873569,5.632666,3.421230,-3.517710,-6.089475,-6.618812,-9.381137,9.669590,-3.180505,7.278946,-3.481505,-7.247964,-4.405517,9.108243,-2.843795,-7.699778,-1.798907,-9.348833
resume_0670,-8.248558,-5.211200,-8.264138,-5.448746,-6.571024,-4.795180,5.844415,2.644815,-5.504906,-8.745440,-0.253822,-9.044107,6.713504,8.240919,-3.540815,1.525269,-3.794916,5.622135,-10.483590,-0.315911,1.683777,-0.686794,-7.651703,-5.007118
resume_0671,-8.556493,-6.187105,-8.888784,-4.459473,-5.698700,-5.671487,6.315219,2.266831,-4.343262,-7.797746,-0.245659,-9.965649,5.009650,9.375574,-1.780956,1.693835,-4.623368,4.455576,-8.529199,-0.550785,2.130365,1.069850,-7.764187,-4.485378
resume_0672,-9.051530,2.224281,2.093372,3.717254,-3.098705,-4.964926,5.173637,-5.914452,-8.161597,-3.941314,-8.858332,1.540715,7.555084,6.600663,-0.068292,8.934361,0.445696,-3.103850,0.089724,7.571951,-4.958525,-2.794620,-6.705667,5.077016
resume_0673,-3.362761,5.415138,6.347811,9.515724,-6.384267,-3.811720,-5.930911,8.212338,9.737858,5.945028,-4.140770,-7.710193,4.182144,0.186412,-3.414601,9.420202,6.398134,2.740046,1.007732,3.301410,10.545225,-8.047483,-4.937007,-8.708973
resume_0674,-8.884861,-5.583885,-8.771671,-4.931751,-4.941418,-5.578319,5.851704,3.128228,-4.127063,-8.545379,-0.570076,-8.500714,6.386142,8.630878,-2.892120,1.387140,-4.261776,5.554091,-8.885394,-1.012991,3.284066,-0.034415,-7.444393,-5.917948
resume_0675,-2.900553,5.044853,6.676231,0.810996,4.678621,1.442478,-9.771694,5.866556,2.443624,-3.352924,-5.534917,-6.708731,-10.782138,9.038355,-3.060249,6.652411,-1.678235,-7.226149,-4.341378,9.749959,-2.383244,-8.492947,-2.573602,-9.151805
resume_0676,-9.119360,-3.918134,10.571172,0.309678,5.725933,3.046248,2.146125,4.064418,8.537399,-5.813610,4.302498,-9.086031,-4.728086,-4.481643,1.529991,3.534734,-9.098632,-4.201425,-0.151922,-5.607224,2.847438,7.795200,-8.614661,3.099154
resume_0677,3.572294,-1.975055,3.502063,1.903513,-7.227334,-1.176638,7.863774,8.323685,-6.122142,3.036713,-8.457672,8.548075,-5.823277,-2.518453,2.388752,7.577681,9.273700,5.271854,1.057281,5.565209,-7.462112,5.089208,-5.856776,2.680856
resume_0678,-8.123643,-6.104768,-8.788251,-6.764174,-5.814867,-5.370583,6.429628,1.864029,-4.369733,-8.659692,-0.892617,-9.192211,6.590330,8.562950,-3.510197,1.640334,-4.973978,4.639575,-8.863834,-1.834730,1.409485,-0.412622,-7.064470,-5.989354
resume_0679,4.058256,-0.161924,4.009573,1.485799,-6.195246,-1.510158,7.784458,8.223684,-5.905944,4.044674,-8.209135,10.171820,-5.947312,-2.432411,1.057357,5.997444,10.005854,3.900925,1.127556,5.698604,-9.668178,5.640643,-5.693094,2.347467
resume_0680,-6.077445,-4.058209,-2.428273,-3.247389,0.214894,4.131967,-3.344772,-0.514500,-3.114396,-7.942534,-7.979093,-9.089528,-7.053538,7.606964,-9.805119,5.121892,7.598708,2.613503,-8.395060,5.722382,-1.286495,0.463822,7.460346,-10.177853
resume_0681,-9.981955,-4.305445,10.547336,0.779465,6.669354,4.096122,1.985411,5.061140,6.713140,-4.310249,7.110451,-9.050134,-4.767450,-4.645024,2.290388,3.600547,-10.330537,-5.065747,1.004291,-6.672253,3.330858,8.282282,-8.155199,2.554997
resume_0682,-8.373541,-6.034996,-8.156326,-6.136633,-5.716115,-6.033340,5.271692,2.328700,-4.208643,-8.760272,-0.945639,-9.638903,6.663138,9.714372,-4.131161,3.278883,-4.670933,4.752956,-8.274222,0.125194,3.207604,1.032106,-7.890150,-4.984509
resume_0683,-1.735543,5.826346,4.971154,1.132947,4.650500,0.770245,-9.907679,4.476154,2.150046,-3.839095,-5.389647,-6.271845,-9.574582,9.358358,-2.582982,6.328705,-2.187993,-7.119170,-5.093464,9.763799,-3.353913,-7.545079,-2.247523,-10.001232
resume_0684,-2.183322,4.585819,6.035814,0.770147,5.452212,1.312057,-9.333164,5.470352,3.046305,-2.148412,-6.749542,-7.130880,-9.819547,8.951240,-3.428909,5.631078,-2.544299,-7.276961,-4.800411,7.932479,-3.733277,-7.771873,-2.779692,-9.433687
resume_0685,-3.282178,5.934872,6.496636,2.062753,4.496498,1.257445,-9.570588,4.834438,3.299869,-4.685259,-5.732943,-6.227706,-9.063525,8.341226,-3.218224,6.358206,-1.948383,-8.606930,-4.392152,8.560204,-3.296454,-6.597574,-2.211065,-9.806957
resume_0686,5.087265,-1.428248,4.633415,2.037323,-7.290158,-1.273943,8.516067,8.053874,-5.474910,3.893706,-7.534074,9.367898,-5.238530,-2.582616,2.157900,6.647535,10.007399,3.986607,1.031774,6.066530,-8.522482,4.615021,-5.018201,2.784947
resume_0687,-7.198400,0.670217,0.579360,3.133979,-2.211329,-4.285719,5.150646,-5.135351,-7.485084,-4.053502,-9.096909,1.299234,8.512829,5.357677,-0.323309,9.074607,0.560192,-3.221933,-0.592131,7.627388,-5.632265,-1.640056,-5.514266,5.113736
resume_0688,-4.441170,4.818370,5.576844,1.950320,4.687524,1.268577,-9.113663,4.615154,2.794111,-3.216377,-6.233715,-7.150734,-7.832973,9.360579,-2.230519,6.843203,-2.578890,-6.855486,-3.565806,8.881265,-4.025192,-8.730057,-1.902832,-9.044085
resume_0689,-3.191520,4.507718,6.283914,1.000581,5.780892,1.670304,-9.341800,5.021181,2.659114,-3.626084,-5.955820,-6.713423,-9.756811,8.692714,-1.951827,6.170775,-2.258183,-6.411422,-4.670095,8.855231,-2.558661,-8.083291,-1.970338,-9.336317
resume_0690,3.574087,-1.602899,3.380758,2.225553,-8.064577,-2.428149,8.127503,9.912127,-5.759816,3.618922,-7.963162,9.326891,-4.517918,-1.810650,2.773416,6.060965,9.932307,4.621989,-1.230195,4.903489,-9.979013,4.558228,-4.860163,1.938300
resume_0691,-4.283805,4.529027,6.558796,9.198767,-5.490971,-3.109477,-5.980251,9.716573,9.324353,6.998959,-4.749656,-7.199559,4.387734,1.017640,-3.894072,8.291543,7.825442,1.620744,0.952489,2.661395,9.403745,-7.702125,-4.676921,-9.036018
resume_0692,-10.275513,-6.156246,-8.481719,-5.454663,-6.906833,-5.721907,5.696539,1.634504,-4.259181,-8.422359,-0.788625,-9.138495,6.584264,9.293199,-2.915989,1.568746,-3.526284,5.686538,-10.679601,0.044717,3.167418,-0.420682,-7.457675,-5.355961
resume_0693,-2.716917,4.830128,6.175912,1.105926,4.515033,0.210032,-9.313151,5.143862,3.059208,-3.565854,-5.330823,-8.034135,-10.759835,9.185466,-3.003496,6.570288,-1.398490,-7.820299,-3.149139,8.747213,-3.202726,-8.678396,-2.379314,-9.351563
resume_0694,-4.435306,5.420979,6.203070,9.649509,-7.092770,-3.836200,-4.980197,9.529161,8.567926,5.623419,-4.296666,-7.827533,5.021343,-0.902967,-3.393069,9.556185,7.407823,1.047908,-1.002601,4.528041,8.040123,-6.705372,-4.932505,-7.764777
resume_0695,-9.347606,-5.433148,-9.354055,-5.581885,-6.784726,-6.039005,5.975737,2.244337,-4.125217,-9.567249,-0.249268,-9.693033,6.445750,9.352765,-2.736980,1.309704,-5.479840,5.902678,-9.637175,0.233728,1.809080,0.451335,-8.042910,-5.128224
resume_0696,-7.359184,-3.717538,-2.063385,-3.924732,-1.156535,4.173803,-5.607887,-0.542098,-2.455097,-6.464545,-8.596286,-9.959799,-6.854990,7.203461,-9.694546,5.426339,7.219047,0.531162,-7.960502,5.406516,-0.335969,-0.689091,7.735315,-9.232364
resume_0697,4.468800,-0.243958,3.926519,2.397237,-7.752531,-0.550143,7.545447,8.320259,-5.014872,4.510050,-8.420782,9.828811,-3.837703,-1.715115,2.701431,6.016920,10.430871,3.675194,0.779584,5.409774,-9.809845,4.712635,-4.855237,2.144597
resume_0698,-2.690660,6.697887,6.757043,2.076665,4.442018,0.758642,-9.065768,5.128593,3.693810,-4.645952,-5.041774,-6.690402,-10.501840,9.696078,-3.475061,7.150871,-2.074258,-6.810272,-4.156836,9.511543,-3.438843,-8.510474,-2.645582,-9.829133
resume_0699,-6.687994,1.479457,0.516330,3.635548,-2.990269,-2.953598,5.138100,-3.070736,-8.015492,-3.258974,-7.380284,1.040241,8.407090,6.495020,-0.618081,9.317798,1.486158,-3.163856,0.026866,7.626749,-5.153799,-2.982555,-6.081008,4.766311
resume_0700,-6.403692,1.972238,1.011380,3.625021,-2.509565,-6.124058,4.853836,-4.669233,-7.386534,-4.422763,-7.392752,1.733878,7.820727,7.242252,-1.136073,9.910835,0.631393,-2.615967,0.961022,8.314200,-5.995567,-3.239963,-6.268366,5.468016
resume_0701,5.454887,-1.269181,5.323990,2.646441,-7.240319,-1.422807,9.042365,8.878658,-5.306301,3.272053,-8.103891,9.910423,-5.094760,-2.290950,2.744507,6.555792,9.322623,4.440870,1.181890,5.640500,-9.679434,5.915833,-4.384771,2.987318
resume_0702,0.449545,-4.405327,4.031584,2.686760,9.236318,-10.471223,5.761509,0.466902,-1.231256,-0.755918,-7.847014,-8.308180,4.567434,3.296651,-1.527607,0.130738,-2.463003,-1.582474,-5.671658,7.029843,0.185130,1.944162,2.729334,-5.651991
resume_0703,-4.087983,3.487430,6.727589,9.377497,-6.006638,-3.110359,-4.870559,9.133838,8.439143,7.022676,-4.251104,-7.290724,4.959872,1.513680,-3.829460,8.160206,6.036712,1.515610,0.039226,3.800582,8.422817,-7.446311,-4.416249,-6.368066
resume_0704,-8.582665,-4.453548,10.023660,0.264268,6.564968,3.526257,1.953543,4.627910,7.636789,-3.571873,6.075304,-9.782690,-4.704043,-5.275432,2.680210,3.689702,-8.968130,-5.318036,0.271492,-5.791021,1.798107,7.338689,-7.007679,2.705119
resume_0705,4.423707,0.062510,4.097002,2.922811,-7.201070,-1.639312,8.543795,8.730451,-4.934997,3.892056,-8.287327,10.164557,-4.278280,-1.266558,1.926073,7.213926,9.534870,3.464174,0.937930,5.529259,-7.437979,6.403934,-5.451787,2.527352
resume_0706,-7.241851,1.604076,1.260306,5.064807,-4.127028,-3.184880,5.293864,-3.866130,-7.610304,-4.108522,-6.999648,0.934263,8.801733,6.063961,-1.038728,9.233023,1.044222,-2.346680,-0.081483,8.298427,-6.795034,-2.895143,-5.726566,4.002290
resume_0707,-10.502465,-4.823722,9.051399,0.413162,6.059323,3.865399,2.846061,5.123058,7.149220,-3.234080,6.073992,-9.588297,-5.186526,-5.261602,1.491824,4.390185,-7.988103,-4.840172,-0.661825,-7.068956,1.121853,7.384786,-7.848571,3.132633
resume_0708,-9.635943,-3.500340,9.493432,0.090196,7.290232,3.654474,3.949991,4.722818,7.722156,-4.239378,6.721135,-8.791275,-4.770274,-4.030867,1.220226,2.562021,-9.388582,-5.840721,0.452476,-5.180245,1.193746,7.356766,-8.684629,1.543217
resume_0709,-4.465661,5.026266,6.021000,9.292088,-6.435087,-3.895969,-5.808070,8.371614,9.864114,6.841261,-3.051945,-9.047440,5.837172,1.072303,-4.235839,8.351920,7.025715,0.951350,0.098941,4.267637,9.423014,-6.771566,-4.182046,-7.713220
resume_0710,-7.926924,1.859827,1.389503,5.189546,-4.062181,-4.142230,6.250680,-4.313853,-7.458406,-4.323847,-8.202221,0.370301,8.578557,6.415809,0.075969,9.580177,0.270980,-2.929219,0.186586,6.587044,-5.536816,-2.753332,-6.928907,5.481712
resume_0711,-3.946043,4.508447,7.270597,9.876108,-5.400705,-3.682602,-4.887105,9.401066,8.894848,6.175809,-4.195634,-7.681038,4.958070,-0.264555,-3.742474,7.401368,6.101381,2.661636,0.419899,4.016442,8.624757,-6.464068,-4.847577,-7.582278
resume_0712,-8.434653,-4.375719,-2.349668,-3.498411,-0.817916,3.749338,-3.322416,0.351735,-2.399810,-6.634883,-6.991502,-9.580147,-8.299169,7.271023,-9.051412,5.518455,7.925566,1.025872,-9.296171,5.363581,-1.777399,-1.034862,7.335550,-9.693926
resume_0713,-0.502519,-4.161623,4.403247,3.091795,8.595208,-8.763337,6.990971,0.391120,-2.051226,-0.544207,-8.340104,-8.831875,5.096655,3.541956,-3.223378,-0.224915,-0.702441,-1.116983,-5.902406,6.985309,0.420450,2.609194,2.081370,-5.384505
resume_0714,4.309736,-1.543514,4.468273,2.538695,-7.274501,-1.842464,7.813531,8.761049,-6.228530,3.947059,-8.574667,9.364092,-5.026933,-1.311350,2.343214,6.562965,10.252772,4.963292,0.060702,5.399800,-8.869504,5.166988,-5.740210,2.674254
resume_0715,-0.469319,-4.440773,4.539565,3.418110,6.989956,-9.677059,6.793815,-0.534526,-0.637119,-0.792293,-8.157536,-8.457054,5.884826,2.849785,-1.861832,0.791085,-2.441028,-2.296637,-6.448377,6.074913,0.605813,2.789964,2.772391,-7.031641
resume_0716,-7.112155,2.608381,0.823307,4.768681,-3.611866,-5.588472,4.774999,-4.427343,-7.652913,-4.118870,-7.684642,1.255089,8.560141,5.465256,-0.623873,9.433837,0.677466,-3.449464,0.978305,7.754223,-5.177223,-2.320241,-5.259755,4.176051
resume_0717,-7.161515,1.405520,0.585352,3.992353,-3.865337,-4.300611,5.849974,-4.258541,-6.305005,-3.593068,-8.166929,0.836733,8.289602,6.339494,-0.526438,9.194490,0.273226,-3.264590,0.658490,7.511036,-5.848447,-2.708923,-4.804926,5.412826
resume_0718,-8.038863,-6.992447,-8.742728,-6.633910,-7.226446,-5.580265,5.627131,2.433463,-4.772288,-8.195456,-0.554081,-9.826469,6.830870,9.294673,-2.634382,1.504341,-4.695910,5.929708,-10.240961,-0.399749,1.860209,-0.448193,-8.497284,-6.542066
resume_0719,-8.593698,-5.002189,-1.505329,-4.265771,-0.658625,3.152141,-4.273147,-1.767711,-2.282051,-7.169809,-9.244702,-8.048639,-8.569457,7.217300,-10.969448,5.210405,8.502823,0.251586,-8.937570,6.014210,-1.772966,-1.630303,7.193039,-10.009041
resume_0720,-7.240334,-4.226823,-2.901654,-3.649946,-0.236982,2.802183,-4.265137,-0.397307,-3.360536,-6.517498,-8.396262,-8.241111,-7.154168,8.267908,-8.879214,4.435841,6.360076,0.719123,-9.672839,5.378257,-2.453500,0.428444,7.862426,-8.174230
resume_0721,-7.030371,2.184806,0.493270,4.366320,-3.547743,-4.639998,5.149813,-3.983100,-8.003222,-3.027048,-7.385979,0.915389,8.551568,6.270052,-0.823661,9.606071,0.741451,-3.206724,-0.427158,6.613864,-5.660536,-1.844485,-4.887803,4.556020
resume_0722,-9.304949,-6.010869,-9.373978,-6.294058,-5.523229,-5.596395,6.879574,0.799506,-4.539671,-8.348302,-1.162009,-9.083931,5.806914,9.621765,-3.200860,1.996280,-5.122036,5.861565,-9.352128,-0.525957,2.919873,0.799457,-7.023282,-5.168763
resume_0723,-8.592371,-5.865862,-9.475175,-4.917134,-5.631644,-6.158995,5.892486,2.571205,-4.356011,-9.884095,0.098735,-9.224347,5.996761,9.124599,-2.783834,2.002045,-4.862467,4.953728,-11.502618,-1.027034,3.034691,-0.452302,-8.029731,-6.282588
resume_0724,-7.787056,1.604858,-0.104079,3.824802,-3.705975,-4.913187,5.385101,-4.198634,-6.557482,-2.815167,-9.262165,0.041108,6.967820,7.153099,-0.229429,9.886520,0.486211,-2.682523,-0.564778,6.845245,-5.060599,-3.558653,-6.734342,4.202311
resume_0725,-9.927296,-4.197289,9.902210,-0.495852,5.371138,4.436683,1.686748,5.625259,7.209051,-4.146979,6.678929,-9.455622,-6.114401,-4.336948,1.511161,3.308071,-9.489106,-4.728594,-1.122282,-5.341828,2.636931,7.662210,-7.745366,3.261430
resume_0726,-7.169822,2.007139,1.177137,2.943266,-2.460418,-5.362758,5.351759,-5.114446,-7.077437,-4.405586,-9.689064,2.056378,8.368820,7.154952,-0.951242,9.972633,0.023007,-2.451662,-0.307382,7.111841,-5.470287,-2.062805,-6.131573,4.839791
resume_0727,-8.808681,-6.031579,-9.233959,-5.274713,-7.061224,-6.161305,5.635938,1.542927,-5.540789,-8.327290,-0.722106,-8.994153,5.643077,8.861884,-2.423024,2.268349,-4.001225,5.405270,-10.405769,1.245921,3.075605,-0.271248,-6.785926,-4.923692
resume_0728,4.667002,-1.714457,4.529218,2.701797,-7.742059,-1.029154,7.559406,8.359985,-5.613458,3.319195,-9.320692,8.931155,-3.932120,-0.903536,3.398947,6.612901,8.867258,3.183916,1.958608,5.763030,-9.795493,4.663732,-4.529785,0.885198
resume_0729,-7.095918,-3.413535,-2.525508,-3.347020,-1.335178,3.512984,-3.902456,-1.589369,-3.356864,-6.789392,-8.149415,-8.845437,-6.796458,6.457551,-10.082792,4.794530,7.571144,-0.332246,-9.758384,4.579519,-1.586469,0.019923,9.091564,-9.907709
resume_0730,-9.493323,-3.710940,10.179232,0.667593,5.421095,3.442685,2.354587,4.865189,6.076828,-4.388704,7.133444,-9.529608,-5.120809,-5.876881,1.696332,3.175815,-9.133257,-4.778710,-0.119178,-7.026972,2.049372,7.523937,-8.859937,3.668274
resume_0731,-3.593872,4.769767,6.188030,1.431168,6.189212,1.249697,-9.622392,4.629881,2.337017,-2.897616,-5.836708,-5.812939,-9.501766,9.085911,-2.267418,6.420319,-1.863288,-7.809926,-5.054458,9.038690,-2.418302,-6.506499,-2.861489,-7.945928
resume_0732,-8.138709,1.967163,1.171737,3.042683,-3.189639,-5.435633,5.373405,-4.085548,-7.922476,-4.085294,-7.951379,0.584584,8.686127,6.228439,-1.202830,8.843977,-0.630152,-1.752189,0.533678,8.698378,-5.620176,-3.250653,-6.326116,4.288632
resume_0733,-10.074342,-4.815660,10.054634,-0.243714,6.664865,4.512922,1.650176,4.478132,6.846549,-4.147587,7.212604,-9.093534,-4.326010,-5.688263,2.418221,4.150846,-9.365071,-3.558462,0.842007,-6.842061,2.309684,6.434738,-8.898486,2.976341
resume_0734,-9.264579,-6.449675,-8.973731,-6.118816,-5.735152,-5.195520,5.560076,2.670644,-3.760954,-7.431693,-0.549019,-10.185264,6.036991,9.437871,-3.422899,1.963038,-4.298238,5.219873,-9.826905,-0.327445,2.535285,-0.455394,-6.433896,-5.164673
resume_0735,-3.032448,5.631926,6.404130,0.300520,4.440440,2.128260,-9.923363,5.351785,2.106209,-2.912694,-4.757299,-6.601416,-9.574032,9.003755,-2.240240,6.862797,-1.314483,-6.838150,-3.321599,8.785827,-4.652103,-7.777358,-3.331661,-9.465427
resume_0736,-1.844657,5.023462,5.785941,0.661778,5.679902,2.037425,-9.040551,5.551779,3.036670,-3.631787,-6.286198,-7.256020,-9.008389,8.080454,-3.815667,7.094970,-2.411493,-6.327106,-3.656971,9.752137,-1.803891,-7.576005,-2.133108,-10.075781
resume_0737,-10.541425,-6.125507,10.763784,-0.085315,6.642814,3.901596,2.835918,3.981705,7.861614,-4.823584,5.649057,-9.663377,-4.664529,-4.089230,3.287972,2.254274,-9.290730,-5.498549,0.506498,-4.923499,2.125804,7.348763,-7.784142,3.205395
resume_0738,-6.409462,-3.617011,-2.078950,-3.286206,-0.786779,4.243168,-3.371741,-1.045725,-3.752854,-8.264114,-8.575938,-9.861955,-7.748088,7.738259,-9.800903,4.571371,5.602360,0.212342,-8.754504,5.082662,-1.795220,-0.577081,8.470925,-9.045617
resume_0739,-7.555616,-2.796140,-1.394051,-3.769860,-0.569660,3.748528,-3.966223,-0.093950,-4.328271,-7.999365,-6.916047,-9.441608,-7.254294,8.055869,-10.377179,5.627447,6.312953,0.237066,-9.172512,5.358693,-2.515672,-0.480838,8.746844,-9.851563
resume_0740,-6.561777,-3.698040,-2.583429,-3.419244,-1.184090,3.920405,-3.374638,-0.476558,-2.514164,-7.645872,-7.065982,-9.069360,-7.306827,6.076446,-9.624653,5.582633,7.662969,-0.032643,-9.414313,5.093939,-1.658303,-0.381580,7.908869,-9.731537
resume_0741,-4.348866,5.461432,6.454642,10.260722,-6.025898,-3.984395,-6.902104,8.039959,7.684800,5.668307,-3.609177,-8.303723,4.305344,1.063177,-3.430328,8.779080,7.888654,2.679029,0.862712,4.009529,9.397002,-7.246661,-4.572656,-8.467225
resume_0742,-0.905892,-5.158205,4.186504,2.010414,8.156648,-8.558368,6.407958,-0.756221,-0.223052,-1.031773,-8.498211,-8.221569,4.472686,3.447300,-1.096144,0.252578,-2.635794,-1.406079,-6.894372,7.024017,0.321587,1.786035,1.817452,-8.204317
resume_0743,-7.853435,-3.881300,-2.316037,-2.364597,-0.073705,3.956643,-3.772504,-0.921079,-1.716588,-7.714713,-8.710718,-8.447654,-7.352076,8.008927,-8.882829,5.475238,7.734082,0.102499,-8.140856,6.134398,-2.080584,0.102421,7.969903,-9.883962
resume_0744,-7.436850,1.587732,0.925283,4.407723,-3.058166,-4.171316,4.778209,-3.792634,-8.056099,-3.657887,-8.364531,0.732388,8.349485,6.016753,-0.123291,10.130905,0.114735,-3.891773,0.394546,6.918234,-5.349030,-1.909303,-5.727692,5.617642
resume_0745,0.403706,-4.504131,4.511882,2.231079,9.732873,-9.042007,6.359849,-0.110826,-1.799973,-0.283117,-7.037952,-9.628288,5.207171,3.336005,-1.762961,-0.053089,-1.179420,-2.190371,-5.109540,6.269900,1.082342,2.893264,2.607125,-6.044134
resume_0746,-9.861276,-4.701801,8.242051,0.669828,6.987243,4.652682,2.777311,4.909471,8.868531,-3.575657,6.759885,-10.351123,-4.878930,-4.651240,1.769286,2.853754,-8.975852,-5.040628,0.546477,-6.118665,2.032433,7.938605,-7.485074,2.847964
resume_0747,4.692789,-1.444217,3.363203,1.359985,-7.786678,-1.040090,7.439113,8.742826,-4.794273,2.650249,-8.467304,9.552964,-5.503291,-0.746729,1.039075,7.988512,9.697874,4.332743,1.999221,5.427754,-10.050021,4.261198,-4.150909,2.131519
resume_0748,0.856041,-6.320753,4.008600,2.806658,9.134047,-9.087617,6.427941,-0.221216,-0.953543,0.240063,-6.234342,-8.351333,4.965013,3.359395,-1.461754,-0.294894,-2.448485,-1.746250,-6.119798,7.016714,-0.380809,1.960681,2.522367,-7.100000
resume_0749,-2.908122,4.567644,5.791333,0.777328,3.987950,0.651840,-8.912769,5.598708,2.470966,-2.822555,-6.459796,-6.974707,-9.513548,9.504458,-1.535710,7.710325,-1.927434,-6.956796,-4.584894,8.452775,-2.869476,-8.369837,-2.984589,-8.566052
resume_0750,4.571102,-1.538124,3.643369,1.702413,-6.847193,-1.192743,8.516995,9.393538,-5.868401,2.749030,-7.736303,9.166844,-4.992682,-2.417486,2.464657,6.841249,9.328594,3.979838,0.710151,5.181710,-8.935785,4.762571,-4.734388,2.256127
resume_0751,-9.427811,-6.367405,-9.299667,-4.987350,-6.423776,-6.178359,6.449845,2.397808,-5.055320,-8.618631,-0.630556,-8.811861,7.031897,9.616312,-2.591245,1.568945,-4.374709,6.025238,-10.955493,-1.069117,2.782047,-0.197767,-8.464423,-4.965883
resume_0752,-9.137737,-3.871337,9.567133,0.103536,5.644838,3.258181,1.764917,4.813349,8.005285,-4.288413,7.009500,-9.314647,-5.597695,-4.822709,1.371291,4.142710,-8.627374,-5.315705,0.223791,-4.988777,1.497699,6.897038,-8.903677,2.875167
resume_0753,-9.020814,-3.126532,-2.932290,-3.442202,-0.991252,5.266655,-3.302985,0.322794,-1.568542,-6.890987,-8.364828,-8.599977,-8.137066,5.819369,-9.791500,4.584388,6.385348,0.346960,-8.616275,5.841192,-1.541328,1.204615,7.435458,-8.589310
resume_0754,-7.303734,-3.689520,-1.608740,-4.055008,-0.850203,3.243866,-4.193385,-0.434005,-2.221610,-6.439154,-8.645918,-10.028621,-8.264193,7.829893,-9.534633,3.394687,7.771766,0.181770,-8.712993,5.142509,-1.653953,-0.635410,8.583243,-8.814716
resume_0755,-8.383790,-7.097490,-7.657583,-4.643734,-6.996884,-7.274025,6.224215,2.014372,-3.345456,-8.663977,-0.462022,-9.346466,6.658665,9.246273,-2.273589,1.157667,-4.231347,5.707377,-10.953470,-0.222093,1.990397,0.056987,-7.977009,-5.878259
resume_0756,-6.117730,3.233977,0.702834,4.025319,-4.351508,-5.048363,5.092750,-3.590815,-8.136910,-4.540364,-7.978134,1.277558,8.688511,6.435574,-0.457482,9.023089,1.660259,-3.892878,0.409374,8.254802,-5.529323,-1.461357,-5.839335,4.132181
resume_0757,-0.842966,-5.508295,6.272966,2.670971,8.729298,-8.696670,6.911262,0.296738,-0.826488,1.002071,-7.102383,-8.182321,5.418755,2.956434,-1.348607,1.777058,-2.663802,-2.319330,-6.055097,6.062028,0.838584,2.806142,3.456747,-5.892587
resume_0758,-8.404874,-6.944207,-8.489739,-5.446200,-5.965968,-6.567887,4.650638,1.051807,-4.509518,-8.821369,-0.201051,-9.403644,6.762910,8.082092,-3.257936,1.234898,-4.357201,3.640207,-9.449327,0.213656,2.479529,1.563155,-9.131863,-5.320978
resume_0759,-3.972670,4.855389,6.087620,0.953232,4.817076,0.857410,-8.136809,5.121849,2.118928,-3.544954,-4.965747,-7.827461,-10.232645,9.028798,-3.060236,6.990769,-1.552298,-7.661900,-3.156266,9.055871,-2.620380,-8.050066,-2.275467,-9.555370
resume_0760,-5.420376,4.855543,6.241653,10.038263,-5.818462,-3.732350,-5.875610,9.082689,9.739230,5.664309,-3.412829,-6.707807,3.938794,0.574107,-4.514848,8.584814,6.554504,1.646409,-0.146019,4.135057,8.397632,-6.960225,-4.381887,-7.331682
resume_0761,-2.917352,5.431443,7.112589,10.272125,-5.327108,-2.010494,-5.374646,9.369807,9.975918,6.186812,-3.925841,-7.910410,5.110649,-0.209853,-3.530924,7.938420,6.508703,2.153220,0.611768,4.658142,9.232725,-8.809211,-4.518050,-8.403742
resume_0762,-6.613846,1.459848,0.930750,3.856705,-3.138591,-4.158255,4.710230,-4.376601,-7.423016,-3.513249,-8.223459,0.907511,8.484418,5.928309,-0.039800,8.888138,0.438182,-1.837964,0.079837,7.548902,-5.659011,-1.766052,-5.410428,4.930557
resume_0763,-9.280531,-4.800360,8.979723,1.775862,5.985975,2.703240,2.678636,5.520210,8.913918,-4.166468,6.525113,-9.325697,-5.317430,-4.775799,2.004316,3.729027,-9.419685,-4.560281,-0.883335,-4.994863,3.077124,7.280104,-8.805199,3.327886
resume_0764,-3.294185,4.943073,5.581134,2.049398,5.499089,1.591590,-8.311595,4.264650,1.450531,-4.657565,-6.345486,-6.772664,-11.080479,9.035168,-3.649436,6.173383,-2.858227,-6.317450,-3.870568,8.089676,-2.467420,-7.747035,-3.348033,-9.393944
resume_0765,-6.773475,1.870512,0.204526,3.579630,-3.719745,-4.044595,5.062702,-4.751526,-8.216491,-3.089714,-7.552174,0.472903,7.897346,6.824340,0.477095,8.440487,0.160835,-2.963903,0.837367,7.398104,-6.648558,-2.548403,-6.368494,4.445401
resume_0766,4.209307,-1.295978,4.748038,0.951966,-7.773896,-0.672701,8.207671,7.717419,-5.711293,3.826755,-7.440378,9.552343,-4.953994,-1.895658,2.376564,6.540252,10.761251,3.451555,1.509347,4.563058,-9.905900,4.562152,-5.395123,2.802369
resume_0767,-3.001785,6.159870,5.925585,0.449025,4.647555,-0.259415,-8.826271,5.104511,2.278492,-2.995190,-6.279033,-6.997629,-10.336961,8.872895,-3.032572,6.250805,-2.638612,-7.692083,-3.870438,8.622978,-3.742527,-8.252708,-2.502595,-9.397135
resume_0768,-6.768116,-4.696693,-1.858180,-3.019451,-1.015539,4.138209,-5.568686,-1.100052,-2.550176,-8.377654,-8.701113,-9.323502,-7.359932,7.623175,-10.519733,5.175788,7.182068,-0.476074,-8.572471,4.774919,-1.816515,1.011002,7.804835,-9.291740
resume_0769,0.471024,-5.666903,2.680516,3.019301,6.702477,-8.516305,6.259318,-0.563085,-0.603039,-0.657710,-6.919869,-9.327688,5.281634,2.566093,-2.534883,0.981128,-2.542806,-1.558727,-4.640919,6.485441,1.074464,2.581134,2.578284,-6.653147
resume_0770,4.122430,-1.010649,4.021219,2.324010,-6.836125,-2.196168,8.600200,7.989046,-5.477191,3.155566,-7.928246,9.272178,-4.912959,-1.502370,1.994908,7.519629,10.643721,3.724184,0.268053,5.544203,-8.727206,5.045869,-6.517803,2.663770
resume_0771,-5.027353,5.842787,5.509480,9.959450,-6.595848,-4.007879,-4.607175,9.303059,8.331686,6.779385,-3.674144,-7.084965,3.765389,1.111121,-2.384322,8.068059,6.708123,2.591596,0.245039,3.586981,8.485771,-6.750493,-4.609573,-8.228688
resume_0772,-7.515683,0.887219,0.880772,3.579240,-3.104983,-4.745988,6.559212,-4.994896,-6.941854,-4.114998,-8.991972,1.521579,7.962174,5.094736,-0.550098,8.738658,0.850837,-3.282847,0.594848,8.448522,-5.053602,-2.962826,-5.556582,4.323455
resume_0773,-6.956142,1.533891,0.797154,3.999308,-3.052110,-2.871456,5.721606,-5.452997,-7.773487,-3.716630,-7.641719,0.552383,7.883228,6.829584,0.162072,8.770986,1.593028,-3.497471,0.511040,8.219524,-5.575969,-2.601104,-5.464619,3.929175
resume_0774,-6.087599,2.101482,0.124810,3.629207,-3.133408,-4.385760,5.509350,-4.063038,-8.153671,-3.338986,-7.637353,0.502581,8.594780,5.589843,-0.186830,8.617975,-0.559911,-2.903243,0.667410,7.068263,-6.466771,-3.350872,-5.549471,5.105679
resume_0775,4.305498,-0.765282,4.368449,2.079909,-7.197410,-2.114122,7.632714,7.260555,-5.159296,3.204313,-7.318708,9.298138,-4.684509,-0.642505,1.634294,5.873504,8.864737,4.990268,2.160925,5.637512,-8.804167,5.874799,-6.147552,2.040374
resume_0776,-7.658635,1.592995,1.990376,4.159279,-3.521328,-4.054589,6.234003,-4.215281,-7.429507,-3.953262,-9.128169,-0.130727,8.258746,5.892836,-0.362031,9.911864,0.688551,-2.561918,0.305211,7.817362,-5.122720,-1.503346,-5.782950,5.370033
resume_0777,-7.822776,0.914938,0.761228,4.067022,-2.046379,-4.188318,6.301939,-4.154550,-6.372857,-4.222075,-7.347552,1.833488,8.898911,6.266579,-1.217374,9.005162,0.286150,-4.351398,0.126280,7.807195,-5.701314,-2.422694,-6.461955,4.728301
resume_0778,-1.597025,4.606127,4.892799,0.569488,5.039102,1.740123,-9.836114,4.718271,2.832612,-4.244918,-5.720620,-7.155264,-10.034763,9.742346,-1.900946,5.737445,-2.192430,-6.963953,-4.247064,9.507887,-2.706594,-7.581957,-1.833810,-9.583594
resume_0779,-2.801275,4.959591,4.927400,0.073799,3.969989,1.664409,-9.097122,5.043136,2.668286,-2.002716,-5.323946,-7.372320,-9.874414,8.855816,-2.417186,8.551137,-3.306874,-7.141951,-3.720041,9.510353,-2.959663,-7.920566,-2.548416,-9.291829
resume_0780,-7.383532,-2.933493,-2.137734,-4.415920,-0.909314,4.359590,-4.010043,-0.651706,-3.591824,-7.514433,-8.149838,-9.235689,-8.288976,7.097455,-10.640888,4.542283,7.043403,0.578048,-10.041974,6.090323,-2.081627,-0.090679,8.184001,-9.992270
resume_0781,4.523078,-1.577939,4.484431,1.095887,-6.826509,-1.509170,8.005316,8.632738,-5.125694,2.800282,-8.370411,10.016125,-4.622450,-1.550960,2.990654,7.081678,8.981215,3.681657,0.911713,5.024693,-9.657012,5.672293,-3.992166,2.219631
resume_0782,-7.479139,2.702399,1.223378,3.283920,-2.403283,-3.909254,5.234014,-5.209003,-6.799816,-3.870327,-8.953225,2.004191,9.277955,5.628906,-0.350820,8.611350,1.059201,-3.676568,-0.690879,6.941691,-6.210539,-2.059721,-5.345352,4.132932
resume_0783,-7.819406,-4.076161,-1.689187,-4.215576,-1.199815,4.076135,-3.712946,-1.554022,-3.662422,-7.683624,-7.765768,-8.943583,-6.666098,7.503379,-10.279001,4.625792,6.930842,-0.438005,-9.163800,5.191517,-1.481265,1.143497,8.157325,-9.403249
resume_0784,-2.245847,5.205668,6.066622,1.194513,4.720040,1.089982,-9.134179,5.822610,3.088978,-4.762222,-5.366447,-7.044701,-9.018184,7.996637,-2.461993,6.306351,-2.874790,-6.486140,-2.811295,9.523043,-1.540295,-6.985234,-3.318594,-9.352223
resume_0785,-9.887752,-3.642656,10.484371,0.403377,6.954094,3.999673,2.687653,4.757163,8.121617,-5.245784,6.936073,-8.807572,-4.758897,-5.237217,1.895330,3.187860,-10.133429,-5.569586,0.740554,-6.257916,2.474883,6.169874,-8.209300,3.946873
resume_0786,-7.475812,1.771497,1.193224,2.653181,-3.625119,-5.649550,5.255462,-5.026835,-7.997579,-4.526043,-6.688829,0.663903,8.138492,7.273410,-0.751219,8.795010,1.572890,-2.797672,0.172815,7.319827,-3.789757,-2.760913,-5.392872,4.405669
resume_0787,-8.235933,-3.885562,-1.865758,-3.791586,-1.822678,3.624398,-4.083850,-1.042424,-3.123209,-8.090853,-7.708940,-9.655960,-7.143571,6.877178,-8.709059,3.259308,6.740903,0.396804,-9.132904,5.979111,-1.972023,0.383670,7.454154,-9.863720
resume_0788,-8.805730,-4.341967,10.125214,0.047003,4.057351,3.098362,2.145597,5.214528,7.103485,-5.160199,6.659610,-11.486138,-4.824279,-4.483911,2.608414,4.309139,-9.051437,-5.286505,-0.643519,-6.005151,2.255636,5.945549,-9.026652,3.455168
resume_0789,-4.207064,4.499004,6.372253,9.997515,-6.074464,-3.248172,-5.349729,9.129972,8.290906,6.465874,-3.853804,-8.079611,5.751851,-0.138333,-3.596587,8.927641,6.660325,2.516711,-0.555278,4.133639,8.725071,-7.413407,-4.143244,-8.262066
resume_0790,-3.918676,4.362074,6.208919,1.650451,5.663540,0.665460,-8.803223,4.713941,2.936181,-2.944607,-7.333431,-7.029233,-9.980248,8.606377,-1.909958,7.454313,-1.372733,-5.892627,-4.781594,8.566481,-3.572817,-8.801938,-2.545262,-8.358213
resume_0791,-3.745737,5.016671,6.616264,9.128054,-6.266326,-3.957480,-5.835749,10.271110,8.997359,5.016440,-4.005196,-8.927784,3.221620,-0.604010,-3.577963,8.585787,6.604943,2.253298,0.337858,4.899061,8.938259,-7.130255,-3.713383,-8.118286
resume_0792,-4.112040,4.662351,5.684650,9.515293,-5.388224,-3.274664,-5.284139,8.834012,9.092511,5.838195,-3.376599,-8.486557,5.277133,0.466030,-3.113225,9.149058,6.636029,2.700963,0.043769,3.920808,8.615924,-6.187559,-5.372633,-7.499677
resume_0793,-1.058914,-5.516623,4.445032,3.232797,8.349783,-9.655542,7.485248,-0.341579,-0.577490,-1.076175,-7.841931,-8.551269,5.526549,2.630474,-1.872531,0.537709,-2.118232,-1.187606,-5.621753,7.378858,-0.164360,2.808095,2.783742,-6.586435
resume_0794,-1.348292,-5.049233,4.334095,3.028359,8.298399,-8.842897,7.177772,0.644567,-1.719143,-1.351298,-6.395043,-8.199833,5.078370,3.468240,-2.582239,0.256190,-2.608275,-1.890497,-5.944438,6.852018,0.519066,1.544680,2.850371,-6.136122
resume_0795,-9.004401,-4.002996,9.560452,0.469398,5.956108,3.724753,1.602127,4.755523,8.317175,-4.808731,7.343707,-9.868276,-6.524144,-6.335940,1.291450,4.005949,-9.711156,-4.876055,-0.563343,-5.927905,2.911122,6.790835,-9.320166,4.512349
resume_0796,-2.681345,6.149352,6.042273,1.279405,4.782441,0.616797,-9.334786,5.219065,2.827674,-3.465941,-5.754412,-8.015221,-9.862198,9.680677,-3.131124,7.119643,-2.686999,-6.719690,-3.698421,9.406884,-2.352399,-7.853518,-2.136939,-10.006595
resume_0797,-7.462023,-3.518061,-1.306370,-2.614331,-0.915001,4.365020,-3.324317,-0.330733,-2.250378,-7.882683,-7.345250,-9.998426,-8.109562,6.814673,-9.034523,4.953421,7.622143,-0.012352,-7.722898,4.923806,-1.402946,-1.704415,8.341443,-9.211077
resume_0798,-8.288011,-3.586756,-3.454572,-3.533821,-0.943019,3.773999,-4.895588,-0.835664,-2.307498,-7.469706,-8.098970,-11.054386,-8.482274,7.037277,-9.990802,4.275234,6.848826,0.167431,-9.388810,4.768720,-1.573572,-0.122047,8.340402,-9.115433
resume_0799,3.376975,-0.505176,3.256342,2.003068,-7.490058,-0.952641,8.434856,8.860337,-5.441088,4.105218,-8.572273,10.076009,-5.809326,-2.224086,2.163315,7.119646,9.990635,4.477013,-0.480198,5.597820,-8.107225,5.167497,-4.081000,2.390010
resume_0800,-2.377475,5.311170,4.896456,1.914120,4.711668,0.743327,-9.853907,6.109485,3.258678,-3.148919,-5.113771,-6.371302,-9.190339,10.078630,-3.178847,6.496740,-2.113185,-7.620575,-3.889009,9.525769,-4.071152,-8.068419,-3.385801,-9.175776
resume_0801,-4.173739,5.451024,5.739758,10.949820,-6.650834,-3.727871,-5.733432,7.861154,8.985004,6.458621,-4.744064,-8.681757,4.786600,0.165975,-4.454710,8.907460,7.836898,2.221370,0.182177,3.629708,9.026509,-6.858891,-4.475692,-7.910584
resume_0802,-6.960924,1.750074,0.469906,3.826123,-3.290899,-4.822194,5.213249,-3.657146,-7.891749,-4.131342,-8.529178,0.450659,8.187005,4.863196,-1.284484,9.637093,-0.066876,-3.873050,0.311557,7.310435,-5.794714,-3.117392,-6.661540,4.771152
resume_0803,-4.860120,5.146581,7.075023,9.571465,-5.887674,-3.453383,-5.646510,7.419744,8.617079,6.147672,-3.899780,-8.160469,4.391143,-0.202291,-4.087104,8.783710,6.549478,2.651889,-0.186152,4.630655,9.415690,-7.535355,-5.562921,-7.830931
resume_0804,-4.413293,4.226907,6.835788,9.468270,-6.323819,-2.629822,-5.043635,9.249886,8.462408,5.557828,-4.722648,-7.766410,4.626189,0.020513,-3.816496,8.428623,6.428796,1.881530,0.623810,3.878654,9.168297,-7.213903,-4.941273,-8.675027
resume_0805,-3.748424,4.474000,6.797917,0.692621,4.649114,1.415086,-9.196568,4.240524,2.193351,-4.521960,-5.785710,-8.360510,-9.141570,8.847533,-2.783589,7.564337,-1.726241,-6.399899,-4.588428,8.553402,-3.181416,-8.405785,-2.902230,-10.210977
resume_0806,4.308045,-2.178918,3.482569,2.537567,-7.594169,-1.042598,8.536720,9.080960,-5.783007,4.199704,-7.436410,10.476239,-5.103252,-2.874937,1.857459,6.188260,8.350473,3.350506,0.685855,5.273640,-8.088509,6.140639,-5.006038,2.871006
resume_0807,-7.503308,-4.270189,-1.995517,-4.002025,-0.453174,3.382850,-4.084862,-0.664548,-2.702875,-7.551353,-7.856175,-9.377253,-7.501697,7.115015,-9.287471,5.227398,7.317130,1.301363,-9.639618,4.563146,-1.699527,-0.086625,8.476925,-7.133112
resume_0808,-4.572916,3.703568,6.869859,8.931328,-7.469938,-3.607098,-5.416678,9.426126,8.933624,6.522214,-4.290261,-7.839500,5.537709,-0.411908,-4.640408,8.271626,6.078490,2.569200,-0.517088,4.283805,8.749765,-7.460361,-4.853118,-8.328978
resume_0809,4.557088,-0.279332,5.155138,0.148962,-7.117039,-1.904960,7.936886,8.385008,-6.198837,4.186613,-8.362749,10.183430,-5.366385,-1.048489,1.398756,6.765660,9.644222,3.957958,0.794534,5.896792,-9.199071,5.296652,-5.952337,2.586348
resume_0810,-5.229603,3.707458,6.458151,9.897001,-6.164598,-3.570392,-5.061075,8.493829,9.508582,5.905082,-4.597361,-7.751483,5.431400,0.755698,-4.161589,9.209746,6.799517,2.655953,-0.617271,4.876887,8.767559,-6.569897,-5.142665,-6.941987
resume_0811,-8.531011,-5.680877,-8.164004,-5.226279,-6.408910,-5.625638,4.447872,1.950076,-4.527684,-9.338409,-0.723664,-9.130928,6.175177,9.617941,-2.918247,1.507485,-4.106037,4.903612,-9.296839,-0.403976,2.647676,-0.194145,-8.540263,-5.237710
resume_0812,-6.827152,-3.714520,-1.122169,-3.447696,-1.762995,4.482116,-3.662585,-0.865329,-2.717041,-7.103838,-8.823846,-9.207876,-7.298044,7.571233,-9.648451,3.970587,7.327435,1.082849,-8.775842,4.801639,-0.939269,-1.702629,8.062900,-9.290106
resume_0813,-9.610539,-4.300690,9.972465,-0.066946,6.739827,3.444456,1.647108,4.783209,7.407079,-4.701686,5.679994,-10.976582,-5.000229,-5.022200,1.895507,4.367540,-9.254022,-5.788580,0.621929,-5.099345,2.598098,7.894471,-8.444227,2.400088
resume_0814,-9.153661,-6.194481,-8.672733,-5.363500,-6.179170,-4.481337,6.092393,1.643919,-3.991989,-7.682847,-0.640946,-8.616898,5.411215,8.351098,-3.052555,1.221528,-5.033483,5.144696,-9.997070,0.481791,2.749267,0.174045,-6.781980,-5.010091
resume_0815,-2.137583,4.634123,5.673720,1.188458,6.404812,1.663659,-9.009854,5.669676,3.528073,-2.952291,-4.266166,-7.163837,-10.524373,7.707849,-3.019167,7.103825,-1.789614,-6.019571,-4.398218,9.060359,-3.832476,-8.283890,-2.683179,-9.462257
resume_0816,-3.089967,5.209976,6.229234,1.008930,4.212988,1.299300,-9.622517,5.980794,1.954479,-3.559632,-5.366068,-6.657092,-10.002630,8.369046,-3.453409,6.878185,-1.636301,-7.399804,-3.654140,10.128493,-2.774957,-8.445715,-2.590600,-9.546377
resume_0817,-8.477049,-5.771247,-9.807223,-5.286841,-6.243836,-7.026965,5.146413,1.521854,-4.326509,-7.654099,-1.535575,-8.749772,6.320184,8.325930,-3.447512,1.049264,-4.038232,5.098623,-9.596430,-0.955747,1.513171,0.190468,-7.507452,-4.545350
resume_0818,-3.567119,4.651520,6.820323,9.007977,-5.630067,-3.790946,-5.647781,9.611410,8.834903,6.603596,-3.135038,-8.743366,4.088010,0.345136,-3.262778,8.876584,6.848049,1.722959,0.210018,4.245999,9.183970,-6.963582,-4.244077,-7.733997
resume_0819,-7.390146,-3.508897,-1.882883,-3.835365,0.030727,4.215968,-3.920488,-1.327430,-3.045759,-7.354187,-7.066926,-8.687862,-7.572285,6.995903,-10.121006,4.567772,6.734363,1.152649,-8.805334,5.430158,-1.890683,-0.381243,8.596516,-9.176657
resume_0820,-0.423394,-5.685690,5.130564,3.406531,8.740369,-8.206147,6.344193,-1.276531,-1.809153,0.505853,-5.855128,-7.281499,5.982005,3.260355,-2.369186,1.089975,-1.482029,-1.946486,-5.771473,6.708432,-0.012243,1.921591,3.664606,-5.927114
resume_0821,-9.399469,-5.309134,9.399520,0.029879,5.695208,3.333366,1.386015,4.228902,7.968591,-4.066179,7.483813,-10.580170,-5.269727,-4.807296,2.427968,3.649258,-10.225630,-3.114085,0.271943,-5.480511,3.510110,6.863740,-8.066904,2.709301
resume_0822,-7.671509,2.241332,0.912501,3.355196,-3.474720,-4.885349,3.874780,-4.761359,-7.438212,-4.876458,-6.196076,0.840528,7.625390,6.051337,-0.761430,10.065429,0.094484,-2.708666,-0.377491,7.894812,-5.497508,-2.728978,-5.988307,5.274422
resume_0823,-7.564491,2.184543,0.992690,3.655906,-3.480654,-3.672139,6.999083,-4.693314,-6.462716,-3.964225,-6.335431,0.109870,7.745362,6.353538,-0.584363,8.892154,0.146744,-2.735193,-0.088433,7.292518,-6.358933,-3.395245,-6.373235,4.296842
resume_0824,-8.810585,-4.996310,-8.216325,-5.859363,-6.193254,-5.726227,6.441168,3.218846,-4.691283,-8.754345,0.153898,-9.545822,6.406349,9.533493,-2.497246,2.505685,-5.104774,5.546260,-11.003031,-0.326770,1.664981,-1.216042,-8.452062,-5.725510
resume_0825,5.546551,-2.114830,4.274917,1.078929,-7.927743,-1.611544,7.654332,8.720233,-6.019545,2.939866,-8.058830,9.479312,-5.675383,-1.068273,2.159477,7.595399,9.204237,2.664486,0.676427,5.723987,-10.493015,6.557612,-5.184689,3.330839
resume_0826,-8.808522,-5.161382,10.299437,-0.143872,5.903376,3.538058,2.792410,4.993899,7.021490,-3.975383,6.703499,-9.932976,-5.074656,-5.430874,2.029773,3.731046,-9.260843,-5.760555,-0.285853,-5.773829,2.468608,7.449284,-8.782126,3.772135
resume_0827,-7.357544,1.714688,0.972677,4.268029,-3.803089,-4.246733,5.342019,-4.722974,-6.219993,-4.236989,-7.467818,0.691743,7.921261,6.015761,-0.679335,8.854966,1.050444,-2.329176,0.208054,7.541813,-6.016854,-2.603938,-6.033076,5.076891
resume_0828,3.885737,1.053447,4.585775,1.125613,-7.847949,-1.999824,8.316050,7.905333,-6.618353,3.142358,-8.833896,10.029083,-4.263411,-1.768140,1.928201,7.846800,9.916062,3.565601,0.871419,4.628116,-9.401949,5.383119,-5.673609,1.927579
resume_0829,-4.184125,4.097141,7.092679,8.930552,-5.552944,-4.085809,-5.930993,8.097771,8.887826,7.027015,-4.200781,-7.983981,4.015325,0.014943,-3.365481,7.736964,7.730781,2.160691,-0.695483,4.758281,7.337741,-6.853503,-4.845092,-8.611523
resume_0830,-7.370910,-2.722604,-2.644419,-4.448151,-0.689905,3.466521,-3.554850,-1.299303,-2.407820,-7.052583,-8.451717,-9.596323,-7.178721,8.323319,-9.010059,5.777109,7.353422,-0.680175,-8.587103,5.537642,-2.257418,-0.327583,7.298324,-8.872140
resume_0831,-3.086957,4.641173,6.600261,0.502464,5.061964,1.329634,-9.259199,4.100013,2.265397,-4.107919,-5.827619,-7.954283,-10.075500,10.063178,-3.445987,6.006127,-3.688588,-6.514013,-3.621058,9.957711,-2.891275,-8.662830,-3.591172,-8.392437
resume_0832,0.864735,-5.900497,5.431903,3.772757,8.835276,-9.914191,7.333661,0.508581,-1.649016,-0.324853,-7.657068,-7.476680,5.115736,3.405336,-1.649609,0.116474,-1.914094,-1.886055,-5.766578,6.736601,0.576541,2.860114,3.634072,-6.495403
resume_0833,-4.493131,4.923727,6.976833,9.499041,-7.281135,-3.985428,-5.557633,8.097889,9.651346,6.487753,-4.017165,-8.733123,4.358719,0.314173,-2.877761,8.582875,6.408121,2.210331,1.311670,2.657505,8.672871,-7.266607,-4.059793,-7.740151
resume_0834,-7.361355,1.546105,0.911575,4.678112,-3.228416,-5.109857,5.490274,-4.726477,-6.780024,-3.966414,-7.216118,-0.544580,8.257863,6.614909,-0.264226,9.060548,0.051639,-2.570552,1.165539,7.265715,-5.516697,-1.009027,-5.917088,4.698423
resume_0835,-10.341314,-4.688693,8.396465,0.719460,6.665439,4.472044,2.248316,3.689409,7.026306,-4.542161,6.239403,-9.495372,-4.094523,-4.452149,2.619252,4.719420,-8.925778,-5.187930,-0.203320,-6.655987,2.170703,7.426254,-8.441068,4.019603
resume_0836,-7.603325,1.260220,0.793721,4.446366,-3.410725,-4.028893,5.393658,-5.110570,-6.844120,-4.528538,-7.971342,0.412490,8.594494,6.509821,-0.541714,10.086065,1.362751,-2.335772,-0.162300,7.933396,-5.454335,-2.070488,-4.805843,5.665162
resume_0837,0.209030,-5.505645,4.125035,2.659654,8.954360,-9.095226,7.459860,0.579128,-2.015462,-0.507715,-7.408563,-8.715872,5.582569,3.749119,-1.826443,0.893924,-2.447613,-2.497777,-6.294067,6.317113,0.688247,2.664725,2.298592,-6.205262
resume_0838,-2.896578,5.599878,6.261782,2.548410,5.487269,1.180065,-10.282322,5.155744,1.699935,-3.324119,-5.368799,-6.951899,-9.988061,8.890030,-2.937359,6.332180,-1.915704,-6.894740,-4.145386,8.658217,-3.709240,-7.183163,-2.962653,-9.515550
resume_0839,-6.382487,1.390666,1.318303,3.902325,-3.704393,-4.607086,6.376088,-4.831534,-7.736988,-4.527669,-7.534355,1.902866,8.744512,6.232590,-1.329910,9.276968,0.623309,-2.482425,0.882145,7.721220,-6.173783,-1.250054,-6.125041,4.929362
resume_0840,0.010837,-5.506753,3.779060,2.824946,9.455448,-7.559391,6.475853,0.977699,-1.321361,-0.367349,-7.870426,-8.477809,4.875233,2.964579,-1.311611,0.762191,-1.337221,-2.398166,-5.287940,5.257331,0.202996,1.618367,3.082253,-6.481920
resume_0841,-4.421098,4.895539,7.208591,9.355440,-5.890690,-2.548875,-6.159586,8.347371,9.778818,6.947241,-3.310596,-7.149068,4.886676,0.170591,-3.087139,8.657671,7.010235,2.019810,0.550684,4.710830,8.308819,-7.761596,-4.602089,-7.839794
resume_0842,-8.198749,-6.290800,-10.273192,-5.075000,-6.455884,-5.252021,5.861784,2.165949,-4.680290,-8.248929,-0.525579,-9.969500,6.753895,8.875183,-1.797494,1.088906,-4.655516,5.915187,-9.823696,0.303257,1.538747,1.015933,-7.792375,-5.135702
resume_0843,-10.284546,-4.454560,9.808324,-1.080738,5.778541,3.595862,3.872667,5.660908,8.075288,-5.004212,5.895925,-9.935452,-4.507904,-5.449653,1.628788,2.769364,-9.357219,-4.698103,0.008925,-5.935886,3.100492,7.630112,-8.276679,3.250730
resume_0844,-7.060963,2.830088,-0.018543,3.649848,-3.546501,-3.866258,4.209275,-4.688756,-7.939072,-4.195510,-6.488624,1.384578,8.406200,5.668125,-0.989050,9.185309,0.954524,-2.935522,0.049623,7.649436,-5.700149,-2.658357,-6.267703,5.641308
resume_0845,-2.839899,4.158570,6.348488,0.379669,5.251032,1.255556,-9.737070,4.965739,2.387840,-2.680502,-5.824541,-7.069548,-9.485108,9.020198,-3.646325,6.133166,-1.754349,-5.858463,-4.585807,8.280651,-2.976431,-9.111803,-1.081366,-9.376641
resume_0846,-3.972441,4.580630,7.193561,9.525123,-7.133456,-3.139612,-5.827715,9.501501,9.059587,6.011213,-3.435609,-8.628560,3.742457,0.196789,-4.382970,9.166024,6.291245,3.792592,-0.286778,4.639090,8.889042,-7.089461,-5.990727,-7.845821
resume_0847,-9.279566,-3.244722,9.448820,0.352666,6.872452,4.341539,1.659133,4.983348,7.746896,-4.585229,6.297629,-10.035374,-5.797067,-5.213955,2.083138,4.696675,-8.967529,-3.866939,0.148519,-6.204415,1.385208,7.597869,-8.457982,2.563120
resume_0848,5.973715,-1.344710,4.351637,1.074847,-8.089785,-2.188194,7.802424,8.511983,-5.261765,4.629177,-8.286269,10.404308,-5.134691,-3.151962,1.683167,7.596270,10.018811,5.397384,0.826896,5.352105,-8.863068,4.701011,-4.246559,2.602223
resume_0849,-3.043758,4.675369,5.754671,0.082272,4.393930,1.526399,-9.010061,5.544598,3.367580,-3.617751,-6.250891,-8.260305,-9.293449,8.090477,-2.393513,7.533748,-3.099480,-6.557686,-4.668122,8.785334,-2.240176,-8.798679,-2.600646,-9.673511
resume_0850,-9.022406,-3.520459,9.531410,0.230031,5.886999,3.929373,2.454408,5.663893,7.065526,-4.827961,6.522501,-9.799023,-5.873334,-5.120222,1.751526,3.785315,-8.518556,-5.262367,-0.550034,-5.876594,1.632738,7.794038,-7.394488,2.417840
resume_0851,-9.210132,-4.194303,9.545477,0.083116,6.376124,3.535587,2.623362,4.439389,8.126562,-4.935466,6.033332,-9.785647,-4.274949,-4.601484,1.272866,3.093914,-9.135992,-5.293020,-0.520122,-5.080083,3.401405,7.589177,-8.037218,2.559623
resume_0852,3.595133,-0.653997,3.395593,2.076708,-6.895094,-1.766733,7.083441,8.530522,-5.379495,3.915466,-8.376828,9.566633,-4.181084,-1.842600,2.190641,6.862374,10.154712,3.917781,1.056805,5.645986,-10.926834,4.401821,-5.369037,2.594376
resume_0853,-10.167894,-4.625069,10.811828,-0.178877,5.472713,3.942731,1.070770,5.353484,7.706293,-5.283232,5.532904,-8.974343,-5.109929,-4.516402,2.367953,3.769876,-9.726374,-4.868089,-0.855700,-5.290317,2.654030,8.232130,-8.305426,2.457271
resume_0854,-9.459141,-6.261992,-8.621616,-5.070324,-5.966362,-4.971512,6.015130,2.711189,-4.399740,-8.675988,-0.877002,-9.798523,5.704266,8.507747,-3.188508,1.320445,-4.500020,6.137568,-9.944647,0.379385,1.247487,-0.687232,-8.374482,-4.412225
resume_0855,-7.628608,1.709994,0.998167,3.126869,-2.996281,-4.840276,6.198042,-5.033574,-6.818895,-4.554069,-6.942092,0.866576,8.103251,6.016918,-0.707433,9.544733,0.678677,-2.246276,-0.351513,6.972708,-5.600310,-3.036173,-6.088712,4.052282
resume_0856,-9.377941,-5.358689,9.389880,1.247573,6.866581,5.037516,1.615830,4.673091,6.932094,-4.356967,6.039293,-9.932866,-5.458419,-5.456583,2.504722,3.446970,-8.775120,-5.713482,0.894212,-4.606454,2.358686,7.883005,-7.878973,3.103142
resume_0857,-8.452097,2.016499,0.679253,3.883662,-3.382160,-3.785611,5.722593,-5.574100,-8.170123,-4.439659,-7.479969,0.365016,8.801129,6.005363,-0.029783,9.593364,1.386439,-3.139138,0.039124,6.543958,-5.434712,-3.269569,-6.528516,3.932287
resume_0858,-10.380203,-4.361588,10.509169,0.909246,6.440006,3.221805,1.428688,3.515518,7.830884,-3.748835,5.974893,-10.867793,-4.844072,-4.627528,1.896193,2.886320,-8.886358,-5.369191,1.106411,-5.861779,2.475286,7.602981,-9.315793,3.730310
resume_0859,-6.489425,-3.152993,-1.891422,-3.078439,-0.381324,3.456314,-4.439705,-0.125885,-2.430645,-8.241343,-8.077724,-8.334134,-7.706439,7.083233,-10.424363,4.782214,7.132945,-0.023869,-9.350839,4.544682,-1.344941,-0.511075,7.223944,-9.521964
resume_0860,-8.556327,-4.329494,9.812896,-0.236433,6.926995,3.452786,2.149172,5.750726,8.276877,-4.481524,6.054102,-9.223077,-4.917595,-5.140491,3.169295,3.663187,-9.454103,-5.461656,1.625487,-7.074984,1.821647,7.684122,-7.785180,3.452418
resume_0861,-0.305797,-5.824402,3.056056,2.888725,8.855053,-8.722787,6.299151,-0.341067,-0.525787,-0.405486,-7.845465,-8.768125,4.877200,3.608218,-1.858331,1.145743,-1.952585,-0.741149,-5.688967,6.676601,0.123610,1.742819,2.639039,-6.735999
resume_0862,4.176914,-0.674036,4.275554,1.297486,-7.661464,-1.978554,8.188502,8.847272,-6.379720,2.664321,-7.040816,9.463268,-4.670834,-2.828438,2.613402,6.788405,10.063315,4.023880,1.206469,5.575291,-9.517663,5.933771,-4.810946,3.217109
resume_0863,4.646049,-1.583697,4.193133,2.527127,-6.631243,-1.948252,8.876599,7.844358,-6.186277,3.528442,-7.849869,11.058388,-4.434185,-1.363239,2.109413,8.703773,9.698573,3.960016,0.652347,5.470533,-8.997230,5.066380,-4.946530,2.372652
resume_0864,-2.805406,5.053227,4.195574,0.942901,4.845507,0.386285,-9.211378,5.831764,3.526880,-4.264124,-5.854275,-7.622871,-10.305929,7.393937,-2.977973,7.536171,-3.034133,-7.062132,-4.914065,10.054796,-3.022107,-7.715116,-1.137479,-8.815349
resume_0865,-8.682025,-5.532742,-9.150966,-4.733822,-6.214550,-6.253992,5.464630,2.532671,-4.485066,-8.497863,-0.530204,-9.012812,6.570395,9.328851,-2.638261,0.852051,-4.329636,6.174652,-10.043381,-0.072234,1.625337,0.621103,-7.596863,-4.486121
resume_0866,0.019934,-4.990044,3.487314,1.792184,7.509770,-10.350391,6.787012,0.453605,-0.670705,0.063534,-7.140072,-7.755256,4.942786,3.299680,-2.061954,-1.105400,-2.479932,-1.711492,-6.200035,5.515821,0.707540,2.429493,3.397393,-5.579966
resume_0867,4.542863,-1.456924,4.129790,1.273617,-7.359954,-2.041486,8.793969,9.041918,-6.130844,1.927127,-7.872317,9.726552,-5.263559,-1.921479,2.092735,6.860153,8.581483,4.650367,0.226663,5.555381,-8.681875,3.714794,-5.226193,2.311196
resume_0868,-3.146093,5.083860,6.341721,1.622254,5.675297,1.229226,-8.227225,5.294995,2.694298,-3.227298,-6.007016,-6.211989,-10.444972,8.619960,-3.378695,7.251383,-2.249262,-6.620839,-3.954359,8.632331,-2.074440,-8.698082,-3.192754,-9.210289
resume_0869,-4.828112,4.489821,6.652430,9.151676,-5.994751,-3.381469,-4.966467,9.368611,9.808594,6.362966,-3.678438,-7.686926,4.701563,0.686985,-3.846023,8.916162,6.469307,1.457998,-0.737146,4.703647,9.065770,-6.734113,-4.972112,-7.667746
resume_0870,0.102623,-5.059067,4.510371,1.958987,9.122381,-9.660127,6.638641,-0.675668,-1.333327,-0.691918,-7.728353,-9.024472,4.919016,3.598477,-2.621216,-0.153132,-1.644783,-1.345125,-5.012272,7.400601,0.064730,2.734044,3.160611,-5.769640
resume_0871,-8.497441,-6.612674,-8.906852,-5.903867,-6.893540,-6.442847,5.112204,2.166716,-5.309053,-9.248996,-0.789955,-10.181070,5.824092,9.771719,-2.449203,1.440039,-4.432898,5.057894,-9.371872,0.544222,2.331895,0.113244,-7.457228,-5.318210
resume_0872,-5.784415,-2.968695,-2.201102,-3.187493,-0.671874,4.851460,-3.731047,-0.469631,-2.251659,-7.476852,-8.618426,-8.888845,-8.069471,7.233057,-9.891062,4.757391,6.138350,-0.660127,-9.014303,5.041224,-2.231181,0.033181,7.728056,-9.585367
resume_0873,-3.304175,4.838500,5.348445,0.696527,4.965435,1.843743,-9.838224,5.319764,2.154020,-3.646696,-5.925467,-6.616897,-10.227097,9.070001,-3.486549,8.247090,-3.137202,-6.588012,-4.263994,9.784384,-3.226119,-6.632343,-3.356551,-10.043577
resume_0874,-8.408826,-4.244314,9.238303,0.334403,6.547111,2.960104,3.259148,5.488147,7.330491,-4.570184,6.114661,-11.233138,-4.579114,-4.164248,2.384895,2.735414,-9.015314,-5.127498,0.062451,-5.297363,2.065620,6.463121,-7.620179,2.932750
resume_0875,-5.197286,4.422812,7.481513,9.145988,-7.483219,-2.056785,-6.038860,9.381975,9.000124,4.884517,-3.521565,-7.980860,4.511967,-0.455786,-3.811226,8.480258,6.531972,2.250980,-0.739041,4.049484,7.940699,-6.793489,-3.665456,-9.411072
resume_0876,0.090996,-4.311815,3.918916,3.737487,8.256733,-9.049932,6.372147,-0.225998,-1.305251,-0.288560,-6.913757,-9.257113,5.104601,3.596158,-1.901896,1.090280,-2.768206,-2.778772,-4.709690,6.210665,0.256549,2.820437,2.260156,-5.913009
resume_0877,-4.175113,5.313868,6.852874,9.441627,-7.049845,-3.318358,-5.804858,8.522109,9.588346,5.761366,-4.190415,-8.925159,5.108191,0.285464,-3.646645,9.626462,5.991715,1.868166,0.610077,3.656165,8.423661,-7.337420,-4.693598,-7.426145
resume_0878,3.410244,-0.868532,4.099301,1.461769,-6.488973,-1.830026,7.638436,7.949600,-5.174019,3.170047,-8.112930,9.720916,-4.793018,-3.314872,2.539038,6.946477,9.835504,4.096767,0.750502,5.393585,-8.116519,5.034189,-5.567204,2.381515
resume_0879,4.227089,-0.909454,4.234153,2.005583,-6.729060,-1.474867,9.084312,9.179393,-6.261559,3.971602,-7.268551,9.740414,-5.444306,-1.684880,1.707896,8.296326,9.414266,4.201499,0.529414,4.732683,-8.499212,5.061497,-4.143735,2.412494
resume_0880,-8.395256,-7.134536,-8.068999,-5.171182,-6.292648,-6.357061,4.792675,1.984071,-4.086241,-8.454979,-0.682506,-9.418301,7.057596,9.216810,-2.300317,1.995712,-5.140633,5.225898,-10.381943,1.072093,1.460944,0.977633,-7.968098,-5.095642
resume_0881,-7.872240,-4.486933,-1.580694,-2.748734,-1.412003,3.419739,-3.516826,0.393899,-2.790338,-8.336149,-7.134700,-9.072222,-7.397028,6.862687,-9.826823,4.263478,7.486253,0.431909,-7.777406,6.183307,-1.793261,-0.729550,8.021606,-9.616382
resume_0882,-3.557084,4.945668,5.301017,1.821706,4.710282,0.810194,-8.598994,5.426233,2.240130,-3.819717,-5.579572,-6.946595,-9.593071,8.915029,-3.200011,6.061904,-1.681954,-6.243767,-4.736723,9.453252,-3.692678,-8.644771,-2.659572,-8.103559
resume_0883,4.974946,-2.238939,3.104439,1.234576,-7.767450,-2.080513,9.038602,8.115430,-5.016365,3.505440,-7.934291,9.706127,-5.220469,-2.561771,2.680176,7.005915,10.221192,3.911921,1.086098,6.011212,-9.214136,5.003491,-5.669594,3.142716
resume_0884,0.632038,-4.381285,3.749979,3.511605,9.339180,-9.501872,7.573982,0.247998,-0.954876,-0.201604,-6.661418,-8.871563,5.874150,4.045281,-1.142047,0.619763,-1.141284,-1.333724,-5.343089,6.341671,0.357879,1.775624,1.790819,-5.908682
resume_0885,-4.392295,5.431407,6.366967,9.962877,-7.257447,-3.393519,-5.057675,9.195978,9.576436,6.184051,-4.854577,-8.376667,4.641650,0.576200,-3.963517,7.808493,8.277158,2.270762,-1.290162,4.190231,8.901838,-6.672532,-4.998471,-8.595603
resume_0886,-8.105756,-7.642007,-8.685354,-4.404928,-6.671664,-5.595341,5.580791,2.444247,-3.869424,-9.150863,-0.334830,-9.032699,6.493387,8.838664,-1.814888,2.540376,-4.526154,4.508088,-9.474163,-0.464510,1.120779,-0.077727,-6.188209,-7.090839
resume_0887,-8.424830,1.566354,1.509884,3.541847,-3.110029,-4.240009,4.857347,-4.004526,-6.969580,-2.757282,-8.372361,-0.310179,8.113887,6.056574,-1.183098,9.646146,0.805807,-2.040431,1.583566,7.300392,-5.870435,-2.407187,-5.450141,3.861356
resume_0888,0.176487,-5.738093,5.127940,1.510458,8.523811,-9.417275,6.868678,-0.344799,-1.552215,-0.477191,-7.555608,-7.546996,4.172160,4.036012,-3.288700,0.253967,-1.824072,-1.129625,-5.464106,7.360498,0.611119,2.178509,2.432185,-6.911317
resume_0889,-4.009718,5.135363,7.284330,9.824693,-6.535022,-3.043491,-5.588141,8.279053,8.098745,5.924340,-3.638011,-8.233009,5.167435,0.512178,-2.475428,7.873420,6.311720,1.613133,0.213708,3.257205,8.894003,-7.853215,-5.160606,-7.829223
resume_0890,5.017460,-1.483244,3.763942,0.961961,-8.120084,-1.534882,8.280910,7.727066,-5.258815,2.199377,-7.397620,9.572360,-5.383289,-2.042110,2.978570,6.412961,9.889771,4.391696,-0.704867,5.552796,-8.368468,4.328286,-5.644528,1.913259
resume_0891,-3.992181,4.800808,6.436857,10.192359,-6.191568,-3.258305,-4.371217,9.505615,8.874398,6.335281,-3.903023,-7.988630,4.882099,-0.616046,-3.881313,7.058044,7.022971,1.785410,0.159407,4.469658,8.616478,-7.680375,-5.632687,-9.710128
resume_0892,-1.388989,-5.206609,4.826062,2.522268,7.614002,-10.069811,7.247113,-0.357062,-1.634007,0.099962,-6.579826,-9.236112,4.389533,2.622656,-2.234015,0.384611,-1.475880,-1.142113,-5.524967,6.949174,0.747755,1.285138,3.322456,-5.472236
resume_0893,-9.703527,-4.336132,9.104313,1.096283,7.101935,4.701712,2.898984,4.386819,7.421007,-4.198760,6.195515,-10.413138,-5.931597,-5.372030,1.216697,3.521261,-8.203630,-5.235867,0.163701,-5.481475,1.718145,7.398180,-8.012115,3.411165
resume_0894,-7.013660,-4.571151,-1.736298,-4.241816,-0.606395,4.044044,-3.737476,-0.676482,-2.990408,-7.973976,-7.667169,-8.880521,-7.555635,6.719228,-8.696005,5.135990,7.585140,-0.217668,-8.316022,5.223250,-1.886926,0.154201,8.261728,-9.217156
resume_0895,-4.465703,5.177456,6.987549,10.151221,-6.520138,-3.579409,-4.622665,9.738326,8.549892,6.914664,-3.838337,-8.517784,4.144767,-0.306201,-2.838529,8.435071,7.167425,2.297939,-0.523246,3.355389,9.270957,-6.664634,-5.206753,-7.907672
resume_0896,-7.781389,-2.054632,-2.171643,-4.047946,-0.784418,3.293263,-3.174568,-0.519841,-2.083632,-8.671527,-8.711781,-10.881341,-7.282510,6.320592,-9.718413,4.044417,7.647632,0.105507,-8.730232,5.574780,-2.821283,0.241220,7.432901,-8.306233
resume_0897,-3.326009,4.221012,6.630615,1.724568,3.441292,0.639546,-9.268098,5.244647,2.391252,-2.987431,-6.022300,-5.753005,-9.102925,8.697306,-3.442430,7.120639,-2.306030,-7.477750,-5.377419,8.178328,-3.503781,-7.568488,-1.793289,-9.120227
resume_0898,-7.351133,-3.420389,-2.992683,-3.977689,-0.164045,5.318245,-4.118372,-0.762127,-3.404175,-8.391847,-9.408961,-8.334839,-8.620915,7.088859,-9.105946,4.593231,7.374844,1.773186,-8.720273,5.364451,-1.453146,-0.045353,7.565848,-9.962087
resume_0899,-0.529036,-4.790447,5.320495,2.905709,7.918263,-8.672993,6.486799,0.218398,-0.677652,-0.521863,-7.107759,-8.275696,5.154551,2.474065,-2.333320,1.076284,-1.642931,-1.571029,-5.786307,8.146587,0.860723,2.675142,2.270406,-6.148923
resume_0900,0.534354,-4.999047,3.810721,2.523027,8.504704,-8.956425,6.816159,0.058377,-1.182630,-0.948041,-7.348347,-8.528189,5.621124,4.205652,-2.906280,0.752337,-2.567682,-1.649637,-4.761603,6.883851,0.125969,1.851294,3.051210,-5.389805
resume_0901,0.625391,-5.115135,3.976445,2.347856,8.369296,-9.184388,6.323238,-0.889537,-1.964650,-0.494642,-7.134333,-9.405006,4.841473,3.637013,-1.629640,-0.615931,-1.924041,-2.027599,-6.204297,6.322483,-0.111778,2.699383,2.341767,-5.629757
resume_0902,-8.537988,-6.259507,-7.892629,-5.143610,-5.075026,-5.994195,6.248253,1.421988,-4.314682,-8.923832,-0.799173,-9.864162,6.481898,9.456469,-3.292707,1.170384,-3.142061,4.759957,-10.195453,-1.008905,1.719128,-0.058045,-8.045027,-5.763090
resume_0903,-6.514620,-3.488905,-1.652259,-4.275172,-1.829159,3.162542,-3.521865,0.091698,-4.053473,-7.534821,-7.621365,-9.287363,-8.160392,7.124183,-9.356687,5.014283,7.354816,0.649844,-9.685929,4.680178,-1.039061,-1.839088,7.449720,-10.026486
resume_0904,-3.049235,4.435175,5.671325,0.599101,4.627272,0.578849,-9.613975,5.038579,3.227450,-3.937736,-5.159862,-6.877532,-10.291489,9.517084,-2.544709,6.663681,-1.484160,-7.003770,-3.164096,9.162572,-2.118423,-8.462790,-2.573997,-8.358390
resume_0905,-9.085955,-4.994195,-7.747472,-4.665283,-6.484633,-4.750126,5.037485,2.346383,-3.428226,-8.780762,-0.609723,-9.182352,6.970397,9.779483,-3.385246,1.339934,-4.304000,6.770031,-9.541615,0.553643,1.751623,1.098557,-7.950110,-5.402710
resume_0906,-9.204772,-5.025599,9.630713,0.194243,7.072837,4.422579,2.021646,5.088103,8.553302,-4.010070,5.049659,-9.722052,-4.067729,-4.978131,2.012739,2.505810,-8.024266,-5.349335,0.464383,-5.186019,3.468978,7.390962,-7.921357,3.957742
resume_0907,4.818798,-0.997354,4.120376,2.405960,-8.737231,-1.458412,8.330297,9.253018,-4.806440,4.007560,-8.765124,10.190330,-4.877801,-3.658889,1.869913,6.456034,9.193081,3.446822,0.788396,5.391316,-9.707657,5.636978,-4.283855,2.748096
resume_0908,-9.550995,-3.637662,9.541052,-1.172202,6.928835,4.059715,2.288235,4.582377,8.281439,-4.601880,5.393820,-9.640138,-4.035596,-5.140011,2.118424,3.718351,-8.883378,-4.228108,-0.321648,-4.620186,3.020256,7.820214,-7.991475,3.646468
resume_0909,-6.928085,2.204350,1.108525,3.624467,-2.587209,-4.822205,4.774796,-4.607312,-8.011192,-3.983376,-6.892573,0.453229,9.299335,5.837597,-0.351049,9.256282,1.400004,-3.004956,-0.298017,7.923351,-5.559311,-2.234937,-6.411447,5.008456
resume_0910,-6.816174,-3.756371,-1.957636,-4.902356,-0.689879,3.713031,-4.021327,-1.563089,-2.636543,-6.862970,-7.488062,-10.397470,-7.901590,6.113340,-9.401941,5.297668,7.193164,-0.002361,-9.581577,4.680291,-0.501917,0.126698,7.409265,-9.016177
resume_0911,-7.028559,1.937496,1.199783,3.611531,-3.715211,-4.940148,5.204427,-4.721543,-8.674570,-5.045822,-7.751561,0.719458,8.101539,6.617068,-0.485617,10.183263,1.664372,-1.827769,-1.660432,7.775731,-4.891053,-2.597947,-5.580182,3.902158
resume_0912,0.531933,-5.650268,3.712475,2.868864,8.608755,-8.152357,7.401613,-0.608155,-3.361314,0.226078,-6.575896,-8.438775,5.322475,3.328090,-2.202891,-0.110146,-1.664986,-2.891852,-5.461336,5.234200,0.216011,2.473823,2.370996,-6.313511
resume_0913,-7.425294,-3.485932,-2.129222,-4.461377,-1.189930,4.737351,-3.427381,-0.733768,-2.496898,-7.797059,-7.676446,-9.007487,-7.343163,6.113409,-9.820621,4.939971,6.995933,1.499199,-9.073484,4.627140,-1.983899,0.042133,7.370825,-9.331668
resume_0914,3.916073,-0.958612,3.483383,1.142384,-6.433236,-1.478685,7.030948,8.848764,-5.245936,3.748504,-6.768309,10.000604,-4.745570,-2.738318,2.424338,7.305891,9.350135,3.684663,1.721125,5.936529,-9.430682,4.778602,-4.697148,2.134663
resume_0915,-7.688265,-3.902543,-0.838902,-4.185805,-1.115396,2.078161,-3.375864,-0.355150,-2.955229,-6.827762,-7.309891,-9.908835,-7.557208,6.887574,-9.371657,3.980138,7.898762,0.170399,-9.279564,4.701306,-2.319936,-0.011212,6.576372,-9.205460
resume_0916,-3.900108,4.768349,6.110157,0.138417,5.297717,1.921902,-8.978107,6.023182,2.125827,-4.025828,-5.587434,-7.419522,-10.605053,9.281119,-3.555549,6.463743,-1.751972,-7.268835,-4.062821,8.691608,-1.779392,-7.345739,-2.796760,-8.664371
resume_0917,-9.000782,-5.545587,-9.561211,-4.933987,-6.175168,-5.122130,5.506334,2.646666,-4.529641,-8.617116,-0.679294,-9.429742,6.123381,9.452078,-3.489332,2.014230,-4.568848,4.804756,-9.928720,-0.322184,2.979289,-0.189648,-7.145580,-5.442620
resume_0918,-7.082803,1.442118,1.455767,3.668533,-2.304816,-4.055233,5.652033,-4.209011,-7.540155,-3.004117,-7.385341,2.209752,8.243154,6.532177,0.190739,9.195033,1.046402,-3.275161,-0.262196,7.757032,-4.845756,-1.854602,-5.297104,4.795465
resume_0919,-7.549065,-4.273999,-2.271570,-4.421440,-0.873031,3.422404,-4.102612,-0.749450,-3.341284,-8.196989,-8.447138,-8.422527,-7.792700,7.705657,-9.484723,3.784218,7.487071,0.094840,-8.435079,5.294577,-2.710647,-0.959773,8.455327,-8.228254
resume_0920,-9.274764,-5.311664,-8.817761,-5.693908,-6.597685,-4.836883,6.003787,1.598806,-4.998028,-8.849565,-0.249722,-10.022323,6.744321,8.960803,-3.877765,1.899723,-4.335947,5.426868,-9.745738,-0.641868,0.888084,-0.284377,-8.154768,-5.773442
resume_0921,-6.839569,1.803274,0.657646,3.257968,-3.728478,-4.320756,5.639525,-3.408999,-7.574812,-3.972715,-8.227125,1.228263,7.862257,6.784144,-0.186433,8.596163,0.545173,-3.490511,0.026043,7.694050,-4.975595,-2.266163,-5.324117,4.685647
resume_0922,-7.902209,2.291898,1.588719,3.644850,-3.207669,-3.019786,4.834692,-4.895248,-7.155233,-4.141139,-7.725651,0.387924,9.724922,5.520412,-0.524671,9.622331,1.092061,-2.890418,-0.000847,7.739430,-5.404032,-2.312998,-5.111505,4.272253
resume_0923,-8.034670,-2.327534,-2.597686,-3.467535,-0.617926,4.702907,-3.115456,-1.563985,-1.684628,-6.252567,-8.733446,-9.022337,-8.353337,6.366016,-8.682058,5.582253,7.669457,0.108279,-9.118703,5.352486,-1.344561,0.256238,7.881784,-8.864896
resume_0924,-3.679602,5.220113,5.620778,1.916447,6.419394,0.685530,-8.485631,5.912892,3.384126,-3.023099,-7.472627,-7.731005,-10.128227,7.924761,-2.637183,6.352079,-2.383977,-7.465558,-5.054016,8.431580,-3.690077,-7.487423,-2.128748,-9.796990
resume_0925,-7.209292,2.253117,1.045443,3.898964,-4.388787,-4.760194,5.986856,-3.626021,-7.600180,-4.887565,-8.032845,1.246681,8.146987,7.364747,-1.149816,9.307473,0.455380,-3.673060,0.874395,7.877780,-6.652587,-2.151726,-6.715699,4.261664
resume_0926,-6.866822,1.781731,1.072965,3.683916,-2.212475,-3.778935,6.050883,-5.041823,-8.834266,-4.955368,-7.809872,1.717936,8.636411,6.500482,-1.039119,10.026875,0.958723,-2.770456,0.837276,7.423430,-5.480981,-2.508494,-5.650227,4.528850
resume_0927,-2.341282,4.192937,4.660126,0.417304,5.011060,1.314246,-8.980700,4.470489,2.348578,-3.207342,-5.363174,-7.210875,-10.218397,9.760708,-2.564187,6.814730,-2.916313,-7.797418,-4.490506,9.400790,-2.574725,-6.923226,-2.670935,-8.635914
resume_0928,-3.995979,3.893834,6.879809,9.552539,-6.839041,-2.640203,-5.069381,8.623975,8.276962,6.230867,-3.823527,-8.443195,5.363654,-0.010406,-3.805442,8.376149,7.106999,1.805764,-0.116157,3.348519,9.346057,-6.709679,-3.983942,-8.766143
resume_0929,-7.370874,-4.025524,-2.244731,-4.293773,-0.612429,4.456572,-5.041333,-2.523277,-2.849952,-7.544626,-7.274380,-9.058246,-7.280560,8.441426,-9.257184,5.086846,7.380159,0.354300,-8.287226,5.220396,-1.751423,-0.261916,7.772836,-9.760683
resume_0930,5.007932,-0.635128,3.297574,1.045733,-6.022117,-1.893210,9.198551,8.749353,-5.052582,3.220291,-8.159253,9.449311,-5.107362,-1.269007,2.893997,7.199907,10.733087,4.271238,0.969179,5.248497,-8.748070,5.101090,-5.159269,1.806670
resume_0931,0.575626,-4.658069,3.768474,2.966933,8.299979,-9.776892,6.560521,0.392030,0.209334,-1.081868,-7.227395,-7.642886,4.662389,3.086286,-1.397028,0.787394,-2.437851,-2.020634,-4.924208,6.849973,-0.074184,2.220124,2.452164,-5.893933
resume_0932,-4.199528,5.449830,6.531676,1.687846,4.601814,0.938961,-9.576128,4.895097,3.108592,-4.247220,-5.758588,-6.544869,-10.097426,8.290887,-2.381336,6.554359,-2.639070,-6.840166,-4.315406,8.090548,-3.005842,-8.032285,-3.440397,-8.836516
resume_0933,-7.284008,-2.790863,-2.625480,-2.567769,0.265738,3.674532,-4.319186,-1.361107,-2.919388,-7.585139,-8.212741,-8.995515,-7.590019,6.348025,-9.976866,4.873485,7.558920,0.407242,-8.907371,5.044922,-2.012704,-0.367915,7.075083,-8.583749
resume_0934,-4.390455,5.672444,5.313641,10.033350,-6.610803,-3.301928,-4.396617,8.782842,8.694180,5.224837,-3.724614,-7.076819,4.044223,1.049946,-3.675506,7.979984,7.603946,1.621740,0.817006,3.329905,9.731176,-7.036398,-4.730814,-7.614797
resume_0935,-9.798230,-3.105289,8.814770,-0.087282,6.911533,3.338107,2.874525,5.759786,7.417377,-3.569634,6.388782,-9.374877,-5.241125,-4.496993,1.301908,3.980951,-8.983852,-4.767249,0.643525,-6.193171,2.096167,7.700828,-8.822331,2.805592
resume_0936,-0.135336,-5.431630,3.232501,2.354861,8.781384,-9.788881,7.356039,-1.151868,-0.361180,-1.457493,-8.178952,-8.884246,4.070356,4.616056,-2.812259,0.130475,-2.872660,-1.057769,-6.331793,7.063343,-0.029725,1.999140,2.648668,-6.474243
resume_0937,-0.235317,-4.448851,3.473831,2.957031,7.879926,-8.902792,6.575583,0.931699,-0.896122,-0.725333,-6.595352,-8.475588,4.517669,2.092132,-1.901424,-0.383881,-3.248809,-2.453546,-6.119138,7.321529,0.434412,2.288015,2.631808,-6.997253
resume_0938,-4.340363,5.113012,6.918355,9.968399,-6.969548,-2.347416,-4.550939,8.690866,10.316810,5.663336,-4.281957,-7.329628,5.351328,-1.290413,-4.461195,8.533526,6.748293,3.188868,-0.046647,4.285302,9.152948,-7.435024,-4.591942,-7.305169
resume_0939,0.149265,-5.014303,4.473632,3.368480,8.911297,-8.911904,6.336158,-0.063810,-1.316724,-0.794009,-6.587019,-9.227516,4.009018,3.951045,-2.431411,1.337099,-1.945953,-2.487941,-6.462617,7.224248,0.937948,2.311579,3.175206,-5.371863
resume_0940,-6.475671,1.977662,1.506701,3.644355,-2.357622,-4.962481,5.271124,-4.958253,-6.587015,-4.873209,-8.319799,0.298353,8.686428,6.879811,-0.998398,8.858641,0.437329,-2.680658,0.133235,7.423424,-5.854532,-2.324466,-6.549674,4.422404
resume_0941,-5.507624,4.901664,7.839490,10.867861,-5.509582,-3.837052,-4.113375,7.845321,9.136759,7.461960,-3.549009,-7.591301,4.737417,0.235805,-3.578520,8.819474,5.881362,2.570111,-0.394714,5.169081,8.982523,-7.004473,-4.495015,-8.167295
resume_0942,-9.440366,-3.913092,8.298127,0.517413,5.971061,4.390365,2.591166,4.356406,6.779093,-4.463830,6.139976,-10.225299,-3.996386,-5.617196,2.471113,2.497028,-9.543571,-5.126074,0.273272,-6.600061,2.473679,6.523050,-7.792621,3.092008
resume_0943,-7.450783,-4.259185,-3.519589,-3.147266,-1.657049,3.984979,-4.545953,-0.380308,-1.603789,-7.865853,-7.761001,-9.389374,-8.506943,7.770531,-9.996829,4.204059,7.434042,0.939625,-8.450076,4.998851,-1.774451,0.591422,8.037494,-8.647571
resume_0944,-7.505741,2.328013,0.499605,3.864033,-3.058275,-5.332703,4.905122,-5.079619,-7.162438,-3.707685,-8.086698,-0.750410,8.877449,6.344938,-0.353455,9.185839,0.588213,-4.334490,0.297449,6.888886,-5.997848,-2.309451,-6.209879,5.456656
resume_0945,-7.046073,1.506777,0.675346,3.868248,-2.934953,-4.182529,5.967055,-5.072115,-7.778151,-5.145481,-8.932290,1.407000,9.371063,6.554394,-0.523855,9.879572,0.523473,-3.405134,0.930977,7.503620,-5.543875,-3.478611,-5.417040,5.013373
resume_0946,-3.331289,6.279079,5.729797,0.999960,2.952052,1.989504,-9.163476,6.177261,3.737741,-3.172674,-5.157659,-6.053379,-9.714348,8.963050,-3.960210,7.292990,-2.070883,-7.014635,-5.219684,9.864363,-3.427694,-7.648439,-1.701140,-10.520902
resume_0947,-4.177024,4.331769,5.409410,9.462113,-6.009648,-3.076223,-5.231803,9.649262,8.874275,7.074103,-4.707881,-7.907954,4.772988,-0.819426,-3.318619,7.896817,5.672302,3.124804,-0.119474,4.877171,9.060354,-6.014409,-4.731203,-9.120628
resume_0948,-9.506735,-7.561365,-8.637063,-5.922942,-6.178131,-5.849253,5.424416,2.227695,-4.707842,-8.956894,0.327191,-9.039339,5.988829,8.769815,-2.618775,1.749617,-4.780730,5.255931,-9.712055,-0.074941,2.389522,-0.562643,-7.334604,-4.868227
resume_0949,-1.041177,-5.940909,4.904011,2.741983,8.710270,-9.442094,6.795439,0.019664,-1.680578,-0.503620,-8.191738,-8.659673,4.994421,2.690652,-2.143100,0.335895,-2.359810,-2.041166,-5.087780,5.840333,0.658520,2.513530,1.552247,-6.236081
resume_0950,-1.187742,-4.689215,3.098081,3.085727,8.765667,-9.287002,5.280238,-0.916728,-1.844812,-0.528098,-7.612571,-7.736709,3.806032,4.245957,-1.906952,0.973280,-2.129979,-2.446404,-5.609937,6.968245,0.362442,1.517531,2.310347,-6.011283
resume_0951,-5.774470,-3.232436,-2.422431,-2.684196,-0.935008,4.347232,-4.387529,-0.850230,-1.915935,-8.021098,-7.146864,-9.495847,-8.540433,7.061166,-11.460856,5.110166,7.495539,0.500443,-8.884963,5.474206,-2.080235,-0.877568,7.147757,-9.244658
resume_0952,-6.993603,0.704265,0.932742,4.002211,-2.999274,-5.679264,5.669404,-4.435513,-7.315956,-3.875945,-8.443960,0.847457,7.292332,6.691501,-0.658736,9.699159,0.552142,-2.719815,-0.278962,8.323939,-5.388590,-2.141241,-6.187785,3.537063
resume_0953,0.301105,-4.866666,3.659024,1.599727,8.117147,-8.705398,6.747460,-0.197605,-1.214229,0.070232,-7.851111,-8.075819,3.941071,3.590662,-2.181863,0.682704,-2.135141,-1.764139,-5.049086,5.590449,1.127243,2.086375,3.600589,-6.027632
resume_0954,-8.006608,1.605745,1.172859,3.487780,-3.555969,-5.027083,5.514331,-4.299467,-8.231328,-3.988348,-7.502092,0.971316,8.058036,6.707153,-0.743502,9.598193,0.313154,-3.159665,0.848452,7.159969,-5.406303,-1.997899,-5.804325,4.757645
resume_0955,-9.678594,-5.476097,-8.335261,-4.499511,-6.649447,-4.644218,5.616289,1.409884,-4.565457,-9.011141,-0.546509,-9.193450,5.878394,9.309768,-3.977108,1.103524,-4.144537,5.923086,-9.415543,0.963283,1.422206,-0.884006,-7.504537,-5.992466
resume_0956,-4.631776,5.144187,5.477019,0.354098,4.888688,1.352074,-9.587644,5.423082,3.904050,-2.861642,-7.258359,-6.058147,-9.099405,8.437849,-2.796000,8.097700,-3.293174,-6.609897,-3.665718,10.175544,-2.495674,-8.954850,-3.415575,-10.468539
resume_0957,0.655231,-6.600532,5.327685,3.407546,9.469466,-9.465851,7.326317,0.105700,-1.059819,-0.569447,-5.859145,-8.339783,4.709984,3.449948,-1.439201,1.371259,-1.486954,-1.452520,-6.408510,7.491050,0.712295,2.071654,2.249372,-6.036310
resume_0958,-8.732501,-5.371594,8.480646,0.064619,4.954147,3.700877,1.969652,4.776812,7.814968,-4.211773,5.981758,-10.468746,-5.032966,-4.893463,2.486994,3.332081,-9.136888,-5.256280,0.625286,-5.043464,2.699007,6.582612,-6.900272,3.420199
resume_0959,-9.351160,-5.334064,-7.924693,-5.292198,-6.700503,-6.044757,4.838732,1.672884,-4.743851,-8.871666,-0.266837,-9.538367,6.350148,9.615020,-2.537340,2.670898,-4.315881,5.009811,-10.490034,0.300454,2.226519,0.285888,-6.623968,-5.008678
resume_0960,-0.215408,-5.394887,3.996789,2.293363,8.419655,-9.324713,6.774193,-0.106041,-1.172170,0.117829,-8.007691,-9.005160,5.295932,3.894276,-1.372403,-0.040481,-2.540289,-2.075980,-4.840146,6.063776,-0.671365,2.877348,2.742599,-5.732820
resume_0961,-7.355361,-3.531010,-2.348431,-3.678048,-1.126513,3.911974,-3.893414,-0.414607,-3.796418,-8.570727,-7.935450,-10.207220,-7.968931,7.310233,-10.565222,4.594384,7.461272,0.027651,-8.361813,4.496929,-0.951398,-0.510339,7.225212,-9.706189
resume_0962,-6.850979,0.243153,1.305501,3.058017,-3.411097,-3.197353,5.266447,-3.656235,-7.552621,-4.841857,-7.433387,0.469016,8.921866,7.214933,-0.218477,10.080641,0.314768,-3.228292,1.193906,8.283886,-5.969434,-3.057923,-5.873653,4.572176
resume_0963,-3.517899,4.450444,5.791829,0.146577,5.027314,1.074023,-9.753820,4.789336,1.559012,-3.227608,-6.049511,-6.170171,-10.032563,9.433464,-3.144499,7.009405,-2.114866,-6.774307,-3.416133,8.979343,-2.604318,-8.377108,-2.507791,-9.297996
resume_0964,-7.329487,-3.308118,-2.901563,-3.018656,-0.555157,3.251805,-4.964976,-0.405725,-1.702010,-7.575761,-8.383065,-8.869927,-7.569010,8.011045,-9.838440,4.235612,7.315659,-0.474967,-8.975233,3.844086,-2.521891,0.966667,7.274374,-7.989968
resume_0965,-8.058621,0.371343,0.904077,3.818448,-3.258946,-5.691467,5.616763,-4.619733,-6.437669,-4.847535,-8.486962,1.590582,6.939026,7.029856,-0.505021,8.526152,0.900779,-1.521060,0.261235,7.804127,-6.443383,-2.626707,-5.364160,3.799168
resume_0966,0.619199,-4.549593,4.941660,2.651818,8.938787,-10.030236,5.904806,0.637232,-2.639001,-0.554594,-6.953446,-8.037017,4.931110,2.736124,-2.214231,1.077814,-0.515745,-2.367753,-4.869320,8.118132,0.815208,2.981554,2.911560,-5.654287
resume_0967,-8.025006,-5.314039,-8.493727,-4.341942,-6.387101,-5.691334,5.866900,2.358458,-4.076362,-8.175894,-0.997505,-9.711700,8.621897,9.995039,-3.585746,1.893239,-4.475149,5.175339,-9.718321,0.498369,2.655105,0.643212,-8.474871,-6.319631
resume_0968,-7.193657,-3.651803,-2.626467,-3.954739,-1.500359,4.301600,-3.673136,-0.800452,-1.919020,-7.822180,-8.530920,-9.480771,-8.229319,7.862150,-9.884576,4.050217,7.353435,-0.367291,-8.313921,4.811004,-2.083469,0.458282,7.531635,-9.200288
resume_0969,-8.343121,-6.179364,-8.040713,-6.049925,-5.843885,-6.216770,6.644792,2.065796,-4.456136,-8.299848,-1.192063,-9.626568,6.549539,8.926756,-2.994024,2.129738,-3.492557,5.779561,-9.141124,0.528543,1.828133,0.497631,-6.875167,-6.053364
resume_0970,-9.288856,-3.984659,10.469002,0.497286,6.215661,3.987554,2.529153,4.761292,8.330217,-4.916884,6.406471,-9.844379,-4.334240,-5.364009,1.924466,3.111327,-9.785746,-4.978188,-0.099210,-6.246434,2.655402,6.683893,-7.763176,3.910909
resume_0971,-2.847046,5.814337,6.612408,0.591106,4.430408,0.583708,-9.613507,5.131174,4.196360,-4.444520,-5.914638,-7.371984,-9.775190,8.305593,-2.468593,7.612613,-2.296708,-8.381751,-3.572701,9.485284,-2.995233,-7.869726,-2.528779,-8.669343
resume_0972,-9.008628,-4.649541,9.297451,-0.317927,5.392205,2.557859,3.165456,4.515259,7.237491,-3.900125,5.385814,-8.351579,-5.426005,-4.597861,3.165823,3.144753,-9.199211,-5.164494,-0.215164,-6.726244,1.760967,7.260769,-9.076621,3.040840
resume_0973,-0.345928,-3.469875,4.839842,1.077755,8.016346,-9.146528,6.141915,-0.885455,-1.204654,-0.576463,-7.428903,-8.899086,4.593564,3.579479,-3.278328,0.801766,-2.278976,-2.663001,-5.395775,7.015676,1.776134,2.289903,2.486829,-5.413590
resume_0974,-4.287433,4.514042,6.015272,9.891351,-6.176199,-2.959095,-6.579908,7.810454,9.671596,5.646276,-3.960817,-7.615309,3.569412,0.338651,-3.458392,9.112699,6.940969,2.167048,-1.108097,3.486927,9.385395,-7.763426,-4.383500,-6.840392
resume_0975,-9.637632,-5.002525,10.808532,0.086615,6.248611,3.811731,3.195264,4.560924,7.163388,-4.403797,5.282431,-9.316171,-5.371219,-5.240127,2.758716,3.357791,-10.484332,-4.501573,-0.057304,-4.110336,3.050703,6.747409,-8.138624,2.982713
resume_0976,0.468244,-4.914906,4.434450,2.769967,10.119917,-9.202044,6.608063,0.099957,-1.452857,-0.472952,-6.027066,-8.123993,4.400932,3.564304,-2.475428,1.046469,-2.238560,-0.993540,-5.634463,6.556759,0.324280,2.224334,2.448024,-5.155821
resume_0977,-2.373680,5.841696,5.712052,0.851055,4.148599,0.477090,-8.679266,6.691580,2.294816,-3.286542,-7.183733,-6.342621,-10.503477,8.760581,-3.504034,5.815327,-2.287904,-6.268898,-4.511747,9.520897,-2.955279,-9.176780,-2.926358,-9.618307
resume_0978,4.463583,-1.101040,3.239929,1.249153,-7.044271,-1.892128,8.612070,8.397550,-5.624570,3.484919,-8.639297,10.828173,-5.807206,-1.380572,1.423999,7.517396,8.761331,3.462987,1.858087,6.193874,-8.955068,4.548836,-4.384058,1.490270
resume_0979,3.827129,-1.431296,2.640267,1.710801,-8.000653,-2.265763,7.813122,8.050522,-5.424011,3.405604,-8.296580,11.159530,-3.606822,-0.853101,2.569284,7.129557,10.073160,5.410770,1.229809,5.347630,-9.919102,5.685409,-5.705386,2.886184
resume_0980,-4.430591,3.830605,6.214952,9.828664,-6.764531,-2.955152,-6.428133,10.432786,9.389510,6.740808,-4.115431,-7.979088,4.352577,0.538295,-3.311285,8.645509,6.824950,2.829680,-0.671879,3.379820,9.971684,-7.607238,-4.200804,-8.955332
resume_0981,-8.420204,-3.660881,-2.445958,-1.857503,-1.094781,3.221751,-4.622643,-0.987110,-2.871504,-7.473646,-7.035048,-10.122817,-7.395627,6.785800,-9.110087,5.666667,6.880947,0.713815,-8.602459,4.975019,-1.503630,0.571922,7.133756,-9.418783
resume_0982,4.110473,-0.811712,4.054064,1.821145,-6.443738,-1.894173,7.943095,8.634537,-5.768754,3.439025,-8.924060,9.133964,-6.142518,-2.442030,2.156246,7.190790,9.183749,4.522682,-0.161443,7.024777,-9.240814,4.827265,-6.102345,2.263116
resume_0983,-2.909948,6.149016,5.261934,1.320444,4.661403,0.958276,-8.898931,6.353690,3.705732,-4.329807,-5.684808,-7.071860,-9.549115,9.179717,-3.294637,7.859851,-1.259853,-6.264372,-4.332678,8.565915,-2.991259,-8.248400,-3.025116,-8.240039
resume_0984,-6.923060,-4.464145,-2.751709,-3.376672,-1.047397,5.068608,-3.796584,-0.574483,-2.480666,-8.280416,-8.790665,-9.796466,-7.615764,6.764767,-9.547980,3.814157,8.606329,-0.380754,-8.498401,5.411400,-1.111216,-0.212223,8.178439,-9.223464
resume_0985,-3.588454,5.011456,6.930971,1.553087,4.392012,1.069716,-9.622318,5.165351,3.560273,-2.982581,-5.634410,-7.553985,-9.633451,9.286143,-2.731138,7.631842,-2.509359,-8.031488,-4.146232,9.049700,-3.835140,-8.595929,-2.079728,-9.886636
resume_0986,-0.490970,-5.158218,4.698439,2.536689,9.228085,-9.694983,6.122712,-0.377528,-2.010283,-0.738205,-7.163544,-7.599212,4.091115,2.717747,-2.127005,1.208612,-1.750738,-1.544575,-5.817727,7.715008,0.278783,1.881105,3.335279,-7.091347
resume_0987,-0.428188,-4.331542,4.855595,2.120136,8.786577,-8.895217,6.674302,0.358742,-1.521326,-1.047430,-7.705524,-9.255522,4.350311,4.053570,-1.558003,1.832707,-2.332583,-2.384488,-5.739086,7.027772,-0.171493,2.723778,2.070407,-5.967202
resume_0988,-6.057829,2.067944,1.916133,3.187546,-4.279903,-4.862574,5.083881,-4.281781,-7.664460,-3.691040,-8.715021,0.364914,10.263890,6.710976,-0.598737,10.530101,1.109783,-1.951370,0.559396,7.596752,-5.384724,-3.656054,-4.982140,4.540180
resume_0989,-6.206798,-3.517979,-2.786366,-4.550672,-0.469441,3.976910,-3.861929,-0.639766,-1.840479,-6.716406,-7.994573,-10.028687,-7.531839,7.317685,-9.141404,4.879484,8.204845,0.539181,-7.805187,4.487678,-2.005783,-0.378064,7.324472,-8.601144
resume_0990,-0.551648,-4.735797,5.035199,2.870873,8.776089,-10.109080,7.481671,-0.165054,-0.673428,0.004205,-5.518151,-9.058109,5.179700,2.632465,-1.834251,1.011778,-1.920484,-1.904341,-5.851701,5.921899,-0.049663,3.220526,3.296982,-5.125659
resume_0991,-4.399394,5.414539,7.876337,9.070081,-6.102073,-3.092537,-4.757643,8.878944,8.910007,6.179877,-3.890399,-7.235566,4.557275,0.296551,-3.983947,8.765274,6.497292,1.180671,0.736047,4.183079,8.076257,-8.278664,-3.756015,-7.417504
resume_0992,-8.375533,-6.310259,-7.924310,-5.080769,-6.350275,-5.589941,6.036362,2.184199,-4.304259,-8.194927,0.221199,-9.456418,7.032248,8.913297,-2.808397,1.653092,-4.513314,5.429835,-8.682557,-0.682605,2.103505,-0.175036,-6.855468,-4.975381
resume_0993,-3.724700,4.627655,5.334977,1.237113,4.871140,1.217341,-9.186481,4.654317,2.207859,-3.208918,-4.960828,-7.358730,-9.704338,8.550768,-3.440023,7.119184,-2.155297,-6.054306,-3.540058,9.201104,-3.102510,-8.262599,-2.552574,-8.678507
resume_0994,-9.355188,-3.591685,9.390550,-0.921039,6.208808,3.504186,3.000729,3.921265,7.443444,-4.550134,5.995998,-9.417752,-5.069100,-4.454272,2.225797,4.491344,-9.743246,-4.255083,1.134438,-5.611939,2.251931,7.614233,-7.687078,2.584154
resume_0995,-7.393581,0.660093,2.806953,4.037927,-3.517890,-5.124205,4.719377,-3.830238,-6.708117,-3.567723,-7.720161,1.660787,7.724354,7.357293,-0.053270,9.106838,1.016067,-3.020237,0.283728,7.724062,-4.449821,-2.818385,-6.460169,4.514588
resume_0996,4.349343,-1.619077,4.382831,2.236305,-7.606110,-2.232510,9.395228,8.427022,-5.051560,1.227166,-7.260198,10.361407,-5.362285,-2.629754,2.130483,7.097168,9.106500,4.545889,0.794136,5.243395,-8.906585,4.935867,-4.768120,0.520236
resume_0997,-7.293231,-4.905511,-1.739886,-4.314246,-0.985992,3.277714,-3.709351,-0.695355,-2.054316,-7.570167,-8.339687,-10.288783,-7.097308,7.691695,-10.085612,5.414513,6.374071,0.047766,-8.524043,4.325355,-1.699490,-0.215586,7.756892,-10.176109
resume_0998,-8.306779,-5.583442,-8.048115,-6.377358,-4.891765,-6.924534,4.950603,2.604280,-4.776713,-8.691979,-1.241949,-9.928743,6.323372,9.369355,-3.444948,1.577773,-4.716690,5.888912,-11.136082,0.185289,2.915679,-0.622745,-7.485603,-4.986271
resume_0999,-8.945335,-4.032993,9.311658,0.405596,7.018853,3.442141,2.067496,4.259738,7.931637,-2.988450,6.329797,-10.084103,-4.329224,-5.577278,1.953286,3.276794,-9.252466,-5.465095,-0.033561,-6.184768,3.484030,6.565223,-8.923339,3.805967
resume_1000,-8.970034,-6.659129,-7.958792,-5.725381,-6.952611,-5.695906,5.184209,2.393477,-5.426818,-9.879979,-1.893885,-9.909235,7.727074,9.103033,-2.462583,1.477335,-3.164223,4.445936,-9.782749,-0.766271,2.012044,-0.729367,-8.061716,-6.200501
resume_1001,-4.992538,3.959340,7.424362,10.844017,-6.296979,-2.864933,-6.431527,8.177007,9.711671,6.647160,-3.516235,-8.370507,4.255272,0.782405,-4.745322,8.500972,6.123789,2.204603,0.903715,3.369671,9.451090,-7.270432,-4.731441,-7.133153
resume_1002,4.607648,-1.423723,4.112618,1.626994,-8.121672,-1.887637,8.495601,8.518484,-4.769532,2.384701,-8.382294,9.418377,-5.334678,-1.387789,2.127099,6.793715,9.960901,5.365311,0.723080,5.353295,-8.282622,4.122483,-4.338815,1.342928
resume_1003,-4.667254,4.803917,6.774440,10.719569,-6.406024,-2.912180,-5.110594,8.622757,9.108383,6.292647,-4.344432,-7.606668,4.950374,0.742169,-3.623940,9.288616,6.378395,2.352731,0.721888,4.094514,8.736971,-7.568972,-4.720923,-6.478341
resume_1004,-8.220012,2.696806,1.599251,4.047461,-3.216835,-4.693429,5.237818,-4.226857,-6.592237,-4.009548,-8.210612,1.531977,8.482161,8.176522,-0.703709,10.020491,0.715952,-3.535725,0.939349,7.160801,-6.061343,-1.448549,-6.385801,4.289346
resume_1005,-6.934140,-3.098251,-2.810516,-3.071760,-1.081583,2.418413,-3.608046,-0.524903,-1.787202,-6.914707,-7.341906,-8.335638,-8.659396,7.807457,-9.157848,4.670363,7.889553,-0.586048,-7.944816,3.951557,-2.226550,-0.882875,7.729916,-9.885208
resume_1006,-7.363028,-4.220352,-2.382610,-3.982381,-0.816371,3.893120,-3.714879,-0.814147,-1.752926,-7.530452,-8.568655,-9.438824,-7.257463,7.014234,-10.464172,5.288970,7.145624,0.438158,-9.761713,5.422485,-2.060260,-0.506544,8.648906,-9.087664
resume_1007,-6.604319,-3.722863,-2.870556,-3.784949,-0.875745,4.240069,-3.853401,-0.616772,-3.037556,-7.181014,-7.524723,-8.997479,-7.821747,7.926761,-9.110681,4.927492,7.027515,0.397549,-8.346065,6.169782,-0.989144,-0.793743,6.834200,-10.248392
resume_1008,-8.953582,-4.268188,9.061354,0.000231,6.683184,4.792787,2.523437,4.633482,7.359707,-5.062208,6.939169,-9.389933,-4.535251,-5.861222,1.289021,4.477916,-9.397765,-4.074622,0.886809,-5.625085,3.388533,5.140279,-7.936811,2.643756
resume_1009,-2.448454,4.795853,6.140803,0.592000,5.262082,0.622835,-9.055067,4.871916,2.149929,-3.310191,-4.611544,-6.762912,-9.953008,10.570766,-3.241463,7.645140,-1.682887,-7.400683,-4.669508,9.806286,-3.201417,-7.087376,-3.149474,-10.050728
resume_1010,3.580964,-1.294950,4.950669,2.148276,-7.843953,-2.771350,8.284848,7.724622,-5.217799,3.748300,-9.469273,10.561865,-4.833370,-1.237220,1.679403,7.977335,11.005678,4.485867,1.021852,6.080407,-8.331520,5.624578,-4.768687,2.137190
resume_1011,-8.721872,-5.995046,-8.547621,-5.773382,-7.522501,-5.294749,5.577182,1.636759,-4.067356,-8.377326,-1.431994,-9.967019,5.874775,9.781258,-3.166965,1.755566,-5.087880,4.908852,-10.175772,0.889902,1.547562,-1.997570,-6.851164,-4.877450
resume_1012,-9.177860,-5.970471,-9.407248,-5.550257,-6.596175,-4.997952,6.138626,2.661641,-4.963901,-8.635381,-1.173783,-10.385910,5.690588,10.168377,-2.327279,1.008489,-4.184189,5.095264,-10.057867,-0.483480,2.585209,-0.949585,-7.585707,-6.213136
resume_1013,-6.484316,0.823460,0.554382,4.341220,-3.817491,-4.421464,5.672012,-5.328507,-7.732469,-4.275344,-7.912657,0.182692,8.045491,5.429033,-0.690163,9.821769,-0.034840,-2.110279,1.313833,7.362148,-4.147794,-1.494830,-5.849135,3.527416
resume_1014,-9.110147,-4.631514,10.574972,0.144422,5.204724,3.163934,1.090748,4.269301,6.736831,-4.949020,6.198713,-9.459000,-4.795886,-5.497960,2.638611,3.488398,-8.323099,-4.489195,-0.629249,-5.477667,2.224556,7.432581,-9.152724,2.268085
resume_1015,-4.205098,4.141001,6.453850,10.486953,-6.067002,-3.789072,-5.249900,9.400980,10.397924,6.290917,-4.498869,-7.587106,3.960699,0.765957,-4.145761,8.375445,6.826816,1.913826,-0.068715,4.888846,8.248144,-7.405681,-4.823099,-7.897887
resume_1016,-3.832673,5.406503,7.041880,9.352603,-7.095752,-2.912918,-5.236942,9.232033,9.214209,6.243047,-4.236569,-8.610511,4.345436,0.036723,-2.548806,8.532281,6.868911,2.191101,-0.057573,3.551026,9.336623,-5.892775,-4.214375,-8.682456
resume_1017,-9.773305,-5.048405,10.411084,0.771634,6.139250,2.629599,0.947497,5.567697,7.347757,-4.602257,6.737331,-9.588525,-4.831945,-5.233673,2.487146,3.112932,-8.721970,-4.959058,-0.328973,-4.937209,2.758918,7.682416,-8.778274,3.081315
resume_1018,-5.231731,4.214343,6.531808,9.589437,-6.653773,-2.816828,-5.310376,9.014244,9.203660,7.110316,-4.754513,-8.029187,4.969295,0.262521,-4.086810,9.435414,5.943717,2.010689,-0.485449,4.278800,7.998440,-7.170404,-5.764832,-7.020235
resume_1019,-8.889126,-3.014274,10.068839,-0.415018,6.834102,2.957623,1.450304,4.412273,7.396254,-4.564149,5.748360,-9.126516,-4.416799,-4.556249,1.599034,3.003682,-9.887574,-5.169470,-0.236222,-7.201397,3.607051,6.849897,-7.478857,3.608391
resume_1020,4.405969,-1.699415,4.134660,2.360712,-7.242747,-1.521925,8.566200,8.424378,-5.332762,4.005406,-8.102601,9.265906,-4.466795,-1.598391,2.400994,6.819064,8.696205,3.285229,0.126827,6.318786,-9.550065,5.218118,-3.930082,1.732201
resume_1021,-8.576572,-5.106876,9.488600,0.704854,5.287388,2.585016,2.050258,5.350986,7.050136,-4.056178,5.576162,-9.903298,-5.522657,-4.662550,2.253481,3.162805,-8.286778,-4.346527,-0.383522,-5.936305,3.043410,7.147772,-8.070934,3.468085
resume_1022,-3.171076,5.120735,6.045745,10.409827,-6.684557,-3.294846,-5.081886,10.843108,10.233495,6.058178,-3.032598,-7.526365,4.040336,0.728002,-3.371754,9.563498,7.502443,3.581502,0.214971,3.891855,8.222770,-7.074193,-4.852685,-8.165426
resume_1023,-3.929105,6.070659,6.909066,10.136972,-5.294095,-3.032596,-4.726898,9.939316,7.951217,6.557414,-4.015675,-7.596851,5.245050,0.654567,-2.981036,8.524788,6.094444,2.375982,-1.079192,3.411041,8.455859,-6.825553,-5.495309,-8.581116
resume_1024,-2.282087,5.729678,6.301246,0.671908,4.892796,1.971731,-8.457117,5.660421,1.988493,-3.522760,-5.110879,-6.796623,-10.115486,8.057189,-2.948401,6.216803,-2.591345,-7.121093,-4.665674,9.614104,-3.723615,-8.489486,-2.044717,-8.890693
resume_1025,-6.577014,-3.507684,-2.426501,-3.110173,-0.211351,3.717782,-4.305287,-0.076565,-1.473936,-7.513333,-8.307293,-10.053435,-6.738566,5.757170,-8.605423,5.001282,8.553434,-0.496437,-8.741290,4.754377,-2.129735,-1.184297,7.574095,-9.345092
resume_1026,-8.357334,1.769419,1.218853,4.441049,-2.344851,-5.386300,5.467563,-5.011162,-7.234209,-4.533295,-8.305280,1.374576,8.245085,6.632925,0.102310,9.491047,0.827557,-3.772465,0.848100,7.995028,-6.334217,-3.062480,-5.025722,5.038031
resume_1027,4.351060,-0.993100,3.243114,2.442285,-7.575142,-2.998522,9.026345,7.758683,-5.465365,4.712837,-8.213071,9.272286,-5.667464,-2.333094,2.552342,6.949027,10.731957,4.055674,1.373394,4.862355,-9.016350,5.503667,-5.285800,2.503101
resume_1028,0.035218,-5.536697,4.591189,2.039600,8.805067,-9.596563,6.393384,-0.218667,-1.254753,-0.379023,-7.446894,-8.065390,3.976320,3.014212,-3.217263,-0.222834,-1.944821,-1.747425,-5.438396,6.713823,-1.123813,2.713171,2.535691,-5.942250
resume_1029,-6.840957,-3.097371,-2.331699,-3.673373,-0.100193,3.208701,-3.341883,-1.037685,-1.857423,-7.130929,-9.085450,-8.721876,-7.160497,7.605566,-9.611442,4.864977,7.614987,1.084433,-7.768769,4.881136,-0.849698,0.688820,7.508349,-9.592346
resume_1030,-0.383034,-4.725686,4.810275,2.247498,8.662195,-8.154295,6.608260,0.121661,-2.141579,-0.200488,-6.856838,-8.951298,5.470714,2.915570,-1.110226,-0.106528,-1.881008,-1.731873,-5.066947,5.946625,-0.372683,2.366494,2.948812,-6.311893
resume_1031,-1.009666,-4.884557,4.739842,3.112815,8.221810,-7.801764,5.854592,-0.676112,-0.916307,-0.591693,-7.344301,-8.418771,6.250009,3.560489,-2.229062,0.074045,-2.485890,-1.790618,-4.634366,7.086474,0.177125,3.842757,2.374788,-6.767536
resume_1032,-9.818127,-5.350140,9.903573,-0.330388,5.321043,3.247833,2.153617,5.222660,7.014421,-4.893132,7.190644,-9.495412,-4.894293,-3.533226,0.610886,3.234603,-9.552801,-3.956607,-0.575094,-5.355209,3.320643,8.272308,-8.391921,2.609204
resume_1033,-7.751640,1.640936,1.654680,3.917431,-4.306214,-4.270714,4.936528,-4.550074,-7.958371,-3.352766,-8.376304,0.201194,9.429713,6.267873,-1.784727,9.926328,-0.126920,-2.781452,1.116150,7.836099,-5.789585,-2.444684,-6.426805,4.769843
resume_1034,-6.788576,-3.663197,-2.478747,-3.993142,-1.018098,2.725727,-3.400361,-0.867829,-2.405307,-7.519996,-8.499261,-8.459758,-7.100466,7.614885,-10.038924,3.458217,7.682358,0.148936,-8.222981,6.283513,-2.304781,-0.421660,8.320564,-9.385061
resume_1035,-3.543812,6.069644,5.365132,0.746051,5.596468,1.719920,-7.938084,5.714829,2.623519,-3.052990,-5.666995,-7.327202,-10.047343,8.744333,-2.293064,6.463977,-1.884141,-7.411574,-4.201932,8.537309,-2.128718,-8.201575,-3.334646,-8.629546
resume_1036,-9.625081,-4.076630,8.346178,0.630315,6.243145,4.565875,2.784413,4.533397,7.321412,-3.758457,6.857705,-10.797682,-4.300989,-4.314115,2.010757,3.263347,-9.643816,-5.264295,0.509067,-6.390335,2.348138,6.940069,-8.733314,3.017650
resume_1037,-7.642943,1.235521,1.190877,4.122341,-3.072685,-4.381472,6.522772,-4.518951,-6.714400,-4.600527,-8.435199,1.036531,8.139444,6.540800,-1.330811,9.493678,0.404887,-3.524058,0.465730,7.577400,-4.945330,-2.754791,-6.436487,4.727461
resume_1038,-10.167084,-6.180212,-8.839475,-6.067260,-5.443971,-5.781100,6.679222,2.526156,-4.290317,-8.965082,0.074919,-9.976427,7.165188,10.538377,-2.308834,2.148722,-4.272572,5.218610,-9.943606,-0.613082,1.911980,0.365377,-7.850118,-5.472236
resume_1039,4.377580,-1.231135,4.929043,1.752993,-8.409367,-2.625702,9.128652,8.495106,-5.966211,4.009259,-7.411683,9.372601,-5.478504,-1.845238,2.347998,6.802402,8.593494,3.527059,0.650895,5.743258,-8.536176,5.365516,-4.750985,3.268243
resume_1040,-7.265524,-2.382030,-2.370268,-4.177666,-0.039064,3.060500,-4.451171,-1.108517,-2.554389,-6.869834,-8.403889,-8.807499,-7.325998,7.087622,-9.916374,4.322227,8.509023,0.498515,-8.652407,4.484443,-1.270508,0.365358,7.381826,-9.052611
resume_1041,-2.352261,4.702918,5.588176,1.713393,4.236200,1.194720,-9.666268,4.902690,3.300957,-2.974022,-6.171667,-6.088081,-10.975457,8.631568,-3.719536,6.336656,-2.720323,-7.919226,-2.495899,8.004771,-3.456106,-7.390488,-1.668276,-9.127691
resume_1042,-2.142094,4.964341,6.955375,1.578329,4.651302,1.107486,-7.502164,5.733370,2.432193,-3.498406,-6.443824,-7.528404,-10.277021,8.408900,-2.445118,6.748081,-0.459825,-7.344013,-4.256570,9.232432,-3.152652,-7.557288,-2.019575,-9.239600
resume_1043,-4.240308,4.979013,6.880431,10.030940,-6.119658,-2.368315,-5.594074,9.431995,8.217459,6.697355,-4.197825,-7.753675,4.434976,0.162064,-4.035843,7.968128,7.132935,1.921842,0.099587,3.718698,9.379808,-5.965024,-4.220169,-8.691980
resume_1044,-6.548370,-3.138958,-2.970516,-3.415889,-1.697836,4.071191,-5.463259,-0.624139,-1.998454,-6.671017,-8.036971,-8.386278,-8.741109,7.728190,-9.840840,4.614182,6.735673,0.485248,-7.861955,4.530812,-1.273667,0.468091,8.322533,-8.634426
resume_1045,-3.244910,5.573572,6.290139,1.303910,5.012590,0.874416,-9.842656,5.410921,3.036404,-3.504040,-5.984827,-6.344387,-10.641345,9.342597,-2.563625,6.067539,-2.131857,-6.630457,-4.669754,9.446121,-2.601232,-7.198684,-3.110998,-9.133142
resume_1046,-8.223692,1.908720,1.135289,4.201918,-1.771438,-4.561571,5.331558,-4.042170,-8.020536,-4.135263,-6.997785,1.109968,7.332101,6.330642,-0.190138,9.271094,0.969135,-2.875551,0.125340,8.002693,-5.444401,-2.893256,-5.675718,4.765907
resume_1047,-7.645887,1.726580,0.293704,4.836640,-2.218945,-4.376195,4.681889,-5.089270,-7.549594,-3.028877,-8.431159,0.252326,8.385351,6.716516,-0.310520,10.263974,0.931476,-1.970610,0.211539,7.488825,-5.370054,-2.826593,-7.102653,4.832922
resume_1048,-0.569142,-4.519342,3.315393,1.885195,9.203817,-9.557534,5.944175,-0.646736,-2.870609,-0.211683,-7.291120,-7.697754,4.294918,2.907280,-2.380174,0.545725,-2.307608,-1.323661,-6.076647,6.532286,0.964581,2.014540,2.352075,-5.959540
resume_1049,-8.585860,-5.562092,-8.910269,-5.443407,-6.735937,-5.555293,6.069350,0.772761,-4.585335,-8.616368,-1.335131,-9.903110,7.323263,9.014408,-4.252963,1.772951,-5.042677,5.304538,-10.509490,-0.622408,2.247383,-0.959229,-6.278364,-5.586924
resume_1050,4.615179,-0.872698,4.304091,1.785912,-7.125010,-1.070328,8.233530,8.152372,-4.863764,4.112699,-7.844532,9.139479,-4.649462,-2.501114,2.845964,7.033519,9.450941,4.178258,0.845300,5.101698,-8.122092,4.401912,-4.990335,2.308793
resume_1051,-9.881091,-3.876608,9.191313,0.333108,8.030478,3.755813,3.004904,5.040276,7.820651,-4.903693,5.264657,-10.168368,-3.895840,-5.126549,1.794159,3.709589,-9.133665,-4.456949,0.063610,-5.882550,2.434747,7.240840,-7.891790,3.159928
resume_1052,-7.839365,-3.887765,-2.307878,-2.556748,-1.753991,4.316151,-4.160209,-0.925220,-1.799869,-8.140624,-7.018745,-9.308219,-8.229325,7.744116,-9.407115,4.595618,7.021800,0.167552,-7.777839,4.917702,-1.862062,0.719111,7.992329,-9.928866
resume_1053,-4.987307,4.878254,5.131317,8.981182,-6.596680,-3.526409,-5.463453,9.497075,7.464221,6.226278,-4.085768,-7.728909,4.437598,0.558991,-3.138900,7.395402,6.454151,3.399948,-0.425356,3.725146,10.052712,-7.093410,-4.308510,-7.684201
resume_1054,-0.036181,-5.647593,4.292457,2.153756,7.901845,-9.732715,5.692567,-0.071345,-2.003534,-1.363731,-7.368097,-8.664568,4.999646,2.756231,-2.290192,0.808233,-3.264790,-1.962898,-5.820543,7.400104,-0.651305,2.293923,3.110465,-6.480149
resume_1055,-8.117750,1.492883,1.624352,3.495349,-3.653361,-4.447313,4.644501,-4.569538,-7.116560,-5.075310,-7.572343,0.055965,8.200248,5.985647,-0.519884,10.226771,0.706982,-4.807579,-0.158135,8.314870,-5.292584,-1.711220,-6.884853,5.700091
resume_1056,-6.040612,-5.008708,-2.786118,-3.445271,-1.846384,4.639845,-4.331084,-1.604055,-2.686474,-6.508268,-7.288185,-9.242142,-7.738819,7.225392,-9.413031,4.761929,7.291046,0.580314,-9.429372,4.859492,-2.175573,-0.598702,8.604027,-8.976339
resume_1057,-9.415464,-6.380744,-9.262573,-5.873728,-5.563585,-5.822830,4.877820,1.583825,-4.019918,-8.277268,-1.456498,-9.981597,6.129349,9.331284,-2.442099,2.104703,-3.896433,5.841057,-10.093937,0.103160,3.098941,-0.866719,-6.702923,-5.198378
resume_1058,-0.107149,-5.241840,4.613903,2.007114,7.806331,-9.855729,7.644202,0.267278,-1.921291,-0.788281,-7.817136,-8.255112,4.658069,3.852123,-3.307058,0.665265,-1.899069,-3.139932,-5.112174,6.856905,-1.078490,1.851141,3.011982,-7.128905
resume_1059,-7.274184,-3.136724,-2.746489,-3.051298,-1.505365,4.456159,-4.778247,-1.774285,-3.091639,-8.227946,-8.524790,-8.966383,-7.815924,7.826441,-9.634525,4.962374,7.269719,1.217705,-9.008992,4.853906,-0.765740,-0.153702,8.476130,-9.745969
resume_1060,-8.240499,1.977517,1.502284,3.844398,-3.736915,-4.319926,5.456977,-4.303051,-6.845352,-3.566182,-8.664447,0.808593,8.097910,6.823384,-0.891273,8.651942,0.619052,-1.914089,0.700091,8.128698,-5.093770,-2.809776,-6.098696,5.138509
resume_1061,0.111171,-5.397294,4.053592,2.930160,8.563934,-9.135397,7.258013,-1.091549,-0.466855,0.209607,-7.110855,-7.970746,4.525918,3.161454,-2.543164,0.430852,-2.677629,-2.542976,-5.353622,7.542713,0.682713,2.662447,3.070687,-4.762061
resume_1062,-4.321114,5.467573,7.144798,8.750321,-6.915338,-3.524494,-6.560216,10.019537,9.136454,6.652107,-4.635388,-7.580795,5.276548,0.290317,-4.411973,8.155763,7.298369,1.797362,-0.561334,3.629465,9.080179,-6.732310,-4.084671,-8.959509
resume_1063,4.424981,-1.540513,5.155940,2.121079,-7.584844,-2.611576,7.794823,8.616830,-6.575879,2.910085,-7.967106,9.642598,-5.030285,-2.264994,3.647768,8.106846,9.497559,5.092697,0.714318,5.168699,-9.261373,4.618762,-4.594673,1.724292
resume_1064,-3.591339,4.980088,6.704910,9.234451,-5.538194,-3.327249,-6.417926,8.368095,9.379097,5.809907,-3.413557,-8.016046,4.870729,-0.101836,-3.602548,9.196851,6.948027,2.422092,0.437421,3.522212,9.366435,-6.244703,-4.490873,-8.301073
resume_1065,-6.826901,-3.119413,-2.759820,-4.152496,-0.548275,4.291814,-2.882861,-1.030256,-2.268146,-7.826564,-6.555341,-10.119205,-7.694091,6.811461,-9.733973,3.935731,6.709553,0.540094,-9.490609,6.085386,-2.044273,-0.564226,8.188735,-10.076460
resume_1066,0.186852,-4.677919,4.944874,2.551054,9.557432,-9.683734,6.960321,-0.095697,-1.917252,-0.336288,-6.184900,-8.757774,4.656410,3.472160,-2.697967,1.088268,-2.646819,-2.094162,-5.946547,5.605206,0.473100,4.039380,1.951129,-6.704001
resume_1067,0.018892,-4.830222,4.396451,2.285836,7.641001,-8.326605,6.634090,0.134076,-1.176662,-0.530374,-6.648122,-8.204644,4.609838,2.929766,-1.160157,0.581620,-1.875611,-1.472925,-5.784112,6.185436,0.961395,2.454609,2.278495,-5.412726
resume_1068,-3.033962,5.154455,6.831043,1.749032,6.203304,0.436304,-9.073614,4.522217,3.786635,-3.353953,-6.028241,-7.873772,-9.695071,8.434733,-2.167457,7.330210,-1.589515,-7.421496,-4.235631,9.788360,-2.473993,-8.105990,-2.576617,-8.731820
resume_1069,-3.873777,4.605862,7.593911,10.389339,-6.890648,-2.371439,-5.103817,9.171422,8.894034,5.832630,-4.282794,-5.342011,4.166354,-0.310722,-4.991577,8.458705,7.491954,2.988523,0.975850,3.793982,8.023565,-7.381165,-4.032169,-7.895235
resume_1070,-4.425530,5.369815,7.924087,9.777643,-7.085212,-3.364250,-3.156974,8.554758,10.478468,7.041961,-4.303703,-8.099944,4.587039,1.046448,-3.008731,8.818932,6.669494,3.201885,1.698895,4.901866,8.748635,-7.441318,-4.265828,-7.609090
resume_1071,-7.216804,-3.190236,-1.469901,-4.203797,-2.256473,4.745164,-4.827609,-0.690616,-3.161424,-6.423879,-8.584302,-10.030867,-7.914729,6.466201,-10.228021,4.782073,7.105000,-0.816670,-8.944250,5.057437,-2.845746,0.406966,8.474197,-9.671349
resume_1072,-2.336688,6.005152,6.974850,1.052362,4.992712,1.379292,-9.809229,4.577274,2.241502,-4.118168,-5.995980,-7.223633,-9.603991,9.185706,-2.635188,6.076591,-3.092127,-6.937048,-3.259710,9.658705,-2.591744,-7.416771,-2.444690,-9.393013
resume_1073,-8.762897,-6.334350,-8.423854,-6.104000,-6.116442,-5.564423,6.094660,3.082516,-5.197001,-8.567794,-0.001905,-8.216279,5.670451,8.844749,-2.918520,2.330159,-4.836834,5.366622,-10.618856,-0.120791,1.826498,0.502068,-6.719974,-6.335565
resume_1074,-8.548205,-5.527002,-9.434950,-5.668889,-5.066284,-6.221217,5.081704,2.168858,-3.698930,-8.697710,0.036686,-10.003955,6.736027,9.910954,-3.189801,1.370831,-5.689972,5.531020,-10.274271,0.161573,2.686823,0.008019,-8.735493,-5.160992
resume_1075,-2.710868,5.131300,5.246974,0.993168,4.624240,0.381911,-8.858420,5.179868,2.884097,-3.064364,-4.916904,-7.006468,-10.076637,9.117221,-2.793952,7.077764,-2.053095,-8.239787,-4.248003,9.062182,-2.607222,-7.296501,-3.372134,-9.057420
resume_1076,4.082703,-1.308879,4.823662,1.556197,-7.001213,-1.335034,8.289000,9.515170,-5.314340,4.169546,-7.323692,9.729902,-5.712865,-2.284486,1.545114,6.980284,8.955110,2.814333,0.211344,5.045266,-8.858289,3.830259,-4.667879,2.566104
resume_1077,-8.579024,1.621734,1.258684,3.535418,-3.571541,-4.756878,5.095698,-4.071131,-6.565089,-4.524478,-8.110813,0.047629,8.307950,5.913118,-2.662997,10.366216,1.159519,-3.178061,0.510761,8.008290,-5.588836,-2.393970,-5.842998,5.575584
resume_1078,-0.561859,-5.542592,5.089036,3.292421,8.864665,-9.806486,7.972333,-0.530816,-1.166000,0.574656,-7.895234,-8.093323,5.227470,3.909784,-2.392233,1.023845,-2.104610,-1.954974,-5.575259,5.674904,0.588425,3.480400,1.883132,-6.497962
resume_1079,-0.411489,-4.444881,4.233410,2.531063,8.811267,-8.855844,6.904977,-0.088963,-2.156801,-1.068235,-6.996672,-10.087796,5.454890,2.470091,-2.016929,1.400817,-1.036606,-1.806968,-6.079187,6.405891,-0.425104,2.457196,2.756628,-5.917759
resume_1080,-6.840769,1.731632,1.237705,3.693146,-3.263261,-5.243547,3.933740,-4.309633,-5.987154,-3.688478,-9.361583,1.221333,8.212892,7.544795,0.026838,9.562292,0.572246,-3.231166,-0.321362,8.850136,-5.668253,-3.129957,-7.046797,4.715437
resume_1081,-3.403516,5.908408,5.953606,0.860451,4.284700,1.307970,-8.800003,3.961091,1.757151,-3.502870,-6.736097,-8.589777,-9.152933,8.963197,-3.353900,7.065770,-2.553052,-8.209326,-3.683534,9.581583,-2.220910,-8.096212,-2.747899,-8.681580
resume_1082,0.310889,-4.764160,4.634815,2.698264,7.976382,-8.844438,6.786704,0.557810,-1.735101,0.321502,-8.269070,-9.285473,5.009559,3.964991,-0.792123,0.020264,-2.879500,-2.356967,-5.350833,5.866345,0.449432,2.694898,3.001000,-6.325436
resume_1083,3.890768,-2.413185,3.886677,1.457113,-7.528416,-2.383283,8.329224,8.703958,-5.246536,3.175797,-6.820597,9.828688,-3.518850,-1.162768,3.414305,6.758038,9.761825,4.315566,-0.208495,6.428431,-9.357983,5.510747,-4.671380,3.141230
resume_1084,-3.464442,5.448301,5.751244,1.372754,4.727426,1.256356,-8.233349,5.279797,2.299244,-3.080822,-5.983189,-7.695799,-9.928568,9.056837,-2.927440,6.342478,-2.169047,-6.914987,-4.982013,9.178151,-3.759010,-7.620195,-2.401431,-9.402814
resume_1085,-2.926030,6.429816,5.869339,0.009725,4.151274,2.105734,-8.521047,6.263607,2.260160,-3.203421,-5.445924,-6.758246,-10.855988,8.115563,-3.094809,7.931256,-1.714486,-7.080436,-3.650056,8.919835,-3.558606,-8.782236,-1.763128,-9.274310
resume_1086,-3.495957,3.839585,7.050325,9.651072,-5.792940,-3.313455,-4.880911,8.833714,9.699968,5.816579,-4.277501,-7.018611,4.747769,-0.442675,-3.667014,9.480889,5.820239,2.887709,1.042502,3.654549,9.314423,-7.364080,-5.627792,-7.836693
resume_1087,-10.200515,-5.256414,9.156375,-0.758135,6.282563,4.481652,2.452959,5.362501,8.004950,-4.948149,6.536327,-9.351942,-4.150944,-5.818101,2.325388,3.286029,-9.368555,-4.020541,0.585974,-5.995225,3.554332,7.440562,-7.120148,2.851514
resume_1088,-4.705082,4.830352,6.128617,9.654022,-6.305633,-4.217967,-5.253957,8.441669,8.409297,6.729988,-3.981560,-7.859694,5.230248,0.796961,-3.855187,7.900799,6.991266,1.872190,0.957908,4.114660,8.452287,-7.234215,-5.047060,-7.585642
resume_1089,-0.628099,-4.436987,5.389950,3.228272,9.262161,-8.797055,7.022032,-0.337688,-0.954059,-1.207334,-7.381890,-9.018947,4.899747,2.582938,-2.695936,1.935166,-3.258732,-1.257179,-4.661416,6.758169,0.800575,1.847353,1.428769,-5.793837
resume_1090,-2.866944,5.049831,5.743678,2.263535,5.552389,1.017698,-9.499607,4.455966,3.823936,-3.292514,-5.735624,-7.648845,-10.227741,9.277466,-2.885196,6.413957,-2.547263,-7.606902,-5.429469,8.983116,-3.099198,-8.913481,-3.556455,-9.800764
resume_1091,4.866825,-1.417185,3.225532,1.176731,-7.377784,-1.132347,8.618544,8.033875,-5.970434,2.788843,-8.461021,10.170561,-5.381454,-2.287788,1.927588,6.287485,9.222119,5.033025,0.030692,4.986644,-10.084202,3.757479,-4.722589,3.436452
resume_1092,-4.210312,5.085563,7.084466,9.775477,-6.418299,-3.430822,-5.900785,8.993950,9.223596,6.324592,-4.318848,-7.724471,4.427508,1.084566,-3.969487,7.822493,5.936276,2.156957,-0.760158,3.664432,8.308590,-6.431975,-4.016852,-8.474657
resume_1093,-0.234085,-5.260919,4.841627,2.605309,8.759135,-9.689269,7.089901,-0.187364,-1.288376,-0.762513,-8.024822,-7.762421,5.688198,3.090074,-1.939846,0.201727,-1.949710,-2.396312,-6.881672,7.479054,-0.706014,1.936009,2.559300,-6.013256
resume_1094,-6.897088,-3.539613,-1.533175,-2.928377,-0.976461,4.123482,-4.330072,-0.501356,-2.433079,-7.859573,-6.100413,-10.256986,-7.944863,6.687296,-9.619446,3.991457,8.248335,0.885455,-8.952797,4.527093,-0.465126,0.712964,7.001158,-10.740118
resume_1095,-10.100226,-3.691666,9.710902,-0.221668,6.225211,3.903574,2.496426,4.504464,8.570662,-4.122990,6.524492,-10.716872,-4.893615,-6.051296,2.332454,2.058677,-9.822280,-5.241756,0.491496,-5.364371,2.088885,6.932575,-8.257516,3.243949
resume_1096,-1.194832,-5.293042,3.912614,4.352032,7.883560,-9.602623,6.695168,0.416761,-0.605751,-1.063703,-7.186577,-9.386925,3.858335,2.981167,-3.238424,0.075397,-1.580661,-2.604428,-5.618817,6.403690,-0.539168,3.010777,2.742436,-6.421394
resume_1097,-3.329690,4.034333,5.431560,0.979071,4.056760,1.945082,-9.047071,5.696821,2.571896,-2.150596,-5.060028,-8.243185,-11.087991,9.027800,-3.139157,7.399619,-1.876955,-7.238645,-3.463204,11.107309,-2.733170,-8.239533,-2.452587,-10.570457
resume_1098,-8.922873,-5.304430,-7.867000,-4.839686,-6.687962,-5.497107,5.599762,1.792785,-4.738136,-7.907947,-1.082502,-9.228792,6.563042,8.892423,-2.678013,1.807381,-4.402174,5.104579,-10.697620,1.359923,1.945700,0.241151,-6.954462,-5.013043
resume_1099,-0.374540,-4.413574,4.308549,3.117102,9.734341,-8.482242,6.585210,-0.178726,-2.173346,-0.770517,-6.723350,-8.426384,4.627933,3.925191,-2.190833,0.888100,-2.329324,-1.061091,-5.514752,5.698590,0.321090,1.979618,0.830436,-5.313208
resume_1100,-7.844994,-4.297125,-2.937937,-4.875872,-1.186662,3.616859,-3.772612,-0.727227,-3.003995,-7.080335,-7.842860,-9.297224,-8.928718,6.426842,-9.421972,4.350930,7.355184,0.552685,-8.597643,3.754370,-1.527086,-0.089648,6.547110,-10.996512
resume_1101,-6.606750,-4.499130,-1.693057,-2.758601,-2.672228,3.921069,-3.736788,-0.577755,-1.098611,-7.145457,-7.710902,-9.705176,-7.845397,8.138006,-8.959897,4.716555,6.513076,0.555846,-8.706894,5.002474,-2.776538,-0.979387,7.697730,-9.854416
resume_1102,-7.335932,-3.707570,-3.501660,-3.960046,-0.634242,3.286504,-3.556583,-0.407013,-3.404637,-8.764114,-7.952282,-9.555703,-7.235121,7.094579,-10.000998,4.083415,6.839318,0.430976,-8.061186,5.594218,-1.709723,-0.161234,8.728732,-8.502289
resume_1103,-7.757520,-3.726325,-2.467386,-3.573749,-1.452587,4.804684,-3.705570,-0.669798,-3.139552,-8.077422,-7.819582,-9.832574,-8.549484,7.707904,-9.219515,4.376577,6.878141,0.025282,-8.426542,4.476899,-1.705128,-0.170119,7.262674,-8.792834
resume_1104,-8.198681,1.246220,2.517472,3.432937,-1.702859,-4.681281,6.534293,-3.692467,-6.897863,-4.441657,-8.174083,1.833454,9.460879,6.554970,0.097277,9.281114,1.730673,-3.228734,-0.206723,7.957387,-6.548768,-3.306535,-5.967037,3.129370
resume_1105,-10.220421,-3.918376,9.665850,0.276992,5.991857,3.061973,1.691927,4.783911,7.077485,-3.801571,5.237210,-10.147426,-5.032348,-3.866894,1.570753,3.674952,-9.255030,-3.640344,0.311303,-4.853188,2.835454,6.473813,-8.441106,1.745350
resume_1106,-4.972312,4.465634,6.434374,9.681422,-7.074085,-2.625732,-5.154702,8.145832,10.096879,5.156425,-5.043626,-7.504362,4.202095,-0.005025,-3.797240,8.948779,7.049098,1.426985,0.643953,3.807249,8.207236,-7.691237,-5.371909,-8.169139
resume_1107,-3.375023,6.240985,5.550324,1.121890,4.381074,0.910357,-9.309680,5.958787,2.939242,-2.860679,-5.909845,-7.208227,-9.432762,9.016383,-2.792669,7.184666,-2.205109,-7.099068,-4.309368,9.239621,-1.876430,-9.324371,-3.560157,-9.761823
resume_1108,-3.255984,4.380689,6.258973,9.724271,-6.398160,-2.534119,-5.681258,9.139377,9.004761,6.502520,-4.757665,-7.383397,4.764455,0.558864,-3.226482,8.831718,7.396551,2.638063,0.733375,3.001537,9.041111,-6.745322,-4.834977,-8.345886
resume_1109,-4.231750,5.281493,7.789845,8.459805,-5.958574,-3.923271,-5.157160,8.467732,8.987976,7.713671,-3.592005,-7.338959,4.032085,-1.315841,-3.168484,7.626842,6.180833,2.580695,0.181470,3.663645,9.330908,-7.703064,-3.955865,-7.152039
resume_1110,4.205646,-1.303847,3.922446,1.860833,-7.501382,-2.213843,7.870084,7.655783,-5.238578,3.864892,-7.661553,8.924811,-5.324161,-1.803971,1.671571,6.982069,9.607814,4.162264,0.395290,5.786280,-9.309748,4.249965,-4.448166,2.379416
resume_1111,3.094592,-0.601281,3.700057,1.230487,-7.839098,-1.991521,8.162448,7.875909,-5.172177,2.474755,-7.473794,10.046562,-4.501946,-1.866989,1.832188,7.290247,9.844593,4.798051,0.514057,5.512495,-8.441406,4.247731,-5.703409,3.038165
resume_1112,-9.777451,-4.897416,9.529906,-0.847955,6.035443,4.222746,2.632168,5.656197,7.775537,-4.464391,5.835113,-9.418881,-4.035142,-4.850299,2.351165,3.154970,-8.448259,-4.458577,0.012573,-5.865002,2.598698,5.030098,-8.679849,2.571407
resume_1113,3.840699,-1.159502,3.745349,2.373108,-7.148629,-0.483031,7.713708,7.483701,-4.974186,4.360405,-7.938857,10.116678,-5.052745,-2.215937,1.855516,6.785502,10.183630,5.552416,0.775190,5.267341,-9.190416,5.122545,-4.666636,2.875933
resume_1114,-9.518604,-4.382900,9.811078,-1.072840,5.649124,3.772719,2.801532,4.837767,6.591013,-4.223890,6.645694,-10.090361,-4.478531,-4.016689,2.303276,2.399529,-8.487775,-4.372545,0.175991,-6.311368,2.038154,8.027794,-8.013487,3.176614
resume_1115,-7.942339,0.872416,1.448758,3.275719,-3.003020,-4.490563,6.394804,-3.912883,-6.586092,-3.758858,-8.632961,0.067644,7.804500,6.820421,-1.560788,9.457817,0.484423,-3.189979,-0.348133,7.883886,-5.657185,-2.051856,-4.896704,4.873984
resume_1116,-1.430776,5.855042,5.304432,1.741536,4.194728,2.073845,-9.709733,4.320663,3.396358,-4.203599,-5.729653,-7.126205,-9.456917,9.356027,-2.828603,6.575826,-2.809394,-6.772681,-3.852046,8.420006,-2.861658,-8.174705,-2.627228,-7.951579
resume_1117,-4.229445,5.575086,6.160796,9.444526,-7.674152,-3.397092,-5.790962,7.631765,9.173088,6.649897,-4.704328,-8.092905,4.008526,0.492242,-4.555645,8.928330,6.843903,2.049640,0.230353,3.844822,8.664538,-8.536487,-4.763927,-7.428172
resume_1118,-8.165264,-6.640284,-8.049156,-5.456842,-6.643723,-5.712470,5.881671,1.108400,-5.498995,-8.001030,-0.282056,-8.702415,6.914585,8.868471,-3.073087,1.462089,-5.098261,5.635414,-10.092168,-0.141668,1.712743,0.079647,-8.948827,-5.424757
resume_1119,5.337531,-1.295893,4.449250,1.451765,-8.211048,-1.791514,8.763526,8.855504,-5.591085,3.272903,-9.004888,9.689646,-3.954899,-1.723414,2.270490,6.239575,8.522187,4.018718,0.182023,5.316243,-9.343940,5.548822,-4.110142,3.327883
resume_1120,-6.911047,-2.639056,-2.487324,-3.584245,-1.224094,3.201515,-4.049336,-1.288035,-2.600318,-7.993213,-8.794367,-8.964435,-7.092031,7.675905,-9.679620,4.588931,7.279997,-0.247075,-7.573840,5.417280,-1.740325,0.263712,7.490078,-8.390230
resume_1121,0.441876,-5.274592,3.653564,1.830506,9.174546,-9.421385,7.428828,-0.033207,-1.505709,-0.375369,-6.824561,-8.673591,4.252553,3.546141,-2.183238,0.704582,-1.333462,-1.666593,-5.047490,6.487795,0.850269,0.858684,2.760153,-5.027596
resume_1122,-3.045075,5.625524,6.899621,1.427976,5.078391,1.770619,-8.383818,5.465509,2.263832,-2.885237,-6.134195,-6.854654,-9.530960,9.224841,-2.377497,7.208250,-2.673503,-7.135238,-4.978277,8.080801,-2.666889,-8.528516,-3.699188,-10.032944
resume_1123,-10.037875,-4.764882,9.448900,-0.278415,5.152575,3.645430,2.292774,4.500299,7.416685,-5.448581,6.050341,-8.860932,-5.435721,-4.484005,1.271063,2.381632,-9.278692,-5.435766,-0.010787,-6.040403,2.611095,7.375015,-7.647365,2.713000
resume_1124,-3.712342,5.550124,5.844884,0.930276,4.534336,1.000373,-7.863118,3.907404,3.690631,-3.602230,-5.908124,-7.213566,-9.431297,8.234953,-2.621590,7.231851,-1.962769,-6.721862,-4.735311,9.222953,-3.853397,-7.767943,-3.540138,-8.985202
resume_1125,-8.121684,-2.776792,-2.151498,-4.149929,-1.421916,4.262572,-3.860070,-0.863643,-1.940884,-7.279693,-8.554642,-10.097577,-7.960659,6.891117,-9.262873,4.090661,7.154081,0.518369,-8.072430,5.453765,-2.467532,-0.543744,8.630319,-9.431981
resume_1126,0.114931,-6.062139,3.748062,2.229776,8.388531,-9.748777,7.123501,-0.252704,-1.317689,-0.138432,-7.251828,-7.356282,4.985710,3.608445,-2.251680,0.226209,-1.923551,-2.268670,-6.214824,6.685528,1.781893,1.002621,3.305559,-5.905468
resume_1127,-9.567655,-4.530297,8.572925,0.864327,4.623873,3.813489,2.215153,4.126946,8.381809,-4.637602,6.170965,-9.556347,-5.840350,-5.407848,2.183708,3.467889,-8.941617,-3.920947,-0.718498,-6.071114,1.978123,6.580195,-8.035289,4.332847
resume_1128,-6.394907,-4.007857,-3.382392,-3.919325,-1.137343,4.732323,-4.478604,-0.977029,-2.175565,-7.304256,-7.579379,-8.831038,-7.598255,7.217948,-9.112184,4.330266,7.251503,1.376934,-8.995452,5.987367,-1.656365,-1.295125,7.442344,-9.998326
resume_1129,-7.467688,2.220057,-0.229602,4.371059,-3.070368,-4.741888,5.478002,-4.244292,-8.024843,-3.574914,-6.933079,0.832425,8.126937,5.847197,-0.832080,9.700886,0.119278,-2.623910,0.387589,7.217282,-5.272435,-2.606780,-6.476641,4.956880
resume_1130,-9.985959,-4.263406,9.759770,0.216408,6.596440,3.097875,2.644787,5.500480,7.360599,-4.378626,5.471388,-10.079373,-4.869574,-4.650801,2.629824,4.562347,-8.538104,-4.194238,0.170545,-5.858604,2.639907,8.101420,-7.922938,2.392509
resume_1131,-8.098533,1.613857,-0.200140,3.679114,-1.851519,-4.931363,4.460739,-5.168053,-8.578132,-4.569845,-8.256342,1.502968,8.240272,7.251246,-1.234495,8.984881,0.353089,-3.272212,0.172106,6.140359,-5.624829,-1.922268,-5.516213,4.327563
resume_1132,-4.335985,4.576638,6.118509,9.504772,-5.004820,-3.588327,-4.979416,9.239303,8.979231,5.779736,-3.754598,-8.125894,5.141396,1.371341,-4.322303,7.534530,6.562485,1.771636,-0.637978,2.694997,8.958901,-6.802840,-5.061788,-8.613144
resume_1133,-2.876793,5.689863,6.305493,2.221066,4.138494,0.789348,-8.798348,5.431766,2.848594,-2.737969,-5.132552,-7.807023,-9.731190,9.112679,-4.071959,6.655732,-1.113072,-5.949951,-3.831189,8.858910,-2.679184,-7.710583,-2.935952,-9.147355
resume_1134,0.279256,-5.226881,3.758809,2.354175,9.146545,-9.370214,6.748503,-0.205066,-1.243236,-0.031310,-7.337637,-8.767623,3.486601,2.791813,-2.850560,0.647153,-2.165079,-1.345484,-6.223254,6.445022,0.605580,1.878789,2.602737,-5.949418
resume_1135,-9.739931,-6.463413,-7.958986,-5.476233,-6.354805,-4.906305,5.377853,1.562086,-4.184391,-9.004396,-1.813095,-8.838990,5.743018,9.294992,-3.398040,1.171591,-5.208625,5.414422,-10.229863,0.322942,1.530006,-0.101523,-8.837579,-5.790370
resume_1136,-1.273201,-4.502718,4.791379,2.178728,7.928735,-9.001400,7.084041,-0.655937,-1.581307,0.143719,-7.045707,-8.046916,4.660265,3.425725,-1.985152,0.730621,-1.883075,-2.029508,-5.741132,6.761872,0.088659,2.765097,2.372434,-5.811769
resume_1137,-0.042909,-4.832004,3.024244,1.978216,8.666795,-9.767223,6.080149,-0.423685,-0.894311,-0.736678,-6.597329,-7.762315,4.813863,4.076779,-1.550929,0.306214,-2.090006,-2.153944,-4.716038,6.740385,0.068788,2.661543,2.019901,-5.979246
resume_1138,-6.825078,-3.418471,-2.661890,-3.697756,-1.085591,4.068650,-4.465868,-0.124302,-2.901318,-6.788331,-8.339064,-10.074948,-7.904630,6.771457,-9.860341,4.238632,7.217286,0.082497,-9.743585,5.377873,-1.276877,0.448913,7.452059,-10.129912
resume_1139,-10.709857,-4.189357,10.252781,-0.632915,5.609264,3.048528,3.225636,4.160534,8.121137,-3.945054,6.604637,-9.471459,-4.427563,-5.356948,1.801531,4.006441,-9.126289,-5.190953,0.113005,-5.910386,2.575954,7.389834,-7.305903,3.767234
resume_1140,-6.692119,2.312057,0.746171,4.307223,-3.235909,-4.718511,6.146569,-4.141927,-7.743511,-3.737499,-7.297138,1.178552,7.483259,5.430479,-0.316334,8.833862,1.115504,-3.438120,-0.356329,8.046706,-5.136171,-1.963174,-7.049773,4.378682
resume_1141,-6.564774,3.097429,1.212880,4.255637,-3.658240,-4.431037,5.251613,-4.678151,-7.162711,-4.006331,-7.529258,1.722410,8.369907,7.216154,0.523915,10.189960,1.400368,-2.843377,0.183240,8.099921,-5.287855,-1.664162,-5.867450,4.281768
resume_1142,-7.641970,1.230221,1.451795,3.196116,-1.709797,-5.536145,5.063802,-5.165201,-8.584796,-3.159950,-7.921726,1.047233,7.067261,5.991218,-0.392076,10.000297,0.678002,-3.704506,-0.394873,7.623717,-5.214595,-3.834594,-6.472498,4.227061
resume_1143,-7.159630,-3.732230,-2.604844,-3.567200,-0.909585,3.390955,-3.813315,-0.643163,-2.888189,-6.554643,-7.653151,-8.766896,-7.481209,8.238256,-8.966907,4.011944,7.477907,0.465679,-8.201836,4.858947,-1.479623,0.667360,7.588887,-9.654114
resume_1144,-6.834894,2.307413,0.411550,3.455470,-3.516941,-4.372175,5.505253,-4.014699,-7.746374,-2.987579,-8.089939,1.892689,7.612299,6.323349,0.097173,9.739792,1.176240,-2.549339,0.939820,7.107764,-4.925870,-1.758353,-6.287723,4.896390
resume_1145,3.891111,-1.470953,3.886940,1.635618,-7.113703,-1.738755,8.063323,9.188739,-5.361249,3.961257,-7.875788,10.536196,-4.625918,-2.808771,1.956111,8.260482,10.744122,3.806109,0.432972,4.959638,-8.627102,4.890902,-5.305676,2.250549
resume_1146,-6.318460,-3.385068,-2.893863,-2.703761,-1.261446,4.251007,-5.088139,-0.626237,-2.844847,-7.699819,-7.836190,-9.349084,-6.999821,6.358591,-9.897903,4.470143,8.293880,-0.148757,-8.771982,5.674062,-1.254875,0.081994,7.607079,-9.639438
resume_1147,-3.566648,5.101473,5.695413,8.891699,-5.799720,-2.673881,-5.112087,8.379053,9.508930,6.915227,-4.460403,-7.786486,5.237662,-0.112362,-3.569347,8.563384,7.133418,1.532101,-0.439274,3.492768,8.545749,-7.100338,-4.793773,-7.955101
resume_1148,-2.798947,4.641538,5.917315,0.357171,4.413378,0.963005,-9.043786,4.196327,2.857435,-3.753153,-5.755191,-6.619260,-10.221136,8.672746,-3.791911,8.043968,-2.424007,-7.565600,-3.342561,9.428581,-3.467172,-8.176086,-2.661576,-9.561167
resume_1149,3.108457,-0.457777,3.064146,1.642487,-7.912463,-1.674296,7.844425,8.691207,-5.221456,2.871858,-8.446721,9.692763,-4.995493,-2.054786,2.426532,6.801779,9.460211,3.761526,0.491115,5.714316,-7.684172,4.777473,-5.221021,3.346918
resume_1150,-9.389209,-6.608148,-9.040415,-4.640356,-5.273387,-6.682146,5.613807,2.626815,-3.831638,-8.148160,-0.371512,-9.472523,6.473454,9.021724,-2.883614,2.065844,-5.412154,4.547354,-9.497679,-0.767004,1.161241,0.308368,-8.189101,-5.597662
resume_1151,-8.408589,-5.238823,10.814692,-0.189320,6.337241,3.323223,2.905415,3.924863,7.797489,-5.291152,5.842055,-9.180984,-5.648033,-5.371211,2.221057,3.658751,-9.221804,-4.615508,0.539354,-6.483945,1.859493,7.015753,-7.967417,2.575187
resume_1152,-4.243611,5.336340,7.026111,9.779709,-5.512228,-3.873133,-6.120016,8.206164,8.670069,5.977900,-3.914380,-7.566380,4.393834,0.645839,-3.133589,8.590087,6.970620,2.325585,-0.060034,3.698683,8.506811,-5.834598,-3.936773,-8.162417
resume_1153,-3.548615,5.239793,5.973375,1.063604,3.808177,1.040930,-9.877237,4.979349,2.513145,-3.464635,-4.565634,-7.563944,-9.562482,9.002892,-3.191086,7.569182,-2.316751,-6.733386,-4.933281,9.412233,-3.838766,-7.000512,-2.425693,-10.122134
resume_1154,-9.310930,-4.847184,9.224137,-0.868350,6.615666,3.810221,2.825558,5.298503,7.815868,-5.863983,7.783209,-9.293745,-5.939099,-6.572505,1.317216,3.050954,-8.801718,-4.249581,0.032506,-5.870285,1.675246,7.280576,-7.965688,3.744771
resume_1155,-3.946735,4.690670,6.616131,8.329266,-5.499993,-3.594322,-5.703193,9.441482,8.288319,6.105096,-5.151982,-8.289563,3.516267,1.058319,-3.116114,8.661863,5.852578,1.478463,-0.424035,3.586278,8.694946,-6.756210,-4.721393,-8.344594
resume_1156,0.260863,-5.243879,4.754703,1.865796,9.348261,-8.451164,7.176549,-0.669293,-0.959797,0.324645,-6.364334,-8.938136,4.438312,4.506055,-3.130085,0.811463,-1.375673,-1.786365,-5.424878,6.356031,-0.168431,3.629038,2.569134,-6.637689
resume_1157,-7.116227,1.225808,1.120744,3.020483,-2.801747,-3.975538,5.132987,-4.301126,-7.385952,-3.535873,-7.787122,0.914475,8.180757,5.760446,-0.295734,10.570071,0.440041,-3.006360,0.680193,7.462352,-5.814887,-2.479086,-5.951233,5.501241
resume_1158,-9.163023,-5.759952,-9.185251,-6.012977,-6.567318,-5.160010,6.121914,1.236819,-3.677474,-9.034871,-0.681008,-9.394237,5.707240,9.584093,-2.299384,2.081832,-4.850725,5.810546,-9.733893,0.169461,2.433898,-0.052952,-7.763056,-5.225780
resume_1159,-7.060947,-4.727746,-2.159062,-2.127103,-1.527163,4.931180,-4.422289,-1.180662,-2.189262,-8.055245,-8.428756,-9.568294,-6.937139,6.800625,-10.205067,3.965363,7.503040,0.441503,-7.895491,5.270339,-1.381347,-0.382063,8.466513,-9.040508
resume_1160,4.288624,-1.182841,4.724810,1.854087,-6.629480,-0.825334,8.126895,7.515480,-5.972669,2.903889,-8.080663,9.239722,-4.652805,-2.115914,2.674376,5.480724,10.147618,4.170107,0.987507,5.016999,-8.249969,5.620848,-5.007939,1.821255
resume_1161,4.485247,-0.819569,3.523636,2.557507,-7.865551,-0.956313,7.542366,7.656238,-5.434484,3.225077,-7.431311,8.665369,-5.154874,-1.989100,2.695098,6.219646,9.375270,4.376898,0.027262,5.957733,-9.884980,4.940046,-5.769845,2.097306
resume_1162,-7.474383,-3.881553,-2.751759,-3.607428,-0.955425,3.263848,-4.229291,-1.023096,-3.297350,-7.600470,-7.987396,-7.924068,-7.371959,6.960914,-10.422444,4.429417,7.409117,1.246354,-9.349465,6.515604,-2.351314,-0.417008,8.267422,-8.657185
resume_1163,-7.796474,-3.342948,-2.188403,-3.112545,-1.585043,4.180590,-4.744112,-1.239767,-1.619086,-8.257938,-7.172550,-9.430897,-8.012256,6.493087,-10.167650,4.799682,7.342087,-0.431120,-9.025053,4.714093,-1.990775,-0.006516,7.633481,-9.447179
resume_1164,-10.155990,-4.944352,9.607452,-0.398834,6.315789,2.699568,1.892859,5.442272,6.810070,-5.494255,6.367379,-9.437740,-5.852860,-5.237043,1.707900,2.741829,-8.638740,-4.632510,1.003065,-6.064079,2.636399,6.137533,-8.121147,3.332486
resume_1165,-2.461758,5.497513,5.866010,1.104971,4.768002,1.310476,-10.017628,4.962846,3.218283,-3.627945,-6.220475,-7.222607,-9.631939,8.138768,-2.356966,6.761498,-2.341386,-7.306785,-4.272995,9.078771,-3.657273,-7.339743,-2.254992,-9.740203
resume_1166,-6.251842,2.378611,1.406616,4.206138,-3.214268,-5.064319,5.604390,-3.914391,-6.474515,-3.947983,-7.403866,0.663822,8.098365,5.870127,-0.184245,9.041038,1.735245,-4.122097,-0.256723,8.658868,-5.187931,-2.342233,-6.764335,4.793471
resume_1167,-0.879515,-4.485402,3.640620,3.591860,8.740106,-9.411466,6.543848,0.423965,-1.656513,-0.398784,-7.433841,-9.518141,4.854181,3.682035,-3.222733,1.293656,-2.253621,-1.796515,-5.240620,6.653467,0.699810,1.281719,2.527081,-6.785808
resume_1168,-9.041523,-5.577489,9.894010,-0.032678,6.530693,3.394874,1.491755,4.704172,8.500015,-3.861988,6.005464,-8.848410,-4.492444,-5.653876,2.313798,2.611531,-8.458612,-4.028898,-0.468929,-5.403016,2.422324,6.759751,-7.103249,3.136089
resume_1169,-0.264463,-5.749243,5.311826,2.310788,8.730742,-9.890814,6.403583,0.015972,-2.725154,-0.302095,-6.639320,-7.555045,4.073078,3.484456,-2.152904,0.833110,-1.494961,-2.759927,-6.152919,6.020070,0.395408,1.195785,2.409587,-6.730589
resume_1170,-8.580135,-6.357301,-9.165878,-6.472051,-6.829609,-5.736342,5.712708,2.255920,-4.663338,-8.578502,-1.327206,-9.396619,5.540751,9.052336,-2.333890,1.699061,-3.595010,4.844166,-9.080110,-0.157647,2.328669,0.338056,-7.813708,-4.649460
resume_1171,-6.736484,2.011957,0.669810,3.294198,-2.948796,-3.686216,4.613437,-4.218373,-7.075982,-4.081646,-8.371615,2.369378,8.291299,6.412170,-1.461264,10.494993,0.665806,-3.010602,-0.386174,8.136216,-5.029467,-2.950343,-6.250557,4.251164
resume_1172,-6.383799,2.275085,0.667294,3.559854,-3.623509,-4.231920,5.016703,-4.095966,-8.698224,-3.630811,-7.850951,2.549323,8.343395,6.751262,-0.276793,9.910209,0.545941,-1.571321,-0.074062,8.143095,-6.637250,-2.826292,-7.001573,4.245736
resume_1173,-3.800900,5.288273,7.303620,8.346797,-6.239795,-2.470561,-5.806199,10.095987,9.152958,5.714373,-3.010626,-8.281000,3.930696,-0.481825,-3.329927,8.325973,6.191602,2.432531,-0.165116,4.143342,8.502876,-7.632535,-5.405283,-7.297901
resume_1174,-7.728577,2.306475,-0.293150,3.061924,-2.777661,-4.591944,6.056709,-5.350480,-7.643920,-4.460176,-8.125124,0.008533,8.014334,6.633128,-1.300140,9.622597,1.287364,-2.947536,0.317203,8.009064,-6.579768,-1.675044,-5.697520,5.107588
resume_1175,4.663334,-1.924797,4.472586,1.631596,-7.609527,-2.220647,8.036553,8.199348,-5.378738,3.274051,-8.499800,10.494908,-6.128762,-1.155032,2.220796,6.621714,8.729848,4.537475,1.264799,5.447215,-8.366746,5.194792,-5.216943,1.875002
resume_1176,-3.593224,6.213129,5.799926,0.373784,4.921409,0.733557,-9.129740,5.630573,2.523601,-2.863967,-4.937909,-6.855208,-9.828598,8.334334,-3.117002,6.436942,-1.460689,-6.402086,-4.069867,8.114217,-2.156607,-8.111643,-2.391950,-9.135556
resume_1177,-7.593648,1.597444,1.201023,4.140983,-1.970778,-4.357617,4.544572,-4.364289,-6.740493,-3.376878,-8.434564,0.209119,9.162276,6.402479,-1.184491,9.206341,0.567502,-3.378563,-0.490012,7.951300,-5.992358,-2.581531,-6.911849,4.934024
resume_1178,-9.436255,-3.584793,10.359264,0.703267,5.472394,3.976569,1.698345,4.530534,7.911955,-5.532678,6.076294,-10.629858,-4.927924,-4.854475,1.763101,3.835039,-8.527669,-4.262951,0.063203,-5.925668,2.516145,7.833552,-8.879320,3.849185
resume_1179,-3.173835,2.935866,7.586344,10.404218,-5.262071,-3.918704,-5.421800,7.928878,8.369301,5.566562,-2.953963,-7.987525,4.737636,0.130817,-3.209731,8.335385,7.209033,3.107865,-0.747336,4.744086,8.776732,-7.390769,-4.667365,-7.547514
resume_1180,-9.267142,-7.022976,-9.833949,-5.006607,-6.974916,-5.687337,5.826546,1.900796,-4.038571,-8.070052,-1.075223,-10.000925,6.095655,9.360197,-2.571720,0.915598,-5.163796,6.019396,-10.277136,1.023841,3.214882,-0.782244,-8.812720,-4.437545
resume_1181,-1.117821,-6.105690,3.766338,1.897068,9.540476,-9.675409,7.236001,0.225150,-1.336158,0.766149,-7.963384,-9.022856,5.324019,2.252625,-1.336506,-0.522886,-1.195609,-2.446879,-6.196808,5.707463,0.834918,2.717441,2.753341,-6.009774
resume_1182,-9.263777,-5.090489,10.080687,0.955145,6.101066,4.413066,2.953806,5.441034,7.054811,-4.344604,5.950596,-10.476603,-5.627185,-5.005950,2.090563,1.662898,-9.336068,-4.459683,0.055501,-7.517265,3.049889,7.356522,-8.920247,2.523112
resume_1183,-7.368883,-4.280267,-3.268487,-3.354368,-0.804964,4.673689,-3.509045,-1.222279,-2.621733,-6.782319,-8.120676,-9.487506,-7.720553,7.972976,-10.336275,4.851303,7.850457,0.674770,-8.573256,3.807190,-1.179211,0.119177,7.391766,-10.213180
resume_1184,-3.316816,4.505343,6.913388,0.877543,5.325647,0.586343,-8.870541,4.291732,2.854702,-3.187004,-5.119784,-6.317816,-10.404566,8.100591,-2.236183,6.912419,-2.081490,-7.784991,-4.178269,9.838180,-3.460062,-7.146498,-3.047888,-9.937112
resume_1185,-1.365147,-5.704382,3.644610,2.201319,9.275763,-9.521639,6.264526,0.714543,-0.700742,-0.105372,-7.148081,-8.423440,5.456102,3.708217,-1.757709,0.914774,-2.674172,-1.539909,-5.423638,6.551581,1.182860,1.896701,2.706839,-6.957001
resume_1186,-0.587773,-3.931778,4.602695,2.116322,8.316810,-8.601884,7.458039,-0.592536,-1.665376,-1.867874,-7.989330,-9.350892,4.624897,4.055529,-2.785210,0.416046,-1.967743,-2.538129,-5.556460,6.465978,1.152051,2.809416,2.960657,-6.654357
resume_1187,-3.184249,5.018835,5.644327,1.443255,4.243156,1.104001,-9.353272,5.271660,3.878544,-2.894695,-6.876953,-7.333847,-10.168799,9.310044,-2.618406,7.049810,-2.083400,-7.022728,-5.369317,9.683764,-4.244169,-7.683547,-2.513611,-8.873731
resume_1188,-9.041073,0.967805,1.808465,3.712670,-3.113254,-4.670608,5.988738,-4.319594,-6.826346,-4.704031,-8.597638,0.874507,8.244403,5.732413,-0.448139,9.504064,1.782903,-2.839487,0.353059,8.663972,-4.915588,-2.408081,-5.393595,4.462976
resume_1189,-8.956035,-4.779355,-7.853564,-5.710488,-6.840772,-6.100832,5.632542,2.774798,-4.627636,-9.002350,0.039705,-9.099439,6.589493,9.069420,-3.866081,0.725888,-3.227480,5.227150,-9.673720,0.501335,1.514733,0.284587,-7.820834,-4.686429
resume_1190,-6.088334,1.122675,1.090363,3.663520,-3.521649,-4.006516,4.974227,-4.643194,-8.445499,-2.162949,-7.955103,0.393323,8.048625,6.396304,-1.220656,9.706456,1.465336,-3.586583,0.502948,8.100176,-6.358081,-2.136183,-6.086665,5.629137
resume_1191,-6.965850,0.722427,0.118418,4.541186,-2.708427,-3.443643,5.992974,-4.292578,-7.671604,-4.090391,-7.231960,1.084250,8.623459,6.422871,0.132315,9.189379,0.911639,-1.911521,-0.141828,7.258915,-5.094612,-2.960027,-7.078997,5.005760
resume_1192,-4.781775,4.626730,6.862427,9.799475,-6.265428,-2.869590,-6.234418,9.240006,9.832996,6.097640,-4.660714,-7.401826,3.337681,-0.467087,-3.425425,8.814712,6.908675,1.039414,-0.871812,3.657581,7.977909,-6.396081,-5.194462,-6.866052
resume_1193,0.633597,-5.392751,4.729957,3.415618,9.091869,-9.086609,6.618482,0.277440,-1.410258,-1.083407,-7.737721,-7.882154,4.854100,3.455397,-2.512996,0.769697,-2.455000,-2.345487,-7.212853,6.746928,0.876360,3.080617,3.251058,-6.912397
resume_1194,-4.687469,4.680141,6.311117,9.639719,-5.653501,-3.154439,-4.622538,8.359987,9.956888,7.034593,-4.367989,-7.770267,4.200670,-0.130021,-3.715093,9.159124,6.898008,2.803555,0.848766,3.566998,9.454123,-6.606264,-4.391289,-8.247934
resume_1195,-7.551256,-3.783679,-2.373454,-4.769724,-0.950837,4.299913,-3.911379,-1.858058,-2.282563,-7.420551,-7.703470,-9.152280,-8.263063,7.292628,-9.829712,3.948817,6.844334,1.112545,-8.624232,5.401440,-2.146019,0.339201,8.460764,-8.946041
resume_1196,-2.665553,3.910577,6.016902,1.382594,4.983710,0.651081,-7.969908,4.351736,1.445561,-3.959105,-5.160465,-5.593552,-9.934488,8.558556,-3.429512,7.590053,-2.736513,-7.601051,-4.695110,9.129804,-3.437406,-8.246549,-2.555750,-8.641282
resume_1197,-8.050307,2.123762,1.276770,4.321948,-2.913334,-4.564362,5.487674,-4.836320,-8.565059,-3.021829,-6.616943,0.579390,8.878657,5.985147,0.009574,10.290249,0.733641,-2.710602,-0.080422,8.109269,-5.760691,-1.900204,-6.284737,4.421272
resume_1198,0.256044,-4.973470,3.631226,1.742753,7.351562,-9.037754,6.181157,-0.523977,-0.888681,-1.259371,-7.292981,-8.785949,4.794685,3.964670,-2.349121,-0.352464,-2.001509,-2.535333,-6.586651,6.910468,0.428283,1.061344,3.071693,-6.842042
resume_1199,4.337030,-1.003580,4.320668,0.997339,-8.163082,-2.765150,7.645408,7.878840,-5.083999,3.187523,-8.638775,10.336508,-4.153722,-1.915753,2.068773,6.430824,9.226256,4.101366,0.961193,5.326707,-8.510364,3.847599,-4.826084,1.848875
resume_1200,-6.963326,-4.772092,-2.000504,-3.664346,-0.463325,4.205597,-4.293030,-0.680999,-2.463531,-7.765049,-7.020621,-9.646676,-6.860083,6.896103,-10.122249,4.237439,7.568669,-1.060652,-8.187178,5.280217,-1.348696,-0.401114,8.111891,-9.211331
resume_1201,-4.014638,5.098033,5.407483,8.977225,-6.045731,-2.944887,-4.649894,8.697366,9.229455,6.053816,-4.232753,-7.927711,4.256715,0.420294,-3.852650,8.769555,6.385916,2.186341,1.256145,3.102200,7.700077,-6.145974,-4.377237,-8.012619
resume_1202,-0.950489,-5.078848,4.691543,2.718596,9.227185,-9.089607,6.546513,0.252186,-1.211320,-0.452938,-7.887709,-9.063668,3.754019,3.447243,-1.600453,0.602907,-3.448021,-2.280538,-5.181588,7.070600,0.272779,3.149931,2.338752,-7.125650
resume_1203,-7.582463,2.167461,1.055936,3.407608,-2.642711,-4.393377,5.746658,-4.681943,-6.379871,-2.947350,-8.538775,0.227358,8.408472,6.346818,-1.592810,9.112440,0.515335,-1.406949,-0.133992,7.342997,-6.031829,-2.397397,-5.861296,4.804165
resume_1204,-8.482485,-5.344139,-8.072928,-5.061617,-6.382332,-5.918216,5.607359,2.403394,-2.709982,-7.973222,-1.473442,-9.166394,6.329063,9.112873,-2.948628,1.342658,-5.083602,5.087279,-9.578324,0.322465,1.863069,-0.102958,-7.343586,-4.601800
resume_1205,0.218806,-5.849840,4.574833,2.534670,7.364821,-8.364649,6.690227,-1.710925,-0.704152,0.288101,-6.689340,-8.562233,3.951566,3.340545,-1.836436,-0.191762,-1.828771,-1.741872,-4.622909,6.925213,-0.095994,2.789373,3.191076,-5.740851
resume_1206,-0.464159,-5.389573,3.794375,2.816556,8.694204,-10.221788,6.489752,0.296147,-0.705143,-0.864796,-6.839199,-8.608966,5.161964,4.156233,-2.085352,-0.167386,-2.054822,-1.412012,-5.700127,7.761685,0.664668,3.038485,2.807466,-7.149743
resume_1207,-4.180445,6.156336,5.789410,9.893048,-6.321171,-3.356351,-5.122155,8.398393,8.741934,6.193017,-4.327322,-6.600823,4.242003,1.581703,-5.227121,8.861027,6.702203,2.315423,0.124149,4.076523,9.650279,-7.413301,-4.103345,-9.151717
resume_1208,4.054177,-0.930545,2.875685,1.997671,-7.133324,-1.980231,8.626139,8.242886,-4.143895,3.969779,-7.262104,9.283104,-4.429194,-2.975376,3.232554,6.856446,9.600328,4.826886,2.294610,4.925851,-9.026976,4.898459,-5.963893,2.380587
resume_1209,-0.191630,-4.450004,5.065364,2.275301,8.732225,-8.808063,7.281930,0.215050,-0.445063,-1.529342,-5.158533,-8.160541,4.555036,2.826691,-1.439734,1.201037,-0.976400,-2.605885,-6.179245,6.613125,0.770345,3.134081,2.037412,-4.980306
resume_1210,-7.976572,-6.352576,-7.837959,-5.041549,-5.772260,-6.051615,6.039935,2.218687,-3.543243,-8.524665,-1.407304,-9.234056,7.065264,8.309906,-3.117264,1.617012,-4.601442,6.447290,-11.107712,-0.535005,2.742459,0.510693,-7.925848,-4.745581
resume_1211,-3.744283,6.112271,7.102110,8.760119,-6.449033,-3.121533,-5.012310,9.483263,8.927918,6.694910,-5.041436,-8.318545,4.071486,-0.060982,-3.804398,9.484711,7.134171,2.770018,-0.062371,4.585419,8.531147,-7.024835,-5.149848,-8.659018
resume_1212,-3.814320,5.199781,6.497253,9.340383,-6.857010,-3.457990,-5.925959,9.458683,8.374413,5.570376,-4.730095,-8.012751,4.295700,0.378900,-2.571855,9.076623,6.610268,3.283704,-0.585548,2.549009,8.800115,-7.293061,-5.068421,-7.955686
resume_1213,-8.949793,-5.883403,-7.602660,-4.243409,-6.167722,-6.041353,6.849645,2.219576,-5.763868,-8.297390,0.046945,-8.239809,6.753734,8.459991,-3.207243,1.266544,-4.573523,4.533271,-8.840456,-0.183913,1.692498,0.054120,-7.548106,-5.296618
resume_1214,-2.816232,5.738594,6.553102,0.838359,4.001736,1.048494,-8.388124,5.707256,1.430653,-3.289389,-5.577249,-7.884253,-9.679834,8.565894,-3.414726,7.141139,-2.852336,-6.457997,-4.787473,9.209403,-2.994726,-8.276782,-1.740669,-9.135408
resume_1215,-10.895100,-5.381466,-9.235018,-4.641908,-5.613872,-6.037895,5.998925,2.615968,-3.827661,-7.845572,-1.050287,-8.454507,6.116758,9.273580,-1.885517,1.711478,-5.878620,4.512764,-9.858375,0.074984,2.678467,-0.944578,-7.049330,-3.841632
resume_1216,-6.664169,1.083574,0.544795,4.016452,-3.973593,-4.624658,5.733448,-5.044158,-7.785828,-4.894304,-7.174513,0.907509,9.184416,6.366337,0.437745,9.573998,1.409986,-1.789872,0.698196,7.523939,-5.204606,-2.458588,-6.265077,5.002347
resume_1217,4.158453,-1.875841,3.761136,2.133318,-6.439231,-1.333980,7.906821,8.664218,-6.730501,3.404160,-7.872755,11.049621,-4.677044,-1.519489,2.030476,7.253529,8.546855,4.513784,-0.394718,5.554446,-8.548877,5.322629,-5.294529,2.162110
resume_1218,-3.069935,5.123777,6.270995,0.824401,4.686295,2.025453,-8.755331,4.949882,3.927374,-3.738501,-4.792567,-7.390739,-9.065945,8.408628,-3.367926,6.699930,-1.953056,-6.509516,-3.971303,9.591850,-2.753564,-8.932232,-3.050468,-10.096033
resume_1219,-9.107478,-5.966321,-8.133329,-5.192981,-5.589258,-5.102757,5.815157,2.618364,-3.929511,-9.490841,-1.809407,-9.390478,6.763864,10.535404,-3.356955,2.232014,-3.239106,6.136897,-9.600280,0.580959,0.876961,-0.491315,-7.092512,-5.775995
resume_1220,-9.057234,-5.857859,-9.416767,-5.159114,-6.992778,-5.019607,7.505282,2.154633,-2.795097,-9.237932,-0.393063,-8.727863,6.439683,8.981897,-2.141193,1.843233,-3.407842,5.763515,-9.715456,-0.962340,2.032222,-0.087380,-7.848268,-5.734410
resume_1221,-8.954769,-6.248798,-8.321181,-5.430217,-5.628590,-5.438848,5.419770,2.152490,-4.936194,-8.383911,-0.590026,-9.703497,5.607010,10.642300,-3.141765,2.606136,-4.027754,4.606511,-9.961112,-0.646825,1.486847,-0.020775,-8.370741,-4.846291
resume_1222,-5.151585,4.946534,6.975928,8.976304,-6.418152,-3.326520,-5.578115,8.143368,9.826907,6.212318,-4.793045,-7.622735,4.885354,0.118971,-4.121656,7.657697,7.108536,2.411824,0.326873,3.249592,9.017355,-6.860972,-5.176648,-9.388188
resume_1223,3.769941,-0.630184,3.629324,2.213725,-7.578087,-2.460605,8.168461,8.672829,-5.212042,3.387989,-8.303318,10.340933,-4.557564,-2.409673,3.030930,6.640212,9.361959,4.621422,1.602286,5.533789,-9.070790,4.719870,-4.311691,1.946898
resume_1224,-4.999173,6.286565,7.271903,9.979639,-6.704473,-3.854321,-4.558957,10.500968,8.591309,5.887359,-3.825167,-7.589113,4.815088,0.511281,-3.959982,9.118708,7.661255,2.892653,0.012160,4.025613,7.981062,-7.069824,-3.315685,-7.722347
resume_1225,4.847170,-1.369558,4.908853,2.165766,-6.655894,-1.404718,8.309081,7.548435,-5.688915,3.523842,-8.302990,9.730269,-5.555746,-3.475283,2.645450,6.458038,9.078885,4.513193,1.539581,4.362160,-8.732437,4.919689,-4.987993,2.130689
resume_1226,3.876061,-0.545176,3.990127,0.513451,-7.043623,-2.258190,9.962373,7.895593,-5.264191,2.335160,-7.058143,9.816223,-4.727783,-1.228977,1.648262,7.343415,10.034461,4.122321,1.599358,4.915624,-9.258367,5.137744,-4.724742,3.111250
resume_1227,-9.922104,-4.052901,10.267501,-0.254139,5.325989,4.567841,2.577198,5.242700,7.517006,-4.404758,5.909823,-9.736731,-4.757244,-4.675522,2.008328,2.938031,-10.050669,-4.809552,0.431849,-5.254549,3.039537,6.156044,-8.479274,3.345644
resume_1228,-2.924820,5.053068,5.678448,1.052960,4.597407,1.521036,-8.311800,4.467396,2.796998,-2.913695,-5.133232,-7.218270,-10.244114,9.250479,-2.267393,7.659312,-1.657687,-7.038510,-4.237025,8.374147,-2.765429,-8.343046,-3.165608,-10.314564
resume_1229,-3.470352,6.653721,5.718506,1.529773,4.745552,1.618404,-8.763613,5.107635,2.092610,-2.309757,-7.360526,-8.417816,-10.227989,8.434005,-2.026348,6.660365,-2.358497,-6.138488,-4.041468,8.816299,-2.135286,-7.759151,-3.467863,-8.593776
resume_1230,-0.712821,-5.339068,4.476507,1.793403,9.558069,-8.519316,8.076403,0.560797,-1.027794,-1.324563,-8.182765,-8.521581,5.176021,3.452960,-2.573484,1.746128,-1.395960,-1.331535,-4.962941,7.262867,0.589975,1.583715,2.809397,-6.740286
resume_1231,-2.787644,5.997600,5.831433,0.172773,3.648767,1.685100,-9.568405,5.470712,3.681314,-3.658298,-4.935108,-8.243073,-9.613253,10.787660,-2.637918,7.199501,-2.981446,-6.657066,-3.396208,8.984063,-2.450716,-8.085130,-1.365736,-9.013215
resume_1232,-7.484035,-2.957684,-2.852096,-4.460545,-0.630752,3.202392,-4.031652,-0.875588,-1.765317,-6.914592,-7.917708,-9.108550,-7.145022,7.847759,-8.373116,4.678193,8.170647,0.176637,-8.365004,5.059177,-1.467522,0.049115,8.191021,-9.748817
resume_1233,-3.280727,5.017317,6.880457,1.184909,4.996583,0.958907,-8.706254,5.473646,2.192214,-3.220429,-5.516415,-6.780729,-9.350371,8.856995,-3.413041,7.105795,-2.589317,-8.245104,-3.276129,8.890422,-2.481920,-7.893752,-3.350742,-8.648164
resume_1234,-9.070033,-7.004786,-8.640274,-4.059319,-6.509967,-5.831781,5.264961,1.534665,-4.406106,-9.104876,-1.858932,-9.330670,5.865021,9.138252,-2.093965,0.900444,-4.299893,4.597577,-10.898797,1.144671,1.309977,-0.028794,-7.628198,-6.247377
resume_1235,-8.053473,1.314732,0.561016,2.907889,-3.802074,-4.312783,5.924433,-4.583748,-7.911169,-3.527884,-7.108360,1.448668,7.822186,6.070115,-0.331335,10.007758,-0.367697,-2.039526,-0.245499,8.477937,-6.806557,-1.869657,-5.643633,5.766574
resume_1236,4.224598,-1.628756,3.601259,0.814360,-6.773343,-1.403255,8.488017,8.344347,-5.109204,4.292857,-8.087433,10.483832,-5.405182,-1.003058,2.516427,7.098859,10.038828,3.188396,2.067727,6.484080,-7.675453,5.196576,-4.479653,3.735361
resume_1237,-2.704838,5.653282,6.500563,1.243129,4.574344,2.165048,-9.695058,4.867818,3.204930,-3.659267,-6.216100,-7.547045,-10.348995,8.023935,-2.314035,6.396083,-1.646577,-5.742900,-4.199844,9.333111,-3.051206,-8.281486,-2.924270,-9.213265
resume_1238,-0.569592,-4.567391,4.356601,2.525656,8.435377,-10.217336,8.115523,0.463949,-1.480756,-0.482403,-7.839167,-8.610492,4.719992,4.551344,-1.840192,-0.121943,-2.263986,-2.721378,-6.250019,5.126512,0.844015,1.593045,3.337980,-5.191329
resume_1239,1.240447,-4.487919,4.919757,3.877347,9.163285,-9.152710,5.689458,0.572807,-1.789782,0.186970,-6.221089,-8.250014,5.034667,4.033897,-2.252624,1.134936,-2.084623,-2.212206,-6.299791,6.524241,-0.071769,2.209003,2.828053,-7.046274
resume_1240,-2.785879,5.485659,6.009856,0.720025,3.897989,0.853477,-9.115077,6.000659,2.932044,-2.485355,-6.311750,-6.129634,-9.867833,8.366719,-3.331425,6.906351,-2.508409,-7.113426,-3.632910,8.795437,-2.956397,-6.529490,-2.807493,-9.869569
resume_1241,4.136343,-2.233148,3.690203,0.927755,-6.589300,-1.922998,8.440731,8.208682,-5.581017,4.645644,-7.578219,9.995379,-4.101315,-2.119591,1.407907,6.318758,9.765457,3.623673,1.618174,5.754854,-8.869424,5.829833,-3.919116,2.428755
resume_1242,5.147013,-1.166709,2.551074,2.026150,-6.419826,-2.810823,8.368379,9.083655,-6.500687,3.235492,-8.184440,10.332648,-5.738098,-1.478472,3.211906,7.393293,8.958522,4.692511,0.554488,6.202212,-7.750321,5.727632,-3.975403,2.577094
resume_1243,-1.729784,-4.163402,3.802426,3.452967,8.018877,-9.094778,7.592925,0.201569,-0.530498,0.174106,-8.125172,-8.318337,4.004155,2.862676,-2.138133,0.811684,-2.585354,-1.171453,-5.822722,6.556798,-0.089637,3.543022,4.028737,-6.382495
resume_1244,0.497504,-6.031776,4.092598,3.333973,7.830903,-9.872035,6.013429,0.063364,-1.423767,-0.546852,-6.912034,-7.101754,5.008715,4.538957,-1.742429,0.611311,-3.329166,-0.883506,-6.417979,4.889592,0.687840,3.167284,2.908459,-6.351242
resume_1245,-7.158190,2.107544,1.104978,3.448760,-2.168109,-4.611492,5.035591,-5.393742,-7.822987,-4.316663,-8.225101,0.967099,7.318316,5.706091,-0.472612,9.611221,0.325360,-3.559904,-0.594731,7.552133,-5.398083,-4.151375,-5.815159,3.206011
resume_1246,-0.293727,-4.562743,4.968057,3.245302,8.729563,-9.130027,5.786380,-0.305010,-1.015320,-0.558796,-7.260642,-8.657446,5.644674,4.069187,-1.734608,-0.058163,-2.322164,-2.097034,-5.095192,6.148787,0.254482,3.676377,1.510232,-5.956848
resume_1247,-9.082441,-6.520965,-9.327184,-4.668997,-6.100575,-5.153473,6.316143,1.884372,-4.401046,-8.778576,-1.604398,-9.542778,5.919438,9.298548,-2.925230,2.281564,-3.507448,6.293597,-10.368576,0.723396,1.918069,-0.071186,-8.083716,-5.177500
resume_1248,4.095066,-0.906764,3.530350,1.024625,-6.794447,-0.532074,8.116955,7.948498,-6.108673,3.812536,-7.402559,10.144739,-4.623441,-0.506492,1.409644,6.242799,9.838615,3.578615,0.721145,6.562924,-8.303002,4.139889,-4.452363,2.634007
resume_1249,-6.584205,-3.644200,-1.606584,-3.666080,-1.186159,4.352343,-3.411457,-0.113792,-3.348703,-7.793599,-8.543027,-9.875943,-7.473708,7.369586,-8.990873,5.083676,7.157652,0.413727,-8.216784,4.398768,-1.923206,-0.586991,8.303932,-9.415090
resume_1250,-3.356452,6.060484,6.390338,9.099302,-6.176414,-3.842392,-5.109347,9.787014,9.143022,6.317572,-4.545192,-8.589706,5.112541,-0.490583,-3.442993,7.712008,6.527025,1.445878,-0.407101,4.052513,8.782405,-7.254570,-5.933775,-8.465897
resume_1251,-6.586718,1.256370,0.390085,5.182389,-2.848140,-4.155230,5.940554,-5.989619,-8.058662,-3.812115,-8.688423,0.935907,8.002754,6.970104,-0.706335,9.134785,1.155751,-2.877317,-0.514780,7.000113,-4.810531,-2.704072,-6.264901,3.933500
resume_1252,5.128779,-1.784620,3.781405,2.019014,-7.989613,-0.771994,8.118947,7.946054,-5.683467,4.553593,-8.004504,10.574864,-4.046989,-2.060875,2.278713,7.508879,9.338347,2.832064,1.289577,5.467600,-9.601080,4.802153,-6.095861,3.354147
resume_1253,-9.667014,-3.927491,9.309494,-0.556530,6.276434,4.055650,2.237944,4.616088,7.470194,-3.735077,5.490561,-10.853754,-4.621830,-4.878747,2.692385,3.941939,-9.825290,-5.241212,1.177082,-6.495690,2.064766,7.961373,-8.458020,2.520092
resume_1254,-8.952472,-4.492264,9.626351,0.127221,6.950265,4.116178,3.101975,4.955160,7.765278,-5.052286,5.429599,-10.480998,-4.800880,-4.850254,2.726136,3.525980,-9.683889,-4.237006,0.435245,-5.369684,2.025613,6.254726,-7.646150,2.983947
resume_1255,-3.694852,5.184334,6.243825,10.460695,-6.227040,-3.006344,-5.233489,8.727652,9.375321,5.744849,-4.107597,-7.908058,4.210091,0.319140,-4.769404,8.340443,7.274327,2.360346,-0.443580,4.197976,8.337066,-6.038995,-6.021028,-8.274691
resume_1256,-4.712019,4.664634,7.509622,9.585031,-7.280455,-2.664856,-5.232379,9.281565,8.981701,6.541684,-4.250249,-8.428097,4.656288,0.762963,-4.808983,7.583427,6.176660,1.559564,0.159446,3.623682,9.404048,-7.524333,-4.355715,-8.506786
resume_1257,-8.053794,1.986523,1.148650,3.138425,-2.673706,-4.232705,6.257440,-4.400107,-7.915551,-4.500726,-7.666067,1.110179,9.121421,6.906017,-0.589487,9.667901,0.822430,-2.110450,0.503325,8.015987,-5.958909,-2.157763,-6.954083,3.933979
resume_1258,-4.045463,4.295104,7.614809,9.875374,-6.326600,-3.531268,-5.233553,9.811787,8.488442,6.614771,-3.696115,-7.696420,3.741961,0.708035,-4.060624,8.889562,7.171821,2.516523,-0.703199,3.793562,8.554877,-6.642269,-5.160845,-8.472605
resume_1259,-6.979896,0.865627,1.205394,2.562410,-3.051096,-3.484054,5.758299,-5.776884,-7.935700,-4.139596,-7.119273,2.001369,8.161293,6.660270,-0.160358,9.866900,0.970280,-3.265892,0.861483,7.254761,-5.059864,-1.548691,-5.913924,3.165302
resume_1260,3.504529,-1.059359,4.330931,1.753339,-6.513099,-1.908009,7.517344,8.980822,-5.412357,3.519916,-8.199325,10.136293,-6.738424,-2.105939,2.737893,6.266445,10.189815,3.988288,0.637533,5.903637,-10.005494,4.977008,-4.766434,1.970283
resume_1261,0.108437,-4.964262,5.113039,2.567483,8.567634,-8.487993,6.915377,0.196848,-0.810140,-0.910244,-7.220325,-7.660420,3.753307,4.130081,-1.373891,-0.264929,-2.817077,-2.544564,-5.672639,6.912594,0.499950,2.042345,3.246777,-5.732274
resume_1262,-6.899411,0.935178,0.362762,4.345333,-3.332854,-5.060520,5.247569,-4.416496,-6.209176,-2.934620,-7.478581,0.646956,8.667522,5.253821,-0.558666,9.485689,0.260483,-2.366258,-0.038962,7.571319,-5.307826,-2.774549,-5.960501,4.611315
resume_1263,3.999575,-1.344352,4.716816,1.434363,-6.760259,-1.494489,8.272144,8.979218,-6.394062,3.227758,-6.848404,10.101753,-4.558799,-1.732234,1.448298,7.387518,10.180385,4.316856,0.125783,4.993434,-7.414879,5.826510,-3.980342,3.214544
resume_1264,4.404239,-1.226814,4.454574,1.989138,-8.209032,-2.151377,7.339231,8.468464,-4.882348,3.124391,-7.455700,10.443222,-4.032556,-1.524432,2.502831,7.141914,9.956166,4.019505,1.007744,4.888386,-9.000909,4.296054,-4.167239,1.959047
resume_1265,4.319828,-0.875949,4.394064,1.757698,-7.474935,-2.132614,8.627483,8.959796,-5.370379,4.194236,-8.627587,10.718400,-5.052816,-2.561940,2.340757,6.882452,8.246836,4.452374,1.064078,5.506737,-9.378594,4.554284,-4.254296,2.091418
resume_1266,-4.501314,4.709950,7.440097,9.565131,-6.630292,-2.537895,-4.925216,9.672218,8.985165,5.794743,-4.255020,-8.115359,4.977681,-0.625161,-3.653660,9.557676,6.885273,1.702157,0.439659,4.204837,8.742533,-5.894219,-4.718917,-6.738976
resume_1267,-9.307529,-3.640599,8.973336,0.762964,6.010078,5.706290,0.456793,4.654263,7.176364,-4.271039,6.259243,-9.980364,-4.666246,-4.677543,1.256830,4.129930,-9.257867,-4.817020,-0.219184,-5.845907,2.315108,6.774136,-8.379823,3.197651
resume_1268,-0.204703,-5.236884,4.143917,2.405293,8.032861,-8.239661,6.321194,-0.058807,-1.338105,-0.225461,-6.749103,-8.652199,4.524241,2.407362,-2.262739,1.335033,-2.254179,-2.269741,-5.809370,5.562915,-0.867369,1.532165,1.762061,-5.055397
resume_1269,-7.654073,1.320146,-0.038394,4.186790,-2.598365,-4.675428,4.393310,-4.724417,-6.921804,-3.174634,-7.271084,1.796296,8.248607,6.405426,-1.005954,10.090415,0.633920,-1.678608,0.218851,8.052178,-4.235296,-3.631579,-5.696974,4.617938
resume_1270,-9.387855,-4.325616,9.720472,0.423024,5.435443,3.769739,2.970051,4.750645,6.914853,-5.217326,6.447315,-10.908670,-5.585021,-5.235337,1.288261,3.773049,-8.208531,-4.567134,0.160095,-5.592558,2.443336,7.438830,-7.131642,3.399209
resume_1271,0.387153,-5.354039,4.550524,3.405938,8.635297,-8.624860,7.891489,-0.439078,-0.244606,-1.004484,-7.408717,-8.667233,4.242158,3.654358,-0.897028,0.742197,-1.826727,-2.426663,-6.950586,6.475565,0.565956,2.408306,2.811594,-6.098778
resume_1272,-6.848022,-3.482516,-3.992620,-3.761667,-2.221444,4.767224,-4.758089,-2.274917,-2.345210,-7.793347,-6.613775,-9.365142,-7.328490,8.028058,-9.376310,4.093365,8.602140,0.089146,-7.817283,4.954112,-1.330206,0.230268,8.043818,-9.610375
resume_1273,-8.170915,-3.753258,-2.183590,-3.389599,-0.739552,4.555956,-4.068972,-1.300894,-2.513989,-6.789456,-8.447159,-10.044082,-7.895166,7.331393,-9.622005,4.642504,8.447336,0.916592,-8.505615,5.529057,-0.463100,0.421902,7.101847,-8.924195
resume_1274,-6.272514,-3.645020,-2.005538,-4.489390,-0.012788,4.553899,-4.520171,-1.000140,-2.820234,-7.149389,-7.511759,-8.346380,-7.495459,8.164805,-9.445376,5.063143,7.964671,0.860363,-8.454031,4.488586,-1.308189,-0.535698,7.429649,-9.627466
resume_1275,-9.134932,-6.807317,-8.760826,-6.208140,-6.852081,-6.076816,5.687167,1.707885,-3.887740,-7.884734,-0.368395,-10.151715,6.345117,9.780000,-3.098891,1.947241,-4.863482,5.547052,-10.748728,0.294611,1.997229,0.076042,-7.530875,-5.182900
resume_1276,-7.860521,2.111799,1.525790,3.797820,-2.546294,-3.333768,5.392418,-4.683629,-8.408706,-3.418827,-9.076214,0.610940,8.084553,6.164333,-0.793852,8.069931,1.533465,-3.046985,-0.116516,7.450990,-6.071697,-0.896561,-6.231432,4.113620
resume_1277,-9.680497,-5.860127,9.377601,-0.380273,5.893787,5.088636,3.083570,4.138833,8.075397,-3.650969,4.790293,-8.646036,-4.855568,-5.573288,2.143370,3.044701,-8.972638,-4.239386,0.676291,-6.947292,2.815621,8.007713,-7.780549,2.377986
resume_1278,-0.153158,-5.473048,4.718435,2.591076,9.816991,-8.990594,6.367367,0.257854,-1.157435,0.607116,-6.521897,-8.230274,4.765685,3.969161,-1.567263,1.617152,-1.973108,-2.294177,-5.929168,6.913099,0.942245,2.508048,3.053101,-6.963873
resume_1279,-10.348750,-3.320698,9.901970,0.704753,6.647063,4.152109,2.740189,5.461804,7.538543,-3.639381,5.572363,-9.494161,-4.692863,-4.702094,2.338373,3.345252,-9.224770,-5.414687,0.903777,-5.406025,2.447330,7.658227,-8.512144,1.709637
resume_1280,-10.102365,-4.435278,10.324329,-0.897250,5.484735,3.225830,2.119023,3.789494,6.285238,-4.230399,5.089447,-11.348155,-5.240679,-4.353315,3.005495,3.117332,-8.754868,-4.616738,0.193766,-5.959884,1.643357,7.661193,-7.710507,3.132576
resume_1281,-10.264252,-2.947318,10.552210,1.424899,6.458669,3.995703,3.053554,4.527666,7.787404,-4.783844,6.177564,-9.072623,-5.412774,-5.357720,1.722754,3.131193,-9.392644,-5.268784,-0.605241,-5.280027,2.187955,8.042665,-8.437518,2.725517
resume_1282,-3.682064,4.949169,5.915898,0.372573,4.937382,1.120618,-9.962822,5.226241,3.353300,-3.800049,-5.715131,-7.458716,-9.782225,8.464856,-2.001617,7.310343,-1.249280,-7.419177,-4.833448,8.245574,-2.284135,-8.085417,-2.537395,-9.139660
resume_1283,5.727720,-0.103262,3.467736,2.956843,-7.988470,-1.182559,8.383315,8.797417,-5.412970,4.615649,-9.096574,10.104696,-5.658845,-2.374510,2.801844,5.952352,9.490872,4.024355,-0.139053,6.532160,-8.693139,5.750844,-5.031581,1.950450
resume_1284,-3.042889,4.557946,6.495832,1.144264,4.096421,1.831094,-8.575309,4.526443,2.988677,-3.051240,-6.072365,-6.916278,-9.143286,9.300168,-2.382014,7.326248,-1.331942,-6.335303,-3.522112,10.177579,-2.029268,-6.553723,-2.660666,-10.041472
resume_1285,-7.577800,2.186110,1.340930,3.656626,-2.111254,-4.106175,7.063010,-5.283374,-8.063030,-3.378998,-8.396468,1.089067,8.445548,6.499788,0.017593,9.636682,1.351372,-2.527752,-0.515313,8.521470,-5.504930,-3.800692,-4.948047,3.590372
resume_1286,-7.734089,-2.710057,-2.257852,-3.575982,-1.858944,3.358172,-3.907216,-1.656213,-1.819475,-6.386007,-7.788998,-8.984438,-6.958813,6.802949,-10.278853,3.723231,7.313086,0.050345,-8.357065,4.625973,-2.413147,0.605130,7.996270,-9.745202
resume_1287,-2.664029,4.882780,6.179505,0.752915,5.039445,1.172250,-9.265052,4.605612,2.122174,-3.564870,-5.508965,-7.024659,-9.019779,9.079875,-2.230481,6.557924,-2.313735,-7.264012,-3.846752,9.476158,-3.403946,-8.777921,-2.075399,-8.570283
resume_1288,4.622654,-1.695542,2.809387,2.071083,-6.334689,-1.384032,7.894175,9.023802,-3.872490,2.989011,-8.505978,9.704821,-5.181428,-1.293650,1.447457,7.305904,9.870927,4.131374,1.750367,6.457753,-9.557747,5.726362,-4.930565,2.752645
resume_1289,-9.567778,-4.461043,9.554855,-0.352418,6.223207,2.175622,2.033685,5.047743,7.387987,-4.440163,4.957648,-9.581743,-4.437152,-5.388473,2.350932,2.900249,-9.455885,-3.957916,0.168553,-6.083068,2.122956,7.358666,-9.225402,3.250653
resume_1290,-6.898129,1.932317,1.504718,2.980452,-3.018481,-3.664255,4.696388,-4.927351,-8.653522,-3.617693,-8.047711,1.460170,8.588819,6.449811,-0.217057,9.285874,1.382195,-2.723260,0.085559,8.169716,-5.612222,-2.494612,-5.426807,4.544753
resume_1291,-9.090085,-4.629479,10.036342,0.653736,6.370867,3.959613,2.347568,6.078241,8.452435,-4.245155,7.084550,-9.487051,-4.379154,-4.445264,2.130361,3.875859,-9.869122,-5.940827,-0.007683,-6.757101,2.339496,6.882864,-8.505224,3.717176
resume_1292,-10.355288,-3.540530,9.170230,-0.525149,5.063979,2.637353,2.417913,3.814689,7.471794,-4.793142,6.629334,-9.387503,-5.062229,-4.611283,2.705355,2.690232,-9.057174,-4.352134,-0.406161,-6.338522,2.473954,6.598329,-7.135675,3.283280
resume_1293,-3.335887,5.674340,6.145019,0.256462,5.008314,0.964939,-8.752617,4.758359,2.899078,-3.972285,-4.928405,-6.434804,-9.454651,9.624400,-3.162087,7.268203,-2.365760,-7.982623,-3.640891,8.427783,-3.921224,-7.830878,-2.360165,-9.603360
resume_1294,-4.372905,4.925589,7.502261,9.972251,-6.348425,-3.573645,-5.857579,10.089818,8.721299,5.613378,-4.353661,-7.950451,4.092341,-0.056035,-3.391399,8.900473,6.349948,2.056114,0.064376,4.153942,8.304983,-6.730223,-4.939038,-8.866270
resume_1295,-8.398621,-6.160499,-8.448628,-5.365154,-6.670868,-5.863104,6.496943,2.407988,-4.328655,-8.180955,-0.026861,-9.833462,6.612301,9.847065,-2.667295,0.879550,-4.225501,5.778889,-9.184167,1.261110,2.684884,-0.140458,-7.720300,-5.367180
resume_1296,-5.079783,5.082671,7.258824,8.014472,-6.402002,-3.776218,-5.531088,10.091723,9.269810,4.620434,-4.646790,-7.980832,4.381673,-0.032186,-3.534599,8.341922,7.173950,1.925476,0.592158,3.782949,8.554722,-7.028699,-4.477524,-7.824147
resume_1297,-7.939196,1.072524,0.804043,4.148623,-3.819302,-3.690508,5.937051,-5.040078,-6.641507,-2.892596,-9.675792,1.263354,7.900496,6.086212,-1.085457,9.339227,0.291437,-3.819248,0.653767,7.580281,-5.721776,-2.453135,-6.462345,4.117089
resume_1298,-6.793059,1.685603,1.085586,3.615009,-1.894948,-3.676668,5.845403,-4.572423,-8.502281,-4.250450,-7.390499,1.078171,8.351102,5.837770,-0.603051,9.823464,0.634982,-3.110834,-0.393403,7.940229,-6.202676,-1.957654,-4.966891,4.929817
resume_1299,-7.657201,2.876670,0.636367,3.906750,-2.267742,-4.306022,4.509830,-4.241519,-6.788211,-3.718818,-6.870670,1.226373,8.217795,6.358566,0.418561,8.999298,1.263692,-2.358183,0.466194,8.143488,-5.372095,-2.943325,-5.861023,5.156360
resume_1300,-2.322456,5.390974,6.070032,0.217840,4.673484,1.081964,-7.974828,4.208064,3.420000,-3.986870,-5.712115,-7.035256,-10.017171,9.603053,-2.995550,7.078002,-1.672107,-7.515904,-4.143363,9.636548,-3.501404,-6.698795,-1.788128,-9.159503
resume_1301,4.401295,-1.709415,3.640273,1.080871,-7.305417,-0.874636,7.285985,8.828328,-5.074789,4.172523,-7.891100,10.011649,-4.585303,-1.673368,2.040717,8.108517,8.631369,4.710925,2.236174,6.372510,-8.581572,5.775437,-5.076863,1.544941
resume_1302,-2.836476,6.371620,6.230989,1.511116,4.354132,0.902175,-8.414134,6.163729,2.424948,-2.945236,-5.543979,-6.541240,-9.758952,8.089995,-2.620581,6.382056,-1.460325,-7.591899,-4.052056,9.169061,-2.956491,-7.551700,-1.903258,-10.022465
resume_1303,4.519998,-1.311059,3.310911,2.097716,-6.841782,-1.604292,7.610330,7.696567,-5.110363,2.667140,-8.560863,9.613214,-6.669643,-1.411123,1.039926,7.265706,10.136727,4.269593,0.975109,5.222477,-10.328311,5.879836,-5.459517,3.997564
resume_1304,-8.267439,-5.116348,-8.682308,-6.423943,-6.283144,-6.252584,6.559519,2.502011,-4.398691,-8.751421,-0.214951,-9.572063,6.910676,9.640899,-1.889371,1.288718,-4.778909,4.338462,-9.737940,0.324720,2.660896,0.175099,-8.327877,-5.794954
resume_1305,-7.707680,-4.651479,-3.162491,-3.604375,-0.433235,4.592203,-4.317219,-1.689066,-2.648081,-6.898943,-7.723739,-10.407007,-6.567750,7.683516,-9.725564,5.071173,9.144198,-0.071082,-8.456090,3.811613,-1.934068,0.046010,8.246129,-9.420164
resume_1306,-0.499157,-5.356507,5.393226,2.516005,7.968677,-9.707710,6.595393,1.198623,-1.917754,-1.687594,-6.612916,-7.972340,5.178147,2.794687,-1.799587,-0.149525,-1.256142,-2.192355,-5.637731,6.050583,0.689790,2.212917,2.808975,-5.745183
resume_1307,3.586507,-0.785197,3.569164,1.900970,-7.729410,-1.136403,7.890319,8.025936,-4.682574,3.456001,-8.058184,8.961486,-5.395982,-1.732682,1.936056,7.402112,10.073706,4.203379,0.334351,6.231771,-8.628350,5.505021,-5.228317,2.438646
resume_1308,0.922945,-4.135572,4.330473,3.534104,7.542115,-8.771975,6.030519,-1.014096,-2.104225,-0.562936,-7.766301,-8.368812,4.374291,3.063189,-2.828636,0.478795,-1.534286,-1.647397,-6.182883,6.701100,0.524423,2.875388,2.567756,-6.423444
resume_1309,-7.316115,1.483356,0.228804,5.174835,-3.610277,-4.438926,6.043956,-4.151229,-8.227216,-4.321353,-8.362533,1.788298,8.420321,6.369281,-0.211189,11.364551,0.867956,-3.036405,0.098876,7.157286,-4.391971,-2.369708,-6.008513,4.102286
resume_1310,-2.933382,4.577926,5.623685,0.675909,4.913745,0.880110,-8.645115,5.259609,3.005320,-4.296145,-4.798736,-5.973091,-9.890202,9.169270,-3.874067,6.610208,-1.497351,-6.746888,-4.818782,7.963252,-3.262078,-7.622098,-2.251389,-8.557464
resume_1311,-3.427445,5.154568,5.083324,0.951862,5.645944,2.339398,-8.863554,4.595984,2.999551,-3.669741,-6.440126,-7.395210,-10.927916,8.825710,-3.331807,6.135736,-1.239361,-6.479836,-3.587725,7.588527,-3.110705,-9.014294,-3.085350,-9.234846
resume_1312,3.311697,-1.103109,4.398948,1.084421,-6.988995,-1.123609,7.657406,8.425080,-4.379022,4.168803,-8.424436,10.821036,-5.502378,-1.937440,3.065495,6.787013,9.109198,4.402201,0.821586,5.031036,-9.365346,6.319522,-5.022018,2.357456
resume_1313,-5.115888,4.993704,6.176451,9.273565,-5.861456,-2.626507,-5.392194,9.445424,9.314623,6.239696,-3.556921,-7.784291,4.566391,0.567028,-4.789793,8.616877,7.077515,0.946783,0.324337,4.612949,7.568716,-6.864017,-5.135078,-7.949054
resume_1314,-9.435395,-6.513225,-8.986381,-5.224029,-5.878162,-5.132902,5.320372,1.926073,-4.749255,-8.576662,-0.253863,-8.412793,5.025820,9.400891,-2.814151,2.448645,-4.633505,4.130859,-10.082273,0.543362,1.385219,0.183784,-8.015381,-6.485936
resume_1315,-7.697174,2.379662,0.872488,4.608034,-2.930559,-2.875073,6.293423,-3.595357,-6.229193,-4.389881,-7.088561,1.537853,8.289754,6.451079,-0.068125,9.521252,0.850828,-3.086348,-0.120698,8.271479,-5.003953,-3.142502,-5.994810,5.103612
resume_1316,-0.619342,-5.379924,3.967009,1.912347,9.764954,-9.373412,5.923806,0.202230,-1.364310,-0.580476,-8.009519,-9.577428,4.300672,3.631595,-2.679067,-0.087572,-1.771716,-1.023018,-6.099845,5.871549,0.061083,2.008237,1.935489,-6.005398
resume_1317,-3.430997,5.620712,7.424109,0.549589,5.508404,1.982489,-8.587741,5.323284,1.730107,-3.014926,-6.101373,-6.467168,-9.225923,9.063101,-3.381461,6.482851,-3.079450,-7.657438,-4.551993,8.927993,-2.699329,-7.714739,-2.562040,-9.798006
resume_1318,-7.711503,1.723564,0.888551,3.396167,-3.393406,-4.365709,5.929039,-5.118192,-6.996159,-3.534853,-8.182935,0.874285,8.053750,7.016298,0.086775,9.908763,0.530503,-3.376061,0.582210,7.853390,-6.296875,-3.262098,-5.062781,3.475198
resume_1319,4.271867,-2.110165,4.837731,1.715013,-6.763988,-1.074834,7.414128,8.422757,-5.035275,3.218206,-8.676556,9.424158,-4.399812,-2.372918,2.085159,6.600551,8.768793,3.536846,1.441391,5.695331,-9.787137,4.822093,-5.009950,2.019625
resume_1320,-8.050997,-3.550368,-2.123337,-3.311757,-0.651700,2.913316,-3.840140,-1.344757,-1.543747,-6.716652,-7.720686,-9.514179,-7.210000,7.167302,-9.662141,3.532865,7.671467,0.269954,-9.941475,6.118114,-2.402573,0.194635,9.059736,-10.365455
resume_1321,-8.772902,-6.805916,-7.946567,-4.905383,-6.417717,-5.338851,7.001838,2.965889,-4.955333,-7.910991,-1.126068,-8.666940,5.391525,9.165556,-3.248308,1.190811,-4.877136,5.948583,-9.889735,0.000117,1.651372,-0.115041,-7.923933,-5.072223
resume_1322,-4.035910,5.619615,5.470950,9.065014,-6.549684,-3.415324,-6.539091,8.542980,8.262895,7.311671,-4.080995,-7.202424,3.798628,0.593129,-2.766167,7.933288,6.148862,2.076687,0.212107,4.084337,9.519551,-6.912169,-5.247347,-7.477178
resume_1323,-1.998282,4.310133,7.796029,8.639803,-5.653207,-2.907878,-4.898382,9.125731,9.224111,6.438886,-5.268661,-8.139584,3.778001,0.314198,-5.438884,7.917860,6.103399,1.226674,1.498898,5.308481,8.858348,-6.503917,-3.358118,-8.197568
resume_1324,-4.285617,4.717162,7.064970,9.914169,-6.008637,-3.264219,-6.442269,9.724021,8.679284,6.751872,-4.077404,-7.524416,4.709923,0.381798,-3.709876,8.219194,6.562433,1.945778,-0.311785,4.267915,7.857202,-6.976971,-5.354844,-8.218838
resume_1325,-0.620829,-5.689447,4.571093,2.333895,9.254687,-10.061420,6.297468,0.185798,-0.086453,-0.899320,-6.944594,-8.180575,4.553358,2.951807,-1.786325,0.597710,-0.948671,-2.034628,-5.782366,6.778648,0.718400,2.417770,2.271930,-5.933102
resume_1326,-1.233144,-4.260889,3.648148,3.291627,8.560434,-8.329216,6.642740,0.358738,-1.996881,-0.745913,-7.048253,-8.118177,4.400653,2.646522,-1.988922,-0.295317,-2.843032,-1.982486,-5.578104,6.556205,-0.038717,3.229794,2.616669,-6.482223
resume_1327,-9.938135,-5.741830,9.469273,0.213214,5.017384,4.067081,2.492161,4.639693,7.893710,-4.979837,5.323747,-9.124055,-4.975912,-4.101487,1.389532,3.911978,-9.400361,-4.521214,0.995917,-5.737763,1.863824,6.596363,-7.534799,3.087251
resume_1328,-3.963624,4.986417,4.693016,0.490433,5.938093,1.030647,-9.032966,4.416388,3.110488,-3.665956,-5.281731,-8.217212,-9.044511,8.986866,-4.424689,6.040172,-2.227093,-7.627561,-4.887132,8.819339,-4.369168,-7.574122,-0.898288,-9.141157
resume_1329,-7.815901,-6.776830,-8.609747,-5.538988,-6.106056,-6.178470,6.585019,0.963461,-4.193723,-7.731169,0.117252,-9.077522,6.103856,9.504091,-2.224957,2.520417,-3.929382,4.224586,-10.155608,0.298053,1.509151,0.717027,-8.187499,-5.531920
resume_1330,-1.234189,-4.682952,4.859504,2.390577,9.238441,-9.616672,7.500662,-0.333963,-2.283021,0.062934,-7.398942,-7.133511,4.387163,3.353869,-3.157407,0.799059,-1.582049,-1.443154,-6.188111,6.566232,-0.188156,2.600959,2.013507,-6.296311
resume_1331,-1.880798,5.645218,5.674407,1.700835,4.607581,0.804151,-8.340636,5.272213,2.730649,-2.828877,-5.430852,-7.030358,-9.862631,9.784340,-1.986342,6.068565,-2.208293,-8.331922,-4.171127,8.881373,-2.455553,-7.419344,-2.895153,-8.931830
resume_1332,-9.748282,-4.922704,-8.514146,-4.032845,-6.474284,-5.021474,5.703631,1.955225,-3.835318,-8.358070,-0.480585,-10.063480,6.375602,8.528189,-2.926824,1.973266,-4.474628,5.113793,-10.095071,-0.007247,2.057962,0.269737,-8.637297,-5.089849
resume_1333,-9.556608,-6.179033,-9.187184,-6.250537,-6.885693,-5.233171,5.917623,2.077019,-5.765425,-10.019820,-0.435205,-9.372236,5.853335,10.285884,-2.879672,2.586802,-4.192029,5.794274,-9.747463,-0.045946,2.996363,0.646922,-8.585516,-6.527340
resume_1334,-6.492387,-3.117636,-2.908270,-3.466311,0.033179,4.977629,-3.052519,-1.762618,-2.243548,-7.305428,-7.886616,-9.370835,-9.020830,6.987218,-8.999644,5.819543,7.747157,0.751086,-8.687526,4.572072,-2.273108,0.301423,7.578700,-9.071322
resume_1335,-8.790785,-3.748247,9.692092,0.310445,6.243855,3.087954,1.806375,3.816912,7.024765,-4.571837,7.320083,-9.516073,-5.402455,-4.952493,2.399266,3.235520,-8.401949,-5.339348,0.366939,-5.511072,2.177729,7.277118,-7.281982,2.967615
resume_1336,-1.329325,-4.836143,4.381635,2.585829,8.766002,-8.654016,7.265854,-0.048756,-2.063314,-0.098773,-7.077343,-8.352401,4.268201,4.108218,-1.319041,0.042596,-1.916763,-2.430455,-5.057809,6.492333,0.318803,1.833397,4.133309,-6.206754
resume_1337,-8.737014,-6.113450,-9.254958,-5.580438,-6.209205,-4.990290,5.860327,1.673258,-4.076821,-8.030366,-0.633086,-8.892522,6.624317,9.556078,-2.685224,2.977101,-4.036032,5.230141,-9.821494,0.737849,2.922461,0.050961,-7.619321,-4.795487
resume_1338,-4.427800,5.460586,6.480347,10.886782,-5.115863,-4.087715,-5.489881,9.387042,9.033062,6.653339,-4.208795,-7.576014,4.595191,0.154478,-4.430152,8.313605,6.299546,3.126179,0.597758,5.410022,8.978263,-6.925171,-3.744905,-8.896190
resume_1339,-7.005026,-5.584537,-8.494713,-4.795996,-7.224158,-5.981070,6.173779,1.707955,-4.937950,-8.929730,-0.374062,-10.594013,4.786921,10.161373,-1.118344,1.241019,-5.045556,4.754646,-9.874683,0.180483,2.768914,-0.893315,-7.394431,-6.369972
resume_1340,-0.708061,-4.866785,4.824456,2.569935,8.801962,-9.024219,6.886795,-0.195426,-1.256310,-0.372644,-6.828679,-7.632327,4.630076,3.476753,-1.386880,0.603915,-3.237759,-2.198967,-5.386899,6.358860,0.471751,3.003712,3.535319,-5.007658
resume_1341,-3.224053,4.599814,6.247579,10.070746,-7.087347,-3.090620,-4.346664,10.075207,9.784640,6.024056,-5.024897,-8.222452,4.409601,-0.285165,-3.787938,7.931416,7.253049,2.241271,0.936242,4.892269,9.730959,-6.347318,-5.651028,-6.466601
resume_1342,-9.319971,-6.120436,-8.506931,-5.009587,-5.619413,-6.146783,6.647212,1.448928,-3.435860,-9.484339,-1.978007,-8.671993,6.784280,9.828867,-1.592627,1.877713,-5.272229,5.765970,-9.553111,-0.011371,2.523731,-0.708788,-8.417426,-5.229320
resume_1343,-7.064539,2.538542,0.819926,3.425229,-3.372345,-4.487129,5.526288,-3.871351,-7.416296,-3.144233,-7.966524,0.691380,8.719056,6.388706,-0.065821,8.852237,1.487974,-2.786501,-0.459894,7.843744,-4.484885,-2.388899,-6.385926,4.635494
resume_1344,5.143876,-0.925974,3.866195,1.902140,-8.123626,-2.129008,7.917322,7.907474,-5.058942,3.385342,-7.869868,10.699771,-4.161394,-2.804696,1.504144,7.041300,9.422271,4.258463,-0.040196,4.972145,-8.756181,5.527048,-5.479453,1.657268
resume_1345,-3.743588,5.530923,5.906457,0.724401,4.508529,2.046216,-9.591031,5.739368,2.437957,-3.752443,-6.370829,-6.948992,-10.172554,9.464757,-2.082531,7.598308,-1.331302,-7.305543,-4.256676,8.929978,-2.861646,-8.349937,-2.970405,-8.767049
resume_1346,-0.012594,-4.929982,3.980587,1.886879,8.573028,-8.863044,6.470972,-0.082730,-1.596177,-0.598670,-6.137789,-8.323697,5.419136,4.596309,-1.257154,0.791895,-2.692737,-1.640114,-5.041161,6.591470,0.622111,2.175307,2.237339,-7.033401
resume_1347,3.825040,-0.835544,4.154156,1.247466,-6.881025,-1.813505,8.331601,8.945565,-5.397974,3.775296,-8.493333,8.581439,-6.217859,-2.197474,1.730358,6.244005,9.139787,3.216403,1.642024,6.085193,-8.466014,4.573445,-6.141271,2.615597
resume_1348,-7.982025,-5.678324,-9.518781,-4.890828,-6.772765,-6.205414,5.550825,2.501863,-3.876428,-9.117638,-0.013340,-9.645536,6.745370,9.182911,-3.772371,1.348883,-3.266570,6.035096,-10.926970,1.145666,1.899816,0.486758,-7.827994,-5.435097
resume_1349,-2.646267,4.333681,5.529443,1.470975,4.615775,0.667995,-10.243640,6.091948,2.353810,-3.161197,-5.652455,-8.567861,-10.092457,8.540876,-3.260576,7.600192,-2.353806,-7.916273,-4.377255,9.420001,-4.410230,-9.310752,-2.060735,-9.525448
resume_1350,-8.379887,-5.879285,-8.888958,-5.211659,-6.907925,-5.359890,6.281300,2.083896,-4.080393,-7.201027,-1.055534,-9.942009,6.733088,9.951504,-2.186591,1.331209,-4.040191,6.066579,-9.052794,0.036656,2.771171,0.262845,-7.486307,-5.334510
resume_1351,-7.056867,-2.858285,-2.479194,-3.460709,-0.687832,4.369039,-3.904587,-0.278390,-3.012437,-6.738559,-7.872198,-9.142190,-7.583499,6.945278,-10.633470,3.988342,6.580869,-0.168781,-8.744178,4.377223,-1.518920,-0.431389,7.325140,-9.607478
resume_1352,-0.058035,-5.537175,3.399857,1.590311,8.706100,-9.143578,7.538851,-0.581897,-1.899931,-0.045459,-6.277550,-7.714205,5.658163,4.303789,-1.858306,0.436702,-3.151877,-2.025015,-5.003677,6.914008,0.206115,2.747112,2.775136,-7.101434
resume_1353,-8.867166,-4.825531,8.975206,-0.231934,4.672945,3.083685,2.576287,4.541869,7.779152,-4.691622,5.330650,-8.528283,-5.155318,-4.882380,1.416327,2.945910,-11.373110,-4.678125,-0.363556,-5.379920,3.095235,7.993123,-7.449675,2.887398
resume_1354,-8.413315,-4.146667,9.901966,0.511181,6.677257,3.873453,2.124087,4.458703,8.153873,-4.931909,6.739681,-10.011086,-3.740238,-6.492591,2.493666,2.868851,-9.299204,-5.501225,0.611796,-5.587249,1.929126,5.832294,-8.757730,2.972469
resume_1355,-8.741292,-6.353886,-7.466337,-5.416891,-6.558444,-6.017171,5.604971,1.388470,-4.523075,-7.645378,-0.111750,-8.673298,6.293834,9.388936,-2.763490,2.353562,-4.701306,5.582019,-11.045319,0.253105,2.562981,-0.201538,-8.131619,-4.278812
resume_1356,-2.907574,5.713966,5.905752,1.585569,3.680020,1.104913,-8.709136,5.413096,3.327341,-2.818105,-5.305008,-7.134853,-8.974330,8.582396,-2.049750,6.980856,-2.111123,-7.119470,-4.142361,9.312038,-2.994838,-8.152962,-2.368096,-8.918927
resume_1357,4.711192,-2.345229,4.638713,2.369878,-7.177606,-3.262395,7.424403,7.845536,-4.742241,3.879438,-8.999643,10.059503,-5.394469,-1.807373,1.707091,6.965801,8.786845,4.223539,1.403361,4.659005,-8.352304,5.544931,-6.031799,2.412997
resume_1358,-3.117277,4.510022,6.683010,0.614831,4.248000,1.348089,-9.234434,4.812363,2.611449,-4.458181,-5.529630,-6.998552,-10.855681,9.929106,-3.181810,6.475163,-1.926785,-7.557701,-4.528904,8.957520,-3.345203,-8.962904,-2.324117,-8.267811
resume_1359,-6.555520,1.834092,1.633589,3.364951,-3.488654,-3.928499,5.061384,-3.698560,-7.460411,-3.598594,-8.315565,1.446129,8.389764,6.871911,-1.258870,10.217241,0.362215,-2.719535,0.881477,7.795932,-5.536393,-2.429447,-6.313115,4.196864
resume_1360,-7.382355,-2.824931,-2.494597,-3.162587,-0.657822,4.529088,-2.616693,0.701317,-2.178786,-8.315235,-7.879761,-9.591356,-7.866701,8.386473,-9.309108,4.481201,7.668119,0.324113,-8.811834,6.301380,-0.627863,0.820740,7.491721,-9.776066
resume_1361,-8.548502,-4.654925,9.861286,0.634811,5.191600,4.972127,2.481831,5.957194,7.777714,-4.029842,6.261600,-10.008068,-4.468770,-6.050061,1.135103,3.151977,-10.317587,-4.605022,0.340135,-5.628845,2.963244,6.519009,-8.207661,4.489697
resume_1362,-3.422517,5.408883,7.167895,9.617681,-7.605423,-3.248106,-5.344096,9.757505,8.084707,6.443455,-4.898418,-7.832837,5.149135,0.538189,-3.172176,8.666448,5.924235,1.449076,0.404117,5.285432,8.909935,-6.429462,-4.975641,-9.280435
resume_1363,-7.322143,1.306722,2.415758,4.320034,-2.969055,-4.531694,4.698610,-3.896835,-7.065959,-3.800311,-8.662230,1.076378,8.431701,5.187654,-1.266795,9.074358,0.382980,-2.971330,0.492633,6.606124,-4.537516,-3.906963,-6.428081,5.017500
resume_1364,-2.343738,5.235239,5.403752,0.276605,5.803750,0.158508,-8.232393,4.967995,1.895213,-3.465191,-5.122461,-7.985957,-9.940121,8.564398,-2.926596,6.618100,-1.989714,-6.871090,-4.658694,9.309124,-2.592756,-7.711203,-3.403398,-9.548736
resume_1365,-3.954362,4.829489,6.463354,10.213582,-5.752580,-3.725277,-5.191791,9.385402,8.580848,5.974522,-3.613957,-8.388942,4.481772,-0.403091,-3.591223,8.381757,7.001537,1.585078,0.056955,4.638130,8.027116,-6.550433,-4.118680,-8.050829
resume_1366,-0.185491,-5.721535,4.301540,2.564839,8.110548,-8.747094,5.759626,0.001069,-1.220417,-0.594909,-6.510563,-9.144923,3.844564,3.275755,-1.599108,1.320890,-3.177985,-2.049755,-4.767628,6.553875,-0.211619,2.163383,2.629265,-5.924479
resume_1367,-9.153442,-4.888188,10.054379,-0.895956,4.760616,3.752840,1.577029,4.683787,7.345872,-4.069767,6.144954,-9.285665,-5.548114,-4.717883,2.333427,3.591492,-9.023748,-3.976048,-0.628359,-4.417750,2.449309,6.950337,-7.067111,3.688350
resume_1368,-9.445388,-3.910899,10.005894,-0.747199,5.876519,3.309614,1.865244,4.116131,7.049330,-4.052085,5.566968,-9.320101,-4.504549,-5.034615,2.330842,3.026758,-9.117925,-4.816168,1.299435,-5.187709,2.236913,7.914203,-8.711657,3.624128
resume_1369,-8.416580,-5.796847,-8.826816,-5.801118,-6.973901,-4.345843,5.795745,1.050095,-4.183881,-8.126476,-1.360921,-10.440881,6.043294,9.348350,-2.973820,1.816587,-5.098323,4.949481,-10.005776,-0.278007,2.134021,-1.050958,-6.781919,-5.085174
resume_1370,-9.193757,-4.526110,10.155233,0.702797,6.647557,4.444718,2.917477,3.657203,7.798092,-3.911311,5.834866,-9.217066,-4.810935,-5.242269,2.154351,2.540931,-9.501808,-3.700551,-0.308940,-6.449846,3.212995,7.616805,-7.753749,3.522270
resume_1371,-4.248944,5.410555,7.555806,0.670641,4.151515,1.461623,-9.595408,6.029875,1.729461,-4.799500,-4.292980,-7.608716,-11.244511,8.926128,-2.270903,7.706553,-2.555793,-7.026113,-4.769566,8.704650,-2.270534,-7.057650,-2.557824,-9.007537
resume_1372,-10.194623,-5.510432,-10.541397,-3.983048,-6.255250,-4.875376,5.331837,2.199858,-3.245038,-8.500105,-0.489077,-8.423347,5.935879,9.371801,-2.770204,0.874209,-5.015765,4.648890,-9.001340,0.515533,2.405235,0.128874,-7.960248,-5.091580
resume_1373,-3.074417,5.391121,6.931770,0.778283,4.570517,1.244059,-8.403440,5.534753,1.599682,-4.258074,-5.393061,-6.631695,-10.582024,7.796084,-3.444368,7.394408,-1.693176,-8.047933,-4.107982,7.728722,-2.684537,-7.945040,-2.085834,-9.508765
resume_1374,0.125664,-6.087324,4.674338,2.146580,8.579446,-8.532760,5.533533,0.842264,-1.189737,-0.727578,-6.573231,-8.384933,4.631181,2.295583,-1.356980,1.102121,-1.248303,-1.703722,-5.254442,6.198106,-0.376418,3.841258,3.444571,-4.532398
resume_1375,-4.651377,5.094699,7.160272,10.550698,-6.345236,-3.898475,-4.346117,9.087240,9.169392,5.612505,-4.580793,-8.283650,3.659233,0.162336,-3.194060,9.372535,6.880494,2.572729,-0.252787,3.139187,8.455919,-6.384736,-3.873139,-8.559564
resume_1376,-7.422051,1.304891,0.867079,3.777893,-3.103604,-4.611856,5.919526,-5.114894,-7.677205,-4.411843,-8.665912,1.055994,8.544873,5.549885,-0.505530,9.045165,0.916962,-3.094336,-0.415696,7.874038,-5.120465,-2.636654,-5.313197,3.627460
resume_1377,4.937330,-1.118891,4.226268,1.187263,-8.141668,-1.368601,7.497667,8.206389,-5.187837,4.861879,-7.498275,8.635353,-6.397365,-2.421723,2.673724,7.018551,8.672555,3.863161,0.840641,5.901579,-8.325836,4.506033,-5.287568,1.341911
resume_1378,-4.926928,4.394642,6.897433,9.427433,-6.085762,-4.008288,-5.404446,10.146427,9.160522,5.900673,-5.047960,-7.867419,4.437998,0.293210,-4.644635,9.958329,7.166038,2.131611,-0.653803,3.528159,10.047207,-7.134293,-4.024490,-8.592402
resume_1379,-0.023116,-4.881203,4.876088,2.889715,7.694703,-9.385070,7.049823,0.291867,-1.294248,0.455753,-6.499607,-8.139716,5.051170,2.868020,-2.273923,0.512193,-1.097945,-1.884677,-5.435509,6.108158,0.913139,2.096101,2.286747,-5.633752
resume_1380,-9.094735,-4.081231,9.978124,-0.196803,4.890730,3.380031,1.836083,4.675551,8.496669,-3.444817,7.113454,-9.478634,-3.972359,-3.653128,1.286537,4.692164,-9.981756,-3.079333,-0.591013,-6.002108,1.938061,7.465177,-7.934738,2.930140
resume_1381,-9.022299,-5.894129,-9.608337,-5.297175,-6.449289,-5.792339,5.201015,1.633975,-4.104784,-8.207706,-0.305192,-8.576325,5.755485,9.090601,-1.865237,1.600775,-3.816760,4.714630,-9.162483,-1.203893,2.078407,0.356310,-7.295421,-4.795627
resume_1382,-2.720222,5.890984,5.397818,1.406945,4.149316,0.510529,-9.570426,4.691829,3.561388,-3.826667,-6.040686,-6.484013,-10.286864,8.652960,-3.089037,6.951900,-1.671392,-6.613912,-4.253079,8.193604,-3.253332,-7.352484,-2.989857,-9.818349
resume_1383,-0.037786,-5.692970,3.853176,2.116302,8.625534,-9.576669,6.996593,-0.874357,-1.913833,-0.456046,-7.307689,-9.218227,3.423700,1.899893,-1.077786,1.182571,-2.027327,-1.306952,-6.664721,6.318860,0.521597,2.788367,2.976723,-6.665115
resume_1384,-7.596944,1.314153,0.096059,4.462212,-3.528845,-3.492978,6.004108,-4.370379,-7.490101,-4.718530,-8.131029,0.507246,9.739425,6.628869,-0.421319,10.261671,0.239144,-2.206960,0.290505,6.677952,-5.455475,-2.716199,-6.086022,4.997710
resume_1385,-5.801844,-3.915543,-2.004477,-3.659279,-1.375829,3.190054,-5.199673,-0.204186,-3.530312,-7.637016,-6.940064,-9.516414,-6.325021,7.037320,-9.254078,3.914707,6.911976,0.651384,-9.279688,4.640143,-1.405121,0.709109,7.082353,-8.840730
resume_1386,-4.812393,4.555811,5.826285,9.580580,-4.853551,-2.605253,-5.587379,9.881224,8.947874,5.828767,-3.746582,-8.403006,4.245695,0.955944,-4.504028,8.311874,6.990413,2.938038,-0.501349,3.120194,9.394539,-7.239825,-4.029617,-8.310004
resume_1387,-9.571632,-3.501210,9.987570,-0.046795,6.899382,4.662346,2.705931,3.966278,7.202626,-4.051309,7.318630,-9.292686,-5.475249,-3.729346,2.257040,2.554537,-8.884886,-4.746745,-0.338967,-6.091238,1.862669,7.167793,-7.703164,3.366760
resume_1388,-3.235207,5.496341,6.335402,1.046706,5.177946,2.331692,-8.965954,5.343032,2.493984,-2.574120,-5.084417,-7.056767,-10.236640,9.052340,-2.320012,7.303610,-2.353723,-7.710077,-4.866428,8.588392,-2.169917,-7.922815,-3.108708,-9.466005
resume_1389,-5.087120,3.963844,6.796333,9.716161,-6.226401,-3.812537,-4.598197,8.510866,8.660521,6.889223,-3.356666,-7.949851,3.808962,0.317354,-3.274440,9.617292,6.705478,2.332610,-0.200435,3.725274,9.515704,-5.906498,-4.422446,-8.231760
resume_1390,-6.963026,-4.590881,-3.544479,-3.526421,-0.734960,5.579651,-4.093331,-0.013492,-3.730903,-6.957502,-8.605527,-8.980052,-8.265071,7.247932,-9.883272,3.605067,8.121770,0.812717,-7.655210,5.434128,-2.073386,1.753343,7.954977,-10.089400
resume_1391,4.280216,-1.882900,3.901628,0.952669,-6.885341,-2.079221,8.986355,8.884923,-5.770381,3.671669,-6.722772,10.346825,-3.767696,-1.473605,3.076014,6.637746,9.894299,3.933770,-0.182349,5.858190,-9.169995,4.358336,-5.378257,1.694064
resume_1392,-9.291138,-6.356048,-8.860825,-4.300916,-6.455220,-6.002297,6.443616,1.351306,-4.028756,-8.331508,0.408801,-9.025048,6.808492,8.823900,-2.288391,1.848986,-5.208328,4.157933,-9.855085,0.254833,2.466551,-0.847143,-7.989759,-5.554386
resume_1393,-8.334257,-4.467025,9.925610,0.126670,5.499265,3.697704,3.176987,5.157265,8.330466,-5.863697,6.467330,-9.107508,-4.279998,-4.865464,2.348474,2.812508,-8.856106,-5.333628,0.456012,-6.163659,1.890764,7.646605,-8.951617,3.020852
resume_1394,-8.616884,-5.167663,-9.254975,-4.873009,-6.818455,-5.901812,6.434939,1.504533,-5.150953,-8.233236,-0.754125,-9.136688,6.143440,9.373979,-3.158860,1.079744,-4.051840,5.440787,-9.085543,-0.249672,1.964614,-0.643270,-7.300337,-5.191697
resume_1395,-9.348570,-4.127169,10.710450,-0.705006,7.280008,4.116877,2.705688,5.598557,8.243332,-5.187915,6.022894,-10.246157,-6.194698,-5.449014,2.619052,3.549105,-9.413542,-4.929524,0.036564,-6.002881,2.593102,6.252073,-7.495461,3.340343
resume_1396,-7.213918,3.251268,0.639075,5.317064,-3.152108,-3.653483,5.428079,-4.191607,-7.471283,-4.186986,-8.342415,1.511058,9.239005,6.931387,-0.552840,10.619348,0.732436,-1.385025,-0.048259,7.659949,-5.382485,-3.429655,-5.193379,4.743443
resume_1397,-8.104617,-5.876367,-8.218736,-5.407138,-6.253518,-6.193836,6.549829,1.223358,-3.794567,-8.771578,-0.624717,-8.484507,7.358487,9.464592,-3.057664,1.511103,-3.341550,5.223586,-10.289971,-1.495665,2.621916,0.235078,-7.934794,-5.038772
resume_1398,-3.069141,5.095447,6.958313,1.241520,3.920792,0.635812,-9.602512,5.440719,2.602321,-2.516462,-6.161864,-7.196189,-9.624973,8.699571,-3.946686,6.690050,-2.367549,-5.831675,-3.914761,9.058751,-2.264699,-7.879947,-2.529682,-9.338221
resume_1399,-1.713698,5.059987,5.856182,2.015234,4.781686,0.835343,-8.908806,5.217645,1.530474,-3.406815,-5.843000,-6.852523,-10.224736,9.107570,-2.924240,7.096178,-2.666183,-5.925073,-4.616145,8.576105,-3.733108,-7.588989,-2.029531,-8.491357
resume_1400,-9.321861,-4.271923,10.137127,0.633001,5.982094,3.829374,1.291824,5.902899,7.510666,-4.417511,6.231224,-9.556551,-5.659006,-5.068969,2.294334,3.692129,-9.013851,-4.365191,-0.088307,-6.866314,2.975760,7.150885,-8.480523,2.692803
resume_1401,-2.388965,5.408224,4.754980,0.619578,4.461355,-0.323606,-8.414918,4.901189,2.831568,-3.534352,-5.436666,-7.665124,-10.515056,8.227613,-2.700608,6.033934,-1.235296,-8.345768,-5.234641,8.508905,-2.829841,-8.740000,-2.535097,-9.214553
resume_1402,-2.323217,4.937494,5.627297,2.663332,4.340808,1.740913,-8.576930,4.948344,3.075915,-3.920322,-5.695172,-7.439493,-10.422812,9.105345,-2.505734,6.553306,-2.923242,-7.292238,-3.955673,9.755086,-2.677130,-8.701454,-2.184081,-9.185116
resume_1403,0.411428,-5.175612,4.195458,2.323284,7.979044,-8.638905,5.918034,0.383575,-1.052341,-1.115443,-7.065519,-8.095883,4.510506,3.730683,-2.862528,1.569397,-2.457238,-1.630563,-5.729001,7.359730,0.915543,2.674055,2.334169,-6.140360
resume_1404,-4.154605,5.077779,6.326507,10.324351,-5.584589,-1.604057,-4.528442,9.025040,9.359455,6.222725,-3.934813,-8.268799,3.679568,0.877879,-3.860959,8.560054,6.076901,2.723860,-0.028656,3.964235,10.040918,-6.653402,-5.221298,-8.458965
resume_1405,-3.580770,5.243055,6.334623,-0.343374,4.298554,0.554851,-8.204826,4.829397,3.764650,-2.851950,-6.476647,-6.728176,-8.823999,10.353689,-2.853469,5.982815,-2.403718,-8.001525,-5.553342,9.087859,-2.432956,-7.252609,-1.958149,-9.062164
resume_1406,-8.242794,-2.438535,-2.509806,-3.264058,-0.957103,5.206238,-3.995817,-0.335505,-2.913637,-7.335023,-7.804142,-9.435323,-7.271729,7.857323,-10.100891,4.061828,7.584354,0.911247,-8.776770,5.293122,-1.768503,-1.124725,8.297532,-9.435463
resume_1407,-4.025839,4.043145,7.396056,9.039818,-6.486374,-3.400924,-4.797787,9.198266,8.767096,6.727792,-4.690532,-8.768447,4.050473,-0.182041,-3.923060,8.332635,7.377202,2.341575,-0.283456,4.665041,8.997268,-6.967737,-4.311508,-7.676475
resume_1408,-0.545432,-5.759722,5.637453,2.775366,8.071133,-9.589032,6.700138,0.770130,-1.084018,-0.250852,-7.912175,-9.151535,4.346356,3.477046,-3.022577,0.267635,-2.519251,-1.667167,-5.360915,7.305243,1.010915,2.682079,2.191220,-6.294642
resume_1409,-4.301516,4.143430,7.482552,10.099771,-6.088273,-2.798006,-5.016751,8.547821,9.466201,5.717202,-4.588773,-7.876686,4.161789,0.721180,-3.066762,8.225980,6.609405,2.402357,0.768574,5.375262,8.582282,-7.056430,-4.642962,-6.643414
resume_1410,-4.012707,4.763326,7.928773,10.121413,-5.158444,-3.138390,-5.023597,8.779350,8.655478,5.874488,-4.277800,-8.008175,5.329378,-0.268042,-4.329402,8.016024,6.697488,1.254819,-0.062601,4.289564,8.650248,-6.938719,-5.108920,-8.229269
resume_1411,-3.529057,4.206503,6.438715,1.068013,3.774516,0.663646,-8.755458,4.976252,2.372568,-3.132376,-5.576646,-6.695949,-9.689484,9.012698,-3.063949,6.591253,-1.489791,-6.732806,-4.137835,9.797656,-3.295632,-8.340248,-2.160333,-8.732658
resume_1412,-4.584443,4.550063,6.492582,9.736182,-5.547771,-3.275958,-5.436044,9.596482,9.115524,6.144859,-3.932061,-7.498463,4.717376,0.720270,-3.798372,7.849731,7.976760,1.570155,0.476435,4.557598,7.600249,-6.719871,-3.848090,-7.702164
resume_1413,-7.680196,2.108081,-0.448770,3.756155,-3.179941,-4.791309,5.057059,-5.405771,-7.023943,-3.898763,-8.258607,0.670968,8.151001,6.767348,-0.251840,9.826292,0.722632,-2.236612,1.164918,7.297675,-5.989515,-2.530615,-5.274128,5.905408
resume_1414,-4.041226,4.535531,7.200238,9.161984,-6.323713,-2.551284,-5.490758,8.724984,8.649560,6.573705,-3.345620,-8.707743,5.231750,0.570163,-2.979944,8.216680,6.719583,2.767241,0.021912,2.571464,9.111607,-7.542099,-3.926435,-8.341500
resume_1415,-3.383755,3.333764,6.919337,9.398347,-7.355567,-2.607612,-5.735042,8.922262,9.667606,6.803604,-4.229902,-7.524025,5.033615,0.463780,-2.953882,7.983062,5.866533,1.870694,-0.332976,3.120174,9.825713,-7.159541,-5.331595,-8.214422
resume_1416,-10.588785,-4.736376,9.145289,0.923128,5.711163,3.559302,2.629331,4.578831,7.992233,-4.878111,6.309411,-9.066398,-4.254893,-5.229760,1.530493,3.013069,-8.593997,-5.125547,1.431389,-6.436565,2.212780,6.746754,-9.233622,2.923381
resume_1417,-7.430053,1.825785,1.058571,3.187839,-2.616503,-4.068171,6.292923,-4.947364,-7.371295,-3.705251,-7.962331,0.449397,7.738198,5.379231,-0.267948,10.001976,0.858042,-3.654415,-0.588460,8.367051,-6.006619,-2.482194,-5.484602,3.959979
resume_1418,-10.458920,-4.549383,10.469702,0.500182,6.156465,3.510279,2.260345,3.971743,8.359271,-4.541354,6.092908,-9.613891,-4.425310,-4.111809,2.676814,3.885871,-10.286159,-4.704468,0.841362,-5.720797,1.959097,8.135087,-8.481065,3.733084
resume_1419,-9.623648,-3.805483,9.545772,-0.440673,6.066596,3.167371,2.750338,3.902481,6.514652,-3.981496,5.989570,-10.531513,-4.553861,-5.411116,2.319586,3.268500,-9.084744,-5.156894,-0.175797,-4.876776,2.774615,7.894297,-8.047374,2.614573
resume_1420,4.649557,-1.234822,4.182016,2.652439,-7.366771,-2.154537,8.910770,8.150763,-4.538946,3.365398,-8.533899,10.479867,-4.947944,-2.145543,2.873882,6.669119,9.040434,3.739849,0.315976,6.566989,-7.943730,5.430254,-4.320821,1.949404
resume_1421,4.053919,-1.373719,3.633907,0.432022,-6.241554,-1.093738,8.375350,7.776757,-5.148074,3.131030,-8.064181,8.976047,-5.151929,-1.173006,2.675996,6.209301,9.834147,3.781834,1.084259,5.261129,-8.356689,5.729676,-4.386839,2.367817
resume_1422,-3.544674,5.848834,5.417506,0.520633,4.671483,1.011357,-8.745632,4.733642,2.356815,-3.256370,-5.964454,-6.862657,-10.023155,9.658515,-3.110771,6.710686,-2.920478,-7.358045,-3.584909,8.904790,-3.748496,-8.175749,-2.341502,-9.432814
resume_1423,4.476694,-1.980228,3.334878,1.773560,-7.445982,-1.342032,8.007197,8.771223,-5.933698,3.436845,-8.677640,10.962738,-5.289462,-2.346284,2.943675,7.179402,10.572644,3.873286,0.830953,5.810371,-9.539991,4.730858,-5.043273,2.635264
resume_1424,-2.743915,4.860168,4.613328,1.084848,4.570065,2.476473,-8.730496,6.004579,3.652299,-3.451797,-4.876908,-7.958566,-10.791821,9.819320,-2.936590,6.284014,-2.389066,-5.786233,-4.428510,8.512037,-2.212772,-8.737363,-2.189544,-9.833762
resume_1425,-8.736730,0.616952,0.455717,3.912889,-3.268151,-5.413762,5.693762,-5.456530,-7.364516,-3.118536,-8.923952,1.001711,7.824306,6.123664,0.123712,9.469508,0.211326,-1.744673,0.195721,7.549610,-4.691153,-2.157796,-5.985390,5.049830
resume_1426,-8.813812,-5.983688,9.772655,0.222750,6.803625,3.626274,3.078493,4.259695,7.807753,-3.801788,6.528019,-10.329135,-5.464660,-5.294716,2.077332,3.997092,-8.642567,-4.621135,0.946413,-6.676947,2.792891,7.826012,-8.177673,2.450473
resume_1427,-9.696717,-3.792841,9.919082,0.888094,6.043817,4.341819,2.673118,3.336543,8.073337,-3.627900,6.911122,-9.262299,-5.293141,-5.211701,1.821631,4.364092,-9.176650,-6.377040,0.087871,-6.722698,3.966539,8.080756,-8.477797,2.774183
resume_1428,-7.551742,-3.317009,-1.995789,-2.335548,-1.364943,4.627484,-5.381193,-0.415264,-1.919922,-6.009272,-7.684284,-8.915903,-6.752818,7.117192,-9.028496,4.764402,8.147113,0.796306,-9.630999,5.343874,-2.172065,-0.908545,6.825598,-10.103467
resume_1429,-3.229851,5.529177,6.063351,1.871792,4.995536,1.086609,-8.583028,6.155595,2.851558,-5.030603,-5.982700,-6.277954,-10.966302,9.471606,-2.022244,7.066602,-3.092435,-6.975367,-3.522026,9.415555,-3.248055,-7.610115,-2.134030,-8.799138
resume_1430,4.621779,-0.470535,3.325438,1.487180,-7.751152,-2.271554,8.185991,7.473601,-5.598847,3.748019,-8.314882,10.213181,-5.030484,-1.874058,1.830432,7.485173,9.662534,4.791101,0.283495,4.460408,-9.815392,5.503829,-4.172921,3.142867
resume_1431,3.461725,-1.990213,4.120424,1.647080,-6.961078,-1.317730,8.326350,8.397213,-5.862643,3.625355,-8.636696,9.298437,-5.252012,-3.097592,2.539183,7.160531,9.630637,3.314533,0.222127,5.669539,-8.148262,5.591127,-4.202813,2.072380
resume_1432,-9.824248,-6.900112,-8.261870,-5.333886,-6.444177,-6.567192,5.276403,1.817325,-4.095305,-8.834464,-1.647935,-9.775073,5.738706,10.411470,-2.596623,1.531534,-4.533056,5.173698,-9.712087,-0.109760,2.255598,-0.971151,-7.140113,-5.747417
resume_1433,-9.932816,-4.707373,10.363557,-0.131573,7.316106,4.305274,2.377494,4.564441,8.574516,-4.396315,6.336947,-9.626545,-4.231704,-3.996158,3.134512,5.174907,-9.843502,-4.193557,-0.246268,-5.662783,2.229199,6.796909,-8.126675,4.374807
resume_1434,4.453748,-0.203343,3.403246,2.749575,-5.598130,-1.097906,7.636814,9.220006,-4.528639,3.505633,-8.158759,9.591149,-5.273677,-0.532830,2.297462,5.907779,9.637407,4.498444,1.939369,5.272658,-8.474018,5.274923,-4.139840,2.369331
resume_1435,-7.869637,-3.312075,-2.298171,-4.111635,-1.256480,2.980777,-4.040723,-1.640382,-2.768245,-8.435307,-7.060238,-9.515265,-7.208050,9.277967,-10.368167,5.102946,8.894101,0.888401,-8.468200,4.541854,-1.776916,0.380836,7.516947,-8.515814
resume_1436,-4.350763,5.407308,6.542388,9.744956,-6.822812,-4.030213,-5.959270,8.915353,9.556671,6.494511,-2.991095,-8.507318,4.571417,0.259624,-3.196253,8.997083,6.543281,2.679985,0.417719,4.413163,9.197052,-7.372594,-5.103304,-8.036914
resume_1437,-6.794193,1.857820,1.489951,3.775157,-2.872229,-3.969589,5.650017,-3.516461,-7.267703,-4.145435,-6.948897,1.548627,9.124534,6.210088,-1.762263,9.035606,0.673324,-2.953466,-0.092455,7.464522,-5.676469,-1.858795,-5.904367,4.921359
resume_1438,-7.442296,1.872659,-0.073911,4.397309,-3.367039,-4.249685,5.087571,-4.336501,-7.129579,-4.019988,-8.274453,0.475970,7.952316,7.425395,-0.941072,9.147498,1.354905,-2.556694,1.078018,7.813146,-5.302509,-2.572126,-4.848838,5.834716
resume_1439,0.249953,-5.463424,3.695168,2.984915,8.784554,-8.550306,6.714638,-1.220275,-2.102439,-0.623941,-6.435753,-8.081538,4.600038,2.863628,-1.811320,0.761129,-2.068243,-1.734514,-5.940457,6.685103,1.265316,1.177690,2.352563,-5.880800
resume_1440,-2.942925,5.183169,6.539296,0.766113,5.387290,2.212225,-8.837371,5.013043,2.627299,-3.897946,-7.578383,-6.616359,-9.989151,9.180832,-2.037311,7.084948,-2.609921,-6.665298,-4.890254,9.021126,-4.276732,-8.025802,-2.882574,-8.917886
resume_1441,-7.203209,1.613369,0.775515,3.904363,-2.800830,-4.192624,5.661469,-2.414698,-7.509019,-3.906680,-8.103642,1.847150,9.584082,7.034174,-1.268150,9.990100,2.037619,-3.127242,-1.143118,8.067793,-5.166433,-2.481186,-6.640714,5.335624
resume_1442,-9.379468,-6.180571,-8.278368,-5.512533,-6.351489,-5.542852,4.682835,1.349920,-4.310367,-8.506145,-1.429362,-10.991130,6.969758,8.882799,-2.361148,1.367185,-3.447586,3.723379,-10.025333,1.136798,1.335533,-0.242314,-7.886203,-6.288577
resume_1443,-2.121113,5.027383,5.220450,0.787145,5.203486,2.341219,-9.267909,5.551038,2.952798,-3.190121,-5.219457,-7.475278,-10.164691,9.304651,-2.310206,7.138446,-0.438042,-6.958582,-4.199304,8.556703,-4.009111,-7.975291,-3.612032,-9.105838
resume_1444,-8.356076,-6.286279,-9.032780,-4.447867,-6.723522,-6.781962,5.688504,2.872486,-5.009212,-8.791952,-0.835702,-9.257076,6.807341,9.282435,-3.495169,0.953706,-3.990887,5.491477,-9.828243,0.573548,2.663617,-0.904871,-6.739081,-5.607228
resume_1445,4.699840,-0.709153,2.975287,2.026387,-7.336029,-0.429049,8.077068,9.498098,-4.498304,3.617900,-7.667229,9.593582,-5.645562,-1.953113,2.572412,6.768630,10.048368,4.949394,2.353755,4.955788,-9.784342,4.631867,-4.218117,1.163043
resume_1446,-9.120008,-5.704858,-9.516452,-5.710925,-6.063590,-4.945382,5.891198,3.238925,-5.118209,-8.892571,-1.361227,-10.098354,6.097912,9.380154,-2.603927,1.534668,-4.464146,5.472080,-9.431044,-0.039447,1.382561,-0.432831,-7.858122,-5.443842
resume_1447,-9.323999,-4.089964,9.443173,-0.950601,5.216464,3.476830,3.268057,5.724753,7.846882,-5.024002,6.672242,-9.686560,-3.679393,-5.513022,2.269536,3.526976,-9.036297,-5.311728,-1.092505,-5.271474,2.700910,6.807078,-8.107881,3.353315
resume_1448,-7.495802,-2.776563,-1.309665,-3.533705,0.003589,3.975605,-2.862897,-1.150269,-2.758356,-6.718336,-7.268653,-9.454217,-8.221705,7.746099,-10.679589,4.412060,6.253303,0.054793,-9.097201,5.564220,-1.397927,-1.173891,8.059129,-9.768638
resume_1449,-1.582690,-5.184212,4.651172,2.745560,8.427656,-9.444022,7.534171,-0.310065,-1.682355,-0.629366,-7.338547,-8.567313,5.069470,3.469562,-2.122642,0.442170,-2.187124,-1.690173,-5.581557,5.987212,0.588058,2.837136,3.325292,-5.729165
resume_1450,-9.194914,-6.712838,-8.828156,-4.741662,-6.889963,-4.962450,6.415758,2.991189,-4.050701,-8.405467,0.056805,-8.590092,5.591257,9.196931,-2.607498,1.634796,-4.379413,5.796578,-10.399907,-0.315274,1.743054,-0.500917,-7.195566,-5.521997
resume_1451,3.848108,-1.737523,4.122001,1.518435,-6.794407,-1.666492,8.702605,8.541204,-4.990718,2.859162,-8.068416,10.567365,-4.336726,-1.307605,2.487760,7.494602,9.408105,5.040658,0.670504,6.397501,-9.328568,5.829748,-4.440347,2.234508
resume_1452,3.617580,-2.009671,3.638149,2.177766,-7.197795,-1.281535,7.839329,8.225383,-4.979246,3.546947,-7.823110,10.633253,-4.184556,-2.411269,1.461362,7.771769,10.254353,3.324147,1.697663,4.429433,-9.122000,5.156439,-3.755922,2.453750
resume_1453,-7.496111,1.595559,1.173622,3.953146,-2.576352,-3.033749,5.070589,-4.812813,-6.422130,-3.636565,-8.225204,1.601340,8.825458,7.307953,-1.193457,9.446590,0.949711,-3.861528,0.230537,7.031783,-5.877133,-3.056518,-6.868813,5.303425
resume_1454,-9.583950,-4.642584,9.791280,0.776388,6.303780,3.677802,1.990173,4.086021,6.906101,-4.227513,6.946315,-8.507699,-5.513898,-5.451292,1.931399,3.210276,-10.072948,-3.742960,0.211068,-5.397405,2.061022,7.976015,-8.027275,4.189625
resume_1455,-0.227135,-5.461404,3.781194,2.675524,9.737839,-9.896760,6.454832,-0.348303,-0.016388,-0.750954,-7.055951,-8.743510,4.751005,2.714151,-1.658194,0.693952,-2.383442,-3.009905,-5.250645,6.756255,0.307868,3.291493,2.775382,-5.377976
resume_1456,4.734862,-0.877747,3.603596,1.504533,-7.541587,-1.187805,8.477019,7.833620,-5.714474,4.048387,-8.244346,9.853637,-4.201484,-1.047415,1.760868,5.125790,9.968509,4.415611,0.245424,5.871262,-9.551126,4.341062,-4.694515,2.498313
resume_1457,-0.407875,-4.537145,3.680538,2.312223,8.865116,-9.582967,6.571540,-0.763748,-0.807066,-0.875867,-7.460720,-9.184321,4.814212,4.284369,-2.266087,0.538531,-1.794729,-2.158336,-5.577343,6.275776,0.193330,2.947871,3.035638,-4.467467
resume_1458,-4.086858,5.760384,5.468734,2.009497,4.003554,1.183131,-8.584409,6.147866,2.980747,-3.238380,-4.903199,-6.625641,-8.926155,8.703499,-2.654764,7.086809,-2.084750,-7.353184,-3.731619,8.452779,-2.913178,-7.669685,-1.897005,-9.153646
resume_1459,-0.622300,-5.243157,3.624300,2.932630,8.697245,-9.211394,7.750990,0.905370,-0.708752,-1.916052,-6.975185,-8.168065,4.453168,3.274370,-2.801910,1.087861,-3.299522,-2.180207,-4.744770,6.892179,0.996288,2.808285,2.496385,-6.002223
resume_1460,-3.157979,6.662509,5.462685,0.996489,4.413125,2.127435,-9.251035,5.273007,1.861357,-3.761194,-6.204875,-6.815266,-9.702679,8.607597,-3.356867,6.909221,-2.115020,-7.558605,-4.409335,8.152583,-1.540105,-8.011588,-2.697641,-9.244444
resume_1461,-4.186475,4.358123,6.048850,10.551814,-6.010407,-3.850607,-6.108835,8.650129,8.589606,6.788136,-5.095867,-8.286323,4.500299,1.205612,-2.958596,9.157426,5.729204,2.042771,0.022843,4.437959,9.146756,-7.395446,-4.360992,-7.690137
resume_1462,3.683701,-1.898393,3.447198,1.386802,-7.288721,-1.424838,8.655141,9.609196,-5.110324,2.208422,-8.549103,9.716641,-5.111893,-2.112365,1.926902,6.703633,9.325618,3.960542,0.963130,5.393359,-8.601026,6.112338,-6.208358,0.960576
resume_1463,-4.129381,5.212090,5.896718,0.618164,4.584110,1.886162,-9.413819,5.290927,3.407200,-3.515622,-5.584661,-6.604984,-11.090505,8.480102,-2.754680,6.440057,-2.347747,-6.355685,-5.791171,9.141925,-4.800456,-7.643203,-1.905402,-9.194656
resume_1464,0.294986,-4.985043,4.815083,2.952649,8.142026,-10.013402,7.758761,0.322661,-0.632964,-0.280942,-6.171188,-9.318342,5.765212,4.857579,-2.270611,0.560675,-2.287471,-1.748316,-5.301790,6.633855,-0.431570,2.906535,2.713097,-5.427889
resume_1465,-7.533866,2.769220,0.906748,2.913102,-3.363442,-4.574015,6.278826,-3.968858,-7.653594,-4.140871,-8.387329,0.740127,7.961157,7.299139,-0.272366,9.184290,0.342594,-2.987734,-0.312741,8.353706,-5.364519,-3.161878,-5.213467,5.590081
resume_1466,-9.204059,-6.291465,-9.374934,-5.429193,-6.755818,-5.165192,5.459712,2.270892,-5.193940,-8.457835,-1.835811,-9.164562,6.440763,10.542501,-3.032644,1.611936,-4.103381,5.578651,-9.489188,-0.881150,1.850780,-1.049592,-7.911541,-6.065836
resume_1467,-8.658652,-3.525063,-2.602083,-3.288040,-0.952877,3.399070,-3.458806,-0.975617,-2.228367,-8.115711,-7.848860,-8.731997,-8.144842,8.415504,-9.331685,4.652311,6.693217,0.474891,-8.907186,5.057346,-0.668540,0.177231,6.692834,-9.679319
resume_1468,-7.572257,-3.212387,-1.451933,-3.273397,-0.212579,5.081297,-4.597356,-2.091799,-2.670900,-7.294523,-7.647918,-9.663078,-6.940237,7.674150,-9.600200,4.727626,7.023830,1.552868,-7.874205,5.072305,-1.125109,0.956456,8.161613,-9.426889
resume_1469,-8.655405,-6.508276,-9.180796,-4.608065,-5.543649,-6.294230,5.685849,1.844467,-4.536350,-7.990308,-1.112856,-10.288164,6.442598,9.224400,-2.077514,1.268602,-4.154140,5.336194,-10.606733,-0.238918,2.451991,0.028885,-7.362062,-3.960039
resume_1470,-7.673320,1.538799,-0.044700,3.920396,-3.522740,-4.848431,4.583298,-4.478331,-6.915465,-4.714481,-8.382991,-0.444296,7.852138,6.404593,0.543195,9.905681,0.317933,-4.569391,0.394496,7.213494,-5.666054,-1.588620,-5.588071,4.152431
resume_1471,-5.219483,5.600467,6.354748,9.794724,-6.615013,-3.414770,-5.406416,7.228963,8.620608,6.408004,-3.913146,-7.732554,4.576906,0.554824,-3.716802,8.753090,7.783585,2.362411,0.295270,3.599898,10.706530,-7.026430,-4.558898,-9.113022
resume_1472,-8.351299,1.960791,0.616798,3.092998,-2.854899,-3.973913,5.783336,-4.643630,-7.554774,-3.981513,-7.269922,1.377071,8.134332,5.915944,-1.063113,9.813774,0.128658,-2.391560,0.539626,6.935639,-5.519401,-2.994740,-5.154622,4.913417
resume_1473,-2.759683,5.786666,6.093742,1.810240,5.051587,0.474182,-7.967932,4.596297,2.087791,-4.393940,-4.293783,-7.277322,-9.141458,9.524943,-3.548622,6.799901,-2.550499,-6.401101,-4.567064,8.346147,-3.021838,-8.550129,-1.761875,-10.247090
resume_1474,5.753192,0.039897,4.179792,1.911185,-7.229611,-1.535476,7.874819,8.069039,-5.503110,3.322981,-9.134892,9.080137,-4.565405,-1.382941,2.506252,7.584791,10.274250,5.289577,1.250218,3.731273,-7.958506,5.095658,-5.214627,2.672536
resume_1475,-7.074147,1.737165,-0.039279,4.063439,-3.583139,-4.442985,5.757872,-3.618676,-7.259525,-4.588269,-7.991973,1.740199,8.152438,5.673662,-0.855312,9.665185,0.028057,-3.000243,-0.322816,7.637308,-5.587918,-2.277035,-6.404259,3.696391
resume_1476,-8.180788,-5.371784,-8.336938,-5.458902,-7.124365,-6.340631,6.534493,1.986165,-4.510694,-8.567350,-1.044452,-8.611530,6.924986,10.324567,-1.795602,1.403707,-4.977450,5.030855,-9.321960,-0.058964,1.312363,-1.239162,-7.105481,-4.130804
resume_1477,-0.788333,-4.688688,4.848032,2.186971,9.597892,-9.336294,7.723885,-0.303387,-0.439888,-0.782636,-7.912247,-8.122583,4.264515,3.510413,-2.544976,0.861641,-2.202055,-2.121435,-5.174321,5.522102,0.294302,2.659206,2.156757,-6.706072
resume_1478,-4.154847,4.445330,6.764454,9.408179,-6.650093,-3.235362,-4.780647,8.893776,9.285026,6.103060,-4.508308,-8.281099,5.450985,0.727107,-3.105000,8.071587,5.662407,1.856586,-0.376963,3.531266,8.991339,-7.124398,-5.467738,-7.835082
resume_1479,4.471873,-0.965228,4.380783,1.448110,-7.258719,-1.885158,7.800728,8.161728,-3.466646,3.792965,-6.889587,9.562967,-5.829267,-1.807069,1.881570,7.125738,9.502937,5.094241,0.196081,5.344592,-7.685709,5.456941,-4.582799,2.526830
resume_1480,-4.652710,5.999200,6.918182,9.590546,-5.734777,-2.429307,-5.596614,8.182775,9.850240,5.673050,-4.458981,-8.522117,4.801964,0.205172,-3.301910,8.124103,8.081816,1.993600,-0.606219,3.928893,8.623708,-6.795233,-5.565825,-7.419615
resume_1481,-9.242202,-4.817409,10.310513,0.355024,6.008091,3.994786,2.289390,5.344063,7.462471,-6.199913,6.510600,-11.048422,-5.423051,-4.642279,2.607380,3.861730,-9.085286,-4.922463,0.546691,-5.454766,3.265523,6.702078,-8.868150,3.825000
resume_1482,-3.671692,5.136476,6.202984,0.166828,4.090558,1.362697,-9.919425,4.521159,2.932116,-4.506391,-5.095032,-6.865903,-9.896818,7.930972,-3.445428,6.104725,-2.126695,-6.439757,-4.972018,8.917191,-2.852492,-8.149509,-2.348427,-8.478862
resume_1483,-9.628974,-3.851528,10.953119,-0.247120,5.317596,4.040710,3.033101,5.155422,6.946209,-4.127932,7.619186,-8.581580,-5.076073,-4.697009,1.733307,3.782051,-10.052742,-3.988431,-0.291054,-6.446910,2.277813,6.889038,-8.650197,3.369124
resume_1484,-0.621643,-5.391222,3.754362,2.670399,9.014131,-9.567076,6.390941,-0.857013,-1.954528,0.031335,-6.837705,-8.335748,4.525797,4.508326,-2.287620,0.034433,-0.126941,-1.437572,-5.853467,7.281821,-0.474784,1.034975,2.292157,-5.661361
resume_1485,-9.157931,-6.141064,-8.308944,-4.351105,-6.365078,-6.797409,5.135714,2.667493,-3.471338,-7.713999,-1.475097,-9.467166,6.273899,8.972261,-1.673323,2.094913,-4.173384,5.827702,-8.287118,-0.129802,2.217341,0.004035,-7.907743,-6.235878
resume_1486,-6.970885,1.915483,0.925214,3.519473,-3.528019,-5.103040,6.468201,-4.642595,-7.908636,-3.862264,-8.275090,1.079502,8.636756,6.558355,-0.468310,10.129092,0.705431,-3.248578,-0.000379,7.906066,-5.751717,-2.721174,-5.468615,5.110090
resume_1487,-7.903514,2.040822,0.109450,3.984020,-2.314852,-4.274014,5.447288,-3.733459,-7.776954,-5.523625,-8.567271,0.752947,8.957228,5.853508,-1.100316,9.347019,2.442384,-3.254389,0.734461,8.839029,-5.688344,-2.119073,-6.186826,5.634318
resume_1488,-1.006161,-4.927807,3.825468,2.166954,9.393346,-9.180549,7.518663,-0.129066,-2.079904,-0.929128,-7.292580,-9.802215,3.241836,3.387224,-2.640817,1.278164,-1.733613,-3.197618,-5.586944,7.022665,1.572696,2.757043,3.209285,-5.994294
resume_1489,-6.637577,0.570591,0.558993,3.909663,-4.144370,-4.539223,5.628050,-4.954183,-8.471399,-4.227335,-8.588037,0.308006,7.517346,7.896778,-0.766868,10.735269,0.129819,-2.724136,-0.446481,7.572283,-6.613214,-1.991348,-5.434118,4.424865
resume_1490,-8.323078,-5.254092,10.018576,0.497797,6.771439,3.086349,2.736649,4.708699,8.062806,-3.354244,6.589203,-10.041424,-3.989098,-5.863353,2.446732,4.650965,-9.649498,-4.805060,0.296477,-6.033645,1.775345,7.356620,-8.103705,2.633887
resume_1491,0.091041,-4.950770,5.817533,3.048342,7.322647,-8.861992,6.722348,-0.225308,-2.735756,0.870210,-7.878736,-8.622320,4.684976,2.920859,-2.235203,0.374357,-2.965456,-1.113478,-5.450606,6.254424,1.463428,1.911237,2.535389,-5.457114
resume_1492,3.856262,-1.593360,3.952372,2.229156,-6.661227,-1.288328,7.992748,7.720355,-5.008487,4.275113,-7.692069,10.453951,-5.181984,-1.285095,1.999244,7.848178,10.158784,4.444424,1.320083,5.386619,-8.679995,4.774965,-4.244104,2.755546
resume_1493,-4.573568,5.869731,6.423295,9.491277,-6.716799,-3.395871,-5.779504,9.675655,8.872086,5.564204,-3.472436,-8.229167,3.741718,-0.373068,-4.575363,8.981568,6.269978,2.332936,-1.116214,2.768839,8.395156,-7.158574,-4.233267,-7.571982
resume_1494,-7.514968,-3.298354,-3.419596,-4.559594,-0.698812,3.008777,-3.953479,-1.049730,-3.020437,-7.071293,-6.775237,-10.431307,-7.075323,7.627660,-9.404430,5.060010,6.948376,1.102169,-8.566884,4.314196,-0.811037,0.305215,7.055249,-9.415195
resume_1495,-4.261323,4.321991,6.963211,10.162610,-5.750034,-3.092019,-4.964307,8.593602,9.628428,5.728454,-3.690202,-8.116481,4.983504,0.461764,-3.733418,8.167493,6.916616,2.571024,-0.498320,4.603935,9.193090,-5.768587,-4.961621,-8.663737
resume_1496,-3.520670,4.637456,6.328430,9.733287,-5.839675,-2.862481,-6.377534,10.072947,10.366014,5.054505,-4.418951,-7.841846,4.819624,0.013246,-4.394266,7.497180,6.764640,3.059119,0.607295,4.028261,8.521230,-7.259941,-3.278317,-7.827640
resume_1497,-8.194325,1.030886,0.349512,4.193658,-3.214932,-4.852545,5.090572,-4.196545,-7.522768,-4.253883,-7.305871,1.301551,7.363047,6.671395,-1.337957,9.478576,1.161409,-4.282515,0.304832,7.952817,-5.873803,-2.434281,-6.532557,4.161115
resume_1498,-0.062606,-5.379230,5.138624,3.723226,8.593295,-7.994430,6.498769,-0.056591,-2.305121,-0.049579,-6.375924,-8.188657,4.051113,3.773959,-1.393975,0.163561,-2.017105,-1.668366,-5.893787,8.092763,0.380555,3.185140,2.770438,-6.776680
resume_1499,-10.319748,-4.771425,8.884340,0.250486,6.010153,2.733859,3.570451,4.487807,7.661380,-3.923349,7.507445,-9.905392,-4.768573,-4.278902,2.312021,3.225773,-8.968625,-4.656786,0.084301,-5.663801,1.696647,6.270111,-8.725388,2.219982
resume_1500,-4.347712,4.337316,7.123756,9.530764,-6.191053,-4.013216,-4.987713,9.233575,8.770496,7.256677,-4.184277,-8.585175,5.590229,0.664990,-4.748922,7.966719,5.641916,1.801954,-0.304455,3.684360,8.176881,-7.043765,-4.597832,-8.880812
resume_1501,-9.404670,-5.466742,-9.155875,-4.568933,-6.176340,-6.625667,5.558028,2.888837,-4.566252,-8.445129,-1.953906,-9.510157,6.704359,9.963333,-3.352812,0.667444,-4.074496,4.801426,-9.709985,-0.089151,3.058961,0.798764,-8.166539,-6.060352
resume_1502,-7.224396,-4.605415,-2.608548,-3.573651,-0.037438,4.079017,-5.201694,0.052807,-2.968713,-7.990375,-8.246589,-8.731971,-7.299483,7.236751,-9.756272,5.098408,8.225335,-0.086517,-8.664384,5.028146,-1.085402,-0.307400,6.974366,-9.497888
resume_1503,-0.189601,-4.275520,3.846230,1.478670,8.465101,-9.079439,6.793366,-0.101291,-1.259005,-1.486114,-9.002945,-8.570300,5.045907,1.967838,-0.607073,0.414543,-1.914764,-1.234336,-5.829060,6.199051,0.886880,3.100528,2.937649,-6.571847
resume_1504,-9.996061,-5.379503,-8.341692,-5.434984,-5.330418,-5.611040,5.637944,3.466637,-5.455989,-7.770112,-0.504094,-9.228595,6.307830,10.130210,-2.489983,1.209919,-4.736218,4.423788,-11.016547,0.660034,2.698793,1.098227,-6.804356,-5.326050
resume_1505,-7.733905,1.972829,-0.171175,3.244499,-2.942942,-4.222306,6.728249,-4.587269,-8.351017,-3.637288,-7.721966,1.561734,8.860298,6.218266,-0.595933,9.403026,0.884985,-2.665798,-0.534940,7.129350,-6.909293,-1.730296,-5.651422,4.969933
resume_1506,-8.163890,-4.413513,-1.198202,-3.280509,-2.131758,4.498036,-3.931645,-0.529138,-3.526548,-7.901707,-7.128561,-9.305215,-8.650635,8.014287,-9.593458,4.916244,6.621463,-0.244139,-8.891765,4.367505,-1.582414,-0.226915,6.976173,-9.275980
resume_1507,-0.489375,-5.475864,3.897211,3.299295,8.508768,-8.796881,8.613306,0.162032,-1.658101,-0.229149,-7.563191,-8.537881,3.497215,3.333080,-2.016460,0.692069,-1.988190,-2.868073,-5.391572,7.977159,0.181415,3.012845,3.140056,-6.061075
resume_1508,-10.410554,-4.736086,9.598994,0.972645,6.637573,3.843713,3.117523,4.790816,8.628002,-5.327217,6.038853,-9.867138,-4.776734,-4.778506,2.506029,3.331278,-9.068347,-5.020784,-0.695773,-6.022793,2.960784,7.876601,-8.083661,3.582104
resume_1509,-4.667595,5.554635,7.233411,9.231436,-6.197680,-3.119360,-5.815987,9.039673,8.667553,5.815286,-4.797615,-7.587059,5.177130,-0.080955,-3.921776,8.456258,7.660270,1.474276,-1.799164,4.309128,7.958730,-6.469440,-3.693221,-7.848861
resume_1510,-10.244766,-7.057866,-8.639329,-5.231956,-6.187601,-5.588742,5.143420,1.534522,-4.333130,-8.278653,-1.443457,-8.897982,6.832061,9.337422,-3.041199,2.840318,-2.882495,5.713502,-9.041674,-1.546002,2.235991,-0.854392,-7.718243,-5.848325
resume_1511,-5.735347,1.803948,0.619497,2.352661,-3.336241,-4.255149,6.497084,-4.110129,-6.823550,-4.237297,-7.931049,0.558641,8.626934,7.404496,-0.932861,8.965595,1.225465,-3.727926,0.361871,7.311371,-6.159664,-1.772474,-6.175059,4.200226
resume_1512,-10.183614,-3.278329,9.525393,0.698856,6.471707,3.671459,1.851891,4.463573,6.583236,-4.503579,6.508528,-9.391442,-4.440924,-4.765458,2.566283,2.771241,-9.690189,-3.838033,0.393910,-5.886643,3.065128,7.776360,-7.868364,2.891958
resume_1513,-7.752513,2.467570,0.114402,4.169511,-2.997189,-4.139981,6.120314,-3.976815,-7.422768,-3.736601,-8.572060,0.362923,7.983152,6.155328,-1.117529,9.144381,-0.041779,-3.464192,-0.874524,7.504931,-4.267484,-2.346321,-5.674477,4.931986
resume_1514,-7.487749,3.057892,0.200563,4.151630,-1.841222,-5.196530,4.623873,-4.485301,-7.983209,-3.556341,-7.448699,0.011392,8.841480,6.189282,-0.350254,9.451106,0.460958,-4.053956,0.338879,8.170913,-4.379406,-3.557479,-5.678984,4.366815
resume_1515,-7.493114,2.184085,1.370494,3.235415,-2.353857,-4.300415,5.666628,-4.826772,-7.019609,-3.094642,-7.144547,1.323495,9.019910,6.678267,-1.607725,9.797612,0.939843,-2.253898,-0.869291,8.099738,-6.162333,-2.338236,-6.143139,5.041638
resume_1516,-7.498161,-1.721176,-3.133486,-3.198411,-1.059389,3.407719,-3.223976,0.211076,-1.884724,-7.345122,-8.175802,-10.215312,-7.686735,9.464591,-10.409241,3.930272,7.377336,-0.040453,-7.988928,5.236689,-1.153815,-0.354605,8.593268,-8.809638
resume_1517,-2.226792,5.021373,5.886994,1.743898,3.836586,1.506832,-8.479168,4.784571,2.602195,-2.377955,-5.692529,-7.771843,-9.927803,8.836052,-2.673492,7.017618,-1.742156,-6.792981,-3.701094,9.174381,-3.243588,-8.334261,-2.490934,-8.307049
resume_1518,-3.820711,4.395263,6.902836,1.107271,5.481864,1.321281,-8.533163,5.030996,3.416068,-3.101139,-5.811304,-7.155259,-9.585083,8.149464,-3.547995,6.946114,-2.679269,-7.856606,-4.562601,9.907142,-3.593454,-8.552465,-2.772797,-8.350150
resume_1519,-6.505251,-2.682861,-2.767655,-3.182401,-1.033590,3.122685,-4.383259,-0.798290,-2.870661,-7.604832,-7.767539,-7.547134,-8.079484,8.009813,-9.872530,4.971003,7.464214,0.452352,-8.394314,4.735012,-0.599536,-0.168977,8.538599,-9.372581
resume_1520,4.785604,-1.423015,3.947148,1.952528,-7.128053,-2.150064,6.196561,9.528639,-5.709506,3.232326,-7.568595,9.708683,-6.441631,-1.903916,3.096620,7.188995,9.773497,3.851336,1.542398,5.229087,-9.330440,4.361083,-4.651596,2.948562
resume_1521,0.057239,-5.514169,5.114519,2.449567,8.904153,-9.418304,5.701819,-0.178841,-0.348899,-0.882183,-6.989433,-8.254921,4.161780,3.647472,-2.742991,1.411003,-2.425256,-2.835557,-6.184358,7.016325,0.001337,3.077536,2.929633,-5.217379
resume_1522,-7.668708,0.725401,1.166580,2.477093,-3.397085,-4.911333,5.340889,-4.412694,-6.908224,-4.766898,-7.515804,1.682580,8.188456,6.125556,-1.159945,9.376241,0.622541,-3.070633,0.178634,7.636081,-5.566667,-2.895457,-7.613069,3.881072
resume_1523,-10.002468,-5.055663,9.969550,-0.056523,6.152107,2.625869,2.767920,4.195930,8.004663,-4.469440,6.825149,-9.533821,-5.242279,-4.584177,2.393818,4.107834,-8.534592,-4.544266,-0.226249,-5.375600,1.982891,6.895317,-8.191926,2.384018
resume_1524,-6.376625,1.647676,1.698768,4.190654,-3.307099,-4.090723,6.885259,-4.418229,-8.063662,-4.694531,-8.694461,0.404918,8.946578,5.676863,-0.650909,9.892690,1.111611,-2.461469,0.991848,8.513289,-5.257990,-3.389417,-5.865522,4.694883
resume_1525,-0.665244,-4.933309,4.647681,3.092563,8.911264,-8.583436,6.781577,0.170946,-2.109974,-0.531948,-7.976536,-7.537848,4.890774,2.809942,-1.438493,1.303687,-2.060131,-2.013756,-6.000290,7.298051,0.395026,2.044328,1.926421,-5.839397
resume_1526,-2.457389,5.721086,5.947903,1.108388,5.200673,0.977962,-9.020667,4.467343,2.226426,-2.939944,-6.803583,-7.380137,-9.679209,8.279582,-3.883769,5.741142,-3.700764,-6.776102,-5.206995,7.895797,-2.524680,-7.253424,-2.428039,-10.296733
resume_1527,-6.765858,-3.087197,-2.224656,-3.458733,-0.716956,4.355902,-4.100369,0.187133,-2.730206,-7.688545,-7.396696,-8.809137,-7.375565,7.117400,-9.409945,4.903091,8.438048,0.332177,-8.415220,4.955518,-1.367647,-1.305506,7.793009,-8.745855
resume_1528,-3.329301,4.827598,4.904303,1.352802,4.508772,0.730289,-8.580503,5.166825,1.534713,-3.455017,-6.802653,-5.842568,-10.160254,9.208148,-2.008865,6.813013,-2.425518,-7.472025,-4.578110,9.281981,-3.660779,-8.603474,-1.643657,-9.244035
resume_1529,-6.891320,1.456192,0.295645,3.590435,-3.418460,-4.324358,6.723691,-4.451508,-7.252922,-4.005646,-8.298299,0.457015,9.268941,7.122232,-0.770662,9.157157,2.035954,-2.880157,-0.289671,7.686085,-5.297292,-1.672535,-6.391521,5.189571
resume_1530,-9.187286,-4.599853,9.517690,0.105753,5.346633,3.215181,1.580510,4.289476,7.089762,-3.964868,5.885359,-8.950006,-4.633040,-5.275532,1.504133,3.937478,-9.426353,-3.934440,0.535975,-5.803435,2.843970,6.371282,-9.417610,3.716291
resume_1531,-4.107579,4.936787,6.650105,9.380604,-5.900093,-2.412160,-4.961854,10.116345,8.988263,6.646355,-4.717468,-8.706174,4.548154,-0.672681,-3.773932,7.796163,7.249729,1.897719,-0.099361,4.324455,8.477053,-6.494212,-4.594064,-8.737735
resume_1532,5.598892,-1.139040,5.141525,1.851975,-7.906046,-2.324616,8.380286,9.000253,-5.354277,3.167768,-8.439573,10.014413,-4.898751,-2.168976,2.461772,6.823494,9.578864,4.416417,0.549081,5.219921,-9.415902,4.709020,-4.531393,1.590324
resume_1533,-3.396844,6.148047,6.163187,0.317719,4.747793,0.965265,-8.875673,5.151235,3.503284,-3.058970,-4.803812,-6.787817,-9.827186,9.064143,-3.182781,7.223255,-2.114144,-6.091447,-6.204542,10.351941,-2.791034,-8.700633,-2.170261,-8.628227
resume_1534,-8.243603,-2.925101,-1.953292,-4.167970,-0.802882,4.113749,-4.165614,0.127286,-2.377761,-8.304860,-7.608529,-9.840728,-7.030318,6.864398,-9.964995,4.635851,6.548592,0.009471,-8.682272,4.955775,-0.885299,-0.223157,8.119428,-9.150966
resume_1535,-2.953569,5.603748,5.611324,0.652954,4.945378,0.943573,-8.969392,5.537316,2.573891,-3.025732,-4.623630,-7.609284,-9.921906,9.552094,-3.555199,5.805180,-2.408504,-7.269911,-3.776754,8.690858,-2.659492,-8.324129,-3.411464,-9.716277
resume_1536,-2.225527,5.533438,6.007983,0.679806,4.129024,1.085844,-8.493858,4.720527,2.425478,-3.020742,-5.115595,-7.882658,-10.273029,10.336569,-1.721842,6.470738,-2.458127,-6.567634,-3.820689,9.047277,-3.187269,-8.208802,-2.429650,-9.002419
resume_1537,-7.879661,2.830444,1.059549,3.818480,-3.678807,-4.052540,6.093705,-4.387206,-7.415878,-4.040854,-8.687789,0.423500,9.356784,6.442659,-0.441914,9.086175,1.378659,-1.700527,0.653456,8.323832,-5.192482,-2.224348,-4.770568,5.507651
resume_1538,-9.577064,-5.667118,-9.904704,-5.748055,-5.938137,-6.481183,5.595001,2.657072,-3.874998,-8.363221,-0.548817,-10.308247,5.622920,9.495709,-2.842690,2.874873,-3.832722,4.511785,-9.692100,-0.117446,1.500696,0.117564,-7.865150,-7.051335
resume_1539,-7.943178,2.545641,1.338740,2.977817,-2.469340,-4.678736,6.368776,-3.796533,-7.515250,-4.339842,-8.626978,1.498953,9.015960,6.180287,-0.575302,9.473675,0.547221,-2.835173,1.504252,6.840467,-5.653343,-2.362807,-5.547947,4.991925
resume_1540,-7.673249,1.030360,0.252078,4.026947,-3.314575,-5.493431,6.088957,-4.662324,-7.183349,-4.583898,-8.676465,1.594965,8.610691,6.401969,-0.801083,7.881061,0.486102,-3.596765,0.208224,8.152092,-4.997656,-3.516182,-6.877976,4.471428
resume_1541,-0.451064,-4.772032,4.695584,1.878864,8.895722,-8.144222,7.344181,-1.045390,-0.446891,0.210966,-8.233248,-8.686775,4.287799,2.578351,-2.139694,0.518712,-1.540343,-2.697825,-5.130815,7.833782,0.965735,2.011114,2.900501,-5.427254
resume_1542,-2.016026,5.813461,6.099179,1.873795,4.982827,2.052345,-8.083422,4.708387,3.026560,-2.947642,-5.524622,-7.118541,-10.169901,8.827514,-2.049203,6.656808,-2.405560,-5.758701,-4.457485,9.070313,-2.896106,-7.438885,-2.675234,-10.228941
resume_1543,-6.949066,2.000171,1.980422,3.304294,-3.504009,-4.348085,5.781043,-4.637784,-7.915176,-4.669770,-7.630252,0.695724,7.891509,6.609794,-1.288048,9.706581,0.321762,-3.070335,-0.156077,6.781319,-5.004793,-2.280836,-6.193371,4.426652
resume_1544,-8.722264,-5.988857,-9.876930,-5.210679,-6.624344,-6.456722,5.940775,1.393006,-4.755671,-8.250970,0.155749,-9.652072,6.454925,9.115820,-2.076075,2.119939,-5.437048,5.123419,-10.126966,0.033902,3.239735,0.814729,-8.579340,-6.139541
resume_1545,-2.071689,5.586542,5.501972,1.074587,4.021233,1.257167,-7.508160,5.007513,4.098890,-3.779878,-5.933669,-6.619917,-9.110091,8.508220,-3.000818,6.898974,-2.332853,-7.221436,-3.812147,8.686014,-2.154277,-8.307526,-2.167429,-8.789483
resume_1546,-9.534104,-3.831800,8.914065,-0.174681,6.540407,4.218473,3.624442,3.873276,8.163695,-4.693800,6.559022,-8.629064,-4.205863,-5.098404,2.146855,3.613612,-9.281655,-4.031041,0.922156,-6.293779,1.787374,6.565297,-7.657974,3.335141
resume_1547,3.254356,-2.445937,4.517759,2.018038,-7.477274,-1.542133,8.360479,10.243734,-5.021954,3.546841,-7.855485,9.561013,-4.644568,-1.961385,1.605907,7.175608,9.785457,5.120949,0.496205,5.670525,-9.542137,5.070995,-3.973339,2.836716
resume_1548,-9.466710,-4.347612,11.111098,-0.816958,6.296912,3.365290,2.564009,4.455709,7.142671,-5.109580,5.245330,-8.785743,-4.387726,-5.637351,2.545457,3.394551,-8.866696,-3.916431,-0.316091,-6.908297,1.836803,6.211399,-9.043226,4.450482
resume_1549,-9.394023,-5.070007,9.942153,0.736170,5.676094,3.578003,2.823128,4.902036,7.010477,-5.741177,5.548919,-9.459354,-5.508121,-4.996972,2.144156,2.588308,-8.528515,-4.313686,-0.752153,-6.408422,1.902104,7.468837,-9.070639,3.342959
resume_1550,-8.558657,-7.127666,-8.635068,-3.682017,-6.481105,-4.362259,5.677141,1.601915,-4.480725,-7.785757,-0.895679,-10.078484,7.206178,8.821088,-2.530243,2.518624,-3.705569,5.792429,-9.740229,-0.536907,2.621796,-0.298274,-8.040256,-5.766670
resume_1551,-8.619364,-5.788023,-8.671145,-4.721145,-6.570333,-6.052536,5.260568,1.844458,-4.715612,-8.813130,-0.301017,-8.797426,5.917834,8.442494,-3.599767,1.839738,-4.478202,5.794920,-9.498936,-0.528889,2.782811,-0.595601,-7.846456,-4.934958
resume_1552,-2.197668,5.511787,5.442072,0.741866,4.365720,1.240677,-8.789625,4.878455,2.976014,-3.699481,-5.196933,-5.752867,-9.491357,8.822769,-2.735828,6.123863,-1.981235,-6.751416,-3.496994,7.868260,-2.790769,-7.222255,-2.700772,-8.188228
resume_1553,-10.030661,-4.400308,9.600541,0.378680,6.298189,3.552697,2.877388,5.074456,7.621545,-4.444660,6.586784,-9.315695,-6.437091,-4.560704,1.105970,3.332086,-8.936774,-3.982752,-0.168447,-5.078879,2.055753,6.935819,-8.554752,2.335116
resume_1554,-4.022104,3.490421,7.279498,10.174275,-6.172156,-3.043269,-5.940593,9.014645,9.910282,6.821698,-3.384845,-7.666539,4.746357,0.507835,-4.188052,8.088049,6.273036,2.413788,-0.394802,4.749253,8.167147,-7.162315,-4.363601,-8.387564
resume_1555,-3.117583,5.881471,5.376003,1.160990,4.999630,1.918652,-8.666317,5.154332,3.029741,-3.955958,-5.348276,-6.867238,-9.510681,8.285531,-2.673104,6.775024,-1.874617,-7.546687,-4.055872,8.626581,-3.698336,-8.913913,-3.491774,-7.903237
resume_1556,-4.263780,5.059500,7.034047,8.955695,-6.338127,-3.599314,-5.948265,9.195579,9.147423,6.418939,-3.948220,-8.123239,4.103902,0.305029,-4.235646,8.248275,5.577824,2.555258,0.205330,3.489749,8.802313,-7.418503,-4.709191,-7.569800
resume_1557,-7.766850,-4.317101,-0.800805,-3.429358,-0.792924,4.598090,-4.195734,-1.317695,-2.368892,-7.292053,-7.069306,-9.868070,-8.396722,6.411994,-10.449777,4.684893,7.360452,0.391270,-9.531361,6.025048,-1.492090,-0.644195,7.991239,-8.400595
resume_1558,-7.216216,1.883980,-0.077682,4.120806,-1.494656,-3.064730,6.355014,-5.309128,-6.680493,-3.882004,-8.617148,0.735070,9.350437,6.017380,-1.119656,9.398266,0.581309,-2.207017,0.362383,7.716617,-4.764377,-3.449550,-5.195747,4.650340
resume_1559,-4.330225,3.570657,5.907192,10.139919,-6.444167,-2.593601,-5.364257,8.082631,8.937350,6.946837,-4.122181,-8.583452,4.703713,-0.316242,-4.281642,7.851541,6.592448,2.098010,-0.592739,4.966439,9.111881,-7.585816,-4.864788,-8.601410
resume_1560,-1.740721,-5.170684,3.699158,2.971273,9.122156,-8.862817,6.522931,-0.171928,-1.392162,-0.660184,-6.525184,-8.480848,4.485479,4.248531,-2.982725,0.248084,-1.771753,-0.865118,-6.635186,6.047864,0.256143,1.812874,3.152564,-5.929768
resume_1561,-4.152116,4.819013,7.188748,9.280432,-6.455315,-3.247317,-5.494059,9.001225,9.430944,5.874814,-4.648267,-7.963930,4.501016,0.637729,-4.009288,9.528340,6.408206,1.475259,0.557399,3.277324,9.146824,-7.487355,-4.673564,-7.124820
resume_1562,-1.857508,5.186358,5.239406,0.798999,5.152186,0.650752,-10.170725,5.019903,2.710934,-4.396654,-4.817675,-6.509440,-9.246511,9.593172,-2.321579,6.091479,-2.312904,-7.929878,-3.687092,9.708527,-3.009275,-7.873341,-2.593421,-9.572030
resume_1563,-8.882694,-3.883734,-1.920703,-2.838690,-0.983765,4.872300,-4.062659,-1.067585,-2.348418,-6.932698,-7.793820,-9.601292,-7.317483,6.276525,-10.877320,4.872385,7.696479,-0.344814,-9.561827,4.444114,-2.007778,0.107186,8.473984,-9.733669
resume_1564,-0.878475,-5.500200,3.963044,2.662904,7.603568,-9.753850,7.018080,0.702689,-2.067526,0.657019,-6.161542,-8.411468,5.438474,3.511262,-1.064834,0.534812,-1.755688,-1.538349,-5.004551,6.934862,0.868125,1.016907,3.207052,-5.877536
resume_1565,-7.259612,-3.100602,-1.043046,-3.909250,-2.077543,3.899137,-4.010617,-0.908659,-2.811715,-7.021892,-7.766095,-9.595797,-8.834797,7.400242,-10.675920,4.262865,8.610433,1.044253,-9.901254,4.660031,-1.372886,-1.216462,7.657124,-9.185123
resume_1566,-8.662175,-4.196002,10.488646,0.105258,6.342322,2.600662,1.552455,4.908004,7.451086,-5.031407,6.991870,-9.500776,-5.077265,-4.675894,1.273273,3.856821,-10.340780,-4.180768,0.537999,-6.248638,2.966770,6.965862,-8.244399,3.338527
resume_1567,-3.679090,6.619949,5.587522,1.010207,5.891589,1.749085,-9.286078,4.664861,3.490500,-3.408728,-4.183880,-7.561164,-8.703273,8.899495,-2.864166,5.272558,-2.021651,-7.562637,-5.074081,9.162661,-2.823166,-8.444717,-3.529482,-8.872604
resume_1568,-10.138084,-4.080180,9.499157,-0.164464,6.635778,4.330472,2.368559,4.812304,7.436922,-4.305993,6.129788,-9.655209,-4.222569,-5.948437,2.048477,2.933241,-8.800440,-4.741482,0.726668,-6.296663,2.157443,7.066776,-6.827573,3.226410
resume_1569,-6.954028,0.982165,0.080739,2.874951,-3.770514,-5.206551,4.734799,-4.504367,-7.848625,-5.089695,-8.769360,2.204890,8.666512,7.124748,-1.008497,9.219627,1.192493,-2.727547,-0.942435,7.581682,-5.856418,-2.095692,-4.761217,3.930012
resume_1570,-3.268865,4.997745,5.277430,1.418071,5.330767,2.143147,-8.945144,5.959809,2.314551,-2.840862,-6.292300,-9.433362,-10.315371,9.116794,-2.722295,7.045062,-2.436005,-7.597546,-3.953808,10.021624,-2.392464,-8.101529,-2.374994,-9.234088
resume_1571,-4.634142,4.555053,7.180899,9.884502,-5.601232,-5.067818,-5.831081,8.308676,8.531468,5.633049,-4.439079,-9.093788,4.211526,-0.353093,-4.619937,8.103110,6.265610,2.862430,0.952294,3.804953,7.644793,-7.483768,-5.028598,-9.085362
resume_1572,-2.655727,6.880089,5.637103,1.292478,4.269021,2.219398,-8.682051,5.369554,2.285633,-4.417605,-6.649641,-7.230593,-10.410920,10.357291,-2.113049,7.716121,-2.108004,-5.693268,-3.793845,8.531931,-3.018216,-8.299277,-3.304894,-9.993707
resume_1573,-7.646284,1.121935,0.707879,4.194151,-4.201415,-3.363735,6.936396,-4.681757,-7.863927,-4.444086,-8.656709,0.564802,9.123063,6.044375,0.127320,9.597752,0.337758,-1.961093,-0.739250,7.231501,-6.244849,-1.814260,-6.038929,4.864081
resume_1574,0.101552,-5.817414,3.624014,2.591129,8.403760,-8.899384,7.186620,0.299358,-0.730441,0.238297,-7.662852,-8.321831,5.117359,2.972979,-2.756433,-0.010341,-1.102261,-1.502770,-6.307080,7.301859,-0.854838,2.119561,2.891681,-6.659994
resume_1575,3.914080,-1.094592,2.931431,0.800690,-7.763975,-1.183670,7.335571,8.561672,-6.754427,4.228069,-7.713613,9.448981,-4.963981,-3.248375,1.917526,7.010136,10.733493,3.272923,0.088109,5.392661,-8.351446,4.572947,-5.005296,2.890756
resume_1576,-4.346391,5.285657,6.749866,9.505512,-6.831739,-2.675865,-5.186575,8.573420,8.236126,6.535586,-4.302028,-7.181933,4.686678,1.500484,-3.073781,9.474460,7.418746,2.888096,0.834134,4.800820,9.193676,-7.865933,-5.316817,-8.431705
resume_1577,3.938117,-0.567974,4.336436,1.576910,-6.893750,-1.739212,8.213785,9.784959,-5.042590,3.207193,-8.239415,8.903108,-5.695010,-2.116480,2.040310,6.675051,10.348035,5.188147,0.186596,6.033992,-9.471608,5.500746,-4.050589,2.384060
resume_1578,-7.668421,-3.989832,-2.468306,-3.578467,-0.790265,4.131209,-3.998044,-0.657170,-2.805958,-7.680000,-7.784939,-9.122817,-7.388032,6.721975,-9.942521,5.427309,7.250668,-0.398438,-9.546730,4.538956,-1.730641,-0.560942,9.029201,-9.512063
resume_1579,-8.149787,-4.308828,9.539446,-0.131447,6.255689,3.829733,3.368982,4.556406,9.488003,-3.772790,6.770872,-9.454044,-4.981250,-5.826142,1.177199,4.109739,-9.084949,-4.272355,-0.581257,-4.919367,1.959686,7.015699,-8.045366,2.957211
resume_1580,-0.063839,-4.596409,4.947795,3.230850,8.372563,-9.711192,6.611837,0.045632,-0.942367,-0.344062,-7.344010,-9.628504,4.110794,2.433040,-1.228482,0.721670,-1.789846,-1.967964,-5.691330,6.532106,2.013269,2.786670,2.966146,-4.618618
resume_1581,-5.181773,4.865597,5.549636,10.010059,-6.331002,-3.432440,-5.096397,8.187117,8.364217,5.798033,-3.682254,-8.566668,4.556805,0.751503,-4.325985,7.914290,6.942272,1.310071,-0.212671,3.434650,8.670780,-6.263163,-4.383306,-7.495768
resume_1582,-7.868137,-5.171227,-7.492206,-5.661710,-6.039575,-4.862362,6.718260,2.372605,-5.163814,-8.449148,-0.717453,-9.569976,5.160389,8.910884,-3.174014,1.188967,-3.637301,4.876948,-10.024414,0.210310,2.971916,0.579620,-7.665232,-5.764566
resume_1583,-3.080364,5.121594,4.613611,0.513914,4.356330,0.517024,-8.839551,5.019165,2.574050,-3.267249,-5.708934,-7.326195,-11.128005,8.957291,-2.736716,7.450311,-1.741636,-7.665190,-4.137907,9.180240,-2.724109,-8.238134,-1.739525,-8.966012
resume_1584,0.301846,-4.740976,4.434734,2.540974,9.649262,-8.806974,6.701676,0.502629,-2.024560,-0.134439,-7.685131,-7.724713,3.884625,3.311989,-2.257100,0.776243,-2.604357,-1.623530,-4.794264,6.107761,0.993601,2.252460,4.109217,-5.020543
resume_1585,4.658546,-1.016679,4.109340,2.162391,-7.792931,-1.507766,7.788097,7.774563,-4.450897,3.180406,-7.354443,10.078402,-5.450941,-2.322803,2.478949,7.079775,10.371663,3.962287,1.643840,5.364609,-9.422665,5.656406,-5.511541,1.569760
resume_1586,3.763236,-0.302782,3.504864,0.910589,-7.687018,-1.617799,9.061372,8.657505,-4.795694,3.473522,-8.196558,9.977511,-4.601362,-0.961839,2.036360,7.233221,10.464597,4.018280,0.704655,6.326189,-8.577600,5.291682,-4.676572,1.364322
resume_1587,2.831051,-0.936566,3.422928,2.238170,-5.918550,-1.701435,7.980124,8.584352,-4.806303,3.031660,-7.138932,9.821820,-4.457399,-2.123746,1.864609,6.569585,10.170164,4.124790,0.239478,6.368372,-7.849100,3.843575,-5.298548,2.620507
resume_1588,0.295459,-5.393082,4.689735,1.664600,8.686628,-9.141462,6.584462,-0.776418,-1.070258,0.860741,-7.841184,-8.923838,4.731692,2.972854,-2.326213,0.835534,-1.971653,-1.811414,-4.984664,6.740241,0.285504,2.276612,3.474343,-5.915739
resume_1589,-9.938215,-3.957197,9.599251,0.499543,5.441888,2.569517,2.384593,5.084519,8.363014,-4.695450,5.066885,-10.642661,-5.264090,-5.948746,2.598991,3.682844,-9.537524,-4.400486,0.713152,-7.982729,1.999652,7.643641,-7.810911,3.474030
resume_1590,-7.936364,0.685621,1.261246,4.777589,-3.828201,-4.234375,5.868243,-3.689827,-6.513759,-1.981149,-7.798894,0.554266,9.771699,5.881042,-0.348559,9.321950,0.543253,-3.067919,-0.315967,7.172083,-5.830927,-2.575541,-5.043096,4.519042
resume_1591,-4.700136,4.674600,5.382363,1.174506,4.738789,1.521392,-9.260046,6.136658,3.554443,-4.283515,-5.696491,-7.760003,-10.072467,9.164289,-3.380980,7.495260,-3.132694,-6.081040,-3.650649,8.401109,-2.467850,-9.185368,-2.072982,-8.733775
resume_1592,-4.654045,5.064923,6.955987,10.847521,-7.127428,-2.659876,-4.785064,9.329902,8.321506,6.809879,-4.365351,-7.452360,3.772393,0.527806,-3.618706,8.619095,7.689878,2.240806,0.095619,4.153495,9.554677,-6.778231,-4.124162,-7.421058
resume_1593,-8.735458,-5.768381,-8.609601,-5.407985,-5.749565,-5.274134,6.383859,2.730358,-4.352635,-7.806744,-1.133010,-10.019038,5.478388,9.367475,-3.136927,0.696049,-4.172003,5.789130,-9.561423,0.469107,2.292608,0.643098,-7.372963,-5.344125
resume_1594,-3.905685,5.194331,6.147600,9.737717,-5.727091,-4.246613,-5.660567,8.902579,9.314055,6.806927,-3.671343,-8.330016,3.829526,0.427939,-3.076252,9.095484,7.893107,2.293897,0.229598,3.310312,8.484091,-6.411596,-4.664177,-7.443948
resume_1595,-9.249533,-5.551355,-8.163838,-6.285338,-7.356239,-5.179608,5.906143,1.664832,-3.867429,-8.781495,-1.531858,-8.919481,6.271520,10.033111,-3.029111,1.885571,-4.158495,5.236959,-10.749395,0.128735,1.827184,-1.413406,-7.006214,-4.474099
resume_1596,-4.421361,4.338071,6.157334,9.413593,-6.268288,-2.340350,-5.284261,9.553429,8.415798,6.611888,-4.774466,-8.120405,4.952593,-0.110437,-4.847240,7.613759,6.426209,2.999725,-0.021181,4.414840,8.417186,-7.806743,-5.837320,-7.912650
resume_1597,-6.843498,0.284247,0.881198,4.241557,-3.604258,-3.711565,5.803844,-4.952775,-7.678903,-3.967572,-7.464978,1.211524,8.726053,6.471325,-0.733787,8.718873,-0.025594,-2.257283,0.310994,6.100360,-5.002395,-2.073322,-7.157378,4.841960
resume_1598,-8.853791,-4.701470,9.617627,-0.132189,6.238605,3.839661,2.674534,4.580537,7.344253,-4.714185,6.493961,-9.615781,-5.407218,-4.292539,2.719161,3.818440,-9.314552,-4.467549,0.209676,-5.870681,2.246081,7.172947,-7.616938,3.174376
resume_1599,-8.412286,-3.678016,-2.845636,-2.779222,-0.444071,5.035768,-4.760776,-0.743574,-2.537055,-8.340067,-6.137992,-9.641944,-7.806108,6.190949,-7.993714,5.389599,7.464321,0.649155,-7.824365,4.323351,-1.717763,0.525795,8.421188,-9.627904
resume_1600,-4.205481,4.625675,6.439010,9.693689,-6.746554,-3.213854,-4.416050,9.353163,9.994601,5.753593,-4.074442,-7.806755,4.984861,-0.349491,-3.584588,7.595564,5.933769,1.881324,0.670401,5.581991,8.952259,-6.184555,-4.962931,-9.252120
resume_1601,-9.130834,-6.509891,-8.367762,-4.846354,-5.853210,-5.117950,4.619897,1.897660,-5.337242,-8.798400,-0.444428,-9.338422,7.376405,9.409221,-0.938112,1.911619,-4.960735,5.373627,-9.222259,0.188420,1.729892,-0.563478,-7.440555,-6.000649
resume_1602,-7.353943,-4.129257,-1.725551,-3.604090,-0.386334,4.702684,-4.485945,-0.615538,-2.060434,-8.026958,-8.138568,-8.853301,-7.563097,8.291621,-9.777606,4.755758,7.349161,0.727840,-8.559138,3.405080,-1.230792,-0.301522,6.993440,-9.600408
resume_1603,-9.211176,-6.662361,-9.037238,-5.378761,-6.397617,-5.961676,6.279207,1.950620,-4.301550,-9.183254,-1.082262,-8.803810,5.978678,9.188400,-3.617283,1.578454,-3.871488,4.856933,-9.668534,0.212963,3.248335,0.825407,-7.501298,-5.196420
resume_1604,-0.871807,-5.184829,4.091493,2.652377,8.059310,-8.798361,7.179686,-0.233119,-1.057655,-0.982180,-6.951524,-8.950722,4.054087,4.087005,-1.783633,1.418795,-1.370251,-1.921656,-5.054376,6.817334,0.869744,2.318879,2.591626,-5.419823
resume_1605,5.665068,-0.980612,3.707582,2.661731,-6.038286,-2.297816,7.763179,7.466586,-4.289946,4.045036,-7.914445,9.423963,-4.047294,-1.110858,2.805459,6.213121,10.012626,3.721532,-0.516155,6.179818,-9.292163,5.648823,-4.876140,1.419500
resume_1606,-4.916001,4.396557,6.688559,8.989425,-6.583755,-3.169311,-5.561927,8.000200,9.011049,5.376302,-4.083358,-7.437367,4.898354,-0.032804,-3.590354,9.330580,7.298217,1.537590,0.392430,4.746392,8.980703,-6.843189,-3.919878,-8.216605
resume_1607,-9.636565,-5.627649,-8.641023,-6.123396,-6.568592,-5.531940,5.911649,1.811100,-5.357044,-9.663279,0.391344,-9.491332,7.152978,8.550703,-2.940225,2.206382,-4.380101,5.393842,-11.144594,-1.911445,2.975382,-0.703868,-7.086088,-5.691348
resume_1608,4.355290,-1.208221,3.589525,1.893320,-8.022049,-1.120358,9.568247,8.316057,-5.557967,3.597802,-7.358522,9.494401,-4.534945,-2.096441,2.386512,6.286841,10.110218,4.655815,0.333964,4.930540,-9.647670,5.659859,-4.978421,0.769128
resume_1609,-8.885603,-5.341047,-9.675784,-5.542339,-5.808050,-6.352006,5.710143,2.979544,-3.345094,-9.692684,-0.932179,-9.083682,6.050531,8.578157,-3.328723,2.037953,-5.297785,5.385756,-10.295321,-0.936791,2.021048,0.249123,-7.357698,-5.928432
resume_1610,-0.113307,-5.183000,4.178454,3.048115,8.492958,-8.747783,6.165164,-0.032248,-0.787061,-0.497626,-7.780744,-9.277083,5.453330,3.663831,-1.590883,-0.964716,-2.838616,-2.123933,-5.359926,6.508459,0.508366,3.137578,2.917891,-7.249313
resume_1611,-9.875262,-6.092982,-7.608086,-5.980890,-6.572122,-5.476394,6.062785,2.652628,-4.217332,-8.820527,-0.189218,-9.418585,5.979927,9.503706,-3.627523,1.309998,-5.362624,4.533237,-9.661703,-0.047772,2.402404,0.194289,-7.750840,-5.103955
resume_1612,3.520470,-1.355527,4.543359,1.747262,-7.511228,-0.052054,9.243783,8.363998,-5.141712,4.341338,-7.225022,10.248709,-5.850082,-0.481507,1.857225,7.247099,9.490328,4.221091,0.005430,5.443646,-9.590523,5.299432,-4.643564,1.746177
resume_1613,-4.933296,6.461702,6.514837,10.205831,-6.433429,-2.908297,-5.205625,7.993929,9.103642,6.639078,-4.504517,-7.708900,4.215342,0.338176,-4.431071,7.316301,7.946220,2.178282,0.046781,3.366805,9.714958,-7.606868,-5.226465,-7.939389
resume_1614,5.238001,-2.046620,3.671806,2.169219,-7.371282,-0.906843,8.311951,7.076598,-5.032242,2.619038,-8.163384,9.391079,-3.826916,-1.293949,2.707854,6.983305,8.548705,3.833740,0.345725,5.145423,-7.571630,5.842338,-5.389211,2.727070
resume_1615,4.198054,-1.679126,4.136908,1.347021,-6.102229,-2.365583,7.533395,9.120720,-5.761523,3.248385,-7.947574,10.963206,-4.162507,-2.242565,3.095117,6.802445,10.226495,3.120095,0.714583,6.086165,-9.699112,5.578939,-4.697327,2.563520
resume_1616,-8.738124,-6.633492,-7.637161,-5.090998,-6.505494,-4.766917,4.992811,1.975810,-4.027005,-9.536855,-0.729548,-9.599403,5.576235,8.783347,-2.463280,1.767596,-4.165271,5.663608,-10.661821,-0.160421,3.133995,0.088261,-6.485887,-6.210174
resume_1617,-7.085855,2.170684,1.657676,3.284073,-2.341123,-3.957575,5.918337,-5.914408,-7.926781,-5.254275,-6.727745,0.544553,7.431825,5.088302,0.071265,8.021508,0.608684,-3.871064,1.209961,7.376715,-5.134003,-2.267780,-5.838283,4.596661
resume_1618,-3.420127,5.516265,5.066091,0.212489,4.776123,1.187700,-9.239551,6.059464,3.131266,-3.064611,-4.495899,-6.760628,-8.941248,7.938482,-3.244118,6.041401,-0.277491,-7.111535,-4.664110,10.135266,-2.774356,-7.976231,-2.527549,-9.059177
resume_1619,4.178252,-2.061174,4.763035,1.046354,-7.889509,-2.357547,8.138431,8.942093,-4.759458,3.494817,-7.656660,9.150681,-4.920980,-2.388030,2.359081,6.747360,10.023650,4.978308,0.298070,6.083231,-8.760137,5.647926,-5.921826,3.583558
resume_1620,-4.158591,5.306193,6.406636,0.879221,6.092143,1.667550,-8.559573,5.998858,1.801076,-4.009379,-6.511994,-6.906607,-10.334857,8.383207,-2.477258,6.154429,-2.586389,-6.866859,-4.012481,8.861814,-2.805403,-8.186539,-2.325301,-9.519567
resume_1621,-10.277440,-5.223451,10.427178,-1.002836,7.305692,4.546167,2.266981,4.500787,6.429369,-4.902925,6.581577,-10.799308,-4.908539,-4.894624,2.219009,2.754366,-8.857659,-5.023862,1.158024,-5.586790,2.986901,7.742035,-8.219861,2.290808
resume_1622,-9.767411,-4.535943,9.859130,0.060820,6.734912,3.872477,2.998379,4.396461,6.743643,-3.991836,6.211644,-10.719651,-5.996090,-4.844239,2.749618,3.088060,-8.762116,-4.355738,-0.188522,-5.524319,2.785653,7.180037,-8.300525,2.857116
resume_1623,-7.447337,2.042375,0.075234,3.866839,-4.387375,-3.633241,6.142907,-5.599759,-6.631732,-5.080132,-8.384558,0.903638,8.204738,5.800360,0.347682,10.026618,0.887918,-2.893299,1.301332,7.348145,-4.923643,-1.709718,-5.950315,4.742034
resume_1624,-1.337121,-4.056902,5.414854,3.821588,7.917397,-7.674413,5.075464,-0.611693,-1.731371,-0.817632,-7.096600,-8.584046,4.373939,3.756361,-2.045907,1.466782,-2.058052,-2.185634,-6.064807,7.863585,0.856871,3.495223,1.432976,-6.278798
resume_1625,5.041810,-0.997068,3.576721,2.997657,-7.558771,-1.368986,8.112770,9.001333,-4.926591,2.757996,-8.846203,10.020962,-4.843798,-1.898574,3.170856,7.144237,8.636103,4.793794,1.825351,5.705226,-9.268263,4.354151,-5.027830,2.939802
resume_1626,-6.963677,-4.732562,-2.880025,-4.246671,-0.963784,3.436030,-3.865929,-1.227564,-3.640303,-8.577984,-6.814565,-8.896902,-7.930403,7.818466,-9.965946,5.851465,7.968188,0.110611,-9.811644,5.343027,-1.348486,0.519942,6.603605,-8.843609
resume_1627,-3.781157,4.804083,6.777599,8.880882,-6.663263,-4.517946,-5.085172,8.507646,9.073782,7.578701,-4.178355,-6.397244,4.868097,-0.486205,-3.849052,8.703126,6.419200,2.392002,1.312063,3.200654,8.975900,-7.201384,-5.030517,-8.314205
resume_1628,-8.960805,-6.437097,-9.756745,-5.751239,-6.018464,-4.708151,6.448154,1.230944,-3.517351,-8.893454,-0.933299,-8.050514,6.519601,9.309517,-2.476388,1.013081,-4.429237,4.731370,-10.282861,0.709273,1.698449,0.731604,-7.414279,-5.412486
resume_1629,-2.967928,5.052058,7.610164,8.919085,-6.943708,-2.864749,-5.242078,8.946234,8.563820,5.733073,-3.743321,-8.106148,4.782565,0.332640,-5.538949,8.865261,6.751898,1.597910,0.386355,4.765576,8.237096,-6.951444,-5.329142,-8.231381
resume_1630,-9.920833,-4.710745,-9.201561,-4.238021,-5.292861,-6.347577,5.420431,2.672707,-3.871805,-9.157054,-0.801910,-9.149368,6.962125,9.054538,-3.616634,1.169368,-3.702717,4.858405,-8.656050,0.678690,2.789700,-0.345099,-7.417989,-5.567027
resume_1631,-10.108815,-4.101721,10.228512,-0.256689,6.174020,3.695003,3.272271,4.585608,6.978188,-5.651404,6.050189,-9.504778,-4.466060,-4.686168,2.188104,3.424349,-9.147524,-4.768034,0.195079,-6.018877,2.256392,5.300358,-8.071931,3.483036
resume_1632,-6.403383,-3.621336,-2.661763,-3.272428,-0.821976,4.380708,-4.578812,-0.971974,-2.075407,-8.676861,-7.143490,-10.518585,-6.911916,6.994821,-9.391243,3.682027,7.918168,-0.111874,-9.990313,4.690255,-2.085860,0.615228,7.127404,-9.731578
resume_1633,-2.876534,5.474342,5.304001,9.788366,-7.283192,-3.252072,-5.348079,9.714590,8.602983,5.747392,-4.289830,-7.503193,5.939320,0.450018,-4.343881,9.381853,5.518081,1.762712,-0.287123,5.340295,7.601154,-7.327433,-3.471849,-7.451159
resume_1634,-7.338145,1.694473,0.229130,4.223971,-2.208340,-3.993190,5.709191,-3.903405,-8.523652,-4.092694,-8.411148,2.356750,8.637034,6.350832,0.541167,9.745938,0.425286,-3.392651,-0.370643,6.488654,-5.534242,-2.692071,-4.149058,4.421936
resume_1635,4.733493,-2.616686,2.990704,1.666944,-7.341049,-1.280823,8.138830,8.534315,-5.147995,4.422614,-7.885779,9.166635,-5.009379,-1.620826,1.452592,6.680987,9.646900,4.199851,0.445001,3.941273,-8.552420,4.764879,-5.757280,2.714283
resume_1636,-0.085566,-5.756022,4.756820,3.841857,8.098467,-8.812880,7.645671,0.044744,-0.433156,-0.176415,-7.104749,-8.524873,4.654702,3.395692,-1.625437,-0.851935,-1.885971,-1.762225,-6.658758,7.001234,0.474695,2.019039,2.800177,-5.866057
resume_1637,-7.917249,1.193856,-0.041778,4.960348,-3.173968,-4.443657,5.393225,-4.889358,-7.752876,-4.774060,-8.153705,0.685207,7.264253,6.430373,0.281457,9.630717,0.500225,-3.597449,-0.380053,7.309674,-5.936622,-3.275686,-5.549677,4.622688
resume_1638,-8.021734,-3.556555,-2.948628,-3.720075,-1.010590,3.762184,-4.936713,-0.195697,-2.549739,-6.838277,-7.794729,-9.285738,-8.339282,6.404284,-10.550855,4.742515,7.071550,1.433574,-8.310590,5.380985,-2.310485,0.100037,6.778554,-9.342824
resume_1639,3.976415,-1.129699,3.803332,1.488809,-7.435011,-1.661566,8.180399,7.996728,-5.788108,3.546019,-8.757602,9.606810,-5.299056,-2.581283,3.511938,6.843758,10.404449,3.384087,0.354893,5.061562,-8.272333,4.720650,-5.270429,1.904062
resume_1640,-7.403094,1.178656,0.068054,2.841994,-2.723274,-2.805946,5.070761,-4.837754,-7.222465,-4.046335,-7.848421,1.905323,7.825929,6.470398,-1.036883,9.869446,0.729803,-3.656382,-0.618182,7.286838,-4.749652,-1.367695,-5.933893,4.771606
resume_1641,-3.093962,4.188031,6.911689,10.535113,-6.725604,-2.737005,-5.855224,9.119910,8.976011,5.616159,-4.902219,-8.592103,4.821704,0.542818,-4.159096,7.706821,6.283974,1.168183,-0.265316,2.974234,8.178825,-7.301296,-4.305909,-8.486169
resume_1642,-3.208512,4.952600,5.667855,1.129002,4.536390,1.073849,-9.047321,4.703721,2.482900,-2.828056,-5.778066,-7.090266,-8.905993,9.590408,-1.379147,7.109095,-1.084359,-6.886916,-5.294363,8.939995,-2.862591,-7.065378,-3.292293,-9.494199
resume_1643,-3.495700,4.012090,5.790996,0.384470,4.538153,1.760819,-9.514268,5.086381,2.328772,-4.373947,-6.784869,-7.088400,-10.311866,8.448965,-2.941911,6.776303,-2.620835,-7.735442,-3.798160,8.748145,-2.446790,-8.599317,-2.736115,-9.812115
resume_1644,-9.608909,-4.375698,9.618403,0.116559,6.258412,4.071041,3.016592,4.322294,7.067982,-4.909430,5.797936,-10.675791,-5.116311,-5.224930,1.485886,3.607411,-9.103036,-4.638464,-0.496251,-7.285093,2.643803,7.486232,-8.101989,4.059831
resume_1645,5.270399,-1.469794,4.710680,2.254132,-7.831516,-0.763809,9.084415,8.423665,-5.009430,3.397454,-9.052659,9.469532,-4.163797,-0.999503,1.139362,5.951100,9.775277,4.249920,1.562423,4.699684,-8.895912,5.471614,-3.952420,2.302624
resume_1646,-8.748384,-5.821022,-8.987246,-5.178559,-6.459905,-4.690760,5.355193,3.054229,-4.440552,-7.179125,-1.416027,-8.183789,6.223953,9.463902,-2.701987,1.649897,-4.915812,5.153229,-10.009255,-0.794792,1.012539,-0.677980,-7.256421,-5.157233
resume_1647,-7.836683,-3.115475,-2.509043,-4.803424,0.294203,4.162023,-3.946556,0.413624,-2.760674,-7.936438,-7.752614,-9.037889,-7.334827,7.497935,-10.218892,3.968565,7.546533,0.028482,-8.739767,5.270056,-1.291941,0.828364,6.788708,-8.202965
resume_1648,-2.329549,4.421333,5.870938,1.092265,3.660903,1.447829,-9.044014,5.698996,2.808243,-3.665343,-5.612017,-7.430223,-10.708851,8.621838,-1.794033,6.481583,-2.303821,-7.414060,-5.521211,9.483946,-1.846133,-8.784882,-2.631430,-8.201728
resume_1649,-2.120474,-3.750853,4.851704,2.630165,9.797113,-9.445533,6.313278,-0.120574,-1.278168,-1.217692,-7.164065,-8.369444,4.790285,3.252148,-1.984423,0.331587,-2.063189,-0.548726,-5.128325,6.369794,-0.429639,1.324133,3.730524,-6.124323
resume_1650,-4.856905,4.924825,6.235716,10.334559,-5.850242,-3.642776,-4.253387,9.690193,8.412917,6.099761,-4.621153,-7.924376,4.449739,0.756243,-3.760771,7.759830,6.676546,1.265072,0.722991,4.367466,8.868254,-8.245657,-4.191234,-8.347250
resume_1651,-6.463042,-3.591534,-2.112423,-3.214574,-0.042030,3.337562,-3.711606,-0.896332,-2.432395,-8.250223,-6.787726,-10.184506,-7.343461,6.962408,-9.750163,3.693011,7.599594,-0.874541,-9.309995,5.216302,-3.161198,-0.826401,7.458708,-8.934442
resume_1652,-0.449536,-3.961745,5.161597,1.868693,8.980060,-9.192333,5.693466,0.242207,-2.117520,-0.958503,-6.960313,-8.597330,4.293682,3.355031,-1.515957,1.415968,-1.679488,-0.998430,-5.364707,6.407564,0.180752,3.068569,2.157458,-5.238268
resume_1653,4.039855,-1.507342,4.109837,1.405508,-7.486124,-1.921687,8.249327,7.788573,-5.535602,2.823595,-9.165325,9.972539,-4.410653,-1.381156,2.347018,5.672528,10.616566,4.481165,-0.375681,5.502041,-10.379438,4.846219,-4.746263,2.381514
resume_1654,-2.109565,5.654340,6.754812,1.606949,4.138339,2.181992,-10.259152,5.667807,2.829799,-3.519653,-4.807112,-7.049383,-9.575859,8.288204,-1.802253,7.502135,-1.693776,-6.376709,-4.247431,9.639647,-3.223994,-9.004801,-2.156700,-8.991239
resume_1655,-3.157520,5.646314,6.608637,0.483720,5.127401,1.855592,-8.199790,5.122365,2.205420,-3.160008,-6.052754,-7.042436,-10.844460,9.305282,-2.880570,7.466353,-1.893477,-7.022250,-3.612991,7.948374,-2.609597,-7.514861,-2.712832,-9.530314
resume_1656,-7.812099,1.007398,1.344940,3.762380,-2.434390,-3.373228,3.942334,-4.158680,-8.156264,-4.239271,-7.865206,1.236172,8.027998,7.026943,-0.167115,9.160964,0.201332,-3.415535,0.070960,7.872133,-6.152664,-2.056371,-5.315346,4.531924
resume_1657,-9.527885,-4.521944,9.956377,-0.934699,5.059172,3.666003,1.815246,4.446050,8.046916,-4.408122,5.638342,-8.727891,-5.389164,-3.906621,2.111529,2.396891,-10.262097,-5.226511,0.094845,-6.931276,2.460144,6.130374,-8.933780,2.677345
resume_1658,-9.662839,-4.811182,9.094589,1.233610,6.728584,3.094004,2.275012,3.857866,7.669285,-4.845580,5.785709,-9.721795,-4.205880,-5.336571,1.867246,4.183028,-9.899915,-4.431033,-0.464053,-6.752034,2.088700,8.014316,-7.152654,4.144336
resume_1659,-7.267689,-4.533931,-2.084722,-4.033130,0.545972,4.450980,-3.794956,-0.284141,-2.458334,-8.082605,-7.475205,-9.838816,-7.794141,8.018400,-9.272369,4.606689,7.941299,-1.005877,-8.263401,4.592101,-2.289503,-0.619228,7.327041,-9.296298
resume_1660,5.407257,-1.009996,4.448547,2.174251,-7.353500,-0.543319,7.531206,8.388891,-5.923307,3.244201,-8.478346,10.074380,-4.728245,-1.939635,2.830938,6.368247,9.454432,3.832314,1.096627,4.367810,-8.980241,3.989163,-3.560030,1.818334
resume_1661,-10.359919,-4.139148,9.655353,1.193849,5.837650,2.918502,2.680935,4.269015,8.455724,-4.219033,4.325163,-10.427245,-4.048307,-5.357063,1.722925,3.587264,-8.093468,-5.169145,0.693446,-5.914784,2.292251,7.342417,-8.143510,3.746670
resume_1662,-3.596127,5.584833,7.048690,0.531515,5.194112,-0.029402,-9.595467,5.032773,2.775673,-4.204590,-5.944676,-7.168090,-8.946798,8.744622,-2.626765,7.139057,-2.220954,-7.260171,-5.311252,9.617189,-3.065267,-8.120710,-2.778629,-9.645813
resume_1663,-2.436155,4.612031,7.113417,1.134723,4.547109,1.840989,-10.095969,4.725826,1.902832,-4.415788,-6.842774,-7.406210,-9.333722,9.584546,-3.449772,6.853862,-1.485894,-7.586090,-5.019259,9.240533,-3.428672,-7.475824,-2.961004,-9.452439
resume_1664,-7.377349,-3.033407,-1.431723,-4.016780,-0.632593,3.773936,-4.719880,-0.996731,-3.564129,-6.770992,-7.493255,-9.639913,-8.016329,6.779952,-9.928839,4.507811,7.143694,-0.151376,-8.641269,4.869527,-1.698973,-0.318287,7.331999,-8.941480
resume_1665,-3.032359,5.985407,5.118131,1.184358,5.279323,0.728404,-9.196017,5.614179,2.500307,-3.736783,-5.336426,-6.943489,-10.221721,9.305315,-2.478582,7.151902,-2.883883,-7.720519,-4.457290,9.641140,-1.856678,-8.291878,-3.142226,-9.381514
resume_1666,-8.987075,-5.919253,-9.144464,-5.384431,-5.372271,-5.820959,5.343488,2.430272,-3.253190,-8.391216,-0.428730,-9.958700,5.405401,8.986151,-3.728701,1.344609,-3.672006,4.830491,-9.622241,0.721364,1.229959,-1.346505,-6.501563,-5.753150
resume_1667,-9.452399,-5.616989,10.647688,0.882031,5.888325,4.133272,3.693898,4.445020,7.651346,-4.568096,6.588322,-9.803048,-5.629884,-4.497331,2.207311,2.756097,-8.282932,-4.912506,-0.442348,-4.298458,2.550050,7.128496,-7.222029,3.698914
resume_1668,-8.698708,-6.228810,-9.133030,-4.965708,-5.104755,-5.485221,5.986766,1.077745,-3.061279,-8.657679,-0.838603,-9.779103,6.337006,8.060062,-2.198142,0.935896,-3.901853,6.368178,-9.921489,0.353974,1.790130,0.858370,-7.490010,-4.945980
resume_1669,-8.700829,-3.501397,10.466846,0.449839,6.325700,2.239433,2.327356,5.495843,8.081365,-4.645312,5.912482,-9.526938,-4.645432,-6.118013,2.314438,3.805041,-9.774166,-5.293426,0.336585,-6.373916,2.234236,7.680627,-9.155229,3.400878
resume_1670,3.924165,-0.873342,3.937983,0.878467,-6.855420,-1.696686,8.659178,8.700202,-5.097328,3.643395,-8.268401,10.284073,-5.878272,-1.803845,2.048056,7.029861,10.421466,3.761717,0.330141,5.839886,-9.251904,5.751403,-6.122237,3.167151
resume_1671,-9.516066,-5.379055,9.802421,-0.246151,6.847591,3.952058,1.975349,4.346410,7.925003,-5.058736,6.374159,-9.699489,-5.036492,-4.820923,1.970634,2.898468,-9.710076,-4.353239,-0.730545,-5.200841,3.691407,7.324060,-9.280793,3.793393
resume_1672,-2.566837,5.848025,6.542341,1.033843,4.705228,0.737093,-9.210044,6.501811,1.858903,-2.885055,-6.585939,-7.213515,-10.425280,8.884989,-3.779653,5.549514,-2.420303,-6.054011,-4.413868,9.540320,-3.471319,-7.969086,-1.900813,-9.017443
resume_1673,-4.603473,4.941969,6.605799,9.146530,-6.230982,-3.428036,-5.426904,9.994836,8.160296,6.489247,-3.808265,-8.372711,3.728695,0.872579,-3.328911,8.246840,6.973810,3.240651,0.093021,4.009798,8.586622,-8.281951,-4.718564,-8.365830
resume_1674,-4.082576,4.669903,7.124364,10.017161,-6.510506,-3.508225,-4.701375,8.938639,8.208856,6.423763,-3.494144,-7.550636,4.630899,0.352961,-4.544286,8.499038,5.180958,2.287281,-0.456423,4.870612,8.820884,-7.430200,-4.117234,-8.445151
resume_1675,-2.050440,5.170736,5.287713,1.706473,3.867017,0.968895,-9.444885,4.675483,1.858192,-3.760891,-5.696306,-6.338967,-9.876781,9.298445,-3.031071,6.226141,-1.431312,-7.164766,-4.141129,9.447973,-4.345731,-8.323891,-2.163888,-8.771510
resume_1676,-7.095786,2.032991,-0.071496,3.289643,-1.679299,-4.213170,5.832069,-4.338217,-7.327642,-3.524061,-7.405788,1.192031,8.276195,5.704298,-0.373838,9.738538,1.156814,-3.434672,0.067451,7.797278,-4.974730,-3.027434,-6.182147,4.417894
resume_1677,-8.493256,-4.688550,9.786513,1.008254,6.204241,3.081901,3.254156,3.827639,7.442393,-4.414635,4.855670,-8.967059,-3.718141,-4.320919,0.953591,3.453262,-8.700995,-6.147516,0.133267,-5.117633,1.754552,6.980628,-7.975519,4.690603
resume_1678,4.038062,-1.142602,4.898812,1.280572,-7.772694,-0.771026,6.955093,8.335679,-5.661637,2.965662,-8.695471,10.363144,-4.805849,-1.799647,1.429133,7.133266,10.693965,4.810572,0.772737,5.409875,-8.511501,5.164824,-5.112724,1.995572
resume_1679,-0.429996,-5.005484,4.170724,3.384035,9.031674,-9.550975,6.343466,-0.644104,-0.559631,0.878203,-7.801904,-7.641875,5.312765,3.928568,-1.612757,0.108282,-0.739683,-1.899370,-5.796458,7.010742,0.270343,2.205358,3.619975,-6.128446
resume_1680,-6.319476,0.372730,0.636493,3.924147,-2.792137,-3.632360,5.355814,-3.486197,-7.528461,-4.535413,-8.019410,1.937049,9.535188,6.734585,0.546484,9.146979,0.670352,-3.780442,1.062829,7.855464,-6.239720,-3.118540,-5.855227,4.674668
resume_1681,-7.791150,1.713197,0.697873,3.550158,-3.459249,-3.999675,4.894667,-4.496540,-7.201127,-3.408899,-8.355763,1.002282,8.040662,4.602291,0.005531,10.170389,-0.059331,-3.806975,0.000066,8.014824,-6.105689,-2.261170,-6.745529,4.597475
resume_1682,-0.110510,-4.441309,5.011216,3.442163,8.867617,-9.412628,7.052829,0.497718,-1.353761,0.666956,-7.631314,-8.654147,4.796512,4.136120,-2.367329,0.802264,-2.174440,-2.989389,-5.249325,6.191671,1.385910,2.205585,1.864929,-5.899455
resume_1683,-9.653206,-4.245670,9.934232,-0.677207,5.651702,3.831365,2.840652,4.161008,8.342156,-4.888136,6.829311,-9.778038,-5.729906,-5.467801,2.672664,3.410072,-8.532767,-4.623988,0.109418,-5.932001,2.003731,6.623744,-7.757956,1.654603
resume_1684,-7.472552,2.873975,0.239334,3.846254,-3.400826,-4.075479,6.483950,-4.179897,-7.265813,-3.418737,-8.409242,0.200649,8.114752,7.487232,-1.751242,8.645556,0.835720,-3.187030,-0.889486,8.268366,-5.816182,-2.234116,-6.745337,4.235776
resume_1685,-2.194929,4.912900,5.367171,1.907393,3.902904,1.181775,-8.411059,4.939525,2.896178,-3.094921,-5.405774,-6.525221,-9.665969,7.307013,-3.072799,7.281768,-1.885162,-7.647865,-3.594301,9.483725,-2.579337,-7.705070,-2.397061,-9.477278
resume_1686,-8.131145,0.636137,0.681172,4.084549,-2.961896,-4.716925,5.094321,-4.355156,-7.290039,-3.584414,-8.382467,-0.281749,9.314539,5.693806,-0.242896,9.141075,0.273926,-2.640544,-1.192756,7.879701,-4.871676,-2.162529,-6.248539,5.428229
resume_1687,-0.592313,-5.560832,4.836471,2.818011,7.762518,-8.802882,6.183929,-0.220465,-1.255208,-0.226418,-6.749550,-8.296131,5.115025,3.783816,-1.897885,-0.679104,-2.744394,-1.987621,-4.918491,7.566672,0.410080,2.928828,1.705528,-7.606502
resume_1688,-2.363007,5.404971,6.470123,0.479093,4.207376,0.009806,-9.877523,4.369409,2.456773,-2.484976,-5.368227,-6.483435,-10.204984,9.560503,-2.641421,6.360580,-2.437586,-7.341134,-4.370035,8.132573,-3.586819,-8.858142,-1.711349,-9.084112
resume_1689,-3.826172,4.567969,7.238657,9.886210,-6.840127,-4.518932,-5.872295,8.851977,10.268235,5.796702,-3.955025,-7.839450,4.494095,0.255051,-4.824108,9.292826,6.884801,1.354906,0.324598,3.756682,8.988272,-7.822460,-4.200273,-8.279935
resume_1690,-2.442902,4.777630,6.916494,2.477792,4.730507,1.687823,-9.660396,5.036360,3.313540,-3.624607,-5.030321,-6.462816,-10.899172,9.808190,-2.318110,7.740855,-1.694890,-6.107558,-4.942314,10.250238,-2.891551,-8.438089,-2.619430,-8.218534
resume_1691,-3.275133,4.610143,5.500280,0.856244,4.795069,1.254217,-9.788903,5.597152,2.963473,-2.581188,-5.421382,-6.823513,-10.474323,7.825949,-2.460064,6.283154,-1.140082,-7.178109,-4.455957,9.441554,-3.795959,-7.728941,-2.587038,-8.227354
resume_1692,0.209725,-4.610653,4.299348,1.813192,8.441830,-9.117207,7.388471,0.603537,-0.590080,-0.329787,-8.177370,-7.943059,4.828408,3.478020,-1.437713,0.986528,-3.232102,-1.382520,-4.889575,7.592323,0.090349,2.374454,2.906081,-6.550803
resume_1693,-7.626404,2.403150,-0.469598,3.308270,-2.620646,-4.183143,5.805761,-5.087111,-6.595748,-4.224872,-8.815211,1.522706,8.000994,5.561702,-1.386934,10.435170,1.516872,-2.473266,-0.402461,7.955209,-5.906125,-2.293931,-6.758509,3.746770
resume_1694,-0.089040,-5.534114,4.300497,2.535353,8.390728,-9.474627,7.448876,0.593704,-1.249786,-0.668811,-7.311342,-9.317157,3.755209,3.035327,-1.536370,0.804306,-0.839538,-1.920747,-6.143306,5.828862,0.756532,3.191004,3.932703,-4.738171
resume_1695,-7.702648,-5.852691,-7.585842,-6.063607,-5.985860,-5.632022,5.992629,2.525625,-5.767380,-8.322197,-0.518185,-9.859655,7.217625,9.176038,-3.076979,1.146882,-2.668332,5.901486,-9.820390,-0.241695,1.824693,-0.269123,-6.065695,-5.060867
resume_1696,-8.006739,1.402414,-0.125827,3.416021,-3.727625,-3.638865,6.071797,-4.269259,-7.281309,-3.609601,-7.849729,0.879427,8.861212,5.958088,0.028915,9.657942,1.106257,-2.699397,0.304069,7.188714,-4.978152,-3.235631,-4.821260,3.481031
resume_1697,5.226483,-2.123572,3.185369,2.294504,-6.499999,-1.002003,7.849761,8.279976,-5.516921,3.259322,-8.446118,9.836503,-4.330685,-2.482208,2.678489,6.597174,8.760999,4.352686,0.663292,5.111547,-8.531875,4.867997,-4.909465,1.877680
resume_1698,-4.160104,4.399916,5.975063,9.495590,-6.813572,-3.917033,-5.986881,10.219232,9.246118,6.384679,-3.293586,-8.061957,4.581121,0.124837,-3.695462,6.651882,6.249973,2.359925,-0.352302,4.601247,8.427514,-7.295800,-3.804179,-7.695007
resume_1699,-8.868011,1.103601,1.011274,3.468830,-4.627832,-4.294506,6.447669,-5.009722,-6.835542,-3.875255,-8.010136,1.587718,8.179859,6.453049,-0.491229,10.844172,1.518113,-2.428661,0.639546,7.970002,-5.237720,-3.588612,-7.097137,4.666090
resume_1700,-8.121556,-5.511387,-9.255803,-5.623229,-7.413193,-5.064202,5.596374,2.164232,-5.180388,-9.110572,-0.049096,-9.890178,6.115591,9.028175,-2.772555,1.765470,-4.343316,5.074899,-9.447185,0.010222,1.742248,-0.328783,-7.922000,-5.683298
resume_1701,4.599243,-1.058054,3.407197,1.901837,-7.720460,-2.642851,7.980868,9.357075,-6.029478,3.658954,-8.254719,9.677565,-5.017990,-1.797609,1.659018,6.358111,11.029275,4.726612,-0.058280,5.619812,-8.582763,5.393414,-5.216239,2.141738
resume_1702,-9.152193,1.197537,-0.032871,3.707459,-2.824225,-3.570212,6.126663,-3.165265,-7.024915,-2.472607,-7.922131,1.681006,8.426149,5.776351,0.088839,9.670764,0.238963,-2.791677,0.694664,8.289674,-4.626959,-2.880155,-6.231797,5.159398
resume_1703,-10.547209,-3.415145,10.016585,0.636406,4.817397,3.669323,1.422300,4.396970,8.080229,-3.841659,6.314426,-9.832818,-5.104438,-4.792314,2.111008,4.815005,-9.902002,-5.099941,0.390882,-6.837009,2.818754,7.456653,-8.468826,3.279372
resume_1704,-6.473736,-3.261688,-2.169036,-3.826670,-1.385043,4.921611,-3.404344,-0.827684,-3.660981,-6.616993,-8.290227,-9.135903,-7.467597,8.339705,-10.202331,4.080636,8.109624,0.487219,-8.728275,4.337061,-1.705518,0.119459,8.071871,-9.941837
resume_1705,-7.299019,-4.648552,-1.932029,-3.529053,-0.290845,4.027672,-3.510047,-0.188660,-3.083312,-8.230408,-7.944098,-8.992543,-7.505602,8.176453,-9.765678,4.794713,7.531683,0.041218,-8.998153,5.259266,-1.690269,0.659081,8.929314,-10.044442
resume_1706,-0.945972,-5.620661,5.250440,2.989089,8.443405,-10.364119,6.705397,0.922584,-1.723872,-1.019916,-6.928435,-7.915082,4.664330,2.892266,-2.567254,-0.403489,-2.169569,-2.669653,-4.800591,6.496113,0.326444,1.647930,3.263801,-6.319724
resume_1707,-10.359170,-3.015583,9.395375,0.181539,6.759243,4.436495,2.315235,4.373890,7.320416,-5.350142,7.419980,-9.765368,-5.808403,-4.154084,2.440161,3.662085,-10.052761,-5.673312,0.045210,-6.174575,2.248829,6.895072,-9.187456,1.987789
resume_1708,-7.770943,-2.860496,-1.693125,-3.762977,-1.342281,4.415276,-3.668779,-1.753472,-2.207686,-7.207720,-8.651421,-9.943045,-7.736216,6.797515,-9.381828,4.248666,7.274953,0.631323,-8.950789,4.977940,-2.116931,-0.610248,7.152805,-10.345321
resume_1709,-1.592929,-4.990039,4.244264,2.326833,8.377361,-9.298047,6.826897,0.455582,-2.141722,-0.645279,-7.721279,-9.697028,5.495377,3.104005,-2.527520,0.433595,-2.235036,-1.636798,-5.750133,5.883073,-0.689853,3.092888,3.077365,-6.703426
resume_1710,-10.249450,-2.989944,8.569888,-0.608230,7.137935,4.200213,1.337120,4.253467,7.680273,-4.888604,6.108237,-9.717439,-4.767193,-4.633981,1.974350,4.059391,-8.816577,-4.648355,0.354415,-6.045539,2.836685,6.841995,-8.710172,3.792166
resume_1711,-7.672869,-3.198798,-3.203175,-3.558220,-1.414572,3.954982,-4.525543,0.229022,-3.313737,-7.859148,-7.623947,-8.938148,-7.539692,6.411438,-9.721010,4.362518,8.123445,0.167050,-9.870202,5.821833,-0.227768,-0.134994,7.324764,-8.668192
resume_1712,4.406517,-0.826258,4.140699,2.290713,-8.238474,-1.753254,8.144423,8.732246,-5.735775,4.484414,-8.493288,10.159414,-6.033811,-2.222504,2.239249,6.655627,10.206023,3.262010,1.041257,4.411036,-9.908278,4.951922,-5.234942,2.731785
resume_1713,-4.700659,4.616823,6.882003,9.659294,-6.641519,-3.930777,-5.863792,8.937301,9.921591,6.452284,-4.140997,-7.882230,5.033012,-0.306334,-4.162831,7.846970,5.291592,1.813636,0.745029,3.621198,8.377011,-6.701372,-5.265086,-6.369171
resume_1714,4.013481,-1.794534,3.680173,1.514439,-7.826015,-2.583546,8.218412,9.010883,-6.222102,3.457624,-7.281254,10.231495,-4.639174,-1.291619,2.660284,7.354373,9.321744,3.386727,0.345864,5.594470,-8.832815,4.331465,-4.936064,2.651155
resume_1715,-9.881278,-4.045990,9.725406,0.100759,4.732820,4.250088,3.175930,4.099636,7.991756,-3.827194,6.664564,-9.799992,-4.457170,-4.059563,1.991259,2.723784,-9.545738,-4.770807,0.929515,-5.923330,1.964863,7.446347,-7.740988,3.213612
resume_1716,-3.717980,6.491773,5.919268,2.142847,5.601995,1.013865,-8.331123,4.643594,3.044361,-3.084553,-5.062101,-7.461546,-9.399746,8.767923,-2.781443,5.985534,-1.540915,-6.779166,-4.241646,8.112693,-1.778784,-6.462131,-2.659100,-9.979058
resume_1717,-7.071173,1.406502,0.677036,4.709742,-2.547617,-4.856992,5.271449,-5.290200,-7.492329,-4.996176,-8.130912,1.703605,8.377969,6.427334,-0.345142,8.811864,-0.424268,-3.198736,0.316045,8.249185,-6.034913,-2.678860,-6.780354,4.703983
resume_1718,-3.655194,5.734252,6.286404,1.517498,3.748240,1.347329,-8.777823,5.429729,2.743062,-3.136251,-5.416413,-7.814783,-11.111449,9.825438,-3.953710,5.812748,-1.817374,-7.345800,-3.880714,8.574540,-2.834947,-8.041213,-2.839249,-8.607831
resume_1719,-2.258132,5.702777,6.424404,1.567965,5.312253,1.380731,-9.039376,4.975673,3.426280,-3.543111,-6.912683,-7.001889,-9.389929,7.700346,-1.862925,6.053885,-2.512839,-7.161988,-3.747096,9.489256,-3.694604,-8.138346,-1.999554,-8.963763
resume_1720,-9.669567,-4.851911,8.894048,-0.840465,5.477747,3.239561,1.725200,5.099095,8.295174,-4.600763,5.980406,-10.331997,-4.849097,-4.797372,2.402349,3.524252,-9.864550,-3.681043,-0.420115,-4.991959,2.257989,6.866847,-7.608430,4.043343
resume_1721,-8.491871,-6.125594,-8.182231,-5.938358,-6.722887,-5.977768,5.410809,1.731667,-4.700069,-8.463315,-0.688779,-9.236745,6.976239,9.611326,-2.797560,1.247242,-4.213293,5.638347,-9.541423,-0.411928,2.045689,-0.170419,-7.744647,-4.348640
resume_1722,-3.376883,4.561409,7.349470,9.702362,-6.698629,-3.067315,-5.009085,10.250819,9.679922,5.603180,-3.892557,-7.372060,3.876073,-0.651977,-4.286882,9.840279,6.901897,1.391629,-0.129306,4.017778,8.279507,-5.994483,-4.720516,-8.101039
resume_1723,-7.856489,-4.434273,-3.716227,-4.564058,-2.292678,3.955027,-4.223532,-1.158979,-2.575052,-7.226156,-7.926598,-8.983294,-7.996875,6.674745,-8.883518,4.227353,7.350566,0.855392,-9.097098,5.418844,-1.134860,-0.314795,7.399922,-9.868413
resume_1724,-9.423747,-5.391586,8.827929,-0.112042,4.789716,3.925651,1.785022,4.706444,7.166104,-4.692652,6.294947,-9.389972,-4.740278,-5.328650,1.233146,3.422910,-10.305536,-4.856777,-0.061475,-6.772703,2.192174,7.324306,-8.491742,2.703185
resume_1725,-7.059550,2.249042,1.345774,4.070348,-4.302699,-2.443558,7.051620,-4.567063,-6.210701,-3.793685,-8.133776,0.508438,7.732359,6.914002,-1.004241,10.226441,0.270316,-3.059830,-1.182223,7.817913,-6.235390,-2.548330,-6.715738,5.076703
resume_1726,-0.724624,-4.834092,4.998069,1.940066,8.110591,-8.839562,6.873289,-0.450953,0.569768,-1.267606,-7.301985,-7.835252,4.240526,3.059990,-1.111671,0.520690,-2.515132,-1.865303,-5.215173,5.974269,0.185549,2.107409,2.044140,-6.162965
resume_1727,-10.580666,-4.641744,9.838105,0.757043,7.476716,3.579833,1.770368,5.182002,7.490563,-3.643454,5.709921,-10.239384,-5.051210,-5.219960,2.196329,3.820659,-9.224112,-4.554431,-0.769182,-6.419097,2.016395,7.282585,-8.145043,3.408272
resume_1728,-9.729086,-4.592996,10.209491,0.129317,6.544445,4.038044,3.910317,4.561528,7.815894,-4.787435,6.904915,-9.623970,-4.700688,-5.240969,2.403146,3.052730,-9.722760,-5.446422,0.033275,-5.614043,2.359347,8.597050,-8.642234,1.926729
resume_1729,-10.111718,-4.318218,9.246340,-0.665802,6.446414,3.281772,2.814525,5.259648,7.552344,-4.325636,6.445889,-8.500082,-4.438853,-5.435675,3.239356,4.149169,-9.237805,-4.937986,-0.427620,-5.299707,2.351612,8.021640,-7.256032,3.590674
resume_1730,-2.804033,4.981338,4.722575,1.452115,5.636938,0.772980,-9.716039,5.670303,4.234951,-3.059995,-6.212353,-6.293164,-9.272338,9.236895,-3.430793,6.750747,-2.243796,-8.450469,-4.353420,8.343731,-2.836429,-9.106832,-2.637095,-8.864960
resume_1731,-7.115390,1.739197,1.118637,4.095104,-2.973442,-4.745961,5.191516,-3.116392,-6.852344,-3.841733,-8.255547,0.603479,8.261196,6.148875,0.001967,9.589630,1.554293,-2.220491,1.211100,8.756748,-5.881517,-1.872446,-6.169335,4.752686
resume_1732,-3.402591,4.754270,7.043270,1.156310,5.241058,0.787617,-9.626114,4.071404,0.816243,-3.469635,-5.253001,-6.338810,-10.107074,9.811437,-3.204234,6.116309,-2.810764,-6.655572,-4.876746,8.056572,-3.564489,-7.741873,-2.256643,-9.682158
resume_1733,-8.340338,2.200934,0.849240,3.673470,-3.006585,-4.982057,5.834147,-4.397258,-8.074533,-3.073489,-9.322643,0.368102,9.599964,6.892421,-0.174432,8.693270,0.588045,-2.119000,-0.162212,8.047982,-6.079094,-0.767725,-5.698360,6.022410
resume_1734,-8.379385,-6.351953,-7.425086,-4.088519,-6.695057,-5.871997,5.820902,3.120433,-4.304437,-9.797219,-1.493453,-9.370066,6.473451,9.262499,-1.695075,0.282064,-4.827396,5.167643,-10.459237,0.791891,1.416819,-0.455513,-8.052039,-5.562460
resume_1735,-10.652710,-4.437381,9.010308,-0.022855,5.795983,3.592308,2.737984,4.189911,8.551528,-5.039698,6.393710,-9.776475,-4.724492,-5.391189,2.301912,3.035935,-8.822882,-4.032550,0.484246,-5.760290,2.061328,6.737484,-8.176129,3.196252
resume_1736,-7.743568,0.905924,1.676290,4.011095,-3.863862,-4.334879,5.299225,-4.878297,-7.617026,-3.800983,-9.791090,0.729232,8.588569,5.615804,-0.558509,8.634841,0.959679,-2.774869,-0.657068,7.103735,-4.657503,-3.667875,-6.002701,3.878630
resume_1737,-7.267268,-3.494453,-1.479542,-4.198522,-2.472088,3.318538,-5.000255,-1.553159,-2.891131,-6.146958,-8.521489,-8.936476,-7.650342,6.064955,-9.236481,5.549080,7.225623,0.923203,-8.351606,5.444516,-2.668274,0.411164,8.201631,-10.065990
resume_1738,-9.857047,-4.877944,10.242317,0.522870,5.228060,3.458895,2.514679,4.662113,6.778356,-4.983278,6.230293,-9.311517,-4.496691,-5.166490,2.183657,3.610419,-9.259775,-4.291102,-0.024965,-6.289088,2.006470,6.171082,-8.484076,3.518151
resume_1739,0.747570,-4.388112,3.941945,2.678285,8.090940,-8.674313,5.885660,0.442294,-0.522944,0.157112,-8.220897,-8.536215,4.302939,2.899391,-2.221410,0.336400,-2.380978,-1.229164,-5.272769,7.003075,1.028721,2.629429,3.292167,-6.939257
resume_1740,-7.367194,-3.523572,-1.996398,-4.278619,-2.448734,3.958831,-4.219417,-0.103223,-2.604758,-7.673904,-7.437914,-8.899148,-8.393264,8.871817,-9.444252,4.978199,6.996298,0.879143,-8.963296,4.262246,-2.691987,-0.186860,8.002837,-9.585415
resume_1741,-6.745924,-4.140170,-2.635140,-3.401429,-0.798642,3.758334,-3.536978,-1.136184,-2.162650,-9.245233,-8.076920,-9.707129,-8.057197,7.721193,-10.204015,3.159422,7.255874,0.547620,-8.456341,4.785483,-0.212532,-0.840503,7.715954,-9.241133
resume_1742,4.255333,-1.533422,3.687946,1.679735,-7.235120,-1.533903,7.677594,8.879668,-5.133987,3.159071,-7.528355,9.574783,-6.086557,-2.862152,2.759035,7.458891,9.840542,3.292493,1.582983,5.834646,-8.942563,4.452608,-4.951290,2.836641
resume_1743,4.611642,-2.147280,3.205630,1.277815,-6.786327,-1.489608,8.247947,8.988142,-5.343791,2.727433,-7.279117,9.181960,-4.763827,-1.279938,2.758857,6.962044,10.713930,2.866005,1.571112,4.805757,-9.750171,5.501525,-5.590824,1.752276
resume_1744,-8.312827,-3.110589,-2.523164,-2.824420,-1.292714,3.303998,-4.695492,-0.144465,-2.702705,-7.966703,-7.758433,-8.108528,-7.689726,6.032454,-8.673151,4.909233,8.066513,0.451487,-8.105847,4.735066,-1.456719,0.520290,7.747457,-8.715826
resume_1745,-0.456927,-5.557756,4.920339,2.696616,9.019859,-10.078671,6.010371,0.412685,-1.386838,-1.244926,-7.482751,-9.340721,4.425432,3.587889,-2.350043,2.031111,-2.385394,-2.409159,-5.082651,6.031482,0.394301,2.917234,2.797013,-6.780999
resume_1746,4.506758,-1.591726,4.331879,2.028931,-6.760476,-1.644437,7.878650,7.487197,-4.957048,2.538564,-7.758175,10.164885,-5.338638,-1.710467,2.597044,7.731780,10.064380,3.727667,2.060345,4.946952,-8.439842,5.756042,-5.144623,2.227321
resume_1747,-3.697059,5.673775,5.824779,1.234324,3.753404,1.646816,-9.944767,5.333448,2.251449,-3.214097,-5.356890,-7.647821,-8.756160,8.883175,-3.128803,7.302538,-2.186666,-7.892547,-4.536933,9.454812,-2.220502,-8.997734,-2.654890,-8.738368
resume_1748,-8.837529,-6.007489,-9.015564,-5.650281,-5.584737,-5.345241,5.395745,2.639161,-4.204675,-8.741805,-1.698802,-9.387729,5.573723,8.470305,-2.977131,1.185982,-4.076570,5.680359,-9.875567,-1.748546,2.957232,-0.942656,-7.186218,-5.178935
resume_1749,-9.183783,-5.217751,9.673217,0.625623,5.767813,3.979039,2.330892,5.236443,8.361633,-4.716170,6.229468,-8.790245,-4.404145,-5.439001,2.266965,3.674361,-9.051596,-4.020765,-0.255215,-6.136335,3.484770,6.942491,-7.447793,1.975201
resume_1750,-8.230047,-6.639307,-7.621727,-4.578629,-5.822910,-5.371569,4.998107,2.095610,-4.461256,-8.162755,-0.280553,-9.475120,6.286509,9.447821,-2.810931,1.712622,-4.760715,4.874781,-9.984698,0.848985,1.400136,0.379046,-7.921980,-5.551439
resume_1751,-8.500427,-6.607737,-8.750293,-5.581129,-6.285034,-5.835559,6.168099,2.174411,-4.748337,-8.856027,-0.265820,-10.024416,6.046411,8.543437,-2.687578,0.389848,-3.589603,4.891773,-10.699935,-0.902002,2.046759,-0.605005,-7.232017,-5.468323
resume_1752,-8.277512,-5.973463,-8.963280,-6.482463,-5.268920,-6.165892,6.666145,2.909979,-4.335352,-9.157924,-1.043367,-9.029783,5.767678,9.789301,-3.168285,2.062226,-3.253511,5.535738,-9.153460,0.507202,2.555662,-0.090665,-8.834352,-5.401516
resume_1753,-0.064596,-4.425505,3.796294,2.399160,8.190541,-9.203211,6.236209,-0.075220,-1.523943,0.009876,-7.381865,-9.759244,5.287785,3.137504,-2.270859,1.021011,-2.475136,-1.824311,-6.453558,5.856715,0.342405,2.809135,2.084525,-6.033256
resume_1754,-7.450942,1.579668,0.971570,4.125063,-3.136814,-4.580479,5.360666,-5.030905,-7.832120,-4.669161,-7.547477,0.411592,8.079834,7.400992,-1.338603,9.474220,1.238399,-2.751682,0.025966,7.824877,-5.230814,-2.454510,-5.880754,4.518152
resume_1755,-8.199078,-3.965035,-1.840741,-3.894860,-0.367064,2.975556,-3.650555,-0.432848,-2.129795,-7.444406,-7.756016,-9.770262,-8.189538,7.181068,-9.198560,5.387117,7.093733,0.166091,-8.109125,4.943527,-1.377563,-1.009983,8.338012,-8.704262
resume_1756,-7.266095,-3.528454,-2.292551,-3.884871,-0.875641,4.103271,-4.933195,0.221185,-3.250585,-7.083352,-8.164566,-10.022338,-7.578388,6.823783,-9.410919,3.910770,6.894870,-0.140884,-7.650605,5.563221,-1.778869,-0.589331,7.073171,-9.342467
resume_1757,-9.778557,-3.493022,9.241313,0.224742,5.600770,3.985149,3.324345,4.907832,7.202865,-4.710125,6.247212,-10.072131,-4.732446,-4.068335,2.341650,3.619242,-9.408796,-4.959800,0.301368,-4.512616,1.776631,8.499312,-6.626825,2.930272
resume_1758,4.780065,-1.500484,3.271516,2.423458,-6.595276,-2.674406,7.554125,8.397997,-5.506779,3.769695,-8.956160,10.717876,-5.362749,-2.512910,2.482820,6.964818,9.752338,3.570374,0.013259,4.463805,-9.030342,5.520963,-4.994074,2.816995
resume_1759,1.131690,-5.147230,4.238668,2.273180,8.312462,-9.482075,8.492250,-0.059322,-2.004431,-0.907076,-7.055551,-9.384678,5.174896,4.382915,-1.759524,-0.063530,-1.168409,-2.713796,-4.823409,6.190308,0.157424,2.926159,3.213203,-5.764818
resume_1760,-0.332639,-4.905705,4.063080,1.915586,8.583279,-9.208208,6.764216,0.249418,-0.945537,-1.212704,-6.652066,-7.883785,4.544689,3.698385,-1.663104,-0.938386,-0.645078,-1.407227,-5.605184,6.381812,-0.054139,1.761509,2.922077,-7.273935
resume_1761,-1.576578,5.482390,5.513702,1.710412,4.091094,0.791033,-9.260662,4.818271,1.933045,-3.669375,-5.029444,-6.941615,-9.116619,8.532843,-3.080268,6.556710,-2.231716,-7.333742,-3.732056,7.992466,-2.652141,-6.724995,-2.707730,-9.007887
resume_1762,-9.485444,-5.476437,-7.798143,-5.372706,-6.697672,-7.607372,5.796236,1.975348,-4.916107,-9.132250,-0.445739,-8.333901,6.866757,10.888764,-1.515560,1.758160,-4.569281,5.389135,-9.549673,-0.380411,2.437946,-0.625237,-6.911340,-6.437585
resume_1763,-8.215773,1.839607,0.790080,5.215108,-3.646999,-4.391539,6.235057,-4.382100,-7.127426,-4.216498,-7.873953,0.337791,8.325605,6.770429,-0.915042,10.202145,0.676906,-1.557648,0.101617,8.299311,-5.799243,-2.844233,-5.471757,4.592902
resume_1764,-9.295826,-6.403852,-8.297250,-5.590334,-5.931449,-5.419676,5.263037,2.451906,-4.933836,-8.471669,-0.864335,-9.080579,6.250783,9.568654,-2.466843,1.017782,-4.396828,4.586953,-10.295176,-1.021381,1.910196,-1.398284,-7.957815,-5.309987
resume_1765,-8.732206,-5.057090,-8.937778,-5.012251,-6.449508,-5.703128,5.300205,2.140327,-4.979238,-9.267819,-1.567706,-9.581887,5.789367,9.219216,-2.503994,1.334768,-4.497598,5.322428,-8.847588,0.613589,1.118453,-0.747485,-8.953010,-5.901927
resume_1766,-2.368998,4.597314,5.427414,1.211329,4.486621,0.243097,-9.563078,5.073439,0.559253,-3.923933,-6.946334,-5.557077,-9.767854,10.425891,-2.017731,8.352537,-2.282540,-7.536223,-5.126314,8.650949,-3.889634,-8.034780,-1.756830,-9.384219
resume_1767,-9.335683,-5.182240,-7.290777,-5.508980,-7.341277,-4.889063,5.265856,2.115073,-3.587067,-7.801695,-0.648736,-10.503014,7.008419,9.212966,-2.683184,2.003916,-4.639208,4.095932,-10.490047,0.023229,2.567260,0.236263,-7.588372,-5.412577
resume_1768,-9.099396,-6.003057,-7.749646,-4.535146,-6.190825,-4.946727,4.637444,3.355857,-4.436647,-9.031679,-1.080819,-9.860838,6.192454,9.276221,-3.682943,1.888619,-4.615027,5.274380,-9.289897,0.348214,2.379359,0.357340,-7.553166,-5.887321
resume_1769,-8.914319,-6.533294,-8.957349,-4.689727,-6.186840,-5.045224,5.286645,3.140218,-3.889422,-9.490768,-0.691373,-9.435251,6.803458,10.584026,-2.621758,2.280548,-5.078789,5.264991,-11.576247,0.329915,3.158119,0.508217,-7.572975,-5.144168
resume_1770,-9.943266,-3.771177,8.845482,-0.073865,6.111273,4.372966,2.878067,5.552328,6.647627,-5.331753,6.537801,-9.888284,-4.683438,-4.062629,1.976415,3.835571,-8.752088,-5.292242,-0.807912,-5.736340,2.172255,7.320604,-8.871468,2.200266
resume_1771,0.650485,-5.974214,4.604770,2.860109,8.559137,-9.606250,6.411271,-1.349887,-0.853521,-0.817596,-6.615006,-9.067383,5.811118,3.835744,-1.845566,0.439979,-2.780593,-2.056190,-5.770260,7.151949,1.962735,1.889509,2.617119,-6.793748
resume_1772,-8.708796,-5.611097,-8.593222,-5.909720,-6.568903,-6.120393,4.295041,2.479642,-3.650463,-8.624848,-1.205178,-9.873003,6.662716,8.684792,-3.087168,0.982331,-3.576106,5.083028,-8.718679,0.365740,2.811532,0.801513,-6.837017,-6.366282
resume_1773,-7.217647,1.014766,1.743001,4.369453,-2.022456,-4.400697,5.020554,-5.540912,-8.826330,-3.928530,-6.994125,0.173689,8.843871,6.387987,-1.508082,8.492834,0.260260,-3.165692,-1.018466,8.450885,-5.811050,-1.998184,-5.888282,3.936570
resume_1774,-2.071080,5.282822,6.225852,0.968087,3.408963,0.962061,-9.543119,5.101808,3.841804,-3.622306,-5.326326,-7.711498,-9.824052,7.806435,-2.520006,6.055854,-1.854604,-7.110026,-3.918282,8.906301,-2.974801,-8.179841,-1.632838,-8.344196
resume_1775,-4.808163,4.440368,6.659764,9.211173,-5.939916,-2.944827,-5.179452,8.475107,9.399597,5.729225,-4.986236,-8.346226,3.963865,0.729117,-4.143807,8.845434,7.311184,1.995531,-1.828075,4.653284,8.302236,-7.334985,-4.641443,-7.211650
resume_1776,-0.149255,-4.816143,4.751339,2.480160,8.465303,-9.531203,6.469045,0.197155,-0.990429,-0.419546,-8.024668,-8.119336,4.047917,3.533315,-2.421702,0.526657,-3.279233,-1.776171,-5.378291,7.072829,1.019683,3.186288,2.545144,-6.946633
resume_1777,-3.916558,4.456122,6.294730,9.853367,-6.552623,-3.394040,-6.021462,9.289407,10.018273,6.749950,-3.487202,-7.639974,3.841835,0.965537,-4.162516,8.692244,7.878554,1.261056,0.176478,3.702902,9.611253,-7.676715,-4.324646,-7.456837
resume_1778,-10.555865,-3.592927,8.743685,0.377410,6.610577,5.155168,1.946209,4.156716,7.497558,-4.599277,6.081702,-9.498167,-4.533460,-5.301794,1.562613,3.369221,-9.538359,-4.428397,0.137627,-7.498673,1.770940,7.528199,-8.255204,2.819077
resume_1779,-10.027715,-3.677644,9.495253,0.298530,6.514860,1.675804,2.601844,4.325929,7.830999,-4.415737,5.292592,-9.737298,-4.052754,-5.574784,1.926965,2.950148,-9.483318,-4.149922,-0.114049,-6.959151,1.608452,7.054190,-7.755076,2.866874
resume_1780,4.158734,-1.098415,4.200591,2.622622,-7.092820,-1.196298,7.683921,8.018460,-5.362812,3.334986,-7.648972,9.599050,-5.307895,-3.055676,1.834999,6.110924,10.768712,4.100673,-0.039158,5.648183,-9.649688,5.552139,-5.361358,1.967887
resume_1781,-9.079500,-4.902762,9.315730,0.049838,5.958343,3.636731,1.856416,5.089913,7.335933,-4.821603,6.271327,-9.812876,-4.049206,-4.204824,1.649576,3.849343,-9.424536,-4.782964,1.099553,-6.664808,2.541232,6.501611,-8.557481,4.584964
resume_1782,-2.616583,5.325483,7.035818,0.680111,4.449289,0.889123,-8.874313,5.403373,2.750984,-3.460841,-5.963022,-8.341742,-9.860717,8.825954,-3.413947,7.002017,-0.945277,-7.443263,-5.168374,8.818889,-3.320385,-8.443540,-2.254146,-9.679590
resume_1783,-9.309725,-4.434034,9.999403,-0.287153,5.780448,2.444547,2.315825,4.412301,7.452953,-5.058681,6.725284,-9.951742,-4.467511,-4.362830,1.096819,3.574972,-9.495213,-4.350157,-0.264885,-6.787489,2.902382,7.673674,-7.295271,2.642749
resume_1784,-2.922073,5.135253,5.060658,0.639528,5.881603,1.186498,-9.063217,4.823737,3.546095,-3.426014,-6.122393,-7.767916,-9.709047,9.165522,-3.564403,6.835792,-1.417049,-7.143287,-3.535906,9.232887,-3.895304,-8.160615,-2.766942,-9.367798
resume_1785,4.623861,-1.004146,3.755159,3.015378,-8.464549,-1.034363,7.672845,9.083020,-5.084208,3.404398,-7.634816,9.404518,-4.753535,-1.309477,2.937389,6.809249,9.009517,4.431325,1.222551,5.226149,-8.650983,5.571048,-3.893506,1.557676
resume_1786,-3.785360,3.986740,7.025243,9.521514,-6.341621,-4.099295,-5.734696,8.912255,9.552693,7.264488,-4.280201,-7.989525,5.437855,1.186478,-4.603427,7.954756,7.915012,1.902404,-0.606938,3.714941,8.333222,-7.365538,-3.705140,-8.383582
resume_1787,-7.247668,-3.497487,-3.027852,-4.375359,-1.705300,4.756445,-4.002110,0.263060,-1.494385,-7.794872,-8.028837,-8.671476,-6.790303,7.733994,-10.062872,4.879832,7.715756,0.186607,-9.638272,5.308931,-1.043474,-0.851438,6.850786,-9.522283
resume_1788,-3.899861,6.037022,6.426824,0.150567,3.943924,1.801787,-9.331211,3.969538,3.873066,-3.287832,-6.170616,-5.997069,-9.246726,8.175748,-4.690184,6.695145,-1.712491,-7.593984,-4.554160,8.466474,-3.425229,-7.800438,-2.316682,-8.944363
resume_1789,-9.525124,-4.660514,9.991731,0.770556,6.273739,3.724510,1.789989,3.779207,7.340218,-4.113102,6.352972,-10.133685,-5.795390,-5.403649,2.175867,1.720970,-8.228421,-6.317539,0.309546,-5.114064,2.861460,7.197899,-8.214820,2.822293
resume_1790,-1.903694,4.653108,6.504379,-0.044471,4.822646,1.206412,-8.651944,4.773272,2.625494,-3.788507,-5.762782,-6.453600,-10.102531,8.775219,-2.356169,6.830388,-1.532493,-7.393212,-4.444525,8.360672,-2.274676,-8.200339,-3.109799,-9.162546
resume_1791,-8.057105,1.377224,-0.011475,4.263383,-2.394040,-4.365237,5.511657,-4.630164,-7.312707,-4.130676,-8.111519,0.630979,7.235265,6.153585,0.185223,8.153556,0.433827,-2.675050,-0.757639,8.048365,-5.011731,-2.324705,-5.922401,4.384793
resume_1792,-9.574596,-5.026257,9.806768,-0.323818,5.582062,2.892555,2.998627,4.840804,8.224198,-4.821227,5.572907,-8.535387,-5.518071,-5.569949,3.368579,4.281841,-9.288240,-4.448626,0.020374,-5.370121,2.271834,7.849033,-8.213351,4.419343
resume_1793,-9.228913,-5.686211,10.384662,-0.266899,4.979968,4.088358,2.634509,5.305230,7.035459,-4.510647,7.342011,-9.429289,-4.354606,-5.210925,1.376305,4.297424,-9.154855,-4.805229,0.083839,-5.213469,2.726512,6.539604,-7.748032,3.374798
resume_1794,-2.621159,5.268157,6.256831,1.419981,4.849492,0.640458,-9.201479,3.793908,1.604670,-3.687571,-6.767664,-6.714730,-8.578879,7.818770,-3.409107,6.374019,-2.287928,-6.435188,-4.730958,9.848192,-3.405993,-8.091854,-2.372400,-9.348407
resume_1795,-8.533930,1.472433,0.505917,3.105543,-2.669373,-3.409795,6.192559,-4.983861,-7.622600,-4.839181,-6.437134,1.337598,8.664539,6.371814,-1.494083,9.149032,1.099982,-3.657904,-0.158736,7.239038,-4.135291,-1.241178,-5.901467,5.258151
resume_1796,-7.581422,-6.930329,-8.339988,-5.096519,-7.024708,-4.934598,5.415376,0.631872,-3.943774,-8.015922,0.347572,-8.912627,5.297577,9.196287,-2.596819,2.265617,-5.476497,4.848476,-10.134774,-0.316003,1.607387,0.957285,-7.281074,-5.595742
resume_1797,-6.411353,-4.079615,-2.792311,-3.466838,-0.345127,4.310107,-4.257438,-1.317286,-2.457477,-7.294520,-8.381248,-9.480012,-7.533869,7.991598,-9.445181,4.603192,7.128716,0.116029,-8.362088,5.046493,-0.427378,-1.000869,8.224797,-9.780927
resume_1798,-1.546249,-5.206068,4.405561,3.005996,7.969090,-9.690958,6.635503,0.589157,-1.951551,0.022104,-6.706596,-8.348993,4.417370,3.835907,-2.678427,-0.004931,-2.401706,-1.986770,-5.930150,7.451416,0.524645,2.476214,1.899224,-6.733336
resume_1799,-9.355786,-6.079209,-9.138204,-5.712407,-6.404843,-4.828838,7.619656,2.489559,-3.309003,-8.733800,-0.732675,-10.491931,5.610345,9.454427,-3.438984,1.639101,-4.140914,6.034017,-9.680082,-0.844211,2.186057,0.417274,-7.490985,-4.238140
resume_1800,-6.072108,0.641530,0.550808,3.842926,-3.193878,-5.287935,4.042869,-3.850981,-6.853969,-4.295060,-9.133769,0.990686,9.105209,7.692569,-0.612081,9.128635,0.068932,-2.948884,-0.661601,8.462287,-4.492021,-2.566331,-6.102300,4.505320
resume_1801,-9.307276,-6.347444,-8.070206,-5.550396,-6.691720,-6.469537,5.188985,2.114371,-4.450334,-9.221143,-0.688274,-9.526126,5.624575,8.893439,-2.999600,1.778410,-3.969071,4.860159,-9.644191,1.146040,1.368080,-0.060285,-7.992313,-5.068690
resume_1802,-7.131509,1.671126,1.596190,3.429011,-2.473163,-4.006813,5.174708,-4.260054,-8.070152,-4.510218,-8.186550,0.355425,8.718738,5.731824,-0.732582,8.665476,0.068451,-3.006859,0.478627,7.977639,-5.941630,-1.749075,-6.980117,4.841879
resume_1803,-6.801774,-3.154010,-2.557436,-2.522959,-0.631637,4.267746,-4.074776,-0.475820,-2.550853,-7.218504,-8.232923,-9.132211,-7.864009,7.455822,-8.832043,4.065515,8.661278,-0.447933,-7.964702,4.101796,-1.394286,-0.775946,8.609385,-8.603198
resume_1804,-7.564943,2.044030,0.940559,3.722946,-3.040843,-4.076229,6.079040,-5.221578,-7.502934,-4.302159,-7.809737,1.031327,8.311792,6.701457,-1.201282,8.799095,0.245213,-2.769680,0.750485,6.206777,-5.954243,-2.025512,-6.780251,5.447458
resume_1805,-0.079690,-4.826894,5.828850,3.668265,9.849312,-9.608390,6.549487,0.081725,-0.758177,-1.566337,-8.714413,-8.436524,4.591945,3.679976,-1.981409,0.603094,-1.653256,-1.278787,-5.436825,6.727648,1.069271,2.687849,3.085935,-6.200027
resume_1806,0.988766,-5.682020,4.660373,2.536792,8.241316,-8.902593,7.213509,-0.694676,-2.410259,0.431750,-6.441668,-8.154021,5.777699,3.377644,-1.974306,1.164980,-2.627125,-2.132678,-5.898659,6.844913,-0.021905,3.923897,2.297526,-5.866525
resume_1807,-2.611518,5.631906,6.468838,1.673118,3.818704,2.021807,-8.059227,5.101426,1.686791,-2.222958,-5.918413,-6.379658,-11.296387,9.380923,-2.191782,6.446475,-1.754992,-6.729898,-4.369035,8.443677,-2.819402,-8.710736,-2.829174,-9.617746
resume_1808,-5.724796,5.211816,5.781022,9.816016,-6.750228,-4.318362,-4.462072,9.726925,8.908317,5.887696,-4.607123,-8.299422,4.703263,0.173894,-4.158247,9.453469,5.918631,1.719938,0.178820,3.970734,9.401152,-6.686618,-4.706299,-8.240837
resume_1809,-3.790450,4.387449,6.678319,11.928498,-5.126572,-3.614433,-5.184154,9.151301,9.319579,6.313269,-4.150235,-8.265338,4.337205,0.368934,-3.661029,7.552816,7.001814,2.145459,0.213624,4.113484,8.562881,-6.673148,-4.213542,-7.464879
resume_1810,-1.298016,-5.178740,5.048804,2.516983,8.938359,-9.605235,6.931052,-0.201368,-0.858494,0.146571,-8.400047,-8.538792,3.852084,2.978170,-1.778011,-0.414152,-2.353742,-1.333017,-5.350373,6.008524,1.411953,2.205347,2.802767,-6.305911
resume_1811,-8.908219,-4.856476,10.090484,-1.295169,5.136269,3.925294,2.275312,5.999545,8.234217,-4.057283,6.271759,-9.070723,-4.905913,-5.059789,2.861510,2.691117,-9.362479,-3.817499,0.075095,-5.622629,2.012282,6.386467,-8.677031,4.627745
resume_1812,-4.175163,4.175806,6.473492,1.555939,3.451990,0.738059,-9.850370,4.859240,3.198492,-4.225654,-5.908698,-7.426759,-9.165702,9.936563,-3.015562,7.474353,-2.053595,-6.769515,-4.428039,9.116928,-4.203998,-7.392072,-0.750409,-9.054825
resume_1813,-10.301670,-4.577335,9.809918,0.068593,5.667726,3.229515,2.890270,5.903888,7.585444,-4.923278,5.611308,-9.131640,-5.190892,-5.104600,1.873000,3.973538,-9.838451,-3.838541,0.193687,-6.057710,3.699763,6.731799,-9.030597,2.901685
resume_1814,-8.207633,1.456291,1.544789,3.298839,-2.921704,-3.802907,5.584061,-3.070970,-6.751058,-4.377230,-9.659546,0.835239,8.495815,6.406710,-0.870009,9.314249,1.445560,-2.344156,0.646238,7.752653,-4.990439,-3.051434,-5.241351,3.873971
resume_1815,1.571343,-5.345073,4.245834,3.220962,8.719823,-9.600977,6.943639,-0.526663,-1.189084,0.357091,-7.234458,-8.498777,4.565224,2.907966,-1.818497,0.542745,-1.416995,-2.202335,-5.887556,5.976867,0.423107,1.663477,2.243526,-6.819120
resume_1816,-9.285271,-5.894219,-9.052669,-5.639266,-7.212689,-4.934264,5.845688,1.688714,-3.925927,-8.950584,-1.086242,-9.334807,5.942278,9.888318,-3.027002,1.786115,-3.514759,5.137192,-10.697098,0.512176,2.022467,-0.233722,-7.015982,-5.102205
resume_1817,-4.583491,5.100849,6.812010,10.406440,-5.996760,-2.822596,-5.293427,9.350761,10.896566,5.355793,-4.133824,-7.083714,4.749237,0.451527,-3.661770,9.200531,7.496383,2.435856,0.023127,3.846059,8.780919,-8.426491,-5.092000,-8.959913
resume_1818,-4.793562,4.857534,5.652055,10.355478,-6.695842,-3.836267,-5.060038,9.503488,9.629494,5.748390,-4.749612,-7.588331,3.978354,0.822368,-3.434090,8.353382,5.738639,2.900851,-0.206035,4.374136,9.607571,-8.166274,-4.533772,-8.440177
resume_1819,-8.839492,-3.808845,-2.937648,-3.748533,-0.731149,3.544222,-2.380088,-0.463885,-1.615152,-6.886844,-8.078681,-9.359385,-7.672440,6.967189,-9.847580,3.901060,6.797158,-0.310985,-8.561253,5.432317,-1.274660,0.326714,7.885354,-9.210247
resume_1820,3.646751,-0.429803,1.971546,1.689096,-7.953534,-2.024221,7.496671,8.281726,-5.192340,3.179790,-6.988201,9.681702,-4.117934,-1.887767,1.905610,7.441477,10.036819,3.811795,0.470518,6.084142,-9.279845,4.758636,-6.383646,1.634532
resume_1821,-9.035079,-5.882546,-7.805388,-4.516326,-6.006146,-6.574747,5.728363,1.901888,-4.644527,-8.219828,-1.461098,-9.227261,6.322745,10.253770,-2.103408,1.965896,-4.605176,5.934319,-9.243305,-0.190729,3.404949,-0.037001,-7.387985,-5.522966
resume_1822,-8.580756,-7.471881,-7.603540,-5.176530,-7.060420,-4.974953,6.136505,1.895648,-4.926707,-8.308113,-1.919211,-9.330539,6.893580,8.727270,-3.200652,3.787382,-5.091640,4.786813,-10.260023,0.918704,2.675105,0.447483,-6.294865,-4.720038
resume_1823,-9.676307,-4.407794,10.043954,0.295275,6.172305,4.218518,2.238722,4.278810,7.301218,-4.432349,6.733891,-11.102757,-5.801705,-5.350087,3.114058,3.737045,-9.233795,-5.575828,0.706257,-6.429004,2.690068,7.816995,-8.653593,3.698336
resume_1824,-6.732013,-3.105563,-3.322775,-3.454090,-0.566052,4.389208,-4.027594,-1.087750,-2.780210,-7.422478,-7.451441,-10.043818,-7.965657,6.860626,-9.064659,5.367383,7.282885,1.316774,-8.783961,5.052463,-2.108121,-0.793764,6.376688,-9.535344
resume_1825,-8.102443,1.934749,0.235234,3.536406,-2.892981,-3.014809,3.783258,-4.581190,-7.020635,-4.145164,-7.910883,0.806617,7.392789,5.792703,-1.684273,9.663313,1.017862,-2.298646,-0.856412,7.744103,-4.623386,-1.890101,-5.620488,3.822482
resume_1826,-4.663321,5.313029,6.009626,10.152731,-6.752691,-2.371905,-5.960588,8.856725,9.153823,5.680553,-3.633109,-7.826239,5.331508,-0.059957,-3.760653,8.850772,6.997754,1.996186,-0.179221,4.677355,8.561907,-7.464127,-4.509204,-8.259007
resume_1827,-3.139899,4.628371,5.602307,1.212772,5.063737,0.434552,-8.636469,3.783757,2.374501,-3.572210,-4.932958,-7.112709,-10.296185,8.474591,-3.384384,7.074320,-2.086627,-6.973228,-3.735043,8.961818,-2.655142,-8.338275,-2.594367,-8.405137
resume_1828,-9.863469,-4.349181,9.956931,-0.321667,5.571496,3.328030,3.003853,4.793009,7.862014,-4.718323,6.292235,-9.658140,-5.539506,-3.795679,1.621543,4.531348,-9.935114,-4.673879,1.166260,-5.153203,2.842016,7.293804,-8.010633,2.284585
resume_1829,-0.516335,-5.695571,3.495800,3.106686,8.608652,-9.265854,7.376015,0.128575,-1.169556,-0.756181,-6.765850,-8.667810,4.518070,3.417905,-2.155260,0.315130,-2.310403,-1.835410,-5.093174,5.429402,-0.348978,2.734091,2.314159,-5.487002
resume_1830,-2.798265,4.816976,6.526239,0.040997,5.426042,0.866265,-8.170609,5.797972,2.074245,-2.624515,-6.093828,-7.178162,-10.632895,10.036199,-2.774298,7.443194,-2.332237,-7.008287,-4.774842,8.375340,-3.416511,-7.192993,-3.046563,-9.617251
resume_1831,-4.013427,5.659352,7.117456,9.221842,-5.894925,-2.868417,-5.539583,9.785666,9.452056,6.164782,-3.925468,-6.783770,5.488694,-0.453194,-3.734557,9.085270,7.671082,2.564363,0.940401,4.854601,9.630409,-7.755348,-4.948688,-6.972885
resume_1832,-8.992165,-4.090859,10.338389,0.225591,6.015526,2.408672,2.167072,4.165306,7.329639,-3.818923,6.789026,-10.432795,-5.498081,-4.400369,1.802880,3.004096,-9.281765,-5.298917,-0.972205,-5.657133,2.388658,6.680713,-7.449861,3.248863
resume_1833,-4.413087,5.251720,6.796392,8.893188,-6.531832,-2.654383,-5.200019,10.295416,10.025983,6.794296,-5.057586,-7.901504,5.183880,0.262421,-2.580818,9.159139,7.232071,3.766742,0.459794,4.864538,8.254690,-7.461130,-5.489730,-7.714374
resume_1834,-8.950636,-6.313591,-8.378951,-4.724554,-5.796793,-6.182027,4.037852,3.182794,-4.245044,-8.979385,-1.162808,-9.409199,5.533703,9.895994,-2.522376,1.061818,-3.808535,4.595775,-10.185983,-0.316364,3.121209,0.383195,-6.763404,-4.635387
resume_1835,-9.727434,-5.472974,9.982290,-0.676462,6.003668,3.407125,2.523630,4.256276,7.472504,-4.250876,7.797251,-9.765550,-5.286001,-3.872060,1.154868,3.072612,-10.483786,-4.139118,-0.750876,-6.607467,2.903200,6.802476,-7.282599,3.727790
resume_1836,-9.771191,-4.981964,9.658497,1.113618,6.588147,4.572451,3.668028,4.296079,7.573874,-3.473468,6.228611,-9.515529,-4.433266,-4.965869,2.317428,3.330636,-9.162329,-5.260531,-0.077714,-5.409298,2.804171,6.685276,-7.204800,2.531337
resume_1837,-9.560914,-4.018940,9.410521,-0.301852,6.741309,3.067061,2.151250,5.648132,8.913814,-4.888636,7.529602,-9.593408,-5.399737,-4.004424,2.159760,4.085647,-8.369862,-4.735150,-0.696067,-6.552777,2.364835,7.267655,-8.106394,4.158312
resume_1838,-5.181101,5.144304,6.452813,8.904979,-6.261054,-3.407884,-4.444845,7.997403,9.242293,5.361070,-3.476800,-7.481306,3.941319,-1.110705,-3.392086,8.520097,6.306949,2.946787,-0.476935,3.050548,9.541774,-7.419984,-5.097507,-8.341302
resume_1839,0.060737,-4.705249,6.050661,3.122391,9.033437,-8.071850,6.762337,0.054679,-1.096970,-0.479359,-6.480170,-9.598626,4.263764,4.079448,-1.315192,-0.277167,-0.913790,-1.920754,-6.064462,7.474689,-0.077949,2.988431,2.468345,-6.170174
resume_1840,0.028626,-4.962813,4.304809,2.890908,8.345581,-8.989871,6.497525,0.638852,-0.187608,-0.508970,-7.685878,-9.115463,4.517474,3.843079,-2.136918,-0.268913,-3.002429,-1.621382,-5.632882,6.966378,1.015368,3.029574,2.869582,-6.673105
resume_1841,5.597973,-0.937132,3.678078,2.009295,-7.802510,-0.717893,7.539579,8.866502,-6.493825,3.535367,-8.267885,8.683038,-5.163369,-2.529615,3.373143,7.060185,9.896878,3.489155,1.063286,6.211727,-7.892331,5.514107,-4.720162,3.538037
resume_1842,-9.957148,-3.236751,9.434917,0.039468,7.435558,3.965338,2.416992,4.345670,7.355465,-4.279955,6.470233,-9.155314,-5.010457,-4.643244,2.451387,3.258236,-9.253756,-4.880209,0.772646,-5.608738,2.346541,7.576330,-8.459516,3.608025
resume_1843,4.703992,-1.121025,4.257090,2.624550,-7.607271,-2.779210,8.221020,8.624682,-5.311452,4.492968,-8.804737,9.491385,-5.880269,-0.627553,1.513537,8.060664,9.049433,4.244074,0.099423,6.532493,-9.567318,4.779651,-4.963507,1.403615
resume_1844,-5.682640,-3.889290,-2.525006,-3.334789,-1.040220,3.309526,-4.497847,-0.694683,-2.923018,-8.158793,-8.526046,-8.533314,-8.106119,7.935457,-10.168334,4.665987,7.418548,1.072754,-9.145341,5.221701,-0.346649,-0.913735,7.993202,-8.993607
resume_1845,-8.735895,-6.533568,-8.814429,-4.974882,-5.736837,-6.523762,5.080901,2.300962,-4.035809,-8.365429,-1.295176,-9.539236,5.920148,10.345266,-2.104028,1.678032,-4.872988,5.242067,-9.746267,0.318530,2.748720,-0.478835,-8.031627,-5.674942
resume_1846,-8.285846,-5.744866,-9.039926,-4.937459,-7.186082,-4.226211,5.947928,1.319302,-5.411577,-8.686989,-1.993706,-9.460389,6.153181,8.906154,-1.914638,1.332229,-3.904650,5.156932,-9.701625,0.973703,2.331116,-0.265981,-7.407900,-4.601919
resume_1847,3.239141,-2.143882,4.136114,2.327865,-8.064929,-1.108872,7.458866,8.528087,-6.138264,3.323793,-8.231712,10.330195,-5.342406,-2.489370,1.683299,7.396099,9.862868,4.314085,1.457161,5.844904,-9.195271,4.978312,-5.035756,2.373092
resume_1848,-3.354372,4.605027,5.011269,0.313832,4.482666,2.123340,-8.567504,5.813445,2.830564,-3.570025,-5.521880,-7.078160,-9.846367,9.104516,-3.387663,6.221114,-0.640365,-6.987605,-3.915393,9.706770,-3.963718,-7.756108,-3.053503,-8.585879
resume_1849,-8.391418,-6.139966,-8.900870,-5.373550,-5.914849,-4.956138,4.979650,2.399362,-3.537014,-8.436409,-0.369403,-8.586370,6.729561,9.598787,-2.922326,2.326833,-3.697446,5.081609,-9.610667,0.672760,2.338231,-0.783080,-7.130687,-4.917612
resume_1850,-7.676819,2.232740,0.393585,3.480907,-2.969697,-3.580642,6.987901,-4.568299,-7.881073,-4.381563,-7.266990,1.307849,9.011064,7.221882,-1.520303,9.130837,0.570458,-3.700864,0.079934,9.282725,-6.391104,-2.392255,-5.391871,4.435118
resume_1851,-8.660160,-5.852356,-8.906214,-5.697435,-6.014684,-5.559914,6.071652,3.205220,-4.625997,-7.983963,-0.913989,-8.970733,5.861771,8.869572,-3.446212,1.746181,-3.521771,5.126943,-9.440452,1.120223,1.889623,-0.494574,-6.657049,-4.204795
resume_1852,-0.089616,-4.849751,3.684998,3.059605,8.754022,-9.530984,7.105389,0.480973,-0.875942,-0.664712,-6.877958,-8.085389,4.665093,3.529096,-1.991200,-0.064325,-2.572725,-1.475187,-4.428791,6.515663,1.486013,3.222349,2.290420,-5.675235
resume_1853,4.152813,-2.364414,4.012583,1.844052,-8.010296,-1.400030,8.847070,9.151380,-5.782013,4.214847,-8.063160,10.738766,-4.945046,-2.339161,2.115854,7.472787,10.874202,3.455504,0.981531,5.541303,-9.147051,4.726746,-5.335845,2.076627
resume_1854,-7.686503,2.001053,1.221002,3.890365,-3.382689,-4.091085,4.255394,-4.365434,-7.490870,-4.760364,-7.359662,0.883505,9.164730,6.230670,-0.166522,9.627644,-0.801022,-2.391474,-0.238570,7.318922,-5.776712,-3.072933,-6.162384,3.704000
resume_1855,-3.471620,4.444968,6.682245,9.448477,-5.876555,-4.236600,-4.899478,8.366383,8.607227,6.548165,-3.919932,-8.580055,5.136152,-0.101608,-4.404520,8.797157,7.449801,2.213306,0.840601,3.333825,9.711097,-7.225775,-4.393086,-7.638871
resume_1856,-8.480492,-6.325672,-8.366737,-4.800131,-6.127216,-6.114232,6.070660,1.716908,-4.543906,-8.555853,-1.899144,-9.279479,6.436618,10.077983,-2.598234,1.451003,-4.085112,5.381417,-9.270820,0.169732,2.755596,0.173648,-7.632071,-4.999951
resume_1857,-8.995245,-6.102131,-8.179458,-4.536127,-6.611772,-5.367921,5.642093,1.834102,-3.675168,-8.651870,-0.388662,-9.409828,6.610947,9.677653,-2.257461,1.566100,-4.553964,5.317963,-9.429995,1.211705,1.921957,-0.397286,-7.090911,-5.305175
resume_1858,-7.009059,1.816148,1.326715,3.752673,-3.595127,-4.849666,4.659347,-4.643492,-7.445379,-3.430832,-8.314440,1.107385,8.537819,7.280099,-0.478729,9.486816,-0.121552,-2.407224,-0.332461,8.004967,-5.695023,-3.530597,-6.299992,3.246663
resume_1859,-7.212983,1.325204,1.238977,3.710845,-3.187258,-4.999621,5.193848,-4.639109,-7.908423,-3.749814,-8.676778,1.354199,7.961523,5.749133,-1.215404,9.445858,-0.056936,-2.148570,0.073919,7.728587,-5.360480,-3.412054,-5.921156,4.173557
resume_1860,-3.339431,5.131682,5.959532,1.538751,4.484130,1.832290,-10.587013,6.030120,3.151972,-4.200523,-5.957122,-7.671437,-9.607117,8.483600,-3.036555,6.723307,-2.588008,-6.391384,-4.181596,8.233638,-2.103106,-9.076112,-3.132152,-9.318605
resume_1861,-0.724761,-4.654690,3.554758,3.217808,8.689768,-9.946086,6.319702,-0.994897,-0.982061,0.574583,-7.830257,-9.040394,5.079147,3.963221,-1.246707,0.477977,-2.030550,-2.442974,-6.204408,6.242119,0.959219,3.092991,3.459673,-6.159480
resume_1862,-3.344554,4.201901,7.694231,9.534902,-4.908923,-3.923374,-4.281919,9.480454,9.943411,6.316561,-4.670353,-9.810096,4.657268,0.880757,-3.838911,9.136433,5.983556,1.134103,0.102362,3.698593,8.367315,-6.910811,-4.929675,-8.366967
resume_1863,-6.887562,-4.854884,-0.575969,-3.062022,-0.747442,3.344319,-4.400011,-0.020294,-2.705332,-6.980293,-7.050558,-9.342947,-7.385356,7.681852,-9.594536,5.127868,6.201605,0.418390,-8.449764,4.883250,-2.253382,0.234171,7.499570,-8.143317
resume_1864,-7.338467,-3.888913,-1.648530,-3.834998,-0.588687,3.449569,-4.725962,-1.382012,-0.985911,-7.147813,-7.832101,-8.794519,-6.210610,7.231338,-9.031544,4.671517,6.530803,-1.215766,-8.734769,4.432525,-3.369904,0.201507,8.005582,-9.671243
resume_1865,-10.146704,-3.839807,10.538766,-0.442087,5.253694,4.631831,2.194537,4.312217,8.185253,-5.334940,6.608548,-10.017686,-5.782186,-5.013400,2.069624,3.057508,-8.747551,-4.098916,-0.285344,-5.272605,2.740679,8.027251,-7.714196,3.288224
resume_1866,-6.702128,2.865062,0.414571,2.718640,-3.999894,-3.630062,4.944997,-4.305300,-7.134568,-4.157295,-7.603227,1.501934,8.870459,6.392995,0.416708,9.806352,-0.167995,-3.222120,1.079502,7.782726,-5.976631,-2.212042,-5.036582,5.396955
resume_1867,-8.890874,-3.360140,10.451513,0.340234,5.850183,3.788962,1.850953,4.933860,7.836541,-6.256209,7.128932,-9.940674,-5.043630,-5.435217,1.464721,4.409764,-8.722753,-4.519936,-0.404084,-5.744595,1.723868,8.785865,-8.173409,3.474575
resume_1868,-6.561393,0.843904,0.978130,4.081052,-3.265825,-3.693713,4.660847,-4.302288,-7.670535,-3.753288,-8.830135,0.919608,5.876359,5.407434,-1.237153,9.819408,0.938619,-3.324957,-0.188896,7.131053,-4.998222,-2.081216,-5.574139,5.356214
resume_1869,-8.299458,-5.627934,-8.729407,-4.197713,-5.866695,-6.216758,6.526272,1.845579,-4.501690,-9.286837,-1.728933,-9.022168,6.573843,10.290580,-2.245629,0.856153,-4.383289,5.033326,-9.532674,0.080946,2.564578,-0.602939,-7.582112,-5.532308
resume_1870,-8.252902,-3.910645,-2.488009,-3.736990,-0.248536,3.719049,-3.651145,-0.857656,-3.378833,-6.740287,-8.176134,-8.149188,-7.716539,7.260696,-10.238790,4.450256,6.970039,0.695308,-9.143260,6.061559,-2.417534,0.292688,8.088159,-8.708553
resume_1871,-3.959779,4.493102,5.932145,10.200620,-6.539165,-3.358462,-5.355517,8.768380,9.069258,6.462460,-2.801184,-8.051696,4.730424,-0.016367,-4.243051,9.581493,5.587685,3.031004,-0.097085,4.117639,9.386744,-7.158962,-3.757430,-7.624398
resume_1872,-2.996963,5.070910,6.101861,9.600035,-5.479044,-2.860155,-5.563451,9.025824,8.700170,6.866187,-4.026121,-7.875353,3.798283,0.475773,-3.756475,8.022462,5.620641,2.711626,-0.428710,4.329635,9.484621,-6.786957,-5.264947,-7.711450
resume_1873,4.139685,-2.040052,4.080175,2.394419,-6.892215,-1.768072,9.229450,9.697635,-5.813722,2.616661,-8.662520,9.356302,-4.794806,-0.264393,1.260748,6.648619,9.133089,4.190689,1.877978,6.693138,-8.373436,5.587212,-6.054034,2.384599
resume_1874,-0.456393,-4.950006,3.259612,3.044253,7.627204,-8.735825,6.288036,0.093495,-1.565077,-0.586802,-7.067025,-8.439403,4.786843,2.291613,-1.827443,0.328410,-2.314839,-1.396495,-4.891884,7.728498,0.662629,2.547067,2.508316,-6.308942
resume_1875,-7.499987,2.130106,-0.382575,4.030653,-3.595342,-4.883230,6.653797,-5.131065,-9.018082,-3.922271,-8.808288,-0.266394,7.841423,7.478159,-0.324555,9.638164,-0.139862,-3.421647,-1.076120,8.047154,-5.357050,-2.539768,-6.305848,5.093399
resume_1876,-4.343667,5.434016,6.431836,10.297527,-5.421189,-3.217068,-5.081374,9.082511,9.018456,5.937006,-4.412398,-8.507570,4.017329,1.227253,-3.548730,8.762053,6.768700,1.970046,0.239827,3.138643,9.554132,-6.117579,-5.509741,-7.608678
resume_1877,-7.556975,1.186199,0.008381,3.061434,-4.135326,-4.359895,6.319625,-4.889344,-6.562878,-3.837786,-7.800620,1.330594,8.880903,6.651659,-1.195819,9.885682,0.790666,-2.532152,-0.506899,8.691743,-5.092598,-1.882537,-5.002247,4.667695
resume_1878,-9.476786,-3.673439,9.883943,-0.184270,5.828373,3.817768,3.146481,4.776703,7.695876,-5.168780,5.723834,-10.685962,-4.291649,-5.467868,2.092846,3.256528,-9.615344,-3.738904,-0.213841,-6.197031,2.728264,5.512766,-8.585199,4.204504
resume_1879,-0.445005,-5.687223,4.423056,2.072067,8.303622,-8.082938,6.264323,0.038471,-1.150480,0.245597,-7.186460,-9.619284,4.380246,2.889151,-2.239572,0.531437,-2.063135,-1.192109,-6.887400,5.836768,1.176944,2.538539,2.721811,-6.587998
resume_1880,-2.965732,5.153469,5.285121,1.464557,5.041264,0.998216,-9.817317,5.378851,1.815192,-3.952609,-6.048360,-6.680339,-10.418930,9.065166,-3.094711,6.575049,-2.034661,-7.164654,-3.819756,8.954214,-3.401104,-8.999204,-3.495013,-9.290055
resume_1881,-6.556814,1.566266,1.165884,3.401699,-3.715872,-4.511213,6.147802,-4.216220,-7.793895,-3.132313,-7.075200,0.863621,8.548145,5.893676,-0.765894,9.076132,0.137698,-2.661683,0.433042,7.951561,-5.879372,-1.260278,-5.502879,5.347218
resume_1882,-9.265886,-5.182435,9.635196,-0.167084,6.112069,3.931543,2.626625,4.640123,7.022343,-4.934454,7.009146,-9.540879,-4.722526,-4.756330,2.329227,3.023515,-8.490131,-4.875363,-0.500375,-5.319987,1.720634,7.630025,-8.926154,2.859941
resume_1883,-7.707616,0.283123,0.967363,4.430587,-2.815939,-4.287680,6.426135,-4.414485,-7.039462,-3.811443,-7.265020,0.507168,7.449892,5.731329,-0.541660,8.417848,0.426796,-1.831410,0.247099,7.819505,-5.751019,-2.931695,-5.724328,4.457499
resume_1884,-8.709256,-5.399959,-9.103950,-4.710460,-5.389484,-5.623358,6.008693,2.352247,-4.560850,-10.117989,0.088397,-8.700568,7.673888,8.640922,-3.178452,1.066256,-4.677821,5.167575,-10.481194,0.858343,2.503021,0.600729,-7.313359,-6.015039
resume_1885,3.730875,-1.306265,4.086071,2.868752,-7.484263,-2.324507,8.553929,9.177833,-5.987311,3.302854,-8.570326,9.891060,-3.461702,-2.355047,0.849552,7.558581,9.413370,3.734902,0.309237,5.319244,-9.171119,4.875994,-4.957500,3.379785
resume_1886,-2.578130,4.733280,6.473826,1.613031,4.952431,0.449220,-8.362197,5.699506,3.056582,-3.360943,-5.013611,-6.616961,-9.318116,8.008000,-2.787966,5.606214,-2.000378,-7.424631,-5.422985,8.218777,-2.755177,-9.096358,-1.987458,-8.751992
resume_1887,-8.354915,-4.268678,10.398243,0.176595,5.787496,3.907550,2.366263,3.809242,7.103304,-4.417646,6.771900,-10.619603,-4.760655,-4.293023,1.645388,3.157903,-9.758370,-4.117559,0.926435,-6.653726,1.782525,7.087615,-7.488016,3.593510
resume_1888,-7.856291,-3.902117,-1.918962,-3.910042,-1.383794,3.280088,-4.250832,-0.095167,-3.349002,-6.821498,-7.548902,-8.729077,-7.130964,7.024600,-9.330784,3.932382,8.334284,-0.501269,-7.738992,4.975861,-1.968015,0.259693,7.333723,-9.825694
resume_1889,-7.270543,1.887315,0.031370,3.220597,-3.161435,-3.535751,5.543052,-3.696908,-8.061066,-3.637179,-8.277693,0.646340,8.451296,7.662176,-0.049300,9.326126,0.114156,-2.780856,-0.459508,7.259743,-4.032870,-2.253968,-6.430555,4.855051
resume_1890,-9.981013,-3.826542,10.259670,-0.417722,5.958791,3.709204,3.549083,4.009182,7.691641,-4.350233,5.761411,-10.825504,-5.485217,-5.380189,1.392459,3.033286,-9.120591,-5.142703,-0.339189,-6.144468,2.359834,7.860580,-8.617968,2.133416
resume_1891,-7.446632,1.693707,1.858967,3.630417,-3.391376,-4.041335,5.133777,-5.099917,-6.768822,-2.979191,-8.105903,1.694287,7.864012,5.423600,-0.803567,8.136373,1.041485,-2.015199,-0.220709,8.190529,-5.507686,-3.140679,-5.475369,3.998422
resume_1892,0.087751,-4.860154,4.009630,2.558508,8.902739,-9.057164,6.265134,0.275955,-1.428142,-1.261737,-7.140242,-8.950214,4.850553,4.288570,-2.620113,1.124198,-3.146458,-2.106520,-5.125079,6.191392,0.325698,3.366934,1.782358,-6.577147
resume_1893,-6.613989,1.987749,1.326244,3.935856,-3.646410,-3.646475,5.743939,-3.423835,-7.579194,-3.199643,-8.254771,1.462288,8.677086,6.406770,-0.393291,9.363434,1.209754,-3.689679,0.489774,7.625534,-5.390762,-3.134269,-6.533742,4.557048
resume_1894,-2.529405,5.343011,6.254063,-0.578883,4.312191,0.877941,-8.506787,5.025693,3.393174,-3.144850,-5.043574,-7.895273,-9.428699,8.357046,-2.128779,7.789454,-3.200071,-6.340944,-5.023075,8.483889,-2.983346,-7.938651,-3.187855,-9.278686
resume_1895,-4.613035,3.476380,6.795746,10.753080,-6.503737,-1.654445,-6.676214,10.999005,9.302363,6.936023,-4.581707,-8.595082,4.915034,-0.244400,-4.352935,7.917786,6.069852,2.422410,-0.439900,4.560288,9.413061,-7.067170,-4.217946,-7.343430
resume_1896,-6.364159,-3.130687,-1.944765,-3.982456,-0.977029,4.149368,-3.881846,-2.318053,-2.604108,-8.056880,-8.330255,-8.896541,-7.650811,6.544509,-9.625608,5.246261,7.027309,-0.002221,-8.220414,4.623237,-2.110884,0.754532,7.026903,-9.109003
resume_1897,4.048940,-0.108646,3.010798,2.655294,-6.953256,-1.602248,7.200197,8.689640,-4.837019,4.010286,-8.100195,10.877450,-4.185583,-2.704807,2.233761,7.894153,9.287114,3.283884,0.417914,6.227128,-9.171422,5.309120,-4.470192,3.524422
resume_1898,-8.609226,-3.403152,-2.414492,-4.446496,-0.898777,2.650635,-4.095160,-0.100482,-1.696037,-6.625636,-8.237247,-9.585626,-6.913096,7.062185,-9.599800,4.777413,8.182320,0.229209,-8.814409,4.960617,-2.321925,-0.051915,7.204022,-9.974626
resume_1899,-0.357345,-4.430120,3.967844,2.647717,8.403495,-9.756382,6.654820,-0.283499,-1.411710,-0.887389,-6.982695,-8.778983,3.930498,2.819010,-4.192809,0.207896,-1.345774,-1.567685,-5.949711,6.468448,-0.583684,2.123414,2.098020,-6.343383
resume_1900,-3.732889,5.840759,6.436753,0.939781,5.314697,2.197166,-7.909001,4.848476,2.855101,-3.508072,-5.581554,-7.881413,-10.270791,9.498563,-3.563915,6.392384,-2.117238,-7.455237,-3.823516,8.283318,-3.471000,-8.329978,-2.768894,-9.591853
resume_1901,3.957798,-1.565729,4.698678,1.100240,-7.072347,-1.561561,8.200547,8.581474,-5.913641,3.333112,-7.760006,9.967816,-5.509429,-2.223427,1.934026,7.143885,10.186075,4.290874,0.464034,5.620677,-9.054093,5.732152,-4.226340,3.096387
resume_1902,-10.845910,-4.754045,10.534203,0.162042,6.163373,3.590428,2.462574,4.641260,8.925474,-4.791492,6.323681,-9.538557,-5.808159,-4.607587,2.142099,3.412987,-8.818077,-4.595318,-0.492719,-5.590752,2.638225,7.373801,-8.307550,3.044471
resume_1903,5.030652,-0.822722,2.487423,2.040031,-8.095498,-2.399811,10.025580,8.457272,-6.173937,4.134223,-7.707508,10.276696,-4.408325,-1.427766,2.274125,7.845441,9.254460,4.151726,0.739059,5.583895,-9.383158,4.792909,-5.048100,2.195038
resume_1904,-9.956785,-4.641253,9.893313,0.407187,5.510928,5.027293,2.711448,4.296462,8.316891,-3.942640,7.184689,-10.615418,-5.247953,-5.557251,1.454574,3.581938,-9.416422,-3.656937,0.702998,-6.400924,3.381914,7.061207,-9.347535,2.361311
resume_1905,-8.954945,-4.419765,9.382999,0.136470,5.909021,3.661141,2.593019,4.568695,7.161476,-3.531400,6.232229,-8.895368,-4.732141,-5.423111,2.264822,3.422111,-8.829342,-4.722798,0.128363,-6.831143,3.231488,7.069596,-8.522175,3.938800
resume_1906,-2.929025,5.108545,6.438706,0.688053,3.586418,1.423184,-10.076456,5.260892,3.796060,-3.191254,-5.890210,-6.486587,-10.134727,8.367170,-2.524668,6.913917,-1.905972,-6.696617,-4.489456,9.245266,-2.846484,-7.304165,-2.691422,-10.087257
resume_1907,-9.384541,-5.260642,-7.702541,-4.619061,-6.674408,-5.438008,5.295297,2.647737,-4.154049,-7.004885,-2.312555,-8.974634,6.637231,9.950179,-3.113949,1.039531,-4.464983,4.561809,-9.193789,-0.381258,2.475957,0.768137,-7.511126,-5.973958
resume_1908,3.999667,-1.233740,3.155043,2.228140,-8.210312,-1.854811,7.159190,8.167544,-5.972382,2.791536,-8.371681,10.474210,-4.463303,-1.706756,2.870143,7.176147,10.481978,4.085762,0.974159,5.547585,-9.053216,5.512384,-5.465820,2.736182
resume_1909,0.672252,-4.170772,3.158444,2.050381,7.832952,-9.197256,6.382291,0.385030,-0.739341,-0.040449,-7.534571,-7.669384,5.016284,3.158734,-0.971156,-0.106464,-1.623614,-2.540496,-4.934816,6.444739,0.201053,2.247278,3.050925,-6.433740
resume_1910,-10.792725,-4.782789,10.553388,0.425215,6.942842,3.099334,2.792890,5.383850,6.933786,-4.928653,5.725274,-9.743024,-4.374839,-5.759055,2.774676,2.820055,-8.831402,-5.195094,0.109706,-6.192983,2.679499,7.336904,-8.117704,2.652427
resume_1911,5.216460,-1.491293,4.231380,1.048029,-6.764580,-2.177913,7.736259,8.525237,-5.662698,2.950951,-8.233611,8.961574,-5.109417,-1.611603,2.517395,7.315860,8.972337,4.537704,1.021754,6.078516,-9.418245,5.408538,-4.725375,2.598202
resume_1912,-4.355521,4.716844,7.340401,11.103665,-7.255832,-2.717194,-6.186587,9.663973,9.929743,6.540290,-4.264330,-7.750158,4.084743,-1.105407,-3.552112,8.656553,7.187422,2.300839,-0.509907,3.719903,8.386264,-7.755923,-4.319201,-8.284260
resume_1913,-4.706771,5.126235,6.526767,9.418445,-6.092643,-2.669967,-5.106389,9.761145,9.019936,7.104346,-3.640230,-8.384332,4.211874,0.675470,-4.571556,9.215669,7.507017,1.776094,1.115290,3.602256,9.331120,-6.352005,-4.655446,-6.503814
resume_1914,-7.564567,-2.911437,-2.087766,-3.642050,-0.950990,2.750291,-4.260463,-0.685570,-1.744425,-7.287446,-7.391585,-9.833593,-8.804772,6.682420,-10.211492,5.541406,7.725440,-0.482350,-7.656086,5.227391,-1.481021,0.164857,8.177095,-10.606655
resume_1915,-3.274305,5.060831,6.038865,0.518259,4.465562,1.813708,-9.073118,5.569855,1.910166,-3.916708,-5.394327,-7.109489,-9.742252,9.135576,-2.735186,7.399512,-2.910572,-7.108789,-4.411179,8.362454,-2.932182,-7.762154,-2.405986,-9.019810
resume_1916,-10.000287,-4.898574,9.177391,-0.299218,6.220216,3.617049,3.274898,4.178176,8.443783,-5.697610,5.751560,-10.190705,-4.977283,-3.855494,1.263316,2.935274,-8.751143,-6.027888,0.228536,-7.099812,2.668848,7.121528,-8.907782,3.235452
resume_1917,-11.463057,-3.689584,9.713473,0.458416,6.855630,4.009741,2.679707,4.789849,8.688460,-4.678118,7.662099,-9.975302,-5.047630,-5.623832,1.720443,4.545780,-9.007430,-4.440200,-1.392313,-6.617619,2.653340,7.805316,-8.924609,3.636402
resume_1918,-6.985600,-3.552991,-3.328811,-2.795790,-1.488038,3.382951,-4.863360,0.007905,-2.482214,-7.786085,-8.429943,-8.691739,-6.311948,6.471194,-10.301024,3.622107,7.824776,0.197279,-9.673371,4.749100,-0.746735,0.682052,7.751976,-8.277445
resume_1919,-0.959433,-4.768555,4.246498,2.007425,8.841988,-8.075878,6.458153,-0.209476,-1.587369,-0.276126,-7.682082,-7.793884,5.018151,2.922852,-2.385703,1.209633,-1.957732,-1.328526,-5.374612,7.095350,1.402556,2.020718,2.906287,-6.217889
resume_1920,-4.884709,4.197587,6.787925,10.115277,-6.678133,-3.075148,-4.539947,8.738981,8.158938,5.256367,-4.185308,-7.932582,5.215150,0.111195,-3.686954,7.575106,6.997202,2.058631,0.372204,3.158895,9.473093,-5.962538,-4.474619,-7.819300
resume_1921,-9.183994,-4.370060,10.406771,0.433033,6.992761,4.263419,1.866078,4.476326,7.653142,-5.749863,6.181271,-9.252936,-4.380314,-5.251498,2.719671,3.202942,-8.789197,-5.216642,0.029807,-6.909218,2.432294,5.970590,-8.543281,2.869125
resume_1922,-4.190876,4.451507,5.921073,9.204634,-7.431437,-4.406608,-4.859087,9.514343,8.674981,5.321054,-4.346936,-7.585652,5.215598,-1.039744,-3.922103,8.123985,7.044663,2.801118,0.165398,4.308348,9.053449,-6.067444,-4.231985,-7.268679
resume_1923,-7.707201,-4.469509,-2.644970,-3.288448,-1.178943,5.399750,-5.466747,-0.212527,-2.566871,-8.118999,-8.119407,-9.652396,-7.767229,7.750790,-10.207039,4.701013,7.994276,-0.018723,-9.272912,4.954039,-0.723638,-0.738060,7.011443,-9.152878
resume_1924,-4.046268,4.336393,7.686313,9.971283,-6.825849,-3.017876,-4.667806,8.380115,9.231485,5.263892,-3.578557,-7.541147,3.465584,1.811885,-3.359257,8.333158,5.364777,2.043311,0.525032,3.951281,8.932583,-7.374686,-5.288399,-7.614535
resume_1925,-4.935140,4.474734,7.379053,8.456023,-6.212616,-3.166761,-5.722722,8.804803,9.467156,6.496949,-4.525259,-7.337435,3.944751,0.417418,-4.120683,7.662557,7.238677,2.555954,0.675745,3.888048,8.502226,-7.125772,-4.559701,-7.413274
resume_1926,-2.662621,4.666643,5.483826,1.316737,4.878012,2.873351,-8.851819,5.053828,2.799538,-4.151948,-4.847594,-7.028385,-10.117791,8.231642,-1.962942,6.129780,-2.388635,-6.461681,-3.315749,9.517163,-2.004324,-9.077285,-2.901517,-8.527524
resume_1927,-0.160615,-4.420593,4.655471,3.108782,9.180435,-8.605801,5.903672,-0.587594,-1.384085,-0.209263,-8.164916,-8.543209,4.913937,2.829020,-1.740129,0.853640,-2.319916,-2.668341,-4.949297,7.075731,0.655027,4.204734,2.919486,-6.074429
resume_1928,-1.014836,-5.133006,4.808382,2.888450,8.583350,-9.453437,7.066237,0.180405,-1.238420,0.064073,-6.910522,-7.884820,5.410464,3.498454,-2.397130,0.793913,-3.012518,-2.111313,-5.073832,7.060147,0.658447,2.571535,2.336983,-6.099405
resume_1929,-8.361426,-6.065112,-8.066933,-4.899833,-6.488149,-4.940318,6.294228,1.178817,-4.775562,-8.711560,-0.724775,-8.723454,7.388647,10.243378,-2.706119,1.008519,-3.585868,5.085591,-9.844078,-0.760367,1.347179,-0.137862,-7.665992,-5.481871
resume_1930,-2.501451,5.569738,4.984483,0.557504,4.477052,0.052832,-9.845568,5.697917,2.716631,-3.861208,-5.802214,-5.893254,-9.297147,8.929274,-2.129810,7.566346,-2.446491,-6.336921,-3.689166,10.043590,-2.196778,-7.263890,-2.386459,-9.268233
resume_1931,-9.131823,-6.378779,-8.152940,-5.386895,-6.278664,-5.576041,5.494720,2.102899,-4.768166,-8.255803,-1.149086,-9.311121,5.234347,9.355987,-2.073281,2.329739,-3.288988,5.684386,-10.558048,-0.423008,3.261861,0.108926,-6.856967,-4.466428
resume_1932,-0.849463,-6.550266,4.586067,2.757618,9.355264,-9.547334,6.045284,0.099042,-1.716397,-0.190638,-7.159855,-8.462373,4.718424,3.059271,-1.517644,-0.257316,-1.125061,-1.867314,-6.582403,7.396039,0.584896,3.263550,2.436527,-6.035664
resume_1933,-8.279624,-4.117872,-2.482049,-3.424138,-1.003350,3.377955,-3.593596,-0.542324,-3.555852,-7.083960,-7.846730,-8.674481,-8.000858,7.761292,-8.972646,4.474153,7.241045,0.572221,-8.751957,5.262300,-1.166717,0.664788,7.798315,-10.464025
resume_1934,-0.692541,-5.208031,4.856790,2.752457,9.188022,-10.092579,6.507552,0.149033,-0.641456,-0.432927,-6.434191,-7.726972,4.757586,3.561451,-1.396329,1.309353,-1.523019,-1.317376,-4.999710,7.121052,0.260403,1.645112,2.628652,-6.089892
resume_1935,-0.270547,-6.200341,4.637025,2.582931,8.342399,-8.579879,7.838614,-0.303096,-1.105309,0.508945,-6.928337,-8.061287,4.597253,3.291055,-1.325191,1.171312,-2.136474,-2.116599,-5.245674,7.187299,0.858754,2.886562,2.836788,-5.096286
resume_1936,-2.902453,5.295838,6.721866,-0.157451,5.450165,1.465456,-9.531812,5.309114,3.696647,-3.356788,-6.020909,-6.916126,-10.295384,8.521697,-2.213479,6.742347,-0.841340,-7.338422,-4.192071,8.967161,-2.969985,-8.634373,-2.618605,-8.901016
resume_1937,-4.283284,4.578273,7.039543,8.864022,-7.140570,-4.120645,-6.168377,8.831980,8.891095,5.311622,-4.843921,-6.740509,4.400741,1.086627,-4.011512,7.241818,6.921268,2.498494,-0.287456,4.337224,7.592846,-6.797643,-6.007923,-8.148404
resume_1938,-2.727791,5.130127,5.769944,0.328619,4.654037,1.132622,-8.491608,5.218268,2.124092,-2.600834,-5.594986,-8.320171,-10.214208,7.624523,-2.236515,7.398473,-2.228695,-8.158356,-4.038243,9.716530,-2.496009,-8.323789,-1.550464,-9.199791
resume_1939,-3.843069,4.480854,7.382596,10.642029,-6.804352,-4.347562,-5.922928,9.935899,9.711283,6.192325,-3.004262,-7.395182,4.361399,-0.760040,-3.014009,7.935462,6.378269,3.584231,-1.452787,4.245426,7.972342,-7.839570,-4.278612,-8.410774
resume_1940,-9.515252,-5.001402,10.090838,0.741736,5.857518,4.358560,3.157491,5.206391,8.225945,-4.301942,5.985127,-8.454661,-4.539406,-5.507199,1.847869,3.645722,-8.992789,-5.026550,0.116612,-6.447119,3.408760,6.866076,-7.642759,3.007969
resume_1941,-7.177154,-4.427194,-1.462255,-3.884288,-0.572429,3.756095,-3.751013,-0.826141,-2.925723,-7.596396,-8.283507,-9.057189,-9.192591,5.935696,-10.422051,5.166805,7.415037,0.575413,-9.172994,4.535252,-1.898970,0.776607,9.399869,-9.209184
resume_1942,0.048799,-5.243660,3.796923,2.516584,8.908794,-9.382379,7.316646,0.155242,-0.480121,0.583500,-7.834533,-8.884306,4.334477,3.667719,-2.796725,0.629258,-1.568053,-2.639911,-5.791619,6.761965,0.857009,0.808464,2.840618,-6.525077
resume_1943,-8.667208,-4.251044,9.809653,-0.341022,6.872514,3.650608,3.722346,4.254942,7.337722,-4.709576,5.403268,-8.917473,-6.362034,-5.369269,0.817822,4.011172,-9.278176,-3.568213,0.820463,-6.401523,1.328962,6.998563,-7.277278,3.377672
resume_1944,-6.285842,-2.185318,-2.817929,-3.516205,-0.962870,4.729069,-4.317716,-0.612715,-2.883166,-8.590747,-8.544016,-9.715294,-7.940286,7.796616,-9.347499,3.838229,7.453059,0.297043,-8.486813,4.496235,-2.379337,-0.299078,7.954822,-10.278915
resume_1945,-0.682922,-4.262638,5.185543,3.256298,8.688419,-9.924097,6.097455,-0.671342,-0.189067,-0.683310,-6.914003,-8.131289,4.263465,2.814009,-2.260589,0.539471,-2.749440,-1.590817,-5.898614,7.096326,1.484638,2.873982,2.693509,-6.099520
resume_1946,-8.146671,-4.143521,9.528433,-0.272037,7.006381,3.741112,2.649724,5.431064,9.065408,-3.407910,5.018885,-10.336314,-5.144366,-5.445095,2.577806,3.145559,-8.769531,-5.273208,-0.766589,-7.228201,2.709224,7.432901,-9.034933,2.976737
resume_1947,-8.542450,-5.697409,-7.960828,-5.729724,-6.210383,-6.285766,6.559362,4.134993,-4.445885,-8.754908,-0.571735,-8.462780,6.705447,8.552455,-2.642899,1.501769,-3.734485,5.000080,-8.785688,0.233255,1.707065,-0.869441,-7.620932,-6.073131
resume_1948,-1.250665,-4.911190,3.825419,2.984984,8.632966,-9.429547,6.020039,0.555936,-2.128298,-1.418609,-8.227973,-9.320676,4.154581,4.250480,-1.592666,1.995542,-2.612578,-2.050105,-5.979445,6.429751,0.365032,2.054178,2.096164,-6.761805
resume_1949,-8.226394,1.948749,0.494079,3.634058,-2.754165,-3.667139,5.541821,-4.204244,-7.420070,-4.873348,-7.457440,0.234756,8.500036,7.074530,-1.304883,9.512943,1.044042,-2.581498,0.105850,7.865089,-4.910790,-4.109734,-5.507040,5.491929
resume_1950,-8.546094,-5.911781,-8.696133,-6.181250,-6.520153,-5.556079,6.029040,1.124224,-4.720844,-9.154636,-1.353219,-8.651124,6.219865,9.851535,-3.629366,2.330847,-4.135908,5.156514,-9.865665,0.649190,2.304699,-0.146915,-6.639125,-4.351525
resume_1951,3.085226,-1.714468,4.524571,1.098385,-8.367786,-1.879846,7.944146,9.473602,-5.842660,2.505361,-8.268683,10.079939,-5.379082,-1.377200,2.427087,7.034340,10.081681,2.849163,0.609740,5.482192,-9.673368,5.779231,-4.992592,2.687544
resume_1952,-8.870873,-3.877142,-2.840503,-3.159655,-0.638193,2.801897,-4.521601,0.065781,-2.830610,-8.259438,-8.245591,-9.413268,-8.392906,8.260472,-10.160199,5.662908,7.199079,-0.250279,-8.367105,5.168151,-2.287872,0.377376,6.957353,-9.279684
resume_1953,-7.811179,-6.275411,-8.722867,-5.902471,-5.054712,-5.884927,4.846346,1.980320,-5.334369,-8.730047,-1.280516,-9.399424,6.654701,9.900131,-3.310290,2.158140,-4.315972,4.756954,-9.996107,-0.593606,2.751948,0.234414,-7.693090,-4.992866
resume_1954,-6.987230,1.377382,0.849066,4.240867,-3.203730,-4.903534,5.332038,-4.700052,-7.950786,-4.739586,-7.612749,1.844937,8.326289,6.823462,-0.578649,8.631123,0.883406,-0.812285,-0.044031,8.081319,-5.205753,-1.588541,-6.194832,4.465303
resume_1955,-6.974957,-2.933797,-2.635409,-3.362870,-0.884302,3.794984,-4.050908,-0.888681,-3.478396,-8.269648,-8.926717,-9.721288,-7.966981,6.799674,-9.938892,4.967883,7.338998,0.761075,-9.258284,6.110731,-1.354417,-0.483573,7.178323,-9.300745
resume_1956,-0.532415,-5.359987,3.947315,2.892073,8.778353,-9.319983,6.343550,-0.035010,-0.649090,-0.051094,-8.652842,-9.313898,5.856414,2.962972,-1.766488,-0.157790,-1.902902,-2.561189,-5.523968,7.589662,0.975430,2.243750,1.915215,-5.195328
resume_1957,-7.034327,2.763521,0.238066,2.962475,-3.829472,-4.234411,6.817928,-3.369007,-7.460514,-4.523367,-8.609502,1.542916,7.974114,6.212221,-0.079030,9.377385,0.678453,-3.584412,0.217623,8.473242,-5.504725,-2.533891,-4.920782,4.851139
resume_1958,-8.949430,-5.874164,-8.731376,-4.560532,-7.016928,-6.259208,5.279428,1.456846,-3.853104,-8.762748,-1.214173,-10.573575,6.055470,9.858151,-2.763872,1.846150,-3.657648,5.156541,-8.955285,-0.511370,2.060647,-0.865599,-8.353198,-5.066266
resume_1959,-2.559115,5.369380,5.896608,-0.716429,4.700372,1.237663,-9.373434,5.382678,3.849913,-4.329560,-5.622729,-6.986741,-9.553378,7.705609,-2.691434,7.790226,-2.814174,-6.221547,-3.376684,8.764322,-3.318369,-8.188916,-2.013933,-9.202068
resume_1960,-4.414298,4.705660,6.460333,8.983714,-5.744765,-3.061481,-6.685496,9.342077,8.371730,5.972968,-4.607213,-7.992940,4.639073,0.135886,-3.996413,7.765570,6.467216,1.120993,-0.140196,4.208438,8.563451,-6.660329,-4.816056,-8.819500
resume_1961,-0.895848,-6.154890,4.050956,4.144863,7.438095,-9.913649,6.004996,1.209391,-1.458422,-0.054251,-7.616033,-8.927659,5.082058,2.848032,-1.400247,0.513650,-1.820933,-0.407522,-5.216595,6.703689,0.470249,3.477905,2.635025,-5.892036
resume_1962,-8.568662,-2.091716,-2.250915,-4.457106,0.359974,3.520632,-2.981790,-1.158200,-3.000812,-7.663730,-7.287267,-9.634493,-7.396147,7.636215,-8.961026,6.070626,7.798409,-0.141182,-8.608810,4.496396,-1.084280,0.127517,7.041651,-9.351552
resume_1963,-3.678746,5.338634,5.724462,9.493501,-5.600984,-3.566708,-5.421695,10.475982,9.414431,7.843446,-3.634121,-8.444760,4.767779,-0.128509,-3.623637,8.476106,6.295701,2.808661,-0.099396,4.194003,9.197509,-6.755046,-4.614360,-6.833793
resume_1964,-9.248598,-3.203051,9.358748,0.506001,6.118709,3.837319,2.488137,5.268184,6.760654,-5.162611,6.824236,-9.301428,-5.373168,-4.769449,2.745418,3.279449,-9.006873,-4.850356,0.084593,-6.410196,1.987629,7.210267,-7.722375,2.041341
resume_1965,-2.715653,4.632593,5.251428,0.786790,4.138413,1.848391,-8.411283,5.500936,3.539085,-4.511271,-5.152124,-6.919174,-9.873198,9.416056,-3.633018,7.421965,-1.771118,-6.883303,-4.473080,9.094071,-3.620296,-8.019846,-2.194441,-9.356039
resume_1966,-8.967870,-5.673947,-9.041415,-4.690941,-6.781183,-5.338340,6.703006,1.647379,-5.120274,-7.571047,-1.368944,-9.441859,5.686885,10.260330,-2.510001,1.754612,-3.886740,4.959083,-9.949125,-0.448104,1.885699,-0.727726,-7.280720,-5.710817
resume_1967,4.657613,-1.117100,3.675580,1.523720,-7.384253,-1.747970,7.538899,8.434300,-6.043489,3.847993,-8.592578,10.867895,-4.662009,-2.182732,2.299850,7.631340,10.160707,4.144753,1.090607,5.261671,-9.401376,5.755690,-5.247171,3.169302
resume_1968,-6.812062,-3.964348,-2.020928,-4.247354,-0.179555,2.750037,-4.153884,0.680671,-2.690902,-7.168849,-6.204773,-9.684087,-7.556496,7.261936,-9.402055,4.553717,7.323022,-0.196749,-8.057434,5.396793,-1.628871,0.274789,8.333703,-9.538455
resume_1969,-8.486061,-4.889876,-8.769788,-6.049667,-5.734797,-4.597312,6.367911,1.424500,-3.982961,-7.472322,-0.763950,-9.383271,6.760311,9.039360,-2.850006,1.784092,-2.256373,5.347150,-9.137561,-0.405344,2.026371,0.385383,-7.758776,-4.635157
resume_1970,-7.524675,1.507899,0.913329,2.891185,-2.964809,-3.770409,6.488533,-5.822183,-7.694632,-3.702686,-8.133747,1.027924,9.028013,6.223256,-0.004962,9.759475,0.941454,-3.363677,-0.102661,7.268866,-7.108199,-2.095594,-5.777062,3.729607
resume_1971,-2.625870,4.436912,6.559026,0.621277,4.074376,2.227118,-8.731355,4.817932,3.194934,-4.069577,-5.478283,-6.210677,-9.233754,8.882421,-2.815391,6.885781,-2.506824,-6.824613,-4.858506,9.914525,-3.172880,-7.408220,-3.062795,-7.852840
resume_1972,-7.218035,1.663166,1.552804,4.996101,-4.143251,-3.927719,5.247850,-3.762285,-8.509395,-3.491553,-8.451153,2.173676,9.095568,6.225769,0.194742,8.613950,1.216422,-3.841671,0.394393,7.449938,-4.841132,-2.594902,-5.170324,5.951972
resume_1973,-6.616430,2.304387,0.544800,4.608949,-3.010257,-4.208436,5.687543,-6.229546,-7.647985,-4.915371,-7.401851,1.485502,8.143827,6.717749,-1.408349,9.068361,0.594970,-2.503156,0.038363,6.756705,-5.286720,-2.889632,-5.804007,4.267870
resume_1974,-0.455888,-4.003875,4.370805,2.103207,8.592836,-8.532626,6.529297,-0.099680,-0.520628,0.752877,-8.725419,-7.024477,4.473189,2.987137,-1.965222,0.009710,-2.312992,-2.295607,-4.730737,6.656668,1.783384,3.373297,1.367496,-6.907340
resume_1975,-9.475109,-7.058901,-8.404250,-5.385882,-6.180018,-5.205288,4.609915,2.467250,-4.921408,-8.284786,-0.140126,-8.900784,7.032514,10.074324,-3.808045,2.029318,-4.789649,5.370556,-9.759430,0.283904,2.622908,0.173212,-7.655890,-4.299284
resume_1976,3.985338,-2.782392,5.178666,3.031056,-7.038502,-1.432832,8.555030,9.297390,-5.806884,3.884035,-7.788026,9.867054,-5.321927,-0.925545,2.075942,7.011174,9.584687,4.568996,0.771578,5.393933,-9.681595,4.691741,-4.348475,2.572498
resume_1977,-4.435869,5.267886,5.840193,9.199446,-5.464280,-3.457641,-5.628098,9.104207,9.239324,5.596059,-4.941450,-8.778872,5.352926,0.635651,-2.974701,8.236803,7.272031,2.409542,0.371559,3.812832,8.051869,-7.661883,-5.437432,-6.716096
resume_1978,3.486328,-2.168397,3.308048,2.089308,-6.059038,-1.935700,9.060106,8.704161,-5.452571,2.719076,-7.729834,10.038490,-3.923850,-2.702167,1.287579,7.095713,10.236860,5.533107,0.962870,4.719177,-7.602118,4.131116,-5.357696,1.001623
resume_1979,-2.208685,5.641767,6.167499,1.721411,4.811259,2.148129,-9.206533,5.409676,3.815268,-3.139125,-6.374922,-7.181501,-9.918654,8.812062,-3.293042,6.854649,-2.520721,-7.580256,-3.622633,9.432501,-3.633528,-8.018479,-3.145424,-8.293940
resume_1980,-9.418144,-7.773916,-8.383761,-6.395430,-6.840708,-4.664978,5.529969,2.054179,-4.747544,-8.405502,-0.920120,-9.292917,6.619471,8.636291,-2.487454,2.011234,-4.787431,5.563098,-9.260628,0.520110,3.297465,1.326796,-7.915314,-4.460942
resume_1981,-9.083066,-4.980411,9.729107,-0.916349,5.999472,3.404138,1.670050,5.386716,6.825902,-4.740855,6.266694,-10.201661,-4.731056,-4.577305,2.409453,2.537442,-9.300236,-4.285970,-0.025081,-6.368797,1.874772,7.465038,-8.230126,2.992994
resume_1982,-4.232473,6.162250,6.562414,9.783348,-7.014072,-2.800689,-6.190256,8.460146,9.147098,5.695460,-4.217225,-6.900266,3.571909,1.729562,-4.383539,9.053450,6.531276,2.257203,-0.126317,4.545302,9.662869,-7.231601,-3.843889,-7.739985
resume_1983,-9.154768,-5.345391,-8.588820,-4.533026,-6.504366,-5.692477,6.242213,1.498558,-4.165930,-8.792244,0.768477,-8.718468,6.171294,8.906692,-3.030090,1.886723,-4.468675,5.021784,-10.183886,0.542052,2.527006,-1.083055,-7.130410,-4.907901
resume_1984,-3.927266,5.098649,5.186120,1.415424,5.138197,0.981001,-9.213465,4.942850,2.566474,-2.561058,-6.245620,-7.938165,-9.535396,8.180167,-2.457248,6.710895,-2.127683,-6.328982,-4.251468,9.293816,-3.604956,-8.508264,-2.593093,-9.965769
resume_1985,-7.678854,0.999143,0.933912,3.976271,-3.439936,-3.342654,5.122783,-4.386796,-8.034437,-4.636946,-7.814708,1.230413,7.902155,5.815479,-1.291840,9.203258,0.602267,-3.458284,-0.433702,6.749405,-6.602065,-1.759607,-5.730188,4.836663
resume_1986,4.300610,-1.186706,3.422749,1.486000,-6.829801,-1.101420,8.274223,8.936712,-5.037374,3.025502,-7.348165,10.435927,-4.676613,-2.346577,1.944525,7.242859,9.655504,4.148767,-0.303243,5.231690,-9.339868,4.480929,-5.418111,2.752599
resume_1987,3.739238,-1.169041,4.412612,2.314023,-7.692525,-1.983211,9.284835,9.222280,-4.980403,4.200343,-6.974851,10.015711,-5.101524,-2.208292,2.099605,5.780187,9.426541,3.729571,1.467291,6.507226,-9.470356,4.885668,-5.832146,2.039845
resume_1988,3.845704,-0.651095,5.109664,1.380518,-7.738592,-2.158909,7.372867,8.392625,-4.912679,3.194893,-7.700856,8.656350,-4.436767,-0.568340,2.598971,7.039689,10.135671,3.242292,-0.186634,5.557421,-8.796585,4.927698,-5.644384,1.136126
resume_1989,-7.318614,-3.289397,-3.023771,-3.974013,-0.552664,3.676748,-3.635336,-0.351873,-2.447632,-7.990726,-7.677335,-9.311514,-7.291604,7.917105,-8.816973,4.606434,6.752236,1.359315,-8.474592,6.274383,-2.566328,-1.051915,6.677579,-8.845503
resume_1990,-9.667157,-4.478060,9.459704,-0.872592,5.193684,3.968310,1.919383,5.232250,7.217502,-4.218289,6.968526,-10.033793,-5.176424,-4.208460,0.943874,4.732859,-8.845719,-4.815414,-0.757072,-5.853662,3.244007,8.437679,-7.771229,2.360929
resume_1991,-0.741320,-4.710586,3.844115,1.886596,7.566331,-9.262414,6.581906,0.231286,-2.291876,-0.603501,-7.848168,-8.082205,3.811508,2.808782,-2.953163,1.156695,-2.484245,-2.386679,-5.842684,7.067697,-0.208119,1.792070,3.138966,-5.222707
resume_1992,4.102553,-1.667016,4.571573,1.571274,-7.021835,-2.616848,7.830332,7.756059,-5.993248,3.203371,-7.556768,10.076501,-5.982511,-2.548302,1.134123,6.999297,9.889495,4.699907,0.627442,5.935254,-9.148152,5.968634,-4.873897,1.444783
resume_1993,-7.623376,1.371885,0.371943,4.963425,-3.441776,-5.125733,5.141562,-5.995555,-6.659291,-4.485052,-8.096731,1.265830,8.412643,5.899173,-0.633311,9.261585,0.337303,-2.715483,-0.765650,7.702022,-5.479764,-2.512921,-6.504321,5.016713
resume_1994,-9.656811,-3.375025,10.309517,-0.080471,5.823719,3.835091,2.259953,4.031164,8.638519,-4.266765,6.911469,-8.814523,-5.738962,-4.310497,2.125477,3.291883,-9.354063,-4.860833,-0.384257,-6.329100,1.416242,7.646248,-8.932953,3.652101
resume_1995,-4.342132,5.074821,7.456006,8.786741,-6.529031,-3.301192,-5.466466,9.091144,8.828802,5.226029,-4.569012,-6.898098,4.926872,0.321762,-4.014588,8.394683,6.798824,2.016608,0.694739,5.676442,8.631173,-7.070947,-5.119475,-9.238302
resume_1996,-3.052124,4.439750,5.741254,10.248836,-6.647548,-3.717194,-4.154000,8.430460,8.749165,6.347016,-5.178182,-7.703006,6.019084,-0.285031,-2.069281,8.023015,6.839433,2.132941,0.748451,3.603239,8.635329,-7.050591,-5.358694,-7.210740
resume_1997,-3.077042,5.387664,5.837813,1.573606,5.071013,1.433012,-8.732799,4.541047,3.661756,-3.457513,-6.539690,-7.021270,-10.106169,9.014792,-2.624990,7.062222,-1.468861,-6.781640,-3.674613,9.104480,-3.230207,-8.851309,-2.380535,-8.920129
resume_1998,-7.844202,1.786232,1.984557,3.872322,-3.273672,-4.643998,4.126558,-5.208263,-7.738630,-4.236854,-6.941568,0.457495,8.304250,6.332191,-0.613917,9.167785,0.470954,-2.778234,0.327123,7.435885,-6.999347,-2.696079,-5.397489,5.600461
resume_1999,3.872365,-2.809568,3.490120,1.297317,-6.364182,-2.524181,8.183758,8.019778,-5.629885,4.054256,-7.765862,9.766147,-5.360943,-1.986643,2.232522,7.161745,9.233424,4.641756,0.644487,5.219363,-9.453717,6.181455,-5.136104,2.058154
