id,d00,d01,d02,d03,d04,d05,d06,d07,d08,d09,d10,d11,d12,d13,d14,d15,d16,d17,d18,d19,d20,d21,d22,d23
vacancy_0000,-0.899505,-4.828465,4.611763,2.695418,8.579980,-9.156819,6.107725,-1.043189,-0.295581,-0.556452,-7.072041,-8.743172,5.246769,3.815865,-2.748169,0.190688,-2.433598,-2.512670,-5.129336,4.973074,0.769078,2.009474,4.234514,-5.852044
vacancy_0001,-7.223506,2.830985,1.300832,4.385513,-2.773806,-4.604313,5.659791,-4.126295,-7.240457,-4.025796,-7.491070,1.175831,8.256336,6.538432,-0.300204,9.391832,0.645637,-2.650210,-0.344995,8.900880,-5.485571,-2.410426,-5.552520,5.011600
vacancy_0002,-8.517666,-5.602724,-8.297408,-4.613774,-6.999263,-4.936551,5.847531,1.965847,-4.069727,-8.253859,0.484624,-9.537983,6.799871,9.304584,-2.907095,0.867797,-3.503698,5.536752,-9.447501,0.692109,1.777264,0.431768,-7.841575,-5.532676
vacancy_0003,-7.193369,-2.707979,-1.948058,-3.624392,-1.827018,4.597696,-3.210880,-0.897022,-1.635607,-6.895191,-7.986930,-8.844820,-7.941604,8.192065,-8.062012,4.595618,7.530762,0.054931,-8.643129,4.807695,-2.351626,-0.178469,7.037093,-10.519176
vacancy_0004,-2.652279,4.741061,6.344377,8.631757,-6.479774,-3.545544,-6.476316,10.362648,8.758809,5.380247,-3.359875,-8.384978,3.758483,0.691476,-4.310305,8.764848,6.635133,1.952289,-0.058300,3.251300,7.993188,-6.773435,-3.953032,-7.605788
vacancy_0005,-9.509681,-3.832651,10.967268,0.571144,6.248737,2.733759,1.564680,4.236803,7.231974,-4.875128,6.289274,-10.864342,-4.867026,-4.381487,2.327441,3.321633,-8.477068,-4.683278,0.408495,-6.119462,1.999004,7.682239,-7.875549,3.601628
vacancy_0006,-2.909399,5.502191,5.492377,0.924891,4.490308,1.533704,-9.630518,5.223495,3.131545,-3.661896,-6.101103,-7.711071,-9.637302,9.056589,-3.343591,6.425225,-2.008673,-7.113794,-3.834736,9.141752,-2.729269,-8.633023,-1.561545,-8.066704
vacancy_0007,3.803981,-1.434940,4.300706,3.028400,-7.378703,-1.337541,7.809541,8.406529,-5.148570,3.769947,-8.403724,10.328642,-4.641175,-3.370299,2.269152,8.378731,9.814264,2.957875,2.036875,4.699963,-8.937393,6.101263,-5.596602,2.278368
vacancy_0008,-2.180502,5.587608,4.096735,1.384875,4.914965,0.725380,-9.851961,6.467536,3.739645,-4.607545,-5.736399,-6.505907,-10.041818,8.662310,-3.019096,6.834832,-2.855929,-7.469104,-3.909147,9.808087,-3.051136,-9.075061,-2.176747,-8.857503
vacancy_0009,4.405715,-2.263908,3.496030,0.375413,-7.769239,-1.940965,7.607142,8.540983,-4.573608,3.946455,-7.544498,10.447131,-4.976282,-1.953265,1.958051,6.485412,10.141963,4.971669,1.040817,5.683546,-9.910191,4.956311,-4.472428,3.491364
vacancy_0010,-3.878146,5.675290,5.714819,1.265265,4.062375,0.321222,-9.203830,6.245835,1.706533,-2.782726,-5.433908,-5.199567,-9.857914,10.305229,-2.420761,5.888778,-2.494955,-7.297096,-3.847099,8.751805,-2.603765,-7.865295,-2.412184,-8.941557
vacancy_0011,-9.920363,-3.833204,9.016511,-0.071549,5.306738,4.890255,1.796335,3.715257,7.456006,-5.021424,5.415668,-9.958985,-5.110388,-4.726673,1.580533,3.318728,-9.206829,-4.604683,0.193694,-5.407580,1.775645,7.004072,-7.564322,3.105215
vacancy_0012,-8.602274,-3.319194,10.642687,0.045323,6.646819,3.939522,2.300512,4.465265,8.152504,-4.000554,6.181133,-9.439483,-4.477916,-5.256582,1.571941,3.842343,-9.626487,-4.899645,0.515923,-6.301692,2.882173,6.439471,-8.139555,2.709166
vacancy_0013,-7.859308,0.969183,1.278545,3.414454,-2.995949,-4.228088,3.678065,-4.608907,-8.232948,-4.206654,-7.929983,1.210715,8.204690,6.667703,-2.350922,9.120641,0.554957,-2.736292,-0.047853,7.561930,-6.801863,-1.935512,-5.452086,4.200789
vacancy_0014,5.243097,-0.877936,4.010683,1.985386,-7.953831,-1.456270,9.340360,9.108735,-4.913352,2.975282,-7.261954,10.134149,-5.090937,-1.730786,2.827508,7.501747,8.935190,5.033515,1.051749,5.395136,-9.039447,5.969870,-5.245724,1.877365
vacancy_0015,-6.562175,-3.879788,-2.042052,-3.735126,-0.779875,2.783645,-4.683794,-0.794803,-1.672337,-6.983175,-8.533976,-8.699568,-6.605464,7.701036,-9.329159,4.858450,8.087745,0.851564,-9.709912,4.971874,-1.152851,0.100969,7.783936,-9.480406
vacancy_0016,-7.262280,-4.181078,-2.000935,-3.936162,-0.205579,3.367378,-2.573426,-0.317002,-2.166848,-7.083804,-7.313288,-9.076718,-7.911477,7.006783,-10.128539,4.501540,6.866309,0.531094,-8.327406,4.904117,-1.556163,-1.047805,7.632247,-8.120507
vacancy_0017,-0.472014,-4.743234,3.302571,2.706679,8.618622,-9.974787,6.883989,0.098007,0.004677,-0.262970,-6.913306,-8.974784,4.291394,3.713033,-0.902409,-0.109457,-2.054564,-1.756341,-5.485073,6.197966,0.201044,1.806320,2.781377,-4.210251
vacancy_0018,-0.943560,-4.177496,4.091411,3.130969,8.961858,-9.574550,6.754898,0.540784,-2.130226,-0.942573,-6.868167,-8.548152,3.586483,3.607791,-1.915371,0.760738,-2.989139,-0.535534,-6.911517,6.844850,-0.034420,2.279532,1.821278,-5.738690
vacancy_0019,-0.565438,-4.621336,3.046708,3.239358,9.485018,-10.313681,5.990196,-1.027687,-1.425265,-0.493006,-7.411675,-8.745659,4.294728,3.467961,-0.058890,1.216789,-3.276071,-2.939428,-7.676507,5.996602,0.414494,1.883391,1.649566,-6.188546
vacancy_0020,-6.963484,-4.660690,-2.480436,-4.282115,-0.871799,3.041119,-3.632380,-0.369601,-2.943219,-7.713832,-8.190101,-8.779741,-7.637057,7.616475,-9.643616,5.009675,6.732688,0.068856,-8.279752,5.245522,-1.806795,-0.893252,7.672279,-9.206210
vacancy_0021,-4.215849,4.289880,6.442405,9.664527,-7.085998,-3.927403,-5.446283,9.977150,9.782366,5.641431,-4.406241,-7.383426,4.701204,0.799855,-3.600586,8.807823,7.091823,3.245834,-0.734551,4.601401,8.165701,-7.023734,-4.593723,-8.019244
vacancy_0022,0.168217,-5.376213,4.594218,2.114144,9.052180,-8.937162,7.032830,0.498461,-0.510131,-0.317726,-7.810668,-8.802972,5.108876,2.964782,-2.141169,0.475958,-1.762387,-2.327974,-5.866018,6.426096,0.908782,2.383315,3.397040,-6.093699
vacancy_0023,-3.294730,5.755286,6.428853,1.702254,5.495384,1.321641,-8.460736,5.293131,2.564413,-4.364051,-5.106393,-6.138614,-10.039919,8.065283,-2.397381,7.379887,-1.849792,-5.451571,-5.340141,9.001878,-2.536893,-7.864671,-3.288503,-7.580836
vacancy_0024,-8.085988,-2.586520,-2.867794,-3.146027,-0.824182,2.295964,-4.256261,-1.831613,-3.169302,-6.435900,-7.261177,-8.944961,-6.724809,8.291784,-8.816932,4.431770,7.506080,1.053588,-8.989663,4.630232,-1.069510,-0.215407,7.404814,-9.525648
vacancy_0025,-3.193798,5.559236,5.843079,0.987807,4.568210,1.687883,-9.578519,5.273364,2.447026,-2.751238,-5.362630,-7.429895,-9.438241,10.011954,-1.677891,7.447425,-1.093470,-6.979926,-3.473051,9.183008,-2.634525,-7.528686,-2.491139,-9.534272
vacancy_0026,5.264002,-1.436089,4.855372,1.926392,-7.443366,-1.560515,7.260471,8.381620,-6.567530,3.887436,-7.699407,9.474818,-5.847425,-1.545687,2.705235,6.869733,10.282036,4.521237,0.478135,5.692216,-9.058060,4.515037,-4.512184,2.141328
vacancy_0027,-0.460896,-4.591148,4.032316,2.937336,8.809091,-9.881562,6.142116,-0.531461,-1.669025,1.276027,-7.766919,-8.374944,4.696598,3.300527,-1.362312,-0.102735,-2.577767,-2.831115,-5.678857,6.378593,0.916261,2.761183,2.099226,-6.479734
vacancy_0028,3.652224,-1.342419,4.051961,1.626144,-7.361295,-1.440327,6.898345,8.155108,-5.030307,2.703531,-9.360614,9.833014,-4.081888,-2.506504,2.370051,6.166728,9.847358,4.019261,1.139185,7.265000,-9.529155,5.371761,-4.438765,2.058953
vacancy_0029,-0.348776,-4.733726,4.035471,4.094947,7.856883,-9.803975,6.164276,-0.140916,-0.716351,-0.006447,-6.429614,-8.570295,4.980302,3.042737,-1.487010,0.226390,-2.655941,-1.794642,-5.984687,7.444364,0.284559,2.119411,3.499964,-6.079801
vacancy_0030,-0.771728,-4.817504,5.051935,1.395853,7.741567,-9.645542,6.017863,-0.701702,-1.632606,0.359361,-7.315244,-7.827546,5.608936,3.391882,-1.356932,1.544592,-2.892903,-1.081449,-5.572366,7.001676,-0.007232,2.227910,2.997595,-6.578450
vacancy_0031,-0.995848,-5.291428,4.453959,2.760595,9.103806,-9.374006,8.009095,0.379864,-0.434575,0.488575,-6.808905,-8.458331,3.751555,2.362809,-2.081099,0.435447,-1.870530,-1.732811,-5.361505,6.460816,0.791859,2.091133,3.067237,-6.426475
vacancy_0032,-9.514599,-5.676595,-8.448173,-4.537101,-5.839219,-4.993848,6.140112,1.323856,-3.487395,-8.244569,0.195673,-9.038622,6.782818,9.020348,-4.399865,1.342502,-4.398495,5.669424,-10.113924,0.418273,3.423472,0.769333,-7.685093,-5.300907
vacancy_0033,-10.657348,-5.216905,9.520703,0.123786,6.857024,2.323865,1.874905,4.722230,8.064861,-4.453005,5.914092,-9.397915,-4.592681,-4.460777,2.126157,4.381214,-9.903889,-4.006456,0.174996,-5.257087,1.633250,7.627007,-7.348631,2.913885
vacancy_0034,-9.633469,-4.466768,9.805985,0.868354,6.246136,3.535301,3.403071,5.200365,6.895141,-3.591056,6.520231,-10.078396,-4.316996,-5.071955,3.327942,3.082020,-9.781666,-4.142040,0.466964,-6.353943,2.174453,7.619211,-7.660145,3.193501
vacancy_0035,-4.910530,4.078399,6.845873,9.487529,-7.417790,-3.178795,-4.866421,8.759410,8.443775,7.086364,-4.374128,-8.621275,4.451553,0.150210,-4.317056,8.128603,6.104943,2.352656,-0.245990,3.931942,9.170464,-6.371391,-4.676958,-7.814132
vacancy_0036,-8.061130,0.695607,0.529162,4.393047,-2.898156,-4.861883,5.518800,-4.681513,-7.498944,-4.097850,-8.108172,1.883138,8.472237,7.258011,0.509127,8.695916,0.296790,-3.388550,1.405757,8.355824,-4.601883,-2.894794,-5.748907,4.755568
vacancy_0037,-4.780082,4.343840,7.049139,9.861193,-5.255224,-2.826483,-6.096875,8.699818,8.278122,6.508676,-4.392376,-7.654502,4.361811,-0.033053,-2.970697,8.891709,7.023655,1.891634,1.286048,4.192612,9.412602,-7.283611,-5.053567,-8.061967
vacancy_0038,-4.592251,4.053050,6.883148,9.309929,-6.087661,-3.253050,-5.356464,8.066346,8.694089,5.449641,-4.128144,-7.907761,5.647565,0.024537,-2.962624,8.852575,6.397678,2.161866,0.335981,3.826379,7.410583,-6.945821,-5.268840,-7.406811
vacancy_0039,-4.770822,5.275734,5.984987,9.303068,-5.842676,-3.437353,-4.638413,9.253758,9.050493,6.008501,-4.450185,-7.695098,4.919540,-0.430221,-3.467782,8.122982,7.177764,1.878361,-0.385379,2.936287,7.792725,-8.078145,-3.903207,-8.386415
vacancy_0040,4.035331,-1.121417,4.855494,2.120670,-7.343865,-2.093794,8.208838,8.269884,-5.005198,4.180328,-7.823716,10.005270,-4.527856,-1.627448,1.838619,7.822127,9.223278,4.131662,1.257036,5.918649,-8.188953,4.293099,-6.107428,2.882796
vacancy_0041,-7.430725,1.472768,1.614406,4.098108,-3.049582,-4.174418,5.590589,-4.568248,-7.144624,-3.609492,-8.481355,-0.162226,7.427188,5.716473,-1.342825,9.934522,0.561574,-4.263724,0.720038,7.769495,-4.770138,-2.879437,-6.228367,4.293614
vacancy_0042,-7.228189,-6.301255,-7.879781,-4.640995,-6.166763,-6.242694,5.274180,1.862262,-4.606117,-9.569629,-0.324644,-10.777846,5.864599,9.415891,-2.808241,1.750578,-4.813854,6.221601,-10.710822,0.170623,1.766373,-0.320275,-6.704956,-4.894729
vacancy_0043,5.325464,-1.788986,3.905298,1.933879,-6.753693,-2.338541,7.259389,9.747645,-5.684055,2.602957,-7.670917,9.840840,-5.228736,-2.565952,2.373116,7.798242,9.543348,4.549957,0.191638,5.990947,-9.520734,5.791553,-5.120511,2.081371
vacancy_0044,-9.574074,-4.959803,8.675936,0.771086,5.538363,3.282557,2.614608,4.852877,8.606821,-3.884991,5.063959,-9.925584,-5.525212,-4.517331,1.685101,3.053622,-8.422120,-4.901976,0.513007,-6.547866,3.036514,5.582065,-9.080093,2.432211
vacancy_0045,-9.481638,-4.750110,10.858053,-0.030530,5.822335,3.968261,2.791016,4.454581,6.974455,-3.679719,7.234593,-9.581132,-5.670444,-5.323986,1.856903,3.466799,-9.397563,-5.010901,-0.277579,-5.479977,1.852763,6.934753,-8.541266,3.325342
vacancy_0046,-6.764449,1.036888,1.208552,4.845382,-1.981035,-4.895758,5.088341,-4.899608,-6.774385,-3.377228,-8.228376,1.466002,8.061914,6.594959,-1.025437,8.338380,0.564489,-3.741739,-0.401067,8.690952,-5.517664,-1.856089,-6.926994,5.314400
vacancy_0047,-4.818704,4.784511,5.691606,10.889831,-7.250255,-3.499924,-5.472845,8.649338,9.585334,6.985449,-4.020606,-8.685879,4.646830,1.091415,-3.560784,9.272543,6.675881,2.458768,0.737549,3.855284,8.487723,-7.005946,-4.633398,-7.905681
vacancy_0048,-0.794986,-4.153324,4.762908,3.284039,9.019533,-8.655045,6.764469,0.100360,-1.951837,-0.319797,-7.336219,-8.012316,4.151622,3.843360,-3.043967,0.301996,-2.135197,-1.233613,-4.674703,6.585576,-0.238287,2.129608,2.235320,-6.251229
vacancy_0049,4.241506,-1.100730,5.005634,1.730382,-6.833061,-1.834778,8.133325,8.870345,-5.362590,3.580432,-8.536609,10.092593,-4.839266,-2.087138,3.616098,7.583819,9.120113,3.678213,0.406648,5.924499,-8.668368,4.892744,-3.863364,1.847174
vacancy_0050,-2.785203,6.247673,6.165520,0.943279,4.426263,1.236198,-9.078854,5.098685,3.642563,-3.360900,-5.470562,-6.631451,-9.212576,9.006686,-2.047087,6.036586,-3.578508,-7.922618,-4.212776,8.059592,-2.869292,-8.759420,-2.651625,-9.291080
vacancy_0051,4.055590,-1.230443,4.130148,0.584143,-7.520304,-1.521092,7.308118,8.804157,-5.286349,3.531995,-8.366280,9.537371,-4.927559,-2.611237,1.727598,6.906712,9.281026,4.411634,0.862028,5.931965,-9.589564,5.254820,-4.782416,2.099449
vacancy_0052,-7.285066,-3.748304,-1.916929,-3.149158,-0.630052,5.041923,-5.545449,-1.109594,-3.632856,-7.773638,-7.511286,-9.730088,-6.918776,7.946266,-9.700784,3.851494,7.255818,1.108032,-9.327034,4.600066,-0.936135,-0.571238,7.830217,-8.932113
vacancy_0053,-7.040154,2.586748,1.013466,3.240700,-3.500502,-3.363617,6.245105,-4.278431,-7.230605,-4.667302,-8.493073,0.319576,8.187683,5.520977,-1.785093,10.330570,1.954242,-3.070439,-0.995496,7.768950,-6.386831,-3.337137,-5.459096,4.627205
vacancy_0054,-0.386598,-5.299914,4.797933,3.178614,9.426614,-8.526363,7.026881,0.065942,-1.125854,0.334257,-6.796893,-8.703176,4.353009,2.860589,-3.064986,1.099145,-1.416752,-3.093651,-4.732753,5.529196,0.974149,2.245727,2.980272,-5.556061
vacancy_0055,-8.287312,-5.538730,-8.422075,-4.316279,-6.559483,-6.424513,5.221308,2.162712,-3.174297,-9.137756,-0.490291,-9.921757,6.027835,10.733553,-2.665697,1.035208,-4.390462,5.319184,-9.751436,-0.485243,1.877011,0.610037,-7.924333,-5.358547
vacancy_0056,-8.681703,-5.549477,-8.128525,-5.897442,-6.048359,-5.832334,6.011930,2.806923,-4.299916,-8.336416,0.443192,-9.747216,5.841362,8.379343,-1.899307,2.400392,-4.666874,5.490180,-10.797000,0.438623,1.264102,0.805734,-7.487619,-5.886553
vacancy_0057,-0.622857,-5.451686,4.149323,2.065980,9.572422,-9.449386,6.789823,-0.961812,-0.903119,-0.363794,-6.853752,-8.570696,4.435356,4.239950,-3.214236,0.271027,-1.690648,-3.131762,-6.726958,5.789517,0.106203,0.866108,3.287101,-5.288890
vacancy_0058,-7.997842,-4.384846,-2.881572,-4.357655,-2.241954,2.625006,-4.356947,-0.461519,-2.881993,-7.451587,-7.514600,-9.932583,-8.166316,6.533190,-9.327102,4.307973,8.080358,0.947080,-8.930884,5.329746,-1.325833,-0.171968,7.877318,-8.862199
vacancy_0059,4.563414,-2.558266,3.020342,2.300933,-6.619873,-0.878758,8.590640,8.123367,-5.448928,2.764800,-8.676612,10.748307,-5.495459,-2.153056,1.871728,7.223646,9.049676,3.758342,0.938120,5.494629,-8.969085,5.620497,-3.273216,2.446637
vacancy_0060,-3.952737,6.223232,5.656789,0.700018,5.218302,1.093167,-9.516647,5.120787,2.800636,-4.086708,-6.682349,-7.578295,-9.748205,9.292522,-3.269599,7.072137,-1.581217,-6.828183,-4.927104,8.054616,-3.966118,-7.631903,-2.472386,-8.946420
vacancy_0061,-2.559630,5.639871,5.785319,0.681760,5.600429,2.407477,-9.050512,5.075443,1.973623,-3.289559,-5.377730,-7.236211,-11.059041,7.877801,-2.375086,6.719257,-1.629456,-7.756930,-4.189562,9.521355,-3.255967,-7.350455,-1.679033,-9.821746
vacancy_0062,-4.768452,5.666722,6.257073,10.756660,-6.870876,-2.123710,-5.432706,9.316712,8.608159,6.159969,-3.746892,-8.312089,4.598592,1.229818,-4.773001,8.876072,6.740237,1.554480,-0.308447,5.676271,8.389772,-7.130707,-4.937114,-8.368336
vacancy_0063,-2.900861,4.705465,5.481367,2.032072,5.191669,1.149030,-9.290240,4.668785,2.714158,-3.365985,-5.083033,-6.017303,-10.619461,8.856354,-3.055484,6.848857,-1.925248,-7.778602,-3.800078,8.790321,-2.884839,-7.782743,-2.628461,-9.544540
vacancy_0064,-7.282713,1.472516,1.011419,4.179620,-3.456103,-4.220155,5.920712,-5.028605,-7.243767,-4.686695,-7.568917,0.894552,7.429597,6.523976,-0.941517,9.284922,1.066654,-2.525660,0.332654,6.912375,-3.859790,-2.670539,-6.410155,4.164613
vacancy_0065,-8.810088,-5.573960,-8.793550,-5.712731,-6.191738,-5.298385,6.884200,2.498599,-4.780451,-9.148147,-0.894058,-9.250288,6.493736,8.912585,-3.724688,2.528847,-3.587823,5.724124,-8.442794,-0.960200,2.275268,0.001098,-7.732269,-4.459528
vacancy_0066,-6.619265,-3.262254,-3.027600,-2.312592,-0.502281,2.672375,-3.120382,-0.914637,-1.908563,-8.058066,-7.336111,-8.993849,-8.103722,6.138143,-10.141008,4.179818,7.416897,-0.643451,-8.161255,3.754047,-2.078075,-0.204676,7.749176,-10.206733
vacancy_0067,-3.786699,4.271783,7.044620,9.636839,-6.240956,-3.315582,-5.136477,8.511806,8.944265,6.062126,-3.794159,-8.340316,4.544596,1.423408,-3.747107,8.413516,5.666814,3.064179,0.004070,3.790193,8.987429,-8.030906,-4.283603,-7.756299
vacancy_0068,-8.888588,-6.119140,-8.606156,-6.596416,-6.613237,-5.638684,5.878155,0.818342,-4.692100,-7.819607,-1.463612,-9.968517,5.373684,8.132098,-2.591520,1.693462,-4.870218,5.970605,-9.983678,0.783494,2.358358,-0.737395,-7.584002,-5.087736
vacancy_0069,4.065231,-2.308449,3.969080,1.487408,-7.669751,-2.242660,8.051228,8.522606,-5.397973,3.325390,-7.900553,10.376410,-4.631142,-1.461665,2.315713,6.959992,10.763240,4.398058,0.086370,5.630292,-9.775280,4.907861,-3.818362,0.973151
vacancy_0070,-0.669794,-4.556046,4.482732,2.032899,9.692536,-8.817369,6.445821,-0.599772,-0.609345,-1.534268,-7.315457,-9.404735,4.521774,3.090014,-2.568273,-0.494903,-1.584483,-2.615689,-4.627893,5.268271,0.228655,3.110378,3.123463,-6.354848
vacancy_0071,0.439451,-4.693204,5.310963,2.408031,9.109499,-8.843207,5.742247,0.935427,-0.766162,-0.024401,-8.149848,-8.805389,4.201372,4.977340,-1.564830,0.160025,-2.173993,-2.056053,-6.193547,7.399957,0.211543,2.330730,3.262114,-6.112564
vacancy_0072,-9.055380,-5.315335,9.946793,0.313841,5.543308,4.738741,1.943102,4.962025,7.335663,-4.331144,5.738246,-10.011858,-4.414668,-3.656056,2.470808,3.330928,-10.146471,-5.820271,-0.114465,-5.403714,2.135676,7.773534,-7.764675,3.588256
vacancy_0073,-9.125101,-5.128984,10.498501,0.441991,6.234888,2.892945,2.626630,4.378911,6.986822,-4.612733,6.288741,-9.772639,-4.843390,-6.202105,2.851373,3.325554,-9.318326,-5.533670,-0.096345,-5.510223,2.341312,7.187983,-8.292079,3.261862
vacancy_0074,-7.205744,1.235342,0.039860,4.090630,-2.854966,-4.771100,5.378897,-4.317524,-6.636885,-4.714061,-8.330604,0.887834,8.227134,6.863752,-1.485353,8.487344,1.162507,-3.487346,0.306513,8.041363,-4.892461,-2.505315,-4.867712,4.288701
vacancy_0075,-3.251454,5.463034,6.637670,0.949375,3.699122,2.405750,-8.288188,5.342725,3.266523,-3.567952,-5.019784,-7.281570,-9.436503,7.796324,-2.894917,7.019903,-2.153300,-7.631965,-3.228878,9.338195,-2.586045,-7.189758,-2.978570,-8.271301
vacancy_0076,-7.694816,1.684344,1.172611,4.016075,-2.858764,-4.220048,6.017670,-5.573146,-7.067033,-4.180594,-8.073831,1.223616,8.408707,6.530703,-2.018956,9.226821,1.245596,-1.413587,0.285107,7.214029,-6.109879,-2.246138,-6.966947,4.105721
vacancy_0077,4.556813,-0.517713,3.970011,2.661306,-7.831870,-2.216192,8.083948,7.959541,-5.468574,2.958684,-7.428602,9.769003,-4.951559,-1.220161,2.121547,7.210289,9.985226,4.604101,0.608318,4.565436,-8.780784,6.197947,-5.564208,2.562366
vacancy_0078,-7.762693,-3.625897,-1.425891,-4.049159,-0.776594,4.160403,-3.563927,-1.083491,-2.692184,-8.077045,-7.889425,-9.645859,-7.640080,6.740176,-9.742921,4.216289,6.922886,0.444638,-9.636321,5.664520,-1.820016,-0.224248,6.483434,-9.357785
vacancy_0079,-7.468026,1.006197,0.667509,4.965748,-3.254402,-4.299046,5.012339,-5.518646,-7.739176,-4.298752,-8.178029,0.664186,7.325418,6.160550,-0.839841,10.280237,1.445312,-2.931020,0.393420,7.722068,-4.907015,-1.855818,-5.452942,4.935299
vacancy_0080,5.117392,-1.395177,3.848563,1.967314,-8.088077,-2.171572,8.384292,8.793289,-5.555012,2.281400,-8.327896,10.029416,-6.022502,-1.578752,1.221693,6.728211,10.123675,3.580783,0.331291,6.195734,-8.775863,4.820710,-5.061727,2.983708
vacancy_0081,-3.587992,5.316265,6.295855,0.353188,4.817232,0.557158,-9.263770,4.957434,1.873735,-3.847689,-6.542409,-7.944359,-9.863812,10.372391,-2.923418,6.742377,-2.353809,-7.816439,-4.409290,8.485099,-3.750612,-7.354002,-2.145105,-8.071040
vacancy_0082,-10.349741,-3.494398,11.124875,0.689786,5.373624,3.700334,2.215956,4.443178,8.280183,-3.831583,6.811867,-9.104616,-4.825436,-3.560977,2.242236,3.802385,-9.992717,-4.666976,-1.662280,-5.690570,3.282013,7.042822,-8.455895,2.905805
vacancy_0083,-8.398353,-4.717282,9.204457,-0.193501,6.293269,2.286867,4.275361,3.990439,6.269630,-5.048785,6.614186,-9.563794,-5.638646,-4.194130,1.626539,3.380478,-9.900301,-5.923018,0.593869,-6.538510,2.001149,7.535886,-6.157850,4.286864
vacancy_0084,-3.336141,4.422260,5.995446,1.502657,5.419600,1.524253,-10.469392,5.867446,2.762655,-3.805994,-6.441922,-7.191212,-9.436715,9.352865,-2.069578,6.637460,-2.703605,-7.070831,-4.018535,9.386840,-3.666122,-8.117104,-3.574584,-8.701912
vacancy_0085,-7.232973,-2.742219,-1.346233,-3.692598,-1.154927,4.171437,-4.080940,0.137925,-2.911960,-6.906015,-6.575041,-9.652994,-8.102428,7.057614,-9.484227,5.033876,7.911206,1.283232,-9.126305,4.677217,-1.764147,0.094099,8.186966,-9.758304
vacancy_0086,-3.355492,4.579281,6.330274,0.810696,5.150966,1.408741,-8.977737,5.396512,2.436640,-3.000065,-6.270740,-7.390105,-10.511830,9.038673,-2.889459,7.465193,-2.544050,-7.616778,-3.721340,8.491951,-3.110942,-7.338145,-2.215629,-9.122879
vacancy_0087,0.055449,-5.573727,4.294134,2.783504,9.629284,-9.495981,6.148115,-0.214537,-1.293589,-0.932842,-7.697543,-8.379357,4.470019,4.245913,-3.126412,1.061873,-2.510668,-1.500237,-6.193833,6.933852,0.319813,3.002571,3.487760,-6.247351
vacancy_0088,-7.979220,0.275917,0.353682,4.264895,-3.095718,-4.365006,5.606706,-4.746014,-8.081996,-5.068940,-7.826614,0.884318,8.194047,6.353868,-0.120673,10.869511,0.690406,-1.897864,-0.295804,7.996776,-3.787662,-3.117618,-5.686466,4.964047
vacancy_0089,-4.810174,5.826431,7.172650,9.936645,-5.881388,-3.098385,-5.132002,9.682158,9.197901,6.571613,-4.805323,-8.609624,4.720128,0.618183,-4.469527,8.967779,7.358161,2.454435,-0.528796,4.185075,7.281569,-7.151276,-5.097682,-7.843419
vacancy_0090,4.967949,-1.874693,2.895651,0.942656,-6.173030,-0.394043,8.644145,9.248315,-5.914624,4.308814,-7.967930,9.766375,-6.090199,-1.125396,3.157024,7.268014,10.127684,4.273918,1.378295,6.188046,-8.431856,4.434198,-5.423131,2.833787
vacancy_0091,-5.352200,4.540356,7.095877,9.798318,-6.390605,-3.037109,-5.139515,9.307065,10.052958,6.004304,-2.703273,-7.839847,5.219006,1.242072,-4.005543,7.887174,6.753876,1.886203,0.271296,4.296396,9.911764,-7.675895,-4.685455,-9.101610
vacancy_0092,-9.618186,-4.946042,8.937092,0.283365,6.236306,2.979291,2.236239,5.265134,8.748545,-3.990657,6.449176,-8.958292,-4.023318,-5.112310,2.522081,4.016760,-9.151385,-5.012146,-0.388720,-5.604860,2.276344,7.451849,-7.863944,3.142166
vacancy_0093,-0.281706,-4.118829,5.060547,2.268323,9.136129,-8.534880,7.195298,0.329799,-0.821026,-1.128269,-6.064145,-8.642511,4.408417,3.104879,-2.391850,-0.055736,-0.688389,-1.276287,-5.583236,6.430738,0.653909,2.750819,3.292856,-6.588460
vacancy_0094,-9.609758,-6.115569,-8.607925,-4.303459,-6.641721,-4.912857,5.294632,2.205439,-5.474107,-8.516544,0.019864,-9.948102,6.371529,9.191888,-2.735371,2.481186,-4.243514,3.911322,-10.104858,-0.058894,2.028585,-0.619473,-7.948121,-4.973848
vacancy_0095,-7.195173,-4.414758,-1.502639,-2.968254,-0.205689,3.587745,-4.491456,-0.728843,-2.719471,-7.709542,-8.121482,-9.785552,-6.820585,7.487034,-9.770136,4.933177,7.527878,0.781004,-8.661856,5.904557,-1.530419,0.127267,8.099076,-9.410361
vacancy_0096,-7.362994,1.216913,0.240759,3.385102,-3.387336,-4.078840,5.432062,-4.109427,-8.199154,-2.727574,-8.950761,2.269805,8.958283,6.193774,-0.593622,9.141555,-0.551529,-2.756865,-0.195547,8.027994,-6.090009,-4.065486,-5.760454,4.821612
vacancy_0097,-9.487142,-6.273579,-8.026923,-4.850207,-7.134886,-6.609915,5.179480,2.621634,-4.725251,-8.151802,-0.681923,-9.874424,6.668272,9.739769,-2.424456,1.452588,-2.728108,5.102429,-10.172730,0.800815,1.756423,-0.585864,-7.481904,-5.247178
vacancy_0098,-8.746749,-6.139346,-8.926641,-5.417986,-7.007678,-6.378963,6.155424,1.548777,-4.101519,-8.327447,-1.625538,-8.981667,5.832170,10.095080,-2.410714,1.959600,-4.822792,5.712349,-10.126460,-0.297219,2.356761,-0.140610,-7.464382,-5.262858
vacancy_0099,0.209532,-4.932752,6.388354,3.364795,8.444395,-9.610194,6.978184,-1.078196,-1.264172,0.434495,-7.188805,-9.157971,4.799004,3.507501,-2.024521,-0.399441,-2.695642,-2.156448,-5.103889,6.177046,0.381291,2.981861,1.686598,-5.761765
vacancy_0100,-4.296319,4.622594,6.878948,9.522616,-6.778045,-2.797787,-5.359606,8.364625,9.214936,6.649294,-4.128390,-7.755553,4.844318,-0.763670,-4.969192,7.775145,6.410475,2.151730,-0.305700,4.583773,9.781032,-6.104728,-4.643174,-7.133492
vacancy_0101,-9.245955,-4.007506,-2.308408,-5.340227,-1.400050,3.776133,-3.710634,-0.997080,-1.827747,-7.893878,-7.816226,-9.156489,-8.033590,6.765940,-8.900253,4.623106,7.052900,1.062242,-8.301026,5.384218,-1.938632,-0.329087,7.697188,-9.095624
vacancy_0102,-8.338728,-5.844417,-7.716945,-5.654989,-6.249040,-5.795770,5.705971,1.259437,-4.325824,-9.438133,0.233476,-8.847934,6.170176,9.136789,-2.565887,2.251440,-3.976331,4.756155,-10.471649,0.956824,1.267029,-0.168421,-6.318807,-5.175636
vacancy_0103,5.293595,-0.723251,2.525223,1.309297,-7.816790,-2.340308,8.019253,8.936906,-5.955910,2.716249,-8.422241,10.315077,-4.631917,-1.932387,1.773094,7.443466,10.789857,2.959800,0.849186,5.997314,-9.529810,5.219133,-5.363928,1.469314
vacancy_0104,4.579813,-0.473243,4.417287,1.767056,-7.182113,-2.016749,8.085436,7.799963,-4.955542,3.823589,-8.091542,10.473165,-5.740729,-2.922171,0.924152,7.047910,9.227134,3.677010,0.891876,5.747338,-9.147471,5.764162,-5.391133,1.422230
vacancy_0105,-8.343651,0.684960,-0.047760,2.409568,-2.190284,-4.699095,5.251145,-4.021706,-7.799501,-3.701623,-8.798641,0.231738,7.520801,6.899438,-0.337499,9.025810,1.056773,-3.768119,-0.172802,8.436657,-5.098892,-2.567827,-6.750877,2.170474
vacancy_0106,-0.039009,-5.372252,4.302578,3.194444,10.158251,-9.011505,6.141372,0.932854,-0.989510,-0.430192,-7.865996,-8.310021,3.929128,3.625654,-1.585987,-0.416083,-2.933460,-2.886564,-5.126854,6.523853,1.077996,3.017580,2.629702,-6.278376
vacancy_0107,4.191985,-0.673091,4.534146,0.994121,-7.199155,-2.262267,7.218612,8.224721,-4.720561,3.997165,-7.193579,9.314168,-5.517613,-1.814191,1.964476,6.724420,9.853991,4.380497,0.874788,5.417732,-9.439397,4.409181,-4.649641,2.891687
vacancy_0108,-4.159511,4.674102,6.256024,0.793791,5.006061,0.225431,-8.845813,5.813807,1.760782,-2.682574,-5.403084,-7.552302,-9.582437,9.537577,-2.660778,7.254557,-1.568547,-7.832410,-4.019381,9.842832,-2.117904,-8.171718,-2.359933,-8.997980
vacancy_0109,-4.231522,5.686540,6.134233,1.675121,5.131879,1.058769,-7.698780,5.297350,2.985295,-3.913157,-5.752289,-6.977641,-9.449626,8.688291,-2.780336,7.196533,-1.593838,-7.273824,-4.308323,8.707442,-3.422175,-7.203104,-2.497405,-8.342171
vacancy_0110,4.001957,-1.102842,3.677804,1.719131,-6.869838,-2.014098,7.173483,9.195309,-5.370296,3.005793,-7.370635,10.340535,-6.411454,-1.089056,2.181636,6.898363,9.978105,4.099381,1.426577,4.839706,-9.030765,5.356490,-5.665887,1.189552
vacancy_0111,-8.057232,-6.080440,-9.263783,-5.561996,-6.012537,-5.043419,6.011242,2.935685,-4.342915,-8.288633,0.032669,-9.739017,6.459762,9.125219,-3.911682,0.842524,-3.858572,6.092985,-10.717257,0.848006,2.041380,0.071034,-7.839821,-5.317902
vacancy_0112,-7.411324,0.644295,1.586770,3.343357,-2.404354,-4.201604,6.257780,-4.316802,-7.966329,-3.994037,-7.608190,0.568616,8.553194,5.690202,-1.240420,9.300842,1.386214,-3.365941,-0.287033,7.289801,-5.380987,-1.907801,-6.822609,3.976559
vacancy_0113,4.632676,-0.737063,2.783635,1.595790,-6.832765,-2.664728,8.347104,7.650017,-5.822240,3.273765,-7.309884,9.248081,-5.894321,-2.191469,1.630962,7.294727,10.308824,3.456941,1.073361,5.910781,-10.552360,6.041120,-4.949885,2.996067
vacancy_0114,-8.795806,-5.226342,8.845082,-0.456283,4.520875,4.285328,2.208704,5.586163,7.366588,-3.594475,6.228897,-10.219993,-4.964972,-5.318535,2.153291,3.351219,-9.873513,-5.132198,-0.394761,-5.306975,2.439819,7.309034,-8.049766,3.509259
vacancy_0115,-3.821555,4.952300,5.299266,1.970919,4.337674,1.055833,-8.447273,6.295029,3.064740,-3.727993,-7.164085,-6.446030,-10.031016,8.800738,-2.408447,5.925304,-2.025013,-6.171431,-3.442228,8.115515,-2.421650,-7.829130,-3.427795,-8.778703
vacancy_0116,-8.974326,-5.000504,10.018530,-0.015478,6.294035,4.122132,2.072197,5.178374,7.401971,-4.817856,7.161936,-9.902699,-4.535537,-5.254893,0.818535,4.030692,-7.271646,-4.812750,-0.587056,-5.165409,3.560884,7.236347,-8.366289,3.983371
vacancy_0117,-10.495228,-4.710964,10.043232,0.794657,6.295508,3.328107,2.187149,4.009769,8.976456,-4.925957,5.645078,-9.100500,-4.585046,-4.552012,2.322312,3.059591,-9.080981,-5.491985,0.542794,-5.430911,1.804567,7.725485,-7.340141,3.190281
vacancy_0118,0.313896,-4.862426,4.268857,2.301882,8.564752,-8.728665,6.776640,-0.440953,-1.310175,-1.412550,-7.968915,-7.991349,4.853662,2.928664,-1.315691,0.041249,-1.452095,-1.853766,-5.731011,6.730414,0.826571,3.973684,2.983692,-6.078938
vacancy_0119,-10.408870,-5.468983,9.941912,0.493096,6.288352,3.057091,3.749667,4.791040,7.425696,-4.437666,6.510524,-8.904512,-5.045135,-5.056346,4.101820,3.261605,-8.925643,-4.617214,-0.085820,-4.671537,3.861627,6.609085,-8.176821,2.137127
vacancy_0120,-8.857906,-7.278530,-8.601673,-5.141613,-6.749792,-7.215811,6.099082,1.725015,-5.433600,-9.613133,-1.533164,-8.623693,7.101181,9.286739,-3.592862,1.039071,-4.270108,6.230887,-10.324404,-0.838898,2.175613,-0.212851,-7.408953,-5.807896
vacancy_0121,-0.914118,-5.913699,4.503900,2.323037,9.653070,-8.700764,7.350835,-0.864849,-0.819664,-0.354955,-7.046173,-8.917017,5.330055,3.777710,-1.443040,0.087875,-2.110875,-2.732832,-5.636021,5.852602,0.450238,2.566297,2.094092,-6.156677
vacancy_0122,-7.771061,1.453364,0.522924,2.957454,-3.302144,-3.301743,5.305803,-4.945209,-8.203709,-3.479019,-8.391136,0.649657,8.759338,6.962732,-0.200890,9.600624,0.193861,-2.563315,0.077579,7.487563,-5.527639,-2.601574,-6.567895,5.283033
vacancy_0123,3.848472,-0.911149,3.970405,2.493343,-7.521942,-2.145915,8.122677,8.693547,-5.908164,2.565496,-7.707584,10.089380,-5.150622,-2.304972,2.486469,8.091010,9.409275,3.864487,0.246908,5.227357,-8.215881,5.400435,-6.416786,2.553916
vacancy_0124,-8.168017,-6.097198,-9.421223,-5.451513,-6.047862,-5.432858,4.814612,1.872913,-4.625157,-9.213301,-0.760549,-9.664744,7.428113,10.699016,-1.482220,2.136368,-4.722356,5.171018,-9.585733,0.059968,2.540953,0.975527,-7.580350,-5.865402
vacancy_0125,-6.483000,-3.715222,-1.935530,-2.829360,-0.390272,3.529248,-4.767426,-1.626153,-2.546392,-7.871932,-7.880409,-8.463187,-8.280279,7.517850,-10.958905,4.247883,8.829338,0.420133,-9.230348,4.945583,-1.292814,0.257861,7.587537,-9.310280
vacancy_0126,-9.511769,-4.526821,10.223062,0.590363,6.042185,4.247109,2.149545,2.961347,7.807459,-4.478490,5.698032,-10.425981,-4.762733,-5.074573,1.440992,2.437545,-8.270184,-5.076589,0.521663,-6.454908,2.110056,6.331926,-8.969521,3.561148
vacancy_0127,-9.378898,-5.928312,-8.931808,-4.636490,-6.358116,-6.821647,5.437884,1.290019,-3.018642,-8.375981,-1.137324,-9.834342,5.150840,9.135490,-2.663194,1.383036,-5.744721,4.812284,-8.762007,0.717699,3.149228,0.142085,-6.483367,-5.330712
vacancy_0128,-8.009563,-3.618263,-2.929679,-4.437265,-1.123641,3.776263,-5.462597,-0.724755,-2.551845,-8.028902,-7.439413,-9.186948,-8.047494,7.072573,-8.994942,4.494934,7.788641,0.197955,-8.325611,5.414399,-1.649438,-0.869911,8.198412,-8.728213
vacancy_0129,-0.684216,-6.216929,4.987644,2.775469,7.992401,-9.120072,6.740657,0.664529,-1.243037,0.689430,-7.974501,-9.655260,4.339695,3.803267,-2.514585,-0.045021,-2.961083,-1.422410,-6.619101,6.308172,-0.030892,1.561635,2.356123,-5.564193
vacancy_0130,-8.774861,-6.215254,-8.172928,-5.208114,-6.196918,-5.106016,6.328346,1.729794,-4.004543,-9.138841,-0.765940,-9.555412,6.045622,8.839129,-2.729201,1.824036,-4.511800,5.472533,-9.746454,0.107165,3.250731,-1.039557,-6.860053,-5.498806
vacancy_0131,-7.453832,-3.304324,-2.480250,-4.545115,-1.569206,4.234571,-4.318384,-0.289195,-1.862262,-7.357935,-7.714282,-8.863644,-7.545740,7.812322,-9.280833,4.354707,7.320191,0.293393,-9.247662,4.653145,-2.231955,0.027362,8.269390,-9.681205
vacancy_0132,-2.883069,5.052377,6.276110,0.415685,3.682636,1.292496,-9.308717,5.642650,2.123558,-3.990230,-5.920083,-6.899195,-9.752542,8.144471,-1.900391,7.321177,-1.671107,-7.952245,-4.215806,8.901643,-3.007297,-8.493488,-2.308155,-10.055851
vacancy_0133,-3.634036,5.357502,5.849074,0.532560,6.256469,1.394588,-8.710523,4.908245,2.831520,-2.615344,-5.099929,-7.175427,-9.757790,9.317481,-2.985124,6.231344,-2.613115,-7.658844,-4.050867,8.917658,-1.529974,-7.670512,-2.764083,-9.270476
vacancy_0134,-9.101115,-7.443382,-8.735906,-5.390959,-5.118917,-6.423750,6.008552,1.099669,-4.256393,-8.675523,-0.095876,-10.223098,6.063977,9.084573,-3.079642,1.309901,-5.122049,6.499683,-10.673187,1.057955,2.115756,-0.155692,-8.428512,-5.795591
vacancy_0135,-3.310132,4.675965,6.767948,9.478603,-5.859173,-2.594517,-4.835139,8.491265,9.058350,5.906015,-2.593236,-8.078067,4.169987,0.338499,-3.480589,8.355064,6.959558,2.025958,1.080536,3.375525,8.438213,-7.411262,-4.575964,-9.569719
vacancy_0136,-3.200744,5.100217,6.293568,8.970329,-7.145906,-2.363325,-3.799803,9.304803,9.501230,5.882916,-4.509871,-8.402593,5.327114,-0.168619,-2.876212,8.618902,6.726310,3.244807,-0.274478,4.041127,8.998887,-5.204823,-4.368728,-8.893882
vacancy_0137,-8.501212,1.735167,1.635314,3.174296,-2.935257,-4.073888,5.460480,-4.555834,-7.286585,-3.835114,-7.872367,0.949781,8.623031,6.682597,-0.230875,10.102977,0.526379,-2.741841,0.146879,7.260260,-5.685875,-2.746527,-6.265723,3.840608
vacancy_0138,-2.473185,5.448744,5.666406,0.202265,5.433619,1.782713,-9.683778,5.324821,3.003973,-3.744453,-5.422867,-7.428848,-10.041308,8.316579,-2.826363,6.522397,-1.956717,-6.540751,-4.356696,8.357570,-3.420184,-7.971210,-2.086153,-9.385889
vacancy_0139,5.381630,-1.882240,4.321214,1.343455,-6.554055,-0.893419,8.022510,9.583363,-5.720360,2.985242,-7.709967,9.423423,-6.110015,-1.493457,1.406393,7.090966,8.733502,4.262744,0.612653,5.653190,-8.546233,5.525833,-6.086360,3.588793
vacancy_0140,-9.143614,-6.038036,-8.114409,-6.152400,-6.925654,-5.303403,6.285913,2.645699,-5.368914,-8.167308,-0.863470,-9.726638,5.881293,9.814028,-2.260561,2.191866,-5.479781,5.117677,-10.764372,0.047524,2.834339,-0.223887,-7.821134,-6.617742
vacancy_0141,-0.645194,-4.869755,3.890166,2.132701,9.585255,-9.603768,7.365613,0.203394,-0.707546,-0.852247,-7.673897,-8.565496,5.838687,3.807221,-1.111319,1.057754,-1.767040,-1.955437,-5.127602,5.840634,1.385295,2.943255,2.721237,-7.088000
vacancy_0142,-7.568626,-3.697044,-1.799893,-4.056497,-0.644985,3.083024,-3.571215,-0.587405,-2.082493,-7.150162,-8.089754,-9.537042,-8.238958,7.293194,-10.107702,4.171399,8.222179,-0.881730,-8.421021,4.588434,-0.638641,0.167810,7.108301,-8.975906
vacancy_0143,-6.905086,-3.175348,-2.471550,-3.665392,-0.579237,3.956850,-4.648608,-1.107444,-1.642723,-8.130818,-7.912547,-8.739208,-7.937931,7.091953,-10.757923,4.703881,8.605093,-0.310008,-8.435568,5.254329,-1.150094,-0.368618,8.345230,-8.852609
vacancy_0144,-8.380516,-5.217796,-8.290170,-5.771023,-6.269686,-4.950968,5.938963,2.589404,-3.870399,-8.954531,-1.018751,-10.326627,5.602021,8.981480,-3.151837,2.252123,-5.638697,5.231668,-9.815404,-0.121237,2.702621,0.253399,-7.175239,-6.560521
vacancy_0145,-3.852893,3.968958,7.195090,9.582177,-5.907844,-3.809608,-4.191883,8.060649,9.570517,6.343873,-4.357617,-8.228579,3.842609,0.139567,-4.057705,7.380365,5.719930,2.287112,1.454117,3.818893,8.828306,-6.766381,-4.073135,-8.571934
vacancy_0146,-4.035084,5.989232,7.301861,9.588129,-5.483879,-4.415536,-4.620679,9.914131,9.826586,6.952341,-3.924852,-7.186760,4.180793,0.788895,-3.573934,9.127934,7.175583,1.850687,-0.143810,5.342872,9.107605,-7.944038,-3.557527,-9.072369
vacancy_0147,-8.608486,-6.185890,-8.877976,-4.737296,-6.854846,-5.963547,5.943762,1.679730,-3.636493,-7.101050,-0.646022,-8.835553,7.459092,9.419776,-2.919832,1.218851,-4.504230,5.012089,-10.371688,-0.276767,2.154808,-0.244110,-7.291958,-5.504637
vacancy_0148,-4.071872,4.994248,6.322994,1.488521,4.838782,0.712108,-10.754245,5.019805,2.548109,-3.065307,-6.372151,-6.560204,-9.594835,7.974013,-3.544063,6.955630,-1.863278,-7.206310,-3.057171,9.213425,-3.822449,-9.365517,-2.408419,-9.341040
vacancy_0149,-7.488449,0.831620,0.525103,3.204958,-3.084292,-4.146414,4.231504,-4.590284,-7.669277,-5.022965,-7.845462,1.033105,8.934477,6.499640,-1.372918,9.256795,1.526692,-1.969341,-0.460371,8.268662,-5.173308,-1.034791,-5.674345,5.368021
vacancy_0150,4.050134,-0.591954,4.425961,1.238603,-6.876586,-2.549269,8.009074,7.400907,-5.247411,2.109041,-9.207102,9.417904,-5.800050,-1.867778,3.481871,6.512571,10.122077,3.324175,1.430940,5.796272,-7.989307,4.999358,-4.449791,3.100503
vacancy_0151,-7.821559,-6.320801,-9.065073,-5.489399,-5.877831,-6.220131,6.491226,2.286143,-3.421163,-7.905430,-0.776142,-8.779052,6.268643,8.945917,-3.517676,1.160693,-4.779980,5.124780,-9.379300,0.156626,2.431103,-0.088779,-7.623546,-6.077083
vacancy_0152,4.841313,-1.297019,4.606739,2.233881,-7.010508,-2.256300,8.407504,7.878244,-5.408143,2.909896,-8.058710,10.024463,-4.000788,-1.907449,2.666442,6.493422,9.132384,5.055575,0.726899,6.727114,-8.449042,5.090161,-5.391848,2.613693
vacancy_0153,-9.100204,-5.785117,-9.518591,-5.377559,-6.367706,-5.743771,7.059851,0.836307,-4.092364,-9.312721,-0.527833,-10.108885,7.161146,9.812332,-2.995945,3.047101,-4.757981,5.470681,-9.347301,-0.081634,2.627063,0.227508,-6.620767,-5.242521
vacancy_0154,-7.353595,-3.002360,-2.137785,-3.861702,-0.013109,3.909869,-4.185539,0.468905,-2.807007,-7.198326,-7.920585,-9.202243,-7.380231,7.744892,-8.398662,4.285370,7.369416,-0.320663,-8.713070,4.042622,-1.777976,0.610406,7.707516,-9.357645
vacancy_0155,-9.911238,-3.670244,9.347441,-0.236111,6.685340,3.192243,2.706423,5.291882,7.856221,-4.382942,5.707071,-7.627342,-4.290722,-4.318549,0.802815,2.235399,-9.336094,-4.314432,0.516881,-6.218019,2.134720,7.316700,-8.907685,2.929942
vacancy_0156,-10.393850,-5.398891,10.200082,-0.011218,7.177574,2.870177,2.946989,4.849320,7.205927,-4.207212,6.673018,-8.850620,-4.167901,-4.939910,1.987342,3.991380,-9.039834,-4.591937,0.082840,-4.860088,1.749368,7.017360,-8.341075,4.231112
vacancy_0157,-8.917910,-6.833994,-8.564813,-5.432065,-6.670790,-6.329209,5.505524,1.916157,-5.193135,-8.500389,-0.681061,-9.264070,6.081566,9.399279,-3.185789,1.584521,-4.990940,4.806461,-9.709225,0.369188,1.315826,-0.659707,-8.390759,-4.977396
vacancy_0158,-3.304647,4.204268,6.232099,9.701268,-6.594739,-3.028451,-5.619846,8.983255,10.268870,7.788596,-4.513354,-7.303754,4.312082,0.663699,-3.869723,8.606762,6.618673,1.684999,0.130499,3.450148,9.526007,-8.129248,-4.997734,-8.056453
vacancy_0159,-7.070321,1.932981,0.807827,4.484331,-2.636633,-3.824047,5.744277,-4.364743,-7.942459,-3.651413,-8.607613,0.354007,8.542281,6.250928,-1.260981,9.613373,0.562733,-2.855347,0.345313,6.851615,-4.080724,-3.287784,-5.749855,5.588402
vacancy_0160,-3.445271,4.362942,6.605024,10.146939,-5.348265,-3.326787,-4.702964,9.113529,8.195691,7.338319,-4.106860,-6.263412,3.716508,0.049277,-3.740484,9.378480,6.727636,1.320086,-1.138055,3.882296,9.688306,-6.519356,-5.187022,-8.137050
vacancy_0161,4.521388,-0.770684,4.509174,2.012331,-8.167772,-1.766956,9.033508,8.442615,-5.332234,4.799670,-8.739272,9.737841,-4.648383,-2.405419,1.199117,7.654976,9.488191,3.755954,0.233113,6.195002,-9.268618,5.060104,-5.563925,1.738641
vacancy_0162,-9.098836,-6.999860,-9.410730,-5.298435,-5.976048,-4.406277,5.427613,1.795315,-4.563124,-7.853405,-0.735590,-9.381938,5.692543,9.274122,-2.650414,1.323657,-3.891435,4.640602,-10.414727,-0.313306,2.444404,-0.224040,-8.196633,-5.290822
vacancy_0163,-3.709700,5.256842,5.032920,1.171806,4.738358,1.560385,-9.867566,4.911697,2.693029,-2.336959,-6.513163,-7.145336,-8.913980,7.637617,-3.051691,6.689752,-1.725364,-6.808018,-4.689486,9.704005,-3.861356,-7.412094,-2.435276,-9.106388
vacancy_0164,4.845445,-1.919796,4.500387,0.686819,-8.450898,-1.408122,7.514665,8.701729,-4.958263,2.326511,-8.566886,9.497616,-4.927006,-1.701319,1.618244,6.106627,10.498784,4.817466,2.145847,5.222892,-9.055470,3.806725,-4.453551,2.304305
vacancy_0165,-0.073225,-5.265074,4.007708,3.777176,7.855304,-9.937155,6.048544,-0.142625,-1.664061,0.383834,-7.498732,-8.654546,4.271032,3.426305,-1.649859,-0.161436,-1.481141,-2.322806,-6.770093,6.710246,0.469332,0.460554,3.464644,-6.823947
vacancy_0166,-7.354941,-2.593998,-2.967019,-3.260341,-1.547855,3.701467,-4.050822,-0.279221,-2.322867,-7.360866,-7.403067,-9.769550,-7.815352,6.925430,-9.897379,3.825234,8.916293,0.445584,-7.711348,5.341107,-2.286505,-0.764149,7.583535,-9.926056
vacancy_0167,2.871677,-1.146287,4.330708,1.612640,-7.186565,-2.454289,7.580226,8.468763,-6.294416,2.850548,-8.792978,9.160925,-5.836853,-1.508511,1.919102,7.004093,9.097892,3.396148,1.745068,5.167402,-9.035213,5.587490,-4.602758,2.634966
vacancy_0168,-9.830959,-6.824712,-8.938416,-5.711154,-6.215329,-6.242034,6.749356,2.692361,-3.867594,-9.030757,-0.658644,-9.103599,5.721508,9.669887,-2.869123,1.427932,-4.490628,5.629489,-10.029578,0.872032,1.774119,0.059660,-7.772020,-5.752188
vacancy_0169,-7.040485,2.137449,1.246544,2.485847,-3.542210,-5.058451,6.023786,-4.071647,-8.180275,-3.508486,-7.983007,1.003191,8.057973,6.856710,-1.668915,8.425384,0.872103,-2.255249,-1.331758,8.433574,-5.524513,-2.887502,-6.016665,4.345344
vacancy_0170,-8.067570,-3.781946,-1.641472,-2.870270,-1.761471,2.767263,-4.929070,-0.790593,-1.741123,-7.543688,-7.883183,-8.882528,-6.512377,7.061271,-9.484070,5.028360,7.661848,-0.388143,-8.545940,6.053313,-1.805115,0.318808,8.394156,-9.859417
vacancy_0171,-9.095400,-3.685158,9.462971,0.081163,6.568480,3.599717,3.169337,5.154375,7.119944,-5.864783,6.140306,-8.934715,-5.002339,-5.500066,1.682256,4.639962,-9.403996,-5.057200,2.286172,-4.901392,1.453347,6.568412,-7.308375,4.609656
vacancy_0172,-6.999511,0.879489,0.294872,4.875358,-3.884705,-4.909266,5.946083,-5.067473,-7.322289,-4.139296,-7.487094,1.369017,8.426708,7.275425,-0.459761,9.861366,0.205018,-2.865917,0.296890,8.289699,-6.026649,-2.962522,-5.106677,4.508351
vacancy_0173,3.447383,-1.543226,3.441055,0.697581,-7.586887,-2.795015,8.081286,8.420394,-5.203380,2.856166,-8.010251,9.363661,-4.630626,-1.958707,2.198078,7.152316,9.279354,4.947124,0.862274,4.412440,-9.552895,5.358568,-4.194533,1.991378
vacancy_0174,-3.630600,5.358149,5.921101,1.156522,3.796290,1.189540,-9.230785,4.980361,2.748734,-1.935404,-5.265297,-7.645031,-9.687147,7.892175,-2.199026,7.565775,-2.574944,-7.545837,-4.168421,8.990363,-3.536748,-8.626141,-2.593350,-8.572681
vacancy_0175,-3.814024,5.890037,5.197147,0.487771,4.036511,2.048337,-8.710786,5.610681,1.439270,-3.553866,-5.665406,-7.268607,-9.868148,9.058544,-3.318437,7.316243,-1.581008,-7.332987,-4.062615,9.957232,-2.862883,-7.448975,-2.811487,-9.207998
vacancy_0176,-9.693109,-4.129636,10.075164,-0.595149,5.916432,4.402329,3.131557,4.172103,8.600419,-3.259487,6.413526,-10.410314,-4.941006,-4.863719,0.967301,2.241902,-9.047976,-5.479082,1.174408,-5.690048,2.536678,7.038695,-7.767756,2.371144
vacancy_0177,-8.341462,-6.820684,-9.501724,-3.958907,-6.661679,-5.470451,5.689122,1.562111,-4.150182,-7.862629,-0.823445,-11.015944,5.729150,9.011027,-3.272410,1.047672,-3.933929,4.292421,-10.909718,-0.336602,2.405300,-0.457613,-8.062203,-6.271978
vacancy_0178,-0.629754,-5.294746,4.751032,2.330690,8.837379,-9.342741,7.223094,-0.058203,-0.722905,-1.407592,-6.440603,-9.004127,4.992888,4.066275,-3.007345,0.509067,-2.087404,-2.576168,-5.023439,7.522100,0.617811,3.005776,3.506950,-5.949786
vacancy_0179,-4.806032,4.812131,6.847257,9.739276,-6.298955,-2.393792,-5.098464,9.104251,8.789197,4.915053,-3.808908,-7.115252,4.878272,-0.302251,-3.901353,8.659954,5.916075,2.341435,-0.429031,4.408869,9.206851,-5.996289,-3.603078,-7.918340
vacancy_0180,-4.915395,5.176005,6.600837,9.246948,-6.978387,-3.573580,-4.740267,7.572240,10.276113,7.559622,-3.920255,-8.500375,4.425135,1.321427,-4.091689,8.623240,6.876510,2.548009,-1.647097,4.080782,9.593338,-6.730040,-4.471063,-7.991055
vacancy_0181,0.065983,-5.026099,5.521196,2.886626,8.152739,-9.138956,5.512009,0.493605,-1.238714,-0.288794,-7.497370,-9.138429,4.559280,2.368506,-2.032677,0.455762,-2.296548,-2.608007,-4.894491,7.412914,0.766125,1.536595,3.449178,-5.309469
vacancy_0182,-3.324341,6.367496,6.898046,1.214679,4.757477,0.915697,-9.114861,5.186001,1.966811,-2.921745,-6.722799,-6.717517,-8.677438,9.208761,-3.579888,7.397772,-1.751173,-7.536007,-5.031516,8.499246,-4.031067,-8.634413,-2.447571,-9.147145
vacancy_0183,-6.785152,-3.018253,-2.166812,-3.702752,-2.075496,3.373311,-4.372572,-1.458607,-1.843567,-7.373420,-8.349905,-9.231242,-7.356121,7.229669,-10.009989,3.842549,6.725432,1.395378,-9.498572,5.652867,-0.775451,-0.538905,7.058843,-9.655125
vacancy_0184,-3.819673,5.253231,6.163722,0.159471,4.029490,1.343391,-9.387278,5.726583,2.768015,-3.824353,-4.596127,-7.058310,-10.324741,8.354563,-2.153551,7.358241,-1.788897,-7.355951,-4.151425,8.708098,-4.579892,-8.107635,-2.919611,-8.630566
vacancy_0185,-9.731563,-3.908152,9.023648,0.342544,4.305166,3.467719,2.247409,5.049372,8.503844,-4.546241,6.728693,-10.552875,-4.622242,-4.477364,1.447920,2.859493,-8.900658,-4.635765,0.785708,-6.512322,2.680229,6.727693,-6.806276,2.962659
vacancy_0186,-9.424976,-5.180545,9.933547,-0.028261,6.318154,4.486383,2.500585,3.371574,8.197918,-4.551491,6.056767,-9.584950,-4.243148,-4.677002,1.653711,3.013975,-9.182437,-4.343173,0.554655,-5.751224,2.707757,8.350227,-8.374339,3.562160
vacancy_0187,-8.333755,-5.833324,-7.735701,-6.041737,-6.565156,-5.417697,5.463914,2.743312,-3.575128,-8.511503,-1.801139,-11.029559,6.007272,10.286645,-2.902657,2.880931,-5.238410,4.355232,-9.594039,0.402767,2.381442,0.646141,-8.110924,-5.188022
vacancy_0188,-8.896710,-5.964357,-8.572565,-3.956768,-6.356081,-5.361948,6.478387,1.865522,-4.545665,-8.824299,-0.302810,-9.605608,6.057850,8.687877,-2.480069,1.175322,-5.019037,5.155442,-10.046311,0.006045,2.526689,0.097699,-7.639175,-5.322677
vacancy_0189,-5.007424,4.483790,6.016012,9.145654,-6.315793,-3.036859,-5.608096,8.445238,8.632205,6.204806,-3.663269,-7.665357,4.245003,-0.292781,-3.709321,8.148550,6.557276,0.795788,-0.227686,3.971717,9.009876,-7.330825,-5.603209,-7.446201
vacancy_0190,-0.922532,-5.357492,4.442420,3.077090,8.451346,-9.752763,7.391460,1.032318,-1.746836,-1.759718,-7.865176,-8.846905,5.806680,3.198997,-2.985934,-1.181437,-1.033634,-1.822971,-6.231827,5.998133,0.304566,2.220115,2.886547,-6.833701
vacancy_0191,-7.364124,1.647851,0.290053,2.043561,-3.495815,-4.128758,6.365922,-5.096006,-8.218872,-4.669183,-8.449333,0.769475,8.407880,7.080019,-1.177412,8.046240,-0.106211,-1.984942,1.002517,7.682047,-4.845763,-1.799820,-5.547887,4.767631
vacancy_0192,-3.672439,4.056258,7.202601,11.103990,-6.285503,-2.656981,-5.200442,8.795235,8.456618,7.082622,-3.405542,-7.553990,4.379590,-0.443183,-3.332630,8.021874,7.163750,2.730481,1.215226,4.313083,10.012200,-6.281065,-4.033968,-8.063697
vacancy_0193,4.684002,-2.152597,4.642271,2.520559,-7.276345,-1.485856,8.394385,8.494378,-4.945496,3.521905,-8.070384,10.195849,-5.743869,-2.002681,2.650979,6.445376,9.878396,4.733906,0.394167,5.479815,-7.963871,5.174772,-4.596858,3.379749
vacancy_0194,-7.401017,2.276366,0.388316,3.567898,-3.341836,-3.997297,5.850077,-4.772149,-7.333773,-4.730541,-8.568141,2.032770,7.999956,6.486895,-0.548019,9.362233,-0.064451,-2.777923,-0.055133,7.869597,-5.253577,-3.227353,-5.978337,3.712269
vacancy_0195,-0.230275,-5.000537,3.348986,2.619379,9.249992,-8.674166,6.432338,-0.240354,-1.021510,0.586086,-6.714279,-8.892916,5.309402,3.320430,-1.446085,0.649185,-1.581444,-1.147272,-5.396350,6.061319,0.446469,2.149569,2.255114,-5.952779
vacancy_0196,5.045357,-2.336752,4.239307,1.207970,-7.336804,-1.360927,7.955998,8.815828,-5.120619,3.404617,-7.321235,9.677391,-4.801450,-2.223297,2.610443,6.414344,11.348681,2.918790,0.313744,5.476798,-8.991541,5.598776,-4.001853,2.673361
vacancy_0197,4.365060,-1.945805,4.605975,2.175014,-6.979487,-1.654025,7.934863,8.788864,-5.157220,3.650463,-6.451575,9.768757,-4.927335,-1.719584,2.006736,6.727394,9.862847,4.545729,1.029862,5.885149,-9.750563,5.551424,-5.453811,2.780684
vacancy_0198,-3.961490,4.568552,5.705081,10.177574,-6.291921,-2.657294,-5.248310,8.632109,9.337163,6.149313,-3.779202,-7.987191,3.555306,0.270352,-3.435752,8.661389,5.583949,1.440742,-0.027935,3.868605,9.107293,-6.772430,-4.214327,-7.858069
vacancy_0199,-3.340670,4.308056,6.045761,2.356683,5.680930,1.290238,-8.896800,4.646935,3.089932,-3.377179,-6.080055,-8.452096,-10.274481,8.056172,-4.157669,7.817180,-2.294571,-7.375712,-4.842393,9.223886,-3.392335,-7.521559,-2.754354,-8.499372
vacancy_0200,-8.899628,-5.496965,-9.509091,-4.417265,-6.406164,-4.964254,5.572535,2.882699,-4.659831,-9.293889,-0.397454,-9.677272,6.369714,8.875817,-2.721324,0.562847,-3.144999,4.096617,-11.167570,-0.092243,1.587709,-0.432164,-7.550392,-6.215520
vacancy_0201,3.694554,-0.519263,3.876087,1.552224,-6.681003,-2.302369,8.038852,7.745943,-6.325229,4.730904,-8.429959,10.323771,-5.718549,-2.014846,2.728085,6.589419,9.358339,3.619088,0.972749,5.582287,-9.727118,5.006239,-3.936254,1.694462
vacancy_0202,-6.987958,-4.323026,-2.638962,-3.351373,-0.209892,3.510012,-4.751479,-0.778713,-2.695710,-7.785366,-8.525321,-9.760918,-7.432873,6.794318,-10.811731,4.250467,7.551505,0.306472,-8.182135,5.812702,-0.749541,-0.413770,7.066149,-7.863519
vacancy_0203,-2.844378,5.143862,5.185477,0.724437,3.710390,0.515261,-8.728459,4.435612,2.333238,-3.862453,-5.393827,-6.116586,-10.543873,8.229596,-3.716972,5.924606,-2.127293,-7.534518,-4.096368,9.591914,-2.596609,-8.257534,-3.475289,-9.519884
vacancy_0204,-0.599748,-5.135259,5.678593,3.360252,8.419330,-9.451500,7.521410,-0.497833,-0.221294,-0.494575,-6.942512,-9.690803,5.000366,3.034881,-2.773496,0.527603,-1.844912,-2.637416,-5.934571,7.130258,0.391321,2.691183,2.783270,-6.801924
vacancy_0205,-6.799003,1.171883,0.911644,4.479481,-3.742130,-3.038049,6.064883,-4.471951,-7.537672,-2.965805,-7.991850,2.410208,8.320493,6.126189,-0.153396,9.317870,2.062637,-2.934940,-0.655114,6.953520,-5.673909,-3.091312,-6.405445,4.123493
vacancy_0206,-4.112565,4.877070,6.907636,9.910229,-6.923521,-3.533777,-5.206673,9.587287,9.126588,4.970757,-4.991493,-7.734222,4.149787,0.872484,-4.159421,8.341007,7.054130,2.364045,-0.148148,4.828659,8.857950,-6.144112,-4.540207,-7.827950
vacancy_0207,-2.586687,5.644861,5.764390,1.072621,4.075381,2.169202,-9.819406,4.735333,3.717350,-3.666535,-6.184246,-7.629074,-9.048571,8.362199,-2.652601,7.521838,-2.738245,-7.932342,-4.571949,9.401036,-3.083073,-7.536583,-3.608841,-9.221664
vacancy_0208,-6.348198,-3.572269,-1.971151,-4.376049,-1.868867,4.935816,-4.220954,-0.920101,-2.963780,-7.020720,-8.580891,-9.113725,-8.433214,8.518945,-9.546175,5.003109,8.812268,0.399416,-8.789939,4.533039,-1.178763,0.061473,7.552623,-9.825453
vacancy_0209,-3.974121,4.408734,5.953504,9.447778,-6.274839,-4.719631,-6.256156,9.209785,8.527563,5.296169,-3.302167,-8.544609,5.521984,0.412930,-4.020019,8.454472,7.032484,1.705790,-0.038478,4.032437,7.872821,-7.482435,-4.491180,-7.626215
vacancy_0210,-2.331201,5.637467,5.733193,-0.009640,3.811577,1.815847,-9.795631,5.164552,2.061572,-3.596309,-5.684881,-7.416504,-9.603491,8.037605,-2.708624,7.662463,-2.995016,-6.428982,-3.931017,8.704883,-2.831289,-7.999622,-2.832410,-8.859844
vacancy_0211,-0.257158,-5.613227,4.333465,2.265161,8.558966,-8.659827,6.177875,-0.170821,-1.066495,-0.444546,-7.375334,-7.405181,4.981691,2.826056,-2.213316,1.282538,-2.338441,-1.343791,-5.309229,7.409359,-0.202437,1.320248,3.372755,-6.302404
vacancy_0212,-9.748935,-4.945106,9.778495,0.797484,6.974359,2.622354,2.164567,4.329619,7.484429,-4.975757,7.282800,-8.210614,-5.864364,-4.205286,1.420968,3.654477,-9.690281,-4.531999,0.748600,-6.113148,2.448964,6.991581,-8.125210,3.566020
vacancy_0213,-2.889579,5.111935,6.089785,-0.169374,4.780238,1.641007,-9.792361,4.939408,1.969004,-4.336956,-6.060803,-6.770736,-10.286805,9.608286,-3.292635,6.888525,-2.373779,-6.382101,-4.546507,9.360125,-2.398513,-8.406601,-2.479084,-9.281961
vacancy_0214,-6.467354,-2.910728,-3.412817,-3.173275,-0.468895,2.403873,-4.513397,-0.678134,-2.696831,-6.862079,-8.262021,-9.702458,-7.943516,7.890232,-8.640762,4.281009,7.421411,1.172280,-8.411168,4.746732,-2.174345,-0.356691,8.158916,-10.573628
vacancy_0215,0.058055,-4.592609,4.766721,2.100117,8.096052,-9.396023,6.659526,0.231936,-0.928366,-0.438835,-9.026085,-7.591765,4.753735,3.621734,-2.579346,1.057848,-2.031118,-1.096008,-5.498815,7.658290,-0.216404,1.477547,3.423242,-6.581640
vacancy_0216,3.480851,-0.884537,4.480032,1.989918,-6.545797,-0.466621,7.786245,8.073454,-5.146382,3.196315,-7.685702,10.226120,-5.409410,-2.396799,2.120587,6.807387,8.919244,5.030830,0.008837,6.187185,-7.849555,5.382437,-5.512150,2.317699
vacancy_0217,-3.192130,4.316736,7.321554,9.910209,-6.565116,-3.053337,-4.658286,9.275405,8.947427,6.034196,-4.220904,-7.424593,4.537465,0.881548,-3.738644,8.691323,6.648142,1.655417,-0.519360,4.138025,9.333929,-7.504141,-5.655569,-7.207984
vacancy_0218,-6.827730,-3.842491,-2.534978,-4.109954,-1.264440,4.656266,-3.561241,0.868613,-2.581927,-7.216263,-8.101871,-9.531590,-8.272622,7.930826,-10.881959,4.005929,7.103943,-0.200223,-8.154818,4.634372,-2.567180,0.111709,7.187892,-8.064930
vacancy_0219,-2.952785,5.292959,5.613467,1.117038,5.034139,1.046932,-8.418868,4.767815,2.410045,-3.903206,-5.765783,-7.750580,-10.089477,9.660426,-3.393213,5.818740,-3.174606,-6.399869,-4.147060,9.075645,-2.189371,-7.040157,-1.628949,-8.603935
vacancy_0220,-9.130644,-5.970532,-8.756794,-5.662736,-5.502509,-6.786084,6.519314,2.376699,-4.201626,-9.237191,0.081415,-9.164348,6.922178,9.376260,-2.564403,1.609909,-3.594221,5.108049,-10.453943,-0.784348,3.589962,0.200130,-8.134962,-4.289412
vacancy_0221,-9.324778,-5.566732,9.847973,0.062544,7.022896,3.807564,0.613049,4.367908,7.319492,-5.240424,6.510137,-8.924052,-4.575679,-4.956771,2.258195,3.885688,-9.391567,-4.603871,-1.069451,-6.277460,1.412325,8.493723,-7.852348,2.778035
vacancy_0222,0.488531,-3.517593,5.247580,2.146056,8.156845,-9.170643,7.457885,-0.450158,-0.431553,0.061253,-6.841849,-9.198519,5.242405,3.628053,-3.790032,0.033219,-2.253506,-2.339137,-5.722517,6.785320,0.945172,2.352013,3.280312,-6.373984
vacancy_0223,-6.903173,2.100751,0.701532,3.380102,-3.636547,-4.026476,5.389094,-3.356272,-7.576850,-3.595381,-8.172435,1.579010,8.126039,6.842273,-1.314072,9.421814,0.528051,-2.298996,-0.895197,7.108745,-5.391007,-1.531853,-6.065224,5.221735
vacancy_0224,3.846953,-0.048382,3.095901,1.475692,-7.462016,-1.654929,7.624053,8.401842,-6.259916,2.940046,-7.900883,9.796092,-3.937140,-2.442463,1.893331,8.316374,8.357190,4.204199,0.803104,5.998617,-8.641271,5.416824,-5.755863,2.784813
vacancy_0225,-7.141881,1.903432,0.773606,4.015656,-2.540124,-4.196038,5.017133,-4.059301,-7.176853,-3.850242,-8.484863,1.327462,9.418610,6.140470,-1.027593,9.268646,0.842613,-2.877405,0.913053,7.332117,-5.772150,-2.610603,-6.209195,3.501608
vacancy_0226,-9.892110,-5.928794,9.984063,-0.774541,5.929330,2.432225,1.190235,4.243486,7.113870,-5.366909,6.561945,-9.921472,-4.629777,-4.467020,2.309560,3.002711,-8.815777,-5.227640,0.145170,-6.860276,2.000667,6.908279,-8.278059,3.574814
vacancy_0227,-2.061772,5.904879,5.682894,1.599596,4.295698,0.336886,-9.049315,5.269261,3.243343,-3.547606,-5.501207,-7.610424,-10.646706,7.848907,-2.255365,7.083206,-0.845908,-7.373851,-3.763120,8.763269,-3.351572,-7.063389,-2.168533,-9.063757
vacancy_0228,5.114216,-0.910421,4.707996,2.684240,-6.717416,-1.054357,8.612835,8.378167,-5.270171,4.277259,-8.158690,9.264818,-5.738371,-2.184157,2.352465,6.793042,9.923397,3.701581,1.847313,5.841628,-9.148025,5.834744,-4.027041,2.106628
vacancy_0229,-8.128111,1.178054,0.841961,3.978786,-3.352756,-4.686256,6.017823,-3.329556,-8.652170,-4.404552,-7.884470,0.508848,8.199053,7.220444,-0.763907,8.666188,0.307529,-2.332152,-0.112774,8.711586,-3.593977,-2.551286,-5.219727,5.024076
vacancy_0230,0.538705,-6.047042,4.080221,2.297576,8.950369,-8.919554,6.173042,-0.933055,-1.402957,-1.508447,-8.372319,-7.877154,4.674672,3.353766,-2.597726,1.380508,-2.641978,-2.205320,-7.144042,6.837614,0.083250,1.991350,3.024976,-5.832646
vacancy_0231,-7.425031,1.365274,0.554520,3.659122,-3.327372,-4.718340,5.167529,-3.119916,-8.004337,-3.884090,-8.145555,1.779615,9.024102,4.985016,-1.573879,10.094471,0.962201,-2.985820,-1.123089,7.925017,-4.606640,-2.057028,-6.159521,5.699803
vacancy_0232,-3.136248,5.827247,6.038983,1.468344,4.118320,0.747267,-10.415199,6.036874,3.400917,-4.156090,-6.474367,-6.925202,-9.390446,10.370998,-2.275995,6.493429,-1.667247,-7.299847,-4.059963,8.001517,-3.225647,-7.441614,-2.471236,-8.963778
vacancy_0233,-7.185261,2.553198,1.551057,4.138451,-3.539710,-5.284530,6.555711,-3.854812,-7.331395,-4.210504,-7.516320,1.428672,7.676796,7.055758,-1.491798,8.746892,0.930394,-3.407620,0.251596,9.007497,-5.459260,-2.081007,-5.947615,4.628357
vacancy_0234,-8.558536,-6.042184,-9.188146,-4.964903,-5.450031,-5.372632,5.170984,2.043419,-4.229017,-8.892110,0.037514,-9.418853,5.530855,9.424201,-3.279009,1.342379,-3.500892,6.337601,-10.742317,-0.152004,3.495633,-0.132972,-7.670720,-5.806194
vacancy_0235,-1.004350,-6.151368,5.312753,3.406322,8.255461,-8.721790,6.104675,-0.019340,-1.061247,0.681731,-7.728433,-8.831598,5.101831,3.567695,-0.439515,0.042858,-2.084852,-1.596340,-5.548779,6.713454,-0.074668,2.343104,3.247280,-6.616497
vacancy_0236,-8.764327,-5.885491,-9.372451,-5.135299,-5.677096,-5.359885,6.543844,3.466046,-3.666895,-8.390504,-1.184894,-8.983359,5.876093,10.022081,-2.811544,1.526462,-3.909925,4.391339,-9.912915,0.689946,2.582452,0.231088,-8.046591,-5.760652
vacancy_0237,4.624254,-1.219360,4.204373,2.452809,-6.732449,-0.542819,8.313887,8.219894,-5.717192,1.797334,-7.956071,9.342285,-6.669911,-0.683729,1.743892,7.749479,9.286404,3.475595,0.110331,5.859551,-8.912583,4.825794,-4.853408,2.901009
vacancy_0238,-1.419188,-5.700084,5.072321,2.238367,8.916741,-8.667370,6.783028,-0.746585,-0.551631,0.064480,-7.264204,-8.263535,4.427744,3.878048,-2.171733,1.138254,-0.919015,-1.573125,-4.896259,6.095336,0.154925,2.189765,3.594982,-6.276900
vacancy_0239,-8.625591,-6.313143,-8.201006,-5.204152,-5.538902,-5.657450,5.948882,1.748771,-3.419070,-9.213078,-0.456106,-9.165545,6.497439,8.832352,-2.184587,0.928875,-4.460126,7.049839,-9.976553,-0.686160,1.061767,0.313199,-7.688385,-5.250981
vacancy_0240,-0.776888,-4.403627,4.672282,3.952503,7.922203,-9.845699,6.544616,-0.357520,-1.212989,-0.033977,-6.503176,-7.938969,5.610442,2.958725,-1.554558,0.791820,-1.736812,-2.543874,-6.406636,7.030435,-0.481923,2.260177,2.564640,-5.642353
vacancy_0241,-3.350150,5.427174,5.799054,1.813252,4.036744,1.094160,-8.930492,4.216178,1.421091,-3.114908,-6.346164,-6.821622,-10.701662,8.635615,-3.133639,8.240136,-1.221603,-7.679234,-4.117077,8.930147,-3.340096,-8.059392,-1.453033,-9.320199
vacancy_0242,-8.728679,-6.560064,-8.344983,-5.231301,-6.999860,-6.025075,6.067423,2.627754,-4.681498,-7.488525,0.074543,-9.514533,7.599637,8.607206,-3.897144,1.848268,-4.467504,4.835438,-9.809178,0.160111,2.389017,0.268616,-8.080874,-4.285585
vacancy_0243,-2.913918,5.564656,6.666219,1.674053,5.097496,1.048635,-9.040548,5.791342,1.564378,-2.869901,-5.006262,-6.936807,-9.975882,8.005580,-3.043198,8.104645,-2.812995,-6.406498,-4.047363,9.385657,-2.784459,-8.324350,-2.062782,-8.500736
vacancy_0244,-3.974741,3.309461,6.175824,9.075765,-6.778279,-3.945794,-6.250499,8.906220,9.093569,5.611626,-3.584984,-8.337094,4.151407,0.389069,-4.709976,7.797740,6.206813,2.241316,0.341479,4.446742,9.026114,-7.241798,-4.332332,-8.413224
vacancy_0245,3.764900,-1.298295,3.925836,1.422394,-6.978752,-2.261995,7.649950,8.193717,-6.103768,4.352664,-8.288287,10.552505,-5.038002,-1.720557,3.307169,6.446958,8.718047,3.849532,0.892001,5.210910,-9.012487,5.309970,-5.186106,2.823848
vacancy_0246,-9.753540,-4.490215,9.055565,-0.183220,6.591874,3.707760,2.022101,4.827632,8.461011,-4.569589,6.359001,-9.751241,-3.635702,-4.800058,2.401016,4.840777,-9.020423,-5.696319,0.437002,-5.603844,2.555801,6.777779,-7.307553,3.493356
vacancy_0247,0.027113,-5.144017,4.075128,2.299547,7.886830,-9.653972,7.399015,1.274348,-0.656158,-1.008164,-7.012030,-8.882489,4.973733,4.253918,-1.994469,-0.281537,-1.108654,-1.470653,-6.449302,6.541054,0.317051,2.330301,2.441766,-5.652854
vacancy_0248,3.496950,-1.367091,3.622366,1.242867,-7.452707,-1.406709,7.687499,9.476009,-6.147892,3.372173,-7.696866,10.569479,-5.482283,-1.876974,1.491260,7.352161,10.816531,1.996865,1.198174,5.298871,-8.979948,5.837301,-4.813047,1.570173
vacancy_0249,-0.323992,-5.484978,4.274738,2.724080,8.149147,-9.143899,6.311807,0.201508,-2.134573,-0.242626,-7.976427,-7.732803,5.419771,2.934599,-1.702007,-0.069521,-2.199943,-2.321960,-5.244886,6.434352,-0.305696,3.360708,2.416526,-5.855483
vacancy_0250,-4.144177,5.278255,7.132758,9.938100,-7.072237,-3.017598,-6.492445,9.785278,9.235284,6.665920,-3.375835,-8.245683,4.987409,-0.009164,-3.740059,8.531446,6.993885,2.453554,-0.557850,3.461451,9.466019,-6.513359,-4.374235,-8.008356
vacancy_0251,-9.700775,-5.542701,10.008348,1.278293,5.591267,2.604393,2.000169,5.077542,7.825817,-6.049377,5.593439,-9.189557,-4.677763,-4.385822,1.672005,3.283916,-9.300370,-4.140839,0.521720,-4.536016,2.784867,8.058491,-7.539030,3.885759
vacancy_0252,-3.917007,5.679879,6.560577,0.952962,4.371928,0.564356,-8.285631,4.680471,3.141010,-3.206313,-6.667806,-5.734553,-11.421388,8.949444,-2.521989,7.180239,-1.521910,-7.201131,-4.393142,8.308597,-2.993926,-8.099478,-3.036230,-8.807006
vacancy_0253,-6.904334,2.718040,0.312988,3.455528,-3.526817,-3.500805,6.809879,-5.244245,-8.516839,-3.993840,-7.654872,0.553004,9.119346,6.053002,-0.975285,9.743124,0.491428,-2.137319,0.605257,7.812628,-5.575237,-2.153501,-5.349311,4.606051
vacancy_0254,-9.689816,-4.404870,9.719916,0.017448,6.477938,3.671729,1.982722,4.499439,7.396036,-5.005526,6.708828,-9.527387,-4.472930,-4.799508,2.210459,3.662367,-10.230845,-4.765550,0.939963,-5.609615,2.560272,6.879794,-8.330604,3.809596
vacancy_0255,-9.763202,-5.564399,9.643622,0.107578,5.989164,2.981628,2.043915,5.020301,6.651343,-5.009131,6.161971,-9.590973,-5.781626,-5.213171,1.978868,2.867127,-9.035912,-5.048220,-0.168703,-7.067865,3.063603,7.734864,-8.016640,3.492324
vacancy_0256,-7.585691,1.365696,1.727285,3.233192,-2.937271,-3.879266,5.170430,-4.792753,-7.954870,-4.452851,-9.249033,0.901888,8.888555,6.693117,-0.900757,8.891392,1.159547,-3.166023,0.925146,7.646769,-5.351793,-2.125371,-6.059165,4.805243
vacancy_0257,4.366093,-0.993705,3.373763,2.240134,-7.470284,-1.791702,8.271098,8.668865,-5.581544,3.286471,-8.321854,9.160923,-4.320373,-2.603999,2.273768,7.790915,10.134761,4.741321,-0.344680,5.889799,-9.451774,5.015841,-4.654343,2.314133
vacancy_0258,4.883499,-1.931979,4.090545,1.218784,-7.529784,-2.003934,7.574257,8.171453,-5.781985,4.832587,-8.148632,10.977761,-4.256354,-1.475775,3.325882,6.917770,8.210947,3.353392,1.102652,5.216576,-8.985222,5.985319,-4.116492,2.425674
vacancy_0259,-9.762403,-5.318472,10.090672,0.629998,6.133849,4.028347,2.535573,6.207116,8.046015,-4.583373,5.972859,-9.822602,-5.980561,-5.620024,2.564097,2.875656,-8.974141,-4.622469,-0.102693,-5.958190,1.485081,6.697388,-8.504624,2.258302
vacancy_0260,-4.254013,5.039638,6.801586,9.299873,-7.463276,-2.873878,-4.695090,8.962850,8.220250,6.144087,-3.816262,-7.857957,4.329545,1.185875,-3.796144,8.562519,7.401236,1.640411,0.031227,4.935237,8.912353,-7.539778,-4.910091,-8.897011
vacancy_0261,-7.982186,1.425512,1.022107,4.347978,-3.780023,-5.418818,6.063939,-4.287864,-8.278662,-4.610302,-7.593359,0.495117,7.991626,4.896283,-0.752837,9.000607,0.763233,-2.214785,-0.527611,7.980786,-5.185905,-2.085979,-7.123198,4.295808
vacancy_0262,4.440894,-1.155826,4.666547,1.715114,-7.415915,-2.560239,8.570801,7.813532,-5.507173,2.960702,-8.968806,10.267905,-5.467912,-1.515341,1.796467,6.727879,8.487823,4.347999,0.260563,5.977956,-8.696439,5.630245,-3.827453,2.591748
vacancy_0263,3.740647,-1.407659,4.181438,1.455624,-5.699072,-2.149436,7.891345,6.665776,-5.615352,3.299869,-7.805160,9.793880,-4.253992,-2.290686,1.593294,6.576192,9.796035,4.456011,1.725217,4.844047,-8.338977,5.942577,-5.058486,2.363785
vacancy_0264,5.026877,-2.063768,4.601085,2.258129,-6.956905,-1.571117,7.469510,9.301044,-5.778220,3.740050,-7.336240,10.175924,-4.823975,-2.225587,2.317119,7.088475,10.066309,4.949619,0.916582,5.391417,-8.339651,5.081575,-5.279328,1.255580
vacancy_0265,-9.885314,-4.425971,8.681557,-0.158738,5.634825,2.984825,1.742071,5.180817,7.248904,-5.300271,7.282631,-8.990063,-4.518248,-4.224891,2.166269,4.318940,-8.822297,-4.731139,-0.138033,-4.986093,2.632924,7.567976,-8.709416,2.980580
vacancy_0266,4.528171,-0.618125,4.349197,2.892154,-6.493908,-1.192604,7.602227,8.405627,-5.084010,4.226975,-7.456690,8.767167,-4.559354,-2.811131,2.373009,6.148386,10.362345,4.064140,0.404481,5.176551,-9.489070,4.784065,-4.986586,1.632836
vacancy_0267,-3.254155,5.011753,6.380886,0.322676,3.778091,0.147440,-9.133457,6.069192,2.550708,-2.868773,-6.173784,-7.475574,-10.145276,8.518950,-3.332499,6.327538,-1.329183,-7.382845,-3.778598,9.114979,-2.834371,-8.048115,-2.587199,-8.530997
vacancy_0268,3.754820,-1.657540,3.164018,0.573370,-6.782403,-1.064781,8.097848,8.967091,-5.174263,4.828732,-7.489090,10.036397,-4.686437,-1.664301,1.916031,7.465677,8.976016,5.072263,1.657906,6.124244,-9.029699,5.439151,-4.819967,2.247603
vacancy_0269,-8.651794,-5.723533,-8.484875,-5.542210,-6.430481,-5.211493,6.410500,1.640584,-5.435155,-9.275434,-0.990849,-9.130522,7.160486,10.315750,-2.361673,1.120740,-4.219004,5.498689,-8.521531,0.004984,1.373619,0.178654,-8.159506,-5.220583
vacancy_0270,-6.760842,-3.254400,-3.011331,-2.329877,-1.453011,3.900016,-4.402034,-2.043378,-2.939566,-7.849861,-7.816376,-9.837005,-7.633583,7.398218,-10.081500,3.950510,6.729293,0.507919,-8.458856,4.922944,-1.061046,-0.614107,8.243485,-8.455235
vacancy_0271,-7.707919,0.414909,0.974204,3.904872,-4.337268,-3.716036,5.448833,-3.748071,-7.617155,-2.943032,-8.195139,0.620657,7.222451,5.908222,-0.685751,9.326341,0.749114,-3.203691,-0.699362,8.100271,-7.141516,-1.938064,-6.876654,4.551275
vacancy_0272,-6.732817,-3.217962,-2.485252,-2.355524,0.211631,4.581568,-3.190644,-0.196097,-2.773587,-7.314903,-7.226359,-9.400124,-6.897848,7.549517,-10.933356,4.502528,7.821551,-0.546332,-9.346867,6.125452,-0.880709,-1.109684,8.481584,-9.128561
vacancy_0273,-0.201110,-5.377527,4.065465,4.398108,7.806275,-9.817408,6.575471,0.522080,-0.691276,0.748094,-8.489406,-9.128445,5.715442,3.814112,-1.921439,0.170358,-3.187749,-2.803238,-4.646702,6.418379,0.575980,2.992111,2.708129,-6.050284
vacancy_0274,-8.879638,-4.553910,9.665892,-0.553585,6.289655,4.405540,1.945951,4.767486,9.443453,-4.869740,6.225928,-9.548483,-4.709083,-4.110353,2.361155,3.586842,-10.041284,-4.657113,0.849142,-6.080632,2.859111,7.439849,-8.027628,3.411257
vacancy_0275,-0.247313,-4.700524,5.141224,3.662164,8.606926,-8.797468,8.453279,-1.334901,-1.885508,-0.146768,-7.905526,-9.887712,5.298531,2.751857,-1.584390,0.019076,-1.114203,-1.683334,-5.540711,6.263093,0.110846,2.620273,2.905990,-5.380805
vacancy_0276,-7.879826,2.148601,0.701736,3.719625,-2.915905,-3.595897,5.224802,-4.215488,-7.468409,-3.081653,-8.478952,1.312023,8.118354,6.446530,-0.965426,10.188217,1.306980,-3.765023,1.174785,8.032253,-5.769818,-2.143689,-6.262971,4.820071
vacancy_0277,-4.949456,5.506954,6.532591,9.821772,-7.292248,-2.046556,-6.023120,8.543964,9.275542,6.273860,-3.947368,-7.627628,4.201392,-0.134237,-2.854113,9.089284,7.419781,1.048836,-0.003038,4.654268,9.070707,-6.634646,-6.126453,-7.131000
vacancy_0278,3.531910,-0.267105,3.517075,2.069324,-6.431008,-1.507446,8.114317,8.302027,-5.751933,3.169761,-8.116192,10.164593,-5.504114,-2.042237,2.918719,6.888953,10.558728,5.048351,0.648481,5.270822,-7.810668,5.886238,-4.989608,2.848406
vacancy_0279,-3.516140,5.758105,6.820845,1.078666,3.778448,1.642021,-9.544655,4.892132,2.335752,-3.674274,-5.043407,-5.929355,-10.414844,8.394724,-3.424209,6.798992,-2.627028,-6.465131,-4.822707,9.014018,-3.460893,-8.276874,-1.461349,-9.429996
vacancy_0280,-7.491608,-3.237473,-3.677327,-3.072768,-0.747870,2.315014,-3.863482,-0.933784,-2.261014,-6.604158,-8.864861,-10.363520,-8.080206,6.875494,-9.812704,3.463928,6.925696,0.368467,-9.965102,3.828696,-2.262273,-1.011360,7.766932,-9.157967
vacancy_0281,4.686449,-1.655377,3.514178,1.431704,-7.504083,-1.165787,8.058849,8.763113,-6.638503,3.481730,-9.079602,9.675146,-4.743844,-2.190625,2.679284,6.956971,9.252253,4.928656,1.068627,4.757575,-8.764893,4.645511,-5.557667,1.029961
vacancy_0282,-0.686995,-4.109039,4.383976,2.823975,8.604305,-8.791656,6.844525,0.498055,-1.139791,0.264491,-6.611634,-8.546654,5.795673,3.358876,-2.017305,0.319326,-2.856880,-0.208547,-5.539694,6.390505,0.657285,2.673315,3.905184,-6.012180
vacancy_0283,-3.527684,3.842910,6.140718,1.897889,4.339194,0.732333,-8.575362,4.716573,2.266017,-3.418959,-5.135061,-6.757505,-9.175892,8.325324,-4.145388,6.801901,-2.014636,-7.347727,-4.382358,9.749944,-4.443777,-7.492227,-2.804233,-9.885301
vacancy_0284,-9.425868,-4.158583,9.538868,0.864804,6.443315,4.796361,2.017516,5.497514,6.685962,-4.301953,7.472506,-9.360672,-4.635978,-4.933365,2.190434,3.730183,-9.408013,-5.062942,-0.216826,-6.317951,2.384589,7.492086,-8.507047,2.736198
vacancy_0285,-3.551626,5.574284,6.252226,0.812325,4.218685,1.391765,-9.359524,5.380088,2.972660,-3.911915,-6.657099,-8.078492,-10.085531,9.100048,-3.361296,6.834242,-2.881155,-6.796357,-3.622376,9.452434,-3.947439,-8.225233,-2.835437,-8.902293
vacancy_0286,-1.107033,-4.856304,4.720129,2.714928,6.837364,-9.082886,6.869391,-0.656656,-0.983269,-1.031371,-6.455525,-9.079211,4.347171,2.906764,-1.139738,-0.017340,-1.242874,-1.523207,-6.522336,6.248590,0.874550,2.442360,2.147429,-6.599516
vacancy_0287,-0.952594,-4.517884,4.668033,1.674045,9.433915,-9.824893,6.890400,0.185300,-1.638945,-0.580857,-8.610150,-7.648862,3.183476,3.197781,-2.006126,-0.265138,-4.331876,-3.079469,-5.496938,6.597318,1.043777,2.693396,2.562402,-6.400524
vacancy_0288,3.672849,-0.768355,4.782045,1.855651,-6.129771,-1.560547,7.470066,8.652878,-5.986848,2.717423,-7.917073,9.239469,-5.031964,-2.021674,2.865286,6.844111,10.767466,3.742049,-0.758090,5.421006,-7.920237,5.253506,-4.732213,2.611166
vacancy_0289,-7.184813,-2.872558,-1.929758,-4.012477,-0.985060,2.905329,-3.595873,-1.134635,-1.785912,-8.326170,-8.536605,-8.514351,-7.979563,7.265719,-10.230183,4.515409,7.734786,1.368872,-9.093073,4.653136,-1.757517,-0.375139,8.148020,-9.622559
vacancy_0290,-2.888487,5.965918,6.073928,1.743001,4.934714,1.455379,-8.622311,5.286810,4.297209,-3.479809,-5.380652,-7.059310,-9.973613,7.754643,-2.679617,6.930516,-1.863341,-7.843083,-4.805141,8.704647,-3.324947,-7.719219,-2.337406,-8.816197
vacancy_0291,-9.211006,-7.105459,-7.083691,-5.225221,-6.059459,-6.239017,6.153908,2.043046,-4.392920,-9.045452,-0.213384,-9.609130,6.251822,8.597386,-2.968125,1.861871,-3.877636,6.218963,-10.062688,0.029788,2.215660,-0.043721,-7.817423,-4.771107
vacancy_0292,-9.225825,-3.625734,10.224157,-0.342395,5.403366,2.882347,1.604845,5.568479,7.510120,-4.206874,6.343462,-9.851675,-5.112868,-4.068358,1.677089,3.850293,-9.323246,-6.243065,-0.850406,-5.450221,1.891588,7.638467,-8.574699,2.937720
vacancy_0293,-7.045852,-4.032567,-1.502824,-3.466340,0.388341,5.023831,-3.684327,-0.867494,-1.778764,-7.152983,-6.346026,-9.372513,-7.837648,7.434930,-10.206554,2.437195,8.597476,1.065296,-8.931772,4.631041,-1.546378,-1.382069,7.810635,-9.668103
vacancy_0294,-10.155059,-4.375642,8.680026,-0.296881,5.663263,3.831596,2.619560,5.224724,7.647261,-4.025209,5.727089,-9.791223,-4.699985,-4.565753,1.007763,2.702448,-9.325556,-4.460491,-0.136601,-5.679146,2.405192,7.575532,-6.503612,1.884679
vacancy_0295,-7.714872,0.887893,0.116275,3.999385,-4.059496,-5.171210,5.737859,-4.798191,-6.533645,-4.228041,-7.156602,0.889894,7.889343,5.818004,0.505303,9.396552,-0.223444,-2.873947,0.472295,8.152380,-5.411225,-3.192704,-6.493951,3.967223
vacancy_0296,-3.745338,3.511449,5.862986,9.394398,-6.021219,-3.588495,-5.523316,8.646371,8.977063,5.836787,-4.564289,-7.477365,4.478791,-0.691349,-4.550150,7.826463,6.433529,1.575066,-0.054927,4.038442,8.888544,-6.767815,-5.309849,-6.863886
vacancy_0297,-7.044123,-2.761973,-0.833029,-3.509214,-1.586566,4.355162,-4.649344,-0.493707,-4.064563,-7.462913,-7.597335,-9.443677,-7.469005,7.794292,-8.708120,4.525501,7.197932,0.246326,-7.888099,4.627869,-0.531743,0.480078,7.756229,-9.221279
vacancy_0298,-8.537706,-2.844570,-1.701645,-3.243684,-1.049589,4.705554,-4.241171,-0.734306,-3.304402,-9.029270,-7.244083,-9.035981,-7.118301,6.824335,-9.990383,4.118893,7.427989,-0.570822,-8.539335,4.805801,-2.040125,-0.704043,8.171926,-8.912136
vacancy_0299,3.315852,-1.414247,4.329551,0.920191,-7.670631,-1.176759,8.705964,8.243029,-5.125268,3.808834,-7.357812,10.989499,-4.912074,-1.668405,2.509822,6.450317,9.097252,3.389758,0.677303,6.788634,-9.467134,5.672809,-4.681072,2.861239
vacancy_0300,-7.801556,-5.940552,-9.080803,-5.386526,-6.552261,-5.463716,6.215496,1.208935,-4.334601,-8.823691,-0.711296,-9.245848,6.959051,9.341587,-2.373791,0.809765,-3.954334,4.527458,-9.809434,-0.589973,2.155316,-0.021291,-7.481361,-5.277670
vacancy_0301,-7.123667,2.125683,0.981265,4.425070,-3.282469,-4.980932,6.426953,-4.789135,-5.828599,-3.449583,-7.713629,1.093294,8.390699,4.797772,0.161715,9.044546,0.619435,-2.697385,-0.010798,7.371436,-4.539501,-2.123521,-6.080237,4.940502
vacancy_0302,-9.047153,-4.682908,10.628320,-0.938955,6.621096,3.263616,2.396930,3.313219,8.151443,-3.088881,5.195754,-10.369871,-4.709163,-4.575521,1.733803,3.238925,-9.307807,-4.692928,0.440588,-5.780054,2.756435,6.592692,-7.660845,2.600849
vacancy_0303,4.946295,-0.486216,3.839901,2.066535,-6.173461,-1.190311,9.371314,7.890123,-4.582926,2.648537,-8.061876,8.832751,-4.873706,-2.187900,2.404407,7.426019,9.522917,3.200008,0.785009,5.575912,-8.939427,5.118216,-5.194231,2.286187
vacancy_0304,4.019940,-0.968665,3.966357,2.223985,-6.423899,-1.135854,8.355917,8.578908,-5.461596,5.096327,-8.373606,9.821748,-5.303106,-1.214530,3.232487,6.788556,9.890335,4.924782,1.313092,5.400263,-9.114983,3.688360,-4.750119,2.495553
vacancy_0305,-3.369356,5.156395,6.166051,0.377400,4.794059,1.557463,-9.399252,4.568968,2.821791,-3.326060,-6.518519,-7.460394,-9.063740,9.140416,-3.455166,6.787940,-1.519947,-6.722262,-5.396596,9.211347,-3.411483,-7.905044,-2.854029,-9.934680
vacancy_0306,0.039403,-5.436546,4.908537,3.112587,9.368028,-9.244831,7.616630,-0.011011,-1.245586,-0.244769,-7.889497,-8.342356,3.479551,2.829208,-2.037836,0.212392,-1.416055,-1.559805,-5.587782,7.548626,-0.139126,2.082208,3.871704,-6.412811
vacancy_0307,-10.167188,-6.314548,-8.366523,-6.380804,-6.007404,-6.175084,5.735682,1.904221,-4.012397,-9.406701,-0.619252,-9.063150,6.850803,8.220358,-2.627815,1.358618,-4.386382,6.739297,-8.998692,-1.043434,2.893586,-0.167196,-7.400980,-5.499906
vacancy_0308,1.072773,-3.723258,3.477369,1.991627,7.839078,-8.875467,6.666670,-0.956545,-1.477267,0.373091,-7.384770,-7.600881,4.563351,3.687023,-2.324378,0.786629,-1.792663,-2.126829,-5.261119,6.535544,0.160433,3.343143,3.404879,-7.319713
vacancy_0309,-9.543683,-3.303718,10.095440,-0.215136,5.847016,4.501738,2.458053,5.142484,6.909017,-4.443363,6.430518,-9.483921,-5.234348,-4.896955,1.122291,3.472299,-8.784549,-5.298971,-0.432487,-5.909740,2.388871,7.606330,-8.941704,3.689232
vacancy_0310,-3.306329,5.185412,7.541532,0.649005,4.681332,0.748629,-9.183623,4.458637,3.078806,-3.467985,-5.567667,-6.547933,-9.591903,9.525079,-1.868419,6.934297,-2.101737,-7.014743,-4.608169,9.976449,-2.374517,-7.755547,-3.058579,-9.833892
vacancy_0311,-2.984365,5.350175,6.169759,1.158377,4.349281,2.168321,-9.190040,4.732808,2.687814,-4.648758,-5.936477,-6.483499,-9.725511,9.841707,-4.139032,6.677137,-3.485900,-6.047024,-5.112351,8.415735,-2.329118,-8.085709,-3.128448,-9.432854
vacancy_0312,-7.195950,-2.610606,-1.745248,-3.343023,-0.859242,3.744795,-3.687177,-0.832310,-3.203023,-8.212619,-7.673594,-8.356927,-7.476022,8.340711,-9.843438,4.545687,7.715402,0.279601,-9.051056,4.888462,-1.761576,0.600640,7.786355,-9.259946
vacancy_0313,-2.454768,5.501066,6.499272,0.210845,4.523680,1.814328,-9.622393,5.858618,1.818527,-4.300298,-6.247881,-6.905568,-8.888126,7.703855,-2.703177,5.168080,-2.653715,-7.416757,-4.770862,9.722561,-2.824833,-8.174527,-2.600314,-9.042611
vacancy_0314,-0.533042,-5.163874,3.454507,1.989513,8.197675,-8.408027,6.666437,1.163395,-1.143539,-1.096309,-7.615063,-7.368647,4.782986,3.278497,-1.917671,-0.270688,-1.689600,-1.799286,-5.160425,6.864760,0.839760,3.052353,2.637651,-6.325697
vacancy_0315,-9.123209,-5.472535,-8.454892,-5.325087,-6.503335,-6.291113,5.133439,2.535275,-4.067740,-9.389679,-1.372240,-10.167631,6.839274,8.971094,-3.002352,2.623791,-4.452366,5.360305,-9.055627,0.344271,2.962403,-1.423196,-7.895381,-5.761002
vacancy_0316,-2.306598,6.298402,6.159283,0.861028,5.304606,1.550476,-8.006195,4.682146,3.437445,-4.374641,-5.653171,-7.824501,-10.206885,8.437138,-2.551706,6.396447,-2.398340,-7.586801,-4.823876,9.519953,-3.970448,-7.707338,-2.818975,-9.579066
vacancy_0317,4.426532,-1.050323,3.434396,1.498800,-7.053083,-1.120594,8.219596,8.445342,-4.331318,3.313426,-8.739557,9.796062,-4.490317,-2.287437,1.933046,6.698964,10.585932,3.402262,0.412460,4.947178,-9.049051,5.818877,-6.345098,2.222351
vacancy_0318,-3.947685,4.720259,6.906574,9.318715,-6.906196,-3.117977,-5.297835,8.245448,9.757220,5.572883,-3.455865,-8.418174,4.222479,0.596163,-4.370879,8.440666,5.919038,1.853658,-0.102880,3.985594,8.686505,-6.158403,-5.040627,-7.889892
vacancy_0319,4.759700,-1.362880,4.690340,2.426491,-7.583081,-2.291189,7.205462,8.355399,-5.087150,2.759331,-7.864875,10.411520,-4.769390,-2.083516,1.483948,6.817302,9.758689,4.704038,-0.114562,6.119570,-9.619765,3.963416,-3.978662,2.195139
vacancy_0320,-7.490164,-3.783844,-1.640999,-4.385013,0.038685,3.452710,-3.895437,-0.523839,-2.807732,-7.724559,-7.462475,-8.796554,-7.319060,6.899401,-9.602451,5.580767,7.701423,1.087391,-8.912281,5.013512,-2.154616,-0.740537,7.720152,-9.088175
vacancy_0321,-7.887986,-3.531382,10.340697,0.290694,5.814975,3.699048,2.351661,4.900317,6.484809,-4.374488,6.614973,-9.815670,-4.655298,-4.617588,1.421845,3.147379,-7.678316,-3.826895,0.336257,-6.898930,2.138658,7.043350,-8.654757,3.013847
vacancy_0322,-2.149079,4.188610,6.680440,1.234177,4.904904,0.826863,-8.717266,5.065693,2.787504,-3.311752,-4.588416,-6.959928,-9.245009,7.532066,-2.929131,6.157954,-2.264758,-7.728624,-3.657305,9.234686,-2.964544,-7.871099,-1.548559,-10.033508
vacancy_0323,4.720765,-0.820659,5.458343,1.399394,-6.587145,-1.385106,8.466606,8.054153,-5.230946,4.009211,-8.666282,9.116906,-4.971480,-2.249189,2.694392,6.556984,10.027288,4.260562,0.931912,5.627748,-9.350561,4.906246,-4.427881,1.211464
vacancy_0324,-2.673217,5.485473,5.886333,1.678402,4.687951,1.377639,-9.120493,5.168538,2.961276,-3.042460,-5.169656,-7.201822,-9.743997,7.846514,-2.826494,6.867949,-3.612626,-7.912498,-4.212238,9.873306,-3.585855,-8.132801,-2.700186,-9.213157
vacancy_0325,-3.254671,6.290301,5.515368,0.660176,5.327547,0.938937,-8.498176,5.223538,2.716928,-3.352224,-5.850366,-6.395383,-10.521913,8.347755,-2.486104,6.062770,-1.637835,-6.684343,-3.253950,9.276796,-2.915803,-7.647138,-3.239165,-8.881093
vacancy_0326,-8.495619,-5.551262,10.346802,0.445763,6.251882,3.583332,2.910235,5.156064,7.669867,-3.645711,6.233205,-9.529884,-4.579318,-4.071955,0.951962,4.056016,-9.284892,-5.155020,0.264348,-5.455598,2.586022,7.089521,-7.609562,3.780938
vacancy_0327,-9.255939,-6.676093,-8.922984,-5.396270,-6.377987,-5.947127,6.246847,1.917627,-4.829729,-9.394621,-0.639348,-9.512275,6.575486,8.299864,-3.078823,2.673273,-4.016554,5.495847,-10.097407,0.296355,2.645375,0.225558,-7.173297,-5.379270
vacancy_0328,-4.630257,4.480718,6.437411,10.282201,-5.567391,-3.771958,-4.881576,8.385206,8.810421,6.345615,-3.783578,-8.085826,4.406595,0.301701,-3.893301,9.304833,7.754539,2.147762,0.066530,2.895259,9.428156,-7.146527,-4.322031,-8.080494
vacancy_0329,4.631414,-1.251071,3.929056,1.405769,-5.990996,-1.703529,8.112550,8.099962,-4.463532,4.420350,-6.784962,8.893627,-3.774958,-2.183090,2.098989,6.131607,10.143913,3.635680,0.824798,5.441318,-8.864599,5.018759,-5.365101,2.608115
vacancy_0330,-4.632655,5.119309,6.069005,9.637990,-5.595297,-3.131245,-6.000222,9.720831,8.858306,6.797984,-3.705536,-7.298132,3.759665,0.015705,-3.725203,7.935176,7.703459,2.982582,0.141916,4.571063,8.606747,-7.487115,-3.697941,-7.790232
vacancy_0331,-9.691533,-5.556102,-9.110816,-5.501005,-6.766957,-6.076755,5.220428,3.128654,-3.868414,-8.126169,-0.724310,-9.688079,7.236232,8.899943,-2.467656,0.878734,-4.461311,4.786021,-8.666328,0.305896,2.042436,0.152919,-7.373946,-5.909124
vacancy_0332,4.295545,-1.473115,4.457593,1.606078,-7.296251,-2.080127,8.025494,8.984658,-5.331269,2.758623,-8.027554,9.396303,-4.534184,-1.191170,2.387382,6.072088,9.053562,4.346138,0.979934,5.069724,-8.203611,5.223475,-4.576621,1.572915
vacancy_0333,3.568071,-0.875269,3.392069,0.711933,-6.473418,-1.256523,8.221821,6.674604,-6.754422,4.008683,-7.955307,10.074740,-5.975515,-2.209057,2.274605,6.281980,9.278422,4.018152,0.351501,6.197044,-9.116300,5.505719,-5.858506,2.022065
vacancy_0334,3.601183,-2.056408,2.757614,1.908720,-7.535872,-1.493637,7.462031,7.870242,-4.921857,4.113322,-6.715333,9.926366,-5.153637,-2.525557,1.534209,6.493116,9.710603,4.991292,0.392692,6.673454,-8.254309,5.228095,-4.665200,2.322628
vacancy_0335,-3.557404,4.279350,7.275284,8.708977,-6.761812,-3.076486,-5.354838,9.515670,8.842895,6.800449,-3.357598,-8.647755,4.681751,0.121871,-4.119300,9.128360,7.245713,2.620542,0.048710,3.999064,7.669269,-6.393359,-3.706772,-8.107383
vacancy_0336,-7.260454,1.301387,1.627889,4.604596,-3.090398,-3.792084,5.934811,-4.627535,-7.112803,-4.876476,-5.900066,1.835627,7.254170,6.608448,-1.399876,10.043970,2.129645,-2.668678,0.844419,7.597312,-5.223748,-3.356156,-5.845344,4.065818
vacancy_0337,-3.147573,5.089840,5.505133,0.666597,4.038317,2.118668,-8.871016,4.427536,2.738498,-2.605167,-5.485040,-6.929757,-10.289710,8.127711,-2.410382,6.983114,-2.061560,-7.553272,-5.692271,8.748779,-1.806823,-7.934971,-2.342649,-9.752589
vacancy_0338,-3.155051,5.244967,6.313276,2.031182,5.250976,1.628575,-9.023874,5.073163,2.921122,-2.706704,-6.637819,-6.874766,-9.846475,9.996135,-3.038301,7.198572,-1.211082,-8.150467,-3.993947,9.301738,-2.642225,-7.728198,-2.298967,-9.491388
vacancy_0339,-3.549779,5.479807,5.417471,0.351706,4.962092,1.036010,-10.306415,5.539527,2.913376,-4.214383,-4.698622,-7.648639,-10.662387,8.773509,-3.038165,7.385281,-1.871978,-6.623705,-3.769587,8.680896,-3.214329,-8.879950,-1.761920,-7.840857
vacancy_0340,4.677569,-1.198106,4.632763,1.230890,-7.173737,-2.460644,7.398910,8.283969,-5.685836,2.722133,-8.068806,9.441052,-5.133245,-1.406503,2.007791,7.609139,9.837565,3.513861,1.048727,4.897051,-8.156047,4.790673,-5.675844,2.143997
vacancy_0341,-0.552682,-4.892682,5.273407,2.694379,9.333816,-9.074110,5.521035,-0.623075,-0.630313,-0.741921,-6.990453,-7.930832,3.512500,3.246793,-2.031199,0.100438,-2.784717,-2.470008,-4.862963,7.114097,0.848501,2.337669,1.985848,-6.371470
vacancy_0342,-6.955961,-3.564253,-2.713723,-3.107138,-1.137199,3.791627,-3.209794,-0.680113,-3.189030,-6.763574,-7.534620,-9.550652,-7.803181,7.616779,-10.229314,4.941497,7.739742,0.411187,-8.545374,4.792977,-3.176054,-0.748113,7.705761,-9.630058
vacancy_0343,-2.746915,4.729700,7.009495,-0.138689,5.017075,1.608541,-8.793531,5.616336,3.008433,-4.070563,-6.223359,-7.461746,-8.894495,9.506387,-2.876329,5.849764,-2.462486,-7.442061,-3.936128,8.872020,-2.537368,-7.703238,-2.220975,-8.794558
vacancy_0344,3.986166,-1.918349,4.416166,1.832279,-7.890911,-2.065192,8.751183,8.068905,-5.713579,2.735296,-8.364278,9.067327,-4.358253,-2.082464,1.837449,7.293405,9.081388,3.912962,0.286026,4.222239,-8.099263,4.157949,-4.380437,2.616190
vacancy_0345,-2.599885,4.769515,5.941223,1.846094,5.170918,0.221015,-9.232338,5.347236,3.333975,-3.053736,-6.462895,-6.987917,-8.994237,9.837334,-2.735053,6.471381,-1.033921,-7.235265,-4.025581,7.931656,-2.919774,-8.080775,-2.215631,-9.982621
vacancy_0346,-9.315003,-3.533585,10.616217,1.092372,6.340848,3.221344,2.987902,4.863402,8.207212,-5.102530,6.610131,-9.343364,-4.723383,-5.020669,1.978416,2.899244,-9.586769,-5.354729,-0.231249,-5.789343,1.884840,7.413488,-8.224802,2.700668
vacancy_0347,-3.807889,4.161255,7.408699,8.424629,-5.569054,-2.967066,-5.253670,9.238809,8.616352,6.031198,-4.256510,-8.344031,3.896585,0.787255,-3.131033,8.203377,6.816249,2.528143,-0.066587,3.768563,9.056405,-7.257541,-3.919960,-7.941433
vacancy_0348,-1.024142,-7.404900,4.028269,3.229300,9.151106,-8.557704,6.950511,-0.502499,-0.557148,-1.099539,-7.639842,-8.339104,3.971400,3.764784,-0.303277,0.263435,-2.195045,-2.419931,-5.370880,6.751234,0.455091,2.040805,3.241954,-6.537381
vacancy_0349,3.169154,-1.378021,4.517039,1.585703,-8.283170,-1.442602,8.235947,8.524576,-5.091713,3.687170,-7.619754,9.695793,-5.139904,-1.243462,2.915868,6.652330,10.702564,4.526865,1.916365,5.264339,-9.094777,5.379558,-5.662960,2.867981
vacancy_0350,4.459202,-2.163086,4.368553,1.481355,-7.597322,-0.307353,7.996489,9.362406,-4.625584,3.413920,-7.347073,9.439841,-4.380604,-1.532803,1.684001,6.289608,8.907874,4.348446,1.099026,5.925323,-9.007331,4.255724,-4.152028,1.802350
vacancy_0351,-8.694984,-6.575088,-9.546315,-4.965427,-6.465857,-5.280895,6.718546,2.229111,-3.686857,-7.554379,-0.053372,-9.153687,6.379401,8.519852,-2.605583,1.679324,-4.151273,6.018203,-10.046315,0.442699,1.568246,0.406993,-8.876361,-5.267242
vacancy_0352,-8.919990,-5.706586,-8.214202,-4.796957,-5.764590,-5.884361,5.721545,2.565827,-4.183607,-8.648593,-0.591348,-9.487283,7.213237,10.132982,-3.345243,2.583104,-3.760684,5.369747,-9.771351,0.776231,1.429245,0.095048,-7.114666,-5.366734
vacancy_0353,-8.209625,-5.780790,-8.603204,-5.197145,-6.259720,-4.606626,6.444456,0.442031,-3.350324,-8.978491,-0.689809,-8.894633,6.403517,9.121137,-2.155092,0.366678,-5.006439,5.452167,-11.116808,0.931001,1.499641,0.114176,-8.051120,-5.178010
vacancy_0354,-10.312388,-4.532715,10.118612,-0.017283,6.035801,5.205802,3.112260,4.983304,7.666837,-3.901466,6.307471,-8.881840,-5.046285,-4.716935,1.990649,3.246829,-8.731645,-4.606694,-0.244775,-6.934272,3.640057,7.644154,-8.804575,3.078792
vacancy_0355,-6.518429,-3.106001,-1.655121,-4.103350,-0.899121,3.376187,-3.877705,-0.861949,-2.846239,-8.176263,-7.236760,-8.844428,-7.269145,7.028285,-10.054529,4.880307,6.344442,1.119602,-9.780496,3.244563,-1.419955,-0.271134,7.072882,-9.469088
vacancy_0356,-3.745026,4.862612,6.263605,10.078359,-6.796137,-3.729465,-5.133127,8.430310,9.103747,6.133136,-4.292395,-7.060700,4.585687,-0.454896,-3.411411,8.113568,7.133020,2.251954,0.909675,3.915898,8.208708,-5.963828,-4.708889,-7.726600
vacancy_0357,-4.056718,4.444694,6.795050,10.647868,-6.734118,-3.822396,-5.903602,8.392942,9.602176,5.926355,-4.675585,-8.435785,4.053532,-0.187433,-3.942401,8.836380,7.231912,2.140961,-0.056952,3.769567,8.702423,-6.470634,-4.783940,-8.222076
vacancy_0358,-4.019709,4.970375,5.974647,0.084697,5.204352,1.609547,-9.608648,5.539361,2.193730,-3.106938,-6.113498,-6.590599,-9.677772,9.347217,-2.837910,5.554147,-2.432049,-6.932942,-4.965136,9.187157,-3.582675,-7.416859,-2.102142,-9.692474
vacancy_0359,-9.574424,-4.494541,8.374593,-0.173571,5.555695,3.228171,2.405621,4.859759,7.785069,-5.515733,6.442613,-9.966945,-4.741195,-6.545037,2.313243,3.487630,-9.568148,-4.229790,0.302421,-6.096511,2.225487,6.577125,-8.233796,2.866149
vacancy_0360,0.944533,-5.665655,3.685156,3.597783,8.412356,-8.938324,6.401120,0.040886,-1.183449,-0.000573,-7.796840,-8.975121,3.928541,3.243168,-2.447495,0.858798,-1.546726,-1.400407,-6.051185,6.711581,0.442586,2.192552,2.771543,-7.321303
vacancy_0361,-7.075219,2.064561,1.276369,4.472693,-3.319008,-3.966210,5.728136,-5.004176,-6.841536,-3.818338,-9.323810,0.228143,7.773329,7.245249,-2.338746,8.926220,1.856533,-3.301568,0.630011,7.989407,-5.084520,-3.173516,-5.980052,5.311091
vacancy_0362,-0.967443,-5.392301,4.942812,3.226955,9.235400,-8.308334,7.594889,-0.611492,-1.484569,-0.619994,-6.389306,-8.700211,4.334474,4.383983,-1.535189,0.475958,-2.589666,-2.153464,-5.687752,7.265892,-0.285222,2.522126,2.915797,-4.802202
vacancy_0363,-8.881744,-6.481553,-7.941778,-5.303803,-5.369981,-5.647748,5.808664,3.344421,-5.155041,-9.590735,-0.616973,-9.751373,6.828091,9.097271,-2.960784,2.446776,-4.530945,5.056327,-9.981029,-0.126077,2.803158,-0.766782,-7.241405,-5.334443
vacancy_0364,-3.711226,6.126379,5.811314,1.358116,5.445990,1.429708,-9.769589,5.630724,2.161527,-3.785404,-5.387881,-7.010350,-10.265109,8.788796,-3.066815,5.846483,-2.987233,-6.764203,-3.985942,9.051616,-1.877341,-8.016432,-2.916921,-10.125725
vacancy_0365,-7.164732,-4.126345,-1.837673,-4.501316,-1.038353,3.911160,-2.808371,-0.512565,-3.624856,-6.468545,-8.783612,-9.550652,-7.459533,6.814822,-9.806064,4.184179,8.188575,0.196595,-8.803887,5.061630,-1.164567,0.008410,6.559312,-8.567531
vacancy_0366,-9.515202,-5.856531,9.624041,0.749781,5.753950,3.925411,3.693339,3.878105,7.146118,-3.874486,6.910056,-10.578570,-5.387551,-5.156010,1.548373,4.392727,-9.149901,-5.485302,0.147931,-5.884322,2.256893,6.592498,-8.197422,2.615757
vacancy_0367,4.437300,-1.411411,3.829067,1.520197,-8.513524,-1.458768,8.419279,8.213298,-4.610462,3.554150,-7.443875,10.166562,-5.946855,-2.209188,2.784028,7.165102,9.275361,3.323079,0.504798,5.297405,-9.207667,5.119409,-4.507073,2.501563
vacancy_0368,-9.882994,-4.034808,8.068886,0.929424,5.599834,4.287616,2.985950,4.322006,8.274634,-5.189002,6.104584,-9.998452,-4.458240,-4.362069,2.260267,3.567018,-9.858274,-4.331626,0.845229,-6.403285,2.390961,6.507595,-7.136937,2.981153
vacancy_0369,-3.583894,5.671234,6.662945,-0.376467,4.534644,1.590748,-8.868198,4.573996,2.469397,-3.399335,-5.559456,-6.918911,-10.352146,8.937813,-2.113348,6.954581,-1.132412,-5.714250,-3.883609,9.770388,-3.750937,-8.041297,-1.846944,-9.654136
vacancy_0370,-0.480526,-4.510928,4.708149,2.643603,9.376369,-9.347758,6.617338,-0.365247,-1.379221,-0.279822,-6.987175,-7.759552,4.101163,3.709266,-1.651358,1.680392,-1.739791,-2.128628,-5.022673,7.017403,0.891786,2.269944,3.599019,-5.415590
vacancy_0371,-8.007858,2.925607,1.063605,3.464647,-2.676240,-5.204488,4.770715,-4.666039,-6.929470,-4.422043,-8.900548,1.122000,8.987774,5.868403,-0.743442,9.862108,0.166847,-2.515641,-0.852608,7.367906,-5.424338,-2.611798,-5.079873,5.130324
vacancy_0372,-3.176281,5.177746,4.716372,0.384509,4.686140,0.446386,-9.809539,5.509002,4.235371,-3.901407,-5.070610,-7.352469,-9.758082,8.719387,-2.713171,6.816332,-2.303957,-6.670119,-3.567376,9.084292,-3.010690,-7.345845,-3.642405,-9.312321
vacancy_0373,-8.445968,-3.449954,-2.239534,-3.522113,-1.390770,3.606732,-4.118837,-0.614967,-3.290458,-7.897449,-7.902642,-8.683849,-8.820571,8.135204,-9.492244,4.169728,8.009398,-0.128942,-9.728312,4.934685,-1.249790,0.570444,7.053592,-8.177306
vacancy_0374,-9.181844,-5.808855,-8.261033,-5.188703,-6.287660,-5.460638,7.069541,1.398918,-4.902892,-8.158531,-1.833895,-8.582310,6.163436,9.346279,-3.580595,2.832675,-4.814196,5.046492,-9.759994,0.246539,1.863079,-0.207878,-7.126721,-6.045614
vacancy_0375,-6.149237,2.114874,0.605669,3.455339,-3.420650,-3.550445,6.667869,-5.594024,-8.353721,-3.798636,-7.945250,0.558397,7.517559,6.611299,-1.226753,9.057668,-0.176862,-4.017624,-0.759794,7.268590,-5.308338,-1.835875,-6.426464,4.021429
vacancy_0376,-3.049300,5.752610,6.099960,0.507885,4.893247,1.359797,-9.884236,5.551338,1.764715,-3.550810,-5.867814,-6.057867,-10.223552,8.174681,-2.417255,5.813690,-2.548203,-7.191311,-4.197315,8.268189,-3.556984,-8.698191,-3.070990,-8.969605
vacancy_0377,-7.548083,-2.623389,-2.252459,-3.739661,-1.158037,3.293588,-5.192005,-1.694400,-2.303855,-8.126592,-7.224069,-9.058913,-8.186585,6.505724,-9.785864,4.114487,7.234923,0.173471,-7.950540,5.751684,-1.038174,-0.677106,8.771259,-8.490470
vacancy_0378,-7.353568,1.857981,1.286205,3.944197,-3.196335,-5.038298,5.568865,-4.499801,-7.323564,-3.296899,-7.583693,0.955777,8.179211,6.152608,0.387103,9.740740,0.612705,-3.378736,-0.008281,7.950078,-6.208682,-1.793892,-6.119055,5.031266
vacancy_0379,-9.930556,-6.124717,-8.293566,-4.980209,-6.001911,-5.921701,6.651869,2.086929,-3.891535,-8.615468,-0.388127,-9.002593,7.124190,8.704147,-3.184460,1.304000,-4.823281,4.893488,-10.455486,-0.692718,2.897391,0.793662,-8.216266,-4.340161
vacancy_0380,-8.828924,-3.712899,9.368431,0.410001,6.866355,2.889572,1.744966,4.583202,7.400299,-5.559143,5.888904,-9.874017,-4.497012,-5.347845,1.101951,2.199943,-9.989679,-4.570808,0.144244,-6.350386,2.512760,6.389282,-7.498795,3.770200
vacancy_0381,-9.108899,-5.558329,-7.398536,-4.536175,-5.649595,-5.482899,5.939068,2.380637,-5.387922,-8.282317,-0.143163,-9.146277,7.048874,7.958658,-2.333910,2.157236,-4.994031,4.823912,-9.221034,0.117472,1.819151,0.585183,-7.427161,-4.792898
vacancy_0382,-8.060467,-2.781548,-2.358803,-4.048297,-1.111469,3.218007,-4.372676,-1.923870,-1.647486,-7.520070,-7.375981,-9.622563,-7.614816,6.037670,-9.061831,4.625398,7.378239,0.471839,-9.142725,5.096076,-2.872210,-0.051653,6.886709,-9.640950
vacancy_0383,-3.445531,4.756238,5.982637,0.681454,3.925738,1.135965,-9.221103,5.460064,2.070858,-3.736446,-5.681438,-8.016186,-9.325458,8.720417,-2.264688,7.009027,-1.640220,-7.123015,-4.354803,8.994794,-3.414991,-7.815574,-3.271726,-8.454887
vacancy_0384,-10.008167,-4.153375,9.617035,0.460143,6.877297,3.503833,3.537576,4.748259,7.478233,-4.692339,5.677671,-8.188047,-4.571509,-4.515341,2.363218,4.054407,-9.938748,-4.404136,0.951697,-6.400517,1.876371,7.039329,-8.572141,3.267915
vacancy_0385,-0.155351,-4.915458,4.145473,4.069612,8.507627,-9.167809,5.935776,0.955865,-0.189486,-1.293568,-7.548434,-9.630044,4.369628,3.058606,-1.320624,0.878686,-1.272252,-1.546493,-6.058848,6.748346,0.439251,1.418231,2.769727,-6.249198
vacancy_0386,-9.404126,-4.702053,9.345872,-0.141233,6.113278,4.942754,1.878882,4.884549,6.738814,-4.527991,6.041530,-8.265278,-5.510594,-4.917560,2.359851,4.040636,-9.662083,-4.074137,0.526063,-5.761514,1.494111,7.063226,-7.939012,3.493432
vacancy_0387,-3.271333,6.724381,6.446322,0.770132,5.327510,1.630559,-8.807316,4.316511,3.591207,-3.079959,-5.335893,-6.800685,-9.043853,10.060741,-2.562896,7.272822,-2.289957,-7.346507,-4.735843,9.060175,-2.766667,-7.975292,-2.420702,-9.895905
vacancy_0388,-0.318633,-4.225254,3.549937,2.377855,8.810659,-8.717413,7.361861,1.114119,-1.513424,-1.206044,-7.439112,-8.729448,4.119749,2.938403,-0.402615,0.477217,-2.076532,-1.375161,-6.003435,5.672955,-0.558787,1.916380,2.788266,-7.011047
vacancy_0389,-4.858319,6.034496,6.030068,9.906354,-7.147918,-3.002991,-6.035976,9.504264,9.179267,6.022733,-4.852547,-7.933425,4.589659,0.700470,-4.536449,8.596031,6.108928,1.986432,-0.702275,3.115547,8.813027,-7.707032,-4.540604,-6.635469
vacancy_0390,-8.494368,-5.390185,-8.487483,-4.070982,-6.817742,-5.643285,5.755321,2.053041,-4.365355,-9.944178,-1.306180,-9.343390,7.166157,9.211790,-2.455579,1.644702,-4.808524,4.910895,-10.232713,0.535696,1.912291,1.001242,-7.776498,-6.349403
vacancy_0391,-10.038594,-3.931008,9.865168,-0.329449,5.682207,3.469888,3.176612,3.918684,7.675454,-4.024789,6.716109,-9.076616,-4.968694,-5.336103,1.924052,3.727099,-8.775315,-4.244239,-0.508808,-6.336743,4.146068,7.318806,-9.304637,2.411494
vacancy_0392,-4.104412,5.030596,6.910594,10.779115,-5.224177,-4.048836,-5.397045,8.954658,9.740390,6.083540,-3.388860,-7.778646,3.628629,0.354984,-3.519358,8.725283,6.533079,2.211537,-1.240156,4.425236,8.793592,-6.454290,-4.721455,-6.978770
vacancy_0393,-9.768297,-4.719548,9.437179,0.650938,7.153105,2.461357,1.624940,4.958109,7.769496,-4.657278,5.982982,-9.607463,-4.438356,-4.500210,2.458575,3.668449,-8.252929,-3.927378,0.198949,-5.438289,1.414324,7.876552,-7.670422,2.719277
vacancy_0394,-1.144723,-5.412859,4.145611,1.113004,8.148476,-8.866372,7.421925,-0.465845,-0.839914,-0.187692,-7.237084,-9.761079,4.326831,4.115040,-0.816241,0.755469,-3.030492,-2.143086,-5.957037,8.242060,0.213624,3.104430,2.526275,-5.359976
vacancy_0395,-7.915093,3.686770,1.061736,2.811561,-3.848854,-4.377912,5.744280,-4.472696,-7.247601,-4.463682,-9.525466,-0.091200,7.316966,4.882871,-1.198720,8.609797,0.762376,-4.587399,-0.212921,8.337928,-5.680324,-2.589453,-6.105496,5.477727
vacancy_0396,-0.703320,-5.363803,4.020748,2.903810,7.786859,-9.295400,6.302167,0.793942,-1.228122,-1.041951,-7.395744,-9.210781,4.556288,3.326570,-2.493554,0.633516,-1.559123,-1.535049,-4.849817,6.886012,-0.380444,3.302088,2.929275,-5.668696
vacancy_0397,-7.846440,-2.962014,-1.950524,-3.198121,-0.353283,3.246007,-3.202973,-0.372201,-2.425820,-7.586484,-8.727499,-9.759617,-6.896787,7.787660,-9.800667,5.048348,6.761475,-0.191693,-8.728428,5.196989,-1.223719,-0.146526,8.103557,-9.094612
vacancy_0398,-7.470075,1.626908,1.320672,3.393787,-3.256748,-3.813219,4.543443,-4.721602,-7.983272,-4.305390,-6.791419,0.886639,8.998667,6.304414,-0.383622,8.591293,0.691949,-2.417114,0.914039,7.503826,-5.376458,-1.617634,-5.932155,4.385468
vacancy_0399,0.207345,-3.929132,3.697651,1.549093,9.062405,-8.986158,6.259206,-1.677685,-1.272270,-1.614977,-7.703155,-8.632030,5.279189,3.064269,-2.590295,1.090961,-1.748785,-1.449159,-5.459152,7.545680,-0.692979,2.065118,3.176678,-7.088288
vacancy_0400,-0.266893,-5.579080,4.094813,1.798935,8.962898,-8.133847,6.384764,-0.108750,-1.910484,-1.382767,-7.065893,-8.150496,4.487986,4.058265,-1.371821,1.107469,-2.054833,-2.095322,-5.192062,7.154046,0.367251,2.108089,3.603251,-5.417865
vacancy_0401,-8.141703,-4.093593,10.546867,0.230670,5.683658,3.873525,2.071981,4.864629,8.369142,-5.118762,6.302394,-9.369934,-4.081056,-4.035355,2.157148,3.189239,-8.531256,-4.892087,-0.026158,-5.489645,1.992354,7.739081,-9.874821,2.125133
vacancy_0402,-7.882809,2.199500,1.667554,4.358492,-3.064530,-3.943714,5.123837,-5.343365,-6.824160,-3.674925,-7.331498,2.096129,8.852893,6.143362,-1.423817,9.303434,0.897995,-3.402579,-0.064103,7.252922,-5.052984,-2.507644,-6.547968,3.928125
vacancy_0403,-3.737665,4.950958,5.744777,1.001883,5.921098,1.751713,-9.394712,5.690879,2.986639,-3.041742,-6.253702,-7.024155,-10.601077,9.020029,-3.528507,6.150254,-2.396227,-7.456755,-4.514300,9.264890,-3.926028,-8.045616,-2.411398,-9.869256
vacancy_0404,-1.092351,-5.196951,3.806103,3.189359,7.863389,-9.058589,6.260591,0.454479,-0.303831,-0.866296,-8.037599,-8.497632,5.186215,3.956859,-2.478936,-0.076887,-2.851108,-2.441741,-5.895593,7.487553,1.023907,1.995093,3.713632,-6.697356
vacancy_0405,-6.575783,-3.710119,-3.672590,-3.300973,-2.085595,3.925796,-4.058813,-0.120728,-3.313003,-7.857914,-7.261817,-9.700568,-8.357163,7.951437,-10.100613,5.839331,7.028701,-0.079123,-8.815979,4.950437,-2.060358,0.021576,6.444574,-9.544440
vacancy_0406,-9.304079,-5.935602,-8.071385,-5.316999,-6.382440,-4.416357,5.363470,2.812233,-4.142555,-8.620625,-0.740075,-9.927370,6.427563,9.762151,-2.932313,1.342524,-4.437887,4.571745,-9.352510,0.423207,3.010852,0.059747,-7.526840,-5.348503
vacancy_0407,-7.221600,0.939731,0.488170,3.459679,-2.851778,-4.367342,5.262538,-4.370131,-7.008696,-4.553206,-7.999858,1.941969,8.415052,5.555867,-1.038107,9.690003,0.934721,-2.601471,-0.055445,8.210555,-5.802857,-2.517575,-6.112169,5.022298
vacancy_0408,0.569307,-5.841740,5.300000,2.318448,8.923921,-9.478233,6.293935,0.794270,-2.386762,-0.220525,-6.603866,-8.824059,4.241567,4.387227,-1.499618,0.080050,-2.385690,-3.240908,-6.265449,6.732454,-0.355672,2.706541,2.385963,-6.404994
vacancy_0409,-9.481830,-5.442450,-9.525895,-5.559166,-6.499447,-5.521809,6.437860,2.439624,-4.175631,-8.764115,-1.835338,-9.168113,6.327227,8.995249,-2.394676,2.877926,-4.203833,4.570572,-10.167765,-0.822654,2.725302,-0.110696,-7.235947,-4.158412
vacancy_0410,3.657044,-1.209782,4.755579,2.277111,-6.300162,-2.613109,7.577739,8.879964,-4.542755,2.624292,-8.185303,10.022630,-5.380667,-1.207091,1.960323,6.225664,9.900614,3.692801,-0.219342,6.032621,-9.472610,5.055046,-5.286530,2.325866
vacancy_0411,3.594381,-1.390266,4.039197,2.041202,-6.919851,-1.418196,8.300672,8.562932,-4.988617,3.627293,-7.340574,9.782767,-4.600832,-0.871120,2.693178,6.968431,9.946261,2.737828,1.263397,5.575422,-8.529867,5.832162,-3.574890,3.128805
vacancy_0412,-4.665667,5.557380,6.491695,9.600790,-5.529953,-2.946784,-4.897326,8.525773,8.701595,6.213227,-4.372015,-7.749330,4.716555,1.857039,-3.496876,8.512590,7.832812,1.344965,0.134706,3.109333,9.276438,-8.014416,-4.592013,-6.975177
vacancy_0413,-7.829128,-6.352090,-8.280119,-5.209101,-6.389165,-6.298847,6.833875,1.693854,-3.588104,-9.207460,-0.438723,-9.735210,6.790213,9.392384,-3.080782,1.276997,-5.080885,5.288398,-8.947608,0.122524,2.713027,0.165672,-7.024327,-5.717959
vacancy_0414,-4.872043,4.546550,6.675253,9.955787,-5.945331,-2.356797,-4.814605,7.934451,9.777148,7.461624,-5.132828,-7.996254,5.931624,-0.057764,-4.260929,8.685585,8.003752,2.096275,-0.329550,4.206978,9.334241,-5.988104,-4.334958,-7.674201
vacancy_0415,-4.431810,4.880901,6.406641,-0.143992,5.925001,0.931739,-9.351974,5.890144,2.938510,-3.979678,-5.664475,-5.959292,-9.549452,9.211567,-2.821037,7.380603,-2.528672,-6.380537,-3.750412,9.906451,-3.057843,-9.017128,-2.199107,-9.786666
vacancy_0416,-3.017496,5.961680,5.607391,1.309963,5.586591,0.847629,-9.245239,4.993919,2.230796,-3.885554,-5.408083,-6.531611,-9.351776,8.030630,-2.247388,6.525350,-2.345618,-7.001704,-4.426966,8.618927,-2.593996,-8.295577,-3.120700,-8.859092
vacancy_0417,-7.793049,0.469481,1.222896,3.650151,-4.314145,-4.255171,6.375798,-4.740600,-8.444055,-3.675889,-8.848573,0.844005,8.203682,6.022888,0.155756,9.022736,0.922665,-2.739861,-0.429091,8.094976,-6.962713,-2.944259,-4.928162,5.120516
vacancy_0418,-3.088268,4.960818,6.222977,1.077410,4.058846,1.122768,-9.000659,4.532682,2.965963,-3.621897,-6.085935,-7.759142,-9.467358,9.187415,-2.707802,6.277589,-2.632585,-7.099068,-5.077305,8.678436,-3.133619,-8.693306,-3.243981,-8.740100
vacancy_0419,-10.095757,-2.970030,9.329679,-0.752479,5.181405,4.028356,2.305654,3.786915,7.822489,-4.648199,6.672885,-9.906375,-5.696314,-4.590077,2.447461,2.914139,-9.370813,-4.857349,-0.074486,-5.382603,1.876134,6.661823,-8.556856,3.134560
vacancy_0420,-9.399445,-6.287035,-7.817490,-4.714264,-6.723698,-5.933182,5.860175,2.651601,-4.251285,-9.842537,-0.493788,-9.769009,6.107385,8.888672,-3.483274,0.907529,-4.140662,4.712847,-9.884739,-0.908733,1.822929,-0.036632,-7.221077,-5.093402
vacancy_0421,-3.203290,5.075306,6.383318,0.720513,4.727622,1.584634,-8.696332,4.831593,2.809383,-3.322470,-5.903799,-7.343969,-10.696911,9.213433,-2.228841,7.817877,-3.315239,-7.170289,-5.054919,9.627310,-2.496599,-7.895662,-2.657398,-9.516628
vacancy_0422,-3.994888,4.670510,6.148014,1.961113,4.904428,2.425349,-9.368004,4.275907,1.924739,-4.474209,-6.394784,-7.128049,-10.051090,8.673764,-3.251175,7.116193,-3.127863,-6.435553,-3.866674,10.079703,-2.792399,-7.851555,-2.028501,-8.181891
vacancy_0423,-3.374120,5.320689,6.753639,1.447779,5.350948,1.429821,-8.734385,5.304649,2.897405,-3.882047,-6.090982,-6.622159,-10.088057,8.735742,-2.295167,6.753820,-2.399817,-7.019302,-3.593039,9.987807,-3.669257,-8.391221,-2.526558,-9.055845
vacancy_0424,-9.130118,-6.087914,-9.890757,-5.859671,-7.397164,-5.986577,5.845877,2.664757,-4.180924,-9.032206,-1.041342,-10.801616,6.206391,8.670197,-2.515571,1.169839,-4.069084,5.338547,-10.400164,0.274381,2.140984,-0.283183,-7.368937,-5.904722
vacancy_0425,-0.980809,-5.518213,4.170790,3.941150,8.869599,-9.507045,7.632144,-0.468667,-0.526566,-0.500286,-6.436756,-8.908729,3.576837,3.929003,-2.304714,0.067056,-3.036486,-2.546383,-5.255102,6.471214,0.873584,2.960778,3.187192,-5.765359
vacancy_0426,-3.476086,4.618282,6.053999,9.636965,-5.763052,-2.146182,-5.307110,8.421155,8.603418,7.068938,-5.032678,-7.667316,4.794239,-0.121583,-3.200750,7.567163,6.873919,2.424332,0.841365,5.014185,8.265731,-7.479377,-4.547098,-7.735208
vacancy_0427,-7.261029,1.842927,0.654717,4.390319,-4.143234,-3.679798,4.972600,-3.955690,-7.314828,-4.530128,-8.641169,0.769758,7.695607,6.740321,-1.200771,9.948010,0.468505,-3.254744,0.063270,7.681321,-5.858974,-2.720430,-5.690122,4.397741
vacancy_0428,-6.322248,1.231269,1.333761,3.853316,-4.207471,-4.843400,6.050176,-4.640961,-8.308551,-4.296409,-8.467320,0.996002,7.842612,5.073057,0.380576,8.913828,1.032417,-2.533253,0.433349,7.839876,-5.374857,-1.776230,-5.317146,5.299405
vacancy_0429,-3.749626,6.005880,6.647029,1.997925,3.790960,0.670503,-8.951751,4.719803,2.110249,-3.091244,-5.947726,-6.734517,-11.367766,8.745089,-2.511607,5.854854,-2.175132,-6.573520,-4.696381,9.059343,-3.871566,-7.206527,-3.175702,-8.172022
vacancy_0430,-4.963882,4.811818,6.150987,9.728679,-6.578255,-3.003565,-4.813227,9.171932,9.376106,6.384816,-4.284044,-7.876041,5.225078,0.632555,-3.990091,9.575676,6.824314,2.876477,-0.014249,2.851496,9.356202,-7.602551,-4.059631,-7.707754
vacancy_0431,4.210823,-1.722048,4.095312,0.969831,-6.102152,-1.530331,8.938951,7.919744,-4.489859,2.800523,-6.928435,10.379642,-4.901952,-2.125288,1.695955,7.290658,8.678091,4.353348,0.028532,5.906919,-10.026861,4.926710,-5.114082,3.113923
vacancy_0432,4.692579,-0.448213,4.240482,1.985920,-6.820252,-1.491584,8.385990,7.913222,-5.348499,3.570344,-8.233598,8.764845,-4.637491,-2.269349,2.240513,6.351709,9.541058,4.155891,0.518284,5.329547,-9.401309,5.096203,-4.924065,1.850986
vacancy_0433,-8.640775,-5.189326,-1.983165,-4.562780,-1.454029,4.701520,-3.398774,-1.082469,-2.194932,-7.675793,-8.675160,-8.800673,-8.498216,7.402749,-9.612864,4.779379,7.863812,0.413135,-9.113524,4.591993,-2.316775,0.641241,7.568476,-9.490725
vacancy_0434,3.661189,-2.091913,5.278667,1.764108,-6.962708,-0.357316,8.338559,8.582254,-4.898770,4.034698,-9.238034,9.957548,-4.421005,-1.352415,2.326073,6.955390,8.466439,5.089819,2.140862,4.476665,-8.990992,5.807813,-4.792146,1.815197
vacancy_0435,-2.843934,4.746929,6.289271,9.642258,-7.921369,-3.191898,-4.401847,9.749937,9.284492,7.202071,-4.981431,-8.342951,3.503461,-0.198522,-3.316601,9.415828,6.001506,1.955463,0.114214,4.534439,8.545822,-6.623663,-4.562139,-7.317387
vacancy_0436,0.134393,-5.165637,4.713612,1.799392,9.838077,-8.769748,6.881464,-0.713306,-1.367790,-0.876267,-6.886650,-8.796293,5.805374,3.502532,-2.614751,0.712357,-1.855315,-1.722885,-5.301136,7.402789,0.516797,1.913859,2.649729,-5.873879
vacancy_0437,-0.667215,-5.438148,4.346414,2.884217,8.209772,-10.966733,6.889149,0.477649,-0.750121,0.133149,-7.620128,-7.932949,2.632365,4.331185,-1.659033,0.361839,-2.968976,-2.435493,-5.195039,7.345735,0.266235,2.916584,3.608673,-5.777763
vacancy_0438,-5.593423,-4.023559,-2.611434,-2.900321,-0.192034,3.969377,-4.013773,-0.588969,-2.015991,-7.785170,-8.116283,-8.397901,-7.776117,7.141816,-11.105188,3.439357,7.357950,-0.144281,-8.296811,5.678669,-1.045072,0.529956,8.437082,-9.936327
vacancy_0439,-7.904816,-3.578905,-1.859082,-3.551814,-1.004394,3.324835,-4.958854,-0.148467,-2.530458,-6.216097,-8.749008,-9.936680,-8.759350,6.205758,-10.012349,4.860401,6.900454,0.778261,-8.006843,5.318534,-1.136668,-1.136202,7.468581,-9.217033
vacancy_0440,-9.021350,-6.258418,-8.022709,-5.407868,-6.699085,-5.191928,6.082497,2.651303,-5.053476,-9.431096,0.910643,-9.092293,5.363213,8.728167,-2.957247,1.897551,-4.761812,7.129688,-10.341761,0.109316,2.357139,-0.621090,-8.155805,-5.164495
vacancy_0441,4.441013,-1.242168,3.473413,1.167598,-7.159860,-2.174963,9.538651,9.048212,-5.745696,3.312845,-8.781528,9.976488,-5.059700,-2.744939,3.651452,6.575031,9.961647,5.470375,1.261565,4.956979,-9.438907,4.461188,-4.857355,2.726756
vacancy_0442,-5.232008,5.950721,7.010122,10.312382,-6.905372,-3.254214,-5.298999,8.893713,9.061292,6.254908,-3.821247,-7.976453,4.080526,0.143720,-3.545215,8.000686,6.935145,2.820119,0.868623,3.742035,10.594103,-7.825116,-5.807534,-7.988929
vacancy_0443,-8.782615,-7.642183,-8.984215,-5.793062,-6.281745,-5.366808,6.567963,2.423822,-3.415961,-9.329513,-1.818003,-9.351678,6.130420,10.110171,-3.244040,1.376228,-4.697883,6.024334,-9.861645,0.640023,2.458317,-0.053807,-6.932250,-5.807857
vacancy_0444,0.594830,-5.088204,4.512651,3.405551,8.171883,-9.185515,7.029401,-0.092205,-0.532812,-0.494059,-6.736690,-8.461762,4.780970,3.567274,-2.076397,0.241238,-1.220094,-2.118638,-6.368256,5.881354,0.809231,2.218110,3.797722,-6.076180
vacancy_0445,-3.389928,4.473993,7.228468,9.058298,-6.720268,-3.348743,-5.345029,9.968114,9.172456,6.762837,-3.853298,-7.661181,4.028482,0.959211,-3.461344,8.158796,6.624742,3.288109,-0.030240,3.627265,9.965802,-8.668834,-4.549538,-9.071024
vacancy_0446,-0.112441,-4.915706,4.650387,2.684678,8.792858,-9.451280,6.853272,0.068696,-1.397640,-1.720606,-7.215947,-7.742733,5.279018,4.079769,-1.683743,0.358618,-1.106789,-1.099061,-5.448988,6.631704,0.678948,1.836020,2.438908,-5.478265
vacancy_0447,-6.663892,1.794550,0.954771,3.506432,-3.763584,-4.857614,4.856476,-4.618532,-7.907833,-4.664581,-6.956606,1.740078,8.825363,7.122119,-0.665282,9.685311,0.661805,-3.602090,0.124854,6.849529,-5.940184,-2.729962,-5.778849,3.569539
vacancy_0448,-7.351191,-6.631103,-9.272535,-5.518237,-5.973706,-6.538438,4.086530,1.219953,-3.798931,-9.058322,0.766510,-10.197951,6.339532,9.283897,-2.330891,1.392956,-3.308872,6.257203,-10.565645,-0.362574,2.061897,-0.933419,-7.778632,-5.202923
vacancy_0449,-3.751657,4.364779,6.174933,9.640891,-6.996804,-3.772965,-6.099298,9.372627,10.077553,5.974759,-5.682744,-6.683758,4.607000,0.797908,-3.034698,8.340273,6.310404,2.295747,-0.088007,4.562721,9.091354,-7.111654,-5.415484,-7.772196
vacancy_0450,-0.142138,-3.746098,5.267674,2.481353,8.914091,-9.655664,7.039797,0.090145,-1.773801,0.856078,-6.768039,-7.543916,3.967840,3.442670,-2.634834,0.805437,-2.167177,-2.888260,-5.871158,6.821307,-0.490148,3.507326,2.152035,-6.747004
vacancy_0451,-3.020859,6.441148,6.619521,0.851932,5.073820,0.782312,-9.093682,5.346178,2.652211,-3.925727,-5.799456,-6.979269,-9.774655,8.941068,-4.153478,5.814303,-1.882431,-7.147637,-5.096064,9.023485,-3.083822,-7.900246,-2.678715,-9.071946
vacancy_0452,-9.784217,-4.777296,8.207656,0.093390,6.429127,2.876636,1.974890,5.107608,8.812152,-4.625883,7.220686,-9.391927,-4.821176,-5.961834,2.589254,3.069088,-8.862383,-5.162500,0.185326,-5.965949,2.602128,7.046934,-8.035000,3.788228
vacancy_0453,0.241997,-5.095251,5.078008,2.364078,8.983642,-9.585929,7.154898,-0.724988,-1.491935,-0.597640,-7.927022,-8.953883,4.722036,4.105183,-2.627223,0.231858,-2.448777,-2.076749,-6.019845,6.083576,0.083071,2.320509,1.975275,-6.789515
vacancy_0454,-4.244438,5.230133,6.383229,10.061166,-6.548370,-2.522150,-5.442253,8.938993,7.791005,6.084782,-4.344311,-8.300186,3.416707,1.200055,-2.527011,8.708946,5.528003,2.696035,-0.896918,4.850542,8.657697,-7.277871,-4.878892,-8.756882
vacancy_0455,-3.110768,5.250434,6.423235,0.311261,4.096478,0.921228,-9.617941,5.273953,2.824959,-3.167155,-5.758810,-6.294558,-9.437740,7.595726,-2.686671,6.455585,-1.855885,-8.101226,-3.410825,8.137855,-3.701863,-8.271462,-2.424735,-9.355070
vacancy_0456,-7.762078,1.535796,0.112423,2.823307,-2.736510,-4.705272,5.838328,-3.955129,-7.534339,-3.291413,-7.528287,0.740810,7.824390,5.849266,-0.989080,8.993508,0.457613,-2.590845,-0.254956,7.533168,-5.249239,-3.104985,-6.955405,5.348841
vacancy_0457,-9.208882,-6.190260,-9.505197,-5.832528,-6.015151,-4.778480,6.836059,2.033818,-4.315339,-9.093983,-0.882829,-10.681676,6.583610,9.085224,-2.553635,2.431590,-4.851182,5.645991,-9.768803,-0.310567,2.138972,0.523261,-7.497073,-5.978427
vacancy_0458,-4.118738,4.340015,6.403177,9.537516,-6.329751,-3.134691,-6.331526,8.981852,8.743255,5.582670,-3.685521,-7.621113,5.200985,1.592294,-4.801480,7.513772,7.179663,2.103115,0.052745,4.018560,8.502633,-6.475288,-5.029807,-8.368167
vacancy_0459,-10.349793,-5.116055,10.261072,0.330369,6.462180,3.143469,2.419036,5.155691,7.744144,-4.226286,6.280621,-9.516392,-4.680080,-4.814059,4.239383,4.337235,-9.947174,-4.517053,-0.375378,-5.761496,2.265119,7.860221,-7.942752,2.156666
vacancy_0460,-6.703444,-4.174263,-2.523949,-3.581907,-0.353416,4.260930,-4.451180,-0.497214,-2.412731,-7.524127,-7.968290,-10.505169,-6.188765,6.438090,-9.857899,3.793156,6.298916,0.266026,-9.500877,5.567643,-1.975518,-0.484460,7.784278,-9.414982
vacancy_0461,-4.960767,4.950343,5.527496,9.983826,-6.286493,-2.928295,-4.237912,8.463963,8.515801,5.758103,-3.517616,-7.378775,4.854591,0.073536,-2.128332,8.018964,6.811813,2.506110,-0.178675,3.670593,8.513119,-6.713302,-4.592069,-7.086971
vacancy_0462,-7.235601,-3.802262,-2.648754,-3.527553,0.279218,4.058400,-3.053170,-0.291852,-3.770932,-7.784015,-7.793615,-9.326772,-7.187801,7.161352,-9.653496,4.593229,7.103653,-0.148439,-9.123198,6.361243,-0.576620,-0.286207,7.798364,-9.230904
vacancy_0463,-6.934909,-3.571739,-2.864876,-3.682223,-1.635251,2.973660,-3.809804,-0.867363,-2.480150,-7.094645,-9.042815,-10.325885,-7.655030,7.039515,-10.114967,4.245162,7.507304,-1.064852,-8.823073,4.056199,-1.572814,-0.119361,6.961826,-9.200564
vacancy_0464,-9.122288,-4.758439,-9.146573,-5.434860,-6.467631,-5.557728,6.232310,2.394921,-3.586230,-8.152118,-0.718163,-9.706480,7.104145,9.331778,-3.671693,0.668724,-4.028745,4.788206,-10.092764,0.407483,2.167608,0.538782,-7.334060,-4.850995
vacancy_0465,-9.537621,-4.998301,10.638220,0.498420,6.072141,4.003481,1.976337,4.070321,7.213062,-4.455452,6.463311,-11.452340,-5.649190,-4.960345,2.051826,3.022285,-8.940517,-4.722154,0.564995,-5.605576,2.792833,7.112792,-8.539180,3.262051
vacancy_0466,-1.888051,3.615705,5.501451,1.067157,4.532842,0.262143,-8.186224,5.679525,3.506542,-3.840814,-5.614461,-6.076731,-9.703952,8.352872,-2.622704,8.514956,-2.287717,-5.903788,-3.776933,8.845206,-3.205461,-7.327264,-1.829532,-9.053675
vacancy_0467,-8.687130,-4.551801,9.470408,-0.690330,5.131817,4.691862,3.108884,3.853663,7.709205,-4.519127,7.050425,-9.188217,-4.738089,-4.887613,1.705667,2.917108,-8.866368,-5.557063,-0.020769,-5.295284,3.280862,6.534505,-7.677481,2.635437
vacancy_0468,-7.475074,1.533529,-0.111956,3.981361,-3.958758,-3.821979,5.707261,-4.976903,-7.916705,-4.416879,-8.158470,1.818725,8.617554,5.685906,-0.958878,8.282319,0.922544,-3.220971,0.804552,8.198261,-4.943996,-3.245029,-6.207055,5.203908
vacancy_0469,3.738948,-1.924984,2.969758,1.834798,-7.704056,-2.104079,7.752203,8.405665,-4.912563,3.211309,-8.838804,10.010956,-4.388752,-2.431635,2.621279,6.310943,8.849179,4.119223,1.370796,5.521349,-9.111726,4.406472,-5.935115,1.670739
vacancy_0470,-0.590403,-4.404394,4.999999,1.800436,9.198863,-9.005164,7.265393,-0.111387,0.002747,-0.460637,-6.842478,-8.044715,5.227055,2.173797,-1.317065,-0.693888,-2.812834,-2.052014,-5.833194,6.880215,0.150741,2.224452,2.951262,-5.783474
vacancy_0471,-4.176231,4.586555,6.444118,10.242997,-7.060290,-5.125191,-4.743290,8.660417,9.427921,6.809171,-4.155554,-7.842803,3.896067,-0.178613,-3.791796,8.944094,6.255560,2.320882,-0.922444,4.086724,8.972351,-7.395731,-4.618842,-8.138248
vacancy_0472,-2.485662,4.273624,5.917946,0.434053,4.803336,1.140503,-8.546709,6.673773,2.175823,-3.943204,-4.501604,-8.074845,-10.030398,7.820771,-3.015287,5.683291,-2.590858,-7.074746,-4.487214,8.543449,-3.493704,-7.238353,-2.241714,-9.978345
vacancy_0473,4.764142,-1.212425,3.312716,2.244422,-7.173932,-0.921770,9.408358,7.885954,-5.554002,3.794419,-7.326240,9.676260,-3.737104,-1.196125,2.589488,7.199339,9.821008,3.524879,0.081244,5.452423,-9.587634,5.003991,-4.864626,2.047063
vacancy_0474,-9.572686,-3.829736,8.981187,0.000398,6.813577,2.928217,2.765100,4.846671,8.453793,-4.061547,5.489034,-9.439595,-4.971957,-4.064964,2.094411,2.667294,-8.539374,-4.672273,1.026615,-6.520615,2.420533,6.782496,-9.126463,3.767629
vacancy_0475,-7.243442,-4.274059,-2.791866,-3.935406,-1.010318,3.070325,-2.808203,-0.413535,-2.638232,-7.343778,-7.670669,-9.842591,-8.394135,6.894454,-9.757092,4.661771,7.047338,0.141957,-7.899842,4.055824,-2.520472,-1.014509,7.081880,-8.864170
vacancy_0476,-7.801144,-3.308113,-2.318295,-3.835027,-1.899201,3.524887,-4.416306,-0.048538,-2.220662,-8.572687,-7.954323,-8.678907,-7.055015,8.072677,-9.772858,3.989438,6.443748,0.337096,-8.051616,4.626255,-1.721306,-1.042005,7.315656,-10.230555
vacancy_0477,-3.840646,5.505790,6.376130,9.411151,-7.044294,-2.952450,-4.269089,8.990887,9.123062,6.341863,-3.947511,-9.094246,4.864211,0.618014,-3.841153,8.055502,6.881330,1.684876,0.144021,4.433790,8.318452,-6.770829,-5.070598,-6.863379
vacancy_0478,3.629168,-1.644897,2.942269,1.731283,-7.238321,-2.163909,8.588256,8.007977,-4.360897,4.155238,-8.419458,9.891992,-5.283477,-1.670214,3.026139,7.338365,10.574759,4.383626,0.723640,6.395496,-9.476715,4.794563,-5.415596,2.160110
vacancy_0479,-7.739552,-6.485066,-8.314559,-5.949715,-5.761642,-5.911041,5.939065,1.892404,-4.228697,-8.636859,-0.314116,-8.660072,5.999142,8.783715,-2.515163,1.710785,-4.080680,4.209985,-9.892862,0.147246,1.392489,0.099088,-7.915430,-5.708720
vacancy_0480,-7.707493,-2.913843,-2.834818,-3.212174,-1.398429,4.100894,-4.488328,-1.101415,-2.582199,-6.421836,-8.691965,-9.609482,-7.430406,7.060547,-9.238516,5.509974,7.213936,0.513242,-8.936968,5.242561,-2.026609,-0.593918,7.706967,-8.791560
vacancy_0481,-3.211745,4.499910,7.094814,9.366481,-7.579159,-2.780113,-5.558561,9.072705,8.871529,6.465717,-3.404416,-7.684731,4.957526,0.562439,-3.341979,7.779948,7.013965,2.809598,-0.140853,3.542959,8.542929,-7.273396,-5.109170,-8.825142
vacancy_0482,-2.824477,5.528724,7.163908,1.806966,4.843460,0.471384,-8.766969,5.902415,2.952061,-4.132780,-5.749230,-7.395253,-9.225896,8.651866,-2.496624,6.696425,-1.327039,-7.438446,-4.361057,8.228149,-1.845834,-7.685974,-3.781754,-9.390544
vacancy_0483,-2.719546,5.110594,5.750386,0.729450,4.338577,0.903878,-8.948555,6.937509,3.069568,-3.772573,-5.301631,-6.605941,-10.813469,9.128370,-2.949633,6.982040,-2.687594,-6.891512,-3.608600,8.028157,-3.443453,-8.627365,-2.263212,-9.543354
vacancy_0484,4.802534,-1.707661,4.173246,1.688264,-7.912036,-1.699704,7.972742,8.932687,-4.992582,4.008239,-8.139892,9.579137,-4.322026,-2.383312,2.432763,6.343435,9.762013,3.817123,1.577169,5.161363,-9.039925,3.890061,-5.138684,1.929719
vacancy_0485,-10.185955,-4.407638,10.337189,0.143417,6.247250,3.097330,2.254148,3.864511,8.519818,-4.491133,5.749967,-10.659067,-5.928721,-5.830724,2.967744,4.359088,-9.982364,-4.202224,0.994118,-5.888496,2.101014,7.163584,-8.056405,3.526237
vacancy_0486,-4.036359,5.203908,5.706636,1.931218,4.938393,2.148078,-9.524053,5.430335,2.670217,-2.570869,-5.424966,-6.753985,-10.284920,8.532335,-2.760874,7.361292,-2.730413,-6.963506,-4.317314,9.618256,-4.347498,-7.424714,-3.302217,-9.408165
vacancy_0487,-7.738069,-3.059092,-2.038176,-4.752099,-1.128249,3.920767,-3.325665,-1.023110,-2.848294,-8.343527,-8.447414,-9.971172,-6.866326,7.330946,-9.855127,3.697089,7.290473,0.266374,-9.481871,5.639705,-1.637454,-0.176241,7.158519,-9.610354
vacancy_0488,0.292618,-5.323211,3.524782,2.604820,8.154552,-10.272544,7.306387,-0.075449,-0.560157,-0.359156,-6.225910,-7.832267,4.862872,3.578793,-2.651564,-0.101269,-1.252294,-2.840152,-5.199773,7.007813,0.267683,2.619280,2.817553,-5.670741
vacancy_0489,-7.760160,2.200517,0.741593,4.318177,-3.830503,-3.580498,6.006535,-4.751226,-8.290302,-3.354991,-8.490309,1.014120,8.592129,6.013473,-1.666250,8.293140,1.357704,-3.067886,0.559871,8.157138,-4.939294,-2.195135,-5.524713,4.799953
vacancy_0490,-9.526244,-6.265280,-9.673230,-5.437579,-5.688326,-6.189361,5.809771,3.023047,-3.472451,-8.780288,-0.098025,-9.029453,7.427874,9.916891,-2.406147,1.242508,-4.586472,5.137794,-10.452326,0.046165,3.288395,-0.472006,-7.702566,-4.504589
vacancy_0491,-3.991695,4.645766,6.133099,10.818337,-5.876350,-2.974410,-5.320075,9.196910,10.112255,5.298221,-5.072692,-8.550223,5.245367,0.793555,-3.764055,8.217363,6.259693,1.859281,-0.158318,3.036454,9.510894,-6.548302,-4.367234,-7.647031
vacancy_0492,-10.882001,-4.513057,8.998449,-0.368061,6.459646,3.153152,3.325040,4.648606,7.476114,-5.140833,6.836847,-10.757510,-4.860523,-5.399460,2.163934,3.577557,-9.332045,-4.425346,-0.343705,-5.049263,1.124381,7.069576,-9.288303,3.352051
vacancy_0493,-4.097238,5.139400,6.763695,9.512331,-6.873010,-3.334066,-5.010600,8.801871,9.672528,6.294643,-4.550940,-8.346676,5.534962,1.440890,-2.548375,9.288730,7.091781,2.026419,0.295490,3.475999,8.355368,-7.018606,-4.752797,-9.269025
vacancy_0494,-2.407293,4.676320,7.364500,1.140907,5.083889,0.178920,-8.831482,5.195478,2.562189,-3.238892,-5.541902,-7.630470,-10.271297,8.252754,-4.419776,6.455565,-0.873370,-6.522174,-3.948748,8.199020,-1.698698,-9.224460,-2.812959,-9.480699
vacancy_0495,4.787974,-1.746206,4.700973,1.010269,-7.435882,-1.532541,8.337101,8.210035,-6.474483,2.822423,-7.876950,10.281148,-5.149337,-2.045932,2.832688,7.327269,9.976807,4.717270,0.225148,5.010444,-8.959593,5.017808,-4.222646,2.896496
vacancy_0496,-9.549659,-6.194557,-8.723395,-4.563961,-6.071482,-6.172942,5.554945,1.548967,-4.448246,-8.687674,-0.848722,-9.775713,6.067959,9.588535,-1.730093,1.033749,-4.497589,5.451296,-9.619550,-0.001776,2.030085,0.678437,-8.606280,-6.292554
vacancy_0497,-8.663789,-6.018756,-9.294950,-4.546818,-5.732293,-5.384161,5.760419,2.597105,-4.811561,-9.118508,-0.858790,-10.254447,5.805961,10.219295,-2.722961,1.232067,-4.489125,5.535357,-11.009305,0.603341,2.595907,0.084079,-7.597909,-5.364888
vacancy_0498,-7.603776,-3.768784,-2.502340,-5.445590,0.812721,4.499443,-4.370757,-0.604965,-2.822912,-7.271000,-8.132872,-8.646998,-8.514416,6.876561,-9.083682,5.257662,7.235421,-0.542897,-8.518487,4.111833,-1.904225,0.027274,7.164373,-10.313914
vacancy_0499,-5.252948,4.504553,6.533630,8.654773,-5.613916,-2.892976,-5.954736,9.175716,8.357417,6.307567,-4.142917,-7.852752,3.797314,1.644699,-3.991783,9.051641,6.846851,2.098767,-1.053091,3.624195,9.524135,-7.138577,-4.773425,-7.625632
vacancy_0500,4.354729,-1.295820,3.804985,2.670671,-7.821993,-1.434000,7.657386,8.183561,-5.028192,3.747252,-7.438263,9.647468,-5.661779,-1.541321,2.566768,6.891795,9.046246,3.053186,1.525624,5.673416,-8.610749,4.878199,-4.925020,2.193954
vacancy_0501,5.070424,-1.437295,3.189758,0.799693,-7.991812,-2.038667,7.555239,8.556739,-6.762450,4.725223,-7.962976,9.749249,-4.662172,-0.853103,1.280526,6.984741,8.829423,4.190316,0.410874,6.623761,-8.887097,6.067978,-4.633502,2.189116
vacancy_0502,-2.800211,5.274677,5.894550,1.210848,4.423925,1.109869,-9.856236,6.486988,2.469846,-2.320437,-5.232447,-7.566782,-10.699305,8.269839,-2.310750,7.362638,-1.304697,-7.390596,-4.827568,8.734531,-3.272821,-8.558026,-3.111046,-8.707835
vacancy_0503,-9.008952,-4.262944,10.147186,-0.749718,5.297965,3.685012,1.771297,4.503371,7.318063,-5.285900,7.289580,-9.578539,-5.311532,-6.087530,2.963411,3.651051,-9.109240,-4.899952,0.245133,-6.394684,2.513618,6.276342,-8.027746,3.157342
vacancy_0504,-8.803875,-4.515279,10.341669,0.037676,6.194942,3.829904,1.971853,4.376110,7.945240,-3.626213,6.151936,-10.435885,-4.967946,-4.639982,3.084517,3.641071,-8.996355,-4.810592,-0.299513,-6.622384,1.427547,7.631615,-7.650164,2.568643
vacancy_0505,-3.501370,5.090549,6.996204,1.419543,3.946342,0.855650,-9.458042,7.090846,2.788808,-3.951933,-5.871464,-7.417262,-10.912797,9.757101,-2.804713,6.315022,-1.469153,-6.164020,-5.309834,8.582972,-3.300639,-8.356286,-1.872543,-9.027931
vacancy_0506,-2.182795,4.233176,7.229304,1.445169,4.894368,1.137323,-8.375036,6.420192,2.773378,-3.173179,-5.448338,-6.730156,-9.705484,9.076362,-2.492225,6.178392,-2.976193,-6.637050,-4.601369,9.203757,-2.863978,-7.441547,-2.369488,-9.299692
vacancy_0507,-8.373923,-3.931918,9.452704,0.164271,6.203343,4.290922,1.441703,4.996484,8.044623,-3.879636,6.306127,-9.360919,-5.407053,-5.282936,2.003072,3.608504,-9.585742,-5.502724,-1.360770,-7.220330,1.316365,7.496027,-8.783819,2.197634
vacancy_0508,-9.295865,-3.709630,9.621277,0.028908,6.048864,3.648550,1.787457,4.791403,6.804428,-5.709836,6.542055,-9.761781,-4.171447,-4.571339,2.960844,4.092952,-9.072218,-4.929581,0.755415,-6.449338,2.962432,7.185311,-8.445350,3.254968
vacancy_0509,-3.465171,5.566762,5.147278,0.749262,4.927932,1.055689,-9.064741,5.452082,2.744440,-4.032601,-6.497833,-6.592735,-8.798779,8.895322,-1.405392,6.519481,-2.003765,-7.152145,-4.199192,8.845195,-3.227356,-8.045351,-2.912367,-8.595402
vacancy_0510,0.544774,-4.870794,3.529356,3.083412,8.727169,-8.665189,6.334262,-0.584547,-1.433013,0.677058,-7.446520,-8.377012,5.195547,3.867828,-2.573344,1.233452,-1.686909,-2.948931,-4.904674,6.739130,0.879519,2.202098,2.716762,-5.790199
vacancy_0511,-4.148483,5.263486,6.857462,8.986399,-5.483354,-3.304744,-6.341318,8.994916,9.125183,6.308640,-3.442728,-7.981294,4.466308,0.115534,-3.949654,8.955985,6.366332,1.642619,0.144525,4.890727,8.621488,-7.924980,-4.389968,-7.854151
vacancy_0512,3.915851,-0.810639,2.900312,2.385182,-8.320650,-1.691168,8.068011,8.772412,-4.548374,3.879622,-6.839663,9.529785,-5.989540,-1.579051,1.911768,6.430758,10.326345,4.466350,0.186758,5.713709,-9.197886,4.965728,-4.828957,2.276032
vacancy_0513,4.793319,-2.117330,2.730602,1.278966,-7.675690,-2.620311,8.555650,9.520457,-4.641612,3.171813,-6.602108,9.754925,-4.677565,-2.222200,2.858609,5.955249,9.507787,3.941885,0.424789,4.434836,-9.077871,4.349700,-4.528143,2.293619
vacancy_0514,4.549893,-2.174876,3.759704,2.132484,-7.070168,-1.232963,8.091970,8.711356,-4.508635,3.432659,-8.537071,9.487488,-5.196279,-2.199486,1.760273,7.819482,9.420859,5.034523,0.419860,6.264830,-8.709683,5.010934,-4.873081,2.799987
vacancy_0515,-8.026962,-3.551356,-2.622855,-3.835733,-0.534219,4.460167,-4.307224,0.004136,-2.705755,-7.402285,-8.592679,-8.977282,-7.659501,7.570242,-9.407779,5.610694,7.719617,1.066068,-8.483849,6.270593,-1.738139,0.292104,8.513940,-9.403836
vacancy_0516,-3.373689,4.504730,7.326160,9.321888,-5.443030,-4.018946,-4.809271,9.388036,8.962240,6.092907,-4.199211,-8.659722,4.649142,1.250798,-4.123474,8.082064,7.425942,1.731428,-1.109914,5.139418,7.821210,-6.260008,-4.225909,-6.397963
vacancy_0517,-4.970001,5.262407,7.548423,8.947902,-6.453031,-3.212075,-5.208094,9.076452,9.591171,6.491253,-3.864725,-7.882190,4.358627,0.304916,-3.693589,9.435416,7.014320,2.006770,0.588725,3.680556,9.795570,-5.647646,-4.866772,-8.004192
vacancy_0518,-8.661608,-5.852647,9.278648,-0.440900,6.418809,3.468514,3.045233,5.617148,7.967612,-4.264726,6.538566,-8.939651,-5.269467,-4.064565,1.734549,3.710398,-9.978481,-4.618658,-0.323331,-5.829880,3.475204,6.176653,-7.008785,3.424781
vacancy_0519,-10.530250,-6.087811,-8.467085,-4.749999,-5.932674,-5.331355,6.189653,2.285643,-4.769490,-8.520301,-0.244081,-9.292656,6.311708,9.479467,-3.215326,1.323540,-4.364775,5.213228,-10.394676,0.844743,1.864636,0.409788,-8.050377,-4.796576
vacancy_0520,-3.578366,5.461961,5.773726,-0.428980,3.966889,1.386464,-8.983943,4.532938,3.810332,-3.715728,-4.730263,-7.542415,-9.755702,9.031809,-2.385910,7.064539,-2.503389,-6.277598,-4.465076,9.362365,-3.684295,-9.563053,-1.695668,-8.987139
vacancy_0521,-3.349515,6.531707,5.060577,0.068650,5.268894,0.153573,-8.710904,3.746593,1.424096,-2.817067,-6.769464,-7.956846,-10.206271,8.168283,-3.047672,6.406507,-2.341533,-7.229304,-4.144249,9.130303,-3.763154,-7.967277,-3.453510,-9.233145
vacancy_0522,4.335267,-1.127106,4.512493,1.867970,-7.300706,-1.247299,7.122531,9.018980,-6.129846,3.053022,-8.656744,9.815500,-4.632930,-2.057941,3.018872,6.868143,9.790377,4.963329,2.239474,5.263367,-9.573693,5.413685,-5.051391,3.030128
vacancy_0523,-7.772823,-5.387639,-1.276896,-3.712886,0.062653,3.091565,-4.374769,-0.692773,-2.332297,-8.177141,-7.525324,-8.990859,-8.604685,7.360350,-9.424310,4.291568,6.979039,-0.826806,-9.454991,3.826110,-1.292558,0.103149,5.561838,-10.319715
vacancy_0524,-8.013775,1.897924,0.349565,4.032864,-3.695352,-4.808847,5.429158,-5.252510,-7.102088,-4.276439,-7.438800,0.484809,8.142124,6.093775,-1.461868,9.581434,0.486065,-3.564853,0.512114,8.288787,-5.414917,-1.758875,-6.424740,4.693972
vacancy_0525,-1.232585,-5.003032,4.641288,1.877389,8.700048,-7.935436,6.600275,0.084809,-1.632144,-0.494392,-7.329071,-8.044415,3.744186,2.923243,-2.111974,0.783927,-1.908105,-0.878672,-6.423555,6.586318,1.679150,2.444128,3.811609,-6.129729
vacancy_0526,-7.604366,-4.136397,-2.749407,-2.804841,-2.080458,3.541440,-4.168822,-0.997934,-1.479623,-7.647154,-7.969562,-10.337012,-6.686319,7.833936,-9.641029,4.420992,8.900793,0.109526,-9.612176,5.991528,-1.785809,-0.149672,7.903583,-9.534568
vacancy_0527,4.448718,-0.286611,4.235351,1.583294,-6.560748,-1.278583,9.033724,8.716072,-4.810660,2.453214,-7.678445,9.629572,-4.622813,-1.681192,1.826433,7.483299,9.907235,4.132424,0.373793,6.363267,-8.091781,4.382991,-5.110036,2.380351
vacancy_0528,-4.395540,5.174765,6.466379,1.068170,5.577923,1.152334,-8.532670,5.240574,3.454128,-3.766680,-5.745003,-7.563275,-10.603736,8.232613,-2.296075,7.878750,-2.463287,-6.616758,-3.834120,8.958981,-2.703981,-8.372961,-2.281795,-8.779324
vacancy_0529,-7.816063,-3.971503,-3.215589,-3.799353,-0.121478,3.669729,-4.087718,-1.689990,-2.602868,-9.044450,-7.751795,-10.254711,-8.287852,7.229943,-9.544193,5.706411,7.484058,-0.998297,-9.227026,4.630667,-1.964008,-0.776694,6.830789,-9.816963
vacancy_0530,-7.504183,-3.456831,-2.993186,-4.242134,-0.406727,3.536316,-3.621792,-0.680397,-3.509783,-6.849580,-7.161024,-9.200266,-7.642955,7.309274,-10.232928,4.139937,7.722621,-0.510852,-10.245195,4.788534,-1.970586,-0.256310,8.597154,-9.515938
vacancy_0531,4.106219,-1.989666,4.083365,2.157376,-6.812075,-1.881780,8.339616,8.216349,-3.985637,4.134640,-7.909028,9.030667,-5.117653,-1.687871,2.721347,7.103913,9.064670,3.733157,0.557602,5.703400,-9.325111,5.820862,-4.777013,1.216637
vacancy_0532,-5.071051,4.063178,6.072495,9.879950,-6.030623,-2.709893,-5.848195,9.227035,9.103974,6.643829,-4.574759,-7.692532,4.082820,0.305737,-4.317994,8.845539,6.779456,2.485846,1.192025,4.297756,8.524007,-6.700799,-4.193955,-7.779907
vacancy_0533,-3.673364,5.301847,6.014815,1.217367,5.315130,1.145633,-7.628505,6.629447,2.484977,-3.305661,-5.067590,-7.555244,-9.639916,8.833006,-2.969058,6.031861,-2.470141,-6.175120,-4.055732,9.335451,-3.809516,-7.496916,-2.581837,-9.775714
vacancy_0534,-2.697018,6.060567,5.148370,0.848386,5.720659,2.338427,-8.584181,4.428470,2.970161,-4.030547,-5.806581,-7.002454,-10.537768,8.167116,-3.098949,7.264032,-2.377033,-6.599896,-4.461290,9.945514,-2.627189,-8.162381,-1.869431,-9.295935
vacancy_0535,-3.222215,5.016961,6.607980,1.667020,4.789344,1.853533,-9.307469,5.321778,2.546373,-4.135537,-5.890479,-6.785877,-9.667683,8.416893,-2.684198,6.998495,-2.280351,-6.292997,-3.829521,9.384112,-2.696351,-8.494259,-1.909758,-9.060866
vacancy_0536,-8.190528,-6.498869,-8.326687,-5.733370,-5.494129,-5.444796,5.187653,2.391461,-3.968846,-8.796671,-0.169480,-9.747517,4.869220,9.327669,-1.947159,1.455401,-5.005105,5.993817,-9.896347,0.229245,1.138063,0.188827,-8.081923,-5.653589
vacancy_0537,-8.231366,-3.518727,-0.912738,-3.733047,-0.879525,5.076052,-4.032116,-1.233786,-3.464566,-7.268047,-7.986516,-9.547393,-7.244448,7.639037,-9.904657,4.826246,6.163582,0.511343,-8.220106,5.634225,-1.235758,-0.735421,7.751066,-8.854749
vacancy_0538,-6.472914,-2.710017,-3.093125,-3.644350,-0.193572,2.578054,-4.000290,-0.002778,-2.913582,-7.228737,-6.381198,-9.905355,-7.543374,7.515252,-8.469406,4.801929,8.004202,0.696787,-8.770968,5.034650,-1.355528,0.010694,7.176773,-9.562781
vacancy_0539,-8.210883,-6.287486,-8.457309,-5.578930,-6.074899,-5.868055,6.055260,2.218353,-4.612091,-8.902557,-0.805167,-10.085422,6.536727,9.447837,-3.266081,1.260298,-4.948589,5.674887,-10.615613,-0.558966,2.513279,-0.116839,-6.901901,-6.695635
vacancy_0540,-7.110109,-3.796810,-2.028437,-3.867612,-0.416755,3.444339,-2.484097,-0.697500,-3.173677,-7.399318,-7.115695,-8.702844,-7.506568,6.104250,-9.539352,3.471296,6.874192,0.700034,-8.992269,5.035288,-1.932757,-0.338365,8.610530,-9.180098
vacancy_0541,-3.781569,3.953130,6.304322,9.961475,-5.987353,-2.921098,-5.867879,9.582420,8.795344,6.218132,-4.191537,-7.302633,3.927227,-0.153507,-3.642459,8.327355,7.529936,3.189011,0.107589,4.260172,8.817800,-6.725262,-5.649825,-8.380299
vacancy_0542,0.026931,-5.204128,4.735477,2.033345,9.752967,-10.595061,6.836828,0.002198,-0.879310,-0.098502,-7.189799,-7.821979,4.101720,3.395470,-1.347151,-0.100142,-1.284874,-1.799146,-5.118729,5.252019,0.058433,3.301443,3.543570,-7.088694
vacancy_0543,-6.704697,2.246650,0.713068,4.764828,-2.617219,-3.387493,5.173369,-4.798092,-6.971609,-3.423892,-8.210369,0.967697,8.336311,6.244847,-1.126854,9.399689,0.993758,-3.473547,0.139213,7.538711,-5.970649,-2.054135,-6.270254,4.810140
vacancy_0544,-7.720593,-3.899247,-1.858588,-3.834836,-1.265329,3.441206,-4.130372,-0.463110,-2.201485,-6.845935,-7.858176,-8.312092,-7.193924,6.602264,-9.144744,5.612047,7.263524,1.734923,-8.536735,5.551534,-1.912321,-0.438497,7.539237,-8.330604
vacancy_0545,-7.076100,2.330106,0.737956,3.936480,-3.083257,-3.935016,6.152690,-3.572195,-7.538747,-3.127210,-7.983596,0.856083,7.807588,6.928109,0.215024,10.353175,0.287161,-2.168025,-0.242306,7.782955,-5.721029,-2.205261,-5.539272,4.608029
vacancy_0546,-9.661051,-6.118696,-8.254212,-5.088625,-6.048299,-6.165726,7.047502,3.056340,-3.188890,-8.449354,-0.277954,-9.758658,5.703687,10.061795,-1.585232,2.519049,-3.869318,6.092647,-10.806622,0.400597,2.342019,0.895972,-7.620255,-5.109627
vacancy_0547,-7.691801,1.970738,1.496274,3.489267,-3.734539,-2.569056,4.361191,-3.969823,-7.384260,-4.359922,-6.607628,1.012539,7.657314,7.017801,0.347414,9.109199,1.101684,-3.824843,-0.459998,7.217923,-5.757712,-3.046294,-5.319209,3.972329
vacancy_0548,0.527911,-4.984619,4.920621,2.383588,7.950595,-9.092696,6.356852,-0.334021,-1.146850,-0.518902,-6.755053,-7.609184,5.968695,2.759513,-2.161420,0.407250,-2.016432,-1.734009,-4.892098,6.426767,0.727056,1.495555,1.022898,-6.622565
vacancy_0549,-0.676195,-4.758910,4.500479,2.074364,7.967846,-9.652562,7.689461,-0.549265,-1.041800,-0.644930,-7.893904,-8.649697,4.437963,3.600301,-2.723235,0.433372,-2.805581,-2.202435,-6.299258,6.127372,-0.112282,2.865920,3.343267,-7.081793
vacancy_0550,-7.280050,1.221619,0.509288,4.102162,-3.711698,-4.163862,5.777492,-5.116811,-7.654570,-4.533346,-7.828713,0.719990,8.712254,7.092364,-1.084703,10.218135,0.628144,-2.775300,0.659449,6.561932,-6.620822,-3.438775,-7.142630,5.393651
vacancy_0551,-3.924556,5.136219,6.683504,10.239714,-6.699380,-3.820424,-5.125244,8.587829,8.464088,5.729017,-3.792634,-7.221128,5.329084,0.259264,-3.661484,8.375027,6.173798,2.696590,0.197198,2.930261,9.260122,-6.774788,-4.354103,-8.360184
vacancy_0552,-9.283205,-3.612525,8.447761,-0.346730,5.443584,2.544107,1.857762,4.529886,7.894849,-4.341289,6.815002,-9.856853,-4.815386,-4.429525,3.327509,3.440733,-9.438735,-4.321424,-0.130762,-7.051223,1.662702,7.217634,-9.117311,3.196980
vacancy_0553,-4.134425,4.641928,7.005795,9.833028,-6.322419,-2.842268,-5.095978,9.002327,8.291614,6.254697,-4.164842,-8.330534,3.239589,0.040887,-3.331110,9.096421,7.081294,2.240276,-0.664491,3.900750,9.944770,-6.032052,-5.270797,-8.414063
vacancy_0554,-8.713333,-6.831035,-7.852664,-7.106711,-5.848728,-5.101331,4.826301,3.781696,-5.403453,-9.071100,0.105676,-8.246978,7.317694,9.348590,-3.028318,1.948000,-3.226868,5.001750,-8.881808,0.797481,0.756212,0.331991,-7.644209,-5.216428
vacancy_0555,-7.075216,-3.975228,-1.676501,-3.104853,-0.767293,4.674047,-4.546474,0.212006,-2.054660,-7.074285,-7.993777,-9.388251,-8.044210,7.032066,-9.784437,4.339842,8.114500,0.858294,-8.299133,5.067936,-1.719710,-0.408575,7.240347,-9.320060
vacancy_0556,0.014342,-5.263417,4.741141,2.805196,7.765287,-9.306015,6.840438,0.275070,-1.187442,0.747595,-7.514628,-8.616763,5.067194,3.145113,-2.904561,0.822110,-1.839060,-1.859539,-5.550273,6.460874,1.267904,3.336622,1.545645,-5.960976
vacancy_0557,-6.896523,-4.188318,-2.522395,-3.504745,0.282970,4.345388,-5.497364,0.212159,-1.526539,-7.192475,-8.626870,-9.279268,-7.936126,8.100107,-10.547703,4.529416,6.772592,0.525923,-9.092688,5.136220,-0.775806,-0.624512,7.637146,-9.546706
vacancy_0558,-6.945845,0.672966,0.784607,3.881688,-3.219885,-4.673223,4.542298,-4.518738,-7.228066,-4.337170,-8.320013,0.416175,7.974039,6.308576,0.149577,9.655193,-0.348402,-3.192219,-0.404936,7.699150,-5.871749,-2.631931,-6.199967,4.281442
vacancy_0559,-8.716639,-3.373464,10.066942,0.299132,6.468110,4.319231,2.377807,4.915405,6.394462,-4.264714,5.700008,-10.335462,-5.551876,-4.785371,1.842708,3.962018,-8.687012,-4.617117,0.753669,-5.714534,1.127654,7.704759,-7.793963,3.108774
vacancy_0560,-3.835804,3.935422,6.479125,0.573123,4.272594,1.671248,-9.863645,4.802585,2.832196,-3.853299,-6.018571,-7.787786,-10.142034,9.935247,-2.945949,6.660028,-1.600908,-6.230265,-5.249692,9.305908,-2.754512,-6.892372,-3.074161,-9.470830
vacancy_0561,-8.749991,-6.661117,-9.056004,-4.890157,-6.645197,-5.426883,6.394871,2.500917,-4.018490,-8.005747,0.346934,-10.377646,6.755029,9.631157,-2.610801,1.755127,-4.856940,6.160027,-9.985817,-0.220112,2.045357,0.079595,-7.989529,-5.828060
vacancy_0562,0.985632,-4.655667,3.868572,3.019058,7.609323,-9.619655,6.844748,-0.287937,-0.442505,-0.946951,-7.174901,-8.160988,5.831485,4.505626,-2.863392,0.476574,-1.921071,-1.697644,-6.518790,7.239272,0.848415,2.545476,2.202445,-6.199965
vacancy_0563,-4.238176,4.123923,6.031897,10.337482,-6.808188,-3.392864,-4.699418,8.395858,7.699080,6.453149,-2.831270,-9.149102,4.293266,-0.206771,-3.823779,8.559569,8.280724,1.843476,-0.724514,5.602002,8.319068,-6.380091,-4.918926,-7.542157
vacancy_0564,3.888336,-2.219102,3.095554,1.652524,-7.077633,-2.141896,7.904297,8.167446,-5.225678,4.013357,-7.019884,10.315268,-4.946774,-2.052866,2.056428,5.427442,10.587374,4.285064,0.373704,5.030537,-8.066213,4.977983,-4.413059,2.003482
vacancy_0565,-9.177859,-6.284020,-8.438322,-5.195673,-5.413329,-6.165260,6.034044,2.673431,-4.588950,-8.304186,-1.640605,-9.372934,6.016503,9.686935,-3.393340,1.486332,-3.368191,5.590845,-9.037009,0.097963,3.071387,0.238709,-7.385714,-5.358286
vacancy_0566,-6.603480,1.270953,2.040626,3.326017,-3.926623,-4.410911,4.594221,-4.693581,-8.127165,-4.408781,-7.012639,0.206695,7.360662,5.957341,-0.951821,9.564267,1.606660,-2.566855,1.318132,8.597665,-4.750364,-3.191549,-5.975185,4.114604
vacancy_0567,-9.325861,-4.109261,8.910611,0.585257,6.486169,4.671864,1.644932,5.030480,8.049574,-4.143144,5.272753,-10.424945,-5.236451,-4.160131,1.702602,2.775938,-8.451218,-4.579131,-1.113785,-5.870200,2.222523,7.554144,-8.334715,3.315175
vacancy_0568,-6.896871,1.231015,0.663688,3.176362,-2.690238,-3.511537,5.613675,-3.097958,-8.693581,-4.769026,-7.675489,-0.573176,8.495064,5.278524,-0.570111,9.450056,-0.555145,-2.408380,1.282698,7.739547,-6.140935,-2.561258,-5.944889,4.486751
vacancy_0569,-7.532251,-3.334364,-3.025011,-3.644078,-0.341654,3.470941,-3.639516,-2.178148,-1.870411,-7.480483,-8.150761,-9.777404,-7.611098,7.280666,-9.587367,5.000692,8.381059,-0.404543,-8.560230,4.985241,-2.091287,-1.145496,8.128226,-8.939118
vacancy_0570,-8.773737,-7.209291,-9.502487,-6.606296,-5.901670,-5.694890,5.920674,1.718496,-3.629716,-9.092471,-1.841995,-9.693154,7.126677,9.343963,-1.736725,1.350900,-3.877864,5.215782,-10.553125,0.141967,2.913839,0.362473,-7.765377,-4.897134
vacancy_0571,-7.957864,0.456001,0.164051,3.484965,-4.144926,-3.933512,5.870218,-4.686693,-6.100726,-4.326189,-8.873801,0.408749,8.030536,5.825298,-0.587907,8.971298,1.764887,-3.379012,0.499812,7.091075,-6.488585,-2.489469,-6.396740,4.002403
vacancy_0572,4.647646,-2.440533,4.272367,2.184706,-7.688951,-3.165401,7.997219,8.293550,-4.379922,3.227921,-7.985500,10.032270,-5.200221,-2.292211,2.860918,6.897489,9.703886,4.260650,0.600997,5.840392,-9.141931,5.306704,-4.679675,2.390677
vacancy_0573,-4.320318,4.437462,6.954309,9.286929,-6.418526,-2.324077,-5.321834,9.052272,9.167629,6.702190,-3.661126,-7.971440,4.329227,0.818402,-3.956064,7.642337,5.799078,1.302706,0.618071,3.367872,8.604440,-6.793723,-4.162730,-8.509522
vacancy_0574,-9.143731,-7.151313,-9.843306,-5.944588,-6.914607,-6.824706,4.781589,2.638243,-3.948217,-8.660533,-0.724328,-8.756514,5.564266,8.660226,-3.305554,1.857845,-5.068728,4.470864,-10.167679,-1.015187,3.486046,0.299365,-7.938360,-5.822217
vacancy_0575,-8.468699,-5.639936,-8.212943,-5.313022,-5.462174,-6.141578,5.897197,2.170501,-4.112806,-9.233808,-1.750230,-9.530806,6.031644,9.940939,-2.717262,1.422395,-3.087846,4.863813,-10.927263,-1.315562,2.230737,0.235795,-7.752656,-6.136485
vacancy_0576,-0.118121,-4.833459,3.379135,1.346294,8.308020,-8.958743,7.296425,-0.092122,-1.268250,-0.026889,-6.981502,-8.027286,4.707842,2.816271,-2.136940,1.400915,-2.541639,-1.690141,-5.836981,6.415094,0.766124,2.816802,2.920559,-6.332930
vacancy_0577,0.305202,-5.038382,3.869109,2.609012,8.161847,-8.882903,5.950934,0.274924,-1.408974,-1.208675,-5.611623,-9.304021,5.625626,3.303111,-1.369877,0.225464,-1.774479,-0.798890,-5.555069,6.423512,0.815232,2.252781,3.304538,-6.537470
vacancy_0578,-0.215954,-4.986119,4.792492,2.132155,8.186493,-8.489023,6.715462,-0.911766,-1.059993,-0.181491,-7.314325,-8.632581,5.000800,3.453777,-3.789485,0.799312,-3.305915,-1.656134,-5.409069,6.469978,-0.229403,2.527815,3.694404,-6.629408
vacancy_0579,-3.819726,5.961371,6.363950,9.799939,-5.909260,-3.206350,-4.408725,8.479078,8.634984,5.961910,-3.456086,-7.955812,4.205093,0.249088,-3.606049,8.547387,7.159647,2.138211,-1.026239,4.042107,8.631921,-6.599225,-4.844803,-8.356410
vacancy_0580,-6.938304,1.795978,0.970351,3.456836,-2.362381,-4.535720,5.188761,-4.319024,-7.147599,-3.931684,-7.949237,1.807499,8.638503,6.806922,-0.953637,8.296876,0.616410,-2.336351,-0.620802,7.730671,-5.562228,-2.526374,-6.482837,4.284298
vacancy_0581,-8.034517,1.950000,-0.127716,3.443517,-2.388847,-3.404502,5.153009,-4.631469,-6.545404,-3.943973,-7.542718,0.878911,9.438522,6.665370,-0.707590,9.107875,0.686882,-2.064711,0.127933,6.851501,-5.581393,-3.121546,-6.411267,4.537090
vacancy_0582,-9.077289,-5.605008,-8.176806,-5.689754,-4.780069,-5.589096,5.544443,1.283586,-4.289905,-9.289279,-0.260267,-10.528023,5.678154,9.544892,-2.998189,1.066406,-5.126591,5.284231,-10.166272,-0.545295,2.344040,0.221946,-8.774077,-4.862531
vacancy_0583,-0.321925,-5.039160,3.762315,1.668894,7.809845,-8.575672,6.007131,-0.837871,-1.205394,0.338489,-7.666276,-8.638033,4.684969,2.852731,-2.499771,1.228066,-2.209736,-0.692633,-5.551518,6.021573,1.044597,3.430462,2.842678,-6.088725
vacancy_0584,-7.660951,1.921897,0.619365,4.193065,-4.077823,-4.897488,4.805329,-4.972780,-8.074848,-4.370960,-7.295435,1.317916,7.694830,6.440332,-0.753407,8.858297,0.910723,-2.049946,-0.020152,7.935263,-6.112670,-2.643373,-5.834370,4.774117
vacancy_0585,-9.902210,-6.139626,9.760848,-0.496376,6.162891,4.238205,2.441528,4.850135,7.697256,-3.900777,7.500462,-9.361232,-4.655241,-4.527446,1.913511,4.100592,-10.865223,-4.986105,0.180122,-6.607337,2.845771,7.135520,-8.656249,3.356838
vacancy_0586,-0.735465,-5.270964,4.884008,1.323982,9.678143,-9.329012,6.893974,-0.028547,-0.926099,-0.170621,-7.594665,-7.431228,5.832326,4.234833,-1.236536,0.577242,-1.858069,-1.759528,-4.471176,6.876806,0.866115,2.154433,3.901372,-5.531803
vacancy_0587,-9.630420,-6.636545,-9.661312,-5.652495,-5.408367,-5.217220,6.095241,2.611424,-4.606738,-8.498820,-0.032506,-9.256450,5.821504,10.143579,-2.391320,1.341247,-4.176599,5.890050,-9.142549,-0.916004,1.704079,-0.075429,-8.314437,-5.732732
vacancy_0588,-3.409981,5.860043,6.057684,0.324865,4.933345,0.773749,-7.947914,5.749734,3.936599,-3.578733,-5.938394,-5.712364,-9.288502,8.655208,-2.582635,7.004988,-2.319542,-6.635871,-4.386595,9.125552,-2.833727,-8.107684,-1.779213,-8.506447
vacancy_0589,-4.342920,5.537916,6.540846,9.308641,-6.847192,-2.410835,-5.037996,10.281694,8.574722,6.560717,-4.435022,-6.503287,5.043698,0.217097,-3.942823,8.324899,8.204686,2.265356,0.057283,4.754539,8.613986,-8.723293,-4.463617,-7.803188
vacancy_0590,-7.373826,2.211081,1.108404,4.681572,-2.435502,-4.417613,5.657665,-5.333362,-6.585116,-5.169816,-9.203937,0.172320,8.286348,6.771131,-1.201744,9.583829,0.282909,-1.866641,0.454318,8.255592,-5.427626,-2.103830,-6.492942,4.595085
vacancy_0591,-2.788242,4.512223,6.557498,0.804503,4.310631,0.651408,-8.056540,4.845213,2.746952,-4.112422,-5.729186,-7.674117,-9.708504,8.357260,-2.470520,7.324176,-2.471013,-6.639184,-4.018909,8.753829,-3.236789,-8.146056,-3.117165,-9.155757
vacancy_0592,-2.899519,4.506793,7.025484,1.646480,4.924894,1.213618,-9.273333,5.767425,3.597007,-3.210885,-5.238496,-6.850432,-10.475202,9.072054,-2.808799,7.295005,-2.077536,-7.150336,-3.710683,9.051008,-2.574369,-8.384457,-2.918041,-8.547266
vacancy_0593,-6.931599,2.957106,0.462260,3.408700,-3.145254,-4.327102,5.656840,-3.994710,-7.733590,-4.354933,-7.688507,0.846144,7.603347,6.466037,-0.150199,9.437176,0.566594,-2.101115,-0.554753,7.511851,-5.093617,-2.027308,-4.684522,5.125082
vacancy_0594,-3.251903,5.225750,5.914947,0.323965,4.819166,1.160623,-9.860407,4.676765,2.727552,-3.422336,-5.953132,-6.952557,-9.492451,8.237953,-2.761781,7.388587,-2.467581,-7.316188,-3.794307,8.748544,-1.998552,-8.208916,-3.238751,-9.727572
vacancy_0595,-7.687994,-2.778138,-1.698985,-2.906994,-0.845484,3.646968,-4.326195,-1.063864,-2.112521,-7.394419,-8.083573,-9.147255,-8.111114,7.791717,-7.992749,3.779636,7.148518,0.102378,-7.898747,5.159499,-0.968203,0.943250,7.853488,-9.507347
vacancy_0596,-4.018243,4.956483,6.752399,11.528280,-7.631776,-2.956859,-5.352091,7.815203,8.227207,5.750896,-3.881111,-7.957330,3.478324,0.187964,-3.328459,8.752041,7.399077,1.654303,-0.092901,4.617844,8.164172,-5.677063,-5.505201,-7.908767
vacancy_0597,-9.399018,-4.486169,9.511585,-1.085963,6.804529,3.030738,3.784940,5.986466,7.829464,-3.893196,6.395337,-9.655257,-4.606520,-5.087541,1.512082,2.137346,-9.600636,-4.635021,1.185375,-6.894371,3.230516,7.991837,-8.530131,3.892745
vacancy_0598,-4.210696,4.730630,6.129427,8.468545,-7.068783,-4.438152,-4.708893,9.150667,9.437955,6.788832,-3.580406,-8.526848,4.980035,-0.316625,-3.769983,8.653092,6.339267,1.953193,0.317257,4.132492,8.715975,-6.393694,-4.245615,-7.616021
vacancy_0599,0.032366,-5.296163,4.733158,2.008479,8.822110,-10.114929,7.787023,-0.064270,-1.217675,-0.375759,-6.035316,-7.693808,5.392304,3.806096,-1.801003,0.238688,-1.639582,-2.078572,-5.519134,7.590011,1.576060,2.630825,2.993772,-6.204804
vacancy_0600,-6.744366,-3.112289,-2.836736,-2.820949,-0.086761,4.248984,-3.673476,-1.630736,-0.932421,-7.450604,-8.550253,-10.155307,-7.824491,7.623570,-9.373299,4.938823,7.008566,-1.297676,-9.375004,4.374136,-2.165582,-0.145376,7.829681,-9.050941
vacancy_0601,-6.671371,-3.058331,-1.462264,-2.442491,-0.615433,3.385583,-2.210647,0.172072,-2.382320,-6.400279,-8.799925,-9.641420,-7.577821,8.387699,-11.222283,4.187291,6.570217,-0.439680,-8.234729,4.497318,-2.211781,-0.468147,8.173577,-8.570392
vacancy_0602,4.779298,-1.331828,3.919301,1.273045,-5.522704,-2.188794,9.088139,9.172411,-5.125332,3.626189,-7.293935,10.438397,-4.377693,-0.542482,1.684112,5.567364,10.111218,4.113869,0.904239,6.455834,-8.168787,4.961789,-4.266376,1.280834
vacancy_0603,-5.986283,-3.472103,-1.539260,-4.221101,-1.337008,4.660457,-3.046589,0.157987,-3.843978,-6.304234,-7.387531,-9.280047,-8.683355,7.058490,-10.631624,4.313994,7.989281,-0.582686,-9.249497,4.370509,-2.128503,0.384831,7.048993,-10.046787
vacancy_0604,4.362609,-1.284172,5.005800,2.315585,-6.863095,-1.102882,7.955769,9.905387,-6.145278,3.597241,-8.830732,9.035174,-5.344411,-1.890362,2.161012,5.654400,8.583566,5.058906,1.443999,5.420501,-8.121162,5.180813,-4.595930,2.277808
vacancy_0605,-3.882880,6.048281,5.549004,1.008559,4.220729,1.786209,-8.367743,5.615641,2.069398,-3.533139,-6.503712,-6.667311,-10.337858,8.835417,-3.952908,6.521221,-2.948088,-7.436973,-3.951460,9.124533,-3.468765,-8.261567,-2.118045,-9.357553
vacancy_0606,-8.575602,-5.534423,-8.418106,-4.576685,-6.447902,-5.821738,4.905386,2.008038,-3.992079,-9.013252,-0.802615,-8.849570,6.259534,8.950042,-3.824252,1.625141,-4.364547,4.875926,-10.283379,0.135048,1.568286,-0.458257,-7.689109,-5.264075
vacancy_0607,-3.421930,5.211212,5.600857,1.322816,3.775640,1.326181,-7.821293,5.040196,3.123485,-3.796445,-6.000024,-7.583357,-9.818036,10.396907,-3.469705,7.641592,-2.710222,-6.826560,-3.460908,8.584828,-3.442743,-7.710874,-3.636356,-9.708387
vacancy_0608,3.762719,-0.860140,3.529698,1.777449,-8.126459,-0.917492,7.147237,9.226030,-5.984232,3.181675,-8.443000,8.819482,-5.367387,-1.981274,1.960830,7.260047,9.927206,4.740311,0.686032,4.880287,-9.919860,4.728617,-5.298658,2.638090
vacancy_0609,-7.730835,1.244505,0.302311,3.525283,-2.813485,-4.458486,4.237106,-4.765588,-8.028958,-3.667490,-8.415092,0.702372,8.383091,5.833329,-1.390360,9.912682,-0.140715,-3.155997,0.021819,8.141610,-4.814803,-2.641262,-4.558569,6.459011
vacancy_0610,-9.335038,-5.901640,-7.290968,-5.158756,-5.995527,-5.567688,6.772921,1.833404,-4.074849,-8.826798,-0.623541,-9.558883,6.330243,9.712634,-2.283034,2.177702,-5.478449,6.094416,-10.054144,0.458503,3.273288,0.189277,-7.703542,-4.813443
vacancy_0611,-8.555944,-6.519975,-8.518878,-5.579562,-6.789380,-6.065908,5.754100,2.652803,-4.507267,-9.045023,0.147260,-9.240570,6.468868,9.925687,-1.881393,1.429487,-3.773266,4.917515,-10.088045,-0.368811,2.115498,0.372221,-7.230123,-5.296335
vacancy_0612,-7.166489,-3.493963,-2.962375,-2.234044,-0.666402,3.485087,-4.159392,-1.014058,-4.012345,-6.496871,-7.674706,-9.260501,-7.362626,7.702029,-8.737104,4.226631,8.147483,1.001859,-8.207688,5.363261,-2.944766,0.101960,7.808440,-9.979654
vacancy_0613,-3.367131,5.398004,6.615610,1.401364,4.844670,0.529879,-10.230773,4.389949,1.733430,-4.762686,-6.627747,-7.359139,-10.073300,8.746843,-3.045988,6.185038,-0.841824,-6.868924,-2.598502,8.378550,-3.004933,-7.876176,-0.964925,-9.507424
vacancy_0614,4.448093,-1.687165,5.193128,2.049393,-7.318927,-1.509299,9.073235,8.095599,-6.289762,3.267976,-7.999163,8.758112,-5.273377,-2.430665,1.840164,6.341728,8.477734,3.582247,0.968925,5.809927,-9.563221,4.833377,-5.188694,1.626998
vacancy_0615,-2.945640,5.241562,6.384186,1.945802,3.628744,1.224741,-9.165554,5.687319,2.870273,-3.395577,-4.715672,-7.366694,-9.484866,8.250147,-3.490454,7.416557,-1.337851,-7.382443,-4.077064,8.530804,-3.039459,-6.911516,-3.135809,-8.352675
vacancy_0616,-3.571628,6.260743,5.780651,-0.026893,4.380595,0.630733,-9.081165,6.419114,2.471265,-3.521115,-4.985041,-6.569697,-10.660128,8.729819,-2.675414,6.739521,-2.216189,-6.566587,-3.738784,9.392524,-3.117295,-8.760538,-2.187162,-9.090416
vacancy_0617,3.359918,-2.575207,5.564136,1.230864,-7.713814,-1.865995,7.194369,8.427874,-5.031891,3.204858,-7.494056,9.776818,-3.803776,-1.404669,2.294578,6.445295,9.314202,5.186642,0.256807,5.025048,-8.971912,6.003613,-4.918305,1.906459
vacancy_0618,-3.656131,4.302656,7.164038,10.231427,-6.677114,-3.085483,-6.109178,9.821452,9.645587,5.591647,-4.671972,-7.624294,5.252671,-0.498882,-3.790681,8.155472,5.973623,1.574139,0.327482,4.725946,9.482520,-5.500037,-4.452980,-7.091343
vacancy_0619,-7.037222,-4.108311,-2.908362,-3.896310,-1.106148,5.227803,-3.220372,-0.969821,-3.488190,-6.993689,-8.468829,-9.454736,-7.536405,7.898810,-8.865074,4.515077,7.595155,0.079214,-7.889849,4.093440,-1.269267,0.232919,7.808589,-9.157514
vacancy_0620,3.941974,-2.068821,4.047901,1.680654,-7.138875,-0.690519,7.462943,8.752005,-5.153967,3.465553,-7.986113,9.998201,-4.892104,-1.869070,3.310174,7.152404,9.861512,4.028427,1.110473,6.967210,-9.920048,5.387027,-4.892607,2.026693
vacancy_0621,-9.200330,-6.692897,-8.500628,-5.650332,-6.469903,-5.902043,6.720877,1.994081,-4.543430,-8.251023,-1.204099,-9.727720,6.378703,8.575865,-2.963678,1.915315,-3.713577,5.463907,-10.249385,0.144689,1.599913,1.352517,-7.049998,-5.235965
vacancy_0622,-9.816172,-4.056012,10.539909,-0.180099,7.023262,3.740763,2.839603,4.695834,7.411196,-4.686219,6.076123,-9.196444,-5.609537,-4.391423,2.400727,3.545100,-9.235037,-4.500711,0.450280,-6.511181,2.250791,8.602528,-7.384651,3.883778
vacancy_0623,-9.336183,-6.335686,-8.731879,-5.033761,-6.919363,-5.352236,5.489973,1.722809,-4.368769,-9.581035,-1.309348,-9.438112,6.792323,9.219148,-2.827696,1.319950,-4.990690,4.966389,-10.371950,0.083434,2.729156,0.203051,-7.376965,-6.183591
vacancy_0624,-9.894515,-4.667819,9.630636,-0.736876,5.294693,4.143939,1.907838,4.981546,7.871589,-4.611833,6.864425,-9.600666,-5.099923,-5.703243,2.900787,3.833319,-8.601319,-5.385935,-0.648945,-5.953786,2.323287,7.224270,-8.335229,4.540157
vacancy_0625,4.658108,-1.741173,3.906831,1.567162,-7.116733,-0.912145,7.613555,9.296496,-3.763974,3.008881,-7.906733,10.439260,-4.654422,-1.954085,1.596397,6.684839,9.765327,4.206963,0.473034,5.936905,-8.036758,4.947282,-4.646238,3.347614
vacancy_0626,-8.152386,-6.624734,-9.683177,-5.086466,-5.465042,-4.857499,5.989681,0.567487,-4.141792,-7.863616,-0.457389,-9.472326,6.606022,9.438592,-2.461531,2.153333,-4.178199,5.591707,-10.142920,-0.267388,1.056738,0.210526,-6.837562,-5.756081
vacancy_0627,-10.104573,-4.422794,10.147476,-0.116329,5.962358,2.650695,1.660586,4.258423,7.501007,-3.797254,7.926432,-8.429663,-5.391467,-4.375962,2.026695,4.211486,-8.727703,-5.324134,0.423494,-6.642721,3.987932,6.392897,-8.413599,3.479794
vacancy_0628,4.301748,-1.474916,3.043755,1.667726,-7.184317,-1.752450,8.095238,8.642113,-5.705097,3.283775,-8.930963,9.227447,-5.666883,-2.402279,2.263162,6.382846,9.336426,5.465580,1.238049,5.807070,-8.826184,5.086615,-4.585619,2.303503
vacancy_0629,-7.506376,2.646764,0.604524,3.184226,-2.665141,-3.921727,5.180851,-5.074903,-6.377791,-3.689164,-7.508306,0.711111,8.575394,6.016847,-0.305660,9.543561,0.288217,-3.531181,-1.022015,7.575590,-4.999618,-3.142991,-5.888890,4.346713
vacancy_0630,-7.339857,2.330424,2.331280,3.348135,-3.007840,-5.290347,4.356588,-5.010714,-6.206932,-4.766261,-7.203555,1.287436,7.701993,4.725430,-1.422957,9.781191,0.629621,-3.699921,0.155376,7.614619,-5.163852,-1.850229,-7.034117,4.326321
vacancy_0631,-8.787456,-7.291680,-8.509782,-5.830182,-5.854836,-5.945638,6.181210,2.612448,-5.041430,-8.305041,-0.992655,-9.865016,6.371401,8.931197,-3.047547,2.129084,-4.353232,5.720459,-9.559930,0.508184,1.967499,-0.612683,-8.218077,-4.847707
vacancy_0632,-2.463565,4.223539,6.553666,1.479530,4.186959,0.623657,-9.069487,5.021662,3.441225,-2.726645,-5.815179,-6.770261,-9.821232,7.869310,-2.666178,6.720420,-2.663631,-6.722867,-4.611045,9.229145,-2.089979,-8.456887,-2.173239,-8.220885
vacancy_0633,-1.253554,-5.454446,3.108405,2.297801,8.682943,-9.563830,7.225232,0.660487,-1.193173,0.496909,-7.121523,-7.360783,4.648336,3.076052,-1.711646,0.282591,-2.692255,-2.122420,-5.932965,5.800041,0.895766,2.303472,3.328829,-7.211297
vacancy_0634,-4.482579,4.109937,7.468258,10.771665,-6.456738,-3.226450,-5.630751,9.378766,8.508478,7.269176,-3.659416,-8.902191,4.573565,0.601082,-3.748586,7.306097,7.343001,3.459055,0.248563,3.976592,9.618570,-6.914633,-4.982611,-7.385858
vacancy_0635,-9.920722,-4.145647,10.734588,-0.420146,5.533611,4.135114,2.124808,4.222978,7.597707,-5.009138,6.752407,-9.508199,-4.164123,-5.773847,2.004090,4.593428,-9.491903,-4.387339,-0.752030,-6.051336,3.476722,8.290026,-7.902467,2.427405
vacancy_0636,-7.868541,-6.003305,-8.638112,-6.231282,-6.564128,-5.580189,5.353043,1.426747,-3.632639,-8.968803,-1.285513,-9.469405,5.684636,9.222411,-3.224744,2.105269,-4.384918,4.449493,-10.487934,-0.755675,1.818397,0.162070,-7.434062,-5.154060
vacancy_0637,-7.071575,-2.860413,-2.878779,-3.806929,-1.217102,4.972349,-4.004995,-1.512492,-2.296581,-8.521437,-8.241311,-10.258805,-7.409883,7.247565,-9.757186,3.453345,7.527223,0.386098,-8.693008,5.307059,-1.475526,-0.502698,7.939411,-8.176462
vacancy_0638,-8.002257,-7.164348,-8.492093,-5.946629,-5.234558,-5.646812,5.233829,3.014063,-4.170104,-8.187497,0.011237,-9.297736,6.196873,8.556045,-3.014432,1.655011,-4.471493,5.963719,-9.948205,0.018941,3.111913,-0.062203,-7.399607,-6.200626
vacancy_0639,-7.324419,1.774861,1.624720,4.023919,-3.495513,-4.594965,6.306823,-4.029404,-6.453589,-3.214101,-7.904074,1.319419,8.546019,6.773155,0.288540,9.233297,0.952827,-2.594718,0.420455,7.637208,-5.013801,-2.240220,-5.740955,5.403185
vacancy_0640,-7.780751,1.397037,0.512575,3.263194,-2.381532,-4.983169,6.594153,-4.556546,-7.457050,-4.249211,-8.069599,0.976312,9.585973,6.521756,-0.118080,8.798467,0.850382,-1.656960,-0.413721,7.989036,-5.284160,-3.305327,-5.763612,4.589262
vacancy_0641,-7.355304,1.253515,1.086671,3.681540,-3.321544,-3.693796,5.993148,-4.720606,-7.671541,-4.403383,-8.069157,0.942010,9.445352,5.858417,-1.601843,9.525321,1.863015,-3.822674,0.420785,7.922591,-4.265599,-2.895535,-6.531560,4.828994
vacancy_0642,4.518017,-1.710011,2.713666,2.268445,-7.337713,-2.418842,9.491602,7.469713,-4.825703,3.806123,-8.377080,10.031789,-5.663185,-2.037233,2.362782,7.128678,10.779057,3.397165,0.732867,4.791017,-10.530028,4.632312,-5.248900,2.572234
vacancy_0643,-4.749419,5.387635,6.289121,9.681983,-6.047949,-2.703118,-4.790350,9.460604,9.722368,5.903066,-3.894400,-7.131619,4.650967,-0.057437,-4.147109,8.805431,6.880108,2.282137,-0.366667,4.010244,10.027441,-7.381215,-5.074685,-8.466826
vacancy_0644,0.408416,-4.199798,3.714096,2.598986,8.572529,-7.990611,7.485719,-0.313875,-0.926578,0.064376,-7.071732,-8.181707,2.890305,3.346879,-1.676937,-0.155997,-2.797248,-1.694629,-6.232478,6.125299,-0.420596,2.301394,3.113575,-6.094489
vacancy_0645,3.346198,-2.082251,3.982486,2.107773,-7.416360,-2.061725,7.383731,8.664918,-4.814583,2.978846,-7.347089,10.513392,-4.045035,-2.313225,3.758500,6.852578,10.162983,3.137991,0.579298,6.225279,-7.913461,4.813899,-5.302990,3.113656
vacancy_0646,-3.775312,4.358616,6.203547,1.024818,4.387471,1.020117,-9.302483,3.800000,2.281046,-3.347337,-4.968692,-7.060759,-8.841538,8.268977,-2.470021,7.341549,-2.886223,-7.243438,-4.615569,8.883785,-3.312771,-8.304881,-2.022088,-7.851852
vacancy_0647,-8.215247,1.433992,1.244307,4.489699,-3.102532,-4.860700,5.558342,-4.331807,-7.598423,-3.478560,-7.733061,-0.506588,8.441566,6.478874,-0.870936,8.922988,0.990170,-3.587258,0.166094,7.230585,-5.282341,-1.887630,-4.243567,3.604562
vacancy_0648,-7.757631,-5.714440,-8.233308,-5.383824,-5.453491,-5.661690,5.225447,2.731999,-3.601975,-8.047482,-0.711182,-9.479555,5.849547,9.078719,-1.722745,2.039806,-4.023856,5.288308,-10.595394,-0.681986,2.917554,0.938184,-7.462620,-4.911164
vacancy_0649,-8.737092,-6.187553,-8.787738,-6.078699,-7.248025,-5.078871,5.330333,1.868872,-3.759935,-8.629829,-0.877127,-9.606522,6.459210,9.429346,-3.272269,2.113513,-4.522680,4.901292,-10.183404,0.688280,2.326451,0.313923,-5.806705,-5.240641
vacancy_0650,-0.003177,-4.315867,4.676152,2.674704,10.000660,-9.471971,7.464239,-0.428954,-1.630012,-0.951258,-7.068768,-8.595968,3.847148,2.930133,-1.398988,0.769019,-1.948763,-1.571228,-6.149373,5.325881,0.337644,2.120421,3.268793,-5.529633
vacancy_0651,-2.813995,5.392864,6.597480,0.607917,4.859888,1.406599,-7.858242,4.906587,2.893727,-3.904169,-5.861631,-6.235665,-10.310999,8.920796,-3.106019,7.336172,-1.988082,-6.375491,-3.960451,9.318382,-2.608621,-7.419790,-2.357500,-9.502065
vacancy_0652,-9.089420,-5.167121,-9.016948,-5.047036,-6.847332,-6.713066,5.416195,2.690835,-3.999899,-8.075059,-1.013295,-9.399058,6.382669,9.759979,-2.992666,1.867967,-5.495550,5.852318,-9.280134,0.760156,3.167996,0.995730,-8.243485,-5.250573
vacancy_0653,-0.437459,-3.168546,4.502375,2.566074,8.192750,-9.711783,7.198199,-0.422002,-0.930590,-0.210066,-7.611260,-9.130498,4.374463,3.988631,-2.742526,0.582708,-1.458383,-1.825565,-6.121896,5.995210,0.654573,2.072001,3.087943,-6.060356
vacancy_0654,-2.581607,6.255551,6.100609,0.489633,5.479784,0.642263,-8.760652,5.162593,3.542180,-3.974062,-5.652141,-6.436880,-9.922819,8.939788,-3.293845,7.337398,-2.279341,-7.615159,-4.474148,8.557438,-1.891556,-8.051577,-2.387162,-9.144957
vacancy_0655,-7.777197,2.183351,2.334515,3.013934,-3.143569,-5.000282,5.855967,-5.736101,-6.895698,-4.419537,-8.862349,1.815454,7.853487,5.987182,0.576119,8.338399,1.563231,-3.000122,0.298141,7.542686,-4.897318,-1.828819,-6.908673,4.061333
vacancy_0656,-10.084617,-4.100245,10.112457,-0.155701,5.782681,3.883302,1.710294,4.520051,6.439189,-4.379780,6.919897,-9.435949,-4.405673,-3.900427,1.534617,3.309377,-8.930230,-4.330262,0.346011,-5.839562,1.772740,8.664218,-8.691441,3.115258
vacancy_0657,-6.791173,-3.103998,-2.674708,-3.736787,-1.353656,3.825517,-4.159983,0.120014,-2.052170,-6.809449,-6.416468,-10.006888,-7.394748,6.159202,-9.433898,3.891406,7.092215,-0.332024,-9.074991,4.390089,-0.971806,-0.319659,7.732645,-10.938280
vacancy_0658,-0.724562,-4.344566,3.578469,2.595349,9.307799,-9.218662,5.322125,0.924883,-1.449476,-0.527682,-7.874272,-7.984917,3.546092,3.258190,-1.754058,0.352488,-2.924074,-1.451203,-6.291961,6.638195,0.341331,2.650428,3.371705,-6.226105
vacancy_0659,-6.944255,1.735553,0.904842,4.039099,-4.253081,-4.472581,6.182536,-5.389398,-6.794441,-4.248982,-8.008151,2.301935,7.780275,5.871833,-0.134048,10.165425,0.396925,-3.148629,-0.333230,8.141435,-5.022562,-1.930260,-6.404618,3.706949
vacancy_0660,-9.458567,-3.032570,10.377755,0.768920,6.300836,4.666258,1.670427,4.405512,7.775437,-4.028297,5.188131,-9.310525,-5.308477,-4.770440,1.298638,3.431681,-9.203126,-5.776940,1.129670,-4.986247,3.357933,7.077476,-7.436317,3.664628
vacancy_0661,-9.245739,-5.157415,9.854948,0.029932,6.034945,4.112870,2.107203,4.411076,8.130964,-4.237441,6.262545,-9.956302,-5.416477,-4.226356,1.999686,4.002626,-8.907240,-4.667772,0.293448,-5.675461,2.406048,6.918586,-7.969159,3.701001
vacancy_0662,-2.902486,4.578015,6.142831,0.439556,5.030202,0.841812,-8.905594,4.355753,2.522706,-3.608381,-4.745145,-6.604497,-10.232289,8.999438,-3.119897,5.834994,-2.768814,-7.144931,-4.349513,8.273257,-2.198325,-7.196443,-2.012075,-9.424336
vacancy_0663,-3.851812,5.029119,6.521580,10.005105,-6.090080,-3.958414,-5.918891,9.384939,8.407759,5.912872,-5.027119,-7.552130,3.959847,-0.795175,-3.767210,8.173605,6.670257,2.033975,-0.730342,4.751905,9.013168,-7.084335,-4.563063,-7.794044
vacancy_0664,-9.841623,-7.255260,-8.011044,-4.900851,-6.155742,-5.375014,6.008785,1.413477,-4.931001,-9.850686,-1.166750,-9.288786,6.243009,9.834442,-3.271130,1.294790,-4.271132,5.041211,-9.408762,0.176224,2.665135,0.519875,-8.118227,-5.865511
vacancy_0665,-2.028375,-5.303338,4.609544,2.608071,9.379248,-8.913373,7.551852,1.451823,-1.780070,-0.053691,-7.227918,-8.667126,3.439384,4.040624,-0.725382,0.717152,-2.208074,-1.456980,-5.394290,7.141031,1.182719,3.993529,2.894123,-5.476948
vacancy_0666,-8.538239,-6.021029,-8.398288,-4.847560,-6.706515,-6.325917,5.891997,2.231806,-4.210828,-8.163492,0.291364,-10.182695,6.852910,9.838419,-2.396974,2.665220,-3.650127,4.968948,-9.220052,-0.670511,3.484713,-1.446899,-8.098533,-4.556049
vacancy_0667,-9.783313,-5.926282,-9.304083,-6.062194,-6.558219,-5.944012,5.764247,1.219618,-4.886404,-8.460119,-1.590136,-9.299169,6.289066,9.440827,-2.802043,1.543160,-3.658988,5.314882,-10.012046,-0.297374,2.447878,0.640764,-7.615119,-4.993146
vacancy_0668,-9.764626,-4.128697,9.817176,-0.346476,5.185476,3.623988,2.448625,4.800865,6.826388,-4.382736,7.023378,-10.086568,-3.616311,-5.771426,2.820686,4.252460,-8.571685,-5.031790,-0.803694,-6.450529,2.891952,7.087786,-8.192452,4.417231
vacancy_0669,-9.264146,-6.572596,-8.447528,-4.987791,-6.924053,-6.247693,6.781715,2.527109,-5.296620,-9.719148,-0.770209,-10.809679,7.497632,9.343083,-2.181253,1.887441,-4.517108,4.927689,-10.478189,0.982787,2.585339,-0.067037,-7.958967,-5.893664
vacancy_0670,-3.097115,5.730283,6.283028,0.862834,4.983940,1.843185,-9.847662,4.730126,3.045068,-4.033947,-6.295598,-7.390246,-9.063956,8.835028,-2.717414,7.242599,-3.143758,-7.701444,-4.840018,8.842265,-2.327517,-9.102577,-2.629854,-8.296677
vacancy_0671,-3.147054,4.576283,5.913695,0.790159,4.892175,0.779218,-9.539017,5.176544,2.318274,-4.756747,-5.852553,-7.587450,-9.565690,7.636884,-2.936569,7.704127,-0.905879,-7.180974,-4.686462,9.757795,-3.487426,-8.012243,-3.471670,-8.199096
vacancy_0672,-7.841456,1.350130,1.935377,3.154162,-3.579204,-4.697648,5.829462,-4.648843,-8.133948,-4.178572,-7.851892,1.078215,8.563811,6.132415,-1.211700,10.832688,1.568917,-3.473714,0.204055,8.145064,-4.753646,-2.945120,-5.604416,4.497329
vacancy_0673,-7.241264,-4.851873,-1.719203,-3.640973,-1.571977,3.571010,-4.909365,-1.168866,-2.721168,-7.609340,-7.351067,-9.480161,-8.027973,7.346817,-9.702652,4.033357,7.942694,0.251105,-8.964854,4.863783,-1.816600,-0.731629,7.906080,-8.519512
vacancy_0674,-7.213286,-3.977954,-2.918506,-3.715246,-0.866814,4.326989,-4.262437,-1.843329,-2.855422,-6.994992,-8.067419,-9.679843,-7.222522,8.222118,-9.647696,4.100502,7.247246,0.807977,-8.218502,3.892913,-1.139565,0.298112,7.499812,-8.985739
vacancy_0675,-9.376169,-4.083337,9.173283,0.258922,6.140494,3.599269,1.761133,7.035726,7.463206,-5.025296,7.402883,-9.280490,-5.147051,-5.415566,3.215385,3.398742,-9.416276,-4.260938,-0.168754,-4.991605,2.020590,7.891227,-8.160245,3.128416
vacancy_0676,-3.846826,5.969643,5.076220,0.612020,5.265420,1.690608,-8.080252,5.563488,2.917721,-3.685150,-5.288688,-7.329911,-9.397658,7.925646,-2.308269,7.113062,-2.604791,-7.745397,-4.812553,8.709216,-2.967005,-7.369552,-3.261964,-10.065271
vacancy_0677,-2.859530,5.495561,4.569554,0.533158,4.659985,1.713052,-9.008953,5.410820,2.100419,-2.658055,-5.949918,-6.509058,-9.780866,7.740042,-3.345323,6.674462,-1.755416,-7.379372,-4.128921,9.027311,-4.078254,-7.701815,-3.215463,-8.638234
vacancy_0678,0.740161,-5.402483,3.360961,2.645323,8.066362,-9.383736,6.769056,0.112368,-1.811625,-0.575548,-8.541827,-7.474558,4.138810,3.523390,-2.368613,0.025894,-1.365038,-2.486561,-5.490623,6.331590,0.125137,2.466779,3.034403,-6.568650
vacancy_0679,5.173828,-2.070587,3.560050,2.325425,-8.487831,-2.146368,7.731791,9.342051,-6.301432,3.156894,-8.021776,10.294653,-5.057957,-1.809503,2.817759,6.391926,9.404721,3.864808,0.633105,5.366390,-9.888162,4.959951,-5.046307,2.179282
vacancy_0680,-7.083915,-3.168041,-2.265307,-2.789520,-1.688933,3.509681,-2.690365,0.352553,-3.686871,-7.693686,-8.458318,-9.578668,-8.640513,7.018852,-9.473701,4.885025,8.080642,0.402954,-9.239961,5.040701,-0.695966,-0.243151,9.136470,-9.491023
vacancy_0681,-8.133544,-5.578717,-7.505195,-5.513275,-6.898480,-5.870900,5.476992,2.031759,-3.613140,-8.777561,-1.306636,-9.227411,6.459994,8.891111,-3.304238,1.690812,-4.038582,5.497513,-10.476968,-0.382648,1.658702,0.302349,-7.233448,-5.512170
vacancy_0682,-7.414385,1.931255,1.319716,4.469804,-2.402367,-4.771933,5.802495,-4.274889,-7.962172,-4.851282,-7.990022,0.622877,7.967674,6.658338,-1.588956,9.248930,0.799120,-2.650019,-0.210227,7.509427,-5.610964,-3.473023,-5.917367,5.355527
vacancy_0683,-8.019057,1.007020,0.995098,4.368353,-3.629419,-4.392252,5.565164,-4.672567,-6.943632,-3.174890,-8.010039,1.279789,9.033729,6.379695,-1.676169,10.244371,1.454714,-2.405898,0.504921,8.680985,-4.929880,-3.518659,-4.963775,3.809380
vacancy_0684,-2.670416,5.024575,5.060855,1.045114,5.416757,1.106053,-8.286792,5.239993,2.766359,-2.421305,-5.206761,-7.952132,-10.200287,8.703296,-1.891736,6.395395,-2.025067,-6.748474,-4.721045,9.193797,-1.914237,-8.450168,-2.510820,-9.595869
vacancy_0685,-2.735695,6.228633,7.164708,1.182162,4.636450,2.045567,-8.593039,5.335676,2.454441,-3.862469,-6.328223,-6.422332,-9.730066,8.447116,-4.156214,6.369935,-2.710751,-7.475118,-4.032019,9.068299,-1.898076,-7.634293,-4.028383,-10.288353
vacancy_0686,-9.982253,-3.871325,8.305771,0.898188,7.170650,4.111986,2.090712,3.681916,7.377871,-4.122599,4.893185,-9.110855,-4.548017,-4.882166,1.901649,3.485778,-9.993238,-3.987453,0.488628,-5.875717,3.661716,6.838074,-9.161258,2.561783
vacancy_0687,3.935578,-1.874567,4.328942,2.615721,-6.475239,-1.887592,7.396311,9.064476,-5.706048,2.949943,-8.090889,8.603603,-5.421632,-2.130568,2.053364,5.861069,9.955764,4.525083,0.222981,5.339256,-9.045994,5.028126,-5.448995,2.620974
vacancy_0688,-9.382817,-4.349435,9.142314,0.040934,6.317914,3.639098,2.053015,4.819144,7.044953,-5.165891,5.723375,-9.000427,-5.145196,-5.316763,2.804277,3.095104,-9.730338,-5.446222,-0.429878,-5.806120,2.688376,8.027099,-7.903703,3.414577
vacancy_0689,-8.586075,2.913972,0.902306,3.406365,-2.981451,-3.817431,5.940396,-4.928581,-7.949833,-4.129307,-8.247802,1.671561,7.907727,5.776153,-0.973312,8.211162,0.482929,-2.570035,0.628466,6.533429,-4.858966,-1.389190,-5.769800,3.957421
vacancy_0690,-5.150995,4.555128,6.109427,9.041846,-6.661813,-3.400997,-4.374137,8.858927,9.891709,7.476949,-4.273488,-6.894276,4.163493,1.558256,-3.483288,9.309615,6.028926,2.520257,-0.044152,3.989650,9.330944,-6.728722,-4.957593,-7.348702
vacancy_0691,-6.095618,-3.825020,-2.613117,-2.800806,-1.331291,3.329499,-4.978433,-0.215322,-2.568224,-7.599833,-7.662464,-9.455388,-7.144377,7.419081,-8.691111,3.986564,6.941343,-0.028314,-9.535227,4.291857,-1.496645,0.296176,6.738918,-9.223762
vacancy_0692,-7.937694,-3.329995,-1.857854,-3.843007,-1.559729,3.764602,-4.579759,-0.476332,-2.169710,-8.389484,-8.047511,-9.641252,-7.414301,6.402583,-9.241302,4.432410,7.039525,0.485711,-9.435402,5.218226,-1.412257,-0.165338,8.577437,-10.290830
vacancy_0693,-3.987031,5.093242,7.443729,10.237413,-5.928117,-3.778834,-4.359615,7.849688,8.644670,6.908057,-5.286644,-7.481407,3.949187,0.269014,-2.755703,9.276690,6.985904,1.629773,0.247007,4.354372,8.579407,-6.880786,-3.133921,-7.841047
vacancy_0694,0.087021,-5.464086,4.419047,3.408631,7.885620,-8.601700,7.231682,0.992818,-2.359948,0.835985,-7.164366,-7.924855,5.077597,4.200047,-2.100726,1.710548,-2.243614,-1.487463,-5.690063,6.016997,-1.074253,2.659667,2.639927,-6.142159
vacancy_0695,-9.669556,-6.412847,-8.653006,-5.218567,-6.643395,-4.964538,5.668278,2.623519,-3.882689,-8.003203,-0.107488,-9.807968,5.478101,9.291509,-2.475948,3.002561,-5.139285,5.273272,-10.137768,-0.427291,2.696857,1.183815,-7.923477,-5.801059
vacancy_0696,2.575581,-1.181003,4.020926,1.445496,-8.295763,-1.298215,7.825640,8.129210,-5.511047,3.287386,-8.701371,9.259727,-4.296225,-2.481475,2.150375,8.058689,10.762809,4.608072,1.758468,5.816559,-8.766994,4.829924,-4.921594,3.085899
vacancy_0697,-4.300434,5.376685,6.115067,1.140747,4.735116,1.721103,-9.876010,5.389983,1.817676,-2.759226,-4.980029,-6.825425,-9.489878,8.747608,-2.950958,7.039250,-2.010630,-7.929951,-3.952955,8.334615,-3.006639,-8.706496,-2.384422,-9.567816
vacancy_0698,-6.846934,2.457170,1.674818,3.601280,-3.624140,-3.963703,5.960104,-4.901071,-8.539871,-3.615485,-8.130287,1.850927,9.416965,5.862920,-1.199085,9.973060,-0.639313,-2.064139,-0.122908,7.876350,-6.313646,-2.077060,-5.462715,4.284543
vacancy_0699,-7.834167,-6.988018,-8.080704,-4.975889,-6.748016,-5.747077,5.705842,2.576073,-5.533222,-8.993958,-0.672641,-8.955797,5.582522,10.144998,-2.484922,1.242401,-4.194828,5.436494,-10.870374,0.228292,1.893113,0.469639,-7.799475,-5.799708
vacancy_0700,-6.731728,1.477476,1.541568,5.096316,-4.029574,-3.532696,6.240932,-3.600391,-6.807012,-3.648133,-7.905200,0.159122,9.079468,5.152189,-0.294242,8.485510,0.190348,-2.598356,-1.350879,6.622441,-4.355560,-2.820783,-6.155127,4.906281
vacancy_0701,-9.705177,-6.207853,-9.583882,-4.496858,-5.539747,-5.283504,5.128743,3.253506,-5.094467,-8.350230,-1.895288,-8.205389,5.879048,9.215202,-2.811120,1.911964,-4.425832,4.731691,-9.449832,0.428249,2.023050,-0.123804,-8.425896,-6.511101
vacancy_0702,-6.468961,1.964772,1.820874,4.366717,-3.786357,-4.630967,5.901629,-4.209075,-7.812777,-4.479318,-8.153931,0.042422,7.713762,5.753149,-1.979295,9.782084,0.878360,-2.502333,-0.390911,7.790255,-4.682823,-2.580437,-5.540412,5.555031
vacancy_0703,-9.732640,-5.658659,10.218006,0.955085,6.284482,4.073061,2.703525,5.376730,7.233085,-4.248554,5.971574,-9.834765,-4.968341,-5.354862,2.230880,2.708043,-9.599926,-4.134813,-0.134685,-5.689162,2.629924,7.534067,-8.267942,3.623335
vacancy_0704,-0.340002,-5.443657,4.946151,2.597383,9.013341,-8.721138,6.455625,0.477612,-0.621302,-0.492175,-7.281085,-8.641854,5.424729,2.742690,-2.275089,1.382009,-2.406019,-1.732718,-6.249843,6.705034,0.909875,1.532015,3.233755,-6.930700
vacancy_0705,-3.549553,4.861262,6.695959,9.350547,-5.670427,-2.903026,-5.649622,10.638257,9.669715,5.555671,-4.957443,-7.630897,4.057441,0.061920,-2.832647,8.845527,7.469461,2.388764,-0.354495,4.555836,8.548550,-7.892331,-6.038215,-7.603625
vacancy_0706,-3.770345,5.015424,6.335256,0.657865,5.152414,1.261860,-9.130312,5.463877,2.650982,-3.558004,-5.869087,-7.579006,-10.087169,8.107457,-2.366784,6.554335,-1.134258,-6.598988,-4.230433,8.204793,-2.296510,-8.101899,-2.848011,-10.733106
vacancy_0707,-10.350589,-5.490011,-8.642409,-5.471833,-5.945065,-5.261595,5.398391,1.922401,-4.667645,-8.219930,-1.636294,-9.979457,6.721956,8.147939,-2.941270,1.775096,-4.908631,5.181129,-9.860676,-0.507323,3.278946,-0.652821,-7.964235,-5.396525
vacancy_0708,-9.504086,-4.784237,10.354816,0.548041,6.199545,3.744765,2.274410,5.111707,7.325768,-5.216493,6.381356,-9.848213,-4.867918,-4.643130,1.841559,3.395668,-9.280583,-4.957906,-0.193168,-5.290432,2.615841,7.133538,-7.987834,3.025897
vacancy_0709,-7.377541,-3.056088,-2.494432,-3.288851,-0.079750,3.803221,-2.849317,-0.909030,-2.309359,-7.570839,-7.946383,-9.591090,-7.478628,6.952502,-9.430543,5.159802,7.550376,-0.096531,-7.847029,5.749720,-1.642472,-0.304784,7.830055,-9.445372
vacancy_0710,-8.676255,-6.774890,-8.973076,-5.868940,-5.861683,-6.011941,5.973132,2.349855,-3.129318,-8.135359,-0.810823,-9.720935,5.663218,9.285229,-3.899187,1.673142,-4.606562,6.035900,-9.444118,1.221533,2.251505,0.761686,-8.226850,-4.396548
vacancy_0711,-8.615034,-7.074007,-9.048316,-5.274584,-4.807641,-4.529777,5.229042,1.077613,-5.027971,-9.497376,-1.306376,-9.953853,6.993400,8.592091,-2.837210,0.801976,-3.575910,6.109748,-10.467320,-0.316568,1.819916,-0.079665,-7.638077,-5.122306
vacancy_0712,-7.616257,-2.836683,-1.817432,-3.708889,-1.936872,3.922612,-3.865257,-0.558529,-3.428557,-7.437369,-7.888748,-8.200258,-7.602088,7.233271,-9.706119,5.389752,7.303419,0.975879,-8.395796,5.159228,-2.131516,-0.237191,8.109348,-8.793740
vacancy_0713,-9.254499,-4.658650,10.321245,0.248357,6.161963,2.265310,3.203117,4.323708,7.595231,-5.482280,6.217834,-9.086864,-4.528181,-4.486409,2.038274,2.542333,-10.075260,-5.540898,-0.345911,-5.877948,1.746796,6.681432,-8.135185,3.439893
vacancy_0714,-6.969890,-3.885290,-2.812220,-3.724409,-0.714660,3.822924,-3.831013,-0.507632,-1.963130,-8.118763,-8.492686,-9.564472,-7.005276,6.391460,-10.393409,4.543693,7.213882,0.454642,-9.610598,4.374746,-0.263540,-0.962341,7.455505,-9.322529
vacancy_0715,-2.953096,4.673942,6.196099,1.987051,4.895827,1.686950,-9.344267,4.914865,3.053071,-4.163739,-5.215270,-8.339912,-10.758635,9.081893,-2.154122,6.845314,-2.642932,-6.430731,-4.545553,8.256172,-2.877528,-8.312500,-2.243957,-8.487587
vacancy_0716,3.960792,-1.179843,4.631702,2.075019,-7.641951,-2.042212,8.324358,8.332429,-4.804526,3.545635,-6.950872,10.136545,-5.079141,-2.308144,2.300454,6.675588,8.880799,3.724876,1.816031,4.642622,-9.281709,5.139879,-5.690894,1.542151
vacancy_0717,-3.181277,4.719682,5.260669,0.939697,4.765434,0.027514,-8.122385,6.036799,4.457954,-4.224890,-6.169950,-7.227990,-10.352962,10.134015,-2.619249,6.771721,-2.961731,-6.899221,-5.150348,7.946996,-3.421596,-8.298013,-1.724694,-9.298642
vacancy_0718,-4.233956,4.923328,6.718816,1.094302,5.679758,1.293512,-9.584615,5.055717,2.628655,-3.327464,-5.722588,-6.566823,-9.382637,9.831672,-2.378609,6.615873,-2.478354,-5.602094,-5.704792,10.100205,-3.363092,-7.722553,-3.723036,-8.500241
vacancy_0719,-0.067528,-3.912711,3.940328,2.357911,9.020634,-9.245938,6.387702,-0.271230,-1.334241,0.146364,-6.868384,-7.719418,3.945846,2.987340,-0.470816,0.760708,-2.370313,-1.021748,-6.072872,5.533314,0.187864,3.436649,2.798004,-5.318700
vacancy_0720,-4.307866,4.748982,6.070327,10.220798,-6.590744,-3.262487,-4.305094,9.117073,8.945638,6.251457,-3.827070,-7.168663,3.875623,-0.016869,-3.775671,8.171742,7.592660,2.977726,0.222257,4.000188,8.686474,-7.463617,-4.325996,-7.492912
vacancy_0721,-0.266343,-5.178880,4.255216,1.938056,8.184672,-9.347304,6.687338,-1.024639,-1.704575,-0.145917,-7.875890,-8.889518,4.839069,3.155657,-2.331688,-0.031444,-1.952456,-0.154154,-6.168635,6.712400,0.530584,3.423542,3.219873,-5.807840
vacancy_0722,-9.403032,-5.395487,9.406053,0.497866,6.520536,3.279369,2.771136,4.827615,7.188148,-4.993293,6.837977,-10.985158,-5.719586,-4.727624,2.246610,3.471345,-9.643114,-5.513531,0.527006,-5.311706,3.328710,7.450456,-8.356192,3.449139
vacancy_0723,3.869917,-2.398854,4.266837,1.998544,-7.870999,-2.249407,7.872348,7.926635,-6.157579,3.389805,-7.105849,9.810320,-4.687893,-2.943603,1.216721,7.626346,9.906897,4.501701,0.693858,5.284275,-9.155473,5.034665,-6.157928,1.751844
vacancy_0724,-3.983091,4.879510,6.254160,8.737323,-6.678975,-3.528608,-4.371539,8.841135,8.824062,6.425317,-4.164932,-7.558448,4.385268,0.615684,-4.110347,8.121216,6.978069,1.946743,-0.040375,4.583639,9.272188,-6.790270,-4.505000,-8.225558
vacancy_0725,5.189363,-1.133954,5.103176,1.680623,-7.364546,-1.077820,9.296150,7.405322,-4.808741,2.621560,-9.104723,10.362052,-4.448105,-2.228687,3.243072,7.854497,9.922616,4.494377,0.183666,5.220735,-8.603412,4.563755,-4.804677,1.587927
vacancy_0726,-0.044563,-4.669732,5.442143,1.153047,9.077633,-9.290950,7.371825,0.343180,-2.067069,-0.642393,-7.278965,-8.337271,4.405422,3.336761,-1.826721,-0.230857,-2.265013,-1.203905,-6.266465,7.161433,-0.355992,2.127244,2.810570,-6.230451
vacancy_0727,-7.669509,-3.668919,-2.221625,-3.379480,-1.050309,4.182752,-4.673062,-0.941549,-2.731782,-7.802324,-7.854512,-9.619096,-7.891167,7.179104,-9.482314,4.698632,6.949864,1.041393,-7.934462,4.911819,-0.752020,-0.231893,8.515305,-9.743745
vacancy_0728,-3.342101,5.176580,6.664032,1.160614,4.522112,0.655664,-8.824531,5.358957,2.328733,-2.892837,-5.229597,-7.152943,-10.175132,8.700370,-2.031075,6.743994,-1.481901,-7.092393,-5.352396,9.881323,-2.264120,-7.403767,-2.941520,-9.939378
vacancy_0729,-2.453255,4.746312,6.669161,1.483501,5.576973,1.752775,-9.170921,5.861010,2.972920,-2.886284,-4.460278,-6.429052,-10.453395,8.904338,-2.860353,7.135938,-2.148836,-7.558953,-4.223056,8.733312,-2.758536,-7.094136,-2.447043,-9.280249
vacancy_0730,-7.955556,1.198086,0.709047,3.558093,-2.947736,-3.090571,5.178810,-4.469448,-6.868004,-2.923866,-7.083692,1.033352,7.412347,7.106654,-1.438835,9.661899,1.233597,-1.788640,-0.429813,7.753923,-6.880263,-2.765892,-5.989472,5.156522
vacancy_0731,0.391250,-5.691719,4.596196,3.292694,9.867863,-10.654783,5.511810,-0.309331,-2.059182,0.294501,-8.224814,-9.307428,4.330128,2.974838,-1.823490,0.070390,-2.217172,-2.385740,-5.762079,7.141196,-0.266024,2.247170,1.869861,-5.966846
vacancy_0732,5.473357,-0.213325,4.286883,1.076321,-7.784668,-2.047722,8.715534,8.684812,-5.757100,3.600995,-7.946928,10.450093,-5.578801,-1.681157,2.461824,6.606825,10.142232,4.359732,0.406246,4.843673,-8.649000,5.994336,-5.087425,1.703932
vacancy_0733,4.102153,-1.579403,4.258240,0.282842,-7.148432,-0.966591,7.340684,8.662928,-6.974801,2.888882,-7.378757,9.242468,-5.783528,-2.939701,1.766549,7.492398,9.928868,4.286489,0.542368,5.345355,-8.895864,4.738646,-5.399560,3.330295
vacancy_0734,-8.621852,-6.395035,-7.429213,-5.217835,-5.842150,-5.589319,5.931727,1.795117,-2.749827,-8.991892,-0.925173,-8.761364,6.721405,9.523476,-3.195462,2.777883,-5.986367,5.112656,-9.979048,-0.165552,1.970430,-0.363258,-7.272689,-5.757803
vacancy_0735,0.062414,-5.097820,4.801941,1.921607,8.920366,-9.690105,7.236861,-0.824959,-1.867245,0.182987,-7.158357,-8.499135,6.032033,4.307838,-0.948416,1.003843,-2.099968,-1.969292,-5.806793,6.549082,1.027978,2.755059,2.368116,-5.269428
vacancy_0736,-3.635353,4.459437,6.783533,9.073970,-6.797611,-3.424669,-4.271746,9.596608,8.447469,6.330167,-5.199107,-7.431063,4.873525,-0.312963,-4.128726,7.151580,7.042403,0.935932,0.014563,3.101172,8.527702,-6.480551,-5.472950,-8.007114
vacancy_0737,-7.462474,1.882277,-0.124027,3.385137,-2.169033,-4.283434,6.330305,-4.698761,-7.745238,-4.205995,-7.632547,0.701828,9.131519,5.880961,-0.936615,9.636096,0.217723,-2.876238,0.128387,6.976506,-5.066863,-2.488193,-6.562834,4.012766
vacancy_0738,-7.892697,2.191848,1.455170,4.397672,-2.596063,-3.996729,5.276395,-4.950177,-7.333051,-4.520717,-8.317217,1.072809,8.352729,7.094325,-1.182095,9.018402,0.374324,-3.417550,0.215840,8.637481,-4.769665,-3.549865,-6.158417,4.189652
vacancy_0739,-3.527197,5.063056,5.988992,9.346842,-6.593900,-3.901613,-4.462212,8.013861,10.011481,6.441993,-3.876613,-8.532974,4.442205,0.310046,-4.461026,9.181799,6.918627,1.840479,-0.733867,2.739863,9.941209,-5.941328,-3.541502,-7.390810
vacancy_0740,-6.566258,1.346007,0.543441,3.571593,-3.273434,-3.710918,7.150095,-4.607176,-6.864607,-5.343772,-7.476173,0.808109,10.359132,7.262381,-0.834061,8.656616,0.702028,-3.548801,0.866223,7.994810,-5.176313,-2.842660,-6.042743,5.659720
vacancy_0741,-9.150812,-5.829728,-7.504868,-5.324504,-7.195447,-5.697334,5.744664,1.414725,-4.676925,-8.438438,-0.549892,-9.815604,6.064420,9.896926,-2.500265,1.810409,-3.685872,6.086351,-10.166065,-0.217506,1.892589,-0.623721,-8.253946,-4.909966
vacancy_0742,-3.263720,4.327420,6.196508,9.153041,-6.746919,-2.930695,-6.034053,8.828369,9.674851,6.175723,-4.581300,-7.163438,3.806291,0.771975,-3.462520,8.194082,5.226549,2.120871,-0.104312,3.762755,7.758205,-7.363465,-4.928717,-6.437384
vacancy_0743,-3.627717,4.454011,6.886225,9.263958,-7.179266,-2.934514,-5.219003,8.527272,10.361409,7.175467,-3.837816,-8.375043,4.571385,-0.532962,-3.685977,8.920836,7.291527,1.691933,-0.302046,4.141858,7.688094,-7.203122,-5.041954,-7.800440
vacancy_0744,-7.046656,-2.572070,-2.420887,-4.074084,-2.039561,3.588592,-3.911334,-1.533565,-3.311581,-7.165753,-7.138696,-8.922268,-7.336198,7.242206,-10.955575,4.496192,7.034727,-0.335999,-8.984396,3.758507,-1.484063,-0.602919,7.366005,-9.384553
vacancy_0745,-7.929499,-5.677870,-8.607392,-5.817427,-6.391962,-5.846813,5.726813,3.187423,-4.533977,-9.624590,-1.055092,-9.302452,6.395703,8.383505,-3.247975,0.915150,-4.522177,4.539308,-10.093430,-0.240707,3.188742,-0.275482,-7.096217,-4.604885
vacancy_0746,-3.412444,5.367218,5.401988,1.939735,4.669717,1.218152,-9.039986,4.058033,3.040378,-3.675288,-6.530259,-6.867687,-9.607901,8.834229,-3.106636,7.216173,-2.327596,-6.315844,-4.250723,9.608610,-2.661852,-7.830835,-2.943605,-8.906713
vacancy_0747,-4.433678,4.334406,7.354387,10.708286,-7.073608,-2.675435,-5.103503,8.309035,8.566483,6.346535,-3.928853,-7.451604,4.462824,0.606304,-3.964237,8.883762,6.908791,3.163683,1.035186,4.162936,8.543457,-6.572845,-3.477086,-8.459315
vacancy_0748,-6.804511,0.927614,0.209904,3.557252,-2.874561,-4.668968,5.458388,-4.378041,-7.706198,-3.319752,-7.179323,0.558363,7.977595,6.309814,-1.162053,9.390818,0.698243,-1.915149,-0.032683,7.663812,-4.926768,-2.793022,-5.616930,3.118384
vacancy_0749,-2.919590,5.425439,5.353799,1.025443,4.549330,1.611054,-8.389424,5.955815,3.494493,-3.105308,-5.968323,-6.364201,-9.307367,8.734276,-2.682354,6.997248,-2.470744,-7.929723,-3.983223,8.249381,-2.897348,-7.259402,-2.658583,-8.988863
vacancy_0750,-9.259806,-4.212319,9.341829,0.603251,6.768498,4.096844,2.375771,4.893743,7.536157,-4.963089,6.486488,-11.514334,-4.934941,-5.561954,2.283390,5.035061,-9.187659,-3.543728,-0.039695,-6.213144,1.649371,6.394622,-8.495349,3.162357
vacancy_0751,-8.076100,0.586122,0.950126,2.849330,-2.840973,-4.133667,5.125637,-4.926106,-6.412735,-3.135952,-8.267970,0.568678,9.278671,5.701394,-1.328806,8.261707,-0.181809,-3.055450,-0.093941,7.954785,-6.200620,-3.250948,-5.354230,4.403949
vacancy_0752,-0.220608,-5.324721,4.065659,3.608901,9.340650,-9.278877,7.389167,-0.047725,-1.315584,-1.328245,-7.075370,-7.925730,5.584050,3.470704,-2.563838,0.589650,-1.899632,-2.750755,-6.192320,5.497852,0.473323,2.585503,2.083372,-5.952331
vacancy_0753,5.380744,-0.916350,4.220847,2.017512,-7.866788,-2.505201,9.338292,8.287437,-5.239269,4.339132,-8.650372,9.444888,-4.099607,-2.279439,2.590275,5.997164,8.766660,5.062292,1.396514,5.070593,-9.535482,5.411232,-4.061939,2.580074
vacancy_0754,-9.021200,-6.081194,-7.980383,-5.544828,-6.579507,-6.203671,5.283796,1.314173,-4.652976,-9.160150,-0.888081,-10.429083,5.747823,8.606352,-2.255442,1.831210,-4.573745,5.829875,-9.815162,0.468758,2.728787,0.111756,-7.647862,-5.271568
vacancy_0755,-1.329172,-4.485966,3.847065,2.863658,8.776599,-9.174416,6.506836,0.272815,-0.326750,0.286027,-7.676453,-7.965745,4.502969,3.253019,-1.959386,-0.954055,-1.807972,-2.237392,-5.605164,6.317469,0.067461,2.438574,1.209925,-6.183531
vacancy_0756,-8.137012,3.066745,-0.036829,4.000565,-2.943554,-4.829487,7.122558,-3.693379,-7.567107,-3.854743,-7.839639,0.323473,8.034534,6.430778,-1.623057,9.560211,0.909909,-2.840433,-0.024849,6.719228,-5.179425,-2.409127,-5.565157,4.255370
vacancy_0757,-7.884605,-4.461120,-2.476615,-3.340897,-0.920159,3.575246,-3.779355,-1.238405,-3.369073,-7.938424,-8.335453,-8.563107,-8.083723,6.581610,-9.352580,5.576719,7.336179,0.159048,-9.589194,4.029323,-1.669332,0.556858,7.663469,-8.893246
vacancy_0758,-7.115907,-4.823001,-2.531362,-3.741911,-1.351669,5.073213,-4.873190,-1.139081,-3.033915,-7.061390,-7.783716,-8.936347,-7.285852,7.097012,-9.982422,4.872384,7.693161,0.745228,-8.935990,5.724779,-2.177499,0.006209,8.471818,-9.748600
vacancy_0759,-2.704901,4.819489,6.750248,0.792927,4.079515,1.716975,-9.083953,5.750186,2.860043,-2.966627,-5.611589,-6.675120,-10.426159,8.497254,-2.791606,7.087124,-3.055811,-6.318486,-3.619346,9.051005,-3.555036,-8.034578,-2.414260,-9.429567
vacancy_0760,-7.386039,-4.070419,-2.664647,-3.094382,-1.446207,5.093796,-4.018101,-1.477026,-1.872502,-6.736572,-7.490254,-9.110059,-8.338151,7.104446,-9.903438,4.529824,7.045266,0.044835,-8.784503,4.382531,-2.402979,0.464327,7.268756,-9.181182
vacancy_0761,-9.318805,-6.381491,-9.177140,-5.838571,-6.792374,-5.802204,5.624004,2.568820,-5.172772,-9.815039,-0.563225,-8.787967,6.558527,9.989396,-3.369143,1.798808,-4.258423,5.087358,-10.149993,-0.868290,2.509047,0.002620,-7.417286,-5.147172
vacancy_0762,-10.329045,-3.965062,10.103539,-0.687370,6.268003,3.331722,2.094340,4.471377,9.171884,-4.159298,6.695178,-8.847454,-5.349948,-3.363570,2.025229,3.098874,-10.532393,-4.553552,0.289352,-6.280074,2.323128,6.831846,-7.740874,3.031293
vacancy_0763,-10.264316,-3.691746,11.491777,-0.762572,5.864726,4.485957,1.988220,5.060542,8.129882,-3.741340,6.527329,-8.794665,-5.587675,-5.128771,2.329457,2.594839,-9.187649,-4.277154,1.219620,-5.369962,1.507732,7.560844,-7.913256,3.335022
vacancy_0764,-3.557971,4.610447,6.480612,0.238928,5.735488,1.881565,-8.297074,5.657478,3.665653,-4.078121,-5.440304,-7.542450,-9.201666,9.322380,-3.707468,6.438306,-1.308701,-7.145830,-4.491059,8.561462,-3.224019,-8.125625,-2.533840,-8.661073
vacancy_0765,-3.878749,4.923059,6.523806,10.110900,-6.487959,-2.889585,-6.144911,8.948736,9.591251,6.625506,-3.346916,-7.552923,4.024915,0.450069,-4.265026,8.608282,7.593904,1.901219,-0.578182,5.090602,8.818852,-6.476526,-4.839403,-7.545527
vacancy_0766,-8.679137,-6.110003,-7.534636,-6.849276,-6.770027,-5.440615,6.508664,1.609981,-4.026352,-9.011771,-0.653679,-8.697962,6.549945,9.545890,-1.486103,2.160355,-4.742623,5.210309,-9.821993,-0.468839,1.537381,0.437838,-7.812741,-5.408783
vacancy_0767,-7.255060,2.236222,0.442088,3.734833,-4.181104,-4.371200,5.219614,-5.541099,-7.186850,-4.098787,-8.069759,0.777586,8.527692,4.582093,-1.072929,9.926642,0.162588,-3.164664,0.822991,7.971604,-5.447482,-2.524986,-5.852187,4.592448
vacancy_0768,4.454917,-0.525234,4.389853,1.569852,-7.233750,-0.652473,9.049965,8.339534,-4.966233,2.036390,-6.869654,10.330979,-5.438928,-2.579088,2.869158,6.361931,9.856142,4.507456,2.281469,6.202303,-8.814499,5.848084,-3.854895,2.703222
vacancy_0769,-7.476542,2.369963,0.328077,3.626201,-3.161289,-4.783138,6.151177,-5.399788,-7.272264,-4.614911,-8.890062,0.384018,8.138823,5.912095,0.408219,9.199697,1.031416,-2.643791,-0.492967,7.274947,-6.293761,-1.825712,-6.839455,3.830290
vacancy_0770,-8.433626,1.348868,0.986819,3.030572,-2.832704,-4.262621,6.571728,-5.442244,-8.522611,-3.929420,-8.064579,1.715245,7.780189,6.139517,-0.168944,9.126403,1.048485,-2.724864,0.000495,7.867515,-5.491572,-1.529563,-6.555977,4.626100
vacancy_0771,-7.026413,-2.946980,-2.501358,-3.386819,-1.451159,2.578742,-3.189520,-1.470605,-2.742540,-6.987015,-6.874300,-9.257454,-7.872394,7.301513,-10.005997,4.553702,7.564454,0.414778,-7.718301,5.314239,-2.554533,-1.919602,8.850440,-8.945071
vacancy_0772,-7.334349,-4.889158,-1.805190,-3.680351,-1.621681,4.105075,-4.641008,-1.358685,-2.558665,-7.049019,-8.143680,-9.965951,-7.050452,7.327293,-11.084285,4.922972,7.303371,-0.204701,-9.406818,4.652632,-1.832261,-0.427341,7.484744,-10.881690
vacancy_0773,-8.837582,-5.868582,-9.724925,-5.566822,-5.930803,-5.923167,5.439917,1.827016,-4.512572,-8.150898,-0.601892,-8.577128,6.045129,9.010032,-3.389510,2.293024,-4.018701,5.054522,-9.810985,0.344100,2.682816,-0.713889,-6.872640,-5.261538
vacancy_0774,-1.184365,-5.286402,4.686461,2.929058,8.686253,-8.787386,6.834652,-0.841078,-2.208360,0.593843,-7.173672,-8.470713,5.780694,3.014013,-3.118283,1.417724,-2.102189,-1.595504,-6.244817,6.846472,0.905212,3.286390,2.366869,-6.232861
vacancy_0775,-9.653738,-4.246598,9.545251,0.213800,6.335545,4.702579,2.878762,5.097923,7.143779,-4.661558,5.493897,-9.963389,-4.893463,-5.811481,2.347208,2.927244,-9.450723,-4.281969,0.525350,-5.659531,1.814050,6.855840,-7.961547,2.977238
vacancy_0776,-10.307699,-5.097757,9.470724,0.516964,6.426942,3.665721,1.823615,4.180212,6.961683,-4.923972,5.881346,-8.693034,-5.213219,-4.671003,2.499312,4.063123,-8.859780,-4.517665,0.175748,-6.539710,2.287744,6.583459,-9.343524,2.351890
vacancy_0777,3.740220,-2.616105,4.892819,2.346965,-7.286467,-1.063177,7.794796,8.498832,-4.865964,3.095051,-8.306424,10.333392,-4.037567,-1.749640,2.999597,6.812119,8.319480,5.175198,1.393331,5.795800,-9.428103,5.911046,-4.713141,1.819921
vacancy_0778,-0.556530,-4.010301,3.836279,3.388336,8.699598,-9.630237,7.194626,-0.242924,-1.573227,-0.525238,-8.556867,-7.415890,4.039884,2.883148,-2.778404,0.414205,-1.084314,-1.231745,-5.385193,6.842805,0.650911,2.467987,3.329399,-6.623448
vacancy_0779,-4.326771,4.775973,4.039505,1.216974,4.739457,0.326608,-9.268793,5.312530,2.593787,-3.620251,-6.517791,-7.583688,-10.987951,8.457319,-3.879190,6.999201,-1.666869,-7.154284,-5.086523,9.015061,-3.668056,-7.646975,-2.066967,-9.402033
vacancy_0780,-7.669465,1.887674,0.454168,4.129295,-3.551155,-3.978773,5.860825,-3.365395,-6.938777,-3.824422,-7.279627,0.490065,8.818104,5.830074,-1.559582,9.616003,0.978823,-3.918523,-0.207097,7.052314,-5.101592,-1.985895,-5.081488,4.733136
vacancy_0781,-8.249914,-6.002446,-9.485394,-5.661810,-6.200919,-5.278795,5.826487,2.583830,-4.352549,-8.012997,-1.238265,-9.056590,6.640538,8.519942,-3.657118,2.015461,-2.654774,5.659995,-9.474908,0.140723,2.819925,0.985353,-6.360276,-4.280282
vacancy_0782,4.836517,-0.706537,3.369936,2.914906,-7.738690,-0.768870,8.086901,8.577178,-5.310696,2.639264,-8.157814,10.188477,-4.708187,-1.933261,1.945926,7.457285,9.362589,3.806814,0.826844,5.339535,-8.820989,4.605970,-4.261943,2.659199
vacancy_0783,-9.928878,-6.118939,-8.305752,-5.041820,-6.144268,-6.154266,6.179349,3.273331,-3.851009,-9.336897,-1.323890,-9.647127,5.779072,9.947138,-3.006939,1.040739,-4.311737,5.480117,-10.792638,1.481186,2.214111,0.168375,-7.830460,-6.066884
vacancy_0784,-3.300820,4.770023,7.036676,9.785187,-5.447089,-2.891327,-5.420693,9.827092,8.279921,6.625021,-4.264681,-8.440434,3.721462,-0.771126,-4.328619,9.712396,6.921793,1.810025,0.003864,2.883768,8.680347,-7.485200,-5.240674,-7.520376
vacancy_0785,-10.524845,-4.042563,8.827522,-0.331012,5.306937,4.145857,2.541002,3.191610,7.946846,-3.876822,6.031693,-10.048208,-4.765638,-5.872477,1.864850,2.508827,-9.026312,-4.863759,0.025554,-6.694649,2.901044,6.696773,-7.910010,3.237957
vacancy_0786,4.279519,-1.564845,3.443946,1.546945,-8.526652,-2.192230,8.786293,9.145669,-5.375384,4.214048,-8.533228,10.220225,-4.409900,-1.941034,2.014067,7.083496,10.333234,3.794146,1.263256,4.724436,-8.696544,5.056261,-4.318341,2.087802
vacancy_0787,-10.194547,-3.736451,9.762199,0.265386,6.664140,3.740371,2.700834,5.292884,7.532494,-4.538447,6.362333,-9.250645,-4.099172,-5.345022,2.897832,3.720208,-9.403161,-5.478573,0.087069,-6.178013,1.687613,6.856120,-7.364989,3.289328
vacancy_0788,-3.545511,4.548897,7.147893,9.948536,-7.413465,-2.977596,-5.224087,9.008330,8.374857,6.296373,-4.556288,-8.251288,3.939155,-0.593609,-3.841316,9.320379,6.685005,2.990293,-0.608080,4.506276,8.669268,-6.665992,-5.146543,-8.495815
vacancy_0789,-8.875372,-6.480836,-9.173119,-4.635321,-6.401746,-6.578186,5.509385,1.676901,-4.238056,-7.839279,-0.758114,-9.494155,5.786650,10.160122,-2.104606,1.375613,-3.868514,5.916239,-9.966276,0.643141,2.633311,0.247614,-7.823332,-5.604894
vacancy_0790,-7.566906,1.728851,0.190361,3.955688,-2.942491,-2.794228,5.452037,-5.339728,-8.266104,-3.905576,-7.517482,1.387489,8.358857,6.629750,0.064417,8.124043,0.297338,-1.505186,-0.971338,7.746792,-4.669714,-2.219388,-5.448446,3.945471
vacancy_0791,-10.365233,-3.472106,10.277193,0.609616,6.179004,3.704098,3.593734,4.437039,8.060916,-3.696336,6.027592,-10.150727,-5.050140,-4.613514,2.831127,3.160202,-10.089274,-4.605010,-0.174241,-6.249825,4.069172,7.428058,-7.491154,2.865659
vacancy_0792,4.350144,-1.339344,3.098731,1.070699,-7.807744,-2.332135,7.797754,8.604906,-5.738116,3.975110,-8.169220,9.587156,-5.884671,-1.698463,1.943410,7.773284,9.469302,4.359910,1.469976,4.777883,-10.262482,5.190775,-4.821507,1.891397
vacancy_0793,-1.235382,-5.468279,4.446431,2.029284,9.302399,-7.977812,7.154434,0.612206,-1.010118,0.934183,-6.831955,-8.619070,4.322837,2.499078,-1.574688,0.181316,-1.771314,-2.038552,-6.056457,7.199707,0.420605,1.764735,3.167666,-6.411895
vacancy_0794,-7.777366,-5.042935,-9.407714,-5.228411,-6.212960,-6.227752,6.064154,2.389826,-4.226682,-8.772161,-0.869582,-10.022222,6.820060,9.264564,-1.786023,1.270841,-5.423234,5.553150,-10.063013,0.156188,1.263223,0.100030,-7.946973,-5.434980
vacancy_0795,-7.808492,-3.126628,-3.067013,-3.791332,-1.367369,4.168734,-4.086443,-0.780514,-2.181001,-6.979635,-7.969982,-10.034885,-7.089529,7.854920,-10.154134,4.469966,7.141992,0.940397,-7.512515,4.833318,-1.397069,-0.952905,7.501171,-8.729388
vacancy_0796,4.171313,-1.301074,3.767663,2.459063,-7.540628,-2.648366,8.713812,9.559612,-5.896818,3.462106,-8.026033,10.132421,-4.106980,-1.750022,2.046665,6.480173,10.278134,3.214153,1.281401,6.378413,-10.364753,4.199160,-5.578010,2.508253
vacancy_0797,-0.042069,-5.153281,3.403532,2.601674,8.405605,-9.557291,6.458785,-0.888636,-1.454458,0.080553,-8.164758,-8.087924,4.563620,4.229777,-0.922892,-0.084069,-1.515201,-2.196224,-5.326990,6.685898,0.696356,3.062818,2.912791,-5.846879
vacancy_0798,-7.770395,-6.340507,-8.472131,-6.371776,-5.790330,-5.093874,5.448571,2.284403,-4.882981,-9.051062,-1.972130,-8.600472,6.201187,8.213379,-2.923387,2.251909,-4.833551,5.405647,-9.077574,-0.127629,2.314247,-0.819991,-7.568796,-4.387423
vacancy_0799,-8.403377,-6.456855,-8.603844,-5.668265,-6.954155,-4.294915,6.168990,1.758136,-4.596008,-9.467240,-0.213298,-9.958820,6.781423,9.691591,-2.979977,1.741988,-4.616053,5.819547,-10.207146,0.407880,2.291844,-0.026810,-7.504602,-5.223861
vacancy_0800,4.833351,-0.392943,4.616807,1.448488,-7.373162,-0.993264,7.860289,7.383435,-5.509775,3.115088,-8.342063,10.385351,-4.842783,-2.191444,2.997174,6.891393,10.224980,4.637052,1.601022,5.797475,-9.751013,4.133545,-5.748800,2.329169
vacancy_0801,-6.991643,-3.114436,-1.537680,-4.270109,-0.938767,3.506719,-4.095146,-0.720766,-2.980864,-7.736928,-7.367670,-8.934580,-7.664048,6.428233,-9.489331,4.716718,6.865498,0.025174,-8.602038,5.880539,-0.845403,0.603183,7.287378,-8.785138
vacancy_0802,1.192727,-4.596761,4.417197,2.831457,9.060805,-9.468710,7.086450,-0.206255,-1.592173,0.180778,-7.483390,-8.643709,4.388652,2.506547,-2.345409,0.304448,-2.019056,-1.671050,-5.105781,6.932219,0.117900,2.842863,1.952340,-6.150572
vacancy_0803,-8.902270,-4.194171,9.489786,-0.320230,5.730850,4.025256,2.639867,4.173958,6.277315,-5.346397,6.413306,-9.691762,-5.238219,-5.017388,2.129213,2.786946,-8.990916,-5.355270,0.112125,-5.464683,1.657792,6.858627,-8.293315,2.811803
vacancy_0804,-8.189656,-3.993250,-3.282897,-4.332418,-1.027401,4.301400,-3.720270,-0.268702,-2.963348,-6.719608,-7.739850,-10.067650,-8.811137,7.610734,-10.040720,4.469623,7.865310,0.981478,-7.963211,5.575827,-2.319027,-0.161642,8.298326,-8.846646
vacancy_0805,3.807850,-1.447622,3.290905,1.957183,-7.249921,-1.867695,7.521887,8.243873,-5.590550,4.384716,-8.056660,9.324048,-2.448542,-1.252241,3.334167,6.756482,9.706420,4.220221,1.504070,5.476941,-9.630484,5.250491,-4.779013,2.067157
vacancy_0806,-4.261775,4.625248,5.641725,0.509882,5.210958,1.132627,-10.252808,4.312154,3.469772,-3.276147,-4.814279,-6.560895,-10.081012,8.200161,-3.816963,6.097365,-1.609701,-7.802866,-5.228354,8.238512,-2.660917,-7.610303,-2.338365,-10.722349
vacancy_0807,-0.328263,-4.103825,3.362545,1.914334,8.199465,-9.634632,7.302631,-0.870504,-1.760828,0.486738,-7.673511,-8.715143,4.219530,3.480618,-2.432488,-0.006482,-1.303055,-1.723680,-5.192197,6.401628,0.562032,1.757071,2.585608,-5.932426
vacancy_0808,-4.432657,4.025350,6.160338,10.301562,-5.747876,-3.623482,-5.393442,8.388999,9.064185,6.285752,-3.940422,-8.403976,4.081526,1.619999,-4.309305,8.432264,7.236614,1.408507,-1.220474,4.314735,9.293045,-7.316668,-4.198913,-7.456729
vacancy_0809,-7.554512,-3.248995,-1.800508,-4.299840,-1.170437,3.868355,-3.596502,-0.573806,-2.244321,-7.332774,-7.228696,-9.105409,-7.146900,8.098779,-8.971687,4.767232,7.381754,0.210217,-8.861603,4.189893,-0.968847,-0.365342,8.398834,-9.020970
vacancy_0810,-8.285582,-5.453296,-8.016417,-5.468700,-5.651188,-5.634851,4.976124,2.351086,-6.194969,-7.592129,-0.043703,-9.521372,5.716447,9.187454,-3.390544,1.193657,-4.547198,5.607360,-10.066168,0.138756,1.724368,-0.831150,-7.971472,-5.706855
vacancy_0811,-3.612158,5.286512,7.173211,8.306833,-6.073124,-3.567727,-5.005852,9.017966,8.788396,5.645465,-3.768437,-7.965706,4.287078,1.548067,-4.522476,8.930621,7.599739,1.756891,-0.567578,4.253031,8.260159,-6.705816,-4.353037,-7.395584
vacancy_0812,-3.550884,4.449046,5.234045,9.303107,-6.046513,-4.185383,-5.857268,7.350380,9.278870,6.357410,-4.053845,-8.122940,4.795253,0.461900,-4.010470,8.154877,6.580688,1.804639,0.262143,4.432716,9.035516,-7.285933,-4.125100,-8.190147
vacancy_0813,-1.168030,-5.865917,4.083108,2.614384,9.403911,-9.376761,5.884206,-0.193182,-0.168375,-0.336135,-7.486226,-8.149569,3.339618,3.738820,-1.625824,0.461725,-2.053706,-2.651117,-6.341661,6.977642,-0.245532,3.189154,2.281888,-7.891709
vacancy_0814,-3.546708,4.509970,5.600133,9.288471,-6.617824,-4.029744,-4.611725,9.399792,9.177085,6.587887,-3.041737,-6.898595,4.787325,0.751812,-3.964135,7.915220,6.372223,2.545958,0.324383,2.762379,9.139872,-7.000429,-4.766973,-7.699731
vacancy_0815,-7.454302,-2.669111,-2.056091,-3.624123,0.045557,3.910027,-3.356149,-0.727592,-1.668037,-7.284701,-7.928220,-9.931575,-7.033740,7.099845,-9.350822,5.096629,7.764888,0.108316,-8.927331,5.076306,-1.455844,0.789368,7.954722,-9.124819
vacancy_0816,3.341521,-2.111060,3.982816,1.506482,-6.711190,-0.310098,7.889157,8.026155,-5.232637,2.784119,-7.654640,10.613396,-4.646020,-1.847021,1.974469,6.300772,10.625641,4.864197,0.829307,5.217426,-8.886997,5.815842,-5.151736,3.475536
vacancy_0817,3.539478,-1.872627,4.132355,2.053561,-7.227439,-1.656091,8.754991,7.849435,-4.510601,3.003308,-8.321480,9.836108,-5.039533,-1.676321,2.621823,6.585245,9.777039,5.167550,0.648140,5.914124,-7.793024,5.103328,-4.757950,2.655524
vacancy_0818,-7.681846,1.848639,0.770333,4.531120,-2.760047,-4.628308,6.185958,-4.245011,-8.965951,-4.089659,-8.214798,1.340528,8.037698,6.261913,-0.807065,9.508464,0.355548,-2.012282,-0.098789,7.400114,-5.489149,-1.856201,-5.807873,4.084673
vacancy_0819,-6.579310,-3.489524,-2.620101,-3.791382,-1.709204,4.059981,-4.467444,-0.737570,-1.996345,-7.594101,-7.241075,-9.901961,-7.995621,7.440036,-10.013656,6.170728,6.969091,-0.631661,-8.776589,4.580291,-0.863820,-0.943053,7.709525,-9.373779
vacancy_0820,-0.296615,-5.373574,3.747595,2.972114,9.119978,-8.934757,6.997265,0.568380,-1.906788,0.411502,-7.597848,-8.473571,4.730798,2.979092,-2.422375,1.335515,-2.834546,-2.206132,-5.892202,5.929970,1.446613,2.122810,2.937677,-5.324923
vacancy_0821,-7.051909,-3.377682,-2.193936,-3.759987,-1.542864,3.828444,-4.503836,-0.784168,-2.330500,-7.153699,-8.380836,-8.843310,-7.049340,7.353648,-9.565180,4.590463,7.451593,0.085446,-9.126782,4.898843,-1.074732,0.432708,7.284440,-9.952224
vacancy_0822,4.697666,-1.571458,4.085052,1.730881,-7.711077,-1.055365,8.298761,8.907693,-4.363473,4.283987,-7.707799,9.459147,-4.610889,-1.406206,2.698882,7.511877,11.252654,3.362465,1.334994,6.224891,-8.357828,4.342665,-4.519657,1.212693
vacancy_0823,-8.054860,-6.070935,-8.779446,-5.422859,-7.003226,-5.888194,5.786825,2.038496,-4.885550,-8.383993,-1.221404,-9.371409,6.054254,9.771019,-3.976301,0.930630,-4.153363,5.564097,-11.708948,0.563645,1.371465,-1.092727,-7.029058,-4.445846
vacancy_0824,5.025500,-1.527549,3.645311,2.462167,-7.793693,-0.900986,7.895488,8.981938,-5.303457,3.484207,-8.575391,10.025305,-6.534178,-1.850199,2.589391,6.719461,9.208772,3.050219,0.127350,6.045941,-9.888919,4.620758,-5.106385,2.887808
vacancy_0825,-9.332390,-4.857224,9.240774,1.187492,7.018223,3.315829,1.087274,4.540840,7.527027,-4.991056,6.855672,-9.713951,-4.943901,-4.747724,3.250695,3.514557,-8.397747,-5.375816,0.526973,-4.803876,2.188238,7.592472,-8.010248,3.684499
vacancy_0826,-9.723526,-6.569407,-8.314755,-6.064723,-6.401843,-5.737178,6.535032,1.014551,-5.892107,-8.875244,-0.351666,-9.348946,6.592663,9.260628,-1.798025,1.987647,-3.765379,5.269240,-10.162864,0.959021,2.685713,-0.773963,-7.925168,-4.836888
vacancy_0827,-4.275821,4.689077,6.160612,1.321346,3.490125,1.846242,-8.490848,6.340855,3.107869,-3.015562,-5.534110,-7.910053,-10.680840,8.086802,-2.786102,7.701717,-1.522906,-7.368421,-3.387773,9.231003,-3.277676,-8.475020,-1.979773,-9.041553
vacancy_0828,-3.441210,4.509503,5.441750,0.741107,5.267881,0.464659,-8.613654,5.309071,3.241553,-3.484383,-7.294375,-7.429410,-9.864068,8.613835,-2.255349,6.424511,-1.713623,-6.024663,-4.701707,9.381088,-3.024878,-7.824939,-3.390119,-10.073087
vacancy_0829,-4.138511,5.082712,5.731545,9.873030,-6.443435,-3.829430,-5.188021,9.344223,8.813187,5.978921,-4.088276,-9.132135,4.268972,0.282306,-3.670414,7.976979,5.640515,1.568954,-0.027375,4.183843,9.090555,-6.859209,-4.802302,-6.583001
vacancy_0830,-9.787431,-4.711391,10.095137,0.363632,5.832937,3.098909,3.593591,5.275626,7.479821,-3.756571,7.115930,-9.184140,-4.252093,-4.789824,2.052746,2.414828,-9.109963,-4.625119,0.273806,-6.858987,2.295798,8.054933,-7.322493,2.649424
vacancy_0831,-8.495401,-6.095460,-8.748101,-5.093371,-6.885413,-6.944816,5.696460,2.213881,-3.782910,-8.734824,-1.080312,-8.725792,5.934859,10.251224,-3.196416,0.708139,-4.845384,5.829961,-10.292521,0.230868,2.827915,0.039447,-6.675173,-5.525714
vacancy_0832,-1.059187,-4.089573,4.524240,3.850797,8.783418,-10.112771,6.909917,-0.171031,-1.205104,-0.181478,-6.727704,-8.671790,4.459623,3.994383,-1.261418,0.685327,-1.100811,-1.986556,-6.601732,6.623270,-0.032394,1.923046,2.292525,-6.249053
vacancy_0833,-2.894780,6.580294,6.152664,1.816893,4.121644,0.712568,-10.789631,4.826693,3.152828,-2.044729,-5.651157,-6.734190,-9.694535,8.543131,-2.708742,6.444374,-2.338076,-7.952792,-4.446507,9.073083,-2.564897,-8.408968,-2.123746,-9.843846
vacancy_0834,-8.634366,-5.892818,-8.844256,-4.700991,-7.066276,-5.582222,4.955423,1.851605,-4.464550,-8.635434,-0.586829,-9.947472,6.024464,9.167241,-4.194398,0.954741,-3.801480,3.613884,-10.294102,0.663893,2.564773,0.229150,-8.103719,-5.583247
vacancy_0835,-6.350094,-2.781611,-1.462639,-3.597167,-0.547610,4.728923,-4.122978,-0.999289,-2.930786,-7.249534,-7.248628,-9.672345,-7.366475,7.220422,-9.090963,4.333313,7.465421,0.801298,-7.927248,4.921489,-1.151517,0.236410,7.819769,-9.586201
vacancy_0836,-7.221204,1.421926,0.435802,3.280556,-3.103302,-4.891259,5.114491,-4.699099,-7.625085,-4.660799,-7.099629,1.108136,8.633022,6.678106,-0.941968,8.653038,0.577215,-2.834256,-0.353035,8.341325,-4.933828,-2.093894,-5.095542,5.265517
vacancy_0837,-9.140873,-6.461277,-9.384735,-5.753029,-5.597270,-6.790768,6.001541,2.177951,-4.840700,-8.337920,0.268817,-9.071193,5.783417,8.574564,-3.186926,2.497821,-4.315998,5.354199,-9.852844,0.820375,2.359598,0.440401,-7.065610,-6.651491
vacancy_0838,0.348653,-5.588233,3.892851,1.932771,8.702597,-8.702315,7.514306,-0.701387,0.217830,-0.590466,-6.490797,-7.940597,5.292246,2.639401,-2.361405,0.676993,-1.514772,-1.948155,-6.087938,7.217074,0.484214,1.592707,2.785118,-6.006860
vacancy_0839,-4.168118,4.440211,6.679164,10.007249,-6.526654,-4.012288,-5.393184,9.115106,10.104044,5.994606,-4.332137,-7.153904,5.134373,-0.945323,-3.603569,8.977527,7.358136,2.366560,0.114562,4.806777,8.859307,-6.842866,-3.951721,-7.929109
vacancy_0840,-3.652512,6.218167,6.723529,9.829245,-6.910089,-3.240581,-5.927949,9.064720,9.819244,6.054983,-4.863582,-7.607360,4.598347,0.966534,-3.588264,8.588146,6.798832,2.570460,0.573186,4.611290,9.204724,-7.450861,-4.588038,-8.733639
vacancy_0841,-0.456445,-4.370977,5.262026,2.706586,8.859658,-9.095629,6.222372,0.454904,-1.302301,-0.082202,-7.299141,-7.433097,4.745447,4.611378,-2.147397,0.907442,-1.716334,-2.526684,-6.922924,6.881601,1.321748,2.417269,2.331460,-6.448864
vacancy_0842,4.499380,-2.612035,3.985136,1.742557,-7.404829,-1.072202,7.935606,7.406746,-5.965119,3.350462,-7.415449,8.665960,-5.234553,-1.980979,2.120906,7.287722,10.464922,3.807408,1.696592,5.418371,-8.483721,4.522052,-4.723361,1.243349
vacancy_0843,-6.940576,1.789817,-0.458882,3.788684,-3.927565,-3.782759,5.248641,-4.412348,-7.873727,-4.680264,-7.508936,1.706234,8.982286,6.679238,-1.544253,8.747839,0.653669,-2.661442,-0.420016,7.413719,-4.537894,-3.261203,-6.755231,4.798186
vacancy_0844,0.164857,-4.256209,4.686886,1.787349,8.918775,-9.448013,5.484010,0.432684,-0.799814,-1.299550,-6.593903,-9.136030,4.939327,3.112245,-2.539560,1.171058,-1.708155,-0.969123,-5.417806,7.145751,0.379327,2.518778,1.052789,-6.337393
vacancy_0845,-3.111390,5.592585,5.747727,1.660358,4.692442,1.669478,-9.175177,6.156437,1.923611,-4.811080,-5.175183,-7.363436,-10.130563,8.991050,-2.329603,7.107777,-2.869559,-6.985691,-3.978228,8.997332,-3.772966,-6.163748,-2.975799,-9.358088
vacancy_0846,-4.214856,4.674364,6.099916,9.945085,-5.909512,-3.635819,-5.964835,8.696633,8.490922,5.503686,-3.019471,-7.670583,4.132237,0.583795,-3.637777,8.139066,7.232498,2.691290,0.920746,3.739032,9.129659,-7.615426,-4.363607,-9.028927
vacancy_0847,5.024698,-1.457418,4.432105,1.905552,-7.618066,-1.664051,7.871253,8.975095,-6.035472,4.220021,-7.059529,10.133665,-5.130958,-1.600624,2.385198,6.678322,10.021309,3.729045,0.125702,4.653123,-8.451339,5.341918,-4.850901,2.803136
vacancy_0848,-6.773613,1.897906,0.557647,3.114183,-2.492648,-5.910419,5.878248,-4.268955,-7.089156,-4.088468,-8.480383,0.615177,9.267980,7.186620,-0.067277,10.154385,0.153335,-2.571865,0.179318,7.486105,-5.694436,-2.675841,-6.298496,4.202882
vacancy_0849,0.035456,-5.646707,4.448892,1.892623,7.753823,-9.644206,5.801903,0.940020,-1.547072,-1.163249,-7.245740,-8.689201,4.913901,3.699606,-1.777458,0.295960,-2.532164,-2.146874,-4.842076,6.149519,1.502031,1.879576,3.109304,-6.318733
vacancy_0850,-3.553844,5.334211,6.049226,0.951701,5.853150,1.845127,-9.664384,4.758049,2.458543,-2.819938,-6.022474,-6.163559,-8.811973,7.468950,-2.631887,6.603026,-2.124582,-6.962531,-5.700695,9.441985,-1.680459,-8.204782,-3.207898,-8.235207
vacancy_0851,-6.115411,-3.568234,-3.060765,-3.116598,-0.815018,4.722140,-3.725350,-0.593873,-2.528643,-6.647041,-7.613214,-9.561211,-7.286029,7.651226,-9.414444,4.659323,7.258999,1.336949,-8.083167,5.931497,-2.082007,-0.198524,8.940565,-8.690718
vacancy_0852,0.659647,-4.617754,5.214498,2.164892,8.052412,-9.324994,6.341677,0.429315,-0.953972,-0.526427,-7.365567,-9.043716,4.790280,1.540077,-1.238721,1.828378,-1.565107,-1.179078,-4.621271,6.543600,1.480212,2.293706,2.456702,-5.901469
vacancy_0853,-1.714322,-4.773602,4.152321,2.477460,8.146236,-9.933119,6.271135,-0.799206,-1.038876,0.673139,-7.905621,-9.286014,4.972885,3.536602,-2.375596,-0.116903,-1.617630,-1.767887,-6.009826,6.738417,0.232160,3.237289,2.299903,-5.588960
vacancy_0854,4.400276,-0.941644,4.009898,1.899439,-7.007438,-1.659633,7.433683,8.838167,-5.924568,3.496051,-7.469425,9.774360,-4.858057,-2.238338,2.623994,5.924087,9.676529,4.659245,1.395463,5.164577,-9.816880,5.140020,-5.584681,2.258088
vacancy_0855,-8.513137,-4.537167,10.608078,-0.258986,6.227088,2.712712,1.283725,5.184302,8.978990,-4.439550,6.152952,-9.151609,-5.165841,-5.029413,2.079314,4.059301,-8.818643,-4.265203,-0.161938,-5.045724,3.162481,6.899102,-7.912319,3.276957
vacancy_0856,2.905018,-1.792127,3.259990,1.559485,-7.044595,-1.376714,9.312681,8.162747,-5.602646,2.942557,-8.962610,9.744045,-4.887070,-2.456799,0.875582,6.992768,10.135142,3.531009,1.210815,4.818076,-9.061749,5.062172,-5.258409,1.829664
vacancy_0857,-7.598791,0.249824,0.680129,3.348294,-2.331698,-4.335108,5.868141,-2.797573,-8.296279,-3.653516,-8.266141,0.400268,8.980561,6.856790,-0.672076,9.803644,0.992765,-1.801867,0.199280,7.828199,-5.573458,-2.396725,-5.774045,4.542695
vacancy_0858,-9.531801,-3.922915,9.813852,0.073308,5.344433,3.912380,2.432396,4.770341,7.434477,-4.715015,6.063970,-9.679123,-4.616688,-5.273032,1.661335,3.220844,-9.406127,-4.808623,1.049576,-5.961283,2.921013,6.980271,-8.965603,2.141403
vacancy_0859,-8.488822,-5.784656,-7.878052,-5.624264,-6.613422,-6.003267,5.033670,2.626091,-4.165467,-8.694272,-1.188594,-9.756979,6.210822,10.430211,-3.053318,1.116557,-3.672468,4.167701,-9.572441,0.750709,3.022706,0.153881,-7.449975,-5.072545
vacancy_0860,-4.227955,4.529090,5.281072,10.271642,-5.720205,-4.312657,-6.911448,9.133001,9.200137,6.946277,-4.375967,-8.135322,4.275154,-0.312124,-2.767294,8.326632,6.007343,2.150151,0.436699,5.274973,7.608536,-6.881983,-4.781616,-7.269559
vacancy_0861,-9.226380,-6.049428,-8.124799,-5.796881,-6.048416,-5.554313,5.518729,1.956690,-3.686788,-7.947849,-0.882224,-9.503663,6.821387,8.394077,-2.459268,0.718740,-4.416986,4.730478,-9.350578,0.788187,1.450152,0.208140,-8.279240,-5.663103
vacancy_0862,-9.577501,-3.873265,10.372737,-0.184369,5.959977,3.345823,2.198024,5.143000,7.928759,-4.404575,7.197330,-10.464643,-3.737957,-5.798833,1.646166,2.836224,-10.211017,-4.018214,-0.170912,-5.586344,2.043648,7.758980,-7.256684,3.980206
vacancy_0863,-9.085306,-5.840089,-8.772300,-7.016103,-6.107234,-5.062121,6.917521,2.023226,-4.575191,-10.245496,-1.344599,-9.512436,7.326024,9.954500,-3.782079,1.384901,-4.827198,4.273642,-9.385439,0.557945,1.768685,-0.297735,-7.160724,-5.357327
vacancy_0864,-3.671538,4.768643,5.807487,1.652511,5.271616,1.201718,-9.417097,5.062417,2.599127,-4.394715,-5.304047,-8.088026,-10.299397,8.640683,-2.295950,7.584474,-1.330151,-7.536509,-4.528825,8.971818,-3.728744,-8.158500,-3.659962,-9.220856
vacancy_0865,-4.338322,4.851513,6.756241,9.814925,-6.942272,-2.863505,-6.016561,8.667848,9.924495,4.939576,-3.971033,-8.695070,4.649435,1.177211,-3.129329,9.076397,6.952286,2.306985,0.067347,5.144282,9.087058,-7.714077,-4.529950,-7.485381
vacancy_0866,3.876444,-2.165931,2.900170,1.434633,-5.896597,-1.728774,7.550589,8.855502,-5.304355,2.857266,-7.627118,10.566194,-4.705738,-0.930161,2.580105,6.901995,8.935544,5.643878,0.135971,5.213851,-8.822611,4.623042,-4.509557,2.317046
vacancy_0867,0.400339,-5.437948,4.555180,3.583000,8.593615,-9.353564,5.742773,-0.691177,-0.338607,-0.852554,-7.259176,-9.214195,4.672272,2.912206,-2.479372,-0.276399,-1.508202,-2.359625,-5.129316,5.910268,0.897818,2.248818,2.673228,-5.730582
vacancy_0868,-6.767665,1.145540,0.679552,3.719903,-3.707880,-4.511196,5.533563,-3.666632,-7.113023,-4.157740,-7.707467,0.911715,7.911221,6.732741,-0.842642,10.464490,0.468501,-2.635267,-0.108441,7.490254,-5.191011,-3.319306,-6.400190,5.957982
vacancy_0869,-6.299437,0.771370,0.716133,3.673274,-2.962755,-4.348600,5.881285,-4.388896,-7.902096,-5.133104,-7.855599,1.240349,7.711400,6.392577,0.433433,9.667938,0.150252,-2.600165,0.356983,6.787193,-6.084885,-1.734208,-6.391327,4.542829
vacancy_0870,-7.779736,-4.022106,-2.351488,-4.752360,-1.340326,4.217391,-3.979558,0.279033,-3.292540,-7.451854,-7.274650,-9.656805,-7.763713,7.738217,-9.354337,4.331102,6.860796,0.163436,-8.386385,6.214557,-2.917319,-0.248033,7.936905,-9.157709
vacancy_0871,-7.507519,-3.487344,-2.263344,-3.638591,-0.738165,3.814099,-3.968613,-0.681540,-2.726180,-6.961863,-7.786000,-9.652013,-7.171091,6.994324,-10.370027,4.947156,6.726165,1.060912,-8.484181,6.068735,-0.996505,-0.616346,8.609907,-9.076626
vacancy_0872,-3.263888,4.314469,6.920936,8.959671,-6.245839,-3.139884,-5.549963,8.461913,8.501892,5.033208,-5.212135,-7.690821,5.003846,0.468435,-3.698822,8.066727,7.280351,1.666636,0.482125,4.514743,8.687677,-8.066162,-4.410349,-8.363569
vacancy_0873,-7.635350,-2.812151,-2.287924,-3.439696,-2.608090,3.521919,-4.526180,-1.202338,-3.059530,-7.231204,-6.170600,-10.144547,-7.998601,5.936562,-10.646975,4.491616,8.357513,-0.543379,-8.900310,4.763991,-1.431611,0.965983,7.656701,-9.238974
vacancy_0874,0.492785,-4.858197,4.935039,2.774399,7.992375,-8.151424,6.436311,0.840878,-1.412066,-0.234881,-7.730480,-8.344895,4.534305,2.624931,-2.283425,0.560523,-1.704571,-1.825268,-5.885843,7.133852,-0.027764,2.741129,3.629764,-6.232040
vacancy_0875,-3.861927,5.035791,5.766644,0.241610,4.573670,0.631038,-8.680707,4.028211,2.495213,-3.816569,-5.862334,-6.881477,-10.439414,8.135533,-1.873118,7.643650,-2.568936,-7.488464,-4.112779,8.711013,-2.843764,-7.954890,-3.145096,-8.286131
vacancy_0876,-7.270357,1.520119,0.685751,4.442127,-3.237981,-4.565957,5.085890,-5.806944,-7.479687,-4.765919,-9.152255,0.047838,8.127963,5.601141,-1.111409,9.674896,0.743188,-2.056420,-0.032784,7.040588,-5.161085,-1.745081,-6.264006,3.687667
vacancy_0877,-0.891200,-4.693270,3.258227,2.633643,9.366786,-9.385175,7.348386,-0.841977,-0.843588,-0.253240,-7.625438,-8.632477,5.139248,3.050704,-2.262613,0.189184,-3.801555,-1.469306,-6.325230,5.957991,0.745440,3.366341,1.694484,-5.859373
vacancy_0878,0.039543,-4.991203,4.597149,3.507422,8.548674,-9.631008,6.282216,-0.138182,-1.054458,-1.108074,-7.001440,-8.748927,4.415060,4.039098,-2.195346,1.267366,-2.124366,-1.302698,-5.968868,6.889735,1.009645,2.508420,2.605294,-6.919682
vacancy_0879,-0.609511,-4.296243,4.730709,1.908190,9.150647,-8.372769,6.659041,-0.690802,-0.077554,-0.301672,-7.334539,-8.672716,4.605151,2.574789,-2.140010,1.193166,-1.822728,-1.864436,-5.714755,6.729326,1.830742,1.248995,2.329039,-6.100394
vacancy_0880,-2.220502,4.256080,5.975723,-0.085939,4.214882,1.463276,-9.560648,5.168631,2.911549,-4.000475,-5.734975,-6.870030,-8.782360,8.117646,-2.029615,6.097319,-0.939962,-7.276156,-4.907257,10.221284,-3.478333,-7.229653,-1.315141,-10.021247
vacancy_0881,-8.777141,1.627812,0.685991,4.095262,-2.515867,-4.233232,4.890011,-5.451573,-7.688964,-4.286393,-7.621057,1.228652,7.820029,6.134603,-0.567563,8.917875,0.500347,-3.815375,0.626777,6.773989,-6.125789,-1.581259,-5.755320,3.941276
vacancy_0882,-9.896561,-5.505306,-8.014933,-4.564157,-6.416652,-5.539383,6.180405,2.367253,-4.112313,-8.799594,-0.131401,-10.046343,6.405635,8.201029,-3.664258,0.842346,-3.700490,5.754841,-10.097901,0.180902,1.590588,1.318532,-7.783405,-5.183525
vacancy_0883,-7.539943,-3.938181,9.069829,-0.246542,7.105955,5.282485,3.013443,4.996266,7.877273,-4.763441,6.067070,-9.136367,-5.328951,-4.747090,1.273784,3.450041,-8.893916,-4.919039,-0.385882,-5.385684,2.522816,6.537938,-8.582595,2.971508
vacancy_0884,-6.730788,1.153549,0.584262,3.712570,-3.818752,-5.211028,6.442162,-4.297201,-8.113487,-4.371421,-7.134619,0.307963,8.190391,6.210603,-0.467924,9.222955,0.550813,-2.828680,1.142271,6.702437,-4.729497,-2.823043,-5.464969,4.647222
vacancy_0885,-9.333449,-4.075690,9.131922,-0.028724,4.964041,3.416174,2.021806,5.437525,9.413708,-4.220427,6.422451,-8.991198,-4.961241,-5.061557,2.044132,3.999833,-8.793560,-3.902618,-0.582228,-6.299342,2.290419,8.624344,-9.499060,3.544364
vacancy_0886,0.236491,-4.538230,4.710074,3.606811,8.499608,-8.891111,6.085405,-0.066490,-1.024815,-0.492949,-7.872018,-9.405401,4.896738,4.536903,-2.522235,0.640211,-1.996808,-1.859078,-5.023324,6.504729,0.817351,2.567389,3.053987,-6.345383
vacancy_0887,-7.808977,-6.097806,-8.104612,-5.645907,-5.666662,-6.006370,5.004099,2.192042,-3.709858,-8.549800,-0.754274,-8.532144,5.433212,9.251405,-1.641534,1.712216,-5.256150,6.233057,-9.387055,-0.521710,1.361241,-0.101168,-7.666804,-6.371636
vacancy_0888,-4.379524,4.250234,6.970359,9.381528,-6.377356,-2.715053,-6.003699,8.776910,8.283125,5.900337,-3.419061,-7.961534,3.733996,-0.053812,-3.324682,9.148974,7.701995,1.893070,-0.661689,4.297224,9.379622,-6.931472,-4.325757,-8.478884
vacancy_0889,4.504198,-1.042495,4.525029,0.945465,-6.753642,-1.987470,7.859092,9.047000,-5.693504,3.349117,-7.270210,9.969911,-5.015379,-2.407955,2.085841,7.193706,9.703183,4.776219,-0.586174,7.049666,-9.387827,4.471485,-5.865209,2.676998
vacancy_0890,-7.391238,0.867719,0.061382,3.368602,-3.153177,-3.662539,6.627786,-4.171687,-7.044905,-5.364883,-8.458171,1.431831,8.789097,6.567704,-0.618848,8.797697,0.023403,-2.729788,-0.218922,8.849654,-4.864760,-2.882572,-6.078458,4.251481
vacancy_0891,-2.909775,3.996064,7.307722,9.770778,-6.142726,-2.652572,-6.234039,8.696013,8.862834,4.981768,-3.952981,-7.734813,5.679424,-0.232187,-3.638052,8.920308,6.853377,1.171271,-0.418565,3.440575,8.774621,-7.104154,-3.675655,-8.353092
vacancy_0892,-3.288846,5.521152,4.814220,0.997332,4.984220,1.995329,-8.367004,4.932854,3.177080,-2.586079,-5.885989,-6.675274,-8.525568,9.229426,-2.894081,6.865297,-3.441911,-6.584906,-5.345574,8.423916,-3.526501,-8.623423,-2.430321,-7.434983
vacancy_0893,-4.010723,5.182879,5.775060,9.486263,-6.330016,-3.238949,-5.520356,9.559901,7.884729,6.917377,-4.897739,-8.355901,4.474893,-0.146383,-3.704907,9.439298,5.490362,1.826219,-0.580406,4.358930,9.255876,-7.581892,-5.279966,-7.617488
vacancy_0894,-8.518791,1.781678,0.357789,4.201555,-2.993724,-4.473195,5.653997,-4.601672,-7.801736,-3.640638,-8.273153,0.544866,7.687759,6.511383,-0.313606,9.878456,0.241959,-2.509910,1.107206,7.528484,-4.817619,-2.201834,-6.814717,4.721644
vacancy_0895,-7.408821,1.673085,0.557415,3.467606,-1.836071,-3.885448,5.981954,-4.121051,-7.500884,-4.626614,-7.283279,1.455217,8.589436,7.064643,-0.197277,8.937902,0.332694,-2.563542,-0.078178,7.716859,-5.864065,-2.164899,-5.408957,4.190463
vacancy_0896,4.318382,-1.456147,4.073368,2.454711,-5.797458,-1.328207,7.236788,9.093725,-4.370392,4.323905,-8.035856,10.308040,-5.440943,-2.024427,2.893974,6.540619,9.707289,3.526426,1.159710,7.068653,-9.500822,4.150545,-4.876641,2.351705
vacancy_0897,-8.532639,-5.439241,-7.752384,-5.127345,-5.400338,-5.392465,5.074708,1.932747,-4.563802,-9.107403,-0.960509,-8.760399,5.753833,8.874300,-2.703776,1.313136,-3.951265,5.714764,-9.832583,0.662912,0.853086,0.773097,-7.359984,-5.296001
vacancy_0898,4.001390,-2.626726,4.350227,2.855212,-6.776382,-2.513040,8.890744,8.407678,-6.088932,3.215020,-8.126209,9.251209,-6.109969,-2.635019,1.607910,7.580044,9.875294,4.105199,0.815743,5.116325,-9.504452,5.498901,-5.212291,2.632773
vacancy_0899,-3.714546,4.696578,6.127863,9.366532,-6.918498,-3.531023,-5.770005,7.837154,9.283209,5.656481,-4.285738,-7.702884,3.971542,1.436114,-3.441040,8.833468,7.814709,2.134082,0.542074,4.560869,8.888795,-7.697332,-4.588685,-6.960028
vacancy_0900,-11.040330,-4.605950,9.974468,0.639740,5.881285,4.142311,2.789935,5.773676,8.586266,-4.534953,6.509398,-10.055154,-5.568218,-5.036030,2.873429,3.490197,-10.090963,-4.888672,-0.418892,-6.072005,2.859676,6.491902,-8.155021,2.833841
vacancy_0901,-3.688763,4.541701,6.369933,9.531893,-6.849960,-2.768217,-5.836065,8.996535,8.688729,7.001538,-4.724710,-7.081785,3.937439,0.253105,-4.311674,8.077222,6.500902,1.774969,-0.156001,3.789223,8.418714,-8.133601,-4.244363,-8.538272
vacancy_0902,-9.426861,-6.024826,-7.794101,-5.817400,-5.342238,-4.903681,4.698889,2.713131,-4.189240,-9.172466,-1.379137,-9.217633,6.503233,8.603514,-2.966775,0.501539,-5.041817,5.092869,-9.605206,0.259481,2.566321,0.075839,-8.333712,-5.956348
vacancy_0903,-3.149536,4.670665,6.041723,0.530319,5.166607,2.204046,-9.318338,5.349739,2.567990,-2.616349,-6.929673,-7.027993,-9.653156,8.759552,-2.643982,6.218439,-2.127437,-6.774493,-4.073399,9.960382,-3.116603,-8.078493,-3.519982,-9.391643
vacancy_0904,-7.295231,1.439868,0.196787,3.566308,-3.202724,-5.015706,5.305634,-4.280252,-7.244084,-3.363200,-7.863660,1.258259,7.975513,6.801068,0.070157,9.399073,1.684555,-3.555641,-0.523389,9.227548,-6.254848,-2.224103,-6.594523,3.590191
vacancy_0905,4.069007,-1.412065,3.825418,0.600476,-6.743412,-1.665070,7.646938,9.142595,-5.739584,3.142690,-8.576800,10.886597,-4.695035,-0.226719,2.231774,6.960678,8.903205,3.977904,0.998711,5.250824,-9.035606,4.487281,-4.853144,3.027181
vacancy_0906,1.023297,-4.928275,4.608458,2.791322,8.669291,-8.375524,6.837497,0.217968,-1.347597,-0.868953,-7.300557,-9.731407,4.236367,2.877364,-2.672272,0.888063,-2.383317,-1.130339,-5.399161,6.839362,0.705540,2.795796,1.726868,-6.037475
vacancy_0907,-2.792464,6.272872,5.044853,0.719729,5.184906,0.299385,-10.171960,4.492985,3.504545,-2.212268,-5.545882,-5.721150,-10.882381,9.625622,-5.137194,6.582204,-1.826960,-6.996519,-4.341977,8.524043,-3.288375,-8.077771,-2.918460,-10.305390
vacancy_0908,-8.671488,-5.101299,-8.244113,-6.431257,-6.826112,-6.569185,5.660861,1.529640,-4.289259,-9.496083,-0.200406,-9.987004,6.580783,7.624016,-2.679661,2.832676,-4.156152,4.208804,-9.009533,-0.033413,1.910354,0.569092,-7.414267,-4.467098
vacancy_0909,-8.890391,-6.444355,-8.917323,-5.519433,-6.512510,-5.988173,5.504054,2.327386,-4.191419,-8.981683,-0.691934,-9.230399,5.745622,8.522980,-2.487477,1.183863,-3.547066,6.206804,-9.740219,0.185815,1.716534,-0.735614,-8.450745,-5.812927
vacancy_0910,-3.053153,4.975735,4.884687,1.108523,4.029191,1.291112,-8.863130,6.141884,3.399529,-4.027237,-5.840679,-7.051106,-10.049741,9.497808,-3.103894,6.916803,-1.978130,-8.079340,-4.067486,9.065427,-2.906010,-8.448982,-2.656212,-8.486454
vacancy_0911,-9.045938,-6.236587,-8.110638,-5.534714,-6.126866,-4.946333,5.139301,1.298321,-4.727923,-8.715735,-1.005534,-9.082194,6.514529,8.927441,-3.766433,1.954080,-4.316304,5.274875,-9.927270,-0.939007,1.358291,0.428004,-6.502528,-6.013935
vacancy_0912,-7.885168,1.037856,1.127152,3.363983,-2.821415,-4.179792,5.280044,-5.511256,-7.537028,-5.200828,-8.524830,1.726368,9.805215,6.301787,-1.485099,8.155814,0.841085,-1.988885,0.995815,7.871191,-5.436842,-2.735723,-5.145026,5.073486
vacancy_0913,-9.120739,-6.498366,-9.569338,-4.519375,-6.716559,-6.463251,7.009580,1.108588,-4.654816,-10.439444,-0.615335,-10.585563,6.470453,9.441472,-2.498601,1.899326,-3.688559,4.670091,-9.493817,0.319365,2.905068,0.559179,-7.387783,-4.990058
vacancy_0914,4.431021,-1.953552,2.765116,1.839420,-7.078101,-2.501962,8.695900,7.602592,-4.776227,3.605304,-7.583988,9.933630,-5.430724,-2.494417,1.522051,7.044536,9.550121,4.400196,1.374095,5.085224,-9.418978,5.558521,-4.190528,2.663247
vacancy_0915,-6.011875,-4.542551,-2.278000,-2.681440,-0.935777,4.146511,-3.798008,-0.361881,-2.061426,-8.508106,-8.057805,-9.824543,-8.175105,7.439425,-10.130063,4.447622,7.335740,-0.173934,-7.939149,5.877965,-1.259251,-0.189235,7.657679,-9.660563
vacancy_0916,-6.696106,0.723838,1.139189,3.013138,-1.785835,-4.660528,6.061908,-4.721384,-7.583432,-4.578831,-8.638745,1.007347,8.736841,6.368065,-1.301235,9.582622,0.613410,-2.526432,0.912392,8.429950,-5.303325,-2.868993,-6.294000,4.663559
vacancy_0917,-7.176146,-4.260964,-0.903288,-4.194491,-0.458051,4.026784,-4.323987,-2.527194,-2.158754,-7.247173,-7.813637,-8.676548,-6.183642,7.533801,-10.242023,5.069582,7.093961,2.367991,-8.940451,4.499239,-1.862560,-0.069317,7.934342,-10.013810
vacancy_0918,-9.647138,-6.623550,-9.119100,-6.120574,-5.863061,-5.258269,5.142171,2.095119,-4.097564,-8.692105,-0.229022,-8.801390,6.188559,9.011889,-3.497808,1.027268,-3.900028,5.249065,-9.353710,0.406949,2.884922,-0.009762,-7.395911,-5.593546
vacancy_0919,-4.015460,6.346198,5.079746,1.288253,3.587787,0.753943,-9.585262,5.497473,2.198825,-3.624331,-6.469970,-5.729693,-9.927945,10.094037,-3.127012,7.301650,-1.970317,-8.265046,-3.960731,8.326506,-2.484333,-8.636308,-3.323882,-9.674097
vacancy_0920,-7.447400,3.298253,0.069149,3.937156,-3.564361,-5.333143,4.999971,-3.792313,-6.954323,-4.111714,-8.312845,1.168452,6.927768,6.554066,-0.333907,9.018024,-0.058081,-3.187425,-0.644528,7.372711,-6.177674,-2.914612,-6.571158,3.455375
vacancy_0921,-8.926222,-5.156085,-8.908991,-6.945950,-7.184671,-6.207835,6.216861,2.041828,-4.047882,-9.078901,-1.203014,-8.859813,6.530514,8.840187,-3.702978,1.283330,-3.207192,4.981288,-9.805040,-0.726881,2.947574,-0.786024,-7.306996,-6.198612
vacancy_0922,-6.645781,-2.521254,-3.162042,-3.515439,-0.580391,4.622464,-4.051418,-0.266423,-1.761092,-8.128344,-7.071703,-8.910733,-6.809891,6.440368,-9.621205,5.182488,7.827331,0.316631,-8.769479,5.847461,-2.596864,-0.084087,8.493227,-10.822255
vacancy_0923,3.439256,-1.345552,4.239943,2.046892,-8.469128,-2.042735,8.983946,8.644389,-6.133725,2.689974,-7.910511,10.621987,-4.085944,-1.575021,2.677604,6.924834,9.795421,4.178433,-0.070358,5.368719,-8.000525,4.595703,-4.534479,2.465062
vacancy_0924,-4.020053,5.402889,5.187363,0.753627,4.717912,0.647576,-9.707942,5.301402,2.489561,-4.242028,-5.691130,-6.820176,-10.630640,9.113034,-3.984196,5.764903,-0.701166,-7.210398,-3.940186,8.155938,-3.469844,-8.702540,-1.841894,-9.141721
vacancy_0925,-7.669357,-2.943018,-3.741100,-2.938282,-1.251325,3.949641,-3.719178,0.344328,-1.458860,-8.222115,-7.863725,-8.660929,-7.964640,6.913777,-9.760016,4.814845,7.039041,-0.208610,-8.314730,5.350705,-1.063289,0.364409,8.129852,-8.832241
vacancy_0926,0.246457,-4.890666,5.051327,2.363910,9.526656,-9.117205,7.138024,-0.485852,-1.037584,-0.018275,-6.810243,-8.613869,4.565268,3.645630,-2.154201,0.187944,-1.524199,-1.720468,-4.885619,6.673657,0.906443,2.739134,1.878320,-6.068005
vacancy_0927,-0.318599,-5.252432,4.753637,2.687757,8.625671,-9.795559,7.262174,0.419464,-0.897182,-0.555610,-6.784336,-8.937562,5.148630,2.859111,-1.439359,0.747609,-3.603174,-0.633672,-4.761960,6.953416,1.369918,3.773617,2.294361,-6.158768
vacancy_0928,-8.788745,-5.661494,-9.156396,-7.091857,-7.695395,-5.081855,6.126051,2.662523,-4.277603,-9.838221,-0.733144,-8.289560,7.323914,7.944761,-2.387472,1.984187,-4.969838,6.219562,-9.626684,0.024699,1.818910,-0.581899,-8.475642,-6.061244
vacancy_0929,-9.943330,-4.107575,9.461597,1.101551,6.423895,3.804862,2.952202,4.916056,7.515242,-5.194150,6.236747,-9.121342,-6.093888,-5.187299,2.086790,2.258837,-9.584209,-3.917218,-0.357503,-5.299253,2.170344,6.893226,-7.884146,2.081774
vacancy_0930,-9.939997,-5.980828,9.541632,0.819236,6.060291,4.111099,3.040484,4.788081,9.349895,-4.458765,5.274265,-8.985140,-5.216059,-4.620031,2.585611,3.750505,-9.260688,-4.453078,0.292559,-7.782456,1.213167,6.812695,-8.282468,3.599720
vacancy_0931,-10.099143,-3.983611,10.284810,-0.233528,5.840422,3.980207,2.395009,4.575935,7.399312,-4.906294,7.114795,-9.020430,-5.330735,-5.137549,1.836460,2.373251,-8.620177,-3.990111,-0.386778,-7.030928,1.861936,8.275651,-8.009020,3.228889
vacancy_0932,-2.047050,5.164997,6.000448,1.012592,5.009374,0.498888,-8.156370,4.259208,2.104689,-5.765136,-6.696160,-7.742954,-9.143145,8.532972,-2.555137,7.205482,-1.401938,-7.147022,-5.332436,9.981514,-3.183518,-8.237704,-2.228689,-9.135219
vacancy_0933,-7.027363,-4.020088,-2.976670,-4.182882,-1.180654,4.036046,-4.757511,-1.310514,-2.005313,-7.701072,-7.282991,-8.586342,-7.465652,7.265247,-8.980868,4.502508,7.362075,0.184066,-8.193875,5.424250,-1.508560,-0.386445,8.494223,-9.006836
vacancy_0934,-7.808659,2.162521,0.063603,3.657341,-2.999260,-4.510847,5.246576,-5.240608,-7.392884,-4.629513,-8.105173,1.285207,8.465690,5.728641,-0.738987,9.704745,1.138853,-3.281548,0.257021,8.295806,-6.343892,-2.260977,-6.648503,2.780579
vacancy_0935,-1.241342,-5.750159,4.133961,3.139516,8.400395,-9.235474,7.645286,-0.785798,-1.250668,-0.599908,-6.921045,-9.088924,5.174543,4.628508,-2.158177,0.113394,-2.236204,-2.572275,-4.835238,7.033491,0.344254,3.036997,3.007171,-6.676812
vacancy_0936,-9.200504,-4.305093,9.861598,0.392647,5.902935,3.733420,2.680307,4.356129,7.551545,-5.256077,6.224531,-9.344694,-4.158743,-4.534446,1.967327,4.007278,-9.421434,-6.034108,0.419412,-5.865218,3.512841,7.409684,-7.716537,2.950117
vacancy_0937,-4.225550,4.286346,6.704697,9.042085,-5.127528,-2.336851,-6.354025,8.639758,9.011671,6.553944,-4.408719,-7.064359,3.960752,1.543393,-3.310977,9.792367,6.510832,1.800572,-0.268606,3.811004,8.264315,-7.556840,-5.159168,-6.626977
vacancy_0938,-2.923490,5.415206,5.325809,0.821300,3.786217,1.232836,-9.070009,6.362930,3.197918,-4.542020,-5.484347,-6.941115,-10.140537,7.895002,-3.130043,5.943569,-0.630759,-7.387352,-3.878636,8.785913,-4.450130,-8.181228,-2.324877,-8.158702
vacancy_0939,-7.062693,-3.365996,-3.316526,-2.888491,-1.621691,4.676235,-4.704509,-1.238340,-3.113550,-7.191193,-8.508935,-8.947110,-7.604877,6.640255,-9.145577,4.694826,7.462315,0.520401,-9.055099,5.785506,-2.344249,-0.232373,6.606103,-9.321100
vacancy_0940,-8.455190,-3.352040,9.895002,0.101832,5.673464,3.634330,1.738009,4.023457,7.561225,-3.921027,6.210037,-10.134796,-5.417148,-4.977569,2.537472,3.725299,-10.206682,-5.151133,-0.181541,-6.846833,2.966112,6.142007,-8.480033,3.257944
vacancy_0941,0.153177,-4.282356,3.828664,2.718318,7.770598,-10.378140,6.645369,0.606811,-2.457332,-1.126422,-7.632659,-7.938482,4.411192,3.815082,-3.156850,0.083771,-1.984804,-1.773333,-7.389104,5.934027,0.565960,1.625229,2.429730,-6.755927
vacancy_0942,-9.047637,-6.376942,-9.300353,-4.999148,-7.524888,-6.625296,5.696579,2.003003,-3.822270,-8.838020,-0.820249,-8.399704,6.957840,9.130902,-1.732094,1.250473,-4.629816,4.467599,-10.062636,-0.712518,2.006656,-0.484707,-7.155189,-6.656494
vacancy_0943,3.639361,-0.148199,4.424947,0.985985,-7.223612,-0.508178,8.305348,9.126428,-5.078474,3.027612,-7.597557,9.882472,-4.671606,-1.311597,2.881920,6.102383,9.088985,4.959046,0.164036,6.074170,-8.215702,4.532358,-3.621555,2.747407
vacancy_0944,-3.742378,5.486752,6.123659,9.960702,-5.964487,-3.203401,-5.590897,9.177360,9.027340,5.717030,-4.309756,-6.305479,4.863446,-0.612616,-4.114900,8.689818,7.198876,2.636856,0.707988,3.303804,7.796309,-6.306224,-3.167786,-7.267834
vacancy_0945,-1.658697,5.134846,5.893816,1.783109,5.832669,1.591799,-9.276457,4.985164,1.501552,-4.463384,-6.624720,-7.895969,-9.707258,8.695782,-2.606122,7.706425,-0.767176,-8.143824,-4.552922,8.252786,-3.526707,-7.310577,-1.942613,-8.994273
vacancy_0946,4.036832,-1.810815,5.585099,2.299505,-7.092286,-1.379652,7.916135,9.427465,-5.660403,2.834409,-7.274542,9.484890,-5.092484,-1.180464,3.666509,6.484313,9.472819,3.455244,0.532057,5.732855,-8.963578,4.933897,-5.182993,1.783135
vacancy_0947,-7.516433,-5.243283,-1.463200,-2.543324,-1.144531,4.102135,-5.036159,-0.518981,-3.707836,-7.875629,-7.421498,-9.956737,-5.998925,7.167074,-9.072224,4.777401,7.790112,-0.588695,-7.863074,4.641001,-1.525241,-0.297884,7.572252,-10.214282
vacancy_0948,-9.459850,-4.101006,10.083680,-0.613387,5.518989,3.736481,2.518846,5.554777,7.716372,-4.768974,5.329935,-9.238852,-5.017900,-5.733791,1.718971,4.115353,-9.423056,-5.223371,-0.458705,-5.640740,3.293944,6.950465,-7.496600,3.648697
vacancy_0949,4.064957,-0.988648,4.250965,0.825274,-7.437866,-1.438083,8.706965,9.415498,-6.458994,3.770192,-7.245611,9.669457,-6.933695,-2.821595,2.378062,8.005189,9.848738,4.512297,0.394501,7.165076,-9.403495,6.046026,-5.089167,1.510360
vacancy_0950,-10.390142,-2.739397,9.295723,0.359505,5.139432,4.755980,1.363805,4.436325,7.866335,-4.397730,5.496677,-9.878955,-5.511758,-4.674446,1.087171,2.897903,-10.015693,-4.157343,-1.880824,-5.975627,2.766691,7.352152,-7.307996,2.449311
vacancy_0951,-8.903124,-6.556860,-9.152974,-4.929313,-6.090108,-7.060732,5.872476,2.563540,-3.953072,-8.855984,-1.046893,-8.867677,7.098551,8.586286,-2.681108,1.383754,-3.002304,5.104637,-10.360050,-0.106419,1.780347,-0.050920,-7.294661,-6.507172
vacancy_0952,-7.647209,1.373857,0.790155,4.674207,-2.993347,-4.447944,6.802657,-4.222521,-6.976393,-4.373613,-8.459484,1.123599,9.146794,6.993093,-0.124440,10.142274,-0.038773,-2.421270,-0.616775,7.231620,-5.205937,-2.081298,-6.299220,4.484815
vacancy_0953,0.085954,-5.104580,4.806426,2.942548,9.065645,-10.072515,7.219640,-0.868002,-1.700569,1.113068,-6.214375,-8.910545,5.208160,3.772112,-3.061536,-0.332770,-1.756714,-2.453943,-6.274028,6.189742,0.299898,2.216517,2.577471,-5.822962
vacancy_0954,-2.667040,4.822775,5.629634,0.305865,5.372150,1.953567,-9.271433,5.307600,3.182783,-4.038823,-5.516131,-7.283123,-9.736259,8.582689,-2.438020,8.232701,-1.987031,-6.125474,-4.921575,8.223437,-2.580111,-7.692070,-3.036365,-9.879727
vacancy_0955,-8.391892,-3.173607,-2.497882,-4.161375,-0.713986,4.213828,-4.665607,-1.203476,-2.027379,-7.426634,-7.213949,-10.236589,-7.370480,7.035645,-10.715577,4.539276,8.104419,0.004572,-8.716551,3.891397,-1.006625,-0.227753,8.233158,-10.028303
vacancy_0956,-3.824566,5.349112,5.814927,9.845242,-7.088947,-3.654912,-5.319159,9.616962,8.647933,6.144460,-4.607913,-8.779866,5.053608,-0.255970,-3.314238,8.323582,7.159890,1.911640,-1.168891,4.769251,10.218353,-7.286600,-5.708409,-7.843161
vacancy_0957,-4.637170,4.833581,6.557005,9.479727,-6.467567,-2.925696,-5.813409,10.076473,9.062973,6.703649,-2.385998,-8.055154,3.909329,-0.138737,-4.716289,7.544352,6.530368,2.677144,-0.396474,4.079359,9.274946,-6.431660,-4.601352,-7.488525
vacancy_0958,-7.104120,1.478167,0.577275,3.779360,-3.956073,-4.094775,6.525074,-4.351802,-7.810932,-4.436045,-7.904049,0.434454,7.962730,6.952394,-0.673202,8.943588,1.691486,-3.105089,1.135220,9.145001,-6.207806,-1.602824,-6.303288,4.652471
vacancy_0959,-9.774969,-3.951617,9.820054,0.403163,5.678685,3.275549,3.245775,5.852124,7.909241,-5.671267,6.556322,-9.136759,-5.187744,-3.665325,1.385879,3.888112,-8.640780,-4.274060,1.071992,-5.996637,2.930862,7.351342,-8.906523,3.524925
vacancy_0960,-9.376304,-6.029597,-8.269943,-5.924682,-5.234822,-6.462478,6.108681,2.160463,-4.116582,-8.834317,-1.249007,-9.430554,6.814568,10.691939,-3.107029,1.328981,-3.719121,5.061904,-10.269566,-0.316170,0.966543,1.095049,-8.598511,-4.232212
vacancy_0961,-8.386168,-6.020417,-9.037004,-5.582897,-6.254692,-6.182923,6.419190,1.209685,-4.294703,-8.711039,-1.364574,-9.000467,5.745761,9.322854,-2.583642,2.151311,-3.604074,5.365928,-9.554261,-0.582144,1.778615,0.032402,-7.560539,-5.179518
vacancy_0962,3.675748,-0.687139,3.718717,3.261916,-7.799833,-3.000406,7.485859,7.467428,-5.630667,3.881725,-7.537076,9.439841,-4.838069,-1.812238,2.218921,7.144867,10.282584,3.792712,0.730760,5.564820,-8.496200,4.131164,-4.637263,1.835918
vacancy_0963,-2.771456,4.430815,6.294114,2.418343,4.280587,2.219048,-8.790592,4.978017,2.662002,-3.404525,-5.612380,-7.376064,-8.829006,8.908624,-2.079517,7.069720,-2.209796,-7.194821,-3.908332,8.472018,-2.498660,-7.369273,-2.510264,-9.315805
vacancy_0964,4.323805,-1.189406,3.953951,2.159911,-7.288869,-1.164791,7.918905,8.607635,-5.410332,3.607077,-7.631115,9.425972,-3.664401,-1.589741,1.947067,7.577407,9.630950,2.997996,1.412175,6.768160,-9.062883,4.354205,-5.210159,2.805519
vacancy_0965,-8.493881,-4.639381,9.249930,0.542087,5.550012,4.150876,2.983950,4.267532,8.183277,-4.417799,7.038153,-10.472741,-6.747777,-4.775517,2.297634,3.346115,-8.816232,-3.746640,0.792509,-5.269354,2.235090,7.306534,-8.777943,3.085843
vacancy_0966,-7.481744,1.714254,1.016352,5.033560,-3.688725,-4.818796,5.627707,-4.028568,-7.497149,-4.055207,-8.293515,2.025541,8.463343,6.611597,-0.723141,9.548463,0.490286,-3.619274,0.064897,8.236145,-5.915878,-2.758030,-5.406026,5.383770
vacancy_0967,-2.207671,4.891262,5.660014,0.054399,5.321675,1.273453,-8.057922,3.989987,2.101600,-2.516794,-4.945562,-8.082671,-10.048839,8.114397,-2.528539,6.304928,-1.583140,-6.664754,-4.854321,9.313502,-3.166569,-7.890994,-2.382253,-9.312296
vacancy_0968,-8.158892,1.669684,0.765511,3.701307,-2.894784,-3.000297,5.342891,-4.113930,-6.815939,-4.148683,-7.986067,-0.924431,8.777021,6.643818,-0.778540,8.738795,1.233346,-2.299437,1.756340,8.355101,-6.046890,-2.029382,-6.284808,4.826340
vacancy_0969,0.218170,-5.502492,3.502410,1.612407,8.731581,-8.990668,6.882363,0.184579,-1.119362,-0.075108,-6.710753,-8.454514,4.938078,3.332319,-1.733659,1.191706,-2.224575,-2.843944,-6.305773,6.537418,0.718498,2.648508,3.205207,-6.437962
vacancy_0970,-9.276520,-4.540081,10.335933,0.281270,6.076414,3.630720,2.606914,4.008091,7.584459,-4.241637,6.543239,-10.029972,-5.431473,-5.623142,2.190924,2.788959,-8.468292,-4.610478,-0.309799,-5.484870,2.048583,7.014590,-8.390891,4.198162
vacancy_0971,-3.670018,3.840868,6.590772,0.934628,4.844547,1.245715,-9.528302,4.552113,2.007189,-4.112064,-4.859251,-7.687351,-9.389013,7.788321,-2.886827,6.773036,-2.135294,-7.674929,-4.836995,9.378416,-2.655722,-7.922071,-2.368748,-8.857618
vacancy_0972,0.176075,-5.055212,3.398487,3.134995,9.406052,-8.463565,6.728633,0.200303,-1.143510,0.303769,-8.272238,-7.332021,4.296069,3.229860,-1.731576,0.927065,-2.885445,-1.457089,-5.432282,6.562631,-0.327688,2.808481,2.794273,-5.238543
vacancy_0973,-8.882184,-3.808297,9.303846,-0.949143,6.063821,4.410229,2.196878,4.667611,7.377106,-4.588956,6.071565,-10.815128,-6.098842,-4.868747,1.806603,2.881781,-8.893510,-4.785306,1.676236,-6.138191,2.111752,7.614495,-7.522608,2.041842
vacancy_0974,4.091711,-1.533474,2.406416,1.565648,-8.508480,-1.715569,7.776650,8.806690,-5.866540,3.276201,-7.690034,10.129391,-5.070244,-2.461091,1.635843,6.773382,9.342693,4.342254,0.866475,5.666269,-9.142777,4.585262,-4.569331,2.353984
vacancy_0975,-7.392007,-3.471261,-2.913234,-4.014642,-1.441474,4.638200,-3.292529,-0.970195,-2.882486,-8.118752,-7.584560,-8.086524,-7.758936,7.600938,-9.231890,4.166636,7.408061,-0.454104,-8.511054,4.019190,-2.634521,-0.463675,8.314458,-8.446470
vacancy_0976,-9.066414,-5.995544,-8.573650,-4.904718,-6.556980,-6.356616,5.634720,2.582340,-3.179292,-9.479592,-0.546505,-9.391840,5.601749,8.492034,-3.050274,1.521010,-4.015969,6.407267,-9.986211,0.221324,2.334721,-0.391404,-6.931627,-5.868503
vacancy_0977,-7.562238,1.674459,1.234764,4.578807,-3.267420,-4.522783,5.075471,-5.350905,-7.704302,-4.304806,-8.134882,1.096383,7.715609,5.049687,-0.439220,9.581440,1.564135,-3.077604,0.116127,9.069761,-5.353814,-2.444858,-5.366025,3.164153
vacancy_0978,-6.790367,-4.099291,-1.765960,-4.270265,-0.037885,4.528530,-3.352195,-0.192065,-1.282694,-8.011040,-7.146167,-8.948766,-8.300829,6.480765,-9.344279,4.633999,7.498144,-0.610725,-7.898049,6.281251,-2.772282,-0.875871,7.570194,-9.778159
vacancy_0979,-9.473851,-6.059878,-8.555290,-5.721162,-6.232386,-5.629400,5.246443,3.389047,-4.080577,-7.541453,-1.306873,-9.848513,6.403478,9.063483,-3.200285,1.534905,-4.953580,4.354496,-10.058180,-0.460405,2.710094,-0.590125,-6.953366,-5.316837
vacancy_0980,-0.012166,-3.833318,3.826267,2.444450,9.107295,-8.637536,6.107468,0.441942,-2.654232,-0.308500,-6.666659,-9.181817,3.380027,3.305153,-1.499666,0.509009,-1.609505,-2.176374,-4.799506,6.849072,0.468947,1.486417,1.564328,-7.144704
vacancy_0981,-6.901407,-3.276789,-2.834463,-2.220890,-0.844853,4.043875,-3.883567,-0.544938,-3.042790,-6.780731,-7.116452,-9.227527,-6.803483,6.770194,-10.808770,4.093464,6.980938,0.487341,-9.024790,4.717058,-1.274531,0.562035,8.510957,-8.700755
vacancy_0982,-3.731380,5.185419,7.455182,10.333133,-6.139734,-3.801847,-5.883237,9.112947,9.213369,5.804908,-4.069251,-8.004062,4.998906,-0.042079,-3.720107,8.333921,7.576703,2.644085,-0.423523,4.447532,8.218411,-7.569302,-4.785575,-7.305492
vacancy_0983,4.020983,-3.293762,4.309229,1.325918,-7.606238,-1.863546,8.332570,8.346805,-3.772596,3.140927,-8.113600,9.576153,-3.988920,-1.684995,2.864435,8.465354,9.377380,4.433874,1.131157,4.650139,-9.048608,4.962472,-5.229604,1.590038
vacancy_0984,-7.330987,-3.339989,-2.600862,-3.997889,-1.555339,4.027104,-3.482604,-1.164064,-2.908396,-8.203001,-8.231570,-7.668949,-7.200803,7.634129,-9.640118,4.336733,7.400493,0.613958,-9.444709,5.157505,-0.932704,-0.435943,8.290602,-10.105765
vacancy_0985,-7.489812,-5.345842,-8.494731,-5.215279,-6.246321,-4.940284,6.275709,2.558451,-3.627802,-7.814184,-1.120541,-9.155435,6.608072,9.234821,-3.441629,2.328508,-3.563732,4.225841,-10.342460,-0.839298,1.562453,-0.039957,-7.708924,-5.742663
vacancy_0986,-5.010245,4.261169,5.898146,10.095198,-6.501360,-2.805914,-5.017817,9.553827,8.560005,6.742875,-4.061239,-8.606435,4.479314,1.106908,-3.509080,7.863171,6.655640,2.729178,-0.771569,3.203659,8.861262,-6.982150,-4.652342,-7.701033
vacancy_0987,-4.288203,4.983290,6.246947,10.007151,-6.534833,-3.230931,-5.202819,9.504052,8.868197,5.682940,-4.013652,-7.565174,4.065785,-0.182339,-2.930622,8.786253,7.090865,2.371514,-1.815345,3.933387,9.964770,-6.854706,-4.997167,-8.065748
vacancy_0988,-7.679205,-5.884512,-8.683288,-6.667352,-5.450811,-6.267685,4.996467,2.696052,-3.747854,-9.038887,-1.039140,-9.304809,5.747125,9.521346,-2.265142,2.985868,-4.193970,5.615766,-9.724636,-0.600547,0.748572,-0.183961,-7.324397,-4.828429
vacancy_0989,-3.940882,4.774909,5.786899,1.599788,5.597837,0.594726,-9.170767,5.280754,1.868891,-2.670485,-5.610355,-6.765561,-10.662119,8.797714,-2.328620,6.437183,-3.089741,-7.022698,-4.110449,8.795745,-4.381118,-8.062896,-0.849660,-7.999657
vacancy_0990,-9.742407,-4.739107,9.305235,0.012857,6.263583,4.138601,1.593524,5.200113,6.832128,-4.739578,5.296037,-9.598036,-5.752366,-4.579753,1.889066,4.430896,-9.129088,-3.399938,0.605943,-6.361707,2.533340,7.833485,-7.872427,2.743316
vacancy_0991,-7.570669,0.941755,0.855798,3.657161,-3.533168,-5.562664,5.976614,-4.689330,-8.021900,-3.921373,-8.243584,1.897817,8.352182,6.827945,-1.366163,9.935387,1.406010,-2.296415,-0.738296,8.192477,-6.776654,-2.373891,-5.770367,4.124778
vacancy_0992,-8.110469,-5.113544,-8.621842,-4.364307,-6.925920,-7.003313,6.586032,1.108404,-4.488768,-8.903574,-0.132555,-8.517593,6.102975,9.698584,-3.377272,1.758481,-4.171794,5.533927,-9.216787,0.505582,1.703762,0.461630,-6.523419,-4.566290
vacancy_0993,-7.505205,1.498408,0.118394,4.705520,-2.354158,-3.762818,6.329172,-5.121914,-6.806604,-4.112968,-7.814752,2.003528,7.927798,6.225608,-0.740136,9.115645,1.496752,-2.597442,0.374622,8.182252,-5.247471,-1.589087,-5.542337,6.315710
vacancy_0994,-9.275354,-5.701290,-8.633488,-5.098968,-6.553917,-5.508083,5.226617,1.881361,-4.449087,-8.838510,-0.570968,-9.438622,6.763237,8.745436,-3.277723,1.072786,-4.165971,5.483101,-10.498390,-1.034097,2.473994,-0.741616,-8.305059,-5.445607
vacancy_0995,-6.525808,-4.710907,-0.845113,-4.537868,-1.764773,3.220180,-4.401584,-0.138776,-2.974206,-7.526909,-8.020840,-8.606494,-8.554095,8.235051,-9.165435,3.896085,8.688386,0.253424,-8.125693,4.011312,-0.514521,-0.300192,8.470311,-8.975610
vacancy_0996,-7.284366,-3.922021,-1.707586,-3.845956,-0.971332,3.859270,-3.685925,-0.911039,-1.850988,-7.160359,-9.049710,-9.349100,-7.661783,7.849453,-9.040006,5.771369,6.896253,0.702220,-7.782760,4.589815,-2.496017,-1.187907,7.561882,-10.060527
vacancy_0997,-5.205267,5.145408,7.222123,9.642926,-6.293674,-3.495166,-4.870245,8.445932,9.532670,7.337925,-3.706868,-7.498813,4.979539,0.172669,-4.506682,6.973935,5.922657,2.504619,-1.098487,3.121141,9.205656,-6.680486,-4.189745,-8.096824
vacancy_0998,4.357300,-0.758011,4.235907,0.921437,-6.606337,-1.593041,7.963263,7.283414,-5.583313,3.250089,-8.133791,9.851601,-4.617519,-2.093148,3.002547,7.447949,8.708730,4.194750,0.743550,6.319210,-9.605220,5.852680,-5.235399,3.004745
vacancy_0999,5.294698,-1.012776,4.269259,1.919332,-7.518102,-1.853956,8.410494,8.302851,-4.818943,3.839874,-7.254559,10.243456,-5.599867,-1.439750,3.165654,6.267686,10.049322,4.485285,2.274225,4.927886,-8.712864,5.098979,-4.698202,2.650029
vacancy_1000,-3.598105,5.240933,6.543792,9.566092,-5.801989,-3.507893,-5.398018,9.722490,9.205288,7.038413,-4.152467,-7.658664,4.276761,-0.335224,-3.547649,7.758843,7.068434,2.171205,-0.772807,5.036772,8.722293,-7.994397,-4.872337,-6.631572
vacancy_1001,-6.313441,0.769637,0.172002,3.570488,-3.195278,-4.182231,6.493235,-5.715986,-6.847841,-3.711071,-7.643591,1.246155,7.508068,6.580582,-0.809374,8.682806,1.478133,-3.009066,0.775138,8.424331,-7.291582,-3.047480,-6.157590,4.267112
vacancy_1002,-8.374948,-6.060561,-8.302515,-4.826324,-5.906974,-5.674641,5.221441,3.442709,-5.343112,-10.153267,-1.093097,-9.351210,6.205326,8.074656,-2.527681,2.190618,-4.203035,4.756509,-8.297007,0.285708,1.711850,0.316522,-8.206332,-3.828823
vacancy_1003,-7.704401,-3.332332,-1.719386,-3.750517,-1.608120,3.413642,-3.973804,-0.576771,-2.978592,-7.299361,-7.434536,-9.820073,-7.878601,7.010533,-9.493724,4.697142,8.618193,0.872202,-8.982566,4.611830,-0.708769,-0.217347,7.279811,-9.739696
vacancy_1004,-7.579077,-3.130601,-2.175472,-3.425998,-0.605994,4.907711,-3.442750,-0.540506,-1.662862,-7.912106,-8.536889,-9.370556,-7.514500,7.534785,-9.221476,5.035487,6.903148,0.362643,-9.556584,5.328716,-1.583072,0.516438,7.264207,-9.362946
vacancy_1005,-7.206247,1.735990,0.807159,3.290699,-1.921463,-4.172479,6.051775,-4.768864,-7.001269,-4.137468,-7.065260,0.689341,7.768520,6.375347,-0.333954,9.339640,0.713840,-3.329297,0.277464,7.410244,-6.433256,-2.093537,-5.261001,5.446808
vacancy_1006,-3.461982,3.884329,7.542996,10.025387,-6.209402,-3.158387,-5.987874,9.482867,9.147491,5.946630,-4.529385,-7.105618,4.540979,0.964948,-3.219938,8.673830,6.971248,2.656652,0.524155,4.184487,8.811476,-7.245720,-4.065499,-8.997357
vacancy_1007,3.990321,0.229966,3.978540,1.099743,-7.967805,-1.257227,8.528052,8.239567,-5.374406,3.563906,-7.854167,9.080924,-5.017571,-2.917071,2.197054,6.924942,9.924106,4.211067,0.798762,6.281394,-9.234864,5.854908,-5.994657,2.235756
vacancy_1008,-3.682189,5.885295,6.445629,0.977572,5.771936,1.735138,-9.165083,5.372381,2.201526,-3.608012,-4.634354,-7.200252,-8.988544,9.083142,-3.267277,7.007105,-2.447097,-7.413052,-4.811280,8.988519,-2.493257,-7.132815,-1.896264,-9.827648
vacancy_1009,-8.176709,-3.318693,-2.835436,-3.354094,-1.075809,4.904317,-4.107247,0.976989,-2.390012,-7.279158,-8.064350,-8.775356,-7.719705,7.739633,-9.566971,5.561177,8.023737,0.019628,-9.154151,4.862436,-1.988535,-0.637916,6.082567,-10.317776
vacancy_1010,-3.980553,5.049615,5.917781,8.786587,-7.115382,-4.163011,-6.408901,9.983196,9.486375,5.557300,-3.748484,-9.087624,4.296198,0.105750,-3.501027,8.132377,5.885549,1.610570,-1.013183,5.753034,8.835705,-7.751124,-4.570897,-7.011336
vacancy_1011,-0.474522,-4.996501,4.946874,2.358251,6.928853,-8.594125,6.627720,0.865184,-1.251280,0.345722,-7.665367,-10.179582,4.575280,2.362202,-3.266635,0.235196,-0.948824,-3.010800,-5.039991,7.377590,0.464853,2.931951,4.083227,-5.973129
vacancy_1012,-10.886437,-4.800311,10.559353,0.834810,6.746628,4.334344,2.233759,4.516215,8.636314,-3.928633,6.204593,-10.473427,-4.492430,-5.950686,1.092234,3.254240,-9.186357,-5.088798,0.569359,-6.329105,2.768744,7.839333,-8.563404,3.112227
vacancy_1013,-8.883584,-4.743884,9.436332,-0.045927,4.939973,4.023763,2.699650,5.578221,7.582622,-4.560636,5.162307,-9.108976,-5.525036,-3.595518,2.969030,3.806055,-9.529188,-4.758560,-1.103621,-6.554841,3.515882,6.684898,-8.493200,3.042715
vacancy_1014,-3.444178,4.554926,5.674552,1.122057,4.675280,1.562750,-9.433644,4.344074,4.310365,-3.290503,-5.663207,-7.913907,-9.642662,8.436839,-3.270476,7.148071,-1.687109,-7.490887,-3.948510,8.994793,-2.381971,-8.314619,-2.353399,-8.748618
vacancy_1015,-10.386004,-4.002869,9.594534,0.337890,6.695037,3.841852,2.731795,4.686276,7.322550,-4.094942,6.272708,-9.052602,-4.298049,-4.782687,1.191345,2.329439,-9.666812,-4.768696,0.502011,-6.400158,3.154520,7.574277,-8.286618,2.889178
vacancy_1016,-10.788842,-6.039446,-8.455054,-4.860646,-6.554110,-6.032661,5.866881,2.109715,-4.750871,-7.849552,-0.216301,-10.113112,6.081678,8.652613,-2.885801,1.217604,-4.707563,4.490693,-10.536991,0.219792,2.182015,0.016539,-7.690482,-5.555674
vacancy_1017,-9.849962,-4.933468,10.600931,-0.424108,5.846183,4.772551,2.961203,4.373018,7.931822,-4.744986,4.825150,-10.640153,-5.022079,-5.220495,1.809674,2.532776,-8.845648,-5.966547,0.910920,-5.399189,2.928068,7.646375,-9.603965,2.786492
vacancy_1018,-4.289187,5.274499,6.565217,8.677919,-6.231687,-2.965824,-5.128557,9.112247,9.371977,6.382496,-4.114580,-8.155706,3.848035,1.070048,-3.439282,8.770866,7.331721,1.916188,0.250864,3.942790,10.172598,-6.670704,-4.783039,-7.035349
vacancy_1019,-10.421843,-4.840391,10.233900,0.173656,5.665235,4.002323,3.146146,4.764370,7.480026,-4.243664,5.268167,-9.515773,-4.450616,-4.229125,2.559944,2.905690,-9.307557,-4.359452,0.093183,-5.063967,3.413112,6.613698,-7.670794,3.283658
vacancy_1020,-7.274768,1.853821,0.010971,3.097324,-3.213287,-5.095708,5.975196,-5.011231,-7.940667,-3.345579,-9.083918,1.039452,8.449737,5.803504,-1.372536,9.147006,1.440827,-1.768542,-0.562679,7.094008,-6.766985,-2.822116,-5.263506,4.469193
vacancy_1021,4.847692,-0.881886,2.804739,1.974374,-6.527312,-1.296688,8.280575,8.472898,-5.352959,4.528383,-8.413247,10.215084,-5.021604,-2.604350,1.687490,6.784125,9.423665,5.309715,-0.102437,5.313170,-8.194994,4.889342,-5.069399,2.926973
vacancy_1022,-2.858659,5.431657,6.202720,1.161672,4.283494,0.524113,-8.473161,5.911233,2.660269,-2.718338,-6.229311,-6.603321,-9.716959,10.448134,-2.357193,7.251329,-1.542486,-7.217360,-3.637882,8.511689,-3.126705,-9.324315,-2.207286,-9.188928
vacancy_1023,-7.658085,-3.540813,-3.157512,-4.069000,-0.719614,3.646139,-4.347774,0.338939,-3.590007,-7.383166,-8.489743,-9.689323,-7.837716,6.428972,-9.992577,4.547294,6.262291,0.046962,-9.465276,5.815673,-1.003345,-0.152980,7.072435,-9.223451
vacancy_1024,-9.194600,-6.580431,-8.936459,-4.759765,-6.518028,-5.863856,5.818416,2.044490,-4.283391,-8.465518,-1.577185,-8.919669,6.080591,9.382670,-2.713602,1.128637,-4.510459,5.318079,-8.989516,-0.129969,2.637932,-0.458494,-6.906554,-5.610571
vacancy_1025,-4.746421,4.781305,6.721266,10.020089,-6.035730,-4.221492,-6.281591,9.274786,9.196511,6.471612,-4.248417,-7.339030,4.526525,1.139149,-3.452603,8.815460,6.550877,1.969308,-0.492362,3.719875,9.138034,-5.440798,-4.375042,-7.115757
vacancy_1026,-0.409904,-4.947894,3.733895,2.781459,8.941974,-9.312139,6.035450,-0.748339,-0.805234,-1.208250,-6.650455,-9.903674,4.667719,4.000726,-2.694664,0.137992,-1.844155,-1.695029,-6.143726,7.430218,0.576341,3.124627,2.493358,-7.334274
vacancy_1027,-0.601945,-4.320156,3.779216,3.367616,9.133889,-9.021295,6.278724,-0.479200,-2.246439,-0.252801,-7.568191,-8.468251,6.092239,2.477473,-2.259212,0.794427,-2.107331,-2.225568,-5.854393,6.447772,1.048034,2.253804,1.894555,-6.595831
vacancy_1028,-9.434751,-5.734051,-8.728556,-5.698885,-5.439106,-5.903754,5.225009,2.126503,-4.773003,-8.563663,-1.021238,-8.797417,6.043748,8.597397,-2.838032,1.435114,-3.673437,4.708754,-10.381908,0.071756,3.092895,0.151304,-7.017296,-5.075941
vacancy_1029,-8.230018,-6.253157,-8.525052,-5.196865,-6.979877,-6.849569,6.928294,1.845889,-4.010875,-8.572861,-0.617410,-9.167541,6.277751,9.039470,-2.618084,1.204116,-4.487977,6.063934,-10.336053,-0.103013,1.829929,-1.522992,-9.056970,-6.084348
vacancy_1030,4.439652,-1.608980,4.244794,2.001475,-7.762376,-1.729402,8.309820,8.092447,-6.419586,4.147314,-7.874215,9.919654,-3.689751,-0.359264,3.017658,6.728378,8.892972,4.240044,-0.669048,5.584444,-8.301484,6.312977,-4.505969,2.393048
vacancy_1031,0.826958,-4.887633,3.619173,2.285898,8.132744,-8.962235,6.634656,0.617689,-1.009099,-0.160941,-7.490460,-8.178613,4.280786,3.824915,-1.929695,0.948842,-1.581370,-2.398721,-4.676630,6.768794,0.693291,2.606167,2.820360,-5.522792
vacancy_1032,-7.814189,1.485603,1.274666,4.856054,-3.062292,-4.106795,6.217741,-4.937930,-7.356257,-4.456619,-9.104397,0.138133,8.020743,5.875339,0.304532,9.798156,0.135558,-3.660372,1.383234,7.836459,-5.865924,-3.444925,-6.466894,4.034145
vacancy_1033,4.862667,-1.256561,3.469039,1.664863,-7.903045,-1.871310,7.746567,8.187688,-4.760993,4.319433,-8.626015,9.641967,-4.516400,-1.116791,2.346609,6.649922,9.638368,4.699143,0.912672,6.382340,-8.684667,5.181249,-4.191781,1.633476
vacancy_1034,-9.792086,-4.662314,10.376502,-0.499726,5.551672,4.190779,2.927041,4.379354,7.617252,-3.394198,6.508594,-8.761593,-4.813388,-4.867639,0.808686,3.132105,-9.280058,-4.591396,0.724493,-5.555695,2.052464,6.830074,-8.617746,2.099299
vacancy_1035,-0.260315,-4.418061,4.678027,3.271838,9.152383,-9.486361,6.972534,0.538299,-1.006784,-0.617883,-7.811348,-9.262971,4.617951,2.154899,-1.877786,0.623360,-1.328317,-1.408999,-5.937944,6.387842,-0.092017,1.995143,2.292168,-5.845976
vacancy_1036,-4.498465,4.410369,6.930818,9.609278,-6.450861,-2.838038,-5.287924,9.385530,9.167749,6.016108,-4.660111,-8.278472,4.351059,0.057537,-3.752648,9.801060,6.057039,2.688266,0.700549,3.807521,8.540919,-5.671297,-4.763034,-6.929527
vacancy_1037,-9.901580,-3.902935,8.940252,-0.636516,4.529414,3.445085,1.925029,5.031277,7.709912,-4.819599,6.138472,-10.179275,-4.602000,-5.792017,1.767103,2.807882,-9.466182,-4.628352,0.834476,-6.339704,2.828601,7.566256,-8.357661,4.191221
vacancy_1038,-3.078787,4.077339,5.674331,1.367878,4.931270,1.922504,-9.291272,4.733252,3.041119,-3.768669,-6.216411,-7.701563,-9.916301,8.607746,-2.658504,6.774534,-1.348426,-8.218190,-4.022322,8.085805,-2.952418,-7.257143,-1.836189,-9.910661
vacancy_1039,-8.517527,-5.794451,9.240150,0.021711,6.543511,4.306316,2.407087,5.117059,6.965738,-3.407274,6.546480,-10.058946,-5.376309,-5.702760,2.221268,4.102482,-9.400407,-4.982144,1.377593,-5.829434,3.065631,7.896835,-8.125687,3.728893
vacancy_1040,-3.458822,5.410888,5.735291,10.552727,-6.378371,-3.254786,-4.595674,9.588706,8.566942,6.482237,-3.591647,-7.522441,5.704208,0.140710,-3.520621,8.541742,7.645024,3.155540,-0.553159,4.847820,8.973396,-7.143606,-5.525917,-9.658990
vacancy_1041,3.887236,-0.923850,3.952574,2.717055,-8.080308,-1.403396,8.550309,8.075147,-5.380983,2.757469,-8.779031,9.531188,-4.475186,-2.350568,1.848102,6.915989,9.015385,4.607923,0.945734,5.101582,-9.065608,5.071857,-4.729443,2.891921
vacancy_1042,-5.624269,5.214086,6.914111,9.209006,-7.546357,-3.374520,-5.037302,8.524064,9.797107,5.757842,-4.458764,-7.887381,4.169962,-0.215594,-3.916617,7.914253,6.262545,2.122054,-0.427828,4.289223,8.532598,-7.150449,-3.205353,-6.686224
vacancy_1043,-7.062113,-4.530693,-2.718503,-3.290654,-0.628814,3.655043,-3.068713,-1.870659,-2.541067,-7.933024,-7.706661,-8.675009,-6.932086,6.210825,-9.670693,4.130210,6.931299,0.015691,-9.564224,5.280043,-1.907404,-0.022799,8.730646,-10.458378
vacancy_1044,5.016150,-0.241149,3.835118,1.103357,-8.008589,-2.196432,8.256633,8.584210,-4.964814,2.917757,-8.504871,10.184869,-5.133213,-2.646759,2.685843,6.322934,9.945606,4.263367,0.840713,4.813524,-9.060231,4.555151,-5.759572,1.835638
vacancy_1045,5.371561,-0.987489,3.913980,1.735792,-6.988430,-2.510504,9.006431,7.669963,-5.534473,2.638491,-7.734138,9.873050,-5.429109,-3.010457,2.510312,7.102157,9.796860,3.781248,0.629965,4.773857,-8.296557,5.416920,-4.822349,1.266065
vacancy_1046,-2.562528,5.081826,6.589795,0.659651,3.770995,1.913842,-8.799282,3.936036,1.454830,-2.725098,-6.534130,-6.651759,-10.085099,8.025629,-2.409004,7.551971,-1.482054,-7.255532,-3.527637,9.453485,-3.040685,-8.123391,-1.908027,-8.207431
vacancy_1047,-6.839264,-3.604521,-3.008761,-3.810207,-1.834103,3.782166,-3.417898,-0.189903,-3.664526,-7.515201,-8.143927,-9.071684,-7.845371,7.088620,-10.513443,3.904710,8.380014,-0.405182,-8.824499,4.131349,-1.025000,-0.820554,6.899748,-9.369563
vacancy_1048,-8.455161,1.900588,0.381082,3.699756,-2.079037,-4.626284,5.552234,-3.804851,-7.257153,-5.082229,-8.543306,1.146130,7.395377,6.520901,-0.404027,8.466178,0.344139,-3.459483,-0.211372,7.802538,-6.461355,-2.693882,-6.302195,4.047834
vacancy_1049,-8.606978,-4.736490,-7.910838,-4.779830,-6.795055,-6.029064,5.344820,2.000725,-4.118008,-8.925461,-1.096537,-9.065148,6.669303,9.764721,-3.025546,1.799896,-4.473528,5.730775,-9.738110,-0.459177,2.363047,-0.092345,-7.862045,-5.235048
vacancy_1050,-9.397472,-5.108857,10.480246,0.140763,5.292173,3.634382,3.427781,4.801115,8.386951,-4.948861,5.041260,-9.707714,-5.104464,-4.881759,1.712861,4.357695,-9.579586,-4.183692,0.141846,-6.149940,2.796112,9.149914,-7.901511,2.389682
vacancy_1051,-2.556251,5.355587,7.156356,0.843884,4.004979,1.291243,-8.551240,5.536921,2.197844,-3.435185,-4.706757,-6.457264,-9.623937,7.695506,-3.275709,7.143932,-2.154753,-7.304087,-5.268346,8.650469,-3.431170,-7.174234,-2.195219,-8.761011
vacancy_1052,0.354714,-4.892275,4.287138,1.194753,9.019334,-8.103639,6.226544,0.324236,-1.197428,-0.517585,-7.321146,-8.140164,3.932628,3.262824,-1.421319,0.474498,-1.974487,-1.832691,-5.832569,7.209729,0.278797,2.268571,2.968185,-5.698562
vacancy_1053,-7.339509,1.668688,0.401511,4.012711,-2.796933,-3.142572,5.172475,-5.030146,-6.411567,-2.813499,-8.340805,0.223042,8.331087,6.038446,-1.532043,8.772678,0.488203,-3.115741,-1.112095,7.599879,-5.782608,-3.990075,-5.298122,4.444023
vacancy_1054,4.798444,-1.010736,4.116320,1.989430,-7.366083,-2.401166,7.466021,8.128964,-5.287836,2.610662,-8.241015,9.740425,-4.786987,-2.605565,3.031244,7.950388,9.887030,4.458701,0.861373,5.229947,-9.369708,4.646630,-4.073868,2.159835
vacancy_1055,-4.111948,4.600038,7.187373,1.204214,4.091117,1.762749,-8.813111,5.059393,2.393483,-4.083330,-4.929753,-7.093792,-9.571334,8.577979,-3.574627,6.772838,-2.930830,-7.192887,-2.963588,8.507512,-3.861255,-8.644692,-2.645250,-9.002405
vacancy_1056,-4.121499,5.556022,5.144844,1.892110,4.598860,0.508469,-9.233772,4.109521,2.189267,-3.702564,-4.901294,-7.546945,-9.601758,10.147478,-2.860140,7.349225,-0.636580,-6.551082,-4.818895,8.893505,-3.125398,-7.999963,-2.421255,-9.276304
vacancy_1057,-8.150123,-6.998776,-8.862046,-6.114276,-5.904715,-4.790872,7.221787,1.560511,-3.584697,-8.147212,0.007282,-9.518882,7.157570,9.488614,-2.724308,1.228071,-5.014838,5.609677,-10.482807,-0.735284,2.422660,-0.672058,-7.126299,-5.979203
vacancy_1058,-0.593305,-5.770557,4.626521,2.971368,8.210937,-8.587303,6.641813,0.371204,-1.234558,-0.064104,-6.490148,-8.506720,4.153065,2.090479,-1.625700,0.350536,-3.128372,-1.541982,-5.483498,6.088278,0.861448,2.180960,2.497044,-5.393222
vacancy_1059,-7.363185,3.103746,0.265215,3.136085,-3.759429,-5.051324,4.456675,-4.439279,-6.833127,-4.416684,-7.250856,0.700521,7.781463,5.872195,-1.412981,8.585792,-0.369355,-3.394042,0.890083,7.270749,-5.557190,-2.398632,-7.166239,4.224624
vacancy_1060,-3.619383,5.013968,5.799671,9.691951,-7.176154,-3.530041,-5.583558,10.217166,9.119805,6.922619,-3.712065,-8.177466,4.532978,-0.585755,-3.250187,8.568545,5.892303,2.651012,-0.226025,5.767939,7.951593,-7.084595,-4.440257,-7.060402
vacancy_1061,-3.475061,5.383748,6.954568,0.960447,4.492692,0.936447,-8.475156,4.268274,2.930206,-3.204836,-6.300454,-6.744523,-9.365313,8.172534,-1.986072,7.230261,-1.212296,-6.826992,-3.737160,8.856376,-3.789165,-7.864987,-3.132484,-8.792128
vacancy_1062,-9.549580,-3.986981,9.768649,-0.035481,7.030269,3.711063,1.974590,4.418388,8.084547,-4.773127,7.104876,-8.827740,-5.038336,-3.942207,1.864386,3.259549,-8.747619,-5.154244,0.242697,-5.752394,2.042377,8.664760,-9.081010,3.246912
vacancy_1063,-0.417109,-5.159038,4.803009,3.015291,8.956328,-9.284412,6.004671,-1.038182,-0.089954,-0.649691,-7.337485,-8.007318,4.504533,4.549115,-1.758375,1.247526,-1.395689,-1.871478,-5.484834,6.820414,-0.301062,2.174949,2.013226,-6.249586
vacancy_1064,-3.999099,4.749014,6.677236,9.132980,-7.323032,-3.045277,-5.472909,9.085192,9.544809,5.972427,-4.114503,-7.834885,4.107285,1.226128,-4.192721,7.061465,8.011990,2.372354,-0.671547,4.014774,10.104914,-7.198287,-6.348912,-8.537934
vacancy_1065,-7.757197,1.640803,0.420622,3.598791,-3.585357,-4.489442,5.041113,-4.080112,-6.762832,-4.583578,-8.020807,0.348135,8.022922,6.978697,-0.735242,9.460160,0.723223,-3.217215,0.536939,8.292962,-4.883060,-1.854660,-5.669988,4.643756
vacancy_1066,-7.918455,-4.407662,-2.260912,-3.911286,-1.671224,3.513154,-4.914917,-0.048306,-2.057142,-6.361860,-8.171849,-8.074034,-7.452995,8.229645,-9.699333,4.447832,7.456406,0.311253,-9.233859,5.063976,-1.392417,-0.191832,7.220445,-8.720781
vacancy_1067,-7.622295,-3.887849,-0.720407,-3.814740,-1.375534,3.406267,-3.038325,-0.922049,-3.162634,-7.442653,-6.792189,-8.870653,-7.740568,6.753705,-9.935363,4.838099,7.681883,-0.747107,-9.147689,5.442529,-1.830130,-0.243168,6.621314,-9.419513
vacancy_1068,-7.530000,-3.416687,-1.418251,-3.992296,-1.004141,3.851710,-3.251913,-0.879521,-2.375469,-8.137494,-7.121089,-9.561870,-8.261851,7.525594,-9.354161,3.705456,6.757327,0.876700,-8.715407,4.681145,-1.718353,-0.895340,7.433153,-8.513512
vacancy_1069,-2.471015,5.947278,5.862421,1.854381,4.146480,1.387060,-9.284447,5.073298,2.789336,-4.084988,-5.065905,-7.230459,-9.042873,9.095860,-2.952175,6.859890,-1.808389,-7.249599,-4.192726,8.782661,-2.546764,-8.095451,-2.419979,-9.097668
vacancy_1070,-7.829278,-4.009282,-2.244160,-3.436669,-1.256089,4.416422,-4.986565,-0.625878,-2.644944,-7.096566,-6.966827,-8.610292,-7.928693,6.709153,-8.425945,5.649446,6.746227,-0.718622,-8.709641,5.162641,-1.386170,-0.171424,7.701146,-9.145477
vacancy_1071,-2.690788,5.094815,4.673876,1.206065,4.307702,2.291950,-9.927133,5.341900,2.127943,-3.017043,-4.747801,-7.142655,-9.405188,8.955513,-2.692965,7.811404,-2.991267,-7.278453,-3.585341,7.488752,-2.762067,-7.746050,-2.137437,-9.575563
vacancy_1072,4.014440,-1.487752,3.155253,1.264658,-8.179335,-2.552664,9.155935,8.288155,-5.561183,3.573341,-7.831903,10.157189,-5.171435,-1.632195,1.796319,6.290248,9.823417,4.227917,0.726253,5.756880,-8.176929,5.053318,-5.173944,2.247008
vacancy_1073,-8.078998,1.670987,1.152046,4.022745,-3.138805,-5.769064,5.221367,-5.940653,-7.969931,-4.263450,-9.114615,1.212921,7.692528,6.504796,-0.434779,9.003330,0.884848,-2.149287,-0.687765,8.464315,-5.872069,-1.965906,-7.143542,5.590048
vacancy_1074,-8.095176,-6.470031,-8.530505,-6.834475,-6.388169,-5.839400,4.950048,2.259827,-4.925317,-8.899320,-0.032494,-9.278277,7.037316,8.432909,-3.202388,2.056251,-3.012796,3.993304,-9.796675,0.234251,3.126528,-0.021479,-7.061818,-6.014699
vacancy_1075,4.064958,-1.099477,3.803762,2.618959,-7.847526,-2.283235,8.493617,9.156286,-5.388542,3.220595,-8.769888,9.224470,-4.527131,-2.530522,1.906585,6.944190,8.805097,4.302518,0.598859,5.631367,-8.996945,5.557403,-5.840651,2.373225
vacancy_1076,-7.743012,-4.017820,-2.597943,-3.365624,-0.612809,4.768025,-3.098216,-0.463851,-2.016085,-6.628880,-7.917528,-8.790342,-7.018378,7.264144,-9.033900,4.422371,6.220347,-0.226960,-9.435567,4.500935,-0.861783,-0.616650,7.317124,-8.055424
vacancy_1077,-0.852152,-4.865096,4.190227,3.002381,8.827444,-8.134948,5.381516,-0.826012,-0.642566,-1.139014,-6.722465,-8.637576,5.556174,4.034704,-2.480210,0.139823,-1.155967,-2.591797,-6.100378,5.589341,-0.258298,2.205924,1.658350,-7.014752
vacancy_1078,-7.919046,1.807012,1.723766,4.359253,-2.581525,-4.855865,4.971464,-5.372628,-8.417286,-4.578294,-8.830092,0.609071,7.494704,6.484893,-1.705245,8.896667,-0.250744,-2.530641,-0.341260,9.433762,-5.338242,-3.821993,-5.883872,5.211608
vacancy_1079,-9.827250,-4.224629,10.361374,-0.992539,5.691245,3.385570,1.931095,5.103055,7.778051,-4.824338,6.602103,-10.560074,-3.619346,-5.815396,3.276376,3.182986,-9.497130,-5.749243,0.201920,-4.895036,2.837578,7.097868,-8.213392,2.581722
vacancy_1080,-7.166955,-2.595718,-3.358460,-3.583292,-0.104015,4.157612,-4.008132,-1.621174,-3.927393,-7.525646,-8.012964,-8.657587,-8.265243,6.702689,-10.425323,4.941690,8.037044,0.468182,-10.333411,5.902752,-2.514824,-0.758610,8.005663,-9.207378
vacancy_1081,-4.440305,5.830167,5.724382,10.118826,-6.859820,-2.713166,-4.869445,8.609676,9.310202,7.536340,-3.623198,-8.364218,4.013588,0.536360,-2.656259,7.769755,5.712544,2.514500,-0.167542,4.477470,9.136241,-6.935902,-3.133670,-7.807765
vacancy_1082,-3.620302,4.469203,6.278476,9.268317,-7.245140,-2.988621,-4.782155,9.269925,9.293872,6.647530,-4.034283,-8.653837,4.567488,0.081470,-3.902725,7.530315,7.202866,2.007929,-0.484707,3.714321,9.033644,-6.472875,-4.407591,-9.336133
vacancy_1083,-7.317383,-2.717492,-1.776260,-3.780615,-1.513720,4.113707,-3.616076,-0.893603,-2.617105,-7.200459,-7.668493,-10.284699,-8.198847,6.684864,-10.033943,4.839995,7.218428,0.525963,-7.534635,5.447614,-2.220653,0.039748,7.541578,-9.744141
vacancy_1084,-0.705293,-5.691956,3.973068,1.528719,9.736178,-8.493708,5.816922,-0.336677,-2.155485,-0.622201,-6.645112,-8.683075,4.916881,2.657326,-1.567519,0.664596,-2.019725,-1.812948,-5.786486,7.022242,0.790979,1.843531,2.337972,-5.754709
vacancy_1085,-1.350749,-5.062083,3.736267,2.639954,8.480190,-10.620492,5.272481,-0.163591,-0.420749,-1.016244,-7.932086,-8.391334,4.680890,3.004498,-2.308725,0.701635,-2.920887,-1.995737,-5.002421,6.878836,-1.194821,2.105252,2.465903,-5.796445
vacancy_1086,-3.516139,4.832357,7.531086,8.893200,-5.530630,-3.652937,-6.765709,9.952027,8.668247,7.232586,-4.122172,-7.492096,4.237245,-0.461938,-3.227145,7.983226,6.480549,2.271052,0.868974,4.236526,7.715642,-7.284360,-4.673562,-7.880239
vacancy_1087,-3.122067,4.699622,6.299585,0.426879,5.401602,0.242879,-9.331191,5.068125,2.950003,-3.521825,-5.443923,-6.854543,-10.040688,8.985866,-3.653335,6.881524,-2.568334,-7.909924,-4.755084,7.825672,-3.540241,-8.492473,-2.307059,-8.791672
vacancy_1088,-7.255715,1.850859,0.562551,3.404754,-3.398679,-3.883869,5.705103,-4.405890,-8.400255,-3.759766,-7.897847,1.135653,8.603673,6.747801,-0.387239,7.888071,1.379422,-2.675386,0.212299,7.238264,-6.117327,-2.948361,-5.770312,4.471936
vacancy_1089,-7.823555,-6.371190,-8.766207,-6.858058,-6.388429,-6.677314,5.436619,2.175344,-4.089273,-7.742012,-0.780010,-8.785657,6.190931,9.359931,-2.205565,1.914970,-5.835585,5.346176,-9.469996,-0.093295,2.768402,-0.223264,-7.040895,-5.407760
vacancy_1090,-9.493516,-4.788950,9.908000,0.197727,5.181314,3.557384,2.087991,4.005151,7.789244,-5.293264,6.876331,-9.064896,-4.688726,-4.142847,1.092691,3.180349,-8.212853,-5.066969,-0.237657,-5.166126,3.117106,7.558959,-7.705747,3.611892
vacancy_1091,-9.298683,-4.686635,9.027776,1.354229,6.146324,4.386217,2.399954,2.925125,7.313114,-4.493619,6.086470,-10.006804,-4.790263,-5.875569,2.903100,3.711972,-8.807975,-4.782353,0.888462,-6.927420,3.404718,7.310529,-7.527075,2.962841
vacancy_1092,-3.401636,4.878475,5.571619,1.163720,5.306955,1.813051,-9.083479,4.790871,3.219920,-4.060565,-5.907751,-6.821146,-10.073568,8.836228,-3.551168,6.780582,-2.229447,-7.160444,-4.895094,9.144623,-3.498697,-6.619584,-3.505281,-9.539273
vacancy_1093,-4.489610,5.187807,6.536605,8.300723,-6.513374,-2.583913,-4.180794,9.904896,10.052365,6.984243,-4.067593,-8.576113,4.519100,0.753704,-4.559514,8.715213,7.428979,2.196436,1.249439,4.123400,8.402833,-6.433553,-3.543215,-7.063580
vacancy_1094,-0.059648,-4.716776,3.862473,3.371055,8.429427,-9.124965,6.970393,-0.335980,-1.535190,0.065197,-7.244492,-8.429028,4.570397,3.500438,-1.057917,0.469030,-2.217823,-2.140248,-6.535794,7.216823,0.355964,2.099645,3.852230,-5.861214
vacancy_1095,-9.857222,-4.252055,9.554793,-0.098648,5.554101,2.913450,1.884435,5.337074,7.803157,-4.112873,6.219201,-9.567121,-5.108629,-3.977794,2.429115,3.040755,-8.608621,-5.233048,0.307268,-6.835262,3.429589,7.904741,-8.073262,4.399006
vacancy_1096,3.911394,-1.819500,3.841211,2.105865,-7.306160,-1.568688,7.818798,8.384023,-5.093328,2.602472,-7.954754,10.589472,-4.285981,-1.140127,3.276861,6.642427,9.950480,3.723409,-0.193540,5.562489,-8.838676,5.497503,-6.207063,1.246411
vacancy_1097,-7.017171,2.038839,0.403873,3.650246,-3.774871,-4.407809,6.034790,-5.295434,-7.019916,-3.871260,-8.119764,0.727657,8.063892,6.834967,-0.940889,10.309390,0.443845,-2.006609,-0.226546,8.528430,-5.797098,-2.495562,-5.886916,5.168829
vacancy_1098,-0.052253,-5.621552,3.928184,2.142586,8.997478,-8.152791,7.605480,0.387204,-0.201385,-0.631984,-6.892673,-8.015283,4.381903,3.108242,-1.583439,0.351418,-3.186993,-2.394387,-5.601761,5.980819,0.233322,2.827868,2.742119,-6.635720
vacancy_1099,-4.124301,4.612166,7.094429,10.301426,-7.036645,-2.412439,-5.864783,9.221878,9.818227,7.098324,-4.134947,-7.373733,4.582392,-0.066922,-3.158718,9.220189,6.504355,2.417685,-0.044547,4.058886,7.893125,-7.648441,-4.323428,-8.118951
vacancy_1100,-3.023851,4.661669,6.615593,1.692515,4.411949,1.280362,-10.241275,5.341801,2.194678,-3.771852,-6.155218,-6.702431,-9.333024,9.314936,-2.966530,6.752979,-0.935780,-7.616083,-4.902389,9.720769,-3.081485,-7.153169,-2.233643,-8.668340
vacancy_1101,-3.743338,5.274173,6.396254,9.021808,-6.733616,-3.204377,-5.698674,8.980419,8.484277,6.385212,-3.250078,-8.391244,4.279402,-1.116030,-2.837070,8.393369,7.131216,1.840362,-0.802026,3.051106,8.996173,-6.912439,-3.926899,-7.414720
vacancy_1102,-0.625256,-5.175406,4.152154,2.990399,7.975804,-9.916227,7.629624,0.307090,-1.300482,-0.335536,-6.877388,-7.071449,4.220610,2.862033,-0.936813,-0.471469,-2.678137,-1.268224,-5.858301,7.429732,0.117705,1.623620,4.098204,-5.348186
vacancy_1103,-4.375164,5.003608,6.360827,10.192207,-5.588529,-3.728144,-6.210549,8.719854,9.522464,6.495015,-4.370840,-8.175415,4.599192,-0.606721,-4.299975,8.699809,6.684260,2.038859,0.405134,4.402951,8.590870,-7.457190,-4.907981,-7.577156
vacancy_1104,3.932386,-1.513236,3.176798,1.107170,-6.509145,-0.991362,8.368589,8.459538,-5.661345,2.965775,-6.944319,9.709072,-4.471654,-1.601271,2.596429,6.974919,10.537855,3.980380,0.601028,6.150390,-8.742470,5.724578,-4.913869,2.326139
vacancy_1105,-7.553748,2.040867,0.664126,3.997002,-3.011372,-4.880422,6.251908,-5.387060,-8.092432,-5.218939,-7.646747,1.817569,8.071438,5.935622,-0.427036,9.233851,0.977901,-2.801481,0.843200,7.164177,-5.872508,-2.739172,-5.569663,4.591643
vacancy_1106,4.692805,-0.986117,2.816317,2.072669,-6.374563,-0.738440,8.190548,7.530966,-4.634203,3.110304,-8.005497,9.376994,-5.964060,-2.044363,2.685301,7.318018,8.940894,4.116638,0.849114,5.647201,-9.250332,5.636204,-5.743606,2.319215
vacancy_1107,-3.904122,5.827998,5.956613,1.612702,4.812803,1.644809,-8.645641,5.094076,3.385976,-3.937185,-5.198231,-6.331006,-9.537081,9.779063,-2.107539,6.959614,-2.312677,-7.360166,-4.619383,9.449772,-2.817433,-8.287713,-1.168906,-9.706979
vacancy_1108,-3.872503,5.186518,6.701875,9.969847,-6.040421,-3.781457,-5.457696,8.374709,8.931037,6.526648,-5.464755,-7.959904,4.696307,-0.236808,-5.020653,8.533195,6.302516,2.992018,-0.076387,4.064561,8.524211,-7.443102,-6.080285,-6.474735
vacancy_1109,-3.241803,4.827059,5.515515,-0.245632,6.301062,1.239311,-9.279413,4.441896,1.950486,-2.856113,-5.410828,-6.491127,-9.937369,9.150403,-1.643793,7.684897,-1.908171,-6.695908,-3.616285,9.442322,-2.025670,-7.948463,-3.253822,-9.218022
vacancy_1110,-10.043557,-7.710731,-8.074175,-5.454478,-6.220482,-6.215778,6.196276,2.032688,-4.568179,-7.813614,-0.846301,-9.574836,6.227741,8.692372,-2.468466,0.691450,-3.499781,5.862270,-10.849735,1.367003,1.985416,-0.750855,-7.926825,-4.711382
vacancy_1111,-4.315301,5.190702,7.004559,11.146040,-5.267096,-2.178959,-6.557901,9.235868,10.302527,6.083414,-4.208774,-7.106727,4.314439,0.514936,-4.069255,7.635658,7.075887,2.865184,0.494969,4.847780,8.368668,-6.690864,-4.023517,-8.702700
vacancy_1112,0.424206,-4.062360,3.776891,4.143174,8.771859,-9.025915,7.529944,-0.426491,-2.298738,0.774954,-7.551507,-8.598552,4.220977,2.655502,-1.921324,0.971933,-2.890498,-1.714750,-6.500344,7.272722,-0.200147,2.573613,3.135979,-5.450407
vacancy_1113,-4.123189,3.422022,6.635529,9.407222,-6.141061,-4.196038,-6.239329,10.201045,9.135150,6.238440,-4.566386,-6.989580,4.602473,2.073533,-4.432613,8.060708,7.110050,2.382409,0.210213,3.954442,9.616599,-6.783470,-5.091805,-8.152936
vacancy_1114,-2.918420,5.962416,5.920411,1.002899,5.677405,2.925599,-8.317254,5.720562,3.391869,-3.097829,-5.780013,-7.025014,-10.575242,9.673475,-3.086458,6.585698,-2.324261,-7.153468,-4.770999,9.241529,-3.245605,-6.861789,-2.279108,-8.945553
vacancy_1115,-3.695440,5.469546,5.237976,0.720195,5.453539,1.530402,-8.620991,4.772374,2.377254,-3.571660,-6.141073,-7.370869,-10.414238,10.099824,-3.359848,6.079208,-2.880371,-7.138900,-3.904486,9.722124,-3.682544,-8.566521,-1.390570,-8.866102
vacancy_1116,-7.246530,-3.522261,-1.703099,-3.849245,-0.336759,3.824273,-4.856980,-1.025735,-3.363333,-6.951914,-7.363548,-9.392155,-7.372129,7.334259,-9.981493,5.620513,7.891333,1.771451,-8.793438,5.665763,-3.568779,-0.717883,7.431303,-10.020181
vacancy_1117,-9.913382,-6.310122,-7.815546,-6.066680,-6.190323,-5.731058,5.228850,1.560903,-4.720710,-7.881596,-0.954034,-8.853124,6.100976,8.676080,-3.567815,1.153817,-4.263165,5.683681,-9.214077,-0.224428,2.513222,-0.349546,-6.829771,-5.499161
vacancy_1118,0.483130,-5.754991,4.849304,2.828486,8.343834,-9.577766,6.304748,0.252991,-1.760094,-0.637001,-7.308559,-8.257137,5.489033,2.641076,-1.451722,1.095643,-2.296681,-2.109352,-5.770735,7.153778,-0.095281,2.208156,2.136185,-5.828914
vacancy_1119,-6.743605,2.469686,1.239138,4.041096,-2.875342,-4.460088,5.221862,-5.071636,-7.663425,-4.555752,-8.174880,1.468238,8.227320,5.723449,-0.327826,9.020018,-0.075552,-2.327833,-0.206078,8.540797,-4.992876,-3.094826,-5.101577,4.083755
vacancy_1120,-8.577263,2.602189,-0.105058,3.892150,-2.937712,-4.224297,5.103805,-4.565133,-8.259288,-2.874178,-7.706435,1.139165,8.969958,5.119249,-1.307931,8.603953,0.057517,-3.756338,-0.892690,7.382833,-4.541609,-1.563983,-5.508303,4.697564
vacancy_1121,-4.536659,5.097582,6.843494,9.232330,-7.202391,-3.148206,-4.995230,9.123873,9.979743,5.597147,-4.132700,-8.143817,3.501194,0.955451,-3.093537,8.954414,5.564444,1.729082,0.561719,4.725884,8.579858,-6.753702,-4.901563,-7.711110
vacancy_1122,-5.621335,5.706346,7.271753,9.500048,-6.901213,-2.949140,-5.879583,8.779244,9.260593,6.614001,-3.550965,-8.399709,4.465110,0.382729,-2.421941,8.394968,6.521201,2.816828,-0.427942,3.699851,9.841125,-6.349762,-4.679195,-7.988312
vacancy_1123,5.148451,-1.078314,4.016188,2.524042,-6.866245,-1.092267,8.666909,8.386658,-4.391092,4.801986,-9.447949,11.167413,-5.430237,-3.087540,2.589089,6.824894,9.327983,4.190644,1.626419,6.081243,-9.532403,5.599543,-4.267213,2.462464
vacancy_1124,-7.447398,-3.952616,-3.014951,-4.502604,-0.969038,4.359197,-3.374386,-0.954732,-3.855049,-7.903245,-8.188868,-8.946552,-7.788319,7.156704,-9.641502,4.151839,7.781861,0.203985,-7.963641,4.960000,-2.162912,-0.448029,7.581846,-9.718348
vacancy_1125,-9.043821,-6.073126,-9.090786,-6.169117,-5.902826,-6.033975,5.552726,1.855922,-4.031953,-8.645144,-0.081616,-10.779158,6.474567,10.109814,-2.500729,1.180070,-5.389008,5.359142,-9.966260,-0.519196,1.537271,0.341569,-7.926136,-5.608963
vacancy_1126,-9.038511,-5.183972,-9.103582,-6.217186,-5.803394,-6.072090,6.234835,2.702978,-4.488406,-8.251044,-0.121422,-8.959748,5.525371,8.275442,-2.954760,2.367404,-4.818851,4.540739,-9.802759,-0.935653,2.626096,0.226890,-7.778924,-5.406296
vacancy_1127,4.021248,-1.963604,3.929859,2.764977,-7.515200,-1.419268,8.309117,8.634096,-3.610902,2.209460,-8.905667,10.745561,-5.946242,-2.034550,2.418925,7.129340,9.578699,4.301353,0.446910,5.824094,-9.189852,5.648751,-6.260505,3.308477
vacancy_1128,-9.521092,-4.993245,9.144760,-0.413677,6.359908,3.860416,1.512616,4.086907,7.658637,-4.635190,6.592795,-9.786768,-5.336757,-5.016442,2.118259,3.618673,-9.682899,-5.286362,-0.945239,-5.309235,2.609043,7.263650,-8.326724,2.894227
vacancy_1129,-2.696505,5.713682,4.455103,0.645032,4.062665,0.565673,-8.762216,4.795082,3.298721,-2.385612,-5.176970,-7.674335,-10.429760,8.934177,-3.025559,6.826033,-1.575622,-7.881939,-3.538451,9.224261,-2.534650,-9.122978,-2.031433,-9.586350
vacancy_1130,0.285827,-4.984130,4.635649,1.904586,8.835876,-9.333451,6.412012,0.503246,-1.406240,-0.828574,-7.289693,-8.971467,5.936205,3.600206,-0.998507,1.499306,-1.844076,-1.739076,-5.504169,6.128500,-0.089146,2.449808,3.685067,-5.420322
vacancy_1131,-3.374385,6.090709,6.795405,8.410883,-6.674798,-2.199470,-6.049265,8.261704,8.023980,6.545395,-4.044761,-8.077787,4.107213,0.171399,-3.571033,7.872638,6.337978,0.838974,0.593781,4.161966,9.055131,-6.975955,-5.341759,-8.566176
vacancy_1132,-7.128568,1.777264,1.299477,4.681967,-3.036036,-3.969853,5.238076,-5.896176,-7.426740,-4.180175,-8.062964,1.429653,9.046575,6.421720,-0.962313,8.845991,0.720676,-3.007054,-0.367384,7.015733,-5.141387,-1.979572,-6.710625,3.645006
vacancy_1133,-3.169647,5.620854,5.345500,0.155004,4.101876,1.831862,-9.355979,5.989182,1.252147,-3.399646,-5.797512,-7.589264,-8.130070,7.808058,-3.619553,6.670778,-2.131739,-6.534193,-4.135721,7.767351,-2.957175,-8.397373,-2.409252,-9.330109
vacancy_1134,-8.766648,-4.331412,-2.717735,-2.978058,-1.693635,4.048748,-4.224817,-0.105562,-3.233063,-6.753831,-6.255330,-10.270917,-7.971893,7.205661,-9.559359,4.801735,7.389458,0.161768,-8.791462,5.872275,-2.388945,-0.078084,7.924590,-8.906439
vacancy_1135,5.513687,-2.968818,4.569534,0.651229,-6.677534,-1.523731,7.097244,9.242488,-5.847657,2.561886,-7.194711,10.976987,-4.605984,-2.103555,1.660485,7.897038,9.835596,4.500527,1.082478,5.686114,-8.225808,5.634156,-4.709039,1.754211
vacancy_1136,-8.311080,-5.640205,-8.223539,-5.436020,-6.167068,-3.859597,5.247605,2.576335,-4.437361,-9.077377,-1.390221,-9.453362,5.202012,9.188079,-2.349738,2.901435,-3.727220,4.748689,-9.515218,-0.615654,2.104609,-0.300491,-7.110773,-5.633030
vacancy_1137,4.875387,-0.642140,4.625721,1.830679,-8.081925,-1.763573,8.761111,8.299026,-6.299844,2.892098,-8.036530,9.783335,-4.716042,-1.688527,2.096847,6.917574,9.784706,3.931353,0.898653,5.869479,-9.250032,5.170123,-4.027522,2.744567
vacancy_1138,-9.257321,-3.486447,9.695156,0.572576,5.906764,3.749940,1.871205,5.136062,6.859867,-5.378702,5.985233,-9.076279,-6.097393,-4.534058,1.443984,4.103730,-9.260572,-4.331048,0.207273,-6.634016,3.375333,6.640772,-6.614397,3.023555
vacancy_1139,3.774335,-0.232371,4.181363,1.071473,-6.722153,-1.701548,8.937038,7.829767,-5.796604,3.675722,-8.795908,9.646930,-5.946296,-0.826293,2.453936,7.398988,9.484910,4.399740,1.160339,4.468212,-8.439021,4.579295,-5.689615,1.585056
vacancy_1140,-2.542266,5.669200,5.433767,1.070769,4.937216,2.181319,-9.289059,5.384120,2.895678,-2.823407,-5.546275,-7.015072,-9.979615,8.703223,-3.103280,6.612097,-1.661531,-7.031728,-3.967902,9.447497,-2.134605,-7.933249,-2.226922,-9.445776
vacancy_1141,-7.768134,1.777698,0.620391,2.598167,-4.760725,-5.247630,5.457295,-4.644581,-6.495792,-5.494259,-7.497534,1.513532,8.204998,7.178225,-0.687608,9.622410,1.074046,-2.640261,0.048799,7.807266,-5.173082,-2.198726,-6.224142,3.693537
vacancy_1142,-8.530726,-5.276169,10.442319,0.773532,5.354923,3.153320,0.640680,4.783637,7.027539,-2.844393,6.378697,-10.529894,-4.902717,-3.989829,3.220297,2.279651,-8.605496,-5.076190,0.536040,-6.374890,2.266084,7.563854,-7.611228,3.570063
vacancy_1143,-3.730974,5.223411,5.478942,1.300997,5.466591,1.116989,-8.738957,4.483747,2.291641,-3.925736,-6.073112,-6.696637,-10.103114,9.552454,-1.617636,7.258654,-2.120967,-7.254993,-4.866296,8.153542,-1.999346,-8.098590,-1.653960,-9.381324
vacancy_1144,-6.672923,-4.363205,-2.737955,-4.298725,-1.276848,3.413202,-4.472031,-0.236284,-2.875796,-7.143512,-7.458409,-9.542191,-7.346845,7.210265,-9.763941,4.747330,7.275836,-0.203633,-8.907811,5.365698,-0.792492,-0.538536,7.939861,-9.399136
vacancy_1145,-7.857729,1.799754,1.257993,4.231851,-3.588231,-3.938027,4.735519,-4.571969,-7.657992,-3.419760,-9.459331,0.988564,9.128045,6.820854,-0.911796,7.804317,-0.054282,-2.513867,-0.488944,6.955335,-5.946690,-2.904450,-5.698038,5.857896
vacancy_1146,-9.242725,-7.480810,-7.787129,-5.618790,-6.131610,-5.460128,6.615217,1.595944,-3.805687,-8.260605,0.801347,-8.402006,7.209437,9.061898,-2.985222,2.457562,-4.332224,5.840727,-9.953958,-0.174421,2.873170,-1.163142,-7.019540,-5.026112
vacancy_1147,-8.398834,-6.840877,-9.190305,-3.895560,-5.154794,-5.279867,5.446085,2.090805,-3.980585,-10.067204,-0.356204,-8.544017,6.242753,8.917482,-2.330272,1.055587,-4.401393,5.421757,-9.228916,-0.448950,1.640097,0.095864,-6.882636,-5.099786
vacancy_1148,-3.700690,4.445305,6.889252,10.661599,-6.563579,-2.588726,-4.753726,9.974136,9.139617,6.632610,-3.185834,-8.491731,4.308882,0.654535,-2.776386,8.161463,7.094230,2.322816,0.625222,3.616980,9.472178,-6.874241,-4.266129,-7.896324
vacancy_1149,4.088729,-1.141902,4.059647,2.106886,-8.090618,-1.872016,8.025816,9.240617,-5.431288,2.566369,-8.028986,10.873247,-4.454461,-2.101678,2.630256,6.566543,9.689267,3.620492,0.985258,5.922785,-9.857622,5.685993,-5.029891,1.851199
vacancy_1150,-9.832003,-3.725399,10.262006,0.784552,4.572722,2.553311,2.301006,4.329423,7.312146,-4.914265,6.964175,-9.852355,-4.038919,-5.227692,3.395870,4.507765,-9.033203,-4.644562,-0.682934,-6.173393,1.659464,7.273791,-8.403970,2.563551
vacancy_1151,-9.039166,-5.451462,-8.275516,-4.091157,-5.923539,-6.076778,6.740981,3.040528,-5.037021,-8.440636,-1.171223,-9.458874,6.375382,9.507576,-2.177397,1.126987,-4.471804,5.857100,-10.429915,-0.367742,2.324383,0.680571,-7.662267,-5.872032
vacancy_1152,-3.087695,5.291629,5.497759,0.705155,3.802363,0.473892,-9.159691,5.672574,2.631685,-4.288565,-5.303328,-6.112492,-9.088091,8.945056,-2.625726,6.525431,-1.365829,-6.682743,-3.390795,7.811256,-2.799874,-7.531731,-3.087815,-9.480437
vacancy_1153,-0.828593,-5.482548,4.531163,1.498998,8.908149,-9.754744,6.028653,0.129341,-1.318989,0.214133,-7.307475,-7.669187,4.636597,3.149893,-1.502285,0.382264,-2.130321,-2.201701,-6.280596,7.545830,0.535655,2.905438,2.621222,-6.656368
vacancy_1154,-8.087832,-6.468792,-8.105794,-6.066031,-6.744214,-5.424130,6.111703,2.708303,-4.983908,-9.204580,-1.788421,-9.051702,6.452965,10.457915,-3.056890,0.593223,-4.593614,5.151542,-9.580598,-0.778438,2.016674,0.588414,-7.504403,-5.211672
vacancy_1155,-0.543756,-4.160857,5.075395,2.944626,7.737439,-8.718793,6.551466,0.106178,-1.475964,0.031963,-8.000672,-8.424873,3.654152,3.713304,-1.701388,0.017839,-2.717513,-1.208211,-6.326673,7.531197,0.556169,3.387963,2.846013,-7.629083
vacancy_1156,4.012470,-0.766376,3.934087,1.427364,-6.891733,-1.220781,8.874821,9.099173,-6.156470,2.736197,-7.375265,8.788468,-5.621772,-3.572750,2.275220,8.157990,9.248815,3.494558,-0.191030,4.246433,-9.017499,5.308298,-4.279498,2.738919
vacancy_1157,-5.460840,4.451883,5.966002,10.213320,-7.365993,-2.574258,-4.041551,9.437585,9.673889,5.485645,-3.075245,-9.784012,4.231454,1.789204,-4.714307,7.756671,7.366190,2.088716,-0.601490,4.634692,9.207871,-6.822397,-4.599239,-8.190597
vacancy_1158,4.849429,-1.671544,3.979529,0.930364,-6.167066,-2.039287,7.577646,8.348738,-4.791775,4.034122,-7.549318,9.809633,-5.271553,-1.116168,2.752918,6.552107,10.289950,4.093779,0.684996,6.934900,-8.130903,4.487661,-5.199558,1.771002
vacancy_1159,-0.770092,-4.363828,3.950445,2.566850,8.152750,-9.820818,6.821031,0.906820,-1.946583,-0.936296,-8.039038,-8.542143,4.868915,4.104168,-1.302085,-0.797797,-2.534229,-1.038263,-6.084314,6.397902,0.870456,3.831428,2.261962,-6.912232
vacancy_1160,-6.843137,-3.253173,-1.332396,-4.160959,-0.688944,3.741659,-3.498156,-0.961130,-2.048761,-7.470287,-7.545062,-9.898009,-7.233962,7.267464,-10.372499,5.474302,8.210949,1.707271,-9.229429,5.145767,-2.345341,0.008760,8.124436,-10.621018
vacancy_1161,-8.733691,-5.698057,-8.716837,-5.858204,-6.477411,-5.384247,5.754976,1.727102,-3.914493,-8.708734,-0.989991,-8.780358,6.884593,9.689088,-2.663966,2.039817,-5.226406,5.007086,-9.324535,-0.963996,2.604618,-0.195805,-6.950414,-5.105217
vacancy_1162,-6.513532,1.148843,0.177964,4.470726,-3.860383,-4.114259,4.989528,-4.229841,-8.622520,-3.981429,-7.320385,2.104459,9.038412,6.588782,-0.960874,9.756592,1.825658,-2.750532,0.528554,8.966711,-4.629518,-2.313362,-6.049489,5.316324
vacancy_1163,-7.515602,-4.017217,-1.946944,-3.547930,-0.903374,4.216649,-3.474810,-0.440415,-2.020692,-6.555717,-6.209300,-9.429209,-8.202960,7.046506,-8.513159,4.754217,8.101566,-0.361529,-8.284372,5.499504,-1.382789,-0.067936,7.853614,-9.507752
vacancy_1164,0.004327,-4.676652,4.247797,2.895542,8.727043,-10.120356,6.992252,-1.084582,-1.589441,0.291195,-7.714056,-8.536840,4.215300,2.911817,-3.037620,0.646394,-2.537953,-1.419921,-5.204891,5.997366,-0.010491,3.303350,2.596967,-6.184615
vacancy_1165,4.000125,-1.488233,4.678501,1.509967,-6.696234,-2.105893,8.358863,8.080698,-6.584799,3.817971,-7.957467,9.825883,-5.333598,-1.975401,1.448059,7.282854,9.240236,4.260517,0.163548,5.625939,-9.254222,5.005664,-5.454009,2.843759
vacancy_1166,-2.792966,4.025518,6.307344,1.021342,4.458585,1.551402,-8.044783,5.153587,2.548262,-4.045905,-6.284610,-7.945523,-8.854827,10.004172,-2.010985,7.272824,-2.478484,-8.013823,-5.032295,9.572669,-3.320438,-8.340506,-2.471754,-9.368836
vacancy_1167,-7.692356,-5.056615,-8.583096,-4.594143,-5.899799,-5.428845,5.685353,1.684577,-5.118184,-9.814573,-0.902088,-10.136984,6.636030,9.644953,-3.013630,1.372090,-2.619442,5.351904,-10.547026,0.840821,1.153830,0.351994,-7.226384,-4.914478
vacancy_1168,-7.467314,1.391169,0.756379,3.272512,-2.321818,-3.903669,4.371056,-4.069737,-6.697012,-3.938910,-8.110845,2.050952,9.229658,5.800454,-0.302929,7.753318,0.550639,-3.217109,0.478155,8.033785,-5.694433,-2.196488,-5.047504,4.254702
vacancy_1169,-7.631700,-3.695585,-1.632214,-4.586281,-1.104380,3.984723,-3.019670,-0.680587,-3.407209,-7.937093,-7.428353,-8.801696,-7.121205,7.220085,-10.027651,5.134282,6.855724,1.053101,-8.911415,4.934959,-1.257143,-0.438242,8.617740,-9.135854
vacancy_1170,4.245904,-1.334597,3.808473,1.659178,-8.323663,-1.649958,8.219439,8.720766,-4.603577,2.589102,-8.597972,9.902307,-5.992348,-2.087052,2.213197,6.974981,9.420118,4.163562,-0.445991,4.439261,-7.601619,4.954420,-5.543022,2.366592
vacancy_1171,0.696378,-4.819147,4.676163,1.979789,8.562806,-9.021781,6.177289,-0.232698,-1.538810,-0.716165,-7.330144,-9.888429,3.847264,2.816630,-1.880086,0.746929,-2.857653,-1.724333,-6.165078,5.640671,0.804691,2.101250,3.639210,-5.775054
vacancy_1172,0.458054,-4.274297,4.879086,2.258825,8.145719,-9.367173,7.493791,-0.465643,-0.922414,-0.884019,-8.555848,-8.769443,4.210630,4.432690,-2.541655,0.528845,-1.824541,-1.851161,-5.216953,7.402621,0.374490,1.969796,2.492598,-6.069013
vacancy_1173,-2.353870,5.573400,4.934151,1.473677,5.271974,2.114445,-9.052547,4.041418,1.854227,-3.774630,-5.917365,-7.090330,-8.696368,9.652965,-1.746824,6.599302,-1.945398,-7.219798,-3.466074,8.984105,-2.728803,-7.321467,-3.372129,-9.208519
vacancy_1174,-9.274048,-6.209414,-9.716002,-5.405656,-6.022679,-5.558281,6.138992,1.718898,-5.363596,-8.987377,-0.411255,-9.838305,5.341174,8.494695,-3.064060,1.877310,-3.201437,5.103241,-9.978596,2.080083,1.572177,-1.095918,-8.136094,-5.382068
vacancy_1175,-9.074127,-5.204783,10.568100,0.157043,7.671481,3.680794,2.500943,5.133153,7.778895,-3.902223,6.518397,-9.572839,-3.953962,-4.473318,1.237985,4.031581,-8.940470,-4.109291,-0.077129,-5.892705,3.467314,7.029145,-7.676388,3.835321
vacancy_1176,-7.693614,-3.997571,-3.236786,-4.377064,-1.371550,4.407470,-3.817531,-0.282160,-3.301641,-7.878943,-8.704448,-10.180188,-7.515679,6.946163,-9.847317,4.315080,7.597901,1.383001,-8.558751,4.972074,-1.747474,-0.393796,7.824605,-9.419010
vacancy_1177,-3.403370,6.078359,4.675361,1.419619,5.019708,1.798554,-8.631478,6.146366,3.242931,-2.789646,-5.756984,-6.742988,-9.620886,8.782854,-2.638260,7.657726,-1.829215,-7.065360,-4.138196,9.783029,-3.486938,-7.650431,-1.945563,-9.036117
vacancy_1178,-10.712810,-4.544368,9.574289,0.027266,5.950266,3.574896,2.343288,4.443236,7.795664,-4.904966,6.304969,-10.625787,-5.572755,-5.145167,2.013155,3.726373,-10.287161,-4.319212,1.423237,-5.979587,2.020731,7.855226,-8.162659,3.837688
vacancy_1179,-0.092006,-6.095367,4.712742,1.460753,9.167317,-10.136562,6.933205,-0.260981,-0.816919,0.250635,-7.394207,-7.228946,4.194057,3.156757,-2.809600,0.761049,-3.012362,-1.809881,-4.535247,6.199257,0.525029,3.348147,4.113336,-5.010532
vacancy_1180,-4.137224,4.727540,6.490877,8.724497,-6.294254,-3.673920,-4.698879,9.312384,8.985408,6.520500,-4.004703,-7.826571,3.889310,0.679753,-3.518768,8.062894,7.349284,2.236946,-0.803155,4.017341,8.989221,-6.477169,-4.982242,-7.750632
vacancy_1181,-3.485815,4.723003,6.653014,9.462073,-6.262843,-4.864588,-4.978138,8.453522,9.650576,6.947667,-4.293338,-8.327706,4.147461,0.117957,-3.861891,8.446263,7.333281,1.491096,0.347067,4.394353,9.914790,-7.588582,-5.685816,-8.461904
vacancy_1182,-7.265330,-2.874497,-1.815333,-4.534494,-0.543849,4.260151,-3.967471,-0.370690,-3.487197,-8.174297,-7.062118,-9.755245,-6.582498,7.469256,-10.676768,4.824877,7.917674,1.031675,-9.203478,4.549314,-1.350196,-0.781267,8.842682,-9.307981
vacancy_1183,-5.132590,4.339189,6.534818,10.678744,-6.344999,-3.242952,-5.534356,9.043432,8.119881,6.496439,-2.713225,-9.000982,4.486459,-0.258518,-2.976942,6.884736,7.540953,2.190418,-0.261632,4.594812,8.617015,-7.131750,-4.447677,-7.326503
vacancy_1184,-8.816052,-6.926753,-8.376171,-5.401245,-5.440431,-5.182379,6.277660,1.075512,-5.286515,-8.366938,-0.573835,-9.364361,6.146159,8.935491,-2.983787,1.561361,-3.890203,4.727475,-10.074669,-1.149641,2.010041,0.434730,-8.427791,-5.831121
vacancy_1185,-8.975163,-6.488387,-8.568980,-5.478740,-6.529069,-5.255362,5.231962,2.223801,-4.974935,-8.424705,-0.601425,-10.278827,7.012378,8.632757,-2.226149,1.766746,-4.121336,5.219604,-9.669797,0.226293,1.754014,-0.477537,-6.898929,-4.641233
vacancy_1186,-9.078405,-6.249883,-8.359790,-4.526401,-5.954694,-6.681634,5.982520,2.040396,-5.018319,-8.363216,0.135388,-9.952729,5.896925,8.924145,-1.973167,1.075943,-3.943711,6.405537,-9.960545,-1.930200,3.003066,-0.363642,-7.514773,-5.828836
vacancy_1187,-3.442773,4.432515,6.620199,10.063997,-7.276594,-4.401605,-5.124082,9.177305,8.734206,6.536533,-4.878054,-7.981819,5.008680,-0.135273,-3.585134,9.418094,7.996749,2.263867,-0.304627,3.428477,8.777270,-7.091264,-3.984258,-8.125795
vacancy_1188,-6.833290,1.001672,0.275432,3.410717,-2.043038,-3.882284,4.515626,-3.999158,-6.968770,-3.986637,-8.393434,0.670436,8.299067,6.864839,-1.685619,9.608190,0.415419,-2.388546,1.734750,6.650683,-5.503188,-2.726000,-7.523864,4.016000
vacancy_1189,-8.100856,-5.454441,-8.937645,-6.545025,-6.165566,-4.972606,5.126154,2.823349,-4.293168,-8.594280,-1.311603,-10.356869,6.543996,9.215573,-2.659108,2.370925,-4.569195,5.857121,-9.092245,-0.173684,2.631772,0.512640,-7.526447,-5.056262
vacancy_1190,3.703477,-0.802420,3.775114,2.065518,-7.103840,-1.521816,8.214939,9.085837,-5.875681,3.150830,-7.858654,9.016427,-5.599077,-2.936633,3.338167,6.306177,9.933208,3.775413,1.024356,5.838172,-8.791229,5.081937,-4.851542,2.710371
vacancy_1191,0.233937,-5.331196,3.970918,1.833240,8.598373,-9.487127,6.133640,0.576445,-1.265443,0.126901,-6.966145,-7.599072,4.773413,3.115381,-2.315468,1.228739,-1.977667,-1.555074,-6.364231,6.066089,-0.256545,2.152494,2.974300,-6.507086
vacancy_1192,3.568306,-1.770509,1.952432,1.017170,-6.568731,-1.595538,8.274998,9.124477,-5.634403,1.673652,-7.190410,10.478639,-4.364042,-1.589383,2.079831,6.725939,10.438142,3.825386,-0.058755,6.017461,-9.378391,4.791221,-5.511487,2.828209
vacancy_1193,-9.132943,-3.809716,8.647105,0.167150,5.386686,3.765493,1.973984,4.634934,8.335335,-4.543298,7.339870,-9.765010,-4.798393,-3.789469,2.577075,3.119371,-8.272308,-5.450119,0.163108,-5.606305,2.604295,7.624041,-8.586807,2.647200
vacancy_1194,-10.702738,-5.830037,-8.859385,-5.908899,-6.442664,-5.169290,5.566221,1.998194,-5.234362,-8.215246,-1.029033,-9.331216,7.094586,8.449300,-2.831297,2.043704,-4.856966,5.746578,-10.232356,-0.001097,1.722006,-0.751501,-7.762061,-5.964835
vacancy_1195,-4.021700,3.873393,7.283776,8.614574,-5.573667,-3.530709,-4.306035,9.865113,10.825255,5.547510,-4.559385,-8.166816,4.405748,0.066638,-3.704496,8.535915,6.131533,2.572623,-0.149577,4.983527,8.709663,-6.741982,-3.497034,-6.965999
vacancy_1196,-3.637267,5.571154,6.147175,9.460461,-6.878900,-3.705512,-5.028970,8.489898,9.319105,6.029224,-3.729954,-8.401077,4.475387,0.443301,-4.222349,7.893717,6.579781,2.246155,1.404303,5.801376,8.774029,-6.254326,-5.150386,-7.631512
vacancy_1197,3.439962,-2.656266,3.605007,1.924156,-6.488085,-1.208886,7.893537,7.340768,-5.379723,3.135058,-8.058486,9.909321,-3.991012,-1.452537,2.081760,7.137611,9.586813,3.666258,1.392228,5.238880,-7.717355,4.645430,-6.408186,2.226697
vacancy_1198,-6.976389,1.311048,0.992393,4.227244,-3.545535,-4.153653,5.554925,-5.138657,-7.413248,-3.468752,-6.842545,1.186180,8.885493,5.861862,-0.382794,9.302834,0.679600,-3.294107,-0.353764,7.111716,-6.007735,-1.613582,-6.265669,4.538948
vacancy_1199,-4.103628,5.503379,6.899678,9.983818,-6.384454,-2.849254,-6.116147,9.874283,9.489532,6.357865,-5.163738,-7.331159,5.307166,-0.124422,-3.184056,9.307843,7.571974,2.077277,0.124128,3.958971,7.622322,-6.689276,-6.418764,-7.593222
vacancy_1200,-1.604901,-4.490432,4.631137,2.855087,9.789549,-9.530587,6.133909,-0.028378,-1.979464,-0.511285,-7.235656,-8.445221,5.256414,3.946977,-2.500325,0.508261,-1.620333,-1.274971,-6.362385,6.971593,0.440318,2.135858,1.962625,-6.548583
vacancy_1201,0.190057,-4.412300,3.884218,2.366327,9.177283,-9.276753,6.577117,0.558736,-2.371690,-1.414367,-7.639589,-8.752997,5.055920,3.955286,-1.639024,0.120723,-1.414155,-2.089830,-6.521264,6.848692,-0.237569,2.089056,3.495158,-5.645443
vacancy_1202,-3.680840,5.414626,6.008707,0.997343,3.852218,1.098113,-9.046349,5.536427,3.325994,-4.250386,-4.993831,-7.839684,-10.269034,8.663801,-3.441454,6.066521,-1.593790,-6.896943,-3.865664,9.681380,-2.501116,-8.095894,-3.560329,-8.699480
vacancy_1203,-9.264850,-4.012925,9.768152,-0.155217,5.400286,3.213598,1.159429,3.688155,7.822206,-4.667031,6.987256,-9.593270,-4.611961,-6.305607,1.883863,3.051241,-9.029913,-5.069348,0.365899,-5.829781,1.945090,7.105777,-7.964174,3.137169
vacancy_1204,-2.110277,5.409921,6.601371,0.357501,5.790046,0.834459,-8.311026,5.328869,3.149513,-3.207621,-4.896225,-6.993812,-9.713348,8.736397,-2.120971,6.802317,-1.730620,-7.203076,-4.916083,9.234963,-3.280244,-9.091424,-2.264158,-9.343984
vacancy_1205,-9.697222,-5.526945,-9.154742,-4.762911,-6.456337,-5.931290,5.504408,2.040745,-4.780837,-8.903479,-0.316319,-8.793509,6.851972,9.423368,-3.701555,0.961610,-4.054898,5.423551,-10.680729,0.217356,2.058379,0.373420,-7.484830,-4.885925
vacancy_1206,-9.183497,-6.838149,-8.238438,-5.286446,-5.322522,-4.943248,6.249435,1.924206,-4.206997,-8.576853,-0.083240,-9.801697,5.724647,8.996591,-3.273027,0.949218,-5.221135,5.436331,-9.696316,-0.260513,1.570999,-1.106271,-7.439950,-5.943375
vacancy_1207,-7.104097,-3.366004,-2.338212,-3.895819,-1.688678,3.658203,-3.695744,-0.844008,-1.835906,-7.957282,-8.276029,-10.090758,-7.574903,7.346021,-9.971020,4.491416,6.726370,0.319507,-9.895044,5.100811,-1.802517,-0.362518,7.912286,-8.946800
vacancy_1208,-3.817659,4.227762,7.114541,9.664725,-7.468546,-2.329994,-4.511468,10.500671,10.239136,6.846053,-4.618200,-8.619808,4.762729,0.199989,-4.232402,7.962733,6.688612,2.284673,-0.459001,3.185887,7.483322,-7.283527,-3.830670,-7.487465
vacancy_1209,-2.949111,4.656941,5.836600,-0.680563,4.764307,2.132875,-9.047001,6.324868,2.109627,-4.186057,-6.144525,-6.940167,-10.023374,7.968910,-3.138277,5.253270,-2.705469,-6.401279,-2.971343,9.324610,-2.337097,-8.151690,-2.274636,-9.181882
vacancy_1210,3.954508,-2.015200,4.579607,0.807148,-6.731457,-1.231740,7.869425,8.337131,-5.181518,3.302792,-7.763140,9.764475,-5.027437,-2.324247,1.683955,6.949540,9.510577,4.439288,0.572467,5.550496,-9.261070,5.607961,-5.406286,2.201859
vacancy_1211,-7.350920,1.254084,0.741941,3.568178,-3.178224,-4.627936,5.042644,-4.138546,-8.380770,-2.699128,-8.842577,0.736303,6.891296,6.855358,0.143354,9.432289,0.412761,-2.647554,-0.734480,7.968957,-5.806682,-2.531031,-5.832807,4.260893
vacancy_1212,5.322888,-0.772964,3.866042,2.298188,-7.808745,-1.729629,8.153141,9.020102,-6.412735,3.789532,-7.653440,10.001969,-3.967551,-2.224748,2.523846,6.617583,9.589660,2.203340,0.436653,5.703692,-9.022731,4.627784,-5.434132,2.889722
vacancy_1213,-0.353639,-4.652140,4.268097,2.893161,9.338403,-9.107670,7.244399,-0.289868,-2.123543,-0.629576,-7.632571,-8.046675,3.975406,2.542457,-1.652953,0.204891,-2.863065,-2.140310,-4.906295,6.343299,0.620550,2.199888,3.470226,-5.861666
vacancy_1214,-7.302138,0.983549,0.353341,4.380960,-4.039421,-4.081530,6.522926,-4.919008,-7.409096,-4.623066,-8.136711,0.439291,8.863320,5.482667,-2.198998,9.153723,0.268431,-3.620411,0.905351,7.461337,-5.659082,-3.046269,-6.560772,4.343210
vacancy_1215,-9.399890,-7.353110,-7.468845,-6.365666,-6.539622,-6.334613,5.837300,2.426276,-3.674921,-8.580489,-0.571495,-10.598763,6.032602,9.548582,-3.165160,2.804804,-4.342826,6.089846,-9.252087,0.592093,2.796860,0.021320,-8.722051,-5.480105
vacancy_1216,-4.759667,3.840805,6.155186,9.070316,-6.000380,-3.334990,-5.544000,8.982943,8.352215,5.876465,-4.475362,-7.205224,4.483697,0.159127,-3.792486,7.897455,6.860566,1.931694,-0.510467,4.274637,8.200404,-6.713430,-3.682610,-7.787752
vacancy_1217,-6.091922,2.270179,1.009144,3.507029,-2.539109,-4.301787,5.951221,-4.944357,-8.028428,-5.211771,-9.213631,1.013220,8.714925,7.625193,0.010600,8.717171,0.984818,-3.751742,-0.293575,7.756643,-6.542566,-2.580900,-6.679456,5.541234
vacancy_1218,-3.071762,5.461414,5.311217,0.975370,5.729250,0.682315,-8.824881,5.181754,1.657379,-3.398825,-5.298007,-7.638212,-9.673552,9.364092,-3.196795,7.185733,-1.385017,-6.614461,-3.246304,9.086552,-3.694525,-7.842242,-3.748610,-9.732478
vacancy_1219,-2.602000,5.571703,6.033427,0.140583,4.959360,1.957552,-8.876624,5.817815,1.813416,-3.974779,-6.535338,-7.005085,-9.509006,9.233858,-2.469804,6.963741,-2.050253,-7.080113,-4.431311,10.002345,-3.238349,-7.722933,-3.291469,-9.605014
vacancy_1220,4.485398,-1.577977,3.932537,1.969034,-6.927331,-2.612468,8.542021,7.888340,-6.208677,3.688345,-7.130937,10.118760,-5.934697,-1.163348,2.668127,6.435187,10.730447,4.002764,0.503505,6.059110,-8.568849,4.649974,-5.604746,2.322155
vacancy_1221,-8.022399,2.115911,0.237247,2.598805,-4.144796,-4.784681,5.582127,-4.936034,-7.224609,-3.985582,-8.116809,0.569573,8.450960,6.888799,-0.705460,9.634804,-0.028882,-3.407533,0.786234,7.091680,-5.499519,-2.919963,-6.686225,4.244273
vacancy_1222,-8.460066,-4.972952,9.398396,-0.216449,7.119630,3.956634,2.401863,3.693537,7.504059,-5.533808,7.181506,-10.737902,-4.657967,-3.886375,1.289905,3.713926,-9.402118,-5.000598,0.421491,-6.379632,2.866236,7.429708,-7.405742,2.301158
vacancy_1223,-7.085578,0.664950,0.049382,3.614344,-1.990408,-4.550220,6.367259,-4.434589,-7.007498,-4.293835,-9.170106,0.876377,8.170856,6.864581,-0.838920,9.360273,0.576455,-3.289544,1.127290,8.220339,-4.535833,-2.977037,-6.065430,4.404868
vacancy_1224,2.718510,-1.006340,4.109107,0.671972,-6.642832,-2.881789,8.370983,7.290670,-5.184524,3.288212,-8.307897,9.722933,-4.893793,-1.406300,2.119134,7.789512,9.827611,4.132830,0.853537,5.598610,-9.625161,6.128000,-4.595441,2.430274
vacancy_1225,3.847694,-0.119981,2.744887,1.837435,-7.991108,-1.881020,8.659041,8.033903,-5.085227,3.090954,-8.407984,9.863825,-4.380195,-2.169384,2.736323,7.252205,8.575167,4.445979,-0.058435,5.378926,-8.909114,6.400112,-4.757243,2.893490
vacancy_1226,-8.465691,-5.692338,-7.362751,-5.380171,-5.804617,-4.565597,6.734640,2.900029,-4.822594,-8.466122,-0.572679,-8.476365,6.842863,9.972793,-3.457813,2.406821,-5.216285,5.413705,-9.002094,-0.028207,1.247579,0.090831,-7.417737,-5.713572
vacancy_1227,-7.059354,2.163134,0.636359,3.947128,-2.018917,-4.418542,5.137056,-5.599496,-6.940416,-3.291230,-8.623593,1.463455,8.070160,6.372845,-0.350188,7.806205,0.182362,-1.952310,0.408808,8.761054,-5.513490,-2.013509,-7.206333,4.536495
vacancy_1228,-6.828718,-3.737607,-0.903876,-4.110443,-0.356430,4.093833,-4.058440,-1.464280,-0.943911,-7.031680,-9.359638,-8.385602,-6.796782,6.956354,-10.418986,4.621792,6.479485,0.851524,-8.854712,5.135538,-2.977873,0.045771,8.027377,-9.225755
vacancy_1229,-8.397555,-7.212117,-7.482589,-5.329284,-6.581643,-6.027115,6.442136,1.621064,-4.716965,-8.943369,-0.786946,-9.452861,5.320828,9.375696,-3.001067,2.023628,-4.478415,5.982445,-9.757151,-0.031099,3.253955,1.579545,-7.707494,-5.728589
vacancy_1230,-1.805888,5.487705,6.901976,0.798160,5.066456,2.085452,-8.791254,5.450591,2.637923,-2.879154,-6.447369,-7.085387,-9.253920,9.017948,-2.914010,7.306639,-2.457187,-5.974210,-4.473800,9.989160,-3.387044,-7.832256,-2.597749,-8.323612
vacancy_1231,-9.596639,-5.282360,10.165590,-0.159779,6.577803,3.446836,2.763524,5.321678,8.024003,-5.448436,5.836877,-9.387867,-4.553563,-4.093395,1.439295,3.484457,-8.795141,-4.906613,-0.726049,-6.377475,2.948122,6.677480,-8.131464,2.299043
vacancy_1232,-6.946739,-3.624316,-1.276178,-4.228812,-0.598030,4.852974,-4.183874,-0.466482,-3.450641,-7.714979,-7.994681,-9.413237,-7.056540,8.694039,-8.635370,5.305249,7.904299,-0.243376,-8.033522,5.223152,-2.094376,-0.235429,7.082008,-9.341655
vacancy_1233,4.570519,-2.536851,2.729006,0.601973,-7.216137,-1.002959,8.621205,8.378285,-4.748680,4.577204,-6.656973,9.539628,-3.933423,-1.988188,1.679970,6.977681,10.969034,3.811382,0.675435,5.801089,-8.740157,3.486102,-4.780259,2.445548
vacancy_1234,-8.886538,-7.727909,-8.231466,-4.806499,-6.312302,-5.586362,5.851703,1.316332,-4.250550,-8.467355,-1.206476,-9.539270,5.225239,9.281472,-2.929977,0.963081,-3.330247,4.749114,-9.319471,0.071127,1.652251,-0.119737,-7.084997,-5.452428
vacancy_1235,-7.120149,2.210186,1.247970,3.701410,-4.157193,-4.000579,5.051421,-5.351254,-8.195943,-3.613924,-7.062110,1.330278,8.245627,6.692835,0.795258,10.352839,-0.763079,-2.945918,-0.128492,8.284915,-6.760440,-2.906618,-5.951730,4.648198
vacancy_1236,-0.286748,-4.592308,3.639901,1.829128,8.931019,-10.587521,6.027907,0.112524,-0.046245,0.185391,-7.798825,-8.446666,4.239820,3.167848,-2.105373,0.126074,-2.971730,-2.366869,-5.314141,6.387267,-0.014724,2.509038,3.240928,-5.663760
vacancy_1237,0.031306,-5.754901,4.868720,2.482519,8.518845,-9.472563,6.292618,1.164837,-0.364570,-0.002357,-7.259003,-7.783337,5.338861,2.816923,-1.900558,0.488772,-1.515540,-1.033970,-5.258183,6.348181,-0.107346,2.683271,2.123915,-6.733188
vacancy_1238,4.365735,-1.328872,4.406526,1.607314,-7.060372,-1.986025,7.999363,8.894786,-5.208041,4.072086,-8.369619,11.263616,-4.546149,-1.819625,2.196352,6.983558,8.917851,4.014995,0.702340,5.777289,-8.244454,5.330858,-5.306365,2.382567
vacancy_1239,-7.191298,0.577679,-0.155300,3.978893,-3.459172,-3.993310,7.055509,-5.727365,-8.698904,-3.423119,-8.511759,-0.136536,7.958554,6.130336,-0.740452,9.220207,0.684303,-3.861807,0.485429,7.504800,-5.341907,-2.390028,-5.507661,4.863282
vacancy_1240,-9.874412,-4.892365,9.319190,0.098871,5.435842,3.087091,2.163914,5.184465,8.701083,-4.659297,5.932500,-10.011575,-5.289990,-5.323826,1.811525,3.461991,-9.233074,-4.436605,1.069026,-6.122794,2.259913,7.856122,-8.782112,2.407144
vacancy_1241,-4.496586,4.390342,7.063047,9.713292,-7.114545,-4.251492,-5.050205,8.729986,8.942346,5.693235,-3.707137,-8.767831,3.768082,1.283248,-3.950589,7.950361,6.725929,2.866532,0.017398,4.832694,9.989402,-7.134802,-5.159356,-7.616465
vacancy_1242,-4.915501,5.292080,6.649227,9.136509,-7.280010,-2.486310,-5.349247,7.470360,9.391477,6.456350,-4.040193,-8.024474,3.963011,0.972100,-3.094281,7.731182,7.447966,1.338161,0.347217,4.207333,8.441163,-6.812259,-4.473525,-7.094004
vacancy_1243,4.498518,-1.181271,3.024409,1.638186,-6.934526,-1.957681,7.005647,8.746915,-4.970254,4.679796,-8.199774,9.720601,-4.041712,-1.303103,1.421578,7.019967,9.811837,4.818737,0.239451,5.388523,-8.008275,4.489514,-4.737470,1.900720
vacancy_1244,-2.240179,5.195164,6.492769,1.454439,4.910186,1.054955,-9.267430,5.555420,3.184970,-3.684523,-5.539456,-6.699542,-10.452689,9.146777,-2.660893,6.547803,-2.815971,-7.197519,-4.353216,9.214704,-2.207136,-8.132420,-3.129041,-9.161632
vacancy_1245,-3.002821,5.080609,6.273364,1.263113,5.354194,1.036793,-8.113646,5.103773,1.753396,-3.700767,-6.253498,-6.913241,-10.413163,9.446045,-2.992575,6.266905,-3.266167,-8.089797,-4.228198,8.846752,-3.197008,-8.130489,-2.974560,-7.980795
vacancy_1246,-3.574758,4.196523,7.508540,9.454629,-6.649296,-3.698023,-5.748537,9.612258,8.680913,6.233695,-4.459541,-8.596985,4.796742,0.626865,-3.458860,7.591479,7.244936,3.060329,0.441716,3.986211,8.613737,-7.544649,-4.907716,-7.646902
vacancy_1247,-9.792453,-4.157646,9.302197,-0.391780,5.658437,3.083591,2.046800,4.526240,7.954148,-4.958533,5.880838,-9.779639,-4.143630,-5.976057,2.155669,4.225176,-9.224433,-5.425489,-0.402450,-5.646416,2.456664,8.122189,-8.521111,3.255593
vacancy_1248,-9.158775,-4.117731,9.781976,0.252385,6.266690,4.315695,2.003005,4.746647,8.177342,-4.929950,6.482817,-9.539601,-5.227524,-5.149534,2.981297,3.214118,-8.626966,-5.140860,-0.237268,-5.603763,2.659750,6.903981,-7.258623,2.236895
vacancy_1249,-3.847368,5.346389,6.313327,0.989436,4.773181,-0.154902,-9.024919,4.925887,3.027012,-2.313625,-5.205883,-5.171805,-10.372590,8.115103,-3.596857,6.081037,-1.738969,-5.970862,-5.244830,9.547229,-3.022232,-9.202158,-2.564015,-9.710846
vacancy_1250,-8.864951,-3.440052,10.306476,-0.133078,5.793854,4.543507,1.508230,5.586230,7.960032,-4.805226,5.754378,-9.465612,-5.213099,-4.888709,2.203763,3.379041,-9.392797,-4.462196,0.613585,-5.725812,2.897393,6.843748,-9.303053,2.659880
vacancy_1251,-7.367679,0.778926,0.197487,5.357138,-2.927742,-4.829887,5.845338,-5.357831,-6.677494,-4.582984,-7.629224,0.547086,7.372909,7.133360,0.689877,9.921445,0.606350,-2.401552,0.777885,6.898218,-4.216622,-3.949411,-6.826102,4.310038
vacancy_1252,-4.685869,5.117088,6.909793,9.686493,-6.940384,-2.587519,-4.281097,8.499811,10.210880,5.420994,-4.465565,-8.977544,4.353679,0.030391,-3.410112,9.100085,6.682312,2.375269,-0.066644,3.055185,8.989165,-6.955479,-4.286845,-8.173638
vacancy_1253,-8.357031,-4.268059,9.133265,-0.230119,6.328337,3.401347,2.482316,3.668357,8.383016,-4.843770,6.736086,-9.784206,-5.144771,-4.463520,2.291254,2.375099,-9.391069,-5.105078,0.538657,-5.360640,3.756816,6.427358,-7.677775,3.786120
vacancy_1254,-7.076036,-3.714392,-1.994589,-2.097669,-0.691035,4.381832,-4.078102,-1.032104,-3.172831,-7.373032,-6.603045,-9.778935,-7.162913,7.316012,-10.378695,4.974265,7.843122,0.058263,-8.337839,5.349829,-1.936674,0.138079,7.181134,-9.007423
vacancy_1255,-8.201265,2.092866,0.855832,3.766824,-2.912627,-4.946688,4.606244,-4.729271,-7.650223,-4.120147,-8.459663,0.140649,8.706063,6.572248,-0.894262,8.821808,1.306712,-2.371241,-0.285093,7.441916,-5.791992,-3.566796,-7.118356,5.776484
vacancy_1256,-3.838287,5.393205,6.175192,10.003477,-6.655132,-3.858220,-5.393532,9.903966,9.547515,7.054060,-4.598286,-8.036318,3.962202,-0.317865,-3.513687,9.500934,6.035273,2.069859,0.691771,4.206423,9.076314,-6.620239,-4.236511,-7.278061
vacancy_1257,-9.318313,-4.542143,10.208488,0.804473,7.285617,4.270936,3.091479,4.748260,7.607841,-4.824395,5.760091,-10.035483,-4.628779,-3.582446,2.307639,4.560314,-8.620846,-3.882576,-0.523469,-5.330868,2.936448,7.166073,-8.421050,4.083212
vacancy_1258,3.982295,-0.996137,3.750959,2.323251,-7.083267,-1.692766,8.115783,9.358498,-5.541171,3.543032,-8.291279,10.195350,-3.804793,-1.860719,2.404961,6.891538,10.117157,4.395908,1.385816,5.819362,-9.009411,5.315406,-5.350877,2.592197
vacancy_1259,-7.344888,1.237109,0.887163,4.203403,-2.796801,-4.969103,5.746203,-5.266407,-7.212923,-4.656582,-7.780859,1.802529,7.873058,6.111602,0.158463,9.401265,1.766846,-2.752458,-0.183045,7.343656,-6.030131,-2.389765,-6.279404,3.927109
vacancy_1260,-9.888956,-3.894749,9.681105,1.087288,7.332576,3.916574,1.356085,4.601089,7.446297,-4.052188,6.952329,-10.918259,-4.714581,-4.401317,1.984406,4.211056,-9.062088,-4.272977,0.386937,-5.645869,1.611328,8.055897,-7.493597,3.082956
vacancy_1261,-3.278817,4.562092,6.199344,0.776107,4.560357,2.413543,-9.113632,5.804671,2.364222,-2.916586,-5.186644,-8.150898,-10.262584,8.080011,-2.804444,6.338166,-1.092746,-6.857640,-3.559414,9.209030,-3.866049,-7.769320,-2.606284,-9.860926
vacancy_1262,-7.879287,-4.179108,-2.270427,-2.694768,0.156853,4.651656,-4.970361,-0.485332,-1.623991,-8.118028,-7.435617,-8.608676,-7.801586,7.349965,-10.884217,4.543064,7.677641,2.037348,-9.457496,4.649521,-2.810548,-0.618644,7.671002,-9.071627
vacancy_1263,-7.619699,-3.417416,-3.005446,-2.958373,-1.329946,4.395152,-4.058452,-1.100379,-2.837429,-6.502280,-8.089765,-8.163328,-7.755991,7.647691,-8.799838,5.012160,5.857896,0.747221,-8.676038,4.795728,-1.542557,0.123331,7.771252,-9.627227
vacancy_1264,-9.137006,-4.057309,9.713307,-0.141517,6.175558,3.426216,1.778843,4.357574,7.139274,-5.341440,5.924232,-9.157372,-4.103054,-5.350540,1.079649,3.623426,-8.858873,-5.418386,0.344344,-6.115580,3.544480,7.493299,-8.637841,2.991468
vacancy_1265,6.219045,-1.837580,3.999092,1.521873,-7.030321,-1.042523,7.842035,7.801731,-4.705166,2.519871,-8.603563,9.889916,-4.141508,-2.561757,2.569677,6.987127,10.543165,3.844744,0.957870,4.632081,-9.154380,5.512750,-5.357786,1.974216
vacancy_1266,-3.390761,5.852376,6.955622,0.321874,5.108262,2.310178,-8.378498,5.390653,3.313227,-4.052328,-5.891204,-6.484624,-9.969073,9.498548,-2.717297,6.351288,-1.975688,-7.696587,-4.550614,9.456863,-3.825450,-7.524622,-1.202131,-9.352804
vacancy_1267,-8.552136,-4.374481,9.358133,0.016283,6.669138,3.937251,2.487075,4.749709,7.661115,-4.526407,6.041174,-10.149895,-6.514444,-4.445214,1.147247,4.180890,-9.029403,-3.998383,-1.001050,-6.334879,2.436409,7.604885,-8.128655,3.052661
vacancy_1268,-7.162666,-3.747545,-2.022081,-3.703907,-1.869591,2.800347,-4.313226,-0.222744,-2.849727,-7.715951,-7.277509,-10.802002,-8.097578,7.242823,-10.421986,4.271434,8.566832,0.003178,-8.274834,5.082181,-1.430808,-0.590403,7.444404,-9.716621
vacancy_1269,-6.799488,1.896867,0.894786,2.864373,-3.431171,-5.442349,6.292604,-5.403509,-8.201682,-3.968156,-8.075275,0.844020,7.893612,5.769524,-1.092078,9.534882,0.244469,-2.872686,0.343488,7.427712,-5.186030,-2.302572,-6.336204,4.553837
vacancy_1270,-0.356622,-6.160516,3.649039,2.178390,8.714165,-8.331389,6.306059,-0.046144,-1.720732,-0.508724,-7.090686,-7.918118,5.286566,3.078952,-2.003993,-0.448861,-2.348574,-0.862953,-5.487461,6.837929,0.381418,2.822159,3.171074,-5.426722
vacancy_1271,5.025554,-0.867778,3.759883,0.816450,-8.448570,-1.784045,8.694881,8.592413,-5.430038,2.144556,-8.344439,8.795049,-5.329006,-0.053246,1.982066,6.465464,9.032559,4.005138,0.452403,4.521232,-8.255476,4.883305,-6.341502,2.715217
vacancy_1272,-2.636662,5.178097,5.484161,1.157529,5.930651,0.906808,-8.549917,5.316107,3.047411,-2.675389,-6.139505,-6.218923,-9.542223,8.618292,-1.996959,6.429899,-1.908601,-6.439307,-3.316198,9.874082,-1.999274,-7.575298,-1.929420,-9.091571
vacancy_1273,-8.564188,-6.282683,-7.598026,-5.639767,-5.652256,-5.732095,5.857985,1.770374,-4.593987,-8.068880,-0.775138,-9.527869,5.566972,10.224604,-2.134203,1.364411,-4.445014,5.104662,-11.048096,-0.434653,1.947173,0.357973,-6.787911,-5.715054
vacancy_1274,-8.076213,-3.895624,-2.177835,-3.464968,-0.546631,4.465294,-3.258214,-0.016844,-3.471993,-7.668047,-7.685613,-9.010106,-7.463109,6.851549,-9.805473,4.388152,7.526338,0.182380,-9.405483,5.094829,-1.320970,0.014272,8.652039,-9.624873
vacancy_1275,-0.827229,-5.021262,3.785596,3.083046,9.694671,-9.432071,6.638109,0.491344,-0.657094,-0.445243,-7.506541,-8.437550,4.601914,3.815941,-1.986125,0.142766,-1.416893,-0.559868,-6.396743,6.635591,-0.468821,2.491881,3.120476,-6.486686
vacancy_1276,-2.758508,4.582367,5.805862,0.960777,4.538874,2.265095,-9.350856,4.908487,3.685006,-4.118082,-4.949068,-7.335408,-10.358602,9.001000,-3.367899,7.700867,-2.906362,-6.910552,-3.582466,8.353880,-3.448979,-8.057998,-2.039483,-9.625411
vacancy_1277,3.950128,-1.436255,4.663848,1.060510,-6.646129,-1.934237,8.130445,9.161325,-5.037556,4.397484,-7.692740,9.797688,-5.215244,-2.007790,1.984712,6.251934,9.099637,3.602276,0.826363,5.419758,-8.759049,4.717814,-4.420937,3.432886
vacancy_1278,-2.373410,4.841245,5.585513,0.572107,4.233427,1.054604,-9.145189,5.945982,2.604866,-2.641295,-5.336259,-8.220726,-10.393549,9.053389,-3.171896,6.768713,-2.669844,-7.005730,-3.987672,9.041257,-2.865647,-8.838959,-2.263597,-10.160842
vacancy_1279,-2.886168,5.681675,6.549208,1.105513,4.395279,2.133637,-9.292396,5.631586,1.487883,-2.829722,-6.006760,-6.241888,-9.708546,8.592647,-3.318267,6.753416,-3.399078,-7.032618,-4.946071,9.122782,-2.674366,-7.183720,-1.584898,-9.030539
vacancy_1280,3.639616,-2.191920,3.937818,1.879941,-7.447598,-1.360160,8.527780,9.500541,-5.783836,2.635807,-8.180579,10.606720,-5.604007,-1.755431,3.654623,6.985557,9.629823,5.270128,1.066444,4.643606,-10.355026,4.996658,-5.323823,2.166001
vacancy_1281,-0.787836,-4.995643,4.145897,3.069374,8.012772,-9.070331,6.758873,-0.175863,-0.544943,0.034208,-7.876502,-8.032254,6.487659,2.786003,-1.611539,-0.209455,-2.614984,-1.326098,-4.903313,6.205034,1.337424,3.214329,1.529100,-6.861038
vacancy_1282,-1.326705,-5.391948,4.641730,3.140942,8.748826,-9.031282,6.836410,-0.165589,-1.880638,0.683915,-6.890522,-8.565558,5.079594,3.750523,-1.915327,0.178423,-2.105207,-2.502370,-4.817709,7.422102,0.603524,1.992482,2.206558,-7.224737
vacancy_1283,-3.043762,5.724508,5.278940,0.752738,3.832481,1.511680,-9.489083,4.874693,2.039522,-3.429428,-5.576074,-6.216987,-9.869318,9.264843,-2.123025,5.845609,-0.352543,-7.135617,-4.107571,8.988293,-3.049705,-7.258814,-0.892775,-9.934513
vacancy_1284,-9.811671,-5.619386,-8.874016,-5.220153,-7.626513,-5.481337,6.353749,1.807415,-2.985063,-9.201093,-0.540405,-9.727976,6.248397,9.211334,-4.248864,1.818445,-3.722707,5.713290,-9.915256,0.724536,2.017179,1.044666,-6.796713,-4.968553
vacancy_1285,-9.352329,-5.202175,9.462874,0.436966,5.873033,3.306227,2.408810,5.131975,6.328407,-4.382836,6.141795,-10.408572,-4.598483,-5.110548,1.770814,3.814999,-9.201269,-5.997079,-0.227053,-5.462329,2.006000,7.649007,-8.149895,3.957079
vacancy_1286,-7.788585,0.725277,0.547296,4.009960,-3.036952,-4.097635,6.209314,-4.290798,-7.653836,-3.498929,-7.261055,1.379485,8.761441,6.166305,-0.357657,9.519774,0.018825,-2.646931,-0.329454,6.548201,-5.504151,-1.998644,-4.816847,4.272640
vacancy_1287,-4.711621,4.936495,6.930148,9.391854,-6.435520,-3.166419,-6.256100,8.950836,9.332877,5.345950,-4.771316,-8.394919,4.428590,0.342889,-4.439305,8.768615,6.846302,2.395360,-0.361326,3.696692,8.222816,-5.940065,-5.134843,-8.130473
vacancy_1288,-0.021269,-6.150017,4.359264,3.509322,8.776065,-8.734080,6.382583,0.229531,-1.655017,0.173251,-7.463971,-9.060832,4.240256,3.441616,-2.157050,1.047171,-1.425307,-1.359915,-5.395720,6.584198,-0.528983,1.998383,2.202972,-6.198811
vacancy_1289,-9.232657,-5.933921,-8.550268,-5.918614,-5.161646,-4.540255,6.923252,2.720015,-4.215087,-9.042074,-0.719995,-9.608314,6.838393,9.035394,-2.560492,2.156860,-5.151205,6.205758,-8.481909,-0.092309,1.691326,-1.011045,-8.035902,-5.713237
vacancy_1290,-3.913962,4.348099,7.082033,10.458346,-5.977774,-3.603371,-5.427542,9.042072,9.005847,6.773091,-4.204189,-7.746858,4.427234,0.124406,-3.367253,9.109855,6.757721,2.446554,-0.410187,3.851118,9.095840,-7.469552,-5.281639,-6.786268
vacancy_1291,-0.274038,-4.658152,4.121072,3.299260,9.508011,-8.849542,7.089303,-0.503841,-1.736473,-0.433357,-7.971406,-8.202012,3.950830,3.270820,-2.738544,0.579978,-2.132687,-1.990185,-6.245329,7.044060,-0.342154,2.452789,3.483483,-5.878463
vacancy_1292,-9.532017,-3.797279,9.893918,-0.665929,6.225725,3.730097,3.141447,4.703167,7.616835,-3.915111,5.965748,-8.314600,-5.295184,-4.228078,1.849675,2.749300,-8.492538,-5.102049,0.332688,-6.204926,2.189924,7.555101,-7.963659,3.740592
vacancy_1293,4.234836,-1.981143,4.229894,1.227396,-7.717766,-1.022449,7.971441,7.486391,-5.431167,3.661314,-8.019175,10.068604,-3.388756,-1.887800,3.101652,6.708360,9.912438,3.993847,0.972670,5.612099,-10.673124,5.809431,-4.788828,2.610579
vacancy_1294,4.824245,-1.009033,5.198566,1.994231,-7.146021,-0.981110,9.190680,8.274369,-4.998891,3.800427,-7.537111,9.700146,-4.655717,-1.309077,2.349320,6.802884,10.889983,3.971148,0.926706,5.313674,-9.142852,5.308926,-5.171689,2.473046
vacancy_1295,-0.596071,-4.347559,4.444348,1.891261,8.753497,-8.276630,7.057144,0.013314,-1.235600,0.159189,-7.000845,-8.226705,4.591162,3.157543,-1.495558,0.152356,-2.872916,-2.263203,-6.075601,5.602560,0.523524,1.325868,3.260707,-6.535984
vacancy_1296,-2.691957,4.811269,5.615702,1.953399,4.458652,0.168526,-10.565933,6.249893,3.421700,-3.046401,-6.289136,-7.570937,-9.021850,9.830682,-3.121216,6.150718,-2.146062,-5.905189,-4.054853,8.204538,-3.261488,-8.704203,-2.510400,-8.825048
vacancy_1297,-8.611129,1.786833,0.705085,3.277301,-3.340356,-4.660178,6.301637,-4.227960,-7.480950,-4.343147,-7.761614,0.576916,9.340257,6.300873,-1.112530,9.556463,0.925497,-3.438521,-0.653859,7.635106,-5.346810,-2.889520,-5.773517,4.618569
vacancy_1298,4.244168,-2.371978,3.815155,2.575476,-6.804606,-1.281062,7.774907,8.831652,-5.153922,2.739016,-8.340826,10.264318,-3.873771,-2.452301,1.789188,7.012049,8.270676,3.558841,0.802594,6.578859,-9.114622,5.426791,-5.848815,1.767750
vacancy_1299,-6.862180,1.040604,1.279070,3.687033,-3.143963,-4.458450,5.464031,-3.826444,-7.451942,-4.860500,-8.208188,1.504950,8.574256,6.697457,-0.340215,9.592590,-0.811241,-3.255779,0.643476,8.872424,-5.614873,-3.206032,-4.996374,4.272027
vacancy_1300,-7.253510,-5.096343,-8.363618,-6.100582,-6.676933,-6.281576,5.719949,1.878201,-5.639170,-7.594595,-0.700460,-8.764748,6.382404,9.245641,-1.808882,1.316278,-4.268689,5.309014,-10.057532,0.923262,1.691302,-0.262112,-7.291624,-5.523794
vacancy_1301,-8.563841,-6.640274,-8.198453,-5.383338,-7.055580,-6.307208,6.232209,2.189194,-4.227445,-7.589768,-0.235270,-9.503661,6.862852,9.959637,-2.504974,1.096044,-5.063831,5.826362,-9.924794,-0.743353,2.358475,-0.394658,-7.300445,-5.875615
vacancy_1302,0.760610,-5.598162,5.301015,1.413112,8.991183,-9.540334,7.486638,-0.590192,-1.004726,-0.160953,-7.871048,-8.994771,5.254283,4.470792,-1.458013,0.617053,-2.030793,-1.104287,-5.844566,6.913088,0.977050,3.081726,3.903565,-6.627013
vacancy_1303,-3.498571,5.251099,6.117897,0.367986,4.750026,1.188059,-9.497080,4.869981,2.155385,-3.630338,-5.831276,-7.142251,-9.870683,8.589076,-2.394300,6.576101,-1.903999,-6.950554,-5.336629,8.032332,-2.212961,-8.302047,-1.881958,-8.462737
vacancy_1304,-7.190390,-3.904766,-2.093352,-4.393530,-0.314859,3.759159,-4.797299,-1.705580,-3.343453,-7.225312,-7.623373,-10.462053,-7.433573,6.880675,-10.556154,4.950575,7.566322,0.391253,-8.723255,4.251390,-1.993369,-0.145794,6.678976,-9.168549
vacancy_1305,-7.507581,1.682690,1.102784,4.508689,-3.586078,-4.468151,5.622134,-4.990135,-7.325972,-3.637129,-7.980698,0.303162,7.162072,6.180175,-0.226504,8.689247,1.053880,-2.696496,-0.842093,7.497828,-5.578270,-2.767572,-6.299079,4.614586
vacancy_1306,-7.119440,-3.602171,-2.090186,-3.829559,-1.138191,3.892015,-3.428365,-1.371533,-2.464397,-6.146008,-6.819036,-8.955562,-8.441680,7.128762,-10.471529,3.984423,7.737294,0.321525,-8.786837,5.295047,-1.515776,-0.590071,7.854170,-8.014552
vacancy_1307,-7.045025,1.706797,1.058088,3.675657,-3.546458,-3.036916,5.732085,-4.532966,-7.714778,-4.448479,-8.913560,0.803408,9.606874,7.079131,-1.121664,8.764313,1.417755,-3.397763,0.378333,8.444239,-5.329711,-2.290791,-6.397429,4.988739
vacancy_1308,-0.045162,-4.799420,4.950645,2.403814,9.115212,-8.671256,7.281567,-0.593271,-0.550608,-1.096934,-7.220409,-8.393571,5.516546,3.962809,-2.931926,1.020450,-2.614387,-2.789629,-5.274157,6.152062,0.004631,2.420854,3.254029,-5.836372
vacancy_1309,4.598778,-0.147979,5.065844,1.635169,-7.836304,-1.133039,9.625426,8.624681,-5.107083,3.471255,-8.579128,10.236902,-3.786249,-0.996673,1.553991,6.128554,9.344248,4.653605,1.402569,5.887739,-8.220537,4.772063,-5.180610,2.310685
vacancy_1310,-9.772255,-4.127074,9.767605,-0.445232,6.134328,2.984673,2.363604,4.891548,7.406241,-4.813935,7.219149,-10.205775,-6.368132,-5.876636,2.470561,4.081402,-9.593896,-4.732666,-0.729237,-6.260054,2.346239,7.808517,-7.826411,2.598159
vacancy_1311,-4.091469,6.032132,5.341124,1.339498,5.215652,1.243778,-10.189702,5.490867,3.068555,-2.408967,-7.019883,-6.112032,-9.848440,9.132308,-3.102530,6.578128,-2.478001,-7.644225,-4.393940,9.151294,-2.266340,-8.134740,-2.601134,-8.833159
vacancy_1312,-9.557564,-6.592163,-8.891719,-5.612652,-5.596165,-4.404414,5.494792,2.555720,-4.105644,-9.082949,-1.172543,-9.590140,6.220608,9.711636,-3.241380,2.194623,-3.970275,5.171348,-9.232171,-0.114950,2.773877,0.058763,-7.718732,-5.128453
vacancy_1313,-4.368184,5.001173,6.223417,10.780222,-7.145704,-2.774371,-4.641107,9.154853,9.302082,5.886827,-3.728000,-7.275335,4.773880,0.256969,-3.674225,8.404007,5.969441,2.161495,0.481212,3.886186,9.047301,-6.504661,-4.866596,-7.139507
vacancy_1314,5.124087,-0.164800,4.273134,2.149934,-7.309294,-2.033339,7.680445,7.577681,-4.797874,4.010244,-8.120992,9.631051,-4.467803,-1.439924,3.129878,6.860109,10.797633,5.172574,1.114131,5.649645,-8.998767,4.996237,-5.484758,2.058454
vacancy_1315,-4.343113,5.049548,8.086427,9.561790,-6.786380,-3.505805,-4.544942,9.263219,8.831803,5.971966,-4.796921,-8.416882,4.396766,0.345680,-4.276691,8.623156,5.730551,2.427163,-0.023646,5.051463,7.934967,-6.777313,-5.233210,-7.287339
vacancy_1316,-0.331066,-4.512570,3.894254,3.844155,8.783857,-9.817592,6.210881,-0.938495,-2.607993,-0.032504,-7.284110,-9.042428,4.404318,3.292128,-2.190316,1.156252,-1.080406,-0.793392,-4.982906,7.119381,0.363537,1.933981,3.669243,-5.346295
vacancy_1317,-0.341350,-4.322008,4.115621,2.993284,7.895184,-10.596070,6.892455,0.438963,-2.128076,-0.197318,-7.126405,-7.721967,4.262087,4.329107,-3.039774,1.137377,-2.441536,-2.071853,-5.362804,5.968953,-0.014008,2.339668,2.604308,-7.255982
vacancy_1318,-7.458479,-2.772278,-2.359565,-3.006814,-1.997276,3.912651,-3.701903,-1.094754,-1.936068,-7.052666,-8.147997,-9.294110,-7.343263,7.212092,-9.364443,3.987625,7.430476,0.179987,-8.903767,5.472262,-0.875066,-1.318244,7.795029,-9.108347
vacancy_1319,-7.125261,-2.468967,-1.959704,-4.144461,-0.573882,5.030670,-4.773431,0.067981,-2.583059,-7.541240,-7.891476,-10.612130,-8.168180,6.752543,-9.718005,4.857256,6.852135,1.166319,-8.883684,4.829768,-2.335721,-0.660396,7.465977,-8.584048
vacancy_1320,-0.440675,-5.136875,3.594226,2.727597,8.275768,-9.685977,5.804889,1.303923,-0.930794,-0.300719,-6.117617,-8.924450,5.632076,3.707454,-1.363952,1.346029,-2.957640,-1.761833,-6.564751,7.063254,0.752439,1.500233,2.631031,-5.775393
vacancy_1321,-3.966523,5.993876,5.776698,1.079629,4.265833,0.332174,-8.256866,5.605208,2.923625,-3.171710,-5.756252,-6.741561,-9.231444,8.864830,-3.338153,7.060534,-2.474676,-7.046965,-5.083802,8.869387,-2.782071,-7.347779,-2.917024,-10.008258
vacancy_1322,-7.163042,2.894419,0.151513,2.921205,-2.336518,-3.692643,4.779685,-4.486626,-6.708749,-3.082270,-7.116875,1.078626,8.981588,5.538248,-1.570351,8.751872,0.578876,-2.736687,-0.749091,7.631608,-5.535928,-2.594809,-6.398413,4.978797
vacancy_1323,-4.535222,5.213787,6.457462,9.469726,-6.853999,-3.864818,-5.447210,8.764055,9.179097,6.610843,-4.282462,-7.201113,4.841165,1.287086,-4.850781,8.620776,8.335475,2.198502,-0.116270,3.626024,8.514366,-6.835372,-5.108195,-7.129089
vacancy_1324,-8.283283,-3.343316,-2.696733,-3.396133,-1.689741,4.183677,-4.341382,-1.035181,-3.362689,-8.344140,-6.512404,-9.407021,-7.246381,6.989608,-10.147651,4.953522,7.866054,0.487940,-9.110897,5.142191,-0.942011,-0.595368,7.250547,-9.226589
vacancy_1325,-2.720693,5.657786,5.278536,1.228573,4.318185,1.906087,-9.197403,4.991378,2.573382,-3.281271,-5.546546,-7.300658,-8.823959,10.415922,-3.108541,6.291953,-1.812370,-6.521319,-4.084393,9.497667,-3.821858,-8.541757,-1.382397,-9.510682
vacancy_1326,-6.022000,-2.741956,-3.352791,-3.979090,-1.075334,4.165740,-4.094909,-0.360225,-3.046319,-7.341313,-6.745064,-9.186823,-8.723725,8.124934,-9.728561,4.096085,7.524093,0.754745,-9.846328,5.667528,-1.821942,0.067886,7.154001,-10.159456
vacancy_1327,-6.738446,1.983711,0.719884,3.568330,-3.247616,-3.876057,6.502848,-5.486758,-7.365458,-3.319934,-8.244761,1.802225,7.665635,6.879738,-0.331158,9.705357,0.380997,-2.384787,0.020935,7.903457,-5.989139,-2.035559,-5.184111,4.603708
vacancy_1328,4.086790,0.157528,5.150996,1.667345,-7.515173,-1.488563,8.302600,8.990543,-5.598207,3.086034,-9.182041,10.260458,-4.938663,-1.735886,3.200381,6.092679,10.743994,3.601755,0.949791,6.148828,-8.718657,5.098820,-5.130191,2.921684
vacancy_1329,-9.566553,-4.510313,10.845662,-0.352483,5.260469,5.115343,2.485111,5.135661,6.739357,-3.437115,6.310051,-9.917645,-5.347902,-5.707966,2.247362,2.865231,-9.480801,-5.097720,-0.041400,-5.562542,2.525701,5.990181,-7.924443,3.245252
vacancy_1330,0.674527,-5.364602,4.466206,2.981190,8.963116,-8.975011,7.215228,-0.726465,-0.673473,0.071761,-7.301025,-7.789295,4.551582,3.704229,-1.250346,1.222459,-2.273234,-2.260882,-5.751325,6.522277,-0.775498,2.588615,3.100402,-5.825609
vacancy_1331,-8.453278,1.231278,0.925738,3.619789,-3.372791,-4.242417,5.241088,-5.453847,-7.052561,-4.444662,-8.306781,2.504462,8.016739,5.634318,-0.682508,8.956103,1.031464,-3.906117,0.060494,8.070274,-5.280572,-1.777467,-7.185338,3.157336
vacancy_1332,-6.966936,1.344217,-0.303889,4.382489,-2.942761,-4.546277,4.980422,-4.763801,-6.753325,-3.848153,-7.863163,-0.345689,8.405505,6.167806,-1.033699,9.855979,0.903915,-2.124527,-0.119592,7.391693,-5.774983,-1.333657,-6.032603,4.898428
vacancy_1333,-4.791481,4.706434,7.019684,10.276655,-7.156889,-3.170056,-5.923339,9.319500,7.855167,6.338946,-2.830365,-7.876440,4.102177,-0.108406,-3.963040,8.658678,7.920556,1.308352,-0.403997,4.197614,9.185144,-7.165809,-3.807968,-8.448094
vacancy_1334,-6.441407,1.958185,1.492704,3.616129,-4.001585,-3.797910,5.424338,-4.592647,-7.368363,-3.520997,-7.926204,-0.067186,8.924803,6.484553,-0.653351,8.613372,0.519127,-2.878064,-0.245552,7.149552,-5.795723,-1.845579,-6.568843,4.628278
vacancy_1335,-8.677294,-3.740842,10.100178,-0.423455,6.009246,3.182421,2.128935,5.336625,7.119215,-3.706060,6.064619,-9.951850,-4.470427,-4.414775,2.870014,3.745081,-9.899681,-4.360585,-0.524571,-5.920178,2.786042,8.103313,-7.932482,3.530950
vacancy_1336,-9.582815,-6.058889,-7.778428,-6.608213,-6.645171,-5.769464,6.088672,1.671663,-4.817947,-7.700553,0.572087,-8.923374,5.854098,9.437195,-2.879085,1.151470,-4.199107,5.568879,-9.516812,0.529907,2.705027,-0.225128,-7.411647,-5.251104
vacancy_1337,-3.070682,5.719947,6.398737,0.958097,4.198903,2.333257,-9.116064,6.060919,2.530591,-4.910010,-5.717111,-6.003610,-10.644940,10.309166,-3.294161,6.003391,-1.577907,-6.521749,-5.032951,9.227077,-3.650141,-7.648578,-3.147645,-8.785743
vacancy_1338,-3.683025,5.862265,5.472092,9.840358,-6.612248,-3.919012,-4.851705,8.536848,8.881438,6.729318,-4.735071,-7.896420,5.380996,0.577204,-3.354220,8.446195,6.326890,1.784556,-0.261850,4.811857,7.838510,-6.240832,-5.187066,-8.613316
vacancy_1339,4.616582,-0.806743,4.515212,2.476122,-7.574517,-0.842500,8.295891,8.998706,-5.236570,3.449059,-9.100942,9.064348,-4.582216,-2.013873,2.745273,7.807227,8.781719,5.210995,1.015476,3.930404,-9.306884,5.903830,-5.296365,3.536153
vacancy_1340,4.317699,-1.023920,4.813265,1.486967,-7.849359,-2.034842,8.591862,9.132604,-6.385531,3.855312,-8.043612,9.130754,-5.399291,-1.840147,2.374312,6.779886,10.251911,4.920611,0.687779,5.744589,-8.536721,5.206522,-4.723013,2.298056
vacancy_1341,-7.317353,1.606388,1.171173,4.759475,-4.206193,-3.559466,7.063667,-4.366904,-7.038608,-3.289050,-6.753793,1.451474,8.624318,7.101926,-1.086576,8.710970,1.741926,-1.812715,1.244622,8.004513,-5.675221,-2.462562,-6.101696,4.261663
vacancy_1342,-9.613076,-3.719003,9.530623,-0.391244,6.020766,3.907386,2.327363,5.066339,7.477155,-3.471600,6.173937,-8.615088,-5.170002,-5.357899,3.807681,3.156248,-9.906390,-5.541779,0.190578,-5.671693,3.134835,6.965197,-7.859678,2.732908
vacancy_1343,-10.315269,-4.773772,10.096281,-0.372012,6.117276,3.834007,2.708615,4.199752,7.801966,-4.606879,6.304976,-9.919381,-5.826546,-6.438735,0.928472,2.816236,-9.478781,-3.936754,-1.401140,-5.345645,1.785072,7.248175,-8.855687,2.427398
vacancy_1344,-8.540501,-6.799895,-8.113810,-5.379228,-6.707746,-6.021693,6.295996,1.857612,-3.883749,-9.469359,-0.436038,-9.474328,6.747356,9.643149,-2.599065,1.168282,-4.092456,6.066379,-10.913719,-0.933912,1.686526,0.444979,-6.811196,-5.107771
vacancy_1345,-7.227076,1.639768,1.017723,3.964379,-3.452757,-3.048228,6.867899,-3.907989,-8.237403,-3.713081,-8.424956,1.918540,7.297147,5.835820,-0.668817,9.601737,-0.231691,-1.439411,-0.064289,8.509506,-5.770826,-2.237340,-5.745054,4.872495
vacancy_1346,-7.585897,1.646889,0.821737,3.715435,-3.200448,-3.986817,4.751436,-4.435528,-6.542683,-4.839964,-7.799065,0.571309,8.020413,6.779142,0.253014,9.736013,0.476809,-3.508084,-0.349629,7.808269,-5.221710,-1.552128,-4.826556,5.808521
vacancy_1347,-4.210664,6.216929,6.512756,9.484699,-7.656620,-3.891151,-6.259481,9.093012,9.974806,6.087056,-4.231020,-7.416599,5.475115,0.728887,-3.539086,8.988298,7.086176,2.912390,-0.914116,4.654465,9.206821,-6.529364,-4.600332,-6.997192
vacancy_1348,-3.319096,5.504927,7.149609,9.762063,-6.399620,-2.524298,-5.388893,9.437850,8.782375,6.853074,-3.905619,-8.335654,4.166784,-0.603450,-3.970405,7.707325,6.859901,2.669530,-0.325555,4.561217,8.353552,-7.111683,-4.643254,-7.888190
vacancy_1349,5.922867,-0.890641,4.027823,2.915303,-6.776396,-0.849574,7.801149,9.153201,-5.494481,3.852152,-8.086014,10.965427,-4.663112,-1.893415,1.845697,5.915495,10.423627,4.566365,0.675389,5.508963,-9.733417,3.949529,-4.071059,3.435786
vacancy_1350,-4.461404,5.470462,6.653360,10.608231,-7.080335,-2.687032,-4.603416,9.916374,8.722210,7.200374,-3.901543,-7.940892,4.253573,-0.081832,-3.261511,8.173072,6.788695,1.990650,0.680435,4.061952,8.854706,-6.683811,-4.560885,-7.549823
vacancy_1351,1.062292,-5.565297,4.110297,2.103070,7.877567,-9.518756,6.827508,-1.640347,-0.685698,0.034931,-7.110373,-8.647836,4.607284,3.377873,-2.985087,1.436763,-1.698303,-1.382910,-4.984468,6.779577,0.806476,1.630426,2.797781,-6.532873
vacancy_1352,-4.275658,5.042880,7.145809,9.379006,-6.494196,-2.559916,-6.233155,8.722910,8.791576,6.264311,-4.628679,-7.812877,4.596732,0.556595,-4.209302,9.113037,7.306595,2.577889,0.097724,4.356559,8.120141,-7.446709,-3.995609,-8.154517
vacancy_1353,-9.771695,-5.560041,-8.413904,-4.450668,-5.900452,-4.900819,6.294156,2.402163,-4.258597,-9.917775,-1.353574,-9.511329,5.984426,8.672718,-2.450835,1.213084,-4.704925,5.769555,-11.168447,-0.199314,1.948047,-1.318645,-8.088603,-5.527515
vacancy_1354,4.202526,-1.333062,4.734806,1.529874,-6.879133,-1.632456,8.285787,7.566648,-4.834558,2.758668,-7.996592,9.674180,-4.829965,-1.232637,1.973562,6.572286,9.102794,5.154354,1.563089,6.281695,-8.523215,4.915627,-4.573056,2.816570
vacancy_1355,4.860328,-1.561325,4.526667,1.189269,-7.125212,-0.667853,7.745747,8.714248,-5.409895,2.778465,-8.412333,10.229827,-4.574296,-1.016911,2.662271,7.501888,9.788551,4.824342,2.137992,5.413178,-9.521405,5.708155,-4.692726,1.837824
vacancy_1356,-7.185829,-3.628339,-2.655588,-2.921575,-0.860867,4.299326,-2.688061,-0.000301,-2.268253,-7.467866,-6.906304,-9.783095,-7.502244,7.448022,-9.141405,4.147563,7.613010,0.411516,-8.564500,7.133356,-2.195090,-0.713273,6.974685,-9.288335
vacancy_1357,-0.936776,-4.322933,3.531729,2.205519,8.852848,-9.244352,6.926376,-0.606678,-0.420284,-0.264857,-6.665274,-8.038958,5.165491,2.494836,-1.744146,0.878554,-2.284402,-2.104850,-5.886803,6.031192,0.704477,1.647616,2.946811,-6.949997
vacancy_1358,-7.552736,-3.713394,-1.510830,-3.001787,-0.453802,3.390670,-4.381590,-1.523103,-2.831358,-6.818106,-7.808521,-9.362635,-8.094617,7.614160,-9.031275,4.746249,8.073608,0.423961,-7.933449,4.787021,-1.263921,-0.753996,8.269052,-8.848691
vacancy_1359,5.007579,-1.338556,3.728975,3.352377,-8.134006,-2.195497,8.206289,6.751795,-5.922317,3.592489,-8.382164,9.762329,-5.896268,-1.345020,2.892585,7.098828,9.065948,4.062418,0.991770,4.686198,-9.194254,4.892315,-4.629006,2.419572
vacancy_1360,-0.018430,-5.246657,5.214684,2.557687,8.921893,-8.987359,6.458565,-0.514347,-1.853720,0.908885,-6.772906,-7.714068,5.296776,4.354866,-2.017551,1.297600,-1.755961,-1.283593,-6.192771,7.158336,0.381552,2.292705,2.704079,-5.824956
vacancy_1361,-10.793699,-4.037160,10.045548,0.083300,5.815268,4.068221,3.264858,3.351507,7.512792,-3.835768,6.967574,-9.837578,-2.912898,-4.682968,1.578272,3.727837,-8.549790,-4.265857,0.730570,-6.308550,2.569882,7.091861,-8.537951,4.061224
vacancy_1362,4.089669,-0.755343,4.430828,1.952377,-7.433113,-1.532191,8.642122,9.128034,-4.941277,3.455165,-9.027704,9.730511,-5.065863,-1.896651,1.957353,7.481322,9.603675,3.522586,-0.002747,5.353280,-9.848670,4.211273,-5.064508,2.009985
vacancy_1363,-2.952610,5.364299,5.074531,0.728272,4.941568,0.772366,-9.972679,5.523183,3.146655,-3.835057,-6.417930,-6.144569,-9.845656,8.651896,-2.371248,6.883930,-1.004410,-6.983570,-4.779127,8.911684,-3.590597,-7.682232,-3.346301,-9.387493
vacancy_1364,-7.183422,-2.896732,-2.487471,-3.999689,-0.608856,3.719478,-4.095641,-1.673770,-2.490458,-8.632999,-8.502154,-9.026385,-7.769994,6.948268,-9.278024,4.067196,7.341309,0.808797,-8.442579,5.677903,-1.909669,0.009444,8.288829,-10.326018
vacancy_1365,-1.761519,-5.846009,4.344069,2.423277,9.109705,-7.783038,6.643390,-0.761690,-1.202653,-0.074569,-6.918249,-9.219001,3.930365,3.724228,-1.772064,0.013641,-2.629720,-1.633605,-4.804918,8.071894,-0.122080,2.221580,2.551891,-6.067659
vacancy_1366,-8.638721,-7.528213,-9.818187,-6.426963,-6.863059,-5.199592,6.398062,2.765301,-4.995643,-8.609868,-0.587622,-9.204664,5.684592,9.599339,-2.464579,1.577200,-4.902890,4.004395,-9.201137,0.425727,1.638810,0.295038,-7.609227,-4.370925
vacancy_1367,-9.599980,-5.781485,-9.143836,-5.138197,-5.781548,-6.108047,5.939515,2.515620,-5.069330,-9.154965,-0.646623,-10.079283,7.309185,9.854464,-2.972819,1.610658,-3.768052,5.571283,-9.526458,0.808219,1.610218,-0.482433,-6.851831,-5.125704
vacancy_1368,4.011228,-1.757445,4.475789,2.860705,-9.002103,-1.848049,9.274911,8.733981,-5.582883,2.700537,-8.411648,8.684690,-5.219566,-1.485846,2.047031,6.229668,10.232711,3.834575,0.814483,5.058115,-8.659350,4.754545,-4.883567,3.164140
vacancy_1369,-2.494756,4.827182,5.600218,0.149323,5.188005,1.853471,-8.452375,5.175969,3.255758,-3.241048,-5.888740,-5.937102,-10.390748,9.871089,-2.803232,7.585965,-2.449848,-8.010425,-4.224090,8.634797,-1.435080,-7.738959,-2.825874,-9.028043
vacancy_1370,-2.796296,5.672858,6.049833,0.936114,5.635341,0.416651,-8.938366,5.210078,3.147000,-4.284504,-5.229277,-7.186558,-9.149486,10.025562,-2.862222,8.084557,-2.326953,-6.890250,-4.334808,8.805907,-3.069393,-8.166917,-2.641811,-8.751984
vacancy_1371,-4.681797,4.913594,6.835475,10.224497,-6.543339,-3.340907,-5.006341,8.849827,9.971738,4.925188,-3.952996,-7.981790,4.971996,1.349871,-4.788576,7.562060,7.662584,2.009170,0.324661,3.575715,8.060319,-7.655873,-4.690058,-8.080806
vacancy_1372,-3.867434,4.479016,6.610331,9.510252,-6.698069,-3.450158,-5.652147,8.665949,9.105151,6.901728,-5.463059,-7.245059,4.685970,0.998479,-3.961144,8.288525,6.731758,2.771959,-0.196792,3.574174,8.317875,-7.302637,-3.317095,-8.397274
vacancy_1373,4.776448,-0.432089,3.594873,1.789385,-7.693684,-1.088669,9.037455,8.616351,-5.943697,3.182776,-8.202535,11.196257,-4.490061,-2.053337,1.858972,6.571960,9.216325,4.194897,1.136947,6.100456,-8.716677,3.629137,-5.287147,2.541300
vacancy_1374,4.603921,0.022143,4.285553,2.695584,-6.440092,-1.313431,8.187580,9.763004,-5.134328,3.193023,-8.571532,9.434538,-4.492962,-2.033452,2.930170,6.876799,8.463983,3.798107,1.279587,5.948317,-9.006104,5.024708,-5.395733,1.640566
vacancy_1375,-2.878112,5.779562,5.528156,0.886664,4.522131,2.309053,-9.344868,4.643196,2.182028,-3.458785,-5.330217,-6.921343,-9.593657,8.003922,-2.511559,7.045488,-1.033820,-7.285239,-4.218306,8.430260,-3.364427,-7.276137,-2.807842,-8.974044
vacancy_1376,-9.535502,-4.997118,9.995772,0.324634,5.591744,3.277952,2.410239,5.799455,7.814139,-4.581659,5.065876,-11.187602,-5.103923,-4.737707,2.304655,2.885811,-8.943915,-4.394448,1.262582,-5.305872,2.231229,6.533123,-7.978977,4.127454
vacancy_1377,3.768640,-1.669133,4.854720,1.930430,-6.378658,-0.834432,8.406109,8.853795,-6.290358,3.520103,-7.264278,10.053648,-5.146604,-2.642909,2.358988,6.999606,9.361187,3.416450,1.425915,5.666334,-9.263120,5.385664,-5.260572,1.962713
vacancy_1378,-6.791849,-3.700373,-1.928760,-4.077522,-0.287902,3.657427,-2.913770,-0.160426,-2.950899,-7.351024,-8.326418,-9.180825,-7.333366,6.693148,-8.152525,5.240501,7.883512,0.289801,-8.905521,4.522625,-1.398558,-0.477156,7.415527,-9.039122
vacancy_1379,-4.244865,4.467389,6.436777,10.824085,-6.201124,-3.566079,-5.252409,8.407496,8.605884,6.529571,-3.941291,-6.683878,4.582056,0.133315,-3.710660,7.868969,6.509247,2.452069,0.540972,4.242896,10.138863,-7.429613,-4.725206,-6.906677
vacancy_1380,-6.539125,-3.779392,-1.261842,-4.241015,-0.980151,3.712754,-3.619952,-1.048234,-2.089038,-6.785776,-6.915467,-9.175652,-7.587515,8.066054,-10.892696,4.587486,6.702907,-0.036342,-8.959674,4.660651,-2.297266,-0.210831,7.653129,-8.560969
vacancy_1381,-7.329515,1.223015,1.564693,4.682117,-4.381550,-2.915315,6.171412,-5.012511,-6.452325,-3.183536,-8.427406,0.949805,8.107459,6.817922,-1.796453,8.902150,0.792776,-3.245986,0.024014,7.977135,-5.908719,-2.223782,-6.143722,4.414798
vacancy_1382,-4.974845,4.826895,6.430749,10.753273,-6.917553,-2.848794,-5.932249,9.414390,9.075453,6.798703,-3.932622,-7.244785,4.141395,0.057237,-3.202250,9.173229,6.937155,2.570499,-0.174751,3.985916,7.651664,-6.865540,-4.431978,-8.330877
vacancy_1383,-5.690255,-3.254859,-0.836203,-2.953517,-0.304445,4.932312,-3.882185,-0.814307,-1.973578,-8.428217,-7.789624,-8.387496,-7.376335,8.202070,-9.236016,5.358957,6.556575,-0.106538,-8.792158,5.012473,-1.289802,-0.703916,8.282476,-10.500306
vacancy_1384,-0.530957,-4.567017,5.795251,2.687467,9.168930,-10.209382,7.812345,0.683003,-0.568789,-0.157794,-7.219742,-9.071015,5.531693,3.028323,-2.112894,0.110859,-1.908461,-2.184351,-5.726577,5.625102,0.006918,2.156783,1.952457,-8.032449
vacancy_1385,-7.451779,-4.222755,-2.243655,-2.356021,-1.879110,4.264788,-4.106146,-1.523967,-2.878492,-8.104149,-7.491593,-10.295102,-8.499538,6.434038,-9.586105,5.028310,6.611937,-0.533630,-8.455111,5.389674,-2.304520,0.430385,7.716008,-9.824258
vacancy_1386,-6.706193,-3.076748,-1.702315,-3.726201,-0.442397,3.924455,-4.545188,-1.332393,-2.158863,-7.589389,-9.533710,-10.227997,-7.963688,5.514538,-9.540889,3.243879,7.645553,-0.399724,-8.224558,5.585468,-2.011329,-0.789016,7.831973,-9.889239
vacancy_1387,-6.432050,-3.977415,-1.705760,-3.424925,-1.879304,4.819049,-5.448809,-0.571067,-3.655793,-6.973454,-7.696055,-10.048037,-7.475133,7.723485,-10.169989,5.002045,8.230508,1.294870,-8.151553,5.111635,-0.454869,-0.968224,7.630988,-9.446037
vacancy_1388,-9.820011,-4.542678,9.581239,-0.079274,6.787838,3.980439,3.251400,5.079643,6.431591,-3.197627,6.374677,-9.704477,-4.825132,-4.435283,2.137961,3.635140,-9.495934,-5.360583,1.252267,-5.875998,2.938102,8.343417,-8.806532,3.154649
vacancy_1389,-7.891180,1.874375,0.376998,3.597979,-4.190935,-4.294585,5.152445,-3.701224,-8.052307,-3.561413,-7.892169,1.325635,8.508164,5.451599,-0.543197,8.540279,1.817690,-2.573363,0.241653,7.676601,-5.643135,-3.028072,-5.816171,4.157981
vacancy_1390,-3.232121,4.793955,5.571667,0.551999,4.506182,1.030885,-8.931964,5.736075,2.568426,-3.588965,-6.771647,-6.178597,-9.679657,7.799542,-2.210156,6.867944,-2.198328,-6.406894,-4.155501,8.374253,-2.873321,-8.170726,-3.110710,-8.717350
vacancy_1391,-0.323097,-5.202412,5.813014,1.994925,9.286422,-9.660684,5.876877,0.988553,-0.590903,-0.262460,-7.455382,-8.426113,4.553640,2.902816,-1.162006,1.538492,-2.291323,-2.227093,-6.013964,6.862152,0.916300,2.038909,3.222934,-5.803204
vacancy_1392,-0.535949,-4.786743,5.448884,2.888469,9.070041,-9.107465,5.501266,0.969623,-1.797544,0.073022,-7.155347,-8.105269,4.355660,2.299537,-2.575914,0.748894,-2.912832,-1.815462,-6.180215,6.618560,0.199789,3.093820,3.283817,-5.361465
vacancy_1393,-8.435753,-5.812283,-9.478032,-5.949331,-6.483954,-4.701767,6.394132,1.582960,-4.439975,-8.832880,0.597591,-9.802195,6.116720,9.141352,-1.988566,2.122268,-4.283590,4.555582,-9.240602,0.505505,1.203144,0.399316,-7.677186,-6.193674
vacancy_1394,-3.852316,4.672664,6.263512,9.605612,-7.033938,-2.417853,-5.353920,9.222510,10.232842,6.176316,-4.486241,-8.290979,4.247975,0.839511,-2.858773,8.005453,7.250733,1.869472,-0.566280,3.973877,9.592311,-6.654043,-4.367835,-8.714141
vacancy_1395,-4.372293,4.667946,7.229388,9.358838,-6.305966,-3.872545,-4.895828,9.060781,8.806783,7.193475,-4.108057,-8.280843,4.832105,1.033450,-4.671849,8.032336,6.095325,3.014954,0.234967,4.389963,9.533983,-7.452157,-5.122246,-8.240999
vacancy_1396,-2.663518,5.660119,5.685014,0.541716,5.147132,0.868039,-9.116388,5.287934,2.584117,-3.059141,-5.411260,-6.982393,-9.765376,8.683526,-2.451415,6.925417,-1.875697,-6.156586,-2.591720,8.425885,-3.192191,-7.709513,-3.119417,-8.598928
vacancy_1397,-3.800794,3.237603,6.856999,9.769695,-6.405280,-3.809761,-5.178687,8.967517,8.754508,6.176670,-4.354085,-6.383302,4.300540,-0.008306,-2.567857,8.366137,6.533130,2.594084,-0.147350,4.917140,8.459379,-7.100093,-4.247425,-8.166983
vacancy_1398,-7.160996,-3.306257,-1.804105,-4.177450,-1.306581,3.738740,-3.454623,-0.355043,-2.491921,-7.113514,-7.435600,-9.022791,-8.134311,7.972282,-9.841467,3.394271,8.126086,0.392658,-7.830498,4.419859,-1.414159,-0.485455,6.930582,-10.174372
vacancy_1399,-7.666226,2.441134,1.134944,4.106709,-4.107071,-4.455397,4.861798,-5.649061,-7.411492,-3.981387,-7.849469,0.193408,7.994695,5.554848,-1.570291,10.131947,1.176054,-3.336404,-0.985737,7.488140,-4.678929,-2.119372,-6.105801,4.179799
vacancy_1400,-3.553324,4.855817,6.227483,9.806783,-5.734862,-2.307711,-4.621050,8.106477,9.094691,5.755194,-3.515017,-8.040964,4.682284,0.351131,-3.991877,8.688578,6.136228,2.250606,-0.053621,3.433361,8.467730,-6.744249,-5.086920,-7.982045
vacancy_1401,-1.331294,-3.977947,4.648893,2.902370,8.734082,-9.102489,7.152428,0.274846,-2.078276,-0.164429,-7.722125,-7.343700,5.419882,2.929436,-1.704270,1.182696,-2.966764,-1.888956,-5.778769,7.475599,1.277506,2.687835,3.327415,-6.839341
vacancy_1402,-4.563361,5.196988,6.522648,9.792014,-6.188718,-4.356283,-4.551386,7.718235,9.624954,6.361076,-4.097922,-8.423875,5.767739,-0.246282,-4.577407,8.114183,6.969312,1.920039,1.321050,4.294763,9.177206,-6.667774,-3.705916,-7.683732
vacancy_1403,4.176143,-2.264493,2.988820,2.538883,-6.866354,-0.719894,8.028317,9.527084,-4.970697,3.323540,-7.549539,8.641124,-5.383863,-2.110427,1.624790,7.107211,10.157741,3.949932,1.139903,6.562084,-10.574960,5.667886,-4.745026,0.840093
vacancy_1404,-7.876590,-6.671951,-9.469610,-4.840926,-5.952363,-5.383307,6.383407,1.848219,-3.990359,-9.099391,-1.234986,-9.766356,6.098090,8.363908,-2.722348,2.373610,-3.780385,5.274689,-8.592571,0.420449,3.160650,-0.864841,-7.874890,-5.683949
vacancy_1405,4.460628,-0.928575,3.662447,1.151232,-7.012591,-2.274559,8.889951,8.317760,-4.860589,3.468427,-8.224513,9.259815,-4.941319,-0.942893,2.749052,6.579217,9.534568,4.783678,0.804437,5.243937,-9.169190,4.825099,-4.619341,2.379130
vacancy_1406,0.154277,-4.302849,4.617951,3.146210,9.001063,-8.851512,6.906435,1.046590,-1.122009,-1.187054,-7.095666,-10.589438,6.211412,3.114303,-2.110269,0.232487,-2.488967,-1.103985,-5.497911,5.891933,0.870019,2.858782,3.202354,-4.614429
vacancy_1407,-3.264375,4.832876,6.798870,9.806608,-6.723973,-2.428043,-6.006994,7.431990,9.850010,6.672702,-4.582778,-8.053939,3.648081,-0.330796,-4.738030,8.742320,7.821633,3.109101,-0.007197,4.109312,7.167081,-6.130390,-4.082714,-7.990856
vacancy_1408,-2.372507,5.529574,5.160157,-0.100291,4.228135,1.851103,-8.588936,4.661907,3.783118,-2.037217,-5.456419,-6.060784,-9.139242,9.630132,-2.248622,6.982037,-1.533548,-7.523684,-4.687581,8.941891,-2.364155,-7.530883,-3.563671,-10.844805
vacancy_1409,-6.813922,1.540725,0.662321,3.382250,-3.757461,-4.609096,5.413835,-4.535221,-6.988808,-4.402199,-7.188679,0.261392,7.953727,5.841695,-0.649252,10.235150,0.250367,-3.376519,0.162058,7.483524,-5.030762,-2.300143,-5.972892,5.959599
vacancy_1410,-5.143082,4.912300,6.566216,10.450657,-5.704190,-3.727154,-5.818627,7.438471,8.822873,7.963424,-2.846965,-9.175705,5.610307,0.736522,-3.938482,9.187236,7.482784,1.094570,-0.260977,4.620462,8.709284,-8.267279,-5.328908,-7.601336
vacancy_1411,-4.472598,4.210017,6.718449,9.359181,-6.518285,-3.131723,-4.567055,9.139400,10.045301,6.198804,-3.894151,-8.990384,3.748219,-0.008754,-3.624218,7.701265,6.921859,2.701273,1.257935,2.439401,8.840647,-6.097510,-4.645912,-8.680993
vacancy_1412,-8.099015,-3.005300,-0.396296,-3.449320,-1.806516,4.611890,-3.383666,-0.597325,-3.368735,-7.631844,-8.006330,-9.879581,-7.873530,7.449559,-8.572000,4.633741,7.580179,0.853803,-9.015382,5.167653,-1.438605,0.423840,7.413808,-9.134938
vacancy_1413,-7.809127,1.153293,0.625446,2.715224,-3.205767,-4.774965,5.118084,-5.549452,-7.683640,-5.107209,-7.985935,0.128170,8.702244,6.688120,-0.108305,8.990200,0.796444,-1.496149,1.167510,7.977257,-6.831641,-3.378820,-6.593198,5.360021
vacancy_1414,4.381670,-0.981433,2.820629,1.817143,-6.828847,-2.551267,8.637731,7.355061,-5.104522,3.472070,-8.599663,10.091249,-3.980111,-1.569143,2.968580,6.663323,9.814281,3.957827,1.453944,5.047889,-9.675894,5.654760,-5.824402,2.169145
vacancy_1415,-7.691679,-4.505056,-2.360303,-2.687192,-1.377910,4.313036,-3.404943,-1.552486,-2.471247,-7.136119,-8.045747,-8.239512,-7.777042,7.036954,-10.261071,5.805506,7.173555,1.561321,-9.141199,4.486062,-1.596251,0.623432,7.207495,-9.782158
vacancy_1416,-9.495639,-7.160085,-8.431508,-4.364225,-5.859232,-5.879783,5.425371,1.595116,-4.227405,-8.775688,-0.945490,-10.453690,6.356027,9.431586,-2.226186,1.646643,-4.473743,4.757254,-9.987626,0.404091,2.260412,-0.292071,-6.817734,-6.439815
vacancy_1417,-2.382354,4.487169,6.025245,1.189134,5.425250,2.547340,-10.010561,5.244475,2.585015,-3.676519,-5.917643,-7.921097,-8.649078,9.401369,-2.958276,6.303927,-0.789467,-7.102499,-4.068964,9.059145,-3.038753,-8.919855,-3.145878,-9.512470
vacancy_1418,-7.976283,-6.330951,-8.422835,-5.952020,-5.678136,-6.922450,6.007254,1.343272,-5.118272,-8.463095,-0.636716,-9.820201,6.455239,10.259377,-3.092838,2.097461,-4.247551,4.843619,-10.377427,0.345154,1.881878,-1.263276,-7.709273,-5.233206
vacancy_1419,-7.029267,2.156815,-0.530789,5.219497,-3.033815,-4.129876,6.006302,-4.034541,-8.138164,-3.165570,-8.375196,-0.257409,7.913426,6.610293,-0.191312,8.649231,0.386235,-2.906464,-0.736348,7.511279,-5.579162,-2.082679,-5.247596,5.058526
vacancy_1420,-3.527600,5.134397,5.594691,1.673591,4.521301,1.599238,-9.275800,5.192964,3.479730,-2.925753,-5.280702,-6.881015,-10.356065,8.367359,-2.218190,7.427463,-2.522150,-7.142673,-5.198293,10.052804,-3.738131,-8.398731,-2.443438,-8.577943
vacancy_1421,-6.431825,0.804377,0.259798,3.300938,-2.948844,-4.516618,5.715848,-5.122603,-7.646318,-3.856202,-7.328080,0.316481,8.843049,5.719124,-0.372918,9.462832,0.606037,-2.892261,-0.505413,7.500302,-5.856534,-3.590037,-5.512988,4.113704
vacancy_1422,-7.006927,1.938508,0.718852,3.787531,-2.177255,-4.472850,4.675431,-4.174758,-7.624149,-4.663053,-8.128356,1.289959,8.117569,5.924252,-1.154265,9.324418,0.995032,-3.293980,-0.460751,9.053109,-5.096879,-2.207070,-4.152322,4.212430
vacancy_1423,-2.845386,5.376511,6.184846,9.890154,-6.230203,-4.226809,-5.542064,8.741183,10.287762,5.888021,-4.113754,-7.339052,5.099991,0.315218,-4.441851,9.191016,7.395754,2.364222,-0.915173,3.515124,8.534717,-7.442821,-4.489100,-7.242763
vacancy_1424,-6.499161,2.049212,1.251148,2.942212,-2.880477,-4.376172,6.349187,-4.222903,-6.754450,-4.706554,-7.845481,2.355985,9.026382,5.486555,0.117806,9.233180,1.689099,-2.962136,-0.143119,7.194215,-6.423049,-2.449527,-5.212038,3.750008
vacancy_1425,-7.031618,-3.688836,-4.135268,-4.503016,-0.800187,3.871819,-4.708758,-0.644360,-2.271211,-6.525629,-8.050183,-7.966380,-8.476234,7.171873,-9.942557,3.979667,7.440083,1.723059,-8.567453,4.858220,-1.726641,-1.034744,7.429216,-9.487965
vacancy_1426,-3.627274,5.619171,7.074300,9.595462,-4.390630,-2.727260,-5.627452,9.318973,9.184091,6.171234,-4.172598,-7.109987,3.470653,0.680063,-4.506736,8.390139,6.748559,3.049337,-0.005621,4.554007,10.396274,-6.916097,-4.555502,-8.623551
vacancy_1427,-4.704094,3.618752,6.522210,8.987749,-5.805192,-3.694441,-5.865517,8.342258,8.906342,6.133692,-5.353393,-8.116030,4.145676,0.827984,-3.545176,8.250845,7.146977,1.559833,0.629465,4.917914,9.745620,-7.610798,-4.765121,-8.278003
vacancy_1428,2.673888,-1.349595,3.279118,0.960255,-6.936620,-2.112456,8.075930,8.497756,-5.030278,3.152681,-8.136524,9.068971,-4.761544,-2.515538,1.507713,6.999522,10.905647,4.442487,0.702726,4.951048,-9.926945,5.367998,-4.157496,3.096882
vacancy_1429,3.978007,-1.451911,3.909022,0.787651,-6.622534,-2.712048,7.556977,9.105505,-5.537072,3.012331,-7.396896,10.225719,-4.967258,-2.276612,0.995062,6.145202,9.454930,4.011857,1.168133,5.240631,-9.647748,5.393780,-4.278669,2.748271
vacancy_1430,4.820948,-2.478452,3.468334,1.467337,-6.166907,-1.691496,8.364453,9.121962,-5.120326,3.613994,-7.278786,10.816734,-4.747128,-2.051624,1.844688,6.977223,8.983650,4.587406,1.133741,5.547562,-8.097542,5.067022,-4.791703,2.711629
vacancy_1431,-7.412951,-3.527078,-1.918887,-4.668907,-0.153428,3.801158,-4.572522,-0.984597,-2.389982,-7.726010,-7.683651,-9.204237,-8.273850,6.346638,-9.969195,4.483354,7.013287,1.019048,-9.442401,4.361402,-2.245373,0.191771,6.843812,-10.324702
vacancy_1432,-6.546637,-4.432953,-2.173856,-4.540251,-0.188551,4.544443,-3.936821,-1.611787,-1.746306,-7.645410,-6.944724,-8.802967,-7.364937,6.833991,-9.080233,4.855873,7.775534,0.722775,-9.721464,5.181565,-1.575030,-0.994115,7.175604,-9.768803
vacancy_1433,-8.008397,-5.445571,-9.314053,-5.855286,-6.452803,-5.020688,6.517212,1.781267,-4.743964,-7.578133,-1.129916,-8.886595,4.983720,8.881376,-2.904608,2.429135,-4.707484,5.026858,-9.871130,-1.092112,1.670912,0.057401,-6.516237,-6.382402
vacancy_1434,-0.738237,-4.896220,4.161397,2.156012,8.528584,-9.067537,5.984967,-0.255536,-1.099909,-0.103918,-7.439696,-8.825678,5.180510,4.034259,-2.178813,0.841499,-2.348576,-1.906312,-5.159399,6.975652,-0.867809,2.607806,2.974644,-5.195331
vacancy_1435,-8.782932,-6.544547,-8.021678,-4.947330,-6.383460,-5.715333,6.514386,2.434729,-4.122841,-9.240674,-2.007071,-8.460933,5.604204,8.889073,-2.018031,1.260946,-3.934872,3.726014,-10.134335,0.469496,2.238176,-0.234351,-8.003094,-5.515291
vacancy_1436,-10.102258,-4.507966,10.330844,0.512832,6.472506,4.244775,2.504876,5.382261,8.357896,-4.310122,6.779288,-9.905434,-4.364218,-5.855215,2.346654,2.531488,-8.242098,-4.617414,0.378288,-5.084239,2.583246,7.852803,-7.661268,3.773586
vacancy_1437,-7.740006,-3.720188,-2.199566,-4.179025,-0.926583,4.134063,-4.592342,-1.931875,-2.854071,-7.207462,-8.184794,-8.566674,-6.991356,6.444540,-9.933156,3.218178,7.279386,0.961406,-7.635614,4.933597,-1.279928,-0.380671,7.766153,-8.626763
vacancy_1438,-10.278882,-4.341270,9.659877,-1.130162,6.372247,4.339963,2.366684,4.200936,7.590537,-4.730284,6.267196,-9.455344,-4.531252,-5.077713,2.530826,2.617837,-9.563915,-4.885352,-0.413492,-5.348148,2.231903,7.874050,-7.794627,3.361442
vacancy_1439,4.111387,-1.641191,4.570013,3.057187,-8.417346,-1.260755,7.661609,8.571656,-6.033809,2.328614,-8.128398,9.910843,-4.890547,-2.748349,2.494040,6.941495,10.148615,4.583984,0.354584,6.535218,-10.262404,4.813701,-6.059891,3.416927
vacancy_1440,-7.293693,2.257097,0.268633,3.963796,-3.098639,-3.978305,7.055086,-5.357527,-6.650312,-3.312237,-8.322163,0.168372,8.939515,5.769673,-1.894767,8.957484,0.469206,-3.655911,0.106650,9.357026,-4.825107,-2.520613,-7.373164,4.631740
vacancy_1441,-7.678218,1.375428,1.494109,2.800877,-3.227203,-4.268988,5.374744,-4.296909,-7.929870,-4.933539,-7.959168,0.794799,8.496050,6.557600,-1.932017,8.913690,0.989459,-3.094402,0.350144,7.687108,-5.125826,-1.894967,-5.734827,3.896404
vacancy_1442,4.735179,-1.541969,3.539814,1.525339,-6.334668,-1.376875,7.536094,8.628359,-5.834335,4.144909,-7.933160,9.593258,-4.466791,-1.913663,2.219822,7.891378,9.353696,3.932169,0.221520,6.231549,-8.811872,3.989298,-5.695807,1.550642
vacancy_1443,-0.890640,-4.653632,4.571339,3.567825,8.339962,-10.211595,6.728605,-1.816235,-0.991175,-0.137735,-6.878929,-8.715950,5.268765,2.793139,-2.188574,0.106365,-1.464408,-2.410268,-6.588212,6.524166,0.338988,2.495620,1.766702,-5.823815
vacancy_1444,4.712822,-1.001849,3.344076,1.013135,-7.309870,-0.515084,7.803277,8.210051,-5.112994,3.942261,-7.619638,10.786565,-5.261912,-1.991412,2.466491,5.710262,9.857716,4.193962,0.491639,5.619285,-8.047214,4.708311,-4.859743,2.918139
vacancy_1445,-9.334529,-5.547901,9.356745,0.217843,6.934233,3.225815,1.904452,4.144645,7.140372,-5.099410,6.494423,-9.968547,-5.023319,-5.593680,2.432378,3.065018,-9.724168,-4.379348,1.382889,-5.976896,2.870689,7.342902,-7.017110,2.904311
vacancy_1446,-6.883171,1.850471,-0.759552,3.880117,-3.356007,-3.920330,4.229084,-5.212710,-7.670356,-4.308235,-7.949270,0.155955,8.411398,5.568253,-0.307363,9.017861,-0.238490,-2.731206,0.389448,7.203592,-5.355744,-2.183857,-6.549797,4.170285
vacancy_1447,3.244347,-1.168022,4.182220,2.306436,-7.299070,-1.870359,8.089454,8.137474,-5.809294,3.401669,-7.539684,10.114984,-4.117504,-0.868526,2.138382,7.167049,10.349382,3.590735,1.328972,6.030877,-9.411435,5.298942,-5.267225,2.521316
vacancy_1448,-9.324395,-5.502266,-8.300293,-5.772174,-5.169320,-5.999423,5.401900,3.225508,-3.954064,-9.628765,-0.531730,-9.090433,6.178967,10.265402,-3.429168,2.072442,-5.074959,4.953590,-10.326460,-0.147619,2.163752,1.485638,-7.337082,-5.836439
vacancy_1449,-8.209053,-3.120372,-2.451446,-2.968471,-0.604179,3.676996,-5.706431,0.417522,-2.197536,-7.433954,-6.905354,-9.761307,-7.682428,6.562882,-10.524383,4.693997,6.900095,0.207787,-8.726816,4.638791,-1.708206,-0.728881,8.444825,-9.433337
vacancy_1450,-4.037237,3.460017,6.775793,10.169269,-6.391750,-3.708303,-5.198175,8.788979,8.186934,6.324511,-2.822165,-7.961008,3.903683,0.493434,-4.812681,7.915141,6.514996,1.883366,0.677421,4.358321,8.723041,-6.972556,-4.679376,-7.923663
vacancy_1451,-2.518609,5.986255,8.000289,0.535982,5.169376,0.435920,-8.572299,5.218796,3.721843,-4.470132,-6.246632,-5.787999,-9.666998,9.837187,-3.394300,6.635544,-2.610153,-7.278550,-3.859897,9.461307,-2.656759,-7.940548,-1.498044,-9.591410
vacancy_1452,-0.630966,-4.259038,3.941010,3.203708,8.437423,-8.881646,7.433828,-0.157064,-0.954103,-0.259162,-6.619260,-9.357089,4.668403,2.485007,-2.571303,-0.180322,-1.534497,-1.951849,-4.914791,6.832646,0.141454,2.171817,3.910154,-6.140846
vacancy_1453,-9.893878,-4.277881,10.578437,-0.238084,6.410519,2.957476,2.687177,4.573145,6.946862,-4.127875,7.064705,-9.459951,-3.997417,-4.534232,2.187844,3.653120,-9.259621,-4.772796,0.429637,-6.250687,3.053045,7.689754,-8.008752,2.277468
vacancy_1454,-4.210350,5.640833,4.566675,1.555805,4.423845,0.992839,-9.560721,5.751318,2.885057,-3.859709,-5.598648,-6.404162,-9.751068,8.231036,-2.683046,7.517952,-0.892295,-7.018139,-4.456312,8.571970,-3.066965,-8.476592,-2.200503,-8.927471
vacancy_1455,4.168283,-2.248814,3.459418,1.381004,-6.257427,-1.914080,7.143498,8.443931,-6.030479,2.125450,-9.026544,8.970767,-6.374060,-1.030990,3.159412,6.704889,8.377259,3.519097,1.266966,4.813481,-9.591061,4.915823,-5.363883,2.337833
vacancy_1456,-3.199110,4.310298,5.935530,1.659504,4.561768,1.154381,-8.597546,5.158666,2.743813,-4.182228,-5.922690,-7.103092,-9.199480,9.651595,-2.527949,5.769832,-2.920585,-6.881616,-4.897639,9.028598,-2.696284,-8.680108,-2.682745,-9.753106
vacancy_1457,4.046944,-0.808034,4.143094,1.150973,-6.998336,-1.409944,8.027753,8.371570,-5.051414,3.434547,-7.223804,10.425755,-4.278866,-1.910608,1.885110,6.852464,9.643842,4.216228,1.738194,5.583685,-8.637363,5.201663,-5.001900,1.605858
vacancy_1458,-3.202201,4.646083,6.471554,0.883534,3.565995,0.137407,-9.706583,5.314580,3.336701,-3.288376,-4.842757,-6.701613,-10.211623,8.783620,-3.155466,7.972956,-2.351688,-7.521872,-4.415197,8.519682,-2.483815,-8.835170,-2.239189,-9.763277
vacancy_1459,-2.687339,5.102964,6.145817,0.495076,4.757320,1.202711,-9.609176,4.471983,3.611909,-3.653066,-6.204990,-7.046859,-9.047575,9.012452,-2.727791,6.535581,-3.172211,-7.379228,-4.318379,8.848783,-3.791836,-7.739663,-2.797918,-9.281587
vacancy_1460,-8.435338,2.486068,0.594855,3.284364,-3.073440,-4.325219,5.747443,-3.893655,-7.486033,-4.236981,-8.806604,1.209825,8.042206,6.640869,-0.703484,9.521216,1.345026,-2.323602,0.687290,9.384078,-4.784203,-3.019457,-5.598502,5.122783
vacancy_1461,-7.874346,-2.744783,-3.408057,-3.913176,-0.518381,3.483834,-3.972028,-0.640478,-3.693971,-7.463409,-7.813807,-10.158263,-8.658538,7.830415,-10.421431,3.827771,7.914895,0.629467,-8.443867,5.852524,-0.498158,-0.963217,8.054228,-10.093860
vacancy_1462,-0.450377,-6.151068,4.086994,2.638563,8.511943,-9.288825,6.155670,-1.330395,0.570953,-0.340986,-8.189999,-8.334736,5.739403,3.305435,-3.084727,0.319420,-2.056820,-2.393098,-5.369390,6.576192,0.755033,2.684211,2.275089,-6.050418
vacancy_1463,-8.518975,-6.473376,-9.358193,-4.771978,-6.225144,-5.660551,4.924482,2.415466,-4.101295,-8.040133,-0.539519,-9.128045,6.619740,8.735785,-2.858502,0.714629,-4.894412,5.059303,-10.375256,0.068032,3.160786,-0.013228,-8.553881,-4.931993
vacancy_1464,-9.291225,-4.380195,10.568380,1.303313,6.306619,3.224252,3.546821,3.910339,7.793337,-3.942529,6.128281,-8.619121,-4.684676,-3.720498,2.887894,3.900577,-9.604709,-5.848762,-0.679465,-7.510029,1.127547,7.299220,-9.194393,4.001158
vacancy_1465,-8.852747,-4.231725,10.430741,1.248365,6.729052,3.339045,2.373779,5.285542,8.200095,-3.758154,6.576122,-8.270682,-4.811397,-4.821552,1.724809,4.016624,-10.401989,-4.784230,-0.958904,-6.631428,1.753312,7.059079,-8.227849,2.228126
vacancy_1466,-7.963785,2.106894,0.405831,3.173471,-4.007956,-4.717064,6.904334,-4.711800,-8.049596,-4.345363,-7.774256,0.814304,8.533103,5.690079,-2.002068,9.749382,0.728123,-2.334293,-0.629366,7.431078,-6.667420,-1.580334,-6.137213,4.544078
vacancy_1467,-3.650550,5.690976,6.749053,0.898572,5.243247,1.952617,-7.894706,5.447851,2.585872,-2.880748,-5.587060,-8.015404,-10.210807,9.069511,-3.449054,7.425253,-2.661367,-6.696051,-4.802156,8.855084,-3.631285,-7.014337,-2.469357,-9.738193
vacancy_1468,-8.598045,-5.582599,-8.663224,-5.915444,-6.439145,-5.265488,6.401184,2.357529,-4.318952,-8.012460,-1.412142,-10.028614,6.800680,9.347069,-2.173534,1.795735,-3.780313,4.910065,-10.042407,-0.368144,2.358938,0.025430,-8.847847,-4.587703
vacancy_1469,-8.440106,-5.695464,-9.423251,-4.994447,-6.039295,-6.017690,5.538688,1.589961,-3.300992,-7.830467,-1.187131,-9.214672,6.635378,10.165989,-3.268930,0.896735,-3.988220,5.980040,-9.333166,-0.348090,1.525429,-0.337951,-7.841506,-4.464900
vacancy_1470,-6.867847,-3.229404,-1.490084,-3.439087,-0.767053,4.188690,-4.708822,-0.767560,-2.759901,-7.186734,-7.238382,-9.407810,-7.176587,6.544852,-9.520137,6.805596,8.149060,-0.816205,-8.713100,4.858174,-1.418621,0.073398,8.916388,-9.467499
vacancy_1471,-8.456662,-6.918247,-9.502022,-6.667487,-6.269911,-5.228554,5.714335,1.905145,-3.994347,-7.744553,0.989267,-10.276044,6.103746,9.122499,-2.391331,2.831777,-4.332032,6.554483,-9.996847,-0.348830,3.203089,-0.723408,-8.776284,-4.919126
vacancy_1472,-9.176802,-5.907055,-7.916642,-5.867615,-5.794996,-5.266298,6.617733,2.033823,-4.443234,-8.331348,-1.233678,-10.147458,6.335797,9.989539,-3.330231,1.329171,-4.838257,5.840762,-10.658271,0.117360,2.172727,-1.035602,-8.009586,-5.112337
vacancy_1473,-0.831084,-5.693132,3.334678,1.418898,9.819614,-9.187629,7.405829,-1.074347,-0.370512,-0.471795,-6.704787,-8.790928,4.926156,2.914966,-1.185349,1.376323,-1.486836,-1.124383,-4.743133,6.791909,0.240876,2.790722,2.035288,-5.587172
vacancy_1474,0.615141,-5.529243,4.446725,2.158697,9.577875,-10.432400,6.614397,-0.153934,-0.933205,0.306916,-6.731611,-7.981410,5.041510,3.863856,-2.148130,1.991507,-2.033021,-1.936358,-4.816819,6.505880,0.448102,1.952497,2.381181,-6.424846
vacancy_1475,-6.674547,1.683517,-0.116336,4.396259,-3.589468,-4.126628,4.971721,-3.985690,-8.135765,-3.310379,-7.900908,1.057885,8.081600,4.988253,0.327318,10.059298,0.007161,-2.807906,0.340844,8.808050,-5.201338,-2.089218,-5.458931,5.973636
vacancy_1476,-7.682699,-4.941424,-9.152747,-6.095263,-5.738283,-5.691460,6.277530,2.887488,-4.183366,-8.644291,-1.572077,-9.395569,6.123507,9.676448,-3.478173,1.228353,-4.545313,5.567622,-9.167097,0.624073,2.910624,-1.026404,-8.041202,-5.884184
vacancy_1477,-9.249674,-3.986600,9.633468,1.271668,5.490198,4.469029,2.226497,4.367092,8.388515,-4.007729,6.138748,-9.877060,-4.951004,-5.993468,2.373830,2.152523,-8.618417,-4.693048,0.082914,-5.106131,2.970090,7.293100,-8.116471,2.471042
vacancy_1478,-5.930762,-4.589908,-2.443907,-3.312516,-0.780908,4.056826,-3.541353,-1.561339,-2.704198,-7.338567,-8.360748,-9.158411,-6.414741,7.502264,-9.042079,4.711383,7.806709,0.272213,-8.854703,4.954097,-0.756196,0.055877,7.373485,-8.802674
vacancy_1479,-7.708178,-3.804966,-2.627663,-4.013187,-0.108671,4.948076,-3.233801,-2.120636,-2.887090,-7.418121,-7.293117,-8.692987,-7.092980,7.033433,-9.254223,4.258009,7.168910,0.409812,-10.120615,5.964803,-2.146198,0.910732,8.586301,-8.271503
vacancy_1480,-3.696870,4.961439,6.151674,0.982834,3.640498,0.408973,-8.983145,4.552493,2.207652,-4.034731,-6.301445,-7.163609,-10.674078,9.963136,-3.391898,7.371445,-1.874459,-6.658676,-3.880394,9.104313,-3.421072,-8.069086,-2.891559,-10.088729
vacancy_1481,0.112547,-4.369388,3.785412,2.595167,9.288375,-9.506267,5.952332,-0.410080,-1.828425,-0.709641,-7.896711,-8.283222,4.330261,2.905320,-1.863267,1.554448,-2.214163,-1.214619,-6.108003,7.120233,1.571107,2.843440,2.872976,-6.036992
vacancy_1482,-0.846276,-5.175835,4.824631,3.849367,8.885207,-9.349334,6.128664,0.015146,-1.880285,0.162408,-7.372991,-8.445568,4.501413,3.420087,-1.440489,0.382325,-2.086171,-2.007667,-6.262416,7.074909,0.502175,2.038354,3.715280,-5.987262
vacancy_1483,-9.382933,-3.842034,10.447387,0.126418,6.656199,4.904839,2.311174,5.859245,7.483141,-4.806649,5.678154,-8.492349,-4.459290,-4.384983,2.079871,3.067791,-7.368729,-6.348484,0.494093,-5.792280,2.212361,8.612192,-8.993313,3.034175
vacancy_1484,-6.273368,1.623609,0.704086,3.986611,-3.477164,-4.706245,5.672559,-5.328152,-7.719421,-4.151832,-6.928127,0.153175,7.799832,4.683009,-0.260019,9.747937,1.386833,-2.226569,0.035057,8.548231,-4.798957,-3.265833,-7.074744,4.161643
vacancy_1485,-8.346832,1.370991,1.084148,3.340160,-3.653237,-4.135191,5.643848,-4.453517,-7.159941,-4.058591,-8.514051,0.376421,8.068688,6.426936,-0.769159,8.600725,0.896454,-2.489467,0.608210,7.238408,-4.971314,-3.058123,-6.405318,4.880543
vacancy_1486,-8.153594,-3.713414,-1.921600,-3.678047,-0.384172,4.261313,-3.113986,-0.840439,-2.568451,-8.172144,-7.842630,-8.923480,-7.408146,7.196712,-9.316707,5.494404,7.356478,1.171865,-8.419643,5.568806,-1.693917,-0.207467,8.210424,-8.662969
vacancy_1487,-7.109475,-3.295731,-2.820991,-3.423001,-0.732571,3.436807,-3.581469,-2.002343,-2.593477,-7.713068,-7.269875,-9.464922,-8.205610,6.570960,-10.279005,5.278984,7.062179,-0.071078,-9.276949,5.791142,-1.765283,-0.494748,7.443191,-9.548205
vacancy_1488,-0.181007,-4.523735,5.256756,2.176438,7.891972,-9.369662,6.255321,0.068124,-1.161702,-1.297890,-7.106625,-8.365745,4.326653,3.882544,-1.915430,1.278496,-2.098062,-2.174805,-6.322907,6.336017,0.967114,2.505868,2.716118,-5.568973
vacancy_1489,-2.654364,5.250310,6.347825,0.886852,4.144763,0.379252,-9.388248,5.284417,2.336798,-3.174879,-5.567667,-7.664741,-9.959368,10.017702,-2.274290,6.763444,-2.299810,-7.045535,-4.166328,8.472059,-2.967801,-6.856541,-2.359468,-8.589232
vacancy_1490,0.422856,-5.108583,4.364815,3.520174,7.946276,-8.319628,5.696349,-0.504181,-0.968961,-0.392535,-7.736128,-9.244192,4.043484,3.883492,-2.669721,-0.202045,-1.580167,-1.431311,-5.393492,7.228939,-0.265159,2.619242,1.828438,-4.497648
vacancy_1491,-10.107293,-5.135101,9.281349,1.615679,5.627553,4.468214,1.681432,4.235704,6.701500,-4.017673,5.740841,-9.388532,-5.140790,-5.169165,3.420337,2.794959,-8.426058,-4.940478,-1.154249,-6.480925,2.076121,6.650521,-7.593309,3.944982
vacancy_1492,-9.543176,-5.334596,-8.256627,-5.008607,-6.277538,-4.731805,6.329118,2.490035,-4.662871,-9.512538,-0.863388,-10.579247,5.416578,9.760267,-2.630457,2.233964,-4.240351,3.741326,-9.653728,-0.136187,2.422349,-0.204987,-7.917490,-5.093308
vacancy_1493,-10.128867,-3.950554,9.780753,0.147812,5.909096,3.800391,2.089293,4.273531,8.003325,-4.584672,5.317903,-10.863515,-4.511445,-5.153147,0.886159,4.000918,-8.899555,-6.089367,-0.174252,-5.653375,2.471267,6.927255,-7.576927,3.619398
vacancy_1494,-7.502635,-4.460504,-2.232658,-3.034824,-0.972288,4.673314,-4.019258,-1.780075,-2.305431,-7.348983,-8.721699,-9.003337,-7.614137,7.809752,-9.769699,4.597359,7.119919,-0.018057,-9.068896,4.396385,-1.897283,0.331412,8.596118,-10.143705
vacancy_1495,-9.587878,-4.158319,9.984754,0.273280,5.325000,3.791293,2.871353,4.870851,7.653985,-4.156319,6.481824,-9.684890,-4.649635,-4.980383,1.427298,2.644560,-8.499510,-5.960427,0.893138,-5.878400,2.829545,7.371700,-7.509542,2.542080
vacancy_1496,-4.564414,4.965877,6.574291,9.677299,-7.414578,-3.684294,-5.336535,9.064240,8.896117,5.463729,-3.931180,-8.461703,4.784283,0.664370,-4.138100,9.306127,6.588684,2.682451,-0.334105,4.236010,9.688674,-8.171701,-5.100030,-8.684688
vacancy_1497,-7.627033,-2.925640,-1.573636,-3.409969,-1.054680,4.367762,-4.160503,-0.613528,-3.918325,-7.570397,-7.581098,-10.145823,-8.004330,7.104994,-9.323277,4.179165,7.722481,0.816951,-8.327681,4.760840,-2.231174,1.100062,6.890636,-8.314258
vacancy_1498,-8.855695,-4.456829,10.625447,0.475265,6.344339,3.156535,3.817748,5.104855,6.943133,-5.390852,6.227853,-9.736100,-4.518053,-3.855865,2.935826,4.058203,-9.375525,-4.962865,-0.904890,-5.710662,2.092484,7.156747,-8.121902,3.004903
vacancy_1499,-4.759725,5.033715,7.035999,9.853956,-6.807663,-3.215264,-4.963874,9.383636,9.151280,6.130872,-3.471164,-8.411082,4.881259,0.421036,-4.810821,8.623204,6.454381,1.762654,-1.605264,3.597255,9.120731,-6.630241,-3.710774,-8.671621
vacancy_1500,-3.881078,4.161497,6.274413,10.139394,-6.500212,-3.317308,-5.729033,9.008896,8.905932,6.068850,-5.183998,-6.544639,4.351737,1.351058,-3.322674,8.203569,6.643797,2.046393,-0.586736,3.210821,8.160999,-7.166418,-5.071199,-7.195895
vacancy_1501,-8.825642,-6.187030,-9.041228,-5.299217,-6.125788,-4.543628,5.378343,2.489995,-5.069483,-8.777626,0.420017,-9.317699,6.176762,9.324006,-3.716227,2.620950,-4.819574,5.493344,-10.957359,-0.323516,2.148387,-0.877041,-8.196143,-5.196333
vacancy_1502,-10.059816,-4.323136,10.417078,-0.107857,6.485928,3.288287,1.840292,4.358642,8.364427,-4.799831,6.600730,-10.242206,-4.541765,-4.341809,2.787308,3.583275,-10.227451,-5.327451,0.518908,-6.372920,3.743351,6.801971,-8.410113,2.771205
vacancy_1503,-4.124704,4.839956,6.526588,8.870538,-6.877961,-3.386406,-5.018478,8.568916,8.669733,6.261291,-3.926722,-7.472369,4.655405,-0.051327,-3.646933,9.131043,6.734992,2.053121,-0.257603,3.663372,10.416135,-7.060930,-4.740573,-8.076080
vacancy_1504,-3.912694,4.479384,6.252609,10.567559,-6.515009,-1.916265,-4.870750,9.318314,9.668054,5.527602,-3.285546,-6.702890,4.551385,1.315499,-4.178102,7.994027,6.880544,2.266712,-0.310231,3.189788,8.770690,-7.087190,-3.851494,-7.611213
vacancy_1505,-4.577096,6.380035,7.445742,0.858012,4.780172,2.110364,-9.097647,5.477155,1.502421,-3.933802,-5.594210,-6.165627,-9.477629,6.975519,-2.865177,7.512544,-2.246435,-5.869490,-4.255598,9.684441,-3.763714,-9.201118,-2.053552,-9.595811
vacancy_1506,4.412805,-1.160985,3.554531,1.634400,-6.957944,-1.686003,7.860560,8.656217,-6.105260,3.029580,-7.963532,10.068502,-4.970853,-1.611116,2.420901,7.048577,10.263582,3.943950,0.448918,5.571426,-9.494781,5.162607,-4.964711,2.414044
vacancy_1507,-7.670766,-4.694806,-2.117248,-3.332166,-0.812995,4.145423,-3.939358,0.160317,-3.198722,-6.645961,-7.858968,-9.240933,-7.517429,8.176643,-10.118807,3.870981,8.095918,-0.032771,-9.602186,5.523655,-1.485601,0.404397,8.354716,-9.861985
vacancy_1508,-3.129100,5.702820,5.272140,0.788519,5.550017,2.435322,-9.850350,4.810444,2.392697,-3.533017,-5.822940,-6.929130,-9.648571,8.974267,-2.480487,6.802058,-1.037516,-6.786136,-3.862577,9.833705,-3.425071,-8.041999,-2.623117,-9.566367
vacancy_1509,-7.177792,1.461827,0.286923,3.505438,-4.412548,-4.658531,5.826956,-5.097563,-6.842617,-5.034116,-7.745361,0.973436,8.046497,6.812137,-0.913785,9.289235,-0.159571,-3.603031,-0.127018,8.008932,-5.746114,-2.528029,-5.436564,5.299794
vacancy_1510,0.276383,-5.163273,4.446700,3.790836,8.633418,-8.641450,5.698129,-0.173535,-0.996705,-0.251465,-6.385017,-9.358850,5.036438,2.200570,-1.934663,0.498688,-2.176612,-1.029031,-6.083171,7.118803,0.809072,2.195315,3.558777,-6.033450
vacancy_1511,-6.594231,1.986374,0.841837,4.066108,-2.403704,-3.674744,5.828887,-5.279961,-7.539730,-3.758148,-6.702190,1.893749,7.935062,6.850656,-0.421767,9.756188,-0.206569,-2.805264,1.047487,7.850949,-5.946192,-1.569157,-6.061629,4.148966
vacancy_1512,-0.632186,-4.932189,5.321834,3.232626,9.357654,-8.578608,5.787864,1.149301,-1.437076,1.047304,-7.366786,-9.216927,5.184484,2.732636,-2.536367,0.322089,-2.118096,-1.847205,-6.953802,6.107549,0.072173,2.916109,4.300196,-5.010455
vacancy_1513,-10.797602,-4.032234,10.005946,0.821328,6.493129,4.076412,1.732364,4.234828,7.979737,-4.797140,6.769403,-10.123623,-4.897933,-4.693266,1.667943,3.218802,-9.192203,-3.897138,-0.421196,-6.563029,3.128140,7.579662,-7.751130,3.284498
vacancy_1514,-9.527670,-4.206833,9.942438,0.432763,6.921754,3.610095,1.735438,3.823557,7.783093,-5.730519,6.159187,-9.858832,-4.577791,-5.834639,2.370651,3.901509,-8.588604,-5.171883,-0.284927,-5.879359,2.943490,8.496938,-7.636886,3.274301
vacancy_1515,-8.138261,1.845008,-0.023455,4.675070,-2.193688,-4.083811,5.406781,-4.436315,-6.657944,-4.405809,-7.740088,0.045292,8.762980,5.685944,-0.010664,9.256770,0.766502,-3.158122,-0.569370,7.342884,-5.599035,-2.031270,-5.755378,3.557704
vacancy_1516,-1.636907,-4.765588,3.878876,2.015857,8.585835,-9.035587,6.850331,-1.110607,-2.382641,0.326835,-9.112152,-8.645637,4.780911,3.346049,-1.807939,0.631640,-1.582616,-0.728069,-4.599329,6.649793,0.949283,1.620206,3.819376,-6.934097
vacancy_1517,-6.714463,1.445256,0.899234,3.396318,-3.032244,-4.708850,5.165258,-4.874595,-7.352320,-3.915727,-8.795198,0.478713,8.868636,6.846448,-0.130985,10.347296,1.172058,-2.792328,-0.238423,8.782366,-5.401716,-2.399664,-6.354399,4.924263
vacancy_1518,-0.262581,-5.127255,4.658173,2.572737,9.697554,-8.765165,7.670483,0.497937,-1.381682,-0.719444,-7.604652,-8.582773,4.940296,3.271209,-2.616784,1.000861,-2.274404,-2.257261,-4.948227,5.985220,1.366772,2.452020,2.888100,-5.839092
vacancy_1519,-6.833909,1.937379,2.072018,4.011191,-3.480088,-4.575398,5.351532,-4.535609,-7.832107,-3.488304,-7.579547,1.846803,8.969587,7.441847,-1.057976,8.488461,0.053400,-2.414002,-0.639223,7.434242,-5.024436,-2.289541,-6.540815,4.638996
vacancy_1520,-4.188283,5.750016,5.224877,0.909230,4.577106,1.482150,-9.426277,5.769903,2.588379,-3.442394,-5.526833,-6.174699,-10.226539,9.113736,-2.615745,7.118364,-1.042020,-6.752224,-3.551305,9.042235,-2.829201,-7.873548,-3.173958,-9.984870
vacancy_1521,-9.616777,-4.366993,10.446168,-0.355000,5.789786,3.977137,1.706966,4.594792,8.588047,-4.020510,7.241057,-9.137928,-5.009076,-4.111969,1.726775,4.438037,-8.316659,-5.841616,0.355052,-5.743721,2.699994,6.273768,-8.061124,3.131978
vacancy_1522,-9.489161,-5.659088,-8.713081,-4.797194,-6.094054,-5.393893,5.816123,2.693605,-3.911431,-8.370249,0.046895,-8.724280,6.113446,9.834173,-3.120848,1.537979,-4.135903,5.467416,-9.251928,0.344542,2.458887,0.193352,-7.077671,-5.447717
vacancy_1523,-9.616685,-5.883542,-9.152126,-4.838602,-6.678103,-5.959596,5.257273,3.057944,-4.505626,-9.248804,-1.394889,-8.572842,6.964425,8.896671,-2.257997,1.056066,-3.866600,5.185882,-9.992989,-0.421536,2.803905,-0.514054,-8.266340,-6.305624
vacancy_1524,-3.497361,5.079163,6.266662,8.528160,-6.446512,-3.515647,-5.233626,9.755676,9.020238,5.469482,-4.944300,-7.636300,4.280092,-0.335072,-4.302978,8.872638,6.887357,1.815863,-1.017534,3.142493,7.777434,-7.041029,-4.993874,-7.732497
vacancy_1525,3.829564,-1.232338,4.210671,0.750197,-7.445886,-2.321931,8.271243,8.411301,-5.755989,2.099796,-7.401781,9.706620,-5.085918,-1.158776,1.820424,6.181767,10.471190,4.445334,0.813985,5.596775,-9.865619,5.695017,-5.914267,0.894099
vacancy_1526,-9.038683,-4.548936,9.258367,0.830554,5.048534,3.185161,2.868169,4.135462,8.031116,-4.441787,6.577655,-9.892041,-5.414574,-5.642259,1.786003,4.268295,-9.656043,-5.406397,-0.584357,-5.485728,2.328694,7.191129,-6.918018,2.870306
vacancy_1527,-3.725889,4.966062,6.939287,9.384702,-6.641631,-3.430055,-4.692172,7.918074,9.434101,6.194199,-4.035142,-8.582034,3.753888,0.174321,-4.179822,8.696244,6.106744,2.159985,0.722380,4.912378,9.678403,-6.208551,-4.094093,-7.850411
vacancy_1528,-7.108199,-3.793687,-2.101360,-4.997821,-1.462126,4.024754,-3.680528,-0.781886,-2.887528,-6.755169,-7.515300,-8.748207,-6.335181,7.508745,-9.043862,3.701404,6.410649,0.752912,-8.874474,5.735668,-1.470566,-1.004546,8.121618,-8.145732
vacancy_1529,4.069907,-1.475507,3.412575,2.356620,-7.645043,-2.303595,8.811143,8.910546,-5.952708,3.772582,-7.795140,10.596510,-6.045656,-1.820536,2.436155,7.562685,8.680629,3.793891,0.313429,5.780798,-8.823180,4.418231,-4.696546,2.365432
vacancy_1530,-3.839690,5.044616,6.884856,9.635742,-6.641768,-3.888011,-5.269317,9.537018,7.999224,5.448358,-3.675740,-8.300773,4.497013,0.275074,-4.016975,8.174692,5.946905,2.146494,0.191436,3.415065,7.897217,-8.220067,-4.026625,-8.669144
vacancy_1531,-9.359053,-7.500864,-8.686641,-5.634481,-6.157200,-6.569264,6.605125,1.281102,-2.783242,-8.789839,-0.332092,-8.850705,6.228510,10.549732,-2.924609,1.457476,-3.287094,5.309592,-10.057905,0.252086,1.661432,-1.261081,-7.318092,-5.255063
vacancy_1532,-6.161601,-4.078954,-1.854768,-2.894968,-1.828366,4.867348,-4.436765,-0.764209,-3.324433,-8.351242,-8.540686,-9.845693,-7.023177,7.131887,-9.684516,3.629472,7.630983,0.632753,-8.528075,4.733656,-0.868968,-0.128173,6.540148,-9.562135
vacancy_1533,-8.543515,-6.407203,-7.004034,-6.125082,-7.274042,-4.675520,7.094264,1.873907,-4.199438,-8.658726,-0.203052,-9.335350,6.393464,8.523976,-2.185839,0.215392,-4.324349,3.522102,-10.472092,-0.348383,2.534474,-0.054793,-7.745941,-5.468796
vacancy_1534,-5.101360,5.086577,6.417603,8.701584,-6.977817,-2.628628,-5.557200,8.894854,8.908806,6.590450,-5.472492,-8.815745,4.527318,1.351730,-3.236037,8.961231,5.600390,2.325726,0.392207,3.754742,9.009286,-7.214837,-4.176218,-7.992544
vacancy_1535,-2.895299,4.593778,5.595612,0.830917,5.618048,0.415089,-9.016940,5.815974,2.154456,-2.472058,-6.065849,-7.588263,-9.537172,9.491250,-2.190166,6.794056,-2.697317,-7.293788,-4.973228,9.336172,-3.589461,-7.199778,-1.566794,-8.860050
vacancy_1536,-3.453027,4.616454,5.225231,1.948108,4.803812,-0.262595,-9.613249,5.502954,1.897468,-3.792525,-4.327101,-6.332924,-9.990975,7.846827,-3.764222,7.710763,-1.976609,-6.887869,-4.287159,8.772802,-4.328945,-7.143887,-1.700510,-8.472677
vacancy_1537,-2.978674,4.422694,6.186846,1.330968,4.901250,0.317122,-8.234139,5.150434,2.053957,-2.810159,-4.998916,-6.481475,-9.397115,8.990887,-2.460452,6.913457,-2.223775,-7.448923,-4.608901,9.148032,-3.767493,-7.226220,-2.645032,-8.630036
vacancy_1538,-6.286608,1.717911,2.029287,3.788592,-4.026294,-4.764634,4.872759,-3.925086,-7.122696,-3.655701,-7.873538,0.146112,7.601361,6.075376,-1.177374,9.433709,0.881274,-2.895534,0.292426,7.363212,-6.232070,-2.309503,-5.478865,5.158988
vacancy_1539,-3.009923,5.013705,6.745969,0.161544,5.424197,0.859083,-9.451627,5.231311,3.181917,-3.802561,-5.404170,-6.880372,-9.213021,8.928293,-2.880491,6.697444,-2.892729,-7.318491,-3.425581,7.844339,-2.658864,-8.735728,-1.000962,-9.026498
vacancy_1540,-8.650252,-6.577635,-8.846915,-4.890986,-5.397543,-5.759849,5.843346,1.600449,-3.847392,-8.482249,-1.296680,-8.333019,6.945345,9.097535,-2.720219,1.056040,-3.810353,5.448665,-10.313229,0.227925,1.277802,-0.849820,-8.304072,-6.297751
vacancy_1541,-1.252906,-5.945565,4.293855,2.215420,8.213039,-8.719923,5.989334,0.284382,-1.283646,0.920091,-6.875118,-8.458145,3.041808,3.650478,-1.837409,1.039838,-1.325442,-2.639746,-6.869719,6.113860,1.025954,2.057804,2.854092,-6.642591
vacancy_1542,-2.804556,4.350222,5.980214,1.570738,3.895838,0.976236,-9.162254,5.540445,3.695442,-2.623988,-5.512144,-6.455334,-9.272459,8.279651,-2.651988,6.992668,-3.309949,-7.536674,-4.456513,9.278134,-2.825271,-8.972546,-2.533870,-8.999233
vacancy_1543,-2.889127,5.220088,6.048650,1.080164,5.848155,1.310530,-9.751614,4.528136,2.313822,-3.887821,-6.437517,-6.954600,-9.837878,8.776835,-3.331850,6.175734,-2.634741,-7.182271,-3.821195,8.067683,-1.802948,-7.512434,-0.855323,-8.781554
vacancy_1544,-6.125958,-3.585846,-1.846488,-3.589140,-1.552915,4.099129,-4.449516,-1.103033,-2.892662,-7.109590,-9.107009,-9.165649,-7.307771,8.241647,-9.071097,5.424778,6.866096,0.734799,-9.138475,3.982237,-1.285471,0.140466,8.577349,-10.275077
vacancy_1545,4.187068,-0.652027,4.275717,2.079720,-6.740764,-2.224217,8.677694,7.580884,-5.216365,3.729606,-8.369498,9.560183,-6.316026,-2.407398,1.772428,6.611394,10.431158,4.591868,1.398359,5.879603,-8.716899,4.779251,-4.411056,2.523146
vacancy_1546,-10.263807,-4.328055,8.980761,0.696652,6.765658,3.400438,0.919424,3.729767,7.918008,-5.599499,6.009148,-9.967677,-5.036702,-4.878331,2.201221,3.886481,-9.417537,-4.889923,0.090966,-5.932778,1.873275,7.298751,-8.176844,2.949540
vacancy_1547,-6.483136,-3.517666,-3.188190,-3.408726,-1.359477,3.786382,-4.278706,-1.534835,-1.962930,-7.446049,-7.755312,-8.519146,-7.099907,8.698616,-10.707135,4.366435,6.613655,-0.984840,-9.412576,4.929849,-1.542508,-0.337616,7.313159,-8.516507
vacancy_1548,-6.948752,-4.563050,-2.609734,-3.453408,-0.563433,3.574060,-3.165302,-1.190744,-2.533133,-6.778275,-8.272042,-10.685281,-7.936005,7.116567,-9.273627,4.123000,8.072692,0.631931,-9.473008,4.855329,-0.725798,-1.111921,7.513672,-9.697585
vacancy_1549,-0.437609,-5.093876,4.156673,2.381130,8.322858,-9.912360,7.442982,-0.467931,-1.747044,-0.522881,-7.546301,-7.495815,4.219078,3.843687,-1.018697,0.315507,-2.342043,-1.443242,-6.207144,6.666768,0.912605,2.283664,3.031843,-6.162244
vacancy_1550,-7.991986,-2.753421,-2.741317,-3.427283,-0.806213,5.658790,-4.142008,-0.320254,-3.005892,-7.947241,-7.831292,-9.824523,-6.998581,8.322554,-10.298588,4.832230,7.602158,0.077818,-8.103066,5.766495,-1.831077,-0.191507,7.568897,-10.095210
vacancy_1551,0.244216,-5.186020,4.990920,2.283772,8.987551,-9.394917,7.628729,0.164386,-1.317107,-0.295568,-7.578969,-8.802601,5.501885,2.837559,-1.236948,0.030848,-2.427371,-2.523664,-5.548421,7.261026,1.545755,2.365860,3.008612,-5.577117
vacancy_1552,-0.951254,-5.243023,5.303558,1.147012,8.542781,-9.065066,6.291524,0.757339,-0.440851,0.722684,-6.507692,-7.952786,3.805988,3.836436,-2.308939,0.348636,-2.255216,-2.128481,-4.726729,5.948291,0.498457,2.673131,2.917137,-5.858717
vacancy_1553,-7.828289,-3.529568,-1.830105,-3.049781,-1.045581,4.200121,-4.006867,-0.693818,-2.428907,-7.804885,-7.141466,-8.521446,-7.446264,7.606026,-11.176855,4.363272,6.997700,0.195164,-8.892868,4.849711,-1.938765,-0.298002,7.783348,-8.172048
vacancy_1554,4.877595,-1.279052,3.877967,1.410272,-8.150893,-2.120522,8.274700,8.385693,-6.499847,4.064072,-8.731016,8.539752,-4.086765,-1.909605,1.303433,7.535953,8.641015,4.736721,0.745806,5.111926,-9.156445,4.635229,-5.330587,1.426374
vacancy_1555,-7.256962,1.973155,0.359938,3.849670,-3.462667,-4.037549,5.348238,-5.890337,-7.204805,-3.815332,-7.455429,0.907833,7.750507,5.309894,-2.095931,9.023326,1.965985,-3.239786,0.526431,7.371545,-6.655804,-2.300815,-6.140868,4.945738
vacancy_1556,-7.879442,-3.997568,-3.424546,-2.801477,-1.724991,3.679738,-4.254246,-0.054305,-2.145253,-6.944427,-8.292135,-10.061687,-7.707814,6.739025,-9.751179,5.236805,7.428978,0.984895,-8.304076,6.018185,-0.807100,-1.040328,7.972330,-8.753654
vacancy_1557,-3.157925,6.178284,5.355409,0.562301,4.972187,2.500746,-9.921004,5.374913,2.318747,-3.042316,-6.045117,-7.239865,-9.754838,8.263279,-2.549436,6.509026,-2.032085,-7.311168,-4.365455,9.066859,-3.133968,-7.814567,-1.557599,-8.427122
vacancy_1558,-8.327266,-5.412785,-8.563482,-4.791281,-6.374871,-5.806019,5.585671,2.586788,-4.594486,-9.105394,-0.092155,-10.109173,5.799129,8.768457,-2.899412,1.460258,-4.552184,5.268127,-10.166854,0.075357,2.556294,0.988452,-7.551524,-5.800546
vacancy_1559,4.548873,-1.713978,4.565547,2.026460,-7.507427,-1.907700,9.391588,8.522635,-5.110546,3.746890,-7.144823,9.671492,-5.280462,-2.667154,3.139199,6.107244,9.196243,3.886881,0.517442,5.893008,-8.945458,5.804379,-5.666836,2.524691
vacancy_1560,-7.627976,-4.018247,-2.105241,-3.552376,-1.703913,4.013024,-3.885415,-0.865911,-1.919460,-7.018112,-6.250421,-8.596783,-7.329758,6.805293,-9.988012,3.706188,7.389430,0.001711,-9.611548,6.196801,-1.332329,-0.916927,8.176242,-8.265936
vacancy_1561,-7.634745,1.095186,1.347922,1.980998,-3.250317,-4.342581,5.971642,-4.605980,-8.549325,-4.685608,-7.467910,0.286010,7.862249,6.587329,-0.706718,9.285217,1.130002,-3.122148,0.628583,7.856439,-4.878255,-1.589808,-5.710934,3.756906
vacancy_1562,-7.912057,-6.191566,-7.944468,-5.008488,-6.329636,-6.277362,6.115255,1.918988,-4.395623,-9.617222,-0.452931,-10.259973,6.246323,10.216260,-3.486083,1.578664,-3.558768,5.735633,-11.230999,-0.448781,1.537063,-0.055848,-7.646319,-4.026103
vacancy_1563,-9.799705,-3.855371,8.373390,-0.253466,6.716813,3.842919,3.231669,4.280734,6.579986,-4.226455,6.514810,-9.921894,-4.889397,-5.230283,2.866634,3.438509,-9.603937,-3.783225,-0.291826,-5.779548,2.490540,7.281270,-7.487942,3.339123
vacancy_1564,-7.714046,1.716672,0.555303,4.185408,-3.377803,-4.729120,5.098316,-5.533372,-7.926109,-3.673807,-8.131818,0.503361,7.836804,6.475233,-1.265216,8.527504,0.307205,-3.796112,0.149575,7.873906,-5.543855,-2.820170,-5.549818,4.676441
vacancy_1565,-3.619826,5.352796,5.652966,0.808402,5.189817,1.077195,-9.381588,5.728613,2.948796,-3.661079,-6.522605,-7.140952,-9.926186,8.507845,-2.487046,6.963345,-2.708413,-6.601343,-3.907475,8.967826,-1.240325,-8.051091,-2.678294,-9.332153
vacancy_1566,4.171567,-0.204541,3.836031,1.483065,-6.844835,-1.796221,8.338569,8.263794,-4.853578,3.726035,-8.841174,10.027755,-4.274732,-1.118169,3.173587,6.743877,9.904613,3.446470,0.742097,5.747882,-9.097480,5.720164,-4.855454,2.017902
vacancy_1567,-4.378984,5.018694,6.748753,10.185354,-6.709333,-3.783012,-4.983038,9.121357,8.708505,5.942314,-4.816956,-7.560535,4.109581,0.255812,-3.651792,8.174349,6.625907,2.454797,0.245040,3.293767,8.583025,-7.230869,-3.623713,-8.048812
vacancy_1568,-9.707246,-7.206295,-9.123567,-4.253946,-6.673075,-5.951034,5.062639,1.753335,-4.954060,-7.585876,-0.744705,-9.863361,6.592108,7.842700,-2.739619,1.366083,-4.339595,4.933801,-10.788823,-0.653126,1.303139,-0.188213,-7.598652,-5.453576
vacancy_1569,-9.938351,-3.358510,9.526882,1.576269,5.367220,3.631718,2.968448,4.171360,6.917854,-4.537517,6.799051,-10.062821,-5.219185,-5.042226,2.073215,4.376923,-10.136703,-5.025561,0.027137,-5.772392,2.133816,6.554954,-8.347972,2.391248
vacancy_1570,4.107699,-1.757461,3.567702,2.682574,-7.694948,-2.041755,9.255157,8.890292,-5.672601,2.871485,-7.513437,9.115202,-4.663675,-2.829892,1.952228,7.009480,9.820186,4.030877,1.287152,5.930658,-9.932776,4.652633,-4.522346,3.210276
vacancy_1571,-7.669881,-4.065927,-3.828187,-3.201515,-0.642593,4.028646,-2.590054,-0.602239,-3.752573,-7.773051,-7.423372,-9.990009,-6.375809,7.440958,-10.386567,5.795319,6.869130,-0.591450,-7.651685,4.816856,-1.981568,-0.266277,6.758943,-9.610499
vacancy_1572,-8.447615,-5.966751,-9.869127,-5.369034,-6.391006,-5.929908,6.495340,2.584790,-5.473791,-7.757305,-1.713238,-10.103487,5.849241,8.799904,-3.226798,1.108078,-4.933694,5.043395,-10.216190,0.783127,1.640608,-0.628525,-7.619992,-5.627035
vacancy_1573,-6.659727,1.790903,1.693598,4.466250,-2.959904,-5.581526,5.107458,-5.592559,-8.467254,-4.577723,-8.904131,1.155193,9.307023,6.973525,-0.538778,11.049734,0.353075,-2.863680,0.906727,7.233253,-5.488389,-1.751365,-6.231313,5.103091
vacancy_1574,-7.969716,-4.333947,-1.772340,-3.786078,-1.617866,4.048814,-3.148651,-1.867070,-3.362086,-7.524684,-8.104612,-9.029278,-7.521876,7.693041,-9.829451,3.844616,8.134759,1.573876,-8.023786,5.335792,-2.309135,0.295191,6.517127,-8.428064
vacancy_1575,-8.789936,-4.677922,9.209551,0.096914,6.157641,3.669784,2.469748,4.189132,8.793589,-4.326084,5.797642,-10.446666,-4.080132,-5.665571,1.874261,3.139503,-9.643739,-4.677305,-0.075113,-6.307703,2.566003,7.204467,-8.312398,2.487569
vacancy_1576,-7.212125,1.376508,-0.321386,3.460270,-2.617155,-4.255088,6.130996,-5.015215,-6.827796,-4.926180,-9.271049,0.759113,8.043214,6.273147,-0.851972,8.029207,0.081433,-3.077628,-0.107423,7.782674,-5.957581,-2.413386,-6.649170,4.387262
vacancy_1577,-7.241688,-4.532980,-2.778590,-3.719513,-1.623671,4.225779,-4.460647,-0.604005,-2.415660,-7.564140,-7.887237,-9.227904,-7.603715,8.179403,-9.330684,4.411679,7.215625,0.442944,-8.762328,4.708392,-1.213763,-0.534959,8.865296,-8.906467
vacancy_1578,-6.870512,-3.231276,-1.676609,-3.836424,-0.976713,3.752194,-4.167093,-0.731453,-1.839339,-7.612852,-7.949868,-8.969980,-7.316085,6.614140,-10.098349,4.724849,7.785307,1.040158,-9.496437,4.424859,-2.041835,0.662170,7.024010,-9.772174
vacancy_1579,-6.355757,1.588058,0.397204,3.287511,-3.346868,-4.373576,6.115187,-4.205827,-7.604647,-3.788509,-7.304801,1.785193,8.930636,5.978334,-0.417950,7.761149,0.603974,-2.513717,0.868309,8.165765,-4.865697,-2.265069,-7.288251,4.562305
vacancy_1580,-3.270125,4.604478,5.667991,0.088823,4.690611,0.305754,-8.357555,4.517686,3.113583,-4.444254,-4.433553,-7.109989,-10.230204,6.956833,-2.723155,6.257590,-2.111802,-8.544657,-3.927402,8.606794,-2.704541,-8.114586,-4.418910,-9.233538
vacancy_1581,-3.935994,5.178261,7.172694,10.145837,-5.914661,-3.164047,-5.658668,8.684335,9.920238,5.664715,-4.338537,-8.785970,5.389536,-0.002804,-2.683529,7.970668,6.625060,1.016243,0.468739,3.015321,8.772069,-7.178071,-4.146993,-8.106836
vacancy_1582,-6.532193,-3.742134,-3.020768,-3.727835,-0.597949,3.156188,-4.206579,-0.815179,-3.213134,-6.855394,-8.910988,-10.151748,-7.311630,7.384278,-9.560586,5.308396,7.727182,-0.157263,-7.705874,5.252023,-1.540844,-1.495866,8.171848,-9.361322
vacancy_1583,-5.913253,4.818558,6.943017,9.090257,-6.712005,-3.361215,-5.203208,8.959565,8.616797,6.820638,-4.848642,-8.372232,3.885963,-0.335914,-4.554446,9.760436,7.449343,2.383664,0.243957,3.592455,8.198616,-6.615675,-4.403259,-7.440534
vacancy_1584,4.498140,-1.491055,4.273470,2.261098,-7.753210,-2.103349,8.137971,8.102091,-5.320418,3.214591,-7.915791,10.509766,-5.599424,-2.499729,1.599483,6.991454,9.430749,3.519017,1.391167,6.098843,-10.081428,5.491434,-6.063769,2.384442
vacancy_1585,-7.918143,-3.878962,-1.833468,-2.991890,-1.762957,4.590324,-5.036323,-1.599045,-3.017577,-8.810512,-7.486065,-9.357827,-7.902480,6.774004,-10.914600,4.354468,8.431857,0.635766,-7.060642,5.381583,-1.562535,0.516730,9.016332,-9.446520
vacancy_1586,-10.034708,-4.267744,9.652380,-0.137133,7.786924,3.704834,2.511053,4.618761,6.843173,-4.300021,6.689461,-9.935844,-5.594216,-5.358213,2.873672,2.671712,-10.827567,-5.725062,-0.420191,-6.769427,2.826768,7.276768,-8.113233,3.013212
vacancy_1587,-9.368906,-5.660691,-8.667555,-5.742317,-6.243509,-5.182953,6.539483,1.657633,-4.286208,-8.812832,-1.435275,-8.526468,6.247622,9.684343,-1.481420,0.968469,-5.271455,5.338038,-9.547387,0.868682,1.438075,-0.877826,-7.091985,-4.110033
vacancy_1588,-6.483221,-5.113009,-3.473440,-4.091582,-1.923191,4.008839,-3.647180,-0.813443,-2.887315,-7.757893,-7.811267,-10.051703,-7.248985,7.762072,-9.280089,5.403090,7.425489,0.325796,-9.160608,4.886378,-1.774258,-0.886272,7.946540,-8.998536
vacancy_1589,0.765568,-5.043426,4.108077,2.085982,8.443653,-8.723813,7.215237,-0.907840,-1.171722,-1.023058,-8.328083,-8.030372,5.057376,3.709937,-2.118438,0.991369,-2.119107,-1.333938,-6.641535,6.797918,-0.010810,1.915918,0.800288,-7.740563
vacancy_1590,-0.022165,-5.559688,3.949588,2.459688,8.425686,-8.600815,6.744962,0.191863,-1.179866,-1.666027,-6.365300,-8.792457,4.769732,3.292153,-1.515919,1.582469,-2.389368,-2.103023,-6.793598,7.303130,1.243829,2.701036,2.800954,-6.527675
vacancy_1591,-3.361767,5.697307,5.137329,0.891957,4.275900,1.478022,-9.196382,5.905509,2.573010,-2.658448,-4.671866,-6.140960,-10.532466,7.960195,-2.355592,7.530517,-2.503157,-6.344233,-4.413219,8.583178,-3.565581,-7.669367,-2.966646,-8.877499
vacancy_1592,-7.308651,-3.528213,-1.793418,-3.346195,-1.460773,5.183293,-4.133718,-0.193959,-2.378766,-7.812190,-7.931217,-9.735714,-7.726244,7.648652,-9.703178,5.178339,6.658025,0.631593,-9.562350,6.661265,-1.961398,-0.844876,7.478447,-10.053286
vacancy_1593,-6.710645,-4.408953,-2.306113,-3.292407,-1.722719,3.881106,-3.664131,-0.726964,-3.183161,-7.552955,-7.858186,-10.019731,-7.362263,7.968811,-9.527995,4.327348,7.903162,-0.340471,-9.141770,5.414930,-0.993934,-0.665320,7.893411,-9.066758
vacancy_1594,-6.835563,-4.038772,-3.363592,-2.426280,-1.753216,4.356504,-3.881539,-0.082992,-1.651248,-7.987404,-7.385353,-8.553514,-8.769061,8.096285,-9.308335,5.333835,7.705682,1.388260,-8.525042,5.106608,-1.272432,0.585152,7.846539,-8.985525
vacancy_1595,-3.452470,5.985296,6.136438,1.417369,5.351765,0.989058,-8.878332,5.990414,2.685990,-4.108531,-5.520345,-5.894552,-10.715323,8.805157,-4.356184,6.834147,-2.076568,-7.210060,-4.927724,8.992846,-2.873173,-7.805606,-2.130004,-9.055092
vacancy_1596,4.493506,-1.363020,3.843190,1.518389,-6.640870,-0.630679,8.052280,7.889888,-4.836203,2.825503,-7.661083,10.509980,-5.418390,-0.667638,2.010758,7.368257,9.530142,4.131723,0.745070,5.234465,-8.234743,5.198005,-5.395130,2.087048
vacancy_1597,-6.776267,2.048710,1.102448,4.653107,-3.587044,-4.532392,6.481082,-5.585099,-7.614327,-4.979574,-7.493361,0.319861,7.911828,6.241542,-1.396452,9.454863,0.966219,-2.741971,0.063575,7.326063,-5.680385,-3.168798,-6.455828,4.808893
vacancy_1598,-7.677752,-3.702481,-3.957698,-4.103957,-1.075361,3.992070,-4.127810,-1.304007,-1.978582,-8.279544,-7.251630,-8.875620,-7.424277,7.186990,-10.207159,4.255541,7.663400,-0.140115,-8.398293,4.992893,-0.907479,-0.393577,7.585400,-9.490430
vacancy_1599,4.020982,-0.189112,3.897774,0.514137,-8.038797,-0.306707,8.179262,9.214572,-6.573355,3.604963,-7.865135,9.445048,-4.406686,-2.499921,3.256775,7.292452,8.325924,4.527640,0.914266,6.078996,-10.246074,5.967087,-4.807010,2.281443
vacancy_1600,-3.537411,4.040640,7.114371,9.211548,-5.364386,-3.498162,-4.784810,9.207407,10.129842,6.135403,-4.351820,-7.598417,3.850654,-0.177885,-4.717341,8.462406,6.115334,2.596507,0.135976,4.496190,8.950245,-7.289005,-4.157677,-7.713335
vacancy_1601,-0.731722,-5.729415,4.070341,2.934082,7.441444,-8.407416,7.013858,-1.014543,-1.504839,0.080380,-7.817983,-7.987990,4.929166,3.208855,-1.921094,0.171070,-2.414616,-2.058265,-5.736703,6.362984,0.254610,2.722797,3.309799,-5.450180
vacancy_1602,-9.398968,-6.496633,-7.980974,-4.557284,-6.073915,-6.371640,5.711867,1.204678,-4.624212,-8.480060,-0.330379,-9.009854,5.766249,9.383198,-3.480433,1.536583,-3.659074,4.673803,-9.986717,0.007586,2.781396,0.353003,-7.298522,-5.675481
vacancy_1603,-4.082807,3.987643,6.551251,10.402894,-6.084742,-3.271555,-4.421105,9.343760,8.596677,5.560240,-4.274847,-7.052709,5.066951,0.731242,-4.494312,8.742622,7.689012,1.435483,-0.417748,4.105152,8.770754,-7.140853,-4.339145,-7.076330
vacancy_1604,-2.354971,4.871992,7.957937,10.484707,-6.635022,-2.709583,-6.173689,9.956271,10.292900,6.337159,-4.935789,-8.508460,4.467118,0.546481,-3.686561,8.291404,6.490642,2.554178,0.708228,4.406852,9.011012,-7.920039,-3.424208,-8.453718
vacancy_1605,-0.231360,-4.264822,5.036969,3.265449,8.844261,-8.676104,7.334806,-0.774318,-0.706534,-0.360405,-7.840960,-8.409709,4.173295,3.073608,-1.849542,0.464663,-1.674352,-1.923524,-5.617148,6.835929,-0.132981,2.241782,1.593427,-6.090193
vacancy_1606,5.503708,-1.152628,5.875054,2.203218,-6.633256,-2.054031,8.019743,8.234646,-6.085782,3.998641,-7.150526,10.088106,-4.575030,-1.031983,1.661465,7.222216,9.371499,3.813982,0.024816,4.720873,-9.171239,5.124785,-6.021393,2.088852
vacancy_1607,4.463863,-0.815535,3.535954,1.848565,-6.779253,-1.999359,9.825009,9.702640,-4.488301,2.687652,-9.281779,9.856949,-4.938937,-2.062648,1.939143,7.042474,8.671955,3.938584,1.027404,5.861293,-9.192600,5.755405,-4.030308,2.932864
vacancy_1608,-8.091849,-3.476089,-2.385828,-4.191564,0.648199,4.089635,-3.884210,-1.331052,-2.521565,-7.502078,-7.298687,-10.483853,-7.001120,6.073519,-10.430344,5.015738,6.478219,0.042188,-8.391634,5.084955,-1.549768,0.072146,7.864928,-9.132597
vacancy_1609,-7.905634,2.408853,1.608220,4.348003,-2.711181,-4.133380,5.367137,-4.826878,-7.063083,-4.577643,-7.794716,-0.190671,8.199795,6.811115,-1.349795,9.740481,-0.413057,-3.823048,0.419546,7.762175,-6.003556,-2.020321,-6.636590,5.158652
vacancy_1610,-8.688928,-6.372737,-8.717849,-6.360038,-4.762715,-5.043712,6.982583,1.811907,-3.724313,-9.577440,0.110192,-9.403443,6.483122,9.156227,-3.110482,2.781614,-5.271330,5.848986,-10.180533,-0.348324,1.738974,-0.515220,-8.817398,-4.726890
vacancy_1611,-0.062332,-4.595002,4.895006,3.125860,8.548232,-9.002718,6.594400,0.124301,-0.501800,-0.236282,-6.983104,-9.658241,4.571214,3.181458,-2.754734,0.896678,-1.319653,-2.064162,-6.875872,7.809928,0.307161,2.471020,2.958427,-6.541460
vacancy_1612,-6.627730,1.338194,0.525190,3.619507,-2.302140,-3.752800,6.111575,-4.415358,-7.700724,-4.011260,-8.541903,0.518986,9.631931,6.121314,-1.926486,8.764753,0.877934,-3.725029,-0.051312,9.278664,-4.966480,-2.619744,-5.826059,4.708073
vacancy_1613,0.459898,-5.358377,3.739524,2.501382,8.792579,-9.499015,6.982682,0.685379,-1.841297,-1.522059,-6.347587,-8.949248,4.734772,4.638311,-1.420307,0.141848,-2.318121,-1.272335,-6.158903,6.767210,0.703759,1.934945,3.116113,-5.298010
vacancy_1614,-2.373664,3.700653,6.048971,0.718597,3.505103,1.722876,-8.861005,4.160263,2.628833,-3.686737,-4.947381,-6.840816,-9.281278,8.176198,-3.619622,7.921808,-2.762800,-7.499289,-4.564993,9.526043,-3.057730,-8.503769,-3.151763,-9.980230
vacancy_1615,-6.803620,2.038161,1.414376,4.788342,-2.033906,-4.166064,5.384671,-4.716853,-8.603890,-4.290956,-8.487205,0.675106,8.304985,7.414241,0.425428,9.726557,-0.368932,-3.598100,-0.529064,6.389816,-5.456385,-2.036562,-6.208479,4.389327
vacancy_1616,3.529370,-2.147446,3.029589,2.694026,-7.375694,-3.013636,8.453814,8.734032,-4.984277,3.239900,-7.845432,9.279446,-4.763182,-2.210292,1.156446,7.454412,10.119585,3.445512,0.587485,5.957057,-9.387466,5.353803,-5.927827,3.002767
vacancy_1617,3.961640,-1.116586,4.582884,2.501163,-6.521520,-2.299240,8.539380,9.490139,-5.908716,3.375815,-7.933206,8.365904,-5.287718,-1.814137,1.602130,7.438037,10.034352,3.941271,1.441756,5.204354,-9.557579,4.246295,-6.033762,2.271945
vacancy_1618,-9.278495,-6.789783,-8.710025,-5.673071,-5.582151,-6.008438,5.915620,2.685553,-4.336571,-6.925464,-0.474598,-9.299721,5.987354,8.510428,-2.520186,1.044364,-4.223764,5.908325,-9.878659,-0.963558,3.044850,-0.081497,-7.768050,-4.902430
vacancy_1619,-10.850898,-3.423158,10.163695,0.695746,6.602578,5.370961,1.393535,4.216274,7.163053,-3.569206,4.871348,-9.610454,-4.491737,-5.672238,1.932829,2.575462,-9.949523,-5.124675,0.455194,-6.805845,2.670849,7.673214,-9.809086,3.040312
vacancy_1620,-8.691842,-6.277735,-7.542073,-4.225074,-6.317921,-5.839948,5.910937,2.680526,-4.356198,-8.382116,0.083219,-10.170213,6.193935,9.928778,-2.738505,1.105524,-4.504185,4.684843,-9.023196,0.233451,1.846323,-0.613060,-6.798574,-4.964786
vacancy_1621,-3.434410,4.443420,5.941383,1.815915,3.872829,2.199507,-9.464922,5.332456,3.004189,-2.622038,-5.722261,-6.200180,-9.043942,9.057313,-2.852152,6.508387,-1.239250,-7.935549,-3.804065,8.730842,-3.061051,-7.623859,-3.083863,-9.417094
vacancy_1622,-3.387118,4.523998,7.054754,9.729067,-6.732883,-2.645847,-5.244888,7.203191,8.314361,6.166897,-3.421532,-7.735528,4.228759,0.255834,-4.182923,8.695774,6.436126,3.088219,-0.258155,3.569801,7.791008,-6.860252,-4.952043,-8.071246
vacancy_1623,-5.914079,-4.463772,-1.559132,-3.347814,-1.269456,3.135187,-4.233382,0.494627,-2.927587,-7.215040,-7.456576,-9.784179,-8.121587,7.320880,-10.107110,3.947008,7.101665,0.540766,-8.242415,5.301704,-2.112158,0.871670,7.543814,-8.592517
vacancy_1624,-7.182629,1.725644,1.736634,4.458744,-2.532119,-4.113802,4.598397,-4.443596,-6.906858,-3.515378,-8.001380,0.855816,8.509658,5.329143,-0.504514,9.167601,0.791548,-2.883368,0.125430,6.774186,-4.650578,-3.966588,-5.088325,4.356160
vacancy_1625,-10.487845,-4.850337,10.584700,0.085373,6.357802,4.265103,1.799486,4.520463,7.536010,-5.259231,6.615208,-10.048967,-5.718593,-4.786424,1.080254,3.078431,-8.915475,-5.038496,-0.604208,-6.929108,3.326332,7.381246,-8.331478,3.147926
vacancy_1626,-3.738982,4.123776,7.421891,9.414010,-5.616266,-3.115330,-5.582214,9.058712,10.342138,6.140750,-3.030384,-8.753816,4.569974,0.809985,-3.567587,7.749375,7.000097,2.674488,-0.975753,3.621780,9.074020,-8.006461,-4.591726,-7.666413
vacancy_1627,-2.981438,5.048155,6.830239,9.541358,-6.291947,-3.818052,-5.710180,8.347320,10.821839,5.770344,-3.317376,-8.470789,4.632590,0.556056,-4.029220,8.567070,6.691230,1.562170,0.296298,4.280652,8.570776,-6.497805,-3.927770,-7.907096
vacancy_1628,-7.975654,-3.157605,-2.317861,-4.061522,-1.588188,4.315440,-3.586276,-1.012776,-2.957177,-7.727440,-7.169711,-8.769129,-7.977914,7.173284,-9.543847,3.433611,7.920947,0.091339,-8.895269,5.319317,-1.762659,0.867525,7.578298,-9.199622
vacancy_1629,0.166736,-5.049706,4.949752,2.913688,8.328809,-9.081290,5.576059,-0.572706,-2.117936,-0.159950,-7.619219,-8.712452,4.898268,3.066356,-2.293337,-0.715678,-2.124306,-1.811025,-4.872098,7.026406,0.756990,3.053338,2.477536,-5.938181
vacancy_1630,-0.808562,-4.857504,5.302656,2.703682,8.662538,-8.746510,6.893848,-0.630276,-0.735574,-1.196543,-6.849089,-9.022680,5.088700,3.666177,-2.063644,-0.929594,-1.463045,-2.598316,-5.104583,5.977619,-0.629895,1.020947,2.471659,-4.604013
vacancy_1631,-6.182559,3.227385,1.032118,4.420949,-2.895760,-3.954207,6.362896,-5.451745,-7.885235,-4.427539,-6.796151,0.405768,8.112764,6.143403,-0.997583,8.210365,0.336751,-2.800987,-0.380628,8.188618,-5.334232,-2.304621,-5.868843,4.124143
vacancy_1632,-3.055889,5.521192,7.201637,9.354411,-4.985255,-3.700760,-6.191426,8.118009,9.182863,6.158878,-4.240337,-8.508126,3.924356,0.427449,-4.370247,9.548787,6.978447,1.719363,-0.310050,3.596795,9.325272,-7.478074,-4.757153,-8.316317
vacancy_1633,-7.727991,-3.362564,-2.032666,-3.334746,-2.213364,3.354622,-4.469799,-0.603701,-1.664621,-7.656275,-8.521203,-9.366591,-7.308750,7.095209,-9.321121,6.090781,7.008704,-0.180164,-9.246190,5.429479,-1.885189,0.022396,8.421692,-9.680034
vacancy_1634,-9.230766,-4.013808,10.414383,0.884648,6.662913,3.525917,2.527107,3.553535,7.603053,-4.170320,6.523616,-9.117804,-5.071698,-4.989593,2.189142,2.496918,-9.817309,-4.738904,-0.497278,-5.486728,2.190477,5.459323,-8.575230,3.601297
vacancy_1635,-1.148061,-4.146564,3.292665,3.132944,8.121637,-9.188462,5.766173,-0.009817,-1.117907,-0.610995,-7.417942,-8.150807,3.585993,3.444458,-1.233336,1.337859,-2.481558,-1.706548,-5.160379,6.252535,0.786544,2.705918,2.978509,-6.095730
vacancy_1636,-9.321042,-5.825188,-9.545572,-5.575152,-6.635380,-5.484130,5.731908,1.214980,-3.429438,-8.573072,0.296588,-9.171774,5.085525,9.549678,-2.696104,1.921610,-4.190423,5.281599,-10.158386,-0.352063,1.615099,-0.041790,-7.786237,-5.697438
vacancy_1637,-8.791821,-5.745442,-7.599483,-4.141197,-6.438379,-6.382000,5.186636,1.824456,-4.526163,-8.766269,-0.597586,-9.489249,5.959621,8.540537,-3.531436,0.885141,-3.949417,5.340091,-9.032782,-0.907148,1.678042,1.055493,-7.990951,-5.051859
vacancy_1638,-1.084711,-3.256518,3.841170,3.267754,8.227666,-8.876635,6.443404,-0.275972,-1.319221,-0.936393,-7.519406,-8.849134,6.320241,2.653746,-2.331150,-0.430644,-3.058244,-1.118620,-6.733012,7.103973,-0.020447,2.024631,3.188258,-5.756393
vacancy_1639,-2.891751,6.446179,5.607520,0.867481,4.736904,1.555831,-8.993193,5.553283,3.293446,-3.676392,-6.546866,-7.126801,-10.604373,7.918419,-2.569808,7.105256,-1.876954,-8.096029,-3.719895,8.500589,-2.988710,-6.980459,-2.439113,-10.189725
vacancy_1640,-4.315606,4.960379,7.660119,10.168637,-6.409128,-3.749240,-5.487408,8.288240,10.250320,7.184942,-3.283696,-7.560288,5.265165,1.401843,-4.742223,8.175692,6.602988,1.767415,-0.440191,5.314550,9.082626,-6.989298,-4.945706,-8.395002
vacancy_1641,-1.543455,-5.782677,3.701689,2.200469,9.016728,-10.003988,6.744398,-0.250464,-0.689052,-0.745467,-6.923085,-7.457251,4.808657,3.500703,-2.553059,1.356276,-2.192435,-2.060952,-5.645686,7.315463,0.639813,2.973158,3.418413,-5.520290
vacancy_1642,-9.286801,-5.716478,-7.868050,-5.322835,-6.066911,-5.455660,6.148444,3.645020,-3.885916,-8.825403,-0.692307,-9.099635,6.366182,8.811114,-3.209835,1.336762,-4.670102,5.861703,-8.886730,0.379682,1.538988,0.840624,-7.935047,-5.378579
vacancy_1643,-3.640219,3.855520,7.518498,10.063210,-7.159848,-4.309499,-5.889260,8.095233,8.456303,6.900163,-4.222267,-7.945402,4.907447,0.073907,-2.764424,8.744624,7.092516,1.897566,-0.377939,4.008136,8.679679,-7.400253,-4.179206,-7.979535
vacancy_1644,-1.527554,-5.647723,4.059660,1.943105,8.329148,-8.492124,6.935749,-0.819907,-1.336090,-0.806044,-7.818103,-7.514858,4.724286,4.512491,-1.878881,0.926504,-0.671698,-2.258643,-6.155004,6.447099,0.488673,2.906806,2.069435,-6.276861
vacancy_1645,-7.374731,0.561822,0.729364,3.333225,-2.030151,-3.892549,5.203062,-3.207151,-7.770781,-4.235653,-7.671551,1.644284,8.405227,6.014189,-0.567443,9.443336,0.658582,-2.776426,-1.090844,8.251719,-6.283307,-3.100914,-6.182502,5.125969
vacancy_1646,5.296042,-1.325268,3.693762,1.748155,-5.762014,-1.782368,7.256174,8.738755,-5.109221,3.661005,-8.909466,9.147840,-5.294713,-2.107529,2.249573,5.968200,9.602952,4.663760,1.646006,4.086414,-8.699747,5.568824,-5.577206,2.946469
vacancy_1647,-8.369841,0.475713,-0.247727,3.759745,-2.616539,-3.955096,5.592956,-4.557046,-7.657890,-4.034600,-7.803902,-0.122406,8.063772,6.050745,-0.438167,9.884161,0.905898,-2.659727,0.459578,7.943539,-6.343834,-1.721640,-5.647799,3.908175
vacancy_1648,-10.322116,-4.105956,9.775869,0.412140,6.124501,4.992768,2.741697,4.883768,7.572007,-4.139641,5.767488,-10.273861,-4.787768,-4.519403,2.941930,2.660964,-8.203417,-4.972126,-0.685035,-6.181875,2.407623,8.444579,-8.312490,3.180107
vacancy_1649,-9.903471,-5.959303,-7.742903,-4.754921,-6.657343,-6.093895,6.750218,1.992769,-4.266840,-7.830463,-0.607345,-10.042951,5.918811,9.016998,-2.646219,2.659057,-4.944931,5.310826,-9.142085,-0.017833,1.783572,-0.252783,-8.542895,-6.963233
vacancy_1650,-4.104223,5.216387,6.653945,1.557767,4.734012,1.116473,-9.913306,5.302684,3.403513,-3.390598,-4.728178,-7.322301,-9.366819,8.643970,-1.926020,6.434675,-1.845429,-5.551095,-4.154561,8.547857,-3.056942,-7.276817,-1.962133,-8.436162
vacancy_1651,-7.379854,-3.519966,-2.316751,-2.387346,-1.011552,2.958847,-4.441396,-0.748792,-2.130647,-8.984348,-7.517447,-10.200595,-7.432009,7.244748,-9.004378,3.326195,7.093618,0.089286,-8.672135,5.289867,-2.408777,-1.200580,8.436336,-9.664108
vacancy_1652,3.368352,-2.354716,3.181237,2.713694,-7.471258,-2.193704,8.270724,7.464838,-5.731526,3.627388,-7.685075,9.980129,-4.692483,-2.075691,2.614905,7.378295,10.681532,4.460580,2.005168,4.259567,-8.493418,4.888334,-4.965545,2.825914
vacancy_1653,3.508582,-1.958098,3.886007,2.818923,-7.137412,-2.383189,7.961051,8.039749,-5.878142,3.307046,-7.464386,10.322773,-4.741463,-2.716372,3.313099,6.688763,10.238933,3.552034,0.657007,4.815982,-9.905732,4.067887,-4.643239,2.267260
vacancy_1654,4.287207,-0.745533,3.310375,0.829443,-8.371165,-1.788189,8.187839,8.231874,-5.641213,3.084185,-8.380606,10.489397,-5.420078,-0.985085,2.815767,6.713026,9.871272,4.054162,0.052335,7.227805,-7.295414,5.067534,-4.549848,3.046050
vacancy_1655,-7.045674,1.772412,2.145656,4.135076,-2.602581,-3.626334,5.280142,-4.479770,-7.166422,-4.262423,-7.921158,1.019594,9.774273,4.903212,-0.936125,9.060553,0.387667,-2.899412,1.112104,7.985047,-5.487359,-2.315159,-6.349197,4.084198
vacancy_1656,-8.813527,-5.132489,-8.631795,-5.496625,-6.187487,-6.036663,4.542976,1.748006,-3.446417,-8.408293,-0.590579,-9.080254,6.965364,8.457155,-2.551781,1.786121,-4.073909,5.916877,-8.535745,0.402863,2.433610,-0.279883,-8.608062,-5.565741
vacancy_1657,-6.918210,-4.340104,-2.061050,-3.675232,-1.078866,3.983623,-3.350372,-0.828292,-1.965577,-6.309032,-8.363939,-9.142790,-7.981409,7.481663,-10.669808,4.706430,7.101585,1.408925,-8.797514,5.437082,-2.209299,-1.181502,7.229714,-9.195312
vacancy_1658,-6.942813,-2.967708,-2.416682,-3.890108,-1.090296,5.192518,-4.472152,-1.860959,-2.454354,-6.287101,-7.619517,-8.724506,-7.800414,7.394999,-9.481189,5.155473,6.748354,-0.230041,-7.806604,4.512660,-1.929725,0.690039,7.874058,-7.963282
vacancy_1659,-7.890366,1.510193,1.044788,3.734447,-2.641175,-4.511080,5.498022,-4.392772,-6.736774,-3.947887,-8.393259,-0.287150,8.313027,5.902589,-0.531963,8.284064,0.603755,-2.524409,-0.324586,8.621508,-5.680372,-2.535845,-6.324092,4.471584
vacancy_1660,-0.662596,-5.636363,3.320916,2.886164,8.911108,-8.135975,6.323160,-0.211413,-1.541551,0.180426,-7.632748,-9.273222,4.469048,3.785494,-1.856630,-0.185919,-2.216010,-2.155257,-5.528258,7.143804,0.463137,1.708208,2.179177,-5.978692
vacancy_1661,-4.117262,5.198634,6.669552,9.449698,-5.493620,-3.796148,-5.389525,8.729395,10.305565,5.387456,-3.296893,-8.134629,5.128262,0.777747,-3.687245,9.558792,7.636382,2.135235,0.758265,3.243037,9.145762,-7.206365,-4.447386,-8.778451
vacancy_1662,-10.778194,-4.550919,9.801646,0.050310,6.538870,3.572748,2.932766,4.440871,7.545865,-4.642621,5.594665,-10.386539,-4.916827,-4.283618,2.326613,2.735610,-9.088161,-4.732167,0.424756,-5.608395,3.604430,7.664027,-8.266314,3.242427
vacancy_1663,-2.866887,5.514339,6.650362,0.805199,5.850550,2.387701,-8.494499,5.410415,3.896845,-2.857542,-5.310013,-6.607082,-9.712440,8.214911,-2.691171,7.445202,-2.467387,-6.711917,-4.497217,9.826348,-3.864224,-7.214379,-2.012644,-9.660847
vacancy_1664,0.532843,-4.813073,4.670652,2.285192,9.378136,-9.352563,6.121607,-0.579611,-1.357165,0.443898,-7.635860,-9.673246,5.004875,3.435983,-0.753265,0.464111,-1.417025,-2.670099,-6.205718,6.280899,1.933139,3.172093,0.924247,-5.851069
vacancy_1665,-7.499471,1.738284,0.314860,4.793308,-2.738362,-4.064918,6.002187,-5.076115,-8.327505,-5.285392,-8.124948,1.109856,8.151498,5.658895,-1.359038,10.066128,0.684188,-1.888711,0.838468,7.718348,-5.629202,-2.410900,-5.831181,3.797055
vacancy_1666,-9.408830,-6.595890,-9.193015,-5.289216,-5.716484,-5.922434,5.557135,2.582453,-5.251581,-8.112086,-0.982950,-8.739823,6.164728,9.636313,-2.284223,2.262963,-4.391193,4.768837,-9.325244,0.384171,1.730114,-0.276303,-7.355936,-5.285558
vacancy_1667,-7.607471,2.157621,1.218590,4.094271,-2.775938,-4.776648,5.727570,-3.655887,-8.030507,-3.642643,-7.489962,1.060042,7.652313,8.520696,-1.001929,9.973588,0.622381,-1.849703,0.264758,7.562142,-6.145952,-2.386540,-6.578187,4.053368
vacancy_1668,-6.605409,-3.590231,-1.518142,-3.856617,-0.891884,2.899583,-3.278537,-0.625065,-2.007886,-7.319434,-7.403794,-10.084141,-7.205853,7.438457,-8.731383,4.511560,7.948106,0.648343,-9.865777,6.126263,-0.797381,-1.453472,7.256648,-9.116394
vacancy_1669,-6.861692,1.689446,-0.102400,4.294523,-3.229219,-3.987439,4.636428,-4.979008,-7.648101,-3.862217,-8.191144,0.161403,8.704126,5.775742,-1.444471,9.000535,1.645996,-3.469213,0.610239,7.591188,-5.742348,-2.409086,-6.137260,4.090646
vacancy_1670,-1.915896,5.851751,5.290598,0.346649,4.825754,0.720796,-9.251936,6.422612,2.998859,-3.321987,-5.350632,-7.162570,-9.793796,8.537199,-2.057826,7.142817,-2.554198,-6.448570,-4.256527,9.043103,-4.244141,-7.520952,-2.185173,-7.080076
vacancy_1671,4.238437,-1.319314,4.168552,1.341224,-7.019753,-3.184906,7.306288,7.291762,-5.305715,3.173032,-7.255794,9.579445,-5.455728,-2.688572,3.058871,6.546924,9.682815,4.251646,0.281092,6.066225,-9.698113,5.582522,-5.039267,1.881341
vacancy_1672,-8.050131,-3.230756,-2.367768,-3.653570,-1.751974,4.284274,-3.473882,-0.385825,-2.987323,-7.723505,-7.343215,-9.479424,-7.614618,7.142661,-9.671281,4.894299,7.885072,0.322690,-8.179450,5.880015,-1.403098,-0.345332,7.613138,-10.011520
vacancy_1673,4.891048,-0.794351,3.329605,1.634115,-7.561959,-2.118868,7.802821,8.295046,-5.633870,3.508033,-8.654550,9.498656,-4.840501,-2.107154,2.287257,6.634815,8.659421,4.124113,0.773574,6.082378,-9.325484,5.830177,-4.732184,1.644300
vacancy_1674,-0.743627,-5.593255,4.656782,2.917875,7.677054,-8.336857,6.263154,0.190217,-0.995029,-0.497421,-8.333375,-9.082177,5.388824,4.766318,-1.667621,0.215075,-1.531180,-2.465996,-5.643418,7.095376,0.762497,2.887338,3.193706,-6.068174
vacancy_1675,0.005550,-5.105094,4.281937,2.646093,8.468500,-9.166128,6.828377,-0.521268,-0.421395,-0.876718,-7.338486,-9.794931,5.663017,3.654491,-1.936654,-0.410901,-1.846962,-2.416964,-6.688355,5.928701,1.050309,2.222977,3.090766,-5.822214
vacancy_1676,-2.348198,5.669861,5.994955,0.213427,4.186434,1.873424,-8.470819,6.222408,3.349874,-3.853203,-5.644996,-6.760224,-9.130877,8.518410,-2.425531,6.203171,-3.478854,-7.394014,-4.771477,7.895339,-2.611950,-8.109913,-3.018405,-9.753549
vacancy_1677,-4.195448,4.746047,7.506393,9.090841,-5.687839,-3.168931,-5.390802,9.621684,8.194864,6.012568,-4.219333,-6.587307,4.692258,-0.177858,-2.804769,8.238436,6.877266,2.543500,-0.595184,3.541707,8.752196,-6.675435,-5.501365,-7.827726
vacancy_1678,-0.522794,-5.054523,3.956623,3.005941,8.414849,-8.594862,6.604379,0.670270,0.188528,-1.439560,-6.551943,-7.761994,4.379521,3.040030,-1.877973,-0.305612,-1.887538,-1.773303,-6.425772,6.132500,0.917669,1.625682,2.436217,-5.841587
vacancy_1679,-7.739313,0.578443,0.083684,3.541931,-3.834719,-4.585368,5.387309,-4.587258,-7.249150,-4.011080,-9.036420,0.077510,7.841255,7.115502,-0.315966,9.786775,0.679988,-2.937198,-0.221919,7.257694,-5.950004,-3.068090,-5.646439,4.997925
vacancy_1680,-9.435436,-6.586274,-9.174570,-6.015128,-6.583106,-5.196176,6.880692,1.808106,-3.381415,-9.097336,-0.558231,-9.889795,5.525856,8.056705,-4.019197,3.219809,-4.196882,5.202779,-9.943077,-0.012978,2.549932,-0.246111,-7.176920,-6.313156
vacancy_1681,0.082673,-4.860075,4.819145,2.833967,7.684101,-9.336253,7.296746,0.901117,-0.093496,-0.662328,-8.064701,-9.282790,5.059422,3.057420,-1.000218,0.347243,-1.734850,-1.184759,-5.489389,7.598697,-0.655511,2.886667,2.990001,-6.067119
vacancy_1682,-7.711152,0.184591,1.830467,4.537087,-3.195958,-4.717789,5.653114,-3.243228,-7.209742,-4.598434,-9.407803,1.496059,7.969566,6.015633,-1.746128,9.878031,0.078176,-3.451231,-0.618161,7.101318,-4.732430,-1.275278,-6.622788,4.253152
vacancy_1683,-7.724551,-6.134090,-9.596903,-4.977633,-5.648223,-5.761737,6.001673,2.087604,-4.913679,-8.643230,-0.218735,-9.041448,6.219943,9.082519,-3.579331,1.999318,-4.001998,5.253809,-9.539744,0.593741,2.239771,0.451050,-8.121468,-6.054390
vacancy_1684,-3.572509,4.541277,6.720347,8.908949,-6.707137,-3.315795,-5.786662,8.841916,10.443953,5.656192,-4.152737,-7.738880,4.660285,0.322140,-4.167990,7.677503,5.843055,2.255591,1.132368,4.403372,8.459163,-5.905374,-4.043250,-8.617944
vacancy_1685,-1.025354,-4.497286,4.834368,2.222004,7.743892,-9.303984,5.618704,0.588863,-1.268951,-1.306291,-7.434221,-8.578669,4.442771,3.105572,-2.099155,-0.736113,-1.821972,-1.585620,-6.222142,6.932531,0.121454,2.669032,1.406511,-5.934922
vacancy_1686,-6.821103,1.481835,2.549771,3.572625,-2.219829,-4.585193,4.384789,-4.759624,-6.879113,-3.737728,-7.719118,0.610141,8.721922,6.771687,-0.976771,10.203733,1.624384,-1.353540,0.796063,7.624050,-5.562942,-2.392442,-7.002181,5.325614
vacancy_1687,-8.322190,-4.119248,9.435001,0.943085,6.182893,3.864015,1.228699,4.415701,8.241092,-4.148832,5.751203,-9.353865,-5.176224,-5.648537,1.650165,4.159044,-9.261041,-5.815872,0.843930,-5.740034,1.875995,6.932671,-7.443219,2.790858
vacancy_1688,4.412233,-0.753648,3.671860,0.812165,-7.690241,-1.746856,8.549579,7.190484,-4.812784,2.611085,-7.958069,9.506055,-5.257761,-1.995212,1.641351,6.808469,8.234368,3.012947,1.623214,5.203037,-9.232763,5.691199,-4.876892,2.297039
vacancy_1689,3.815462,-0.677538,4.817548,1.154017,-6.781861,-2.140735,8.291493,8.307150,-5.685318,3.394403,-8.301833,10.524373,-3.418970,-2.149812,2.171182,7.047672,9.172384,4.137880,0.674118,4.869951,-9.547437,5.449998,-5.244049,2.779134
vacancy_1690,-6.920150,1.539837,1.576934,3.958881,-2.433027,-5.150406,6.666428,-5.433723,-7.778656,-4.352476,-7.925690,0.794485,9.753155,5.250567,-1.041086,10.031458,0.223869,-2.878633,1.388193,6.625683,-5.372572,-2.268425,-6.336648,5.686895
vacancy_1691,-3.092203,4.893263,6.184516,1.715337,4.459257,1.598124,-9.717457,5.802250,2.436565,-3.708529,-4.643782,-7.481210,-11.076146,8.441584,-3.343708,6.903935,-2.130570,-7.380668,-4.761215,8.405628,-2.962906,-8.430038,-2.561396,-9.498429
vacancy_1692,-3.436007,4.901016,6.789035,9.403495,-6.371452,-3.040969,-4.249107,9.265873,8.638059,7.462270,-3.487676,-7.899885,3.630977,-0.300834,-4.115792,7.927477,7.722271,3.114940,-1.133663,3.623848,8.500056,-6.666126,-4.998588,-9.040707
vacancy_1693,-8.842471,-5.685677,-8.503565,-5.372254,-5.940110,-5.898540,6.049087,2.503420,-4.922783,-8.690579,-1.228419,-9.232683,6.412256,9.270347,-2.362191,1.901944,-5.912778,5.954581,-10.972727,0.166183,2.073148,-1.033441,-6.900143,-5.332616
vacancy_1694,-6.289896,1.382559,1.123558,3.761753,-2.462928,-3.794984,5.442184,-3.827432,-7.642345,-2.709976,-7.898890,0.952624,8.656416,5.939026,-2.246476,9.856323,0.850437,-1.933341,-0.467126,8.676032,-6.353082,-2.621223,-5.765657,4.560910
vacancy_1695,-6.263174,1.343707,1.102214,3.116239,-2.953465,-3.296546,4.570488,-3.763324,-8.850819,-4.585454,-7.772286,0.792946,9.297943,7.260778,-0.206644,10.047185,0.813162,-2.989116,-0.743288,8.638059,-4.471973,-3.323376,-5.649376,5.824860
vacancy_1696,-7.543176,-3.770347,-2.136828,-3.203494,-1.454002,3.618922,-3.961922,-0.961698,-2.719636,-7.349028,-7.572565,-9.505044,-6.392561,7.845606,-9.958417,4.444297,7.385852,0.812883,-9.062326,4.448273,-0.584840,-0.290752,8.228991,-10.408469
vacancy_1697,-7.823709,2.140089,1.419473,4.394887,-3.741658,-4.346500,6.703887,-5.600544,-7.786786,-4.930265,-8.193597,0.369331,8.241774,6.028977,-1.195896,9.672820,0.317279,-1.987335,-0.519271,7.240212,-5.653623,-2.305907,-5.295396,4.391336
vacancy_1698,-4.455445,5.441815,6.258185,1.154212,4.565112,1.723274,-9.032708,5.551358,2.926735,-3.043987,-5.630902,-7.106904,-9.800997,9.304056,-2.930501,7.061689,-1.594120,-8.096543,-4.731393,10.451038,-2.554923,-7.559309,-1.768965,-8.946501
vacancy_1699,-7.678921,-7.281023,-9.618702,-5.399687,-5.472814,-6.891415,6.021450,2.697595,-3.743121,-8.081696,-0.540181,-10.837580,6.750276,9.061251,-2.223683,1.654713,-4.056495,5.043244,-9.688239,-0.338063,2.636755,0.192314,-7.902556,-5.530854
vacancy_1700,0.050121,-4.798773,3.872179,2.444287,9.297909,-9.051740,6.192759,-0.375199,-1.046575,-0.158194,-6.819908,-7.793916,4.487089,3.277016,-2.980103,0.179892,-2.864409,-3.099475,-5.840393,7.305212,0.480807,2.912605,3.015195,-6.153414
vacancy_1701,-6.593695,-4.722944,-2.998889,-3.536643,-1.450783,4.002306,-3.615092,-1.048266,-3.158185,-7.768657,-8.076595,-9.341478,-9.039192,6.451132,-10.016528,3.891494,6.891875,-0.533183,-9.353602,4.551503,-1.589148,-0.059888,7.382780,-10.898572
vacancy_1702,-6.871020,1.178384,0.875988,3.391320,-3.766098,-4.573699,6.266468,-4.603049,-7.452227,-3.654371,-8.073832,0.913389,8.014377,6.616547,-1.722163,9.550204,0.154936,-2.564460,0.470830,7.550790,-5.162276,-2.299364,-6.685981,4.629385
vacancy_1703,-0.105669,-4.534429,5.286124,3.226415,8.585743,-9.652167,5.417213,-0.638461,-0.845006,0.445200,-8.332642,-8.897100,4.922855,2.670661,-1.894698,0.745538,-2.464222,-2.815173,-6.132288,7.660396,0.227117,2.434981,3.831507,-6.002755
vacancy_1704,-7.824162,-3.022292,-1.985509,-3.545784,-0.392991,4.112532,-4.507320,-0.536526,-2.947429,-7.251058,-7.474208,-9.640404,-7.961529,8.197946,-9.360595,3.951421,7.671142,-0.372996,-8.644926,4.283188,-1.712186,-0.345805,7.825399,-9.280680
vacancy_1705,3.702170,-1.519986,4.835465,1.463349,-7.738329,-2.076156,8.265633,9.049260,-5.679088,2.764571,-7.246925,7.927174,-4.482967,-0.966470,3.097811,7.105427,9.338438,3.233818,0.750339,6.772050,-8.991550,5.748758,-3.996966,2.605972
vacancy_1706,-3.719274,5.843673,5.909961,0.133584,5.660132,0.409727,-7.854808,5.567573,2.316839,-3.017933,-5.555819,-6.864574,-9.808992,8.821251,-3.308468,6.654314,-2.933467,-7.373431,-3.787762,9.191278,-2.772553,-7.945508,-3.185322,-9.092046
vacancy_1707,-6.897492,-3.315564,-2.323844,-3.650834,0.207502,3.203884,-4.176878,-0.954741,-2.896844,-7.288436,-7.595126,-9.049550,-7.788338,6.532057,-8.867044,3.822705,6.080191,-0.723025,-8.631872,4.216316,-1.627589,-0.627775,7.141934,-9.043219
vacancy_1708,-9.048118,-6.471021,-9.830936,-5.891714,-6.375092,-6.600534,5.429805,1.772472,-4.416651,-8.041378,-1.060679,-9.833542,7.025676,9.167911,-3.684310,1.505702,-4.408355,5.258377,-10.114865,0.234503,2.333489,0.936605,-6.809008,-5.126798
vacancy_1709,-7.906585,1.808510,0.448608,3.051579,-3.029406,-3.517122,5.869285,-3.566515,-7.125101,-4.403223,-7.805567,0.142516,6.939931,7.078102,-1.243994,9.400413,0.820914,-2.072767,-0.623443,7.108686,-4.801786,-2.648604,-6.408831,4.216232
vacancy_1710,-3.845919,5.104049,7.131814,9.926038,-5.571874,-2.943709,-5.125548,8.968395,9.096023,6.274404,-4.584004,-8.171074,4.888233,0.106504,-3.274470,8.342449,6.377812,3.346384,-0.186162,3.419655,9.127297,-6.099521,-4.905281,-7.896733
vacancy_1711,-7.464925,1.828395,1.184243,3.505663,-3.439200,-4.463721,5.466246,-4.601824,-7.644907,-3.717357,-8.275045,0.664172,8.668647,6.151962,-0.264366,10.646867,0.431360,-3.579907,0.080752,7.390284,-5.355628,-3.587851,-5.547994,3.810970
vacancy_1712,-4.132240,4.888915,6.661611,9.395665,-7.034353,-2.986962,-5.346655,8.904835,8.092828,6.236477,-3.176788,-8.249692,3.991966,0.397668,-3.749294,8.230653,7.121490,3.067147,0.412115,4.898604,9.248119,-6.463112,-4.547195,-7.802456
vacancy_1713,-7.857920,-4.941198,-7.910509,-5.523601,-6.551059,-6.466447,5.341371,1.906353,-3.507773,-8.622988,0.109458,-9.209830,6.896317,9.106293,-3.159479,1.800608,-4.360198,5.092731,-10.156278,0.019900,2.470503,-0.177002,-8.284334,-5.523108
vacancy_1714,-3.035317,5.035401,5.865543,3.025152,4.848451,2.275113,-9.733623,4.105001,1.759970,-4.133231,-5.620105,-7.168876,-9.920958,8.332593,-2.430448,6.525641,-2.860477,-7.154191,-4.266392,9.095630,-2.924925,-7.470475,-2.431492,-8.958215
vacancy_1715,-7.095067,-3.507186,-2.965556,-3.861057,-1.346533,3.589043,-4.295715,-0.281212,-2.502507,-8.173068,-6.256394,-9.376177,-7.449064,6.676491,-10.337513,4.968350,6.610561,1.008550,-8.045551,5.452036,-0.874155,0.335295,7.175089,-9.744948
vacancy_1716,-10.187915,-4.541315,9.879596,0.637061,5.882258,3.176271,2.594362,4.008574,8.079254,-5.748393,6.279314,-10.025086,-4.372166,-4.817548,1.896754,3.990193,-9.137208,-4.408140,0.367323,-4.937881,2.147037,6.730799,-8.861451,3.356919
vacancy_1717,-0.385655,-5.066588,4.893680,2.625626,9.538524,-8.609180,6.529342,0.535900,-1.091249,0.753163,-7.235236,-9.260904,5.378968,3.966796,-2.100603,0.793953,-1.893104,-1.813263,-6.557882,6.790829,0.745394,3.090326,3.556068,-5.499770
vacancy_1718,-8.563709,1.096615,1.100454,1.703667,-3.230031,-4.211253,7.066868,-4.673790,-7.229918,-3.848329,-7.577239,1.018701,8.246079,6.353220,0.424999,9.507270,1.141064,-3.052472,0.191277,7.341953,-6.675779,-3.247482,-5.915458,5.174120
vacancy_1719,4.720811,-1.726701,4.435906,2.426850,-6.779959,-1.648688,6.879412,8.580056,-5.376402,3.579164,-8.149827,9.285428,-4.488043,-2.565895,2.515750,7.182929,10.442533,4.975457,1.133019,5.859934,-8.951087,5.354820,-6.497805,2.023494
vacancy_1720,-0.454879,-5.725540,4.131919,2.012121,9.284481,-9.878739,5.454454,0.046554,-0.247831,-1.115009,-8.204707,-9.077934,4.781330,2.988962,-1.504193,-0.245594,-2.227567,-1.994291,-5.193568,6.718748,0.091924,2.908947,2.126239,-6.249386
vacancy_1721,-9.590878,-3.641904,9.021705,0.973209,6.518944,3.317844,2.881271,4.601219,7.333499,-5.555367,6.112477,-9.688374,-4.835172,-5.270140,2.728185,3.478260,-9.398253,-5.438850,0.072248,-6.559499,4.271955,7.973665,-8.509553,2.758008
vacancy_1722,-3.350470,4.629079,6.510307,1.127642,4.459852,1.792411,-8.594914,5.384466,2.870699,-2.824243,-6.155093,-6.648350,-10.873270,9.566850,-3.043663,7.099724,-2.736899,-6.401899,-5.035109,8.485551,-2.167278,-6.735085,-2.043215,-9.233097
vacancy_1723,-3.006014,5.493766,6.729253,1.919655,4.632888,1.330078,-8.813304,5.255711,2.681131,-4.554161,-5.552160,-6.819570,-9.974593,7.867969,-2.776564,6.093384,-1.634689,-6.856984,-4.661198,9.187828,-3.822156,-6.991181,-1.769098,-10.437177
vacancy_1724,0.242183,-4.707830,2.728193,2.752874,8.920641,-9.058636,7.172561,0.203258,0.226120,0.225073,-6.953936,-7.589724,5.549504,3.674386,-2.255975,0.564149,-1.271984,-2.266183,-5.794304,6.046915,-0.294506,2.566275,2.855016,-5.494496
vacancy_1725,-3.570135,5.771003,5.827849,1.392962,5.880257,0.912644,-8.548371,5.480281,3.211102,-3.436767,-5.934909,-7.064466,-9.880875,8.371458,-2.638336,6.518745,-2.873490,-7.010059,-3.865023,9.501439,-2.539886,-8.559413,-3.036852,-9.796249
vacancy_1726,-8.907389,-6.898526,-9.281561,-4.954649,-7.339276,-4.209772,6.272704,2.224834,-3.971645,-8.212941,-1.333762,-9.121978,5.915609,8.899129,-2.005058,1.971503,-3.629097,5.246979,-10.985132,0.969048,1.340123,-0.629904,-6.761005,-5.460324
vacancy_1727,-7.888079,-3.417928,-2.296019,-3.601545,-0.872556,3.089982,-3.153427,-0.769069,-2.012845,-7.318599,-6.848422,-9.597698,-9.104027,6.101654,-9.462340,4.354669,7.862190,0.985461,-8.666353,4.820661,-2.580506,-0.059272,7.716320,-9.194930
vacancy_1728,-6.428310,1.739014,1.299867,3.673493,-3.390364,-4.864223,6.026094,-5.033787,-6.892530,-3.643594,-8.299245,0.483922,8.491563,5.834313,0.101034,10.091112,0.603019,-2.334866,-0.571055,7.792855,-5.513611,-2.590140,-6.529644,4.827661
vacancy_1729,4.506692,-1.785537,3.325908,3.106336,-7.946632,-1.715105,9.235506,8.066218,-5.798874,3.501807,-8.307559,9.993748,-6.003834,-1.948151,1.569765,7.473856,9.747820,4.376805,0.869920,6.240368,-9.706600,4.611198,-3.846368,1.413845
vacancy_1730,-8.828381,-6.058940,-8.523301,-5.127850,-6.649898,-5.954680,5.086777,2.548499,-3.579821,-9.196206,-0.945644,-9.576010,5.991177,8.664196,-2.471270,1.545934,-4.096732,6.454876,-10.280329,-0.688996,1.692027,-0.237630,-7.716968,-5.865098
vacancy_1731,-7.394033,-3.602179,-2.914780,-4.020750,-0.952329,2.676698,-3.666570,-0.781952,-2.501790,-7.962960,-7.627557,-9.316108,-8.352108,6.981330,-9.458094,5.111158,7.131350,0.705822,-8.570051,5.368702,-1.623980,-0.980600,7.595677,-9.492304
vacancy_1732,0.712366,-5.287896,4.613549,2.712279,8.046554,-8.953408,6.397007,-0.103252,-1.511747,0.074756,-8.376481,-7.988501,3.783073,3.465655,-1.678112,0.255974,-2.936530,-1.414366,-5.551246,7.225243,-0.405968,3.550996,2.526346,-6.054257
vacancy_1733,-5.649073,2.160651,1.269651,4.068469,-3.023101,-3.624924,5.918581,-4.926302,-7.603703,-4.134859,-8.927103,0.660596,7.262423,6.370113,-0.063548,10.917888,1.354746,-2.639202,0.313135,7.173735,-5.327394,-3.007631,-5.713907,5.207260
vacancy_1734,-8.402059,-5.815548,-8.348928,-4.814342,-7.285790,-5.271005,6.072320,2.614726,-3.688066,-8.089158,-1.105716,-10.063103,5.917402,8.906931,-2.317781,1.611455,-4.103116,4.836107,-10.943725,0.071624,1.801904,0.237206,-8.311287,-5.256797
vacancy_1735,-7.986928,-6.759183,-8.708178,-5.460305,-5.912536,-5.927993,5.251930,2.251312,-4.351867,-8.046095,-0.283676,-9.189753,7.237796,9.245962,-2.054649,1.742624,-3.884356,4.983425,-10.365041,1.551232,1.739587,0.794626,-7.389768,-4.818177
vacancy_1736,-2.728391,5.438514,6.207007,0.407890,4.918546,1.419155,-9.609640,4.826825,2.070555,-3.445867,-5.655808,-7.387502,-9.090873,8.789234,-2.600816,7.657662,-2.273128,-7.243431,-4.299577,9.021006,-3.306408,-8.153977,-2.638949,-9.754632
vacancy_1737,-7.281990,-3.721848,-1.866410,-4.611375,-1.270852,3.644857,-4.491340,-0.951265,-2.023176,-7.329142,-7.643816,-8.473315,-7.666256,7.031218,-10.062863,3.527682,7.131807,0.346954,-8.310259,5.130227,-2.460804,-0.418732,8.377251,-8.426312
vacancy_1738,-3.840409,5.214070,4.977524,1.108756,4.803315,1.389152,-8.564848,5.255838,2.757121,-2.938838,-5.768812,-6.690809,-10.216564,8.623207,-3.382666,7.817313,-2.440546,-6.831940,-3.724519,8.769096,-3.859886,-7.491111,-2.438916,-9.202185
vacancy_1739,-9.027191,-6.527922,-8.553636,-5.332958,-5.736652,-5.564776,5.322924,2.519938,-3.504552,-8.611850,-0.826138,-9.811510,6.261822,9.057729,-2.817279,1.993949,-3.979327,5.015484,-9.691999,-0.728584,2.112869,-0.682740,-7.224656,-4.459068
vacancy_1740,-4.254642,4.800994,6.681240,10.067071,-6.756342,-4.138028,-6.602936,9.470501,8.380006,6.586177,-3.997001,-7.502157,4.881492,-0.593905,-2.039106,8.822479,7.146907,2.002041,-1.200903,3.480414,8.514165,-6.854097,-4.641404,-7.747200
vacancy_1741,-9.071935,-5.953707,-7.604114,-4.771471,-5.330520,-5.313910,6.714855,1.376682,-5.010498,-8.037108,0.041132,-9.655320,6.647195,9.429040,-3.600010,1.400302,-4.595336,5.639121,-10.315094,-0.487154,2.427700,-0.430414,-7.037667,-5.537474
vacancy_1742,-3.394367,5.211900,7.030302,1.247384,5.041548,0.582890,-8.390933,5.006042,2.527602,-3.506818,-6.596715,-7.173495,-10.620371,8.484099,-1.825932,6.303547,-2.433368,-6.572694,-4.708143,9.233668,-2.872178,-8.201043,-3.171068,-9.644617
vacancy_1743,-3.117062,6.332125,6.589578,-0.147136,5.186476,2.413900,-9.251158,5.505096,2.344679,-3.859935,-5.697709,-7.667292,-10.573221,8.757939,-3.600690,6.767828,-1.843131,-7.720816,-3.265547,8.656906,-4.359364,-8.953717,-1.686151,-9.115608
vacancy_1744,-8.555667,-5.951666,-8.152798,-6.165857,-5.104938,-4.928750,5.412438,1.989962,-4.995317,-8.705014,-1.116886,-9.255753,5.118826,9.290038,-2.093654,1.109752,-4.365737,5.846340,-10.080432,-0.304864,2.127654,-0.013200,-6.677824,-5.503027
vacancy_1745,5.413227,-0.700291,4.843656,1.658864,-6.296787,-0.546763,7.887602,9.087706,-5.259718,3.499554,-7.731866,9.080768,-3.969192,-2.756200,0.199238,7.312702,9.575861,4.298547,0.882130,6.259606,-9.563618,5.999309,-4.878523,2.458175
vacancy_1746,-3.445386,5.897570,6.108027,1.545142,4.120051,1.665875,-10.083900,5.289033,2.843879,-2.757935,-5.406682,-8.013030,-10.690240,9.463918,-3.030810,6.330662,-1.923465,-6.172660,-4.349574,9.237007,-1.901283,-7.691747,-1.658967,-9.361364
vacancy_1747,-9.101347,-3.547731,9.564585,-0.405447,6.042299,3.972081,2.516484,5.221665,7.642104,-4.187154,5.966041,-8.768026,-4.946417,-5.764822,1.534255,2.678021,-9.786026,-5.517866,0.591585,-5.152857,1.691827,7.605761,-6.784770,1.702759
vacancy_1748,-8.178342,0.632872,1.603169,3.654463,-4.040872,-4.330597,6.456802,-4.639289,-7.621694,-4.380183,-8.241916,0.531248,9.123107,7.207192,-0.405163,9.083750,1.234787,-3.206237,-0.221859,8.271616,-6.101483,-1.757274,-5.910674,5.707743
vacancy_1749,-3.652662,5.769361,5.874480,9.195045,-6.538830,-3.533895,-5.337959,8.723625,10.024799,6.327170,-3.579172,-8.027528,4.293155,0.221714,-3.619536,7.788517,5.620478,1.236572,-1.242930,4.724167,8.661460,-8.218273,-5.071398,-8.956968
vacancy_1750,-4.323782,5.240209,6.545371,9.370523,-5.660439,-2.913897,-5.339526,8.863232,9.397906,7.087956,-3.871189,-7.190274,4.226574,0.393624,-3.505180,8.258035,6.183267,2.665781,-0.830953,3.575489,7.960048,-6.574129,-4.969417,-8.470008
vacancy_1751,-3.741635,5.627884,4.868167,0.982111,3.962754,1.479642,-8.449460,4.988676,2.437989,-2.177927,-4.273544,-6.365135,-10.801585,7.458127,-3.167294,5.836305,-2.134765,-7.097182,-4.203674,8.328728,-2.496265,-7.307581,-2.273667,-8.442188
vacancy_1752,0.052893,-5.143009,2.984383,4.212274,8.777371,-9.825544,5.819367,0.511160,-2.228548,-0.527224,-7.033753,-7.564838,5.144660,2.824959,-1.538051,0.600482,-3.049266,-2.597773,-5.707180,7.084105,0.960431,1.891037,3.337610,-7.118791
vacancy_1753,-9.747195,-6.530110,-9.156145,-5.365604,-6.985726,-5.855527,6.036707,2.326861,-4.183905,-8.849050,0.066271,-9.800526,6.457103,9.742367,-2.008817,1.562988,-4.778104,6.118493,-10.230718,-0.245921,2.130365,-0.105838,-7.506869,-5.657218
vacancy_1754,-4.653542,4.852957,6.321280,9.706267,-6.549280,-2.895709,-5.656562,8.984944,9.438170,7.259087,-3.269420,-8.283879,4.514802,0.818098,-2.725041,9.103403,6.865636,2.508609,0.179169,4.359449,10.591684,-6.672888,-4.791740,-7.937860
vacancy_1755,-0.889646,-5.038021,3.091421,2.224586,8.933555,-9.760123,7.469521,-0.052081,-0.714645,-0.923173,-5.932649,-9.013440,4.876832,2.204503,-2.362378,0.880112,-2.911667,-2.167402,-5.798920,7.974365,-0.756390,2.406779,2.211184,-6.105214
vacancy_1756,-8.383773,-3.764717,-2.572012,-3.710313,-1.117738,4.887950,-4.663179,-1.336826,-2.540129,-7.194936,-8.560432,-9.004299,-7.432412,6.900108,-10.123995,3.873059,7.034024,1.222919,-8.294337,5.243722,-1.373184,-0.391016,7.012627,-8.764849
vacancy_1757,-8.315789,-5.983457,-8.880368,-5.950846,-7.151488,-5.334889,5.011435,2.898522,-4.334656,-8.444839,-1.018464,-8.990130,6.230840,8.710483,-3.791146,1.841975,-4.125157,5.252928,-9.581841,-0.757843,3.059778,0.906126,-7.007076,-6.345110
vacancy_1758,-3.761327,5.467040,6.754113,9.889290,-7.116055,-4.028523,-7.057350,8.358747,8.953993,6.055600,-3.627637,-9.053904,3.336335,0.766919,-4.286198,8.841847,6.468372,2.674659,0.346887,3.402969,7.721527,-6.518380,-5.031553,-7.476068
vacancy_1759,2.895704,-1.529525,3.495188,2.889198,-6.832899,-2.343600,6.956976,9.278948,-5.230069,3.630690,-8.404434,10.275915,-5.004842,-2.257934,1.629572,6.405651,9.238443,3.057635,0.594961,4.899358,-8.964820,4.758862,-4.898400,2.949062
vacancy_1760,-6.747891,-2.278709,-1.725164,-3.735257,-1.371501,3.814667,-3.920688,-1.212095,-1.912479,-6.921475,-8.128817,-9.430287,-7.515595,7.442661,-9.272644,4.608159,7.256258,0.618374,-8.814544,5.048976,-2.555856,-0.716544,7.589796,-9.516029
vacancy_1761,-7.669342,1.217873,1.111235,3.499553,-4.472578,-4.751698,6.356260,-5.163876,-7.961527,-3.334635,-6.482589,0.824467,8.407201,6.658989,-0.960908,8.828415,0.742915,-3.198481,-0.292346,8.817257,-5.138196,-2.568233,-6.716017,5.154150
vacancy_1762,4.074401,-1.656926,3.807382,1.870755,-7.840638,-2.906375,6.935950,8.420001,-5.528153,3.497063,-7.227799,10.613260,-5.867774,-2.720875,1.589555,6.021878,9.860149,4.587347,0.346402,5.864058,-8.464589,3.847600,-5.271491,1.638495
vacancy_1763,-8.449810,-5.617620,-8.959011,-5.626416,-5.452284,-4.994221,5.988481,1.143938,-4.445465,-7.131576,-0.931290,-8.929033,6.394028,9.068884,-2.333620,1.880760,-4.346621,5.406629,-9.072658,0.394219,1.537158,-0.081097,-7.467373,-4.439500
vacancy_1764,-7.593956,2.180665,0.326019,3.713927,-2.889576,-3.906252,6.055334,-5.170191,-7.004264,-4.517389,-7.771248,0.747986,9.277518,6.389113,-0.113497,9.790338,-0.314715,-3.088403,0.126614,8.313943,-5.756294,-0.657553,-6.145113,4.387207
vacancy_1765,-6.921579,-3.816737,-2.167856,-3.409538,-1.053520,4.381018,-3.660219,-0.570113,-3.405399,-7.774954,-7.348112,-10.042021,-7.492594,6.819297,-9.903903,3.832347,6.970974,-1.522542,-8.390515,5.063676,-1.596595,-0.546034,8.430830,-9.802877
vacancy_1766,-3.264161,5.091826,5.549962,1.035866,5.663113,1.286937,-10.246158,5.209170,2.659342,-2.206698,-6.265222,-6.606420,-9.250729,7.931766,-2.095176,7.406553,-1.246792,-7.649016,-4.737544,9.535675,-3.532812,-8.475362,-2.435641,-9.606266
vacancy_1767,-9.061155,-4.535761,9.729165,-0.653277,5.651028,3.403748,1.950879,4.524476,8.319578,-4.889248,6.706890,-9.910205,-4.355813,-5.125332,1.656638,3.994139,-9.253731,-5.419682,-0.038639,-5.994405,3.188355,7.577375,-7.214745,4.150545
vacancy_1768,-0.179040,-4.967374,5.460828,3.999536,8.539853,-8.779469,7.822056,-0.574777,-1.173780,-0.827452,-7.134216,-7.906558,4.298082,2.743232,-1.608326,-0.363295,-1.711734,-3.067626,-6.132568,6.696563,0.565106,2.263441,1.654098,-6.427727
vacancy_1769,-7.261495,-3.748256,-2.568745,-3.165640,-1.451114,3.929504,-4.144333,-0.955422,-3.349979,-7.625867,-7.415775,-9.132264,-7.417545,7.528142,-9.253347,4.973498,6.855348,0.095123,-9.239109,5.079782,-0.984228,0.018275,7.403126,-8.854084
vacancy_1770,4.411056,-1.850423,3.533893,1.741579,-7.891453,-2.106513,8.078208,8.509075,-5.355999,3.737949,-8.037979,10.964229,-4.742036,-1.908098,2.646131,7.450713,10.460102,4.377693,0.520866,5.890501,-9.762116,4.271875,-5.111358,0.501541
vacancy_1771,4.418137,-1.858406,4.247600,1.410995,-6.916618,-2.362016,7.943087,9.345024,-6.219711,3.345314,-6.539321,10.131734,-5.799786,-1.947440,2.453506,6.999956,10.695573,4.781932,1.039149,6.075227,-9.177786,4.336118,-4.642721,3.065111
vacancy_1772,-3.916494,6.141924,5.603598,1.245595,5.130941,0.189225,-9.219538,4.252095,2.632349,-4.101867,-6.548859,-6.769942,-11.136350,9.161547,-2.324554,6.265017,-2.777992,-6.593320,-5.173162,8.841374,-3.973462,-8.140975,-2.674260,-8.968685
vacancy_1773,4.083244,-0.618577,4.649760,1.819104,-7.062494,-1.508732,8.958570,8.672373,-5.455529,3.624642,-8.501141,9.212949,-5.156008,-2.598620,0.842440,7.069149,10.173171,4.480327,1.114664,6.011339,-8.544048,5.502084,-4.981533,2.524240
vacancy_1774,0.057794,-5.068239,3.502651,2.678554,8.466682,-9.654732,6.950482,0.112827,-0.368493,-0.429343,-7.874350,-9.198472,5.140941,2.873370,-2.935960,0.182002,-1.967508,-1.313827,-5.428997,7.251602,0.459024,1.774463,3.154160,-6.854726
vacancy_1775,4.015037,-0.508697,3.831544,1.572308,-7.816591,-1.792528,8.022485,8.443205,-5.394813,3.244883,-8.878649,8.737237,-4.913800,-2.249529,2.922531,7.197857,10.318759,4.025346,0.504960,6.048115,-9.397813,5.075569,-4.645206,3.114010
vacancy_1776,4.805446,-1.129538,4.342405,2.073552,-6.937003,-2.048057,8.423104,7.419432,-5.900574,3.705716,-6.741209,9.623662,-5.278882,-2.348649,1.337652,7.881749,9.649772,4.467169,0.451941,5.205844,-7.768735,5.258365,-6.015671,2.637063
vacancy_1777,-9.266811,-6.107459,-7.999398,-6.180319,-6.310566,-5.247968,5.056355,2.489820,-4.135303,-9.106930,0.023605,-10.271463,6.432645,9.277740,-2.765192,1.828451,-4.202745,4.766684,-9.472104,-0.070800,1.389648,-0.982516,-7.361551,-6.220731
vacancy_1778,-9.024907,-4.411154,9.820589,-0.801457,6.833912,3.364048,2.296113,4.462544,7.453619,-4.544633,5.391525,-8.418207,-5.134529,-4.910791,2.588136,3.530764,-10.131489,-4.928148,-0.671254,-5.542344,2.005182,7.917950,-8.161627,2.897406
vacancy_1779,-9.509666,-3.649139,8.976155,-0.137024,7.561966,4.703891,1.763567,4.359975,8.169501,-3.627979,6.812573,-10.047578,-5.224626,-5.451110,1.685123,3.198071,-8.549458,-3.970580,0.554628,-5.284243,3.328738,7.663833,-6.443528,3.203666
vacancy_1780,-9.734835,-4.245203,9.822529,0.220882,7.469370,3.986379,1.410333,5.305691,8.313247,-5.224600,5.903762,-9.850974,-5.004503,-5.351523,2.335322,4.103966,-9.824585,-4.992842,-0.676052,-6.435494,2.151128,6.912838,-7.485983,3.602870
vacancy_1781,-0.234840,-4.490719,5.630495,3.648637,9.115914,-8.545044,7.054881,1.415496,-1.629215,1.344294,-5.796292,-9.862866,4.462486,3.944675,-2.102700,-0.431046,-0.593206,-1.589065,-4.437981,6.831380,-0.484076,2.102619,2.381820,-6.254130
vacancy_1782,-7.509076,-7.197582,-8.802796,-5.118005,-6.482111,-6.208877,5.938988,2.377148,-5.007048,-7.832127,-1.914268,-9.979929,6.973619,9.818512,-2.337357,1.459702,-5.107643,6.059772,-9.202734,0.989880,1.779391,-0.849955,-7.360679,-5.480022
vacancy_1783,-8.134374,2.096503,0.684952,4.307636,-4.252155,-3.280200,6.753655,-5.572821,-6.780028,-4.324870,-8.123659,0.045643,8.377738,6.246703,0.176263,10.232598,1.372480,-1.397584,0.080116,7.829507,-5.529172,-2.473917,-6.347071,3.738822
vacancy_1784,-7.324820,-3.449683,-2.234526,-3.516807,-0.563679,3.086371,-3.945279,0.544512,-3.086343,-6.951322,-7.311507,-10.072694,-7.720743,6.570156,-9.920524,4.171784,7.280741,0.214687,-8.687777,5.458617,-1.803641,-0.544210,7.066470,-8.824106
vacancy_1785,-7.747153,-2.575429,-3.010327,-3.418788,-1.445672,3.738645,-4.165272,-0.315676,-2.056729,-7.696946,-8.427140,-9.387547,-9.092401,6.788980,-9.113303,4.554274,7.408502,2.191331,-8.164143,4.919138,-1.841155,0.309489,7.151975,-9.511310
vacancy_1786,-9.847936,-6.464212,-8.475017,-5.123339,-6.807547,-5.642613,5.904242,2.827868,-4.413462,-8.192143,0.257116,-9.025502,5.330467,10.013599,-3.450426,1.766171,-4.712224,4.641278,-8.571242,-0.848764,2.030866,-0.485751,-7.854194,-5.424573
vacancy_1787,-8.668988,-5.329784,-8.393632,-5.532456,-5.811783,-4.776575,6.490344,2.090715,-4.787077,-9.597825,-0.965156,-8.104744,7.714398,9.726085,-3.057700,1.738366,-4.602531,4.881772,-9.303336,0.316022,2.908124,0.372915,-8.503034,-5.202507
vacancy_1788,-4.700160,4.041303,6.849054,10.268112,-7.173932,-2.282576,-5.807914,8.376538,9.186646,6.327206,-4.351521,-7.261326,4.191658,0.441179,-2.963832,9.044596,5.780365,1.995718,0.054799,3.634589,8.268069,-7.042329,-4.786502,-8.421029
vacancy_1789,-7.363851,1.503000,1.800294,2.823623,-3.163687,-4.758653,6.111378,-4.838057,-7.746739,-4.420891,-8.285920,0.114582,7.890071,5.632795,-1.077403,9.025673,0.967402,-2.665012,-0.191495,8.575139,-5.991753,-2.948237,-6.908373,4.069349
vacancy_1790,-8.587779,1.747777,0.463470,3.578251,-3.778127,-3.721155,6.115551,-5.011801,-7.039448,-4.425399,-8.564734,0.326260,8.662555,5.451157,-0.537399,9.502364,1.796319,-2.352917,-0.207386,7.021544,-7.072538,-1.886435,-6.214527,5.040237
vacancy_1791,-6.734719,-4.420470,-3.704093,-3.362318,-0.310484,3.901093,-3.780004,-0.526878,-1.502628,-7.624789,-7.117120,-9.149240,-7.070194,7.612261,-10.099801,5.565499,7.499936,0.673483,-9.054091,5.643890,-1.617881,-0.157064,6.992974,-8.966609
vacancy_1792,-0.898769,-5.410425,5.424382,3.110611,7.980078,-10.043359,7.836926,0.545201,-1.302559,0.183606,-6.566419,-8.392197,4.378429,3.274630,-3.076471,0.516962,-1.449704,-0.976774,-6.190070,6.451150,0.152615,3.127597,2.385372,-7.552084
vacancy_1793,-0.355290,-4.577600,3.096909,2.998317,9.042544,-8.614203,6.533767,0.156490,-1.936174,-0.563681,-8.344542,-8.942123,5.394918,3.275795,-1.802514,0.123390,-2.378651,-0.817591,-7.050277,6.534257,1.084123,2.734484,3.154455,-6.333933
vacancy_1794,-9.577872,-4.705571,9.146787,0.343877,5.831091,3.467924,2.508443,4.475271,7.278468,-5.001511,6.918391,-10.267555,-5.189206,-4.831789,3.161988,2.584496,-8.557208,-3.773153,0.245269,-4.892871,2.854354,7.555747,-8.521969,3.094614
vacancy_1795,-6.924165,2.123529,-0.097045,2.347635,-2.539019,-5.032471,5.987714,-4.709691,-8.183798,-3.770485,-8.008107,0.453869,6.714949,6.165125,-0.610653,9.763489,0.602504,-2.380289,-0.155608,7.281529,-5.713654,-2.524067,-5.447345,4.303802
vacancy_1796,-3.746059,4.703457,5.644631,2.043823,4.724871,1.261006,-8.914504,4.626425,2.486662,-4.117396,-5.655628,-8.015784,-9.909487,8.549867,-2.794428,6.528491,-2.303945,-7.164931,-3.980484,8.708781,-2.088296,-8.469393,-2.616523,-8.996202
vacancy_1797,-7.997827,-6.401410,-8.040528,-4.894580,-6.519305,-6.330584,5.362077,1.666750,-2.907856,-11.253973,-0.855285,-9.531675,6.106546,8.936022,-3.283031,1.152770,-4.175500,5.911848,-9.900432,0.712769,2.801922,0.392875,-7.440580,-5.158687
vacancy_1798,-4.119616,5.009207,6.967264,10.458549,-6.521168,-2.791411,-5.708382,8.908360,8.421492,5.527993,-3.225650,-7.651105,3.558503,-0.398344,-4.804871,7.931191,6.528437,2.513322,-0.350012,4.424486,9.335440,-6.431501,-4.010156,-6.989408
vacancy_1799,-3.136031,4.442685,5.958713,8.313767,-7.309228,-3.336773,-4.510495,8.941319,10.034634,5.967938,-3.913808,-7.827784,4.209197,0.604261,-3.585497,7.677961,7.148811,1.543590,0.269808,4.414333,8.484984,-6.839762,-4.476503,-7.487967
vacancy_1800,-0.901160,-4.326231,3.539431,1.893061,9.513237,-8.816580,6.161329,0.052581,-0.383429,-0.342466,-6.717874,-8.591004,5.183640,3.403961,-1.652175,0.101081,-0.831880,-3.103550,-4.971231,7.000412,0.550876,2.821192,2.174043,-6.449870
vacancy_1801,-6.575576,1.065783,0.648540,3.982899,-2.421261,-4.539323,5.747364,-3.049987,-7.526068,-4.935969,-6.922100,1.057814,8.270202,6.723343,0.289153,8.912163,0.155160,-3.283691,-0.446430,7.677122,-5.297413,-2.778522,-6.033308,4.437492
vacancy_1802,-1.891265,5.330568,5.419188,0.375044,4.913324,0.724296,-9.223744,5.019850,2.699930,-4.295438,-5.852795,-7.180643,-9.964247,8.224071,-2.460967,5.644597,-2.293600,-6.261390,-4.767877,8.832274,-2.991126,-8.145988,-2.442145,-8.221640
vacancy_1803,-3.773550,5.156001,6.556429,9.838565,-6.813940,-1.867832,-4.973963,9.420727,9.273889,6.367450,-4.143405,-8.622567,4.281699,0.593943,-3.805787,8.640966,6.282947,2.600227,1.121857,4.786474,7.646830,-7.886735,-5.778168,-8.628556
vacancy_1804,-7.231700,-3.512132,-2.685741,-3.112655,-0.795718,4.898906,-4.794534,-0.641920,-2.235906,-6.620694,-7.148958,-9.709830,-7.296932,8.682391,-9.253615,6.166833,7.717418,-0.009865,-8.874523,5.247931,-1.504317,-0.069468,8.711774,-9.488007
vacancy_1805,-1.265012,-5.659030,3.988407,3.286344,9.237551,-8.892184,6.546998,-0.488586,-1.210407,-0.615696,-7.525422,-7.747006,4.265726,3.294651,-2.101250,0.767233,-2.853323,-2.000065,-6.795099,6.844509,-0.116777,2.931069,2.991905,-5.941537
vacancy_1806,-9.132247,-5.885976,-9.400346,-6.290948,-6.039089,-5.088586,6.254754,1.432890,-4.173893,-9.316922,-0.893045,-9.271433,6.826649,9.182191,-2.066084,1.515898,-4.406907,5.085092,-10.340887,0.004966,4.059568,0.508517,-7.747388,-5.187533
vacancy_1807,-1.137961,-5.574164,4.209187,3.109963,7.670308,-8.737238,6.176049,-0.441690,-2.204458,-0.617711,-6.798477,-7.893990,4.969188,3.218578,-1.961374,0.290245,-1.965481,-2.517476,-6.242770,5.911410,0.088116,2.233190,2.617476,-5.495265
vacancy_1808,0.094768,-5.263862,3.954576,2.758230,7.863800,-9.478044,7.397926,-0.046878,-1.589466,0.002829,-6.557359,-8.567117,4.551560,3.325441,-2.052221,0.889324,-1.523163,-1.653857,-4.559128,6.967774,0.068411,1.874137,2.292747,-5.631877
vacancy_1809,4.383373,-0.160442,4.127836,0.955752,-7.802129,-1.553131,7.708866,8.408377,-5.526328,3.242581,-7.973697,9.509199,-6.081625,-3.219784,2.461953,7.939429,10.091355,3.989098,0.490720,6.216831,-9.664816,4.033970,-5.326380,2.430240
vacancy_1810,-8.186051,-4.006947,-2.733032,-3.655096,-1.260622,4.677491,-4.478829,-1.293581,-2.115742,-7.673911,-8.113009,-10.300934,-9.285935,6.976668,-10.171864,4.313250,7.339332,-0.326110,-8.582810,4.356380,-2.079109,-1.217636,6.897802,-9.588545
vacancy_1811,-10.189494,-3.993494,9.327739,0.682828,5.873794,3.687558,3.261135,4.769176,6.922289,-4.069168,6.925360,-9.923335,-3.466377,-4.688836,1.820521,3.076722,-9.695262,-5.160404,0.559694,-5.900856,2.026521,5.869690,-8.538078,3.342611
vacancy_1812,-1.473696,-5.518270,4.238151,2.480985,8.692428,-8.393778,6.265603,0.508586,-0.287242,-0.147106,-7.827969,-8.465197,3.569433,3.399701,-2.350770,-0.043998,-1.388980,-1.234948,-4.903345,6.633274,0.234862,1.083879,2.520811,-6.780874
vacancy_1813,-7.947818,-5.029045,-9.298121,-5.495973,-5.568494,-4.443501,5.986395,1.916235,-3.859938,-9.162170,-0.838133,-9.396007,6.113691,8.295094,-3.064690,1.929890,-4.732718,5.882562,-10.370283,0.358845,2.142172,0.257084,-8.823698,-4.979692
vacancy_1814,-7.990970,-5.200283,-9.417823,-5.655254,-7.200974,-5.013276,5.511167,2.238555,-4.962968,-9.048743,-0.500653,-9.640078,6.366926,9.060031,-3.129292,2.001653,-3.698123,5.241163,-9.998432,-0.526283,2.093946,-0.781101,-8.565396,-4.907310
vacancy_1815,0.318035,-5.145770,3.250569,3.195570,8.872667,-10.317641,6.602469,-0.325657,-1.797871,-0.963616,-6.553999,-8.573122,4.678368,4.745331,-2.128741,0.134562,-2.361056,-2.048999,-6.032295,6.697868,0.344392,1.814680,2.721721,-4.664628
vacancy_1816,-10.111293,-5.549123,9.656557,-0.128116,6.244893,4.257603,2.951304,4.732205,7.116371,-5.094725,5.712439,-9.606383,-4.875875,-5.546692,1.934426,4.211499,-8.888014,-4.250045,-0.218514,-5.680523,2.813327,7.707072,-9.251724,2.515874
vacancy_1817,0.355287,-5.188027,3.754474,3.569259,8.839307,-8.222643,6.415605,0.661947,-0.897669,0.385739,-6.597931,-9.049780,4.952287,4.646673,-1.998892,-0.325558,-1.971085,-1.697821,-5.774613,8.205595,-0.541012,2.687696,2.477951,-5.876064
vacancy_1818,-7.433959,-2.929079,-1.438531,-3.725155,-0.668572,4.507635,-4.795287,0.205430,-2.884426,-7.875586,-8.835598,-8.435307,-7.760176,7.730138,-9.467507,4.571212,6.963435,0.850455,-9.070428,5.297201,-1.269780,0.752589,7.258068,-9.813382
vacancy_1819,-7.178832,2.629432,0.314590,3.584747,-1.652805,-4.391013,5.147605,-3.718562,-7.688334,-4.490726,-7.776056,0.337716,7.628658,7.407114,-0.589477,8.681075,0.159196,-2.796186,-0.075707,7.326173,-5.028492,-3.035446,-5.543013,5.192873
vacancy_1820,-6.810042,-4.067938,-2.788906,-3.848938,0.124149,4.339881,-4.621268,0.597789,-1.047980,-8.177542,-7.021725,-9.636039,-7.837252,6.955263,-9.613274,3.994599,8.520732,-0.879060,-8.980997,4.513659,-1.835155,-0.078135,7.761792,-9.415149
vacancy_1821,-4.131717,4.849755,6.327179,9.619090,-6.597850,-3.127535,-4.548200,8.957525,9.604696,5.919102,-4.086093,-8.863485,4.555185,0.028534,-3.364474,7.427107,6.852796,2.226945,0.591730,3.758012,8.687946,-7.101617,-4.181076,-7.799025
vacancy_1822,-8.379788,0.959269,1.222882,3.576728,-4.842742,-4.591279,4.530332,-4.555767,-8.243403,-4.284879,-8.083433,1.130524,6.307275,5.805345,-1.212865,9.607431,1.428345,-2.928068,0.964758,7.340982,-5.676157,-2.500687,-6.159342,5.502120
vacancy_1823,-3.223792,5.971895,4.827507,0.586896,4.922001,1.116878,-9.077188,4.780387,2.632878,-4.083668,-5.731440,-6.658206,-9.260993,7.652232,-3.511034,6.889780,-2.031954,-7.260167,-4.711219,9.301423,-2.702556,-7.783506,-2.008327,-10.437313
vacancy_1824,-0.056132,-5.021298,4.033542,1.500002,9.083063,-9.586940,6.410135,-0.027487,-0.811491,-0.136808,-7.689080,-8.303023,3.931466,3.476383,-2.070315,0.564189,-1.706817,-1.010102,-5.443362,6.186775,0.511258,2.697846,2.545772,-5.663487
vacancy_1825,-8.861202,-5.407980,8.654645,-0.532502,5.888425,3.655161,3.144328,4.385513,7.830875,-4.607014,5.879745,-10.073801,-4.518397,-4.915616,1.723716,3.710611,-9.175481,-4.122574,1.421126,-6.945794,1.994364,7.692945,-9.011781,2.854213
vacancy_1826,-3.882915,4.706341,7.158579,9.012289,-5.198422,-4.463877,-5.511220,8.713244,9.799065,6.976149,-3.740633,-6.098519,4.971400,-0.257876,-3.189658,8.078638,6.033478,1.732596,-0.408558,4.758314,10.272553,-7.624168,-4.253795,-7.636501
vacancy_1827,-3.599876,4.586527,6.030212,1.251723,4.724081,0.786544,-8.563344,5.930044,3.496739,-4.398115,-5.818160,-6.532043,-9.206102,9.528872,-2.873463,6.701162,-3.038433,-7.532989,-2.998287,9.505365,-2.885154,-8.649833,-2.544283,-8.260688
vacancy_1828,-9.714618,-4.252685,10.330823,-0.177289,6.109039,4.140327,2.907737,3.451537,8.470508,-3.956694,6.190041,-9.162977,-5.110131,-5.623517,1.424815,3.019901,-9.699833,-4.804817,0.120878,-6.217310,1.236663,8.645533,-8.304017,3.639282
vacancy_1829,-3.598024,5.771975,5.351292,0.839961,3.951089,1.073932,-8.737460,5.205820,2.686173,-3.103763,-5.735960,-6.807572,-10.100885,7.968223,-2.281242,6.468931,-3.152179,-7.193451,-3.465925,9.901419,-2.447393,-8.390755,-2.551470,-9.193503
vacancy_1830,-9.056603,-6.939601,-8.985703,-4.570625,-6.430827,-4.813280,5.495222,2.624148,-4.099063,-8.155207,0.538171,-9.790996,5.648697,9.361763,-2.966962,2.189823,-4.938223,5.602991,-9.723719,-0.096971,1.390720,1.026871,-7.767660,-5.560038
vacancy_1831,-7.330661,-4.101437,-1.499150,-3.267416,0.015869,3.903892,-4.816329,-0.703863,-2.234939,-6.824076,-6.806385,-9.955149,-7.256748,7.906650,-9.772310,4.647379,9.484655,-0.413030,-9.049850,4.658577,-3.097471,0.076949,8.476163,-9.916764
vacancy_1832,-2.315088,4.747463,5.257292,0.545701,4.565861,2.176233,-9.224008,4.970196,2.742680,-3.371919,-5.348248,-6.169459,-9.355907,8.966921,-2.604311,7.383552,-2.699443,-7.472618,-5.307476,9.471644,-2.778889,-8.235706,-1.395232,-8.727344
vacancy_1833,-1.754425,5.587342,5.695929,1.233563,5.811278,0.596207,-9.043253,6.710666,2.736121,-3.444435,-5.573072,-6.570440,-10.059578,8.355811,-1.983544,6.646767,-2.615340,-7.064588,-4.243677,8.735893,-2.897314,-8.919449,-1.913651,-7.915209
vacancy_1834,-8.647505,-6.661432,-8.595784,-6.222931,-6.277854,-5.318502,5.635322,2.977442,-4.053916,-8.781528,-0.732923,-9.417839,5.577664,9.504826,-2.799814,2.552897,-4.019689,5.881011,-11.205342,-0.168841,2.289167,-0.310374,-8.228527,-6.284959
vacancy_1835,-8.685258,-4.626083,10.103221,1.917520,6.347639,3.321741,3.526706,3.494845,6.429039,-5.035717,5.654054,-9.737622,-3.692030,-4.800991,1.585763,2.721491,-10.217090,-4.279013,-0.752465,-5.739868,3.190876,6.685199,-7.630904,2.374704
vacancy_1836,-5.847451,-3.476261,-1.377926,-3.144627,0.001369,4.217759,-2.859825,-0.820254,-3.590040,-7.031379,-7.170544,-8.747470,-8.580897,6.330500,-9.097465,4.688491,7.439588,-0.753956,-10.752903,5.358856,-1.442023,-1.334437,6.197507,-9.793453
vacancy_1837,-9.229171,-3.224958,8.656631,0.181762,6.416152,4.019925,2.116503,5.562892,6.787344,-4.014750,5.702049,-9.700240,-4.805870,-6.126784,3.019955,4.057551,-9.652620,-4.514337,-0.310621,-6.284547,3.047919,7.159251,-8.984783,3.180767
vacancy_1838,-6.424370,-3.558312,-1.806297,-4.120118,-0.992686,4.487744,-3.425388,-1.366815,-2.192073,-7.301512,-7.354552,-9.194498,-7.123596,6.259050,-8.597559,3.961274,7.721977,0.820440,-9.474796,5.539266,-1.939080,0.614854,8.099471,-9.037480
vacancy_1839,-8.813247,-4.625933,10.275516,-0.902100,6.327448,3.047637,2.420332,4.928233,7.369100,-4.088311,6.732028,-8.956014,-4.551670,-5.604966,2.541680,3.508026,-8.551611,-3.284962,0.357359,-6.336397,2.334696,6.737786,-7.860318,2.933551
vacancy_1840,-9.703419,-3.435287,9.817992,0.875839,6.505565,4.401109,1.952243,4.320623,6.548251,-4.980120,5.495972,-9.133861,-4.726068,-4.264215,1.475726,3.692102,-8.880467,-4.523959,0.339695,-5.759237,2.234737,8.367290,-8.133646,3.277682
vacancy_1841,-9.391301,-5.342755,-7.204493,-5.016702,-6.604314,-5.097589,5.672208,1.735613,-4.538333,-8.559646,-0.761698,-9.268580,6.762385,9.308803,-2.439253,0.763845,-4.440676,4.712396,-9.291511,0.358849,1.740897,0.280210,-7.224684,-6.081073
vacancy_1842,-5.386761,4.418362,6.604709,9.206093,-6.882207,-3.403079,-4.730405,8.997123,8.273889,6.219326,-3.672251,-6.619219,3.625434,0.949398,-4.053388,9.896614,6.024414,2.486091,0.833436,4.731324,8.750465,-7.238545,-5.022730,-8.742772
vacancy_1843,-9.728246,-6.501506,-7.847306,-4.800699,-5.717777,-5.870279,5.879527,2.116404,-4.114309,-9.198020,-1.631930,-9.556638,7.250121,9.625806,-1.851612,3.137332,-5.026720,6.010219,-10.134600,0.435530,1.360456,0.517668,-6.980628,-4.991816
vacancy_1844,-8.684037,-5.655707,-7.385094,-5.399942,-6.781697,-6.223839,5.007685,1.778601,-4.456901,-8.757603,-1.076606,-8.803650,6.991937,8.951710,-2.816948,2.095887,-5.041527,5.451287,-10.023991,-0.905979,3.478935,-1.159143,-7.720895,-5.599413
vacancy_1845,-9.235249,-3.824946,10.234758,0.597341,6.603486,3.930149,2.023868,3.402471,7.254401,-4.527778,7.071125,-10.043037,-5.934716,-4.525836,2.426208,3.644636,-8.678892,-6.037657,0.693318,-4.961534,2.218039,6.863191,-8.332122,3.425534
vacancy_1846,-8.152348,-6.052066,-9.150162,-5.758738,-5.096329,-6.554990,6.227809,1.194501,-4.488842,-8.971247,-0.796590,-8.779793,6.194507,9.816570,-1.791594,1.695132,-4.905015,5.153439,-9.974467,-0.228316,2.128259,0.363659,-7.092155,-6.091896
vacancy_1847,-0.495718,-5.514168,4.558851,1.847444,8.710153,-8.375373,6.672445,-0.390597,-1.317550,-1.056081,-7.569710,-8.506228,4.796252,3.382475,-1.620975,-0.240902,-0.802852,-1.709991,-6.990569,6.302276,0.504329,3.686059,1.663831,-5.436770
vacancy_1848,4.048497,-1.780443,3.151734,2.317120,-7.604258,-1.339451,8.945911,9.106507,-5.987858,3.834532,-7.671818,10.005183,-6.251398,-1.256236,2.720860,6.295198,10.391173,4.722172,0.748728,5.664604,-9.408148,4.434630,-4.043214,2.071173
vacancy_1849,-9.304222,-4.218150,10.807934,-0.082031,6.529468,4.462694,2.657806,3.394646,7.715231,-4.432815,6.557756,-9.345569,-5.340567,-4.125596,1.726173,3.650367,-10.626108,-5.231010,-0.441839,-6.192119,2.184453,6.511406,-7.231945,3.244473
vacancy_1850,-7.670007,1.254730,1.179193,3.968878,-2.952239,-4.681481,5.676075,-5.227691,-6.627479,-3.864864,-8.263065,-0.371278,8.344296,6.881894,-0.733050,9.009301,0.227192,-3.522199,0.609378,9.264932,-5.426897,-2.858709,-5.850992,5.017707
vacancy_1851,-8.762574,-6.476409,-9.010480,-6.007338,-6.057242,-4.730955,5.609254,2.886649,-4.616467,-8.148638,-1.814840,-8.992166,6.546008,10.518607,-2.831686,1.710922,-4.072422,4.568187,-9.518648,0.321187,2.760776,-0.339586,-7.654842,-5.189455
vacancy_1852,-8.821492,-6.224628,-7.924853,-5.152728,-6.630494,-5.535670,5.749314,1.668796,-4.942801,-8.504247,0.194618,-9.988924,6.829966,10.269947,-2.047354,1.343674,-3.937305,5.316796,-10.029054,0.352760,1.990464,-0.268415,-7.377190,-4.579290
vacancy_1853,-6.536222,-3.086119,-2.463870,-4.149008,-0.291060,4.683904,-4.210045,-0.687280,-3.539426,-7.281097,-8.241476,-9.119399,-8.135972,8.480644,-10.929573,3.185763,7.334878,-0.107897,-8.853087,5.717475,-1.118960,0.273304,8.588885,-10.000480
vacancy_1854,-6.510666,1.180499,0.958324,3.990716,-2.039438,-4.967185,5.876468,-4.199778,-7.748936,-3.754926,-8.413654,0.979581,8.726596,6.590593,-0.024039,9.256534,0.084452,-3.377309,0.541358,6.848402,-5.543853,-2.447184,-5.026373,4.273785
vacancy_1855,-10.218158,-4.475953,9.786815,-0.106310,4.524389,4.184264,2.394144,4.400831,6.269123,-4.349121,6.756886,-8.180232,-5.276556,-4.583314,2.101389,3.383134,-8.669273,-3.672079,0.354796,-6.074715,3.184657,7.476308,-7.428644,3.067347
vacancy_1856,-2.690997,5.381436,6.487403,2.508929,4.369751,0.804585,-8.557304,5.174974,3.186414,-4.406526,-5.570936,-7.497084,-10.789326,8.520123,-3.067216,6.793665,-2.594514,-5.834042,-4.633820,9.780778,-2.449723,-8.668949,-2.781493,-9.403848
vacancy_1857,-9.128685,-5.920504,-9.751173,-5.140053,-6.684174,-4.854375,6.177487,1.856474,-5.158591,-8.681657,-1.692682,-9.308661,6.240271,9.611876,-3.928561,2.239925,-4.113015,7.167269,-10.088546,-0.416128,2.405063,0.100971,-7.363177,-6.084277
vacancy_1858,-10.118701,-4.212908,9.695451,-0.083631,5.693666,3.815628,2.046469,4.163405,8.560538,-4.651915,6.855091,-9.197574,-5.071774,-4.871118,1.296418,3.164176,-8.836117,-4.882297,0.351078,-5.681603,2.443402,7.241977,-7.160029,3.602708
vacancy_1859,-7.914313,1.605963,0.813529,4.223897,-3.245693,-4.905637,6.045823,-4.215361,-7.783504,-4.401967,-8.506561,0.885217,8.743998,6.378025,-1.476990,9.440620,0.453624,-2.264027,-0.128735,7.499053,-4.705043,-3.220701,-5.766019,4.319541
vacancy_1860,-10.414754,-5.891484,10.519556,-1.176352,6.596520,4.185463,2.402779,3.369553,7.347699,-4.276763,6.729532,-9.688995,-4.363884,-4.634745,1.752442,4.187978,-10.276130,-3.968546,-1.473927,-7.215186,2.268869,7.523645,-7.755713,3.333281
vacancy_1861,-9.594635,-7.175410,-8.474993,-6.064313,-5.740812,-5.092021,5.048562,1.535819,-4.760073,-8.161794,-1.503497,-9.603667,7.029878,9.524395,-2.142346,1.352459,-4.352401,4.082365,-9.776251,-0.609877,1.984659,-0.492433,-6.882133,-4.675587
vacancy_1862,4.348475,-0.541161,4.464137,2.146003,-7.206186,-1.046783,9.058131,8.167811,-5.551618,2.677201,-8.191951,9.141078,-4.978488,-1.822741,2.061502,6.021197,10.468268,4.391124,0.124581,5.588441,-9.492864,4.432204,-5.128130,2.425092
vacancy_1863,-4.292017,5.311962,5.239168,0.927660,4.201876,1.669031,-10.759027,5.036485,2.088645,-3.027218,-4.782698,-6.615387,-10.007161,8.458582,-1.820033,6.981647,-1.104221,-6.398893,-3.283472,8.820892,-3.150059,-8.222375,-2.431854,-10.535905
vacancy_1864,-7.543613,-4.782154,-0.944183,-3.200129,-0.242060,3.530408,-4.580160,-1.880696,-2.014570,-7.580569,-7.489341,-10.273682,-8.725374,7.139783,-10.243570,4.970573,7.639210,0.193311,-8.981575,5.043009,-2.001561,-0.483996,7.320388,-8.886478
vacancy_1865,-3.324036,5.304022,6.261521,0.203913,3.034035,0.994408,-8.664484,5.323978,4.106852,-3.326302,-6.788754,-6.250197,-9.886415,9.056457,-2.208660,6.036297,-2.631063,-5.836908,-5.086708,9.312271,-3.835871,-7.618364,-2.011834,-9.004573
vacancy_1866,-4.803235,3.816639,6.820707,9.749888,-7.530989,-3.228456,-5.949078,8.742382,9.100690,6.385017,-4.197892,-8.029441,4.050010,-0.139147,-4.045643,7.951266,6.907125,2.510186,0.064927,3.025969,9.517189,-6.636440,-4.256929,-7.764808
vacancy_1867,-1.203569,-4.471465,4.652254,3.401363,8.784528,-9.920884,6.331710,-0.743711,-0.733206,-1.174914,-7.087688,-7.857072,4.670316,4.668751,-1.974932,1.435673,-2.297863,-2.013717,-5.878165,6.851406,-0.458878,2.249019,2.528935,-6.559467
vacancy_1868,-0.271349,-5.530638,5.196449,3.319437,9.548046,-9.764880,6.990217,-0.488037,-0.799939,-0.349233,-6.745973,-9.249671,4.508679,3.171867,-0.971474,0.159394,-1.893564,-2.792601,-4.552054,7.359889,1.014587,2.608964,3.275668,-5.938692
vacancy_1869,4.858385,-2.277802,3.568958,2.025850,-7.958409,-0.829830,8.471521,7.878052,-5.415199,3.705857,-8.300992,10.994966,-4.566740,-2.371539,2.386654,6.297087,9.376045,4.313790,2.065181,5.175038,-8.676921,3.919048,-4.497438,1.439384
vacancy_1870,6.744393,-1.968453,4.364880,1.545346,-7.449348,-1.372845,8.129409,8.885305,-4.678165,2.213636,-7.060663,9.591175,-6.075909,-1.862376,2.609072,5.834419,9.813132,4.326694,1.668755,5.801995,-10.212789,4.549379,-5.970446,1.689585
vacancy_1871,-9.513140,-6.285124,-8.685437,-4.498900,-6.234217,-4.970356,5.538008,2.271917,-4.513582,-8.263953,-0.244489,-8.615470,5.749699,9.751274,-3.024425,1.460925,-3.605694,5.688197,-9.562301,-0.381894,2.922169,-1.170141,-7.847130,-6.222541
vacancy_1872,-2.860009,4.906653,5.767070,0.483901,4.740209,1.411064,-8.562661,5.855637,2.815585,-3.687293,-5.957915,-6.297262,-11.010653,9.000798,-2.429096,6.372991,-2.597985,-6.915219,-3.356406,8.753318,-3.524925,-7.309375,-2.276112,-9.103030
vacancy_1873,-3.973693,4.431574,5.989907,9.934100,-6.533222,-3.344599,-5.041277,9.455365,9.411179,6.491096,-4.704700,-7.358618,5.060893,0.806610,-3.772514,8.434325,6.903835,2.003997,-0.402720,4.755616,8.469629,-6.395203,-4.313342,-7.191957
vacancy_1874,-9.606462,-4.021751,9.405229,-0.593763,6.858283,3.883603,3.088395,4.133100,8.139994,-4.808342,6.208359,-9.202346,-5.080531,-5.157003,2.301462,2.759997,-8.478401,-5.576546,0.401245,-5.729999,2.637092,7.523757,-8.679814,2.969722
vacancy_1875,-3.418348,5.494908,5.848504,0.989619,5.775752,1.126935,-9.043971,5.359686,3.461847,-3.709661,-4.485742,-7.070049,-10.497795,8.645386,-2.793800,6.366615,-1.789147,-7.042799,-4.520324,8.439789,-3.033727,-8.214504,-2.814272,-8.597054
vacancy_1876,-4.553258,5.828690,6.790716,10.061617,-6.902427,-3.203779,-5.395888,8.819347,8.788823,6.693205,-4.666743,-8.339855,4.744911,0.907205,-3.900180,9.087876,6.425988,2.238891,0.382217,4.885761,8.601203,-6.371005,-4.452699,-8.095654
vacancy_1877,-6.934026,-3.336305,-1.779019,-4.041819,-1.642209,4.556877,-4.290973,-0.353497,-3.042422,-7.728788,-6.549794,-9.216860,-7.175719,6.794637,-10.947132,4.957861,7.066128,-0.029594,-9.559196,4.436942,-1.218194,0.065701,7.435015,-9.981668
vacancy_1878,-9.172789,-5.288725,-8.645981,-5.473335,-6.277331,-4.966036,5.317792,2.795503,-3.145242,-8.225085,-0.056259,-10.137089,6.180890,9.156094,-2.654591,0.427223,-4.606588,4.158435,-9.817638,0.095359,3.553454,0.111576,-8.157785,-5.260587
vacancy_1879,-6.830938,-2.475079,-2.026116,-3.281438,-0.327991,4.486454,-4.420625,-0.686807,-2.856006,-6.769590,-6.805352,-9.524767,-7.548126,7.866132,-9.446888,4.770456,6.942053,0.274993,-9.627392,4.204668,-0.647796,0.419604,7.846740,-7.797265
vacancy_1880,-3.207332,5.779034,7.389017,10.258592,-7.100428,-3.491828,-6.028340,8.780714,9.732255,6.744748,-4.001417,-7.812377,4.140032,0.844279,-3.811944,9.122602,6.383971,2.003096,0.097589,4.164845,7.637354,-6.952222,-3.690016,-7.918477
vacancy_1881,-7.829798,-6.355525,-8.936706,-4.939745,-5.783541,-5.639246,5.478624,2.232005,-4.782017,-7.942581,0.030335,-9.787985,6.171292,9.512926,-2.973395,0.896261,-5.614130,6.179425,-10.030173,0.649155,2.437771,-1.248776,-8.126001,-5.300529
vacancy_1882,-4.702245,3.749335,6.522224,8.781136,-6.448823,-3.634591,-5.805376,8.443404,9.764961,6.672666,-2.871581,-7.899084,4.752347,-0.050224,-3.213519,8.394248,6.410394,3.104014,0.174794,4.446834,8.849733,-7.275156,-5.766671,-6.109866
vacancy_1883,-7.670860,1.925899,-0.094540,3.928552,-3.306913,-3.992757,6.354178,-4.431788,-7.058820,-4.507390,-8.167766,1.086462,7.895974,6.429583,-1.520633,9.199400,-0.412254,-2.286773,-0.202592,7.234688,-4.992628,-2.674245,-6.123592,3.963884
vacancy_1884,-7.578387,-3.032954,-3.337406,-3.209397,-2.002592,3.360849,-3.823921,-0.437465,-2.833198,-6.919774,-8.131672,-9.466484,-7.648174,6.612507,-9.226160,4.857538,7.609371,0.225035,-8.316463,5.616952,-1.853720,-0.169239,7.351916,-8.896721
vacancy_1885,-7.065859,-2.891284,-2.790133,-3.494102,-0.011415,3.822515,-4.389103,-2.390742,-3.111020,-7.779864,-7.718177,-9.306574,-7.644031,7.815541,-8.863643,4.953221,6.900569,0.820923,-10.433025,4.303337,-1.536193,0.417351,8.432243,-9.983820
vacancy_1886,4.306690,-1.274389,4.267152,1.467806,-6.496077,-1.518281,8.363503,7.918823,-5.962431,3.623441,-7.402432,10.664446,-4.655954,-2.656947,2.666948,5.612095,9.719841,3.701863,1.382515,4.982056,-8.710380,4.235564,-5.387304,2.903068
vacancy_1887,-10.115150,-3.273225,10.281043,-0.332240,6.689160,2.773571,1.432093,4.570092,7.401478,-4.341806,5.409939,-10.084103,-5.978945,-4.886994,2.881000,4.280750,-9.124914,-4.339345,0.977868,-5.821168,1.848517,7.683013,-7.616022,4.802326
vacancy_1888,0.050137,-4.844354,3.566302,4.090628,8.085870,-8.381764,7.132193,-0.274557,-0.053563,-1.371261,-7.532009,-7.801917,4.540979,3.476797,-2.268313,0.146180,-2.070459,-1.728787,-6.340028,7.113568,0.182496,1.914994,2.282654,-5.183646
vacancy_1889,0.266826,-5.400383,5.023276,3.351347,8.769795,-9.055878,5.459167,-0.875606,-0.748881,0.369941,-7.515540,-8.480601,5.160554,4.147736,-1.084125,-1.035758,-2.285553,-2.509461,-5.849164,8.270153,-0.273023,2.644026,2.971625,-6.585102
vacancy_1890,-9.140357,-6.361648,-8.571099,-4.916035,-7.046385,-5.281532,5.664235,2.953797,-6.254309,-8.787462,-0.763011,-9.383411,5.855874,8.310553,-2.837218,1.429714,-3.890350,5.294719,-9.979222,0.914460,1.706165,-0.646067,-6.770177,-4.938777
vacancy_1891,-6.787723,-4.100624,-2.444331,-3.241548,-1.884623,2.907039,-3.958387,-0.297812,-2.564455,-7.932272,-8.063402,-8.961524,-7.439320,8.387221,-9.611087,5.080746,8.010967,1.117128,-8.083476,5.865488,-1.546073,-0.002149,8.296064,-9.671816
vacancy_1892,-7.235227,-4.215680,-2.657507,-4.431566,-0.820717,3.674318,-5.544102,-0.195238,-1.948789,-7.891078,-7.601082,-8.915904,-7.739191,5.827364,-9.820543,4.197907,7.734734,0.165731,-7.985534,5.038911,-1.803604,-0.932770,7.941235,-9.601685
vacancy_1893,-6.867471,-3.935117,-1.706970,-3.470606,-1.501936,4.446848,-4.212211,-0.473691,-3.154395,-6.736342,-8.691527,-9.155590,-6.895745,7.941238,-9.749875,4.203322,8.029415,0.598481,-8.276201,4.496022,-1.885702,-0.563388,7.495981,-8.958298
vacancy_1894,-8.064142,-4.130920,-2.640937,-2.947041,-1.900411,2.673606,-3.779315,0.620561,-3.429546,-8.677447,-8.199014,-8.819931,-8.606244,7.594851,-9.825195,4.247424,6.801401,-0.074346,-9.396994,4.973497,-2.235517,0.224092,7.804768,-9.669873
vacancy_1895,-2.419002,4.830610,5.685993,1.667281,5.826802,2.204756,-8.873998,5.367584,1.454820,-3.444640,-5.789443,-7.949470,-9.914824,8.686741,-3.276304,6.615210,-2.261718,-6.270415,-3.882820,8.511674,-2.150938,-7.494453,-2.760428,-9.784934
vacancy_1896,-7.430030,2.456365,0.708194,3.016035,-2.838035,-4.786506,4.912791,-4.495879,-7.277737,-3.013595,-8.157675,-0.108347,8.514155,6.654512,-0.000667,9.802477,0.382088,-2.833741,1.088855,7.841800,-5.227751,-3.219390,-5.629594,4.500320
vacancy_1897,-4.805817,4.759374,5.248742,9.594140,-5.537942,-3.697123,-5.267005,8.857821,9.018467,5.589004,-4.352291,-9.084163,4.885661,-0.573561,-3.410631,8.182536,6.174504,2.832658,-0.153177,5.540554,9.107361,-7.754567,-4.489630,-7.234039
vacancy_1898,-4.443035,4.522542,6.797552,1.673354,4.766231,1.285605,-8.227999,4.702134,2.764500,-4.214943,-6.336902,-6.825500,-10.303200,9.214188,-1.903584,6.062340,-3.372254,-7.391316,-4.290126,8.487938,-3.640841,-7.227466,-2.389598,-9.253116
vacancy_1899,-7.940447,0.999974,1.366822,3.518591,-3.206878,-4.569829,6.254747,-4.748585,-6.452762,-4.787086,-8.017139,1.245469,8.120691,5.167335,-0.430035,9.367406,0.367803,-3.448676,-0.394812,7.458153,-5.991862,-3.126512,-4.571420,5.332584
vacancy_1900,-4.318621,5.315388,6.043379,9.441588,-5.582932,-3.087711,-5.500629,8.527435,9.585038,7.279891,-3.955194,-9.298419,4.035315,0.615439,-3.950049,8.579699,6.955334,2.434205,-0.681270,3.775851,8.286357,-6.889648,-4.159616,-7.915139
vacancy_1901,4.330433,-1.965552,4.211861,2.287424,-7.170131,-1.373027,7.709209,7.835795,-5.767100,3.189103,-7.998399,9.786607,-5.664084,-1.964926,2.454376,7.044988,8.418861,4.926476,0.972445,6.020340,-8.539546,5.115821,-4.283466,0.379396
vacancy_1902,-7.725681,1.241607,0.658718,4.459615,-3.455509,-4.088631,5.910346,-4.938248,-7.630862,-3.803222,-8.781702,1.024684,8.792045,5.993270,-1.227431,10.359783,0.052761,-3.418317,-0.084747,7.706338,-6.684671,-2.812936,-4.946395,3.872894
vacancy_1903,-6.994077,-3.272914,-2.517630,-4.616709,-0.006805,3.319344,-3.714572,-1.154310,-3.264956,-7.828043,-8.444039,-9.067208,-7.463889,7.372906,-10.359903,5.845241,8.366580,0.003248,-9.860653,5.377610,-1.862000,-0.503424,7.575004,-9.050389
vacancy_1904,-9.318607,-6.163188,-8.648395,-5.926935,-7.446208,-5.842085,5.527317,1.945588,-3.916548,-9.277046,-0.855589,-9.631288,7.511927,9.776569,-2.561810,1.503857,-4.852101,5.927433,-10.506937,-0.563043,3.443643,1.202191,-8.055773,-5.513542
vacancy_1905,-4.796745,4.151227,6.715211,9.061757,-6.650155,-2.700981,-4.629188,8.513247,8.671167,6.950326,-4.650340,-7.886968,5.225686,1.077390,-3.537902,9.059881,6.150277,1.306829,-0.027767,3.949877,8.230483,-7.070992,-5.181232,-8.183492
vacancy_1906,0.610460,-5.393531,4.841410,2.057774,7.582128,-8.520677,6.643329,-0.074787,-1.241811,0.589242,-8.114784,-8.654876,4.655203,3.421179,-1.856388,-0.401027,-2.887452,-1.613890,-5.487247,6.228090,0.358668,2.092172,3.395142,-5.748871
vacancy_1907,-9.908456,-4.699064,10.052339,0.326663,6.032976,3.535506,1.159626,4.094423,6.643299,-4.449350,7.346912,-9.756968,-4.550797,-4.814899,2.247647,4.261905,-10.213950,-4.554293,0.816771,-6.938667,2.692202,7.214478,-7.168135,3.171957
vacancy_1908,-7.763493,1.857176,1.618031,3.787098,-3.813884,-4.649110,6.054166,-4.596899,-7.063643,-3.374770,-7.657714,-0.075832,7.843824,5.336551,-0.787943,10.207231,0.719986,-2.099387,-0.388483,7.939333,-5.763743,-1.961282,-5.488436,3.730647
vacancy_1909,-1.158906,-5.385392,4.570140,2.703799,8.931384,-9.320333,7.450796,0.102689,-1.012738,0.269831,-7.792782,-8.284398,5.966527,3.876208,-2.413733,1.169283,-3.053088,-1.556933,-7.478698,6.701716,0.042578,2.727640,3.765547,-6.039462
vacancy_1910,-5.598898,-3.242913,-1.720984,-3.267875,0.168780,3.372147,-3.942405,0.451366,-2.319276,-7.863098,-7.653990,-8.198356,-6.880882,7.140633,-9.600602,3.339934,8.104473,0.608190,-9.276436,5.665553,-1.738562,0.063503,7.521168,-9.237755
vacancy_1911,0.553472,-3.576430,5.067691,2.340519,8.451403,-8.465351,6.319482,0.787381,-1.965400,-0.965052,-7.288119,-8.586869,4.725716,1.530888,-1.336551,-0.461405,-1.633826,-2.252470,-5.552575,6.449650,0.224407,2.800647,3.469968,-6.058034
vacancy_1912,-7.625128,-2.835802,-2.910773,-3.859948,-0.929083,4.395777,-3.280330,-0.634572,-2.881133,-7.570602,-6.752271,-10.451884,-7.654199,6.877187,-9.023929,3.657336,7.001437,-0.055832,-9.143337,4.637264,-1.377876,-1.115181,7.620438,-8.110707
vacancy_1913,-7.053094,2.538185,1.163513,3.899788,-2.854736,-4.080573,5.420391,-4.474017,-7.321477,-4.358056,-8.122571,1.147770,7.021017,6.624543,0.206331,9.483750,1.461121,-1.155250,-1.250975,7.801895,-5.444842,-2.051041,-6.100782,4.385288
vacancy_1914,4.931442,-0.667320,3.603672,0.771246,-6.833737,-2.801577,7.815396,7.997355,-4.647158,3.496917,-7.775545,9.654127,-6.208106,-1.385986,2.417890,7.208159,8.779224,4.821469,1.765401,4.372608,-8.577683,5.943305,-4.362491,1.546758
vacancy_1915,-7.384391,-3.414197,-2.235143,-4.766845,-2.053419,4.361962,-3.320731,-1.489747,-3.003648,-7.727771,-7.319526,-9.824487,-7.889049,7.140641,-8.942833,4.153455,6.835091,1.174443,-8.321957,5.108447,-1.749706,0.184823,8.544459,-9.526849
vacancy_1916,-4.079475,4.996252,6.304148,9.130116,-6.321124,-4.460092,-3.661638,9.564297,9.160496,6.228153,-4.214362,-8.752427,3.972472,-0.009981,-3.884325,9.085767,6.427252,1.904494,-0.132062,4.171582,8.778946,-7.098249,-5.643172,-7.756582
vacancy_1917,-3.468649,5.156984,6.089374,9.872480,-6.082703,-4.010149,-5.019629,8.969281,10.665599,7.293742,-3.523696,-8.887588,4.577378,0.974286,-3.640918,9.012097,6.035386,2.719892,-0.325245,4.181844,9.438839,-7.849697,-5.196336,-9.422089
vacancy_1918,-4.002613,5.184917,6.294989,10.015394,-6.576264,-2.929236,-5.251253,8.606952,10.186574,6.403208,-3.333093,-6.887189,5.027456,0.718154,-3.637379,8.538959,7.672362,1.500228,-0.435485,3.715794,9.240634,-6.188748,-5.128087,-8.241405
vacancy_1919,-3.816770,5.125914,4.880590,9.710215,-6.897490,-2.183516,-4.702969,8.997736,9.633205,6.372485,-3.230432,-8.259102,3.914895,0.486551,-3.923216,8.791753,6.193655,1.928859,-0.393404,4.444554,8.658517,-6.521593,-4.122738,-8.386251
vacancy_1920,0.564914,-4.899059,4.567989,3.395863,8.542717,-9.004831,6.148956,0.560300,-1.264513,-0.439392,-7.762513,-9.750650,4.895648,3.112564,-1.825055,0.926234,-2.554970,-0.527694,-5.582817,6.890832,0.118451,2.566688,3.690501,-6.111702
vacancy_1921,-0.237471,-5.259247,4.514602,3.337958,8.886103,-9.821033,6.214576,-0.265524,-2.257894,0.077978,-7.294702,-9.233636,5.795104,3.073260,-2.605490,1.160874,-3.392867,-1.927668,-5.388218,6.775049,0.154577,2.490633,2.754748,-5.716102
vacancy_1922,-10.405808,-4.959956,-8.980240,-4.442340,-6.747361,-5.903685,6.351259,1.750245,-3.790349,-9.025097,-1.412729,-9.113969,5.379356,10.592660,-2.361018,2.116428,-5.381599,5.393590,-9.206631,-0.137014,1.468768,0.156326,-7.517379,-5.227828
vacancy_1923,-6.904064,2.096520,1.504709,4.063105,-2.937704,-4.947762,5.733944,-3.860490,-7.642956,-4.396576,-7.298872,0.995275,8.101521,7.915982,-0.334377,9.400071,1.208460,-2.734326,1.216612,7.130529,-4.838825,-3.032036,-4.943482,4.139137
vacancy_1924,-8.219833,1.136215,0.472645,3.104893,-2.533808,-4.003730,6.922241,-3.853486,-7.512611,-4.912349,-8.194926,0.797194,8.344265,6.837022,-0.462578,9.966758,0.818903,-2.840822,0.313183,7.429992,-5.150969,-3.942021,-5.442495,5.259121
vacancy_1925,3.870838,-1.775509,3.605438,1.596179,-7.372736,-1.690674,8.877058,7.006548,-6.421874,3.972724,-8.212937,10.206492,-4.577068,-2.668386,2.189373,6.417336,9.211276,4.675035,0.542033,5.332138,-8.809727,5.511615,-4.848681,2.624938
vacancy_1926,-9.110356,-6.375178,-8.607188,-5.739370,-4.861466,-5.830164,5.733393,1.593672,-4.790807,-8.781528,-0.326581,-9.034055,5.555580,7.913840,-2.329157,0.606295,-5.326526,4.838740,-8.714635,-0.220925,2.583366,-1.636715,-8.065002,-4.881426
vacancy_1927,-6.658691,-4.060508,-2.471757,-4.146775,-1.135541,4.042358,-4.062971,-0.886168,-1.575929,-8.044723,-6.252238,-10.121853,-7.612356,7.640194,-10.011996,4.585581,8.428468,1.351628,-8.099657,4.937765,-1.391140,-1.128174,8.305020,-9.719834
vacancy_1928,-6.918980,-4.042539,-2.826857,-3.466016,-1.127149,4.011827,-4.780845,-1.585325,-3.849474,-7.197751,-7.779596,-10.390947,-7.696323,7.510879,-9.606929,4.498627,7.369632,1.122279,-7.775720,5.478671,-0.414049,-0.495248,8.389071,-9.240567
vacancy_1929,4.015721,-1.704016,3.696624,1.459970,-7.607569,-0.519514,8.668776,9.666240,-3.959470,3.186298,-8.200866,9.827786,-4.947487,-2.761684,2.282379,6.847127,9.164719,4.775101,0.647547,6.425593,-9.312899,5.026764,-5.127423,2.097065
vacancy_1930,-9.078946,-5.770216,-10.333406,-6.845886,-6.235487,-6.161368,5.625895,1.858975,-4.474797,-8.753406,-1.246393,-10.471273,5.919397,8.474675,-2.895850,1.592214,-4.047267,5.580270,-9.634229,0.358883,2.302871,-0.252482,-7.084242,-5.725416
vacancy_1931,-1.682945,-4.486621,4.760544,2.242827,8.856415,-9.072409,7.258785,-0.204526,-0.494928,-0.663440,-7.226528,-8.511877,4.325328,4.191397,-1.199520,-0.046658,-1.770000,-2.239617,-5.683517,7.601729,1.333686,2.886176,1.772795,-6.279397
vacancy_1932,-9.555882,-6.639519,-8.077058,-5.092043,-5.886328,-6.501585,5.823953,2.137218,-4.045183,-9.366861,-1.338338,-9.324245,6.339514,9.102068,-2.525222,0.876465,-3.498338,5.817384,-10.085119,-0.635966,2.321503,-0.204584,-7.747180,-5.348371
vacancy_1933,-0.957212,-4.857960,4.654238,3.317709,8.473675,-8.847003,6.856646,0.401193,-2.086372,-1.480136,-6.315949,-8.106127,4.703578,3.437621,-1.629278,0.484180,-2.145147,-1.760626,-5.688479,8.270185,-0.723252,2.931454,2.912847,-5.055588
vacancy_1934,-3.306101,3.824807,5.330336,0.492962,5.976681,0.103495,-8.982873,3.695990,2.318576,-3.004546,-6.308700,-6.687838,-11.101177,8.608101,-2.671102,6.372450,-2.063392,-6.028902,-5.328744,9.472234,-2.412741,-8.439069,-3.580166,-9.596947
vacancy_1935,-6.775020,1.724455,0.462307,4.108740,-3.358543,-5.174422,5.719409,-5.166872,-8.438085,-3.553188,-7.334304,2.114902,8.793548,6.401156,-0.710960,8.382933,0.597384,-3.005005,0.382462,7.394363,-4.616648,-2.481212,-6.620072,3.873932
vacancy_1936,-4.414858,4.185573,6.046643,8.581190,-6.272332,-2.526822,-6.088446,7.638302,9.239673,6.200014,-4.182001,-7.178029,4.003533,0.573107,-3.389466,7.561350,6.972874,2.352649,0.767328,4.116197,8.836610,-7.427624,-3.678231,-9.446195
vacancy_1937,-7.342637,1.774522,1.953880,2.168339,-3.662003,-5.159592,5.023273,-4.068141,-7.424132,-3.751227,-7.833755,0.907197,7.040255,6.488422,-1.235296,9.050382,-0.362647,-2.934721,0.554122,7.437074,-5.131709,-2.612879,-6.982900,4.324876
vacancy_1938,-7.304683,1.353180,0.509385,3.160972,-3.741181,-4.916854,5.178219,-4.845066,-7.418223,-4.742806,-8.021743,0.286442,8.318577,5.841047,-0.583477,9.968198,0.732772,-2.123793,-0.658354,7.838683,-6.247500,-2.964410,-5.666123,5.513181
vacancy_1939,-8.272849,-6.281156,-8.866254,-5.553901,-6.077116,-6.445072,5.422635,1.643379,-3.708382,-8.799898,-1.961905,-9.270531,5.802018,9.639890,-2.133622,0.189174,-4.290553,5.653686,-10.130340,-0.987358,2.654051,0.179995,-7.469232,-5.167058
vacancy_1940,-9.841249,-6.052042,-8.739704,-4.717293,-6.953430,-4.683009,5.356775,1.011756,-5.023019,-9.294993,-0.785792,-9.557113,6.653969,8.988207,-2.785388,2.449044,-5.552451,5.917741,-9.748952,-0.448907,2.318627,-0.731217,-6.806176,-5.777963
vacancy_1941,-9.578969,-5.741992,-8.578494,-5.297336,-6.029416,-5.642036,6.066647,2.255197,-5.222266,-9.324202,-0.612214,-8.784024,5.864273,9.231602,-2.513393,1.164135,-3.024638,5.007282,-10.277146,-0.908324,1.567639,-0.375568,-7.930090,-6.290077
vacancy_1942,-8.709251,-5.780804,-8.349546,-4.533488,-6.300486,-5.525881,6.637458,2.356572,-3.690824,-7.005498,-0.444394,-10.876870,6.335840,8.405587,-2.423466,1.866369,-4.254100,5.447320,-9.837065,1.037867,2.921797,-0.023106,-7.509317,-5.675820
vacancy_1943,-5.512276,4.593776,7.288936,8.444588,-6.130996,-4.044427,-5.164777,7.982882,10.555815,6.571230,-4.021125,-7.573406,5.002199,-0.445210,-4.915811,7.916834,7.878732,2.760531,-0.864960,5.039105,9.398809,-6.882234,-3.570243,-7.986528
vacancy_1944,-8.610938,-6.531525,-8.865705,-6.033858,-6.064343,-5.550544,5.544561,1.551335,-4.746298,-8.977921,-1.335051,-9.659037,7.016022,9.134170,-3.422172,2.087237,-4.979578,5.098702,-10.063312,-0.443871,1.844077,-0.776180,-7.195400,-6.428253
vacancy_1945,-2.720558,5.738282,5.936043,-0.100697,4.924183,0.946042,-8.969153,4.648453,3.751247,-2.718797,-4.266883,-7.569650,-8.767094,9.349650,-2.217450,5.972446,-1.293975,-7.574369,-4.124555,8.691359,-2.937918,-6.926445,-3.122272,-9.204646
vacancy_1946,-8.622227,-5.912269,-8.969661,-4.529460,-6.544044,-6.597813,4.653395,0.906486,-3.402575,-9.005948,-0.890294,-9.304769,6.376789,9.340985,-3.306121,0.835731,-3.755682,7.007060,-10.537203,0.312576,2.924704,-1.586801,-7.120282,-4.997913
vacancy_1947,-4.066705,4.627130,5.973976,1.247820,4.999352,0.452479,-9.104315,4.990963,2.884173,-2.964299,-4.823701,-7.012134,-9.761192,8.459453,-2.435247,6.616279,-1.534394,-6.477550,-3.799159,9.180832,-2.138424,-7.760860,-2.237396,-8.794674
vacancy_1948,-8.664289,-4.723050,10.703245,-0.474456,6.796152,3.762098,2.281745,4.539202,8.095691,-4.235176,6.940940,-9.531098,-4.354672,-5.716622,1.506237,3.166146,-9.891413,-4.769803,-0.386089,-6.312105,2.832468,6.950515,-9.098338,3.531669
vacancy_1949,-9.782232,-3.873549,9.263159,-0.426125,6.254411,3.468679,1.724860,3.168674,7.335991,-5.006354,6.514529,-10.169288,-4.989420,-4.419180,2.107911,2.555993,-9.594550,-4.562898,0.232221,-4.633052,3.028167,7.846654,-8.135018,2.821162
vacancy_1950,-2.945006,3.848088,5.262550,0.749973,4.296141,0.477364,-8.863626,5.322733,3.715921,-4.631684,-5.857014,-7.868658,-9.387178,8.709251,-2.771399,7.439747,-2.321059,-6.745157,-4.202426,8.049457,-3.121946,-8.581450,-2.321549,-9.208004
vacancy_1951,3.150178,-2.069551,4.285423,0.492649,-6.586802,-2.321610,7.835964,8.316991,-5.702125,3.412373,-8.002961,10.596691,-4.827688,-1.716905,1.668090,6.909362,9.943018,5.027804,1.354631,4.351465,-8.675193,5.698551,-5.539845,2.519112
vacancy_1952,4.513845,-0.085477,3.230713,1.090585,-7.772566,-1.914359,8.175813,9.136243,-6.340718,3.865498,-7.711803,10.390336,-4.657872,-1.694909,1.515628,7.013412,9.028493,4.167683,0.602948,4.442449,-8.907548,5.252375,-4.927985,1.297910
vacancy_1953,-8.190475,-5.965992,-9.538552,-5.673024,-7.021862,-5.575570,4.607872,2.695162,-4.812715,-9.468822,-1.299215,-10.188657,5.403898,10.380058,-2.620992,1.089708,-4.597168,4.581877,-10.556217,-0.103597,2.823122,-0.363679,-8.021798,-4.998972
vacancy_1954,-0.060067,-4.433027,5.118105,2.319063,7.930387,-8.764695,6.975198,0.270566,-2.217730,-0.303674,-7.447882,-9.216043,4.552879,2.908787,-1.639294,0.242925,-2.061780,-1.878007,-4.769371,6.368366,0.106559,2.482376,2.789616,-5.380567
vacancy_1955,-8.806711,-5.587989,9.939942,0.070070,6.849521,4.179291,2.092669,4.252634,7.888149,-4.460268,4.609032,-10.160752,-5.230746,-5.339907,2.788698,3.438289,-9.397343,-5.007092,0.334928,-6.440943,3.029999,7.879087,-8.505164,3.260233
vacancy_1956,4.884470,-2.547024,3.070515,1.140077,-8.049427,-1.452442,7.151868,9.612660,-6.806132,5.287591,-8.200390,10.435912,-4.152249,-2.492080,2.909685,5.991173,9.894099,4.137952,0.824304,5.189222,-8.605150,5.440289,-5.780440,3.184267
vacancy_1957,0.161608,-5.146985,3.754251,2.279669,8.371128,-9.406734,6.280992,0.638404,-1.378536,-0.545475,-7.223006,-7.946054,4.672979,4.594066,-1.675954,-0.244840,-2.079058,-2.030051,-5.474877,6.397190,-0.058090,3.458528,2.339271,-5.346175
vacancy_1958,-9.302696,-5.982376,-8.698329,-4.903045,-5.405351,-5.583363,5.095637,2.200789,-3.542087,-9.076360,-0.165171,-9.725941,6.490055,8.991614,-3.770116,2.317948,-4.583111,4.493368,-9.567648,0.131627,2.036017,-0.155904,-7.184872,-5.190758
vacancy_1959,-7.750001,1.751244,0.692719,3.783938,-2.679282,-3.731315,5.148852,-4.107109,-7.743783,-2.983720,-7.799121,1.817058,7.502292,6.097820,-0.748246,8.720781,1.107247,-3.134813,0.604572,8.287827,-5.375808,-2.310086,-6.788160,3.447743
vacancy_1960,-8.981598,-3.999812,9.270455,-0.896088,5.951418,3.664602,2.118797,4.860999,8.048576,-3.829729,5.657195,-10.185686,-4.542929,-4.037111,1.200613,3.124196,-8.952722,-4.120086,-0.000794,-6.215191,4.378572,6.671999,-8.469110,2.161090
vacancy_1961,-0.586389,-4.855737,3.964407,2.581613,9.356682,-9.115580,7.009755,0.766807,-0.896210,-0.209116,-6.850534,-7.478366,4.568810,4.356231,-2.043403,0.403206,-1.070520,-1.828203,-4.384702,6.694804,1.274714,1.667090,3.003589,-6.011751
vacancy_1962,-0.655817,-4.509904,3.429780,2.105151,9.215555,-9.435578,6.083263,-0.629922,-0.248001,-0.812692,-7.594064,-8.577516,4.867142,3.689718,-2.187018,0.476501,-1.869393,-1.851231,-5.095938,7.441851,-0.143117,2.464244,2.472042,-5.774725
vacancy_1963,-11.009227,-3.837355,9.930605,0.040442,5.637021,3.600753,2.667379,4.597667,8.087001,-4.619741,6.305624,-9.371552,-4.281340,-5.044996,1.843366,4.062481,-9.059688,-5.003095,-0.227866,-6.188741,2.006473,8.479352,-8.304433,2.425157
vacancy_1964,-0.351415,-5.229824,5.544263,1.668376,8.377773,-9.522870,6.895312,-0.167554,-0.352237,-1.461401,-6.090035,-7.510327,5.310386,3.454708,-1.548795,1.275430,-2.344302,-1.499092,-5.823660,6.502354,0.480178,1.774789,3.566608,-5.832190
vacancy_1965,-4.560571,4.874233,6.769489,9.621648,-6.001114,-3.034029,-4.814739,8.238859,9.726219,6.132232,-4.763473,-7.837900,4.030326,0.588055,-3.682676,8.888886,6.893753,2.294953,-0.657282,3.617132,8.947676,-6.680670,-4.297331,-7.639897
vacancy_1966,-0.268033,-5.792060,3.630180,2.864069,8.636770,-8.418668,6.848016,-0.178424,-1.212994,-1.091804,-6.721293,-9.156809,4.623670,3.437422,-1.654136,0.945739,-1.375284,-1.917523,-5.739114,7.399626,0.544552,2.626782,3.919137,-6.976235
vacancy_1967,-7.359283,-3.599827,-2.099841,-4.268188,0.870977,3.716502,-4.865314,-0.687729,-2.820171,-8.047916,-7.297724,-9.629015,-7.655658,6.313561,-10.434914,5.639649,6.889898,0.969819,-8.480677,5.647096,-2.324123,0.094680,9.230307,-9.403605
vacancy_1968,0.773687,-4.347356,3.598400,3.953143,8.615489,-9.436229,6.914328,-0.070654,-0.375719,-0.279267,-7.815012,-9.075316,4.124483,2.354665,-2.449391,0.895428,-2.228836,-1.822398,-5.890376,6.464835,1.623439,2.663793,1.478930,-6.410286
vacancy_1969,-7.753129,-3.759657,-1.881823,-3.288428,-1.778597,3.955293,-3.648751,-0.052908,-2.305821,-8.674349,-6.535118,-9.379512,-7.434332,7.145384,-9.061782,5.208112,7.435689,1.407194,-8.173829,5.132200,-1.327842,-0.691203,7.500319,-9.211421
vacancy_1970,-7.767161,1.514902,1.693071,3.640363,-2.991438,-4.980736,5.357644,-5.027973,-6.986384,-3.893193,-6.849870,-0.225167,8.682733,5.352977,0.431621,9.386891,1.088536,-1.985055,0.998303,7.666507,-5.993042,-2.567365,-5.547560,4.075412
vacancy_1971,-7.715992,0.956384,0.459067,4.157756,-3.093038,-5.148398,5.598355,-3.992409,-7.352325,-5.075969,-8.249622,0.595729,8.999314,6.047212,-0.687627,9.895161,0.815897,-4.026466,1.031212,7.671116,-4.523189,-3.186483,-5.929096,4.218854
vacancy_1972,-7.271312,-3.155109,-1.957190,-4.408644,-0.136251,3.570136,-4.531980,-1.467696,-2.399577,-7.772331,-7.326738,-9.423235,-7.241894,6.851905,-8.698207,4.663292,7.338932,0.632596,-8.666826,4.519992,-1.673167,0.557414,7.730135,-8.947779
vacancy_1973,4.343252,-1.438153,3.982173,1.601956,-7.948925,-1.577287,7.599786,8.285783,-5.411339,3.232747,-7.492668,9.427032,-4.809276,-1.306931,1.786382,7.349490,10.620809,3.402318,1.325990,4.642957,-9.819498,4.699928,-4.379399,2.317744
vacancy_1974,5.913226,-1.113596,4.190058,2.725664,-7.657708,-1.801022,8.641465,8.220553,-5.053475,2.163296,-7.890281,10.395027,-5.597734,-1.951137,0.685845,7.699730,10.213251,3.945128,1.648277,5.015714,-9.591845,4.538526,-5.229186,2.658637
vacancy_1975,-2.567736,5.378622,6.905727,1.052139,4.918442,1.248944,-8.196209,4.719899,2.139468,-3.783143,-5.768186,-6.946925,-10.032471,8.535285,-3.045483,6.902589,-2.292893,-6.855526,-4.312561,8.847933,-3.999510,-7.896002,-1.640697,-8.731643
vacancy_1976,-9.427498,-4.308074,10.050008,0.270447,7.101060,3.831827,1.508143,5.077734,7.485071,-6.226971,6.846618,-8.964381,-3.870768,-5.053559,2.126661,3.461352,-8.889473,-5.992564,1.022424,-5.276562,2.697029,7.274921,-7.705556,2.960457
vacancy_1977,-6.514915,1.319177,0.750959,4.149554,-3.617464,-4.455135,5.054220,-5.176859,-8.616904,-4.751135,-7.531750,0.343224,9.150177,6.084035,-0.107697,9.524663,0.187646,-1.906816,-0.011234,8.052614,-5.505876,-2.791902,-6.173432,4.303479
vacancy_1978,-9.419335,-5.653075,-10.005420,-4.749587,-5.965585,-5.025472,5.463327,1.961672,-4.128573,-9.406992,-0.462814,-9.468929,7.342805,9.759804,-2.129828,2.305269,-4.555692,4.643945,-10.065218,0.823667,2.161713,-1.018155,-7.555569,-5.027380
vacancy_1979,-3.382591,4.759048,6.776448,8.843211,-7.345345,-3.773724,-4.976845,8.662469,9.431299,5.863541,-3.363334,-7.940292,4.874466,0.637149,-4.263065,9.632517,7.166823,2.188112,-0.082988,3.312697,9.523917,-7.133163,-3.754822,-7.859544
vacancy_1980,-1.122825,-5.042570,5.992032,2.647900,9.010300,-8.208017,6.612614,-0.195930,-0.777877,-1.191664,-7.312038,-9.902225,5.438191,4.359614,-2.316341,0.217940,-1.373112,-1.264445,-5.635800,5.892436,0.298968,3.001768,2.686966,-6.104518
vacancy_1981,-3.141482,5.226841,6.708517,1.121737,4.369258,2.023328,-8.983521,5.657243,2.919836,-3.065591,-5.145658,-6.273180,-9.065840,8.752822,-3.272012,6.582543,-2.169061,-6.880870,-4.124107,9.159002,-3.634797,-7.101817,-2.791681,-9.303750
vacancy_1982,-4.590381,4.113638,7.456051,10.140941,-6.035311,-2.976406,-4.871761,9.216043,11.044619,7.172368,-2.879367,-7.503635,4.255557,0.148235,-3.637916,8.652850,7.218538,2.200298,-0.579051,5.491654,8.589104,-7.177625,-5.297829,-8.861559
vacancy_1983,-2.459709,5.889618,5.522611,0.989833,4.144748,1.163004,-10.247738,4.915649,1.714035,-3.834680,-5.516332,-7.802171,-10.710791,9.372485,-3.462151,6.111660,-1.299044,-7.925358,-4.716270,8.660746,-3.344246,-8.065260,-2.082146,-9.199486
vacancy_1984,-0.140874,-6.086376,3.998217,3.329081,8.553600,-8.607812,6.944962,-1.426744,-1.813228,-0.628532,-6.907500,-8.666493,4.522553,3.446990,-2.870154,0.640881,-2.245940,-1.667153,-5.670537,7.126746,1.241667,2.585975,2.714169,-6.761703
vacancy_1985,-9.401920,-3.292155,9.658539,-0.227497,6.662745,3.613602,3.567335,5.666744,6.881849,-4.684256,6.068867,-10.392048,-5.069090,-3.911330,2.979790,3.547685,-9.508287,-5.082699,0.671925,-5.696168,2.022283,7.338619,-8.244051,3.511851
vacancy_1986,-8.716565,-5.912345,-9.526012,-4.778825,-6.143379,-6.280195,6.374564,2.009910,-3.748127,-9.939084,-0.541210,-9.266905,7.139348,8.254925,-2.395770,1.940721,-3.143221,5.389067,-9.947843,-1.327073,1.553005,0.006001,-7.790387,-5.835261
vacancy_1987,-9.154354,-5.977214,-8.899945,-5.772441,-5.510309,-5.568484,6.472976,1.076162,-4.518545,-9.316745,-0.108394,-8.673235,7.003958,9.168447,-2.825423,1.092652,-3.645639,5.639066,-9.637199,0.335308,1.569821,-0.015966,-7.533635,-5.409555
vacancy_1988,-3.937643,4.980534,6.668535,1.752897,5.019012,1.403828,-8.850838,4.069270,2.918395,-3.752359,-5.796672,-5.906002,-9.818564,9.244133,-3.042366,6.383435,-3.285856,-6.081556,-4.475970,8.624163,-2.844526,-6.388928,-2.414551,-9.514919
vacancy_1989,-7.534557,-2.483887,-2.437202,-2.844776,-0.170874,3.747048,-4.826858,-1.120980,-2.595053,-7.108588,-8.124657,-9.864426,-8.135477,8.155658,-9.273039,4.916593,6.623434,0.771212,-8.877682,4.180057,-1.494970,1.021106,7.835085,-9.413506
vacancy_1990,-0.789594,-3.258587,2.591388,3.103555,8.781686,-9.398151,6.583221,0.806438,-0.390449,0.454783,-7.296974,-8.897506,4.373211,3.259002,-2.000088,-0.295616,-2.051575,-2.578417,-5.348775,6.870019,1.040724,2.531252,4.274277,-6.933197
vacancy_1991,-3.748562,5.058641,5.842782,9.622804,-5.924089,-3.390521,-5.781905,9.430347,8.563385,5.848308,-2.438301,-7.144265,4.386307,0.518751,-2.972981,8.884222,5.655001,1.332208,-0.059353,3.869752,8.813840,-6.122570,-4.066306,-8.563262
vacancy_1992,-10.485882,-3.868171,10.793220,0.259815,6.216024,2.755058,2.192248,4.790775,8.573827,-4.841270,6.176344,-9.426802,-5.211468,-5.345311,1.980859,3.576121,-9.101550,-5.018088,0.106055,-6.213124,3.347740,7.408475,-8.977671,2.603815
vacancy_1993,-4.332125,5.317325,6.682447,0.817742,4.088910,1.282227,-8.953753,4.685218,1.483909,-3.537788,-5.543220,-8.275151,-8.893879,9.652267,-3.288500,6.059232,-1.631457,-7.274320,-4.285762,8.517590,-2.336059,-7.522838,-3.334625,-10.129518
vacancy_1994,-6.842323,-3.715884,-2.800224,-3.440166,-0.586218,4.538367,-3.300771,-0.913817,-1.409153,-7.878827,-7.883696,-10.425016,-7.503564,8.012269,-8.836010,5.085882,7.363264,0.422294,-8.740995,4.363619,-1.753453,-0.498892,8.100066,-9.613603
vacancy_1995,-0.845070,-6.325414,4.899744,3.552782,7.844872,-8.977110,8.232381,-0.219646,-1.062740,-1.030107,-6.529075,-8.986549,4.549327,3.270455,-1.585674,-0.405028,-2.224695,-2.239813,-6.202739,5.991392,1.899033,2.984342,2.873975,-5.842803
vacancy_1996,-9.179659,-6.827892,-8.029929,-5.624422,-6.858852,-4.581619,6.762023,1.394352,-4.943148,-8.835690,-0.737133,-8.790360,5.441283,9.051382,-3.641107,1.523606,-5.084914,3.873332,-9.265446,0.119398,2.509277,-0.549217,-8.302374,-5.735520
vacancy_1997,-9.343975,-5.618623,-8.833712,-5.293783,-5.392540,-5.717124,5.478448,2.725031,-4.155551,-9.437880,-1.578512,-10.196592,6.261527,9.243629,-3.123706,1.285312,-3.766503,5.037397,-10.036551,-0.378266,2.707659,-0.426727,-6.795948,-6.735745
vacancy_1998,-8.615180,-4.089017,9.944772,-0.108686,5.785284,3.142291,3.558471,4.915352,7.586818,-3.834851,6.627601,-8.331026,-5.182701,-5.141370,1.628342,4.084053,-9.336478,-3.899617,-0.339861,-6.235063,2.547212,7.741220,-8.328656,2.790515
vacancy_1999,-0.136731,-5.467507,4.247936,2.344039,9.855094,-8.422746,7.907237,-0.679975,-1.246651,-0.395124,-8.004582,-8.936901,3.946607,3.223811,-1.731809,0.542779,-2.350103,-1.627091,-5.883478,6.450264,0.716058,3.608646,2.640487,-5.676161
